connected
[T+4299116304us][CH1-Dispenser] E0
[T+4299116173us][CH2-Pc    ] E0
[T+4299280305us][CH1-Dispenser] E1
[T+4299280173us][CH2-Pc    ] E1
[T+4299455196us][CH2-Pc    ] F0
[T+4299461200us][CH1-Dispenser] F0 F8
[T+4299533196us][CH2-Pc    ] F1
[T+4299541179us][CH1-Dispenser] F1 F9
[T+4299612172us][CH2-Pc    ] E1
[T+4299616172us][CH1-Dispenser] E1 E9
[T+4299690172us][CH2-Pc    ] F0
[T+4299695172us][CH1-Dispenser] F0 F8
[T+4299768305us][CH1-Dispenser] E0
[T+4299768173us][CH2-Pc    ] E0
[T+4299943310us][CH1-Dispenser] E1
[T+4299943173us][CH2-Pc    ] E1
[T+4300117172us][CH2-Pc    ] F0
[T+4300121173us][CH1-Dispenser] F0 F8
[T+4300185172us][CH2-Pc    ] F1
[T+4300191200us][CH1-Dispenser] F1 F9
[T+4300263197us][CH2-Pc    ] E1
[T+4300272179us][CH1-Dispenser] E1 E9
[T+4300342172us][CH2-Pc    ] F0
[T+4300346172us][CH1-Dispenser] F0 F8
[T+4300420308us][CH1-Dispenser] E0
[T+4300420173us][CH2-Pc    ] E0
[T+4300595306us][CH1-Dispenser] E1
[T+4300595173us][CH2-Pc    ] E1
[T+4300770172us][CH2-Pc    ] F0
[T+4300775173us][CH1-Dispenser] F0 F8
[T+4300848172us][CH2-Pc    ] F1
[T+4300856784us][CH1-Dispenser] F1 F9
[T+4300926172us][CH2-Pc    ] E1
[T+4300932201us][CH1-Dispenser] E1 E9
[T+4301004197us][CH2-Pc    ] F0
[T+4301011172us][CH1-Dispenser] F0 F8
[T+4301082305us][CH1-Dispenser] E0
[T+4301082173us][CH2-Pc    ] E0
[T+4301257306us][CH1-Dispenser] E1
[T+4301257173us][CH2-Pc    ] E1
[T+4301421172us][CH2-Pc    ] F0
[T+4301425173us][CH1-Dispenser] F0 F8
[T+4301499172us][CH2-Pc    ] F1
[T+4301507172us][CH1-Dispenser] F1 F9
[T+4301580172us][CH1-Dispenser] E1 E9
[T+4301577172us][CH2-Pc    ] E1
[T+4301645172us][CH2-Pc    ] F0
[T+4301650172us][CH1-Dispenser] F0 F8
[T+4301723304us][CH1-Dispenser] E0
[T+4301723173us][CH2-Pc    ] E0
[T+4301898308us][CH1-Dispenser] E1
[T+4301898173us][CH2-Pc    ] E1
[T+4302062172us][CH2-Pc    ] F0
[T+4302067172us][CH1-Dispenser] F0 E8
[T+4302140172us][CH2-Pc    ] F1
[T+4302146200us][CH1-Dispenser] F1 F9
[T+4302219172us][CH2-Pc    ] E1
[T+4302225200us][CH1-Dispenser] E1 E9
[T+4302297172us][CH2-Pc    ] F0
[T+4302301175us][CH1-Dispenser] F0 F8
[T+4302375303us][CH1-Dispenser] E0
[T+4302375173us][CH2-Pc    ] E0
[T+4302550305us][CH1-Dispenser] E1
[T+4302550173us][CH2-Pc    ] E1
[T+4302725172us][CH2-Pc    ] F0
[T+4302734812us][CH1-Dispenser] F0 F8
[T+4302803172us][CH2-Pc    ] F1
[T+4302811932us][CH1-Dispenser] F1 F9
[T+4302881172us][CH2-Pc    ] E1
[T+4302887201us][CH1-Dispenser] E1 E9
[T+4302959197us][CH2-Pc    ] F0
[T+4302966172us][CH1-Dispenser] F0 F8
[T+4303037304us][CH1-Dispenser] E0
[T+4303037173us][CH2-Pc    ] E0
[T+4303201308us][CH1-Dispenser] E1
[T+4303201173us][CH2-Pc    ] E1
[T+4303376172us][CH2-Pc    ] F0
[T+4303380174us][CH1-Dispenser] F0 F8
[T+4303454172us][CH2-Pc    ] F1
[T+4303461172us][CH1-Dispenser] F1 F9
[T+4303532172us][CH2-Pc    ] E1
[T+4303537172us][CH1-Dispenser] E1 E9
[T+4303610172us][CH2-Pc    ] F0
[T+4303616200us][CH1-Dispenser] F0 F8
[T+4303689309us][CH1-Dispenser] E0
[T+4303689173us][CH2-Pc    ] E0
[T+4303864305us][CH1-Dispenser] E1
[T+4303864173us][CH2-Pc    ] E1
[T+4304038197us][CH2-Pc    ] F0
[T+4304045172us][CH1-Dispenser] F0 E8
[T+4304116172us][CH2-Pc    ] F1
[T+4304121172us][CH1-Dispenser] F1 F9
[T+4304194172us][CH2-Pc    ] E1
[T+4304200200us][CH1-Dispenser] E1 E9
[T+4304274172us][CH2-Pc    ] F0
[T+4304281172us][CH1-Dispenser] F0 F8
[T+4304352314us][CH1-Dispenser] E0
[T+4304352175us][CH2-Pc    ] E0
[T+4304516304us][CH1-Dispenser] E1
[T+4304516173us][CH2-Pc    ] E1
[T+4304690196us][CH2-Pc    ] F0
[T+4304696201us][CH1-Dispenser] F0 F8
[T+4304769172us][CH2-Pc    ] F1
[T+4304777172us][CH1-Dispenser] F1 E9
[T+4304847172us][CH2-Pc    ] E1
[T+4304851172us][CH1-Dispenser] E1 E9
[T+4304925172us][CH2-Pc    ] F0
[T+4304934179us][CH1-Dispenser] F0 F8
[T+4305003305us][CH1-Dispenser] E0
[T+4305003173us][CH2-Pc    ] E0
[T+4305178307us][CH1-Dispenser] E1
[T+4305178173us][CH2-Pc    ] E1
[T+4305342172us][CH2-Pc    ] F0
[T+4305346172us][CH1-Dispenser] F0 F8
[T+4305420172us][CH2-Pc    ] F1
[T+4305425172us][CH1-Dispenser] F1 F9
[T+4305498172us][CH2-Pc    ] E1
[T+4305507172us][CH1-Dispenser] E1 E9
[T+4305576173us][CH2-Pc    ] F0
[T+4305580173us][CH1-Dispenser] F0 F8
[T+4305654306us][CH1-Dispenser] E0
[T+4305654173us][CH2-Pc    ] E0
[T+4305829305us][CH1-Dispenser] E1
[T+4305829173us][CH2-Pc    ] E1
[T+4306004172us][CH2-Pc    ] F0
[T+4306011172us][CH1-Dispenser] F0 F8
[T+4306082172us][CH2-Pc    ] F1
[T+4306087219us][CH1-Dispenser] F1 F9
[T+4306160172us][CH2-Pc    ] E1
[T+4306166202us][CH1-Dispenser] E1 E9
[T+4306238197us][CH2-Pc    ] F0
[T+4306245172us][CH1-Dispenser] F0 F8
[T+4306316305us][CH1-Dispenser] E0
[T+4306316173us][CH2-Pc    ] E0
[T+4306492305us][CH1-Dispenser] E1
[T+4306492173us][CH2-Pc    ] E1
[T+4306655172us][CH2-Pc    ] F0
[T+4306662172us][CH1-Dispenser] F0 F8
[T+4306734173us][CH2-Pc    ] F1
[T+4306743813us][CH1-Dispenser] F1 F9
[T+4306812172us][CH2-Pc    ] E1
[T+4306817172us][CH1-Dispenser] E1 E9
[T+4306890172us][CH2-Pc    ] F0
[T+4306897776us][CH1-Dispenser] F0 F8
[T+4306968306us][CH1-Dispenser] E0
[T+4306968173us][CH2-Pc    ] E0
[T+4307143305us][CH1-Dispenser] E1
[T+4307143173us][CH2-Pc    ] E1
[T+4307317172us][CH2-Pc    ] F0
[T+4307321172us][CH1-Dispenser] F0 F8
[T+4307396172us][CH2-Pc    ] F1
[T+4307404172us][CH1-Dispenser] F1 F9
[T+4307474172us][CH2-Pc    ] E1
[T+4307481172us][CH1-Dispenser] E1 E9
[T+4307552172us][CH2-Pc    ] F0
[T+4307557172us][CH1-Dispenser] F0 F8
[T+4307630309us][CH1-Dispenser] E0
[T+4307630175us][CH2-Pc    ] E0
[T+4307805307us][CH1-Dispenser] E1
[T+4307805173us][CH2-Pc    ] E1
[T+4307969172us][CH2-Pc    ] F0
[T+4307977806us][CH1-Dispenser] F0 F8
[T+4308047172us][CH2-Pc    ] F1
[T+4308051172us][CH1-Dispenser] F1 F9
[T+4308125172us][CH2-Pc    ] E1
[T+4308132172us][CH1-Dispenser] E1 E9
[T+4308203172us][CH2-Pc    ] F0
[T+4308211172us][CH1-Dispenser] F0 F8
[T+4308281304us][CH1-Dispenser] E0
[T+4308281173us][CH2-Pc    ] E0
[T+4308456309us][CH1-Dispenser] E1
[T+4308456174us][CH2-Pc    ] E1
[T+4308631172us][CH2-Pc    ] F0
[T+4308638172us][CH1-Dispenser] F0 F8
[T+4308709172us][CH2-Pc    ] F1
[T+4308719277us][CH1-Dispenser] F1 F9
[T+4308787172us][CH2-Pc    ] E1
[T+4308791172us][CH1-Dispenser] E1 E9
[T+4308865172us][CH2-Pc    ] F0
[T+4308870172us][CH1-Dispenser] F0 F8
[T+4308943303us][CH1-Dispenser] E0
[T+4308943173us][CH2-Pc    ] E0
[T+4309109173us][CH1-Dispenser] E1
[T+4309108173us][CH2-Pc    ] E1
[T+4309283196us][CH2-Pc    ] F0
[T+4309292172us][CH1-Dispenser] F0 F8
[T+4309361172us][CH2-Pc    ] F1
[T+4309366174us][CH1-Dispenser] F1 F9
[T+4309440172us][CH2-Pc    ] E1
[T+4309447172us][CH1-Dispenser] E1 E9
[T+4309519198us][CH2-Pc    ] F0
[T+4309526172us][CH1-Dispenser] F0 F8
[T+4309597304us][CH1-Dispenser] E0
[T+4309597173us][CH2-Pc    ] E0
[T+4309772307us][CH1-Dispenser] E1
[T+4309772173us][CH2-Pc    ] E1
[T+4309935172us][CH2-Pc    ] F0
[T+4309941201us][CH1-Dispenser] F0 E8
[T+4310014172us][CH2-Pc    ] F1
[T+4310024813us][CH1-Dispenser] F1 F9
[T+4310092172us][CH2-Pc    ] E1
[T+4310096172us][CH1-Dispenser] E1 E9
[T+4310170172us][CH2-Pc    ] F0
[T+4310177172us][CH1-Dispenser] F0 F8
[T+4310248304us][CH1-Dispenser] E0
[T+4310248173us][CH2-Pc    ] E0
[T+4310423308us][CH1-Dispenser] E1
[T+4310423173us][CH2-Pc    ] E1
[T+4310599172us][CH2-Pc    ] F0
[T+4310609813us][CH1-Dispenser] F0 F8
[T+4310677172us][CH2-Pc    ] F1
[T+4310682172us][CH1-Dispenser] F1 F9
[T+4310755172us][CH2-Pc    ] E1
[T+4310761200us][CH1-Dispenser] E1 E9
[T+4310833172us][CH2-Pc    ] F0
[T+4310836172us][CH1-Dispenser] F0 F8
[T+4310901312us][CH1-Dispenser] E0
[T+4310901175us][CH2-Pc    ] E0
[T+4311086306us][CH1-Dispenser] E1
[T+4311086173us][CH2-Pc    ] E1
[T+4311250172us][CH2-Pc    ] F0
[T+4311256200us][CH1-Dispenser] F0 F8
[T+4311328172us][CH2-Pc    ] F1
[T+4311332172us][CH1-Dispenser] F1 F9
[T+4311406172us][CH2-Pc    ] E1
[T+4311413172us][CH1-Dispenser] E1 E9
[T+4311484172us][CH2-Pc    ] F0
[T+4311490200us][CH1-Dispenser] F0 F8
[T+4311562306us][CH1-Dispenser] E0
[T+4311562173us][CH2-Pc    ] E0
[T+4311738307us][CH1-Dispenser] E1
[T+4311738173us][CH2-Pc    ] E1
[T+4311913172us][CH2-Pc    ] F0
[T+4311918173us][CH1-Dispenser] F0 F8
[T+4311991172us][CH2-Pc    ] F1
[T+4311997202us][CH1-Dispenser] F1 F9
[T+4312069197us][CH2-Pc    ] E1
[T+4312076172us][CH1-Dispenser] E1 E9
[T+4312147172us][CH2-Pc    ] F0
[T+4312152173us][CH1-Dispenser] F0 F8
[T+4312225305us][CH1-Dispenser] E0
[T+4312225173us][CH2-Pc    ] E0
[T+4312390307us][CH1-Dispenser] E1
[T+4312390173us][CH2-Pc    ] E1
[T+4312564196us][CH2-Pc    ] F0
[T+4312572821us][CH1-Dispenser] F0 F8
[T+4312642173us][CH2-Pc    ] F1
[T+4312647173us][CH1-Dispenser] F1 F9
[T+4312721172us][CH2-Pc    ] E1
[T+4312727202us][CH1-Dispenser] E1 E9
[T+4312799196us][CH2-Pc    ] F0
[T+4312809179us][CH1-Dispenser] F0 F8
[T+4312877305us][CH1-Dispenser] E0
[T+4312877173us][CH2-Pc    ] E0
[T+4313052309us][CH1-Dispenser] E1
[T+4313052173us][CH2-Pc    ] E1
[T+4313217172us][CH2-Pc    ] F0
[T+4313222173us][CH1-Dispenser] F0 F8
[T+4313295172us][CH2-Pc    ] F1
[T+4313301200us][CH1-Dispenser] F1 F9
[T+4313373172us][CH2-Pc    ] E1
[T+4313377172us][CH1-Dispenser] E1 E9
[T+4313440172us][CH2-Pc    ] F0
[T+4313447172us][CH1-Dispenser] F0 F8
[T+4313519305us][CH1-Dispenser] E0
[T+4313519173us][CH2-Pc    ] E0
[T+4313693307us][CH1-Dispenser] E1
[T+4313693173us][CH2-Pc    ] E1
[T+4313920172us][CH2-Pc    ] F0
[T+4313929172us][CH1-Dispenser] F0 E8
[T+4313998172us][CH2-Pc    ] F1
[T+4314002172us][CH1-Dispenser] F1 F9
[T+4314107172us][CH2-Pc    ] E1
[T+4314114172us][CH1-Dispenser] E1 E9
[T+4314185172us][CH2-Pc    ] F0
[T+4314193202us][CH1-Dispenser] F0 F8
[T+4314264308us][CH1-Dispenser] E0
[T+4314264173us][CH2-Pc    ] E0
[T+4314438309us][CH1-Dispenser] E1
[T+4314438173us][CH2-Pc    ] E1
[T+4314614172us][CH2-Pc    ] F0
[T+4314622172us][CH1-Dispenser] F0 F8
[T+4314692173us][CH2-Pc    ] F1
[T+4314696172us][CH1-Dispenser] F1 F9
[T+4314770172us][CH2-Pc    ] E1
[T+4314777172us][CH1-Dispenser] E1 E9
[T+4314848172us][CH2-Pc    ] F0
[T+4314856179us][CH1-Dispenser] F0 F8
[T+4314927305us][CH1-Dispenser] E0
[T+4314927173us][CH2-Pc    ] E0
[T+4315101311us][CH1-Dispenser] E1
[T+4315101174us][CH2-Pc    ] E1
[T+4315266172us][CH2-Pc    ] F0
[T+4315271172us][CH1-Dispenser] F0 F8
[T+4315344172us][CH2-Pc    ] F1
[T+4315354179us][CH1-Dispenser] F1 F9
[T+4315422172us][CH2-Pc    ] E1
[T+4315428200us][CH1-Dispenser] E1 E9
[T+4315500196us][CH2-Pc    ] F0
[T+4315507786us][CH1-Dispenser] F0 F8
[T+4315578308us][CH1-Dispenser] E0
[T+4315578173us][CH2-Pc    ] E0
[T+4315753309us][CH1-Dispenser] E1
[T+4315753174us][CH2-Pc    ] E1
[T+4315928172us][CH2-Pc    ] F0
[T+4315932174us][CH1-Dispenser] F0 F8
[T+4316006172us][CH2-Pc    ] F1
[T+4316011172us][CH1-Dispenser] F1 F9
[T+4316084172us][CH2-Pc    ] E1
[T+4316092792us][CH1-Dispenser] E1 E9
[T+4316162172us][CH2-Pc    ] F0
[T+4316166172us][CH1-Dispenser] F0 F8
[T+4316240305us][CH1-Dispenser] E0
[T+4316240173us][CH2-Pc    ] E0
[T+4316407309us][CH1-Dispenser] E1
[T+4316407173us][CH2-Pc    ] E1
[T+4316582172us][CH2-Pc    ] F0
[T+4316586172us][CH1-Dispenser] F0 F8
[T+4316660172us][CH2-Pc    ] F1
[T+4316667809us][CH1-Dispenser] F1 F9
[T+4316741173us][CH1-Dispenser] E1 E9
[T+4316738174us][CH2-Pc    ] E1
[T+4316806172us][CH2-Pc    ] F0
[T+4316811172us][CH1-Dispenser] F0 E8
[T+4316885308us][CH1-Dispenser] E0
[T+4316885173us][CH2-Pc    ] E0
[T+4317070306us][CH1-Dispenser] E1
[T+4317070173us][CH2-Pc    ] E1
[T+4317234172us][CH2-Pc    ] F0
[T+4317242826us][CH1-Dispenser] F0 F8
[T+4317312172us][CH2-Pc    ] F1
[T+4317318201us][CH1-Dispenser] F1 E9
[T+4317390198us][CH2-Pc    ] E1
[T+4317397172us][CH1-Dispenser] E1 E9
[T+4317469172us][CH2-Pc    ] F0
[T+4317472172us][CH1-Dispenser] F0 F8
[T+4317547304us][CH1-Dispenser] E0
[T+4317547173us][CH2-Pc    ] E0
[T+4317721308us][CH1-Dispenser] E1
[T+4317721173us][CH2-Pc    ] E1
[T+4317896172us][CH2-Pc    ] F0
[T+4317901179us][CH1-Dispenser] F0 F8
[T+4317975172us][CH2-Pc    ] F1
[T+4317983179us][CH1-Dispenser] F1 F9
[T+4318052172us][CH2-Pc    ] E1
[T+4318058202us][CH1-Dispenser] E1 E9
[T+4318131172us][CH2-Pc    ] F0
[T+4318137200us][CH1-Dispenser] F0 F8
[T+4318209307us][CH1-Dispenser] E0
[T+4318209174us][CH2-Pc    ] E0
[T+4318373306us][CH1-Dispenser] E1
[T+4318373173us][CH2-Pc    ] E1
[T+4318548173us][CH2-Pc    ] F0
[T+4318552172us][CH1-Dispenser] F0 F8
[T+4318626172us][CH2-Pc    ] F1
[T+4318631173us][CH1-Dispenser] F1 F9
[T+4318705172us][CH2-Pc    ] E1
[T+4318712172us][CH1-Dispenser] E1 E9
[T+4318786175us][CH1-Dispenser] F0 F8
[T+4318783172us][CH2-Pc    ] F0
[T+4318850375us][CH1-Dispenser] E0
[T+4318850240us][CH2-Pc    ] E0
[T+4319014305us][CH1-Dispenser] E1
[T+4319014173us][CH2-Pc    ] E1
[T+4319189172us][CH2-Pc    ] F0
[T+4319197172us][CH1-Dispenser] F0 F8
[T+4319267172us][CH2-Pc    ] F1
[T+4319273202us][CH1-Dispenser] F1 F9
[T+4319345196us][CH2-Pc    ] E1
[T+4319352172us][CH1-Dispenser] E1 E9
[T+4319428172us][CH1-Dispenser] F0 F8
[T+4319424172us][CH2-Pc    ] F0
[T+4319502305us][CH1-Dispenser] E0
[T+4319502173us][CH2-Pc    ] E0
[T+4319677308us][CH1-Dispenser] E1
[T+4319677173us][CH2-Pc    ] E1
[T+4319851282us][CH2-Pc    ] F0
[T+4319857174us][CH1-Dispenser] F0 F8
[T+4319929197us][CH2-Pc    ] F1
[T+4319938813us][CH1-Dispenser] F1 F9
[T+4320008172us][CH2-Pc    ] E1
[T+4320012172us][CH1-Dispenser] E1 E9
[T+4320086172us][CH2-Pc    ] F0
[T+4320092202us][CH1-Dispenser] F0 F8
[T+4320164306us][CH1-Dispenser] E0
[T+4320164173us][CH2-Pc    ] E0
[T+4320328311us][CH1-Dispenser] E1
[T+4320328174us][CH2-Pc    ] E1
[T+4320503173us][CH2-Pc    ] F0
[T+4320507174us][CH1-Dispenser] F0 F8
[T+4320581172us][CH2-Pc    ] F1
[T+4320586172us][CH1-Dispenser] F1 F9
[T+4320659174us][CH2-Pc    ] E1
[T+4320662173us][CH1-Dispenser] E1 E9
[T+4320727172us][CH2-Pc    ] F0
[T+4320732175us][CH1-Dispenser] F0 F8
[T+4320805305us][CH1-Dispenser] E0
[T+4320805173us][CH2-Pc    ] E0
[T+4320970308us][CH1-Dispenser] E1
[T+4320970174us][CH2-Pc    ] E1
[T+4321148172us][CH2-Pc    ] F0
[T+4321152173us][CH1-Dispenser] F0 F8
[T+4321226172us][CH2-Pc    ] F1
[T+4321235172us][CH1-Dispenser] F1 F9
[T+4321304172us][CH2-Pc    ] E1
[T+4321312172us][CH1-Dispenser] E1 E9
[T+4321384172us][CH2-Pc    ] F0
[T+4321388173us][CH1-Dispenser] F0 F8
[T+4321462305us][CH1-Dispenser] E0
[T+4321462173us][CH2-Pc    ] E0
[T+4321647305us][CH1-Dispenser] E1
[T+4321647173us][CH2-Pc    ] E1
[T+4321811172us][CH2-Pc    ] F0
[T+4321817201us][CH1-Dispenser] F0 F8
[T+4321889197us][CH2-Pc    ] F1
[T+4321896172us][CH1-Dispenser] F1 F9
[T+4321967172us][CH2-Pc    ] E1
[T+4321972172us][CH1-Dispenser] E1 E9
[T+4322046172us][CH2-Pc    ] F0
[T+4322053172us][CH1-Dispenser] F0 F8
[T+4322124304us][CH1-Dispenser] E0
[T+4322124173us][CH2-Pc    ] E0
[T+4322299306us][CH1-Dispenser] E1
[T+4322299173us][CH2-Pc    ] E1
[T+4322473172us][CH2-Pc    ] F0
[T+4322478172us][CH1-Dispenser] F0 F8
[T+4322558172us][CH2-Pc    ] F1
[T+4322563172us][CH1-Dispenser] F1 F9
[T+4322635197us][CH2-Pc    ] E1
[T+4322642172us][CH1-Dispenser] E1 E9
[T+4322714172us][CH2-Pc    ] F0
[T+4322718172us][CH1-Dispenser] F0 F8
[T+4322792305us][CH1-Dispenser] E0
[T+4322792173us][CH2-Pc    ] E0
[T+4322967307us][CH1-Dispenser] E1
[T+4322967173us][CH2-Pc    ] E1
[T+4323141197us][CH2-Pc    ] F0
[T+4323147202us][CH1-Dispenser] F0 F8
[T+4323219197us][CH2-Pc    ] F1
[T+4323228172us][CH1-Dispenser] F1 F9
[T+4323297172us][CH2-Pc    ] E1
[T+4323302172us][CH1-Dispenser] E1 E9
[T+4323376172us][CH2-Pc    ] F0
[T+4323383787us][CH1-Dispenser] F0 F8
[T+4323454308us][CH1-Dispenser] E0
[T+4323454173us][CH2-Pc    ] E0
[T+4323629305us][CH1-Dispenser] E1
[T+4323629173us][CH2-Pc    ] E1
[T+4323803174us][CH2-Pc    ] F0
[T+4323808172us][CH1-Dispenser] F0 F8
[T+4323881172us][CH2-Pc    ] F1
[T+4323887200us][CH1-Dispenser] F1 F9
[T+4323960172us][CH2-Pc    ] E1
[T+4323967172us][CH1-Dispenser] E1 E9
[T+4324042172us][CH1-Dispenser] F0 F8
[T+4324039172us][CH2-Pc    ] F0
[T+4324106307us][CH1-Dispenser] E0
[T+4324106173us][CH2-Pc    ] E0
[T+4324281304us][CH1-Dispenser] E1
[T+4324281173us][CH2-Pc    ] E1
[T+4324456172us][CH2-Pc    ] F0
[T+4324462201us][CH1-Dispenser] F0 F8
[T+4324538172us][CH1-Dispenser] F1 F9
[T+4324534172us][CH2-Pc    ] F1
[T+4324612172us][CH2-Pc    ] E1
[T+4324617172us][CH1-Dispenser] E1 E9
[T+4324690172us][CH2-Pc    ] F0
[T+4324698172us][CH1-Dispenser] F0 F8
[T+4324768304us][CH1-Dispenser] E0
[T+4324768173us][CH2-Pc    ] E0
[T+4324944308us][CH1-Dispenser] E1
[T+4324944174us][CH2-Pc    ] E1
[T+4325107172us][CH2-Pc    ] F0
[T+4325113200us][CH1-Dispenser] F0 E8
[T+4325185198us][CH2-Pc    ] F1
[T+4325194220us][CH1-Dispenser] F1 F9
[T+4325264172us][CH2-Pc    ] E1
[T+4325273172us][CH1-Dispenser] E1 E9
[T+4325342172us][CH2-Pc    ] F0
[T+4325348201us][CH1-Dispenser] F0 F8
[T+4325421304us][CH1-Dispenser] E0
[T+4325421173us][CH2-Pc    ] E0
[T+4325595305us][CH1-Dispenser] E1
[T+4325595173us][CH2-Pc    ] E1
[T+4325770172us][CH2-Pc    ] F0
[T+4325777824us][CH1-Dispenser] F0 F8
[T+4325848172us][CH2-Pc    ] F1
[T+4325853175us][CH1-Dispenser] F1 F9
[T+4325926198us][CH2-Pc    ] E1
[T+4325934172us][CH1-Dispenser] E1 E9
[T+4326004172us][CH2-Pc    ] F0
[T+4326011172us][CH1-Dispenser] F0 F8
[T+4326083305us][CH1-Dispenser] E0
[T+4326083173us][CH2-Pc    ] E0
[T+4326257309us][CH1-Dispenser] E1
[T+4326257173us][CH2-Pc    ] E1
[T+4326421172us][CH2-Pc    ] F0
[T+4326428172us][CH1-Dispenser] F0 F8
[T+4326500197us][CH2-Pc    ] F1
[T+4326507172us][CH1-Dispenser] F1 F9
[T+4326578172us][CH2-Pc    ] E1
[T+4326583172us][CH1-Dispenser] E1 E9
[T+4326656172us][CH2-Pc    ] F0
[T+4326662202us][CH1-Dispenser] F0 F8
[T+4326734305us][CH1-Dispenser] E0
[T+4326734173us][CH2-Pc    ] E0
[T+4326909306us][CH1-Dispenser] E1
[T+4326909173us][CH2-Pc    ] E1
[T+4327084172us][CH2-Pc    ] F0
[T+4327087172us][CH1-Dispenser] F0 F8
[T+4327162172us][CH2-Pc    ] F1
[T+4327168200us][CH1-Dispenser] F1 F9
[T+4327240197us][CH2-Pc    ] E1
[T+4327248172us][CH1-Dispenser] E1 E9
[T+4327318172us][CH2-Pc    ] F0
[T+4327323172us][CH1-Dispenser] F0 F8
[T+4327396304us][CH1-Dispenser] E0
[T+4327396173us][CH2-Pc    ] E0
[T+4327560305us][CH1-Dispenser] E1
[T+4327560173us][CH2-Pc    ] E1
[T+4327735172us][CH2-Pc    ] F0
[T+4327743172us][CH1-Dispenser] F0 F8
[T+4327813172us][CH2-Pc    ] F1
[T+4327817172us][CH1-Dispenser] F1 F9
[T+4327891172us][CH2-Pc    ] E1
[T+4327900181us][CH1-Dispenser] E1 E9
[T+4327969172us][CH2-Pc    ] F0
[T+4327977172us][CH1-Dispenser] F0 F8
[T+4328048304us][CH1-Dispenser] E0
[T+4328048173us][CH2-Pc    ] E0
[T+4328225309us][CH1-Dispenser] E1
[T+4328225173us][CH2-Pc    ] E1
[T+4328395172us][CH2-Pc    ] F0
[T+4328403179us][CH1-Dispenser] F0 F8
[T+4328473172us][CH2-Pc    ] F1
[T+4328478172us][CH1-Dispenser] F1 F9
[T+4328551172us][CH2-Pc    ] E1
[T+4328558172us][CH1-Dispenser] E1 E9
[T+4328630197us][CH2-Pc    ] F0
[T+4328637172us][CH1-Dispenser] F0 F8
[T+4328708304us][CH1-Dispenser] E0
[T+4328708173us][CH2-Pc    ] E0
[T+4328883307us][CH1-Dispenser] E1
[T+4328883173us][CH2-Pc    ] E1
[T+4329047172us][CH2-Pc    ] F0
[T+4329053201us][CH1-Dispenser] F0 F8
[T+4329125197us][CH2-Pc    ] F1
[T+4329133172us][CH1-Dispenser] F1 F9
[T+4329203172us][CH2-Pc    ] E1
[T+4329208172us][CH1-Dispenser] E1 E9
[T+4329281172us][CH2-Pc    ] F0
[T+4329289172us][CH1-Dispenser] F0 E8
[T+4329359308us][CH1-Dispenser] E0
[T+4329359174us][CH2-Pc    ] E0
[T+4329534306us][CH1-Dispenser] E1
[T+4329534173us][CH2-Pc    ] E1
[T+4329709173us][CH2-Pc    ] F0
[T+4329713173us][CH1-Dispenser] F0 F8
[T+4329788172us][CH2-Pc    ] F1
[T+4329794200us][CH1-Dispenser] F1 E9
[T+4329866197us][CH2-Pc    ] E1
[T+4329873172us][CH1-Dispenser] E1 E9
[T+4329944172us][CH2-Pc    ] F0
[T+4329949177us][CH1-Dispenser] F0 F8
[T+4330022305us][CH1-Dispenser] E0
[T+4330022173us][CH2-Pc    ] E0
[T+4330186309us][CH1-Dispenser] E1
[T+4330186173us][CH2-Pc    ] E1
[T+4330361172us][CH2-Pc    ] F0
[T+4330369172us][CH1-Dispenser] F0 F8
[T+4330440172us][CH2-Pc    ] F1
[T+4330448778us][CH1-Dispenser] F1 F9
[T+4330518172us][CH2-Pc    ] E1
[T+4330524201us][CH1-Dispenser] E1 E9
[T+4330596197us][CH2-Pc    ] F0
[T+4330604172us][CH1-Dispenser] F0 F8
[T+4330674306us][CH1-Dispenser] E0
[T+4330674173us][CH2-Pc    ] E0
[T+4330849305us][CH1-Dispenser] E1
[T+4330849173us][CH2-Pc    ] E1
[T+4331017172us][CH1-Dispenser] F0 F8
[T+4331013172us][CH2-Pc    ] F0
[T+4331091172us][CH2-Pc    ] F1
[T+4331098172us][CH1-Dispenser] F1 F9
[T+4331172172us][CH1-Dispenser] E1 E9
[T+4331169172us][CH2-Pc    ] E1
[T+4331237172us][CH2-Pc    ] F0
[T+4331242172us][CH1-Dispenser] F0 F8
[T+4331315304us][CH1-Dispenser] E0
[T+4331315173us][CH2-Pc    ] E0
[T+4331490308us][CH1-Dispenser] E1
[T+4331490173us][CH2-Pc    ] E1
[T+4331654172us][CH2-Pc    ] F0
[T+4331659173us][CH1-Dispenser] F0 F8
[T+4331732172us][CH2-Pc    ] F1
[T+4331738201us][CH1-Dispenser] F1 F9
[T+4331810198us][CH2-Pc    ] E1
[T+4331817172us][CH1-Dispenser] E1 E9
[T+4331888172us][CH2-Pc    ] F0
[T+4331893174us][CH1-Dispenser] F0 F8
[T+4331966305us][CH1-Dispenser] E0
[T+4331966173us][CH2-Pc    ] E0
[T+4332141308us][CH1-Dispenser] E1
[T+4332141173us][CH2-Pc    ] E1
[T+4332316172us][CH2-Pc    ] F0
[T+4332324816us][CH1-Dispenser] F0 F8
[T+4332394172us][CH2-Pc    ] F1
[T+4332397172us][CH1-Dispenser] F1 F9
[T+4332461172us][CH2-Pc    ] E1
[T+4332468789us][CH1-Dispenser] E1 E9
[T+4332539175us][CH2-Pc    ] F0
[T+4332547172us][CH1-Dispenser] F0 F8
[T+4332618309us][CH1-Dispenser] E0
[T+4332618174us][CH2-Pc    ] E0
[T+4332803306us][CH1-Dispenser] E1
[T+4332803173us][CH2-Pc    ] E1
[T+4332967172us][CH2-Pc    ] F0
[T+4332972172us][CH1-Dispenser] F0 F8
[T+4333045172us][CH2-Pc    ] F1
[T+4333054811us][CH1-Dispenser] F1 E9
[T+4333124173us][CH2-Pc    ] E1
[T+4333127173us][CH1-Dispenser] E1 E9
[T+4333202172us][CH2-Pc    ] F0
[T+4333208200us][CH1-Dispenser] F0 F8
[T+4333280305us][CH1-Dispenser] E0
[T+4333280173us][CH2-Pc    ] E0
[T+4333455173us][CH1-Dispenser] E1
[T+4333454172us][CH2-Pc    ] E1
[T+4333629172us][CH2-Pc    ] F0
[T+4333634173us][CH1-Dispenser] F0 F8
[T+4333707172us][CH2-Pc    ] F1
[T+4333713202us][CH1-Dispenser] F1 F9
[T+4333786172us][CH2-Pc    ] E1
[T+4333792201us][CH1-Dispenser] E1 E9
[T+4333868173us][CH1-Dispenser] F0 F8
[T+4333864172us][CH2-Pc    ] F0
[T+4333936304us][CH1-Dispenser] E0
[T+4333936173us][CH2-Pc    ] E0
[T+4334111306us][CH1-Dispenser] E1
[T+4334111173us][CH2-Pc    ] E1
[T+4334289172us][CH2-Pc    ] F0
[T+4334293172us][CH1-Dispenser] F0 F8
[T+4334360172us][CH2-Pc    ] F1
[T+4334387172us][CH2-Pc    ] E1
[T+4334510172us][CH2-Pc    ] EF FA FF F8 E8 F8 FF EB EC
[T+4334542172us][CH1-Dispenser] F1 ED E1 ED EF FA FF F8 E8 F8 FF EB EC 37 F5 8D 24 F1 A3 12 68 22 1C A2
[T+4334614172us][CH2-Pc    ] E1
[T+4334617172us][CH1-Dispenser] E1 E9
[T+4334692172us][CH2-Pc    ] F0
[T+4334698201us][CH1-Dispenser] F0 F8
[T+4334770306us][CH1-Dispenser] E0
[T+4334770173us][CH2-Pc    ] E0
[T+4334945307us][CH1-Dispenser] E1
[T+4334945173us][CH2-Pc    ] E1
[T+4335113173us][CH1-Dispenser] F0 F8
[T+4335109172us][CH2-Pc    ] F0
[T+4335187172us][CH2-Pc    ] F1
[T+4335212172us][CH2-Pc    ] E1
[T+4335233172us][CH1-Dispenser] F1 ED E1 ED EF
[T+4335234172us][CH2-Pc    ] EF
[T+4335255303us][CH1-Dispenser] FA
[T+4335255173us][CH2-Pc    ] FA
[T+4335277309us][CH1-Dispenser] FF
[T+4335277173us][CH2-Pc    ] FF
[T+4335298304us][CH1-Dispenser] F8
[T+4335298173us][CH2-Pc    ] F8
[T+4335388198us][CH2-Pc    ] E8 F8 FF EB EC
[T+4335416172us][CH1-Dispenser] E8 F8 FF EB EC 37 F5 8D 24 A3 A3 12 13 22 1C A2
[T+4335484172us][CH2-Pc    ] E1
[T+4335489172us][CH1-Dispenser] E1 E9
[T+4335562172us][CH2-Pc    ] F0
[T+4335569172us][CH1-Dispenser] F0 F8
[T+4335640305us][CH1-Dispenser] E0
[T+4335640173us][CH2-Pc    ] E0
[T+4335815305us][CH1-Dispenser] E1
[T+4335815173us][CH2-Pc    ] E1
[T+4335996172us][CH2-Pc    ] F0
[T+4336003172us][CH1-Dispenser] F0 F8
[T+4336079172us][CH1-Dispenser] F1 ED
[T+4336075172us][CH2-Pc    ] F1
[T+4336102326us][CH2-Pc    ] E1
[T+4336173307us][CH1-Dispenser] E1 ED EF FA FF F8 E8
[T+4336173173us][CH2-Pc    ] EF FA FF F8 E8
[T+4336233196us][CH2-Pc    ] F8 FF EB EC
[T+4336261172us][CH1-Dispenser] F8 FF EB EC 37 AB 8D 24 F1 34 F4 22 13 F8 CD
[T+4336326172us][CH2-Pc    ] E1
[T+4336333778us][CH1-Dispenser] E1 E9
[T+4336408172us][CH1-Dispenser] F0 F8
[T+4336404172us][CH2-Pc    ] F0
[T+4336482304us][CH1-Dispenser] E0
[T+4336482173us][CH2-Pc    ] E0
[T+4336657306us][CH1-Dispenser] E1
[T+4336657173us][CH2-Pc    ] E1
[T+4336832172us][CH2-Pc    ] F0
[T+4336837172us][CH1-Dispenser] F0 F8
[T+4336926172us][CH2-Pc    ] F1 E1
[T+4337048172us][CH2-Pc    ] EF FA FF F8 E8 F8 FF EB EC
[T+4337075172us][CH1-Dispenser] F1 ED E1 ED EF FA FF F8 E8 F8 FF EB EC 37 AB 1D 24 F1 F1 64 F4 F4 38 E2
[T+4337141197us][CH2-Pc    ] E1
[T+4337149172us][CH1-Dispenser] E1 E9
[T+4337222173us][CH2-Pc    ] F0
[T+4337230172us][CH1-Dispenser] F0 F8
[T+4337300304us][CH1-Dispenser] E0
[T+4337300173us][CH2-Pc    ] E0
[T+4337475309us][CH1-Dispenser] E1
[T+4337475173us][CH2-Pc    ] E1
[T+4337641172us][CH2-Pc    ] F0
[T+4337648172us][CH1-Dispenser] F0 F8
[T+4337719172us][CH2-Pc    ] F1
[T+4337726172us][CH1-Dispenser] F1 ED
[T+4337747172us][CH2-Pc    ] E1
[T+4337869172us][CH2-Pc    ] EF FA FF F8 E8 F8 FF EB EC
[T+4337895172us][CH1-Dispenser] E1 ED EF FA FF F8 E8 F8 FF EB EC 37 AB 8D 24 A3 F1 A2 F5 F4 2C 22
[T+4337961198us][CH2-Pc    ] E1
[T+4337969172us][CH1-Dispenser] E1 E9
[T+4338039172us][CH2-Pc    ] F0
[T+4338043172us][CH1-Dispenser] F0 F8
[T+4338107304us][CH1-Dispenser] E0
[T+4338107173us][CH2-Pc    ] E0
[T+4338282306us][CH1-Dispenser] E1
[T+4338282173us][CH2-Pc    ] E1
[T+4338456197us][CH2-Pc    ] F0
[T+4338462200us][CH1-Dispenser] F0 F8
[T+4338534172us][CH2-Pc    ] F1
[T+4338538172us][CH1-Dispenser] F1 ED
[T+4338562196us][CH2-Pc    ] E1
[T+4338583176us][CH1-Dispenser] E1 ED EF
[T+4338584172us][CH2-Pc    ] EF
[T+4338680307us][CH1-Dispenser] FA FF F8 E8 F8 FF EB
[T+4338680173us][CH2-Pc    ] FA FF F8 E8 F8 FF EB
[T+4338702176us][CH2-Pc    ] EC
[T+4338733172us][CH1-Dispenser] EC 37 AB 8D 24 F1 A3 12 68 22 2C 22
[T+4338825172us][CH2-Pc    ] E1
[T+4338834653us][CH1-Dispenser] E1 E9
[T+4338907172us][CH1-Dispenser] F0 F8
[T+4338904172us][CH2-Pc    ] F0
[T+4338991304us][CH1-Dispenser] E0
[T+4338991173us][CH2-Pc    ] E0
[T+4339155306us][CH1-Dispenser] E1
[T+4339155174us][CH2-Pc    ] E1
[T+4339329197us][CH2-Pc    ] F0
[T+4339335173us][CH1-Dispenser] F0 F8
[T+4339408172us][CH2-Pc    ] F1
[T+4339414200us][CH1-Dispenser] F1 ED
[T+4339435172us][CH2-Pc    ] E1
[T+4339557172us][CH2-Pc    ] EF FA FF F8 E8 F8 FF EB EC
[T+4339587196us][CH1-Dispenser] E1 ED EF FA FF F8 E8 F8 FF EB EC 77 F5 8D 24 F1 F1 22 13 22 2C 22
[T+4339659172us][CH2-Pc    ] E1
[T+4339664172us][CH1-Dispenser] E1 E9
[T+4339738192us][CH2-Pc    ] F0
[T+4339744173us][CH1-Dispenser] F0 F8
[T+4339816307us][CH1-Dispenser] E0
[T+4339816174us][CH2-Pc    ] E0
[T+4339991172us][CH1-Dispenser] E1
[T+4339990172us][CH2-Pc    ] E1
[T+4340158173us][CH1-Dispenser] F0 F8
[T+4340155173us][CH2-Pc    ] F0
[T+4340223172us][CH2-Pc    ] F1
[T+4340228172us][CH1-Dispenser] F1 ED
[T+4340250172us][CH2-Pc    ] E1
[T+4340271172us][CH1-Dispenser] E1 ED EF
[T+4340272172us][CH2-Pc    ] EF
[T+4340389172us][CH2-Pc    ] FA FF F8 E8 F8 FF EB EC
[T+4340417172us][CH1-Dispenser] FA FF F8 E8 F8 FF EB EC 37 F5 8D 24 F1 C7 A2 E8 22 1C A2
[T+4340492172us][CH2-Pc    ] E1
[T+4340499172us][CH1-Dispenser] E1 E9
[T+4340570172us][CH2-Pc    ] F0
[T+4340572172us][CH1-Dispenser] F0 F8
[T+4340637307us][CH1-Dispenser] E0
[T+4340637173us][CH2-Pc    ] E0
[T+4340812305us][CH1-Dispenser] E1
[T+4340812173us][CH2-Pc    ] E1
[T+4340987172us][CH2-Pc    ] F0
[T+4340994172us][CH1-Dispenser] F0 F8
[T+4341081172us][CH2-Pc    ] F1 E1
[T+4341204197us][CH2-Pc    ] EF FA FF F8 E8 F8 FF EB EC
[T+4341237172us][CH1-Dispenser] F1 ED E1 ED EF FA FF F8 E8 F8 FF EB EC 37 AB 0D 24 F1 F1 A2 F5 F4 38 E2
[T+4341308172us][CH2-Pc    ] E1
[T+4341313172us][CH1-Dispenser] E1 E9
[T+4341386172us][CH2-Pc    ] F0
[T+4341394172us][CH1-Dispenser] F0 F8
[T+4341475305us][CH1-Dispenser] E0
[T+4341475173us][CH2-Pc    ] E0
[T+4341639306us][CH1-Dispenser] E1
[T+4341639173us][CH2-Pc    ] E1
[T+4341814172us][CH2-Pc    ] F0
[T+4341819172us][CH1-Dispenser] F0 F8
[T+4341892172us][CH2-Pc    ] F1
[T+4341919172us][CH2-Pc    ] E1
[T+4342041197us][CH2-Pc    ] EF FA FF F8 E8 F8 FF EB EC
[T+4342072172us][CH1-Dispenser] F1 ED E1 ED EF FA FF F8 E8 F8 FF EB EC 37 F5 8D 24 A3 A3 12 68 F4 1C A2
[T+4342145172us][CH2-Pc    ] E1
[T+4342149173us][CH1-Dispenser] E1 E9
[T+4342223172us][CH2-Pc    ] F0
[T+4342230172us][CH1-Dispenser] F0 F8
[T+4342301305us][CH1-Dispenser] E0
[T+4342301173us][CH2-Pc    ] E0
[T+4342472308us][CH1-Dispenser] E1
[T+4342472174us][CH2-Pc    ] E1
[T+4342647172us][CH2-Pc    ] F0
[T+4342655817us][CH1-Dispenser] F0 F8
[T+4342728172us][CH2-Pc    ] F1
[T+4342873172us][CH2-Pc    ] E1 EF FA FF F8 E8 F8 FF EB EC
[T+4342917172us][CH2-Pc    ] E1
[T+4342976304us][CH1-Dispenser] F1 ED E1 ED EF FA FF F8 E8 F8 FF EB EC 37 AB 8D 24 F1 F1 A2 93 E4 2C A2 E1 ED EF F8 FC ED
[T+4342976173us][CH2-Pc    ] EF F8 FC ED
[T+4342998307us][CH1-Dispenser] F8
[T+4342998174us][CH2-Pc    ] F8
[T+4343020311us][CH1-Dispenser] FD
[T+4343020177us][CH2-Pc    ] FD
[T+4343078305us][CH1-Dispenser] F8 F9 E8 E8
[T+4343078173us][CH2-Pc    ] F8 F9 E8 E8
[T+4343140305us][CH1-Dispenser] FF EB EC
[T+4343140173us][CH2-Pc    ] FF EB EC
[T+4343230196us][CH2-Pc    ] F1
[T+4343257172us][CH2-Pc    ] E1
[T+4343431308us][CH1-Dispenser] F1 ED E1 ED EF F8 FD FE F8 F8 F8 F8 E9 F8 FF F8 EC
[T+4343431174us][CH2-Pc    ] EF F8 FD FE F8 F8 F8 F8 E9 F8 FF F8 EC
[T+4343521196us][CH2-Pc    ] F1
[T+4343547172us][CH1-Dispenser] F1 ED E5
[T+4343548172us][CH2-Pc    ] E5
[T+4343639173us][CH1-Dispenser] F1 F5
[T+4343635172us][CH2-Pc    ] F1
[T+4343713172us][CH2-Pc    ] E1
[T+4343719200us][CH1-Dispenser] E1 E9
[T+4343791197us][CH2-Pc    ] F0
[T+4343798172us][CH1-Dispenser] F0 F8
[T+4343869304us][CH1-Dispenser] E0
[T+4343869173us][CH2-Pc    ] E0
[T+4344044304us][CH1-Dispenser] E1
[T+4344044173us][CH2-Pc    ] E1
[T+4344219172us][CH2-Pc    ] F0
[T+4344223173us][CH1-Dispenser] F0 F8
[T+4344297172us][CH2-Pc    ] F1
[T+4344304172us][CH1-Dispenser] F1 F5
[T+4344875172us][CH2-Pc    ] E1
[T+4344881200us][CH1-Dispenser] E1 E9
[T+4344953172us][CH2-Pc    ] F0
[T+4344958172us][CH1-Dispenser] F0 F8
[T+4345032304us][CH1-Dispenser] E0
[T+4345032173us][CH2-Pc    ] E0
[T+4345206309us][CH1-Dispenser] E1
[T+4345206173us][CH2-Pc    ] E1
[T+4345381172us][CH2-Pc    ] F0
[T+4345389179us][CH1-Dispenser] F0 F8
[T+4345459172us][CH2-Pc    ] F1
[T+4345481172us][CH2-Pc    ] F9
[T+4345496172us][CH1-Dispenser] F1 F5 F9 38 38 38
[T+4345569172us][CH2-Pc    ] E1
[T+4345574172us][CH1-Dispenser] E1 E9
[T+4345648172us][CH2-Pc    ] F0
[T+4345655807us][CH1-Dispenser] F0 F8
[T+4345726307us][CH1-Dispenser] E0
[T+4345726174us][CH2-Pc    ] E0
[T+4345890309us][CH1-Dispenser] E1
[T+4345890173us][CH2-Pc    ] E1
[T+4346069172us][CH1-Dispenser] F0 F8
[T+4346065172us][CH2-Pc    ] F0
[T+4346143172us][CH2-Pc    ] F1
[T+4346150172us][CH1-Dispenser] F1 F5
[T+4346183172us][CH2-Pc    ] F9
[T+4346195214us][CH1-Dispenser] F9 38 38 38
[T+4346261197us][CH2-Pc    ] E1
[T+4346270172us][CH1-Dispenser] E1 E9
[T+4346339172us][CH2-Pc    ] F0
[T+4346344172us][CH1-Dispenser] F0 F8
[T+4346417305us][CH1-Dispenser] E0
[T+4346417173us][CH2-Pc    ] E0
[T+4346592306us][CH1-Dispenser] E1
[T+4346592173us][CH2-Pc    ] E1
[T+4346767172us][CH2-Pc    ] F0
[T+4346774172us][CH1-Dispenser] F0 F8
[T+4346846204us][CH2-Pc    ] F1
[T+4346873172us][CH2-Pc    ] F9
[T+4346888172us][CH1-Dispenser] F1 F5 F9 38 38 38
[T+4346953172us][CH2-Pc    ] E1
[T+4346960812us][CH1-Dispenser] E1 E9
[T+4347031172us][CH2-Pc    ] F0
[T+4347039172us][CH1-Dispenser] F0 F8
[T+4347110172us][CH1-Dispenser] E0
[T+4347109172us][CH2-Pc    ] E0
[T+4347285308us][CH1-Dispenser] E1
[T+4347285174us][CH2-Pc    ] E1
[T+4347459201us][CH2-Pc    ] F0
[T+4347466172us][CH1-Dispenser] F0 F8
[T+4347537172us][CH2-Pc    ] F1
[T+4347565172us][CH2-Pc    ] F9
[T+4347575180us][CH1-Dispenser] F1 F5 F9 29 28 38
[T+4347643341us][CH2-Pc    ] E1
[T+4347649237us][CH1-Dispenser] E1 E9
[T+4347721196us][CH2-Pc    ] F0
[T+4347729172us][CH1-Dispenser] F0 F8
[T+4347799304us][CH1-Dispenser] E0
[T+4347799173us][CH2-Pc    ] E0
[T+4347974315us][CH1-Dispenser] E1
[T+4347974174us][CH2-Pc    ] E1
[T+4348138172us][CH2-Pc    ] F0
[T+4348144202us][CH1-Dispenser] F0 F8
[T+4348216197us][CH2-Pc    ] F1
[T+4348243172us][CH2-Pc    ] F9
[T+4348255213us][CH1-Dispenser] F1 F5 F9 7A 39 38
[T+4348322172us][CH2-Pc    ] E1
[T+4348330172us][CH1-Dispenser] E1 E9
[T+4348401172us][CH2-Pc    ] F0
[T+4348410179us][CH1-Dispenser] F0 F8
[T+4348479304us][CH1-Dispenser] E0
[T+4348479173us][CH2-Pc    ] E0
[T+4348667307us][CH1-Dispenser] E1
[T+4348667174us][CH2-Pc    ] E1
[T+4348842172us][CH2-Pc    ] F0
[T+4348850821us][CH1-Dispenser] F0 F8
[T+4348920172us][CH2-Pc    ] F1
[T+4348925172us][CH1-Dispenser] F1 F5
[T+4348948172us][CH2-Pc    ] F9
[T+4348962177us][CH1-Dispenser] F9 F9 73 38
[T+4349036172us][CH2-Pc    ] E1
[T+4349045172us][CH1-Dispenser] E1 E9
[T+4349114172us][CH2-Pc    ] F0
[T+4349120200us][CH1-Dispenser] F0 F8
[T+4349193305us][CH1-Dispenser] E0
[T+4349193173us][CH2-Pc    ] E0
[T+4349357311us][CH1-Dispenser] E1
[T+4349357175us][CH2-Pc    ] E1
[T+4349531197us][CH2-Pc    ] F0
[T+4349538172us][CH1-Dispenser] F0 F8
[T+4349610206us][CH2-Pc    ] F1
[T+4349616201us][CH1-Dispenser] F1 F5
[T+4349637172us][CH2-Pc    ] F9
[T+4349652172us][CH1-Dispenser] F9 A9 3A 38
[T+4349728172us][CH2-Pc    ] E1
[T+4349733172us][CH1-Dispenser] E1 E9
[T+4349806172us][CH2-Pc    ] F0
[T+4349814179us][CH1-Dispenser] F0 F8
[T+4349884310us][CH1-Dispenser] E0
[T+4349884174us][CH2-Pc    ] E0
[T+4350070313us][CH1-Dispenser] E1
[T+4350070174us][CH2-Pc    ] E1
[T+4350234172us][CH2-Pc    ] F0
[T+4350240200us][CH1-Dispenser] F0 E8
[T+4350312197us][CH2-Pc    ] F1
[T+4350339395us][CH2-Pc    ] F9
[T+4350352239us][CH1-Dispenser] F1 F5 F9 A9 39 E1
[T+4350417172us][CH2-Pc    ] E1
[T+4350423200us][CH1-Dispenser] E1 E9
[T+4350495172us][CH2-Pc    ] F0
[T+4350499172us][CH1-Dispenser] F0 F8
[T+4350563305us][CH1-Dispenser] E0
[T+4350563173us][CH2-Pc    ] E0
[T+4350737310us][CH1-Dispenser] E1
[T+4350737173us][CH2-Pc    ] E1
[T+4350910172us][CH2-Pc    ] F0
[T+4350914173us][CH1-Dispenser] F0 F8
[T+4350988172us][CH2-Pc    ] F1
[T+4350994201us][CH1-Dispenser] F1 F5
[T+4351016172us][CH2-Pc    ] F9
[T+4351025172us][CH1-Dispenser] F9 B9 29 70
[T+4351094172us][CH2-Pc    ] E1
[T+4351099172us][CH1-Dispenser] E1 E9
[T+4351172172us][CH2-Pc    ] F0
[T+4351180172us][CH1-Dispenser] F0 F8
[T+4351250310us][CH1-Dispenser] E0
[T+4351250174us][CH2-Pc    ] E0
[T+4351425307us][CH1-Dispenser] E1
[T+4351425173us][CH2-Pc    ] E1
[T+4351600172us][CH2-Pc    ] F0
[T+4351605175us][CH1-Dispenser] F0 F8
[T+4351678172us][CH2-Pc    ] F1
[T+4351684200us][CH1-Dispenser] F1 F5
[T+4351705172us][CH2-Pc    ] F9
[T+4351716787us][CH1-Dispenser] F9 28 70 F1
[T+4351785172us][CH2-Pc    ] E1
[T+4351789172us][CH1-Dispenser] E1 E9
[T+4351869172us][CH2-Pc    ] F0
[T+4351874172us][CH1-Dispenser] F0 F8
[T+4351966313us][CH1-Dispenser] E0
[T+4351966175us][CH2-Pc    ] E0
[T+4352141306us][CH1-Dispenser] E1
[T+4352141173us][CH2-Pc    ] E1
[T+4352319172us][CH1-Dispenser] F0 F8
[T+4352315172us][CH2-Pc    ] F0
[T+4352394172us][CH2-Pc    ] F1
[T+4352421196us][CH2-Pc    ] F9
[T+4352431179us][CH1-Dispenser] F1 F5 F9 A9 76 70
[T+4352499172us][CH2-Pc    ] E1
[T+4352506813us][CH1-Dispenser] E1 E9
[T+4352577172us][CH2-Pc    ] F0
[T+4352585172us][CH1-Dispenser] F0 F8
[T+4352666307us][CH1-Dispenser] E0
[T+4352666173us][CH2-Pc    ] E0
[T+4352841305us][CH1-Dispenser] E1
[T+4352841173us][CH2-Pc    ] E1
[T+4353016172us][CH2-Pc    ] F0
[T+4353019172us][CH1-Dispenser] F0 F8
[T+4353083172us][CH2-Pc    ] F1
[T+4353089256us][CH1-Dispenser] F1 F5
[T+4353110172us][CH2-Pc    ] F9
[T+4353122670us][CH1-Dispenser] F9 38 F1 8E F8
[T+4353189172us][CH2-Pc    ] E1
[T+4353195209us][CH1-Dispenser] E1 E9
[T+4353267196us][CH2-Pc    ] F0
[T+4353274786us][CH1-Dispenser] F0 F8
[T+4353345305us][CH1-Dispenser] E0
[T+4353345173us][CH2-Pc    ] E0
[T+4353520305us][CH1-Dispenser] E1
[T+4353520173us][CH2-Pc    ] E1
[T+4353694172us][CH2-Pc    ] F0
[T+4353699174us][CH1-Dispenser] F0 F8
[T+4353772172us][CH2-Pc    ] F1
[T+4353800172us][CH2-Pc    ] F9
[T+4353811179us][CH1-Dispenser] F1 F5 F9 29 A8 38
[T+4353879172us][CH2-Pc    ] E1
[T+4353885201us][CH1-Dispenser] E1 E9
[T+4353957198us][CH2-Pc    ] F0
[T+4353966172us][CH1-Dispenser] F0 F8
[T+4354035304us][CH1-Dispenser] E0
[T+4354035173us][CH2-Pc    ] E0
[T+4354207308us][CH1-Dispenser] E1
[T+4354207174us][CH2-Pc    ] E1
[T+4354373172us][CH2-Pc    ] F0
[T+4354381172us][CH1-Dispenser] F0 F8
[T+4354451172us][CH2-Pc    ] F1
[T+4354478172us][CH2-Pc    ] F9
[T+4354491172us][CH1-Dispenser] F1 F5 F9 A8 E5 8E F8
[T+4354558172us][CH2-Pc    ] E1
[T+4354564200us][CH1-Dispenser] E1 E9
[T+4354639173us][CH1-Dispenser] F0 F8
[T+4354636172us][CH2-Pc    ] F0
[T+4354704305us][CH1-Dispenser] E0
[T+4354704173us][CH2-Pc    ] E0
[T+4354880308us][CH1-Dispenser] E1
[T+4354880173us][CH2-Pc    ] E1
[T+4355045172us][CH2-Pc    ] F0
[T+4355052822us][CH1-Dispenser] F0 F8
[T+4355123172us][CH2-Pc    ] F1
[T+4355150172us][CH2-Pc    ] F9
[T+4355160779us][CH1-Dispenser] F1 F5 F9 28 77 0B F8
[T+4355240173us][CH2-Pc    ] E1
[T+4355245172us][CH1-Dispenser] E1 E9
[T+4355317196us][CH2-Pc    ] F0
[T+4355324781us][CH1-Dispenser] F0 F8
[T+4355395309us][CH1-Dispenser] E0
[T+4355395173us][CH2-Pc    ] E0
[T+4355560172us][CH1-Dispenser] E1
[T+4355559172us][CH2-Pc    ] E1
[T+4355734172us][CH2-Pc    ] F0
[T+4355739174us][CH1-Dispenser] F0 F8
[T+4355813172us][CH2-Pc    ] F1
[T+4355840172us][CH2-Pc    ] F9
[T+4355851179us][CH1-Dispenser] F1 F5 F9 F8 39 0B F8
[T+4355919172us][CH2-Pc    ] E1
[T+4355926800us][CH1-Dispenser] E1 E9
[T+4355997172us][CH2-Pc    ] F0
[T+4356005172us][CH1-Dispenser] F0 F8
[T+4356075304us][CH1-Dispenser] E0
[T+4356075173us][CH2-Pc    ] E0
[T+4356250308us][CH1-Dispenser] E1
[T+4356250174us][CH2-Pc    ] E1
[T+4356425172us][CH2-Pc    ] F0
[T+4356429172us][CH1-Dispenser] F0 F8
[T+4356503172us][CH2-Pc    ] F1
[T+4356509200us][CH1-Dispenser] F1 F5
[T+4356530172us][CH2-Pc    ] F9
[T+4356541179us][CH1-Dispenser] F9 A9 72 87 F8
[T+4356608172us][CH2-Pc    ] E1
[T+4356615787us][CH1-Dispenser] E1 E9
[T+4356694172us][CH2-Pc    ] F0
[T+4356699172us][CH1-Dispenser] F0 F8
[T+4356773305us][CH1-Dispenser] E0
[T+4356773173us][CH2-Pc    ] E0
[T+4356936309us][CH1-Dispenser] E1
[T+4356936174us][CH2-Pc    ] E1
[T+4357111172us][CH2-Pc    ] F0
[T+4357120657us][CH1-Dispenser] F0 E8
[T+4357189172us][CH2-Pc    ] F1
[T+4357196172us][CH1-Dispenser] F1 F5
[T+4357217172us][CH2-Pc    ] F9
[T+4357234172us][CH1-Dispenser] F9 2A 2A 38
[T+4357313173us][CH2-Pc    ] E1
[T+4357319200us][CH1-Dispenser] E1 E9
[T+4357391199us][CH2-Pc    ] F0
[T+4357400172us][CH1-Dispenser] F0 F8
[T+4357470307us][CH1-Dispenser] E0
[T+4357470173us][CH2-Pc    ] E0
[T+4357646306us][CH1-Dispenser] E1
[T+4357646173us][CH2-Pc    ] E1
[T+4357809172us][CH2-Pc    ] F0
[T+4357814172us][CH1-Dispenser] F0 F8
[T+4357888172us][CH2-Pc    ] F1
[T+4357915172us][CH2-Pc    ] F9
[T+4357926179us][CH1-Dispenser] F1 F5 F9 38 B9 38
[T+4357994172us][CH2-Pc    ] E1
[T+4358000200us][CH1-Dispenser] E1 E9
[T+4358072196us][CH2-Pc    ] F0
[T+4358081698us][CH1-Dispenser] F0 F8
[T+4358150309us][CH1-Dispenser] E0
[T+4358150173us][CH2-Pc    ] E0
[T+4358311305us][CH1-Dispenser] E1
[T+4358311173us][CH2-Pc    ] E1
[T+4358488172us][CH2-Pc    ] F0
[T+4358494201us][CH1-Dispenser] F0 F8
[T+4358570172us][CH1-Dispenser] F1 F5
[T+4358566173us][CH2-Pc    ] F1
[T+4358594196us][CH2-Pc    ] F9
[T+4358608172us][CH1-Dispenser] F9 28 A9 38
[T+4358683172us][CH2-Pc    ] E1
[T+4358690172us][CH1-Dispenser] E1 E9
[T+4358762197us][CH2-Pc    ] F0
[T+4358769172us][CH1-Dispenser] F0 F8
[T+4358858307us][CH1-Dispenser] E0
[T+4358858173us][CH2-Pc    ] E0
[T+4359034311us][CH1-Dispenser] E1
[T+4359034173us][CH2-Pc    ] E1
[T+4359200172us][CH2-Pc    ] F0
[T+4359205173us][CH1-Dispenser] F0 F8
[T+4359278172us][CH2-Pc    ] F1
[T+4359284200us][CH1-Dispenser] F1 F5
[T+4359306172us][CH2-Pc    ] F9
[T+4359317180us][CH1-Dispenser] F9 A9 F2 71
[T+4359385172us][CH2-Pc    ] E1
[T+4359389172us][CH1-Dispenser] E1 E9
[T+4359463172us][CH2-Pc    ] F0
[T+4359468172us][CH1-Dispenser] F0 F8
[T+4359541304us][CH1-Dispenser] E0
[T+4359541173us][CH2-Pc    ] E0
[T+4359716306us][CH1-Dispenser] E1
[T+4359716173us][CH2-Pc    ] E1
[T+4359890196us][CH2-Pc    ] F0
[T+4359896200us][CH1-Dispenser] F0 F8
[T+4359969172us][CH2-Pc    ] F1
[T+4359975200us][CH1-Dispenser] F1 F5
[T+4359996172us][CH2-Pc    ] F9
[T+4360006172us][CH1-Dispenser] F9 E9 E9 71
[T+4360074172us][CH2-Pc    ] E1
[T+4360079172us][CH1-Dispenser] E1 E9
[T+4360152172us][CH2-Pc    ] F0
[T+4360162179us][CH1-Dispenser] F0 F8
[T+4360230304us][CH1-Dispenser] E0
[T+4360230173us][CH2-Pc    ] E0
[T+4360405307us][CH1-Dispenser] E1
[T+4360405174us][CH2-Pc    ] E1
[T+4360580172us][CH2-Pc    ] F0
[T+4360585172us][CH1-Dispenser] F0 E8
[T+4360659172us][CH2-Pc    ] F1
[T+4360665202us][CH1-Dispenser] F1 F5
[T+4360686172us][CH2-Pc    ] F9
[T+4360697179us][CH1-Dispenser] F9 E9 B5 C5 F8
[T+4360764172us][CH2-Pc    ] E1
[T+4360770208us][CH1-Dispenser] E1 E9
[T+4360843172us][CH2-Pc    ] F0
[T+4360850172us][CH1-Dispenser] F0 F8
[T+4360921305us][CH1-Dispenser] E0
[T+4360921173us][CH2-Pc    ] E0
[T+4361096304us][CH1-Dispenser] E1
[T+4361096173us][CH2-Pc    ] E1
[T+4361270172us][CH2-Pc    ] F0
[T+4361275172us][CH1-Dispenser] F0 F8
[T+4361349172us][CH2-Pc    ] F1
[T+4361354172us][CH1-Dispenser] F1 F5
[T+4361377172us][CH2-Pc    ] F9
[T+4361391172us][CH1-Dispenser] F9 38 37 85 F8
[T+4361456172us][CH2-Pc    ] E1
[T+4361460172us][CH1-Dispenser] E1 E9
[T+4361534172us][CH2-Pc    ] F0
[T+4361541763us][CH1-Dispenser] F0 F8
[T+4361612307us][CH1-Dispenser] E0
[T+4361612173us][CH2-Pc    ] E0
[T+4361788307us][CH1-Dispenser] E1
[T+4361788173us][CH2-Pc    ] E1
[T+4361953172us][CH2-Pc    ] F0
[T+4361960172us][CH1-Dispenser] F0 F8
[T+4362031172us][CH2-Pc    ] F1
[T+4362036172us][CH1-Dispenser] F1 F5
[T+4362058172us][CH2-Pc    ] F9
[T+4362073172us][CH1-Dispenser] F9 B9 69 38
[T+4362148172us][CH2-Pc    ] E1
[T+4362155172us][CH1-Dispenser] E1 E9
[T+4362229172us][CH1-Dispenser] F0 F8
[T+4362226172us][CH2-Pc    ] F0
[T+4362294305us][CH1-Dispenser] E0
[T+4362294173us][CH2-Pc    ] E0
[T+4362469307us][CH1-Dispenser] E1
[T+4362469173us][CH2-Pc    ] E1
[T+4362643335us][CH2-Pc    ] F0
[T+4362649200us][CH1-Dispenser] F0 F8
[T+4362721200us][CH2-Pc    ] F1
[T+4362727200us][CH1-Dispenser] F1 F5
[T+4362749172us][CH2-Pc    ] F9
[T+4362763172us][CH1-Dispenser] F9 79 69 38
[T+4362860172us][CH2-Pc    ] E1
[T+4362865173us][CH1-Dispenser] E1 E9
[T+4362938172us][CH2-Pc    ] F0
[T+4362944200us][CH1-Dispenser] F0 F8
[T+4363016304us][CH1-Dispenser] E0
[T+4363016173us][CH2-Pc    ] E0
[T+4363191307us][CH1-Dispenser] E1
[T+4363191174us][CH2-Pc    ] E1
[T+4363366172us][CH2-Pc    ] F0
[T+4363371172us][CH1-Dispenser] F0 F8
[T+4363454172us][CH2-Pc    ] F1
[T+4363481172us][CH2-Pc    ] F9
[T+4363496172us][CH1-Dispenser] F1 F5 F9 79 39 28
[T+4363575172us][CH1-Dispenser] E1 E9
[T+4363571172us][CH2-Pc    ] E1
[T+4363649172us][CH2-Pc    ] F0
[T+4363654173us][CH1-Dispenser] F0 F8
[T+4363727307us][CH1-Dispenser] E0
[T+4363727173us][CH2-Pc    ] E0
[T+4363913309us][CH1-Dispenser] E1
[T+4363913173us][CH2-Pc    ] E1
[T+4364081172us][CH2-Pc    ] F0
[T+4364088172us][CH1-Dispenser] F0 F8
[T+4364159172us][CH2-Pc    ] F1
[T+4364186172us][CH2-Pc    ] F9
[T+4364197179us][CH1-Dispenser] F1 F5 F9 38 70 28
[T+4364264172us][CH2-Pc    ] E1
[T+4364272172us][CH1-Dispenser] E1 E9
[T+4364348172us][CH2-Pc    ] F0
[T+4364355174us][CH1-Dispenser] F0 F8
[T+4364427304us][CH1-Dispenser] E0
[T+4364427173us][CH2-Pc    ] E0
[T+4364591306us][CH1-Dispenser] E1
[T+4364591174us][CH2-Pc    ] E1
[T+4364765172us][CH2-Pc    ] F0
[T+4364770172us][CH1-Dispenser] F0 F8
[T+4364844172us][CH2-Pc    ] F1
[T+4364849172us][CH1-Dispenser] F1 F5
[T+4364871172us][CH2-Pc    ] F9
[T+4364882179us][CH1-Dispenser] F9 B8 77 33
[T+4364949172us][CH2-Pc    ] E1
[T+4364957172us][CH1-Dispenser] E1 E9
[T+4365027172us][CH2-Pc    ] F0
[T+4365035172us][CH1-Dispenser] F0 E8
[T+4365105309us][CH1-Dispenser] E0
[T+4365105175us][CH2-Pc    ] E0
[T+4365280312us][CH1-Dispenser] E1
[T+4365280173us][CH2-Pc    ] E1
[T+4365455172us][CH2-Pc    ] F0
[T+4365461200us][CH1-Dispenser] F0 F8
[T+4365533196us][CH2-Pc    ] F1
[T+4365560172us][CH2-Pc    ] F9
[T+4365571784us][CH1-Dispenser] F1 F5 F9 A8 6A 33
[T+4365639172us][CH2-Pc    ] E1
[T+4365645200us][CH1-Dispenser] E1 E9
[T+4365717196us][CH2-Pc    ] F0
[T+4365724172us][CH1-Dispenser] F0 F8
[T+4365796305us][CH1-Dispenser] E0
[T+4365796173us][CH2-Pc    ] E0
[T+4365970309us][CH1-Dispenser] E1
[T+4365970173us][CH2-Pc    ] E1
[T+4366145172us][CH2-Pc    ] F0
[T+4366150174us][CH1-Dispenser] F0 F8
[T+4366225172us][CH2-Pc    ] F1
[T+4366231200us][CH1-Dispenser] F1 F5
[T+4366253172us][CH2-Pc    ] F9
[T+4366269172us][CH1-Dispenser] F9 A9 39 70
[T+4366346172us][CH2-Pc    ] E1
[T+4366352284us][CH1-Dispenser] E1 E9
[T+4366424173us][CH2-Pc    ] F0
[T+4366431172us][CH1-Dispenser] F0 F8
[T+4366502307us][CH1-Dispenser] E0
[T+4366502173us][CH2-Pc    ] E0
[T+4366676309us][CH1-Dispenser] E1
[T+4366676173us][CH2-Pc    ] E1
[T+4366840172us][CH2-Pc    ] F0
[T+4366846201us][CH1-Dispenser] F0 F8
[T+4366919172us][CH2-Pc    ] F1
[T+4366925200us][CH1-Dispenser] F1 F5
[T+4366948172us][CH2-Pc    ] F9
[T+4366962172us][CH1-Dispenser] F9 79 2A 33
[T+4367027172us][CH2-Pc    ] E1
[T+4367035172us][CH1-Dispenser] E1 E9
[T+4367105172us][CH2-Pc    ] F0
[T+4367110172us][CH1-Dispenser] F0 F8
[T+4367183306us][CH1-Dispenser] E0
[T+4367183173us][CH2-Pc    ] E0
[T+4367358305us][CH1-Dispenser] E1
[T+4367358173us][CH2-Pc    ] E1
[T+4367533172us][CH2-Pc    ] F0
[T+4367540810us][CH1-Dispenser] F0 F8
[T+4367611172us][CH2-Pc    ] F1
[T+4367616172us][CH1-Dispenser] F1 F5
[T+4367638172us][CH2-Pc    ] F9
[T+4367654173us][CH1-Dispenser] F9 AA B9 28
[T+4367727172us][CH2-Pc    ] E1
[T+4367735172us][CH1-Dispenser] E1 E9
[T+4367805172us][CH2-Pc    ] F0
[T+4367811200us][CH1-Dispenser] F0 F8
[T+4367883308us][CH1-Dispenser] E0
[T+4367883174us][CH2-Pc    ] E0
[T+4368069305us][CH1-Dispenser] E1
[T+4368069173us][CH2-Pc    ] E1
[T+4368233172us][CH2-Pc    ] F0
[T+4368240812us][CH1-Dispenser] F0 F8
[T+4368311172us][CH2-Pc    ] F1
[T+4368316172us][CH1-Dispenser] F1 F5
[T+4368339176us][CH2-Pc    ] F9
[T+4368352715us][CH1-Dispenser] F9 7A AA 28
[T+4368417172us][CH2-Pc    ] E1
[T+4368420172us][CH1-Dispenser] E1 E9
[T+4368484172us][CH2-Pc    ] F0
[T+4368492172us][CH1-Dispenser] F0 F8
[T+4368562304us][CH1-Dispenser] E0
[T+4368562173us][CH2-Pc    ] E0
[T+4368737306us][CH1-Dispenser] E1
[T+4368737173us][CH2-Pc    ] E1
[T+4368912173us][CH2-Pc    ] F0
[T+4368916172us][CH1-Dispenser] F0 F8
[T+4368990172us][CH2-Pc    ] F1
[T+4368995172us][CH1-Dispenser] F1 F5
[T+4369017172us][CH2-Pc    ] F9
[T+4369032172us][CH1-Dispenser] F9 79 B9 23
[T+4369107172us][CH2-Pc    ] E1
[T+4369116179us][CH1-Dispenser] E1 E9
[T+4369185172us][CH2-Pc    ] F0
[T+4369189172us][CH1-Dispenser] F0 F8
[T+4369263305us][CH1-Dispenser] E0
[T+4369263173us][CH2-Pc    ] E0
[T+4369438305us][CH1-Dispenser] E1
[T+4369438173us][CH2-Pc    ] E1
[T+4369613172us][CH2-Pc    ] F0
[T+4369619200us][CH1-Dispenser] F0 F8
[T+4369691173us][CH2-Pc    ] F1
[T+4369695172us][CH1-Dispenser] F1 F5
[T+4369718172us][CH2-Pc    ] F9
[T+4369733172us][CH1-Dispenser] F9 38 BA 33
[T+4369807172us][CH2-Pc    ] E1
[T+4369818179us][CH1-Dispenser] E1 E9
[T+4369885174us][CH2-Pc    ] F0
[T+4369890172us][CH1-Dispenser] F0 F8
[T+4369964172us][CH1-Dispenser] E0
[T+4369963172us][CH2-Pc    ] E0
[T+4370138306us][CH1-Dispenser] E1
[T+4370138173us][CH2-Pc    ] E1
[T+4370313172us][CH2-Pc    ] F0
[T+4370321172us][CH1-Dispenser] F0 F8
[T+4370391172us][CH2-Pc    ] F1
[T+4370397210us][CH1-Dispenser] F1 F5
[T+4370419172us][CH2-Pc    ] F9
[T+4370433172us][CH1-Dispenser] F9 38 74 87 F8
[T+4370509172us][CH2-Pc    ] E1
[T+4370516172us][CH1-Dispenser] E1 E9
[T+4370587172us][CH2-Pc    ] F0
[T+4370589172us][CH1-Dispenser] F0 F8
[T+4370654305us][CH1-Dispenser] E0
[T+4370654173us][CH2-Pc    ] E0
[T+4370828305us][CH1-Dispenser] E1
[T+4370828173us][CH2-Pc    ] E1
[T+4371003172us][CH2-Pc    ] F0
[T+4371012179us][CH1-Dispenser] F0 F8
[T+4371081172us][CH2-Pc    ] F1
[T+4371108198us][CH2-Pc    ] F9
[T+4371122176us][CH1-Dispenser] F1 F5 F9 38 7B 9F F8
[T+4371186172us][CH2-Pc    ] E1
[T+4371190172us][CH1-Dispenser] E1 E9
[T+4371253172us][CH2-Pc    ] F0
[T+4371262172us][CH1-Dispenser] F0 F8
[T+4371332304us][CH1-Dispenser] E0
[T+4371332173us][CH2-Pc    ] E0
[T+4371507307us][CH1-Dispenser] E1
[T+4371507174us][CH2-Pc    ] E1
[T+4371671172us][CH2-Pc    ] F0
[T+4371677200us][CH1-Dispenser] F0 F8
[T+4371749197us][CH2-Pc    ] F1
[T+4371776172us][CH2-Pc    ] F9
[T+4371787783us][CH1-Dispenser] F1 F5 F9 79 B9 28
[T+4371855172us][CH2-Pc    ] E1
[T+4371860173us][CH1-Dispenser] E1 E9
[T+4371933173us][CH2-Pc    ] F0
[T+4371941811us][CH1-Dispenser] F0 F8
[T+4372011308us][CH1-Dispenser] E0
[T+4372011173us][CH2-Pc    ] E0
[T+4372186308us][CH1-Dispenser] E1
[T+4372186173us][CH2-Pc    ] E1
[T+4372363172us][CH2-Pc    ] F0
[T+4372371172us][CH1-Dispenser] F0 F8
[T+4372441172us][CH2-Pc    ] F1
[T+4372445175us][CH1-Dispenser] F1 F5
[T+4372468172us][CH2-Pc    ] F9
[T+4372482172us][CH1-Dispenser] F9 79 7B 9F F8
[T+4372546172us][CH2-Pc    ] E1
[T+4372552206us][CH1-Dispenser] E1 E9
[T+4372625172us][CH2-Pc    ] F0
[T+4372631201us][CH1-Dispenser] F0 F8
[T+4372703305us][CH1-Dispenser] E0
[T+4372703173us][CH2-Pc    ] E0
[T+4372878308us][CH1-Dispenser] E1
[T+4372878173us][CH2-Pc    ] E1
[T+4373044172us][CH2-Pc    ] F0
[T+4373051816us][CH1-Dispenser] F0 F8
[T+4373122172us][CH2-Pc    ] F1
[T+4373127172us][CH1-Dispenser] F1 F5
[T+4373149172us][CH2-Pc    ] F9
[T+4373162172us][CH1-Dispenser] F9 28 B9 70
[T+4373228196us][CH2-Pc    ] E1
[T+4373237779us][CH1-Dispenser] E1 E9
[T+4373306172us][CH2-Pc    ] F0
[T+4373310172us][CH1-Dispenser] F0 F8
[T+4373385305us][CH1-Dispenser] E0
[T+4373385173us][CH2-Pc    ] E0
[T+4373559305us][CH1-Dispenser] E1
[T+4373559173us][CH2-Pc    ] E1
[T+4373734172us][CH2-Pc    ] F0
[T+4373740201us][CH1-Dispenser] F0 F8
[T+4373816172us][CH1-Dispenser] F1 F5
[T+4373812172us][CH2-Pc    ] F1
[T+4373840173us][CH2-Pc    ] F9
[T+4373852304us][CH1-Dispenser] F9 68 F0 70
[T+4373918197us][CH2-Pc    ] E1
[T+4373929876us][CH1-Dispenser] E1 E9
[T+4373996172us][CH2-Pc    ] F0
[T+4374000172us][CH1-Dispenser] F0 F8
[T+4374074305us][CH1-Dispenser] E0
[T+4374074173us][CH2-Pc    ] E0
[T+4374249305us][CH1-Dispenser] E1
[T+4374249173us][CH2-Pc    ] E1
[T+4374423196us][CH2-Pc    ] F0
[T+4374433179us][CH1-Dispenser] F0 F8
[T+4374510172us][CH1-Dispenser] F1 F5
[T+4374506172us][CH2-Pc    ] F1
[T+4374534196us][CH2-Pc    ] F9
[T+4374547172us][CH1-Dispenser] F9 B8 28 A3
[T+4374612172us][CH2-Pc    ] E1
[T+4374615174us][CH1-Dispenser] E1 E9
[T+4374679172us][CH2-Pc    ] F0
[T+4374685202us][CH1-Dispenser] F0 F8
[T+4374757310us][CH1-Dispenser] E0
[T+4374757174us][CH2-Pc    ] E0
[T+4374942305us][CH1-Dispenser] E1
[T+4374942173us][CH2-Pc    ] E1
[T+4375106172us][CH2-Pc    ] F0
[T+4375111173us][CH1-Dispenser] F0 F8
[T+4375184172us][CH2-Pc    ] F1
[T+4375190201us][CH1-Dispenser] F1 F5
[T+4375211172us][CH2-Pc    ] F9
[T+4375221179us][CH1-Dispenser] F9 38 3A 70
[T+4375291172us][CH2-Pc    ] E1
[T+4375296172us][CH1-Dispenser] E1 E9
[T+4375369172us][CH2-Pc    ] F0
[T+4375375200us][CH1-Dispenser] F0 F8
[T+4375447306us][CH1-Dispenser] E0
[T+4375447174us][CH2-Pc    ] E0
[T+4375622312us][CH1-Dispenser] E1
[T+4375622175us][CH2-Pc    ] E1
[T+4375796196us][CH2-Pc    ] F0
[T+4375802200us][CH1-Dispenser] F0 F8
[T+4375875172us][CH2-Pc    ] F1
[T+4375881200us][CH1-Dispenser] F1 F5
[T+4375904172us][CH2-Pc    ] F9
[T+4375917172us][CH1-Dispenser] F9 B9 28 28
[T+4375982172us][CH2-Pc    ] E1
[T+4375986172us][CH1-Dispenser] E1 E9
[T+4376060172us][CH2-Pc    ] F0
[T+4376067811us][CH1-Dispenser] F0 F8
[T+4376138310us][CH1-Dispenser] E0
[T+4376138174us][CH2-Pc    ] E0
[T+4376313307us][CH1-Dispenser] E1
[T+4376313173us][CH2-Pc    ] E1
[T+4376488172us][CH2-Pc    ] F0
[T+4376496172us][CH1-Dispenser] F0 F8
[T+4376566172us][CH2-Pc    ] F1
[T+4376572200us][CH1-Dispenser] F1 F5
[T+4376593172us][CH2-Pc    ] F9
[T+4376606172us][CH1-Dispenser] F9 38 76 CF F8
[T+4376673172us][CH2-Pc    ] E1
[T+4376682172us][CH1-Dispenser] E1 E9
[T+4376752172us][CH2-Pc    ] F0
[T+4376755172us][CH1-Dispenser] F0 F8
[T+4376830304us][CH1-Dispenser] E0
[T+4376830173us][CH2-Pc    ] E0
[T+4377005304us][CH1-Dispenser] E1
[T+4377005173us][CH2-Pc    ] E1
[T+4377168172us][CH2-Pc    ] F0
[T+4377178179us][CH1-Dispenser] F0 F8
[T+4377247172us][CH2-Pc    ] F1
[T+4377252172us][CH1-Dispenser] F1 F5
[T+4377274172us][CH2-Pc    ] F9
[T+4377288172us][CH1-Dispenser] F9 39 F9 CF
[T+4377364172us][CH2-Pc    ] E1
[T+4377370200us][CH1-Dispenser] E1 E9
[T+4377442172us][CH2-Pc    ] F0
[T+4377446172us][CH1-Dispenser] F0 F8
[T+4377520305us][CH1-Dispenser] E0
[T+4377520173us][CH2-Pc    ] E0
[T+4377684307us][CH1-Dispenser] E1
[T+4377684173us][CH2-Pc    ] E1
[T+4377859172us][CH2-Pc    ] F0
[T+4377867179us][CH1-Dispenser] F0 F8
[T+4377953172us][CH2-Pc    ] F1 F9
[T+4377968172us][CH1-Dispenser] F1 F5 F9 78 69 E8
[T+4378042172us][CH2-Pc    ] E1
[T+4378051179us][CH1-Dispenser] E1 E9
[T+4378125173us][CH1-Dispenser] F0 E8
[T+4378121172us][CH2-Pc    ] F0
[T+4378199305us][CH1-Dispenser] E0
[T+4378199173us][CH2-Pc    ] E0
[T+4378375309us][CH1-Dispenser] E1
[T+4378375174us][CH2-Pc    ] E1
[T+4378550172us][CH2-Pc    ] F0
[T+4378555172us][CH1-Dispenser] F0 F8
[T+4378628172us][CH2-Pc    ] F1
[T+4378656172us][CH2-Pc    ] F9
[T+4378668711us][CH1-Dispenser] F1 F5 F9 A8 29 28
[T+4378734197us][CH2-Pc    ] E1
[T+4378741172us][CH1-Dispenser] E1 E9
[T+4378812172us][CH2-Pc    ] F0
[T+4378815172us][CH1-Dispenser] F0 F8
[T+4378879306us][CH1-Dispenser] E0
[T+4378879173us][CH2-Pc    ] E0
[T+4379050304us][CH1-Dispenser] E1
[T+4379050173us][CH2-Pc    ] E1
[T+4379225172us][CH2-Pc    ] F0
[T+4379232172us][CH1-Dispenser] F0 F8
[T+4379303172us][CH2-Pc    ] F1
[T+4379330172us][CH2-Pc    ] F9
[T+4379342213us][CH1-Dispenser] F1 F5 F9 3A 2A 28
[T+4379409172us][CH2-Pc    ] E1
[T+4379415202us][CH1-Dispenser] E1 E9
[T+4379487172us][CH2-Pc    ] F0
[T+4379492172us][CH1-Dispenser] F0 F8
[T+4379565306us][CH1-Dispenser] E0
[T+4379565173us][CH2-Pc    ] E0
[T+4379740305us][CH1-Dispenser] E1
[T+4379740173us][CH2-Pc    ] E1
[T+4379904172us][CH2-Pc    ] F0
[T+4379912172us][CH1-Dispenser] F0 F8
[T+4379982172us][CH2-Pc    ] F1
[T+4380009172us][CH2-Pc    ] F9
[T+4380022173us][CH1-Dispenser] F1 F5 F9 E8 6A 28
[T+4380088197us][CH2-Pc    ] E1
[T+4380096172us][CH1-Dispenser] E1 E9
[T+4380166172us][CH2-Pc    ] F0
[T+4380170172us][CH1-Dispenser] F0 F8
[T+4380234313us][CH1-Dispenser] E0
[T+4380234173us][CH2-Pc    ] E0
[T+4380409309us][CH1-Dispenser] E1
[T+4380409174us][CH2-Pc    ] E1
[T+4380584172us][CH2-Pc    ] F0
[T+4380595179us][CH1-Dispenser] F0 F8
[T+4380662172us][CH2-Pc    ] F1
[T+4380667173us][CH1-Dispenser] F1 F5
[T+4380689172us][CH2-Pc    ] F9
[T+4380702172us][CH1-Dispenser] F9 2A 39 87 F8
[T+4380768197us][CH2-Pc    ] E1
[T+4380779179us][CH1-Dispenser] E1 E9
[T+4380848172us][CH2-Pc    ] F0
[T+4380856179us][CH1-Dispenser] F0 F8
[T+4380926309us][CH1-Dispenser] E0
[T+4380926173us][CH2-Pc    ] E0
[T+4381090305us][CH1-Dispenser] E1
[T+4381090173us][CH2-Pc    ] E1
[T+4381265172us][CH2-Pc    ] F0
[T+4381273172us][CH1-Dispenser] F0 F8
[T+4381343172us][CH2-Pc    ] F1
[T+4381371172us][CH2-Pc    ] F9
[T+4381382179us][CH1-Dispenser] F1 F5 F9 B9 7A 28
[T+4381462172us][CH2-Pc    ] E1
[T+4381466172us][CH1-Dispenser] E1 E9
[T+4381540172us][CH2-Pc    ] F0
[T+4381545172us][CH1-Dispenser] F0 F8
[T+4381618306us][CH1-Dispenser] E0
[T+4381618174us][CH2-Pc    ] E0
[T+4381803307us][CH1-Dispenser] E1
[T+4381803174us][CH2-Pc    ] E1
[T+4381967175us][CH2-Pc    ] F0
[T+4381973203us][CH1-Dispenser] F0 F8
[T+4382037172us][CH2-Pc    ] F1
[T+4382041172us][CH1-Dispenser] F1 F5
[T+4382065196us][CH2-Pc    ] F9
[T+4382080177us][CH1-Dispenser] F9 38 38 29
[T+4382155172us][CH2-Pc    ] E1
[T+4382163172us][CH1-Dispenser] E1 E9
[T+4382233172us][CH2-Pc    ] F0
[T+4382242786us][CH1-Dispenser] F0 F8
[T+4382311304us][CH1-Dispenser] E0
[T+4382311173us][CH2-Pc    ] E0
[T+4382482309us][CH1-Dispenser] E1
[T+4382482174us][CH2-Pc    ] E1
[T+4382657172us][CH2-Pc    ] F0
[T+4382662173us][CH1-Dispenser] F0 F8
[T+4382735172us][CH2-Pc    ] F1
[T+4382741200us][CH1-Dispenser] F1 F5
[T+4382762172us][CH2-Pc    ] F9
[T+4382774213us][CH1-Dispenser] F9 38 38 29
[T+4382840197us][CH2-Pc    ] E1
[T+4382846201us][CH1-Dispenser] E1 E9
[T+4382918196us][CH2-Pc    ] F0
[T+4382925172us][CH1-Dispenser] F0 F8
[T+4382997309us][CH1-Dispenser] E0
[T+4382997173us][CH2-Pc    ] E0
[T+4383171307us][CH1-Dispenser] E1
[T+4383171174us][CH2-Pc    ] E1
[T+4383346172us][CH2-Pc    ] F0
[T+4383353812us][CH1-Dispenser] F0 F8
[T+4383424172us][CH2-Pc    ] F1
[T+4383452172us][CH2-Pc    ] F9
[T+4383463872us][CH1-Dispenser] F1 F5 F9 38 38 29
[T+4383530172us][CH2-Pc    ] E1
[T+4383536200us][CH1-Dispenser] E1 E9
[T+4383608204us][CH2-Pc    ] F0
[T+4383615821us][CH1-Dispenser] F0 F8
[T+4383686305us][CH1-Dispenser] E0
[T+4383686173us][CH2-Pc    ] E0
[T+4383861305us][CH1-Dispenser] E1
[T+4383861173us][CH2-Pc    ] E1
[T+4384035197us][CH2-Pc    ] F0
[T+4384042172us][CH1-Dispenser] F0 F8
[T+4384114196us][CH2-Pc    ] F1
[T+4384141172us][CH2-Pc    ] F9
[T+4384154172us][CH1-Dispenser] F1 F5 F9 38 38 29
[T+4384220205us][CH2-Pc    ] E1
[T+4384226200us][CH1-Dispenser] E1 E9
[T+4384298196us][CH2-Pc    ] F0
[T+4384307172us][CH1-Dispenser] F0 F8
[T+4384376308us][CH1-Dispenser] E0
[T+4384376174us][CH2-Pc    ] E0
[T+4384551306us][CH1-Dispenser] E1
[T+4384551173us][CH2-Pc    ] E1
[T+4384715172us][CH2-Pc    ] F0
[T+4384721200us][CH1-Dispenser] F0 F8
[T+4384793196us][CH2-Pc    ] F1
[T+4384821172us][CH2-Pc    ] F9
[T+4384833089us][CH1-Dispenser] F1 F5 F9 38 38 29
[T+4384899196us][CH2-Pc    ] E1
[T+4384907172us][CH1-Dispenser] E1 E9
[T+4384977172us][CH2-Pc    ] F0
[T+4384985172us][CH1-Dispenser] F0 F8
[T+4385055304us][CH1-Dispenser] E0
[T+4385055173us][CH2-Pc    ] E0
[T+4385241310us][CH1-Dispenser] E1
[T+4385241173us][CH2-Pc    ] E1
[T+4385405172us][CH2-Pc    ] F0
[T+4385412810us][CH1-Dispenser] F0 F8
[T+4385498172us][CH2-Pc    ] F1 F9
[T+4385513176us][CH1-Dispenser] F1 F5 F9 38 38 29
[T+4385589172us][CH2-Pc    ] E1
[T+4385597179us][CH1-Dispenser] E1 E9
[T+4385671172us][CH1-Dispenser] F0 F8
[T+4385667172us][CH2-Pc    ] F0
[T+4385745304us][CH1-Dispenser] E0
[T+4385745173us][CH2-Pc    ] E0
[T+4385920308us][CH1-Dispenser] E1
[T+4385920173us][CH2-Pc    ] E1
[T+4386095172us][CH2-Pc    ] F0
[T+4386101201us][CH1-Dispenser] F0 F8
[T+4386173172us][CH2-Pc    ] F1
[T+4386178172us][CH1-Dispenser] F1 F5
[T+4386200172us][CH2-Pc    ] F9
[T+4386213172us][CH1-Dispenser] F9 38 78 29
[T+4386279197us][CH2-Pc    ] E1
[T+4386286811us][CH1-Dispenser] E1 E9
[T+4386357172us][CH2-Pc    ] F0
[T+4386363200us][CH1-Dispenser] F0 F8
[T+4386435304us][CH1-Dispenser] E0
[T+4386435173us][CH2-Pc    ] E0
[T+4386610306us][CH1-Dispenser] E1
[T+4386610173us][CH2-Pc    ] E1
[T+4386784201us][CH2-Pc    ] F0
[T+4386792172us][CH1-Dispenser] F0 F8
[T+4386879172us][CH2-Pc    ] F1 F9
[T+4386893172us][CH1-Dispenser] F1 F5 F9 38 38 29
[T+4386959197us][CH2-Pc    ] E1
[T+4386969179us][CH1-Dispenser] E1 E9
[T+4387037172us][CH2-Pc    ] F0
[T+4387042172us][CH1-Dispenser] F0 F8
[T+4387115305us][CH1-Dispenser] E0
[T+4387115173us][CH2-Pc    ] E0
[T+4387280304us][CH1-Dispenser] E1
[T+4387280173us][CH2-Pc    ] E1
[T+4387454197us][CH2-Pc    ] F0
[T+4387461172us][CH1-Dispenser] F0 F8
[T+4387533172us][CH2-Pc    ] F1
[T+4387538172us][CH1-Dispenser] F1 F5
[T+4387560172us][CH2-Pc    ] F9
[T+4387575172us][CH1-Dispenser] F9 38 F8 29
[T+4387649172us][CH2-Pc    ] E1
[T+4387657172us][CH1-Dispenser] E1 E9
[T+4387727172us][CH2-Pc    ] F0
[T+4387731172us][CH1-Dispenser] F0 F8
[T+4387805312us][CH1-Dispenser] E0
[T+4387805176us][CH2-Pc    ] E0
[T+4387991305us][CH1-Dispenser] E1
[T+4387991173us][CH2-Pc    ] E1
[T+4388157172us][CH2-Pc    ] F0
[T+4388162173us][CH1-Dispenser] F0 F8
[T+4388236172us][CH2-Pc    ] F1
[T+4388242201us][CH1-Dispenser] F1 F5
[T+4388263172us][CH2-Pc    ] F9
[T+4388274179us][CH1-Dispenser] F9 38 38 29
[T+4388341172us][CH2-Pc    ] E1
[T+4388347201us][CH1-Dispenser] E1 E9
[T+4388419203us][CH2-Pc    ] F0
[T+4388426172us][CH1-Dispenser] F0 F8
[T+4388497304us][CH1-Dispenser] E0
[T+4388497173us][CH2-Pc    ] E0
[T+4388672310us][CH1-Dispenser] E1
[T+4388672174us][CH2-Pc    ] E1
[T+4388847173us][CH2-Pc    ] F0
[T+4388851172us][CH1-Dispenser] F0 F8
[T+4388925172us][CH2-Pc    ] F1
[T+4388952172us][CH2-Pc    ] F9
[T+4388963786us][CH1-Dispenser] F1 F5 F9 38 38 29
[T+4389031172us][CH2-Pc    ] E1
[T+4389037208us][CH1-Dispenser] E1 E9
[T+4389110172us][CH2-Pc    ] F0
[T+4389118179us][CH1-Dispenser] F0 F8
[T+4389188305us][CH1-Dispenser] E0
[T+4389188173us][CH2-Pc    ] E0
[T+4389363306us][CH1-Dispenser] E1
[T+4389363173us][CH2-Pc    ] E1
[T+4389537172us][CH2-Pc    ] F0
[T+4389542172us][CH1-Dispenser] F0 F8
[T+4389615172us][CH2-Pc    ] F1
[T+4389621202us][CH1-Dispenser] F1 F1
[T+4390194172us][CH2-Pc    ] E1
[T+4390201172us][CH1-Dispenser] E1 E9
[T+4390272172us][CH2-Pc    ] F0
[T+4390277172us][CH1-Dispenser] F0 F8
[T+4390341304us][CH1-Dispenser] E0
[T+4390341173us][CH2-Pc    ] E0
[T+4390517307us][CH1-Dispenser] E1
[T+4390517173us][CH2-Pc    ] E1
[T+4390693172us][CH2-Pc    ] F0
[T+4390697173us][CH1-Dispenser] F0 F8
[T+4390771172us][CH2-Pc    ] F1
[T+4390776175us][CH1-Dispenser] F1 F9
[T+4391349172us][CH2-Pc    ] E1
[T+4391356172us][CH1-Dispenser] E1 E9
[T+4391427172us][CH2-Pc    ] F0
[T+4391432172us][CH1-Dispenser] F0 F8
[T+4391505305us][CH1-Dispenser] E0
[T+4391505173us][CH2-Pc    ] E0
[T+4391669304us][CH1-Dispenser] E1
[T+4391669173us][CH2-Pc    ] E1
[T+4391844172us][CH2-Pc    ] F0
[T+4391854184us][CH1-Dispenser] F0 F8
[T+4391922172us][CH2-Pc    ] F1
[T+4391928200us][CH1-Dispenser] F1 F9
[T+4391949172us][CH2-Pc    ] E9
[T+4392000172us][CH1-Dispenser] E9 6F 7E 33 78 2D BC B8 28 78 B8 76 71 71 38 29 FF B1
[T+4392022172us][CH2-Pc    ] FD
[T+4392152172us][CH1-Dispenser] FD AF 70 7B 8F B9 B8 72 72 93 29 72 83 3C 79 23 8B 38 B8 70 F5 D5 87 B8 B9 74 72 A7 A9 2A 38 28 7C 38 B8 35 73 97 AA 74 EF EF B1 38 F2 72 D5 B9 33 8B 38 78 3B FF
[T+4392220172us][CH2-Pc    ] E1
[T+4392226201us][CH1-Dispenser] E1 E9
[T+4392302172us][CH1-Dispenser] F0 F8
[T+4392298172us][CH2-Pc    ] F0
[T+4392377306us][CH1-Dispenser] E0
[T+4392377173us][CH2-Pc    ] E0
[T+4392552306us][CH1-Dispenser] E1
[T+4392552173us][CH2-Pc    ] E1
[T+4392719172us][CH2-Pc    ] F0
[T+4392726172us][CH1-Dispenser] F0 F8
[T+4392797172us][CH2-Pc    ] F1
[T+4392802172us][CH1-Dispenser] F1 E9
[T+4392824173us][CH2-Pc    ] E9
[T+4392896172us][CH1-Dispenser] E9 2F BE 70 38 2D FC 78 68 3B F8 37 F1 8F 38 38 71 29 FF FD
[T+4392897172us][CH2-Pc    ] FD
[T+4393028172us][CH1-Dispenser] AF 71 7B 8F B9 B8 72 25 AB 29 72 83 3C 79 23 8B 38 B8 33 75 A5 39 70 97 2F A8 3A 76 87 3C 78 33 8B 38 B8 35 73 97 AA 74 EF AF 74 AA A8 70 87 B9 E5 83 38 78 3B FF
[T+4393105172us][CH2-Pc    ] E1
[T+4393113172us][CH1-Dispenser] E1 E9
[T+4393183172us][CH2-Pc    ] F0
[T+4393187172us][CH1-Dispenser] F0 F8
[T+4393261304us][CH1-Dispenser] E0
[T+4393261173us][CH2-Pc    ] E0
[T+4393436320us][CH1-Dispenser] E1
[T+4393436180us][CH2-Pc    ] E1
[T+4393610172us][CH2-Pc    ] F0
[T+4393617172us][CH1-Dispenser] F0 F8
[T+4393689172us][CH2-Pc    ] F1
[T+4393693173us][CH1-Dispenser] F1 E9
[T+4393767172us][CH2-Pc    ] E1
[T+4393772174us][CH1-Dispenser] E1 E9
[T+4393845172us][CH2-Pc    ] F0
[T+4393851205us][CH1-Dispenser] F0 F8
[T+4393923307us][CH1-Dispenser] E0
[T+4393923173us][CH2-Pc    ] E0
[T+4394100305us][CH1-Dispenser] E1
[T+4394100173us][CH2-Pc    ] E1
[T+4394264172us][CH2-Pc    ] F0
[T+4394268172us][CH1-Dispenser] F0 F8
[T+4394342172us][CH2-Pc    ] F1
[T+4394347172us][CH1-Dispenser] F1 F9
[T+4394425197us][CH2-Pc    ] E1
[T+4394432172us][CH1-Dispenser] E1 E9
[T+4394503172us][CH2-Pc    ] F0
[T+4394507172us][CH1-Dispenser] F0 F8
[T+4394582304us][CH1-Dispenser] E0
[T+4394582173us][CH2-Pc    ] E0
[T+4394747307us][CH1-Dispenser] E1
[T+4394747174us][CH2-Pc    ] E1
[T+4394922172us][CH2-Pc    ] F0
[T+4394929172us][CH1-Dispenser] F0 F8
[T+4395000172us][CH2-Pc    ] F1
[T+4395008172us][CH1-Dispenser] F1 F9
[T+4395076175us][CH2-Pc    ] E1
[T+4395082202us][CH1-Dispenser] E1 E9
[T+4395161172us][CH2-Pc    ] F0
[T+4395167202us][CH1-Dispenser] F0 F8
[T+4395240305us][CH1-Dispenser] E0
[T+4395240173us][CH2-Pc    ] E0
[T+4395404306us][CH1-Dispenser] E1
[T+4395404173us][CH2-Pc    ] E1
[T+4395583172us][CH1-Dispenser] F0 F8
[T+4395579172us][CH2-Pc    ] F0
[T+4395649196us][CH2-Pc    ] F1
[T+4395659184us][CH1-Dispenser] F1 F9
[T+4395728172us][CH2-Pc    ] E1
[T+4395733172us][CH1-Dispenser] E1 E9
[T+4395814172us][CH2-Pc    ] F0
[T+4395824180us][CH1-Dispenser] F0 F8
[T+4395893308us][CH1-Dispenser] E0
[T+4395893174us][CH2-Pc    ] E0
[T+4396087305us][CH1-Dispenser] E1
[T+4396087173us][CH2-Pc    ] E1
[T+4396263172us][CH2-Pc    ] F0
[T+4396268172us][CH1-Dispenser] F0 F8
[T+4396337172us][CH2-Pc    ] F1
[T+4396342172us][CH1-Dispenser] F1 F9
[T+4396410173us][CH2-Pc    ] E1
[T+4396417172us][CH1-Dispenser] E1 E9
[T+4396495197us][CH2-Pc    ] F0
[T+4396502172us][CH1-Dispenser] F0 F8
[T+4396573306us][CH1-Dispenser] E0
[T+4396573173us][CH2-Pc    ] E0
[T+4396748305us][CH1-Dispenser] E1
[T+4396748173us][CH2-Pc    ] E1
[T+4396927173us][CH1-Dispenser] F0 F8
[T+4396923172us][CH2-Pc    ] F0
[T+4397001172us][CH2-Pc    ] F1
[T+4397006172us][CH1-Dispenser] F1 F9
[T+4397079172us][CH2-Pc    ] E1
[T+4397088172us][CH1-Dispenser] E1 E9
[T+4397160197us][CH2-Pc    ] F0
[T+4397167172us][CH1-Dispenser] F0 F8
[T+4397239304us][CH1-Dispenser] E0
[T+4397239173us][CH2-Pc    ] E0
[T+4397402307us][CH1-Dispenser] E1
[T+4397402173us][CH2-Pc    ] E1
[T+4397577172us][CH2-Pc    ] F0
[T+4397583200us][CH1-Dispenser] F0 F8
[T+4397655197us][CH2-Pc    ] F1
[T+4397662172us][CH1-Dispenser] F1 F9
[T+4397733172us][CH2-Pc    ] E1
[T+4397736174us][CH1-Dispenser] E1 E9
[T+4397801194us][CH2-Pc    ] F0
[T+4397807173us][CH1-Dispenser] F0 F8
[T+4397879309us][CH1-Dispenser] E0
[T+4397879174us][CH2-Pc    ] E0
[T+4398043306us][CH1-Dispenser] E1
[T+4398043173us][CH2-Pc    ] E1
[T+4398218172us][CH2-Pc    ] F0
[T+4398223172us][CH1-Dispenser] F0 F8
[T+4398296172us][CH2-Pc    ] F1
[T+4398302200us][CH1-Dispenser] F1 F9
[T+4398374196us][CH2-Pc    ] E1
[T+4398384179us][CH1-Dispenser] E1 E9
[T+4398452220us][CH2-Pc    ] F0
[T+4398457173us][CH1-Dispenser] F0 F8
[T+4398530304us][CH1-Dispenser] E0
[T+4398530173us][CH2-Pc    ] E0
[T+4398705311us][CH1-Dispenser] E1
[T+4398705174us][CH2-Pc    ] E1
[T+4398880172us][CH2-Pc    ] F0
[T+4398888172us][CH1-Dispenser] F0 F8
[T+4398961172us][CH1-Dispenser] F1 F9
[T+4398958172us][CH2-Pc    ] F1
[T+4399025172us][CH2-Pc    ] E1
[T+4399034172us][CH1-Dispenser] E1 E9
[T+4399103172us][CH2-Pc    ] F0
[T+4399108173us][CH1-Dispenser] F0 E8
[T+4399182305us][CH1-Dispenser] E0
[T+4399182173us][CH2-Pc    ] E0
[T+4399357308us][CH1-Dispenser] E1
[T+4399357173us][CH2-Pc    ] E1
[T+4399531196us][CH2-Pc    ] F0
[T+4399538172us][CH1-Dispenser] F0 F8
[T+4399609172us][CH2-Pc    ] F1
[T+4399617795us][CH1-Dispenser] F1 F9
[T+4399690172us][CH2-Pc    ] E1
[T+4399697172us][CH1-Dispenser] E1 E9
[T+4399768172us][CH2-Pc    ] F0
[T+4399772172us][CH1-Dispenser] F0 F8
[T+4399846307us][CH1-Dispenser] E0
[T+4399846173us][CH2-Pc    ] E0
[T+4400020307us][CH1-Dispenser] E1
[T+4400020174us][CH2-Pc    ] E1
[T+4400185172us][CH2-Pc    ] F0
[T+4400192797us][CH1-Dispenser] F0 F8
[T+4400263172us][CH2-Pc    ] F1
[T+4400268172us][CH1-Dispenser] F1 F9
[T+4400343172us][CH2-Pc    ] E1
[T+4400347172us][CH1-Dispenser] E1 E9
[T+4400421172us][CH2-Pc    ] F0
[T+4400426172us][CH1-Dispenser] F0 F8
[T+4400499304us][CH1-Dispenser] E0
[T+4400499174us][CH2-Pc    ] E0
[T+4400674307us][CH1-Dispenser] E1
[T+4400674173us][CH2-Pc    ] E1
[T+4400852268us][CH1-Dispenser] F0 F8
[T+4400849172us][CH2-Pc    ] F0
[T+4400916172us][CH2-Pc    ] F1
[T+4400922200us][CH1-Dispenser] F1 F9
[T+4400994196us][CH2-Pc    ] E1
[T+4401001172us][CH1-Dispenser] E1 E9
[T+4401072172us][CH2-Pc    ] F0
[T+4401077172us][CH1-Dispenser] F0 F8
[T+4401150306us][CH1-Dispenser] E0
[T+4401150173us][CH2-Pc    ] E0
[T+4401325309us][CH1-Dispenser] E1
[T+4401325173us][CH2-Pc    ] E1
[T+4401500172us][CH2-Pc    ] F0
[T+4401507172us][CH1-Dispenser] F0 F8
[T+4401578172us][CH2-Pc    ] F1
[T+4401583172us][CH1-Dispenser] F1 E9
[T+4401656172us][CH2-Pc    ] E1
[T+4401663801us][CH1-Dispenser] E1 E9
[T+4401734172us][CH2-Pc    ] F0
[T+4401742172us][CH1-Dispenser] F0 F8
[T+4401812307us][CH1-Dispenser] E0
[T+4401812173us][CH2-Pc    ] E0
[T+4401987308us][CH1-Dispenser] E1
[T+4401987173us][CH2-Pc    ] E1
[T+4402162172us][CH2-Pc    ] F0
[T+4402169172us][CH1-Dispenser] F0 F8
[T+4402240172us][CH2-Pc    ] F1
[T+4402248172us][CH1-Dispenser] F1 F9
[T+4402319172us][CH2-Pc    ] E1
[T+4402322172us][CH1-Dispenser] E1 E9
[T+4402396172us][CH2-Pc    ] F0
[T+4402401172us][CH1-Dispenser] F0 F8
[T+4402475304us][CH1-Dispenser] E0
[T+4402475173us][CH2-Pc    ] E0
[T+4402639305us][CH1-Dispenser] E1
[T+4402639173us][CH2-Pc    ] E1
[T+4402813172us][CH2-Pc    ] F0
[T+4402817172us][CH1-Dispenser] F0 F8
[T+4402892172us][CH2-Pc    ] F1
[T+4402898200us][CH1-Dispenser] F1 F9
[T+4402971172us][CH2-Pc    ] E1
[T+4402978172us][CH1-Dispenser] E1 E9
[T+4403051172us][CH2-Pc    ] F0
[T+4403057200us][CH1-Dispenser] F0 F8
[T+4403129305us][CH1-Dispenser] E0
[T+4403129173us][CH2-Pc    ] E0
[T+4403293308us][CH1-Dispenser] E1
[T+4403293173us][CH2-Pc    ] E1
[T+4403468172us][CH2-Pc    ] F0
[T+4403473173us][CH1-Dispenser] F0 F8
[T+4403546172us][CH2-Pc    ] F1
[T+4403554172us][CH1-Dispenser] F1 F9
[T+4403624172us][CH2-Pc    ] E1
[T+4403629173us][CH1-Dispenser] E1 E9
[T+4403702172us][CH2-Pc    ] F0
[T+4403708201us][CH1-Dispenser] F0 F8
[T+4403781310us][CH1-Dispenser] E0
[T+4403781175us][CH2-Pc    ] E0
[T+4403955308us][CH1-Dispenser] E1
[T+4403955173us][CH2-Pc    ] E1
[T+4404130172us][CH2-Pc    ] F0
[T+4404138172us][CH1-Dispenser] F0 F8
[T+4404208172us][CH2-Pc    ] F1
[T+4404212172us][CH1-Dispenser] F1 F9
[T+4404286172us][CH2-Pc    ] E1
[T+4404293172us][CH1-Dispenser] E1 E9
[T+4404364172us][CH2-Pc    ] F0
[T+4404373179us][CH1-Dispenser] F0 E8
[T+4404442306us][CH1-Dispenser] E0
[T+4404442173us][CH2-Pc    ] E0
[T+4404606311us][CH1-Dispenser] E1
[T+4404606175us][CH2-Pc    ] E1
[T+4404781172us][CH2-Pc    ] F0
[T+4404790172us][CH1-Dispenser] F0 F8
[T+4404859172us][CH2-Pc    ] F1
[T+4404863172us][CH1-Dispenser] F1 F9
[T+4404927172us][CH2-Pc    ] E1
[T+4404933200us][CH1-Dispenser] E1 E9
[T+4405005196us][CH2-Pc    ] F0
[T+4405014179us][CH1-Dispenser] F0 F8
[T+4405084305us][CH1-Dispenser] E0
[T+4405084173us][CH2-Pc    ] E0
[T+4405248304us][CH1-Dispenser] E1
[T+4405248173us][CH2-Pc    ] E1
[T+4405423172us][CH2-Pc    ] F0
[T+4405428174us][CH1-Dispenser] F0 F8
[T+4405501172us][CH2-Pc    ] F1
[T+4405509172us][CH1-Dispenser] F1 F9
[T+4405582172us][CH1-Dispenser] E1 E9
[T+4405579172us][CH2-Pc    ] E1
[T+4405646173us][CH2-Pc    ] F0
[T+4405654172us][CH1-Dispenser] F0 F8
[T+4405725309us][CH1-Dispenser] E0
[T+4405725173us][CH2-Pc    ] E0
[T+4405889173us][CH1-Dispenser] E1
[T+4405888172us][CH2-Pc    ] E1
[T+4406063174us][CH2-Pc    ] F0
[T+4406068172us][CH1-Dispenser] F0 F8
[T+4406153172us][CH2-Pc    ] F1
[T+4406160172us][CH1-Dispenser] F1 F9
[T+4406231172us][CH2-Pc    ] E1
[T+4406238172us][CH1-Dispenser] E1 E9
[T+4406309172us][CH2-Pc    ] F0
[T+4406320180us][CH1-Dispenser] F0 F8
[T+4406388310us][CH1-Dispenser] E0
[T+4406388174us][CH2-Pc    ] E0
[T+4406562304us][CH1-Dispenser] E1
[T+4406562173us][CH2-Pc    ] E1
[T+4406742197us][CH2-Pc    ] F0
[T+4406749172us][CH1-Dispenser] F0 F8
[T+4406820172us][CH2-Pc    ] F1
[T+4406828172us][CH1-Dispenser] F1 F9
[T+4406898172us][CH2-Pc    ] E1
[T+4406904200us][CH1-Dispenser] E1 E9
[T+4406976196us][CH2-Pc    ] F0
[T+4406985179us][CH1-Dispenser] F0 F8
[T+4407054172us][CH2-Pc    ] E0
[T+4407055172us][CH1-Dispenser] E0
[T+4407240308us][CH1-Dispenser] E1
[T+4407240174us][CH2-Pc    ] E1
[T+4407404172us][CH2-Pc    ] F0
[T+4407409172us][CH1-Dispenser] F0 F8
[T+4407482172us][CH2-Pc    ] F1
[T+4407488200us][CH1-Dispenser] F1 F9
[T+4407560196us][CH2-Pc    ] E1
[T+4407571179us][CH1-Dispenser] E1 FA
[T+4407638172us][CH2-Pc    ] F0
[T+4407643313us][CH1-Dispenser] F0 F8
[T+4407717305us][CH1-Dispenser] E0
[T+4407717173us][CH2-Pc    ] E0
[T+4407891308us][CH1-Dispenser] E1
[T+4407891173us][CH2-Pc    ] E1
[T+4408066172us][CH2-Pc    ] F0
[T+4408073172us][CH1-Dispenser] F0 F8
[T+4408144172us][CH2-Pc    ] F1
[T+4408147172us][CH1-Dispenser] F1 E9
[T+4408212172us][CH2-Pc    ] E1
[T+4408218201us][CH1-Dispenser] E1 E9
[T+4408290197us][CH2-Pc    ] F0
[T+4408297172us][CH1-Dispenser] F0 F8
[T+4408375306us][CH1-Dispenser] E0
[T+4408375174us][CH2-Pc    ] E0
[T+4408550304us][CH1-Dispenser] E1
[T+4408550173us][CH2-Pc    ] E1
[T+4408725172us][CH2-Pc    ] F0
[T+4408733802us][CH1-Dispenser] F0 F8
[T+4408803172us][CH2-Pc    ] F1
[T+4408809201us][CH1-Dispenser] F1 F9
[T+4408881197us][CH2-Pc    ] E1
[T+4408888172us][CH1-Dispenser] E1 E9
[T+4408962172us][CH1-Dispenser] F0 F8
[T+4408959172us][CH2-Pc    ] F0
[T+4409028307us][CH1-Dispenser] E0
[T+4409028173us][CH2-Pc    ] E0
[T+4409204323us][CH1-Dispenser] E1
[T+4409204188us][CH2-Pc    ] E1
[T+4409379173us][CH2-Pc    ] F0
[T+4409383172us][CH1-Dispenser] F0 F8
[T+4409457172us][CH2-Pc    ] F1
[T+4409463201us][CH1-Dispenser] F1 F9
[T+4409545172us][CH2-Pc    ] E1
[T+4409553172us][CH1-Dispenser] E1 E9
[T+4409623172us][CH2-Pc    ] F0
[T+4409627174us][CH1-Dispenser] F0 F8
[T+4409701306us][CH1-Dispenser] E0
[T+4409701173us][CH2-Pc    ] E0
[T+4409876307us][CH1-Dispenser] E1
[T+4409876173us][CH2-Pc    ] E1
[T+4410051172us][CH2-Pc    ] F0
[T+4410059803us][CH1-Dispenser] F0 F8
[T+4410129173us][CH2-Pc    ] F1
[T+4410133173us][CH1-Dispenser] F1 F9
[T+4410207172us][CH2-Pc    ] E1
[T+4410212172us][CH1-Dispenser] E1 E9
[T+4410298172us][CH2-Pc    ] F0
[T+4410304200us][CH1-Dispenser] F0 F8
[T+4410376306us][CH1-Dispenser] E0
[T+4410376173us][CH2-Pc    ] E0
[T+4410551304us][CH1-Dispenser] E1
[T+4410551173us][CH2-Pc    ] E1
[T+4410716172us][CH2-Pc    ] F0
[T+4410724172us][CH1-Dispenser] F0 F8
[T+4410794172us][CH2-Pc    ] F1
[T+4410798172us][CH1-Dispenser] F1 F9
[T+4410872172us][CH2-Pc    ] E1
[T+4410879172us][CH1-Dispenser] E1 E9
[T+4410950172us][CH2-Pc    ] F0
[T+4410960179us][CH1-Dispenser] F0 F8
[T+4411028309us][CH1-Dispenser] E0
[T+4411028173us][CH2-Pc    ] E0
[T+4411203308us][CH1-Dispenser] E1
[T+4411203173us][CH2-Pc    ] E1
[T+4411378172us][CH2-Pc    ] F0
[T+4411383174us][CH1-Dispenser] F0 F8
[T+4411456172us][CH2-Pc    ] F1
[T+4411463172us][CH1-Dispenser] F1 F9
[T+4411534172us][CH2-Pc    ] E1
[T+4411539172us][CH1-Dispenser] E1 E9
[T+4411612172us][CH2-Pc    ] F0
[T+4411618200us][CH1-Dispenser] F0 F8
[T+4411690305us][CH1-Dispenser] E0
[T+4411690173us][CH2-Pc    ] E0
[T+4411856308us][CH1-Dispenser] E1
[T+4411856173us][CH2-Pc    ] E1
[T+4412031172us][CH2-Pc    ] F0
[T+4412039172us][CH1-Dispenser] F0 F8
[T+4412109172us][CH2-Pc    ] F1
[T+4412115200us][CH1-Dispenser] F1 F9
[T+4412187196us][CH2-Pc    ] E1
[T+4412194172us][CH1-Dispenser] E1 E9
[T+4412265172us][CH2-Pc    ] F0
[T+4412274475us][CH1-Dispenser] F0 F8
[T+4412346306us][CH1-Dispenser] E0
[T+4412346173us][CH2-Pc    ] E0
[T+4412520305us][CH1-Dispenser] E1
[T+4412520173us][CH2-Pc    ] E1
[T+4412684172us][CH2-Pc    ] F0
[T+4412690208us][CH1-Dispenser] F0 F8
[T+4412762196us][CH2-Pc    ] F1
[T+4412771179us][CH1-Dispenser] F1 F9
[T+4412841172us][CH2-Pc    ] E1
[T+4412850172us][CH1-Dispenser] E1 E9
[T+4412922172us][CH1-Dispenser] F0 F8
[T+4412919172us][CH2-Pc    ] F0
[T+4412997310us][CH1-Dispenser] E0
[T+4412997174us][CH2-Pc    ] E0
[T+4413178308us][CH1-Dispenser] E1
[T+4413178173us][CH2-Pc    ] E1
[T+4413364172us][CH2-Pc    ] F0
[T+4413369173us][CH1-Dispenser] F0 F8
[T+4413442172us][CH2-Pc    ] F1
[T+4413448200us][CH1-Dispenser] F1 F9
[T+4413520197us][CH2-Pc    ] E1
[T+4413528172us][CH1-Dispenser] E1 E9
[T+4413598172us][CH2-Pc    ] F0
[T+4413603311us][CH1-Dispenser] F0 F8
[T+4413676307us][CH1-Dispenser] E0
[T+4413676173us][CH2-Pc    ] E0
[T+4413841304us][CH1-Dispenser] E1
[T+4413841173us][CH2-Pc    ] E1
[T+4414015197us][CH2-Pc    ] F0
[T+4414023804us][CH1-Dispenser] F0 F8
[T+4414093172us][CH2-Pc    ] F1
[T+4414099202us][CH1-Dispenser] F1 F9
[T+4414172172us][CH2-Pc    ] E1
[T+4414178200us][CH1-Dispenser] E1 E9
[T+4414250196us][CH2-Pc    ] F0
[T+4414257172us][CH1-Dispenser] F0 F8
[T+4414328309us][CH1-Dispenser] E0
[T+4414328173us][CH2-Pc    ] E0
[T+4414503305us][CH1-Dispenser] E1
[T+4414503173us][CH2-Pc    ] E1
[T+4414678172us][CH2-Pc    ] F0
[T+4414684201us][CH1-Dispenser] F0 F8
[T+4414755172us][CH2-Pc    ] F1
[T+4414764187us][CH1-Dispenser] F1 F9
[T+4414834172us][CH2-Pc    ] E1
[T+4414838172us][CH1-Dispenser] E1 E9
[T+4414912172us][CH2-Pc    ] F0
[T+4414917172us][CH1-Dispenser] F0 F8
[T+4414990305us][CH1-Dispenser] E0
[T+4414990173us][CH2-Pc    ] E0
[T+4415161307us][CH1-Dispenser] E1
[T+4415161173us][CH2-Pc    ] E1
[T+4415332172us][CH2-Pc    ] F0
[T+4415338200us][CH1-Dispenser] F0 F8
[T+4415412172us][CH1-Dispenser] F1 F9
[T+4415410172us][CH2-Pc    ] F1
[T+4415480172us][CH2-Pc    ] E1
[T+4415488179us][CH1-Dispenser] E1 E9
[T+4415562172us][CH1-Dispenser] F0 F8
[T+4415558174us][CH2-Pc    ] F0
[T+4415636303us][CH1-Dispenser] E0
[T+4415636173us][CH2-Pc    ] E0
[T+4415811308us][CH1-Dispenser] E1
[T+4415811173us][CH2-Pc    ] E1
[T+4415986172us][CH2-Pc    ] F0
[T+4415994172us][CH1-Dispenser] F0 F8
[T+4416064172us][CH2-Pc    ] F1
[T+4416068173us][CH1-Dispenser] F1 F9
[T+4416142172us][CH2-Pc    ] E1
[T+4416148202us][CH1-Dispenser] E1 E9
[T+4416220196us][CH2-Pc    ] F0
[T+4416229532us][CH1-Dispenser] F0 F8
[T+4416299305us][CH1-Dispenser] E0
[T+4416299173us][CH2-Pc    ] E0
[T+4416473307us][CH1-Dispenser] E1
[T+4416473173us][CH2-Pc    ] E1
[T+4416637172us][CH2-Pc    ] F0
[T+4416643327us][CH1-Dispenser] F0 F8
[T+4416717172us][CH2-Pc    ] F1
[T+4416724172us][CH1-Dispenser] F1 F9
[T+4416795172us][CH2-Pc    ] E1
[T+4416804179us][CH1-Dispenser] E1 E9
[T+4416877172us][CH1-Dispenser] F0 F8
[T+4416874172us][CH2-Pc    ] F0
[T+4416952305us][CH1-Dispenser] E0
[T+4416952173us][CH2-Pc    ] E0
[T+4417127308us][CH1-Dispenser] E1
[T+4417127174us][CH2-Pc    ] E1
[T+4417301200us][CH2-Pc    ] F0
[T+4417308172us][CH1-Dispenser] F0 F8
[T+4417379172us][CH2-Pc    ] F1
[T+4417386172us][CH1-Dispenser] F1 E9
[T+4417458172us][CH2-Pc    ] E1
[T+4417463172us][CH1-Dispenser] E1 E9
[T+4417536172us][CH2-Pc    ] F0
[T+4417546180us][CH1-Dispenser] F0 F8
[T+4417614307us][CH1-Dispenser] E0
[T+4417614173us][CH2-Pc    ] E0
[T+4417778305us][CH1-Dispenser] E1
[T+4417778173us][CH2-Pc    ] E1
[T+4417953172us][CH2-Pc    ] F0
[T+4417958172us][CH1-Dispenser] F0 F8
[T+4418031172us][CH2-Pc    ] F1
[T+4418039172us][CH1-Dispenser] F1 F9
[T+4418109172us][CH2-Pc    ] E1
[T+4418114173us][CH1-Dispenser] E1 E9
[T+4418187172us][CH2-Pc    ] F0
[T+4418196773us][CH1-Dispenser] F0 F8
[T+4418265305us][CH1-Dispenser] E0
[T+4418265173us][CH2-Pc    ] E0
[T+4418442309us][CH1-Dispenser] E1
[T+4418442174us][CH2-Pc    ] E1
[T+4418606172us][CH2-Pc    ] F0
[T+4418614797us][CH1-Dispenser] F0 F8
[T+4418684172us][CH2-Pc    ] F1
[T+4418690201us][CH1-Dispenser] F1 F9
[T+4418762197us][CH2-Pc    ] E1
[T+4418768200us][CH1-Dispenser] E1 E9
[T+4418840196us][CH2-Pc    ] F0
[T+4418849172us][CH1-Dispenser] F0 F8
[T+4418919305us][CH1-Dispenser] E0
[T+4418919173us][CH2-Pc    ] E0
[T+4419093307us][CH1-Dispenser] E1
[T+4419093173us][CH2-Pc    ] E1
[T+4419268196us][CH2-Pc    ] F0
[T+4419274202us][CH1-Dispenser] F0 E8
[T+4419346200us][CH2-Pc    ] F1
[T+4419355179us][CH1-Dispenser] F1 F9
[T+4419429172us][CH1-Dispenser] E1 E9
[T+4419425172us][CH2-Pc    ] E1
[T+4419502172us][CH2-Pc    ] F0
[T+4419508200us][CH1-Dispenser] F0 F8
[T+4419581305us][CH1-Dispenser] E0
[T+4419581173us][CH2-Pc    ] E0
[T+4419756310us][CH1-Dispenser] E1
[T+4419756173us][CH2-Pc    ] E1
[T+4419920172us][CH2-Pc    ] F0
[T+4419924172us][CH1-Dispenser] F0 F8
[T+4419998172us][CH2-Pc    ] F1
[T+4420005172us][CH1-Dispenser] F1 F9
[T+4420076172us][CH2-Pc    ] E1
[T+4420083172us][CH1-Dispenser] E1 E9
[T+4420154172us][CH2-Pc    ] F0
[T+4420159172us][CH1-Dispenser] F0 F8
[T+4420232305us][CH1-Dispenser] E0
[T+4420232173us][CH2-Pc    ] E0
[T+4420407308us][CH1-Dispenser] E1
[T+4420407174us][CH2-Pc    ] E1
[T+4420582172us][CH2-Pc    ] F0
[T+4420589172us][CH1-Dispenser] F0 E8
[T+4420660172us][CH2-Pc    ] F1
[T+4420665172us][CH1-Dispenser] F1 F9
[T+4420738172us][CH2-Pc    ] E1
[T+4420743172us][CH1-Dispenser] E1 E9
[T+4420816172us][CH2-Pc    ] F0
[T+4420825179us][CH1-Dispenser] F0 F8
[T+4420894306us][CH1-Dispenser] E0
[T+4420894173us][CH2-Pc    ] E0
[T+4421058307us][CH1-Dispenser] E1
[T+4421058173us][CH2-Pc    ] E1
[T+4421233172us][CH2-Pc    ] F0
[T+4421245213us][CH1-Dispenser] F0 F8
[T+4421311198us][CH2-Pc    ] F1
[T+4421319172us][CH1-Dispenser] F1 F9
[T+4421389172us][CH2-Pc    ] E1
[T+4421393177us][CH1-Dispenser] E1 E9
[T+4421467172us][CH2-Pc    ] F0
[T+4421474172us][CH1-Dispenser] F0 F8
[T+4421545305us][CH1-Dispenser] E0
[T+4421545173us][CH2-Pc    ] E0
[T+4421720308us][CH1-Dispenser] E1
[T+4421720173us][CH2-Pc    ] E1
[T+4421895173us][CH2-Pc    ] F0
[T+4421899173us][CH1-Dispenser] F0 F8
[T+4421973172us][CH2-Pc    ] F1
[T+4421980773us][CH1-Dispenser] F1 F9
[T+4422051172us][CH2-Pc    ] E1
[T+4422058172us][CH1-Dispenser] E1 E9
[T+4422129172us][CH2-Pc    ] F0
[T+4422133174us][CH1-Dispenser] F0 F8
[T+4422207305us][CH1-Dispenser] E0
[T+4422207173us][CH2-Pc    ] E0
[T+4422372308us][CH1-Dispenser] E1
[T+4422372173us][CH2-Pc    ] E1
[T+4422546172us][CH2-Pc    ] F0
[T+4422555172us][CH1-Dispenser] F0 F8
[T+4422625192us][CH2-Pc    ] F1
[T+4422631174us][CH1-Dispenser] F1 F9
[T+4422703172us][CH2-Pc    ] E1
[T+4422708172us][CH1-Dispenser] E1 E9
[T+4422781172us][CH2-Pc    ] F0
[T+4422789172us][CH1-Dispenser] F0 F8
[T+4422859310us][CH1-Dispenser] E0
[T+4422859173us][CH2-Pc    ] E0
[T+4423034309us][CH1-Dispenser] E1
[T+4423034173us][CH2-Pc    ] E1
[T+4423208198us][CH2-Pc    ] F0
[T+4423214200us][CH1-Dispenser] F0 E8
[T+4423287172us][CH2-Pc    ] F1
[T+4423295769us][CH1-Dispenser] F1 F9
[T+4423365172us][CH2-Pc    ] E1
[T+4423368173us][CH1-Dispenser] E1 E9
[T+4423432172us][CH2-Pc    ] F0
[T+4423440179us][CH1-Dispenser] F0 F8
[T+4423510310us][CH1-Dispenser] E0
[T+4423510173us][CH2-Pc    ] E0
[T+4423685306us][CH1-Dispenser] E1
[T+4423685173us][CH2-Pc    ] E1
[T+4423860172us][CH2-Pc    ] F0
[T+4423867172us][CH1-Dispenser] F0 F8
[T+4423938172us][CH2-Pc    ] F1
[T+4423946172us][CH1-Dispenser] F1 F9
[T+4424016172us][CH2-Pc    ] E1
[T+4424024776us][CH1-Dispenser] E1 E9
[T+4424106172us][CH2-Pc    ] F0
[T+4424114172us][CH1-Dispenser] F0 F8
[T+4424184304us][CH1-Dispenser] E0
[T+4424184173us][CH2-Pc    ] E0
[T+4424362315us][CH1-Dispenser] E1
[T+4424362174us][CH2-Pc    ] E1
[T+4424537172us][CH2-Pc    ] F0
[T+4424544172us][CH1-Dispenser] F0 F8
[T+4424615172us][CH2-Pc    ] F1
[T+4424618174us][CH1-Dispenser] F1 F9
[T+4424682172us][CH2-Pc    ] E1
[T+4424690172us][CH1-Dispenser] E1 E9
[T+4424760172us][CH2-Pc    ] F0
[T+4424764172us][CH1-Dispenser] F0 F8
[T+4424838305us][CH1-Dispenser] E0
[T+4424838173us][CH2-Pc    ] E0
[T+4425013305us][CH1-Dispenser] E1
[T+4425013173us][CH2-Pc    ] E1
[T+4425188172us][CH2-Pc    ] F0
[T+4425195172us][CH1-Dispenser] F0 F8
[T+4425266172us][CH2-Pc    ] F1
[T+4425274172us][CH1-Dispenser] F1 F9
[T+4425344172us][CH2-Pc    ] E1
[T+4425348172us][CH1-Dispenser] E1 E9
[T+4425422172us][CH2-Pc    ] F0
[T+4425429172us][CH1-Dispenser] F0 F8
[T+4425500304us][CH1-Dispenser] E0
[T+4425500173us][CH2-Pc    ] E0
[T+4425676307us][CH1-Dispenser] E1
[T+4425676173us][CH2-Pc    ] E1
[T+4425840172us][CH2-Pc    ] F0
[T+4425845172us][CH1-Dispenser] F0 F8
[T+4425918172us][CH2-Pc    ] F1
[T+4425924202us][CH1-Dispenser] F1 F9
[T+4425996196us][CH2-Pc    ] E1
[T+4426004172us][CH1-Dispenser] E1 E9
[T+4426075172us][CH2-Pc    ] F0
[T+4426079172us][CH1-Dispenser] F0 F8
[T+4426153306us][CH1-Dispenser] E0
[T+4426153173us][CH2-Pc    ] E0
[T+4426328305us][CH1-Dispenser] E1
[T+4426328173us][CH2-Pc    ] E1
[T+4426502197us][CH2-Pc    ] F0
[T+4426510172us][CH1-Dispenser] F0 F8
[T+4426580172us][CH2-Pc    ] F1
[T+4426586202us][CH1-Dispenser] F1 F9
[T+4426659172us][CH2-Pc    ] E1
[T+4426665200us][CH1-Dispenser] E1 E9
[T+4426737196us][CH2-Pc    ] F0
[T+4426744801us][CH1-Dispenser] F0 F8
[T+4426815308us][CH1-Dispenser] E0
[T+4426815173us][CH2-Pc    ] E0
[T+4426990305us][CH1-Dispenser] E1
[T+4426990173us][CH2-Pc    ] E1
[T+4427154172us][CH2-Pc    ] F0
[T+4427159174us][CH1-Dispenser] F0 F8
[T+4427232172us][CH2-Pc    ] F1
[T+4427242800us][CH1-Dispenser] F1 F9
[T+4427310172us][CH2-Pc    ] E1
[T+4427314172us][CH1-Dispenser] E1 E9
[T+4427388172us][CH2-Pc    ] F0
[T+4427393173us][CH1-Dispenser] F0 F8
[T+4427466305us][CH1-Dispenser] E0
[T+4427466173us][CH2-Pc    ] E0
[T+4427641314us][CH1-Dispenser] E1
[T+4427641175us][CH2-Pc    ] E1
[T+4427820172us][CH1-Dispenser] F0 F8
[T+4427816172us][CH2-Pc    ] F0
[T+4427894172us][CH2-Pc    ] F1
[T+4427899172us][CH1-Dispenser] F1 E9
[T+4427972172us][CH2-Pc    ] E1
[T+4427981801us][CH1-Dispenser] E1 E9
[T+4428050173us][CH2-Pc    ] F0
[T+4428054172us][CH1-Dispenser] F0 F8
[T+4428128303us][CH1-Dispenser] E0
[T+4428128173us][CH2-Pc    ] E0
[T+4428301305us][CH1-Dispenser] E1
[T+4428301173us][CH2-Pc    ] E1
[T+4428465173us][CH2-Pc    ] F0
[T+4428469173us][CH1-Dispenser] F0 F8
[T+4428533172us][CH2-Pc    ] F1
[T+4428541763us][CH1-Dispenser] F1 F9
[T+4428611172us][CH2-Pc    ] E1
[T+4428618780us][CH1-Dispenser] E1 E9
[T+4428689172us][CH2-Pc    ] F0
[T+4428694172us][CH1-Dispenser] F0 F8
[T+4428767312us][CH1-Dispenser] E0
[T+4428767173us][CH2-Pc    ] E0
[T+4428942308us][CH1-Dispenser] E1
[T+4428942174us][CH2-Pc    ] E1
[T+4429106172us][CH2-Pc    ] F0
[T+4429110173us][CH1-Dispenser] F0 F8
[T+4429184172us][CH2-Pc    ] F1
[T+4429189172us][CH1-Dispenser] F1 F9
[T+4429262172us][CH2-Pc    ] E1
[T+4429269172us][CH1-Dispenser] E1 E9
[T+4429340172us][CH2-Pc    ] F0
[T+4429344172us][CH1-Dispenser] F0 F8
[T+4429418305us][CH1-Dispenser] E0
[T+4429418173us][CH2-Pc    ] E0
[T+4429593307us][CH1-Dispenser] E1
[T+4429593173us][CH2-Pc    ] E1
[T+4429768172us][CH2-Pc    ] F0
[T+4429775172us][CH1-Dispenser] F0 F8
[T+4429846172us][CH2-Pc    ] F1
[T+4429849172us][CH1-Dispenser] F1 F9
[T+4429913172us][CH2-Pc    ] E1
[T+4429921179us][CH1-Dispenser] E1 E9
[T+4429992174us][CH2-Pc    ] F0
[T+4429998207us][CH1-Dispenser] F0 F8
[T+4430070303us][CH1-Dispenser] E0
[T+4430070173us][CH2-Pc    ] E0
[T+4430255307us][CH1-Dispenser] E1
[T+4430255174us][CH2-Pc    ] E1
[T+4430419172us][CH2-Pc    ] F0
[T+4430425201us][CH1-Dispenser] F0 F8
[T+4430497197us][CH2-Pc    ] F1
[T+4430505175us][CH1-Dispenser] F1 F9
[T+4430575172us][CH2-Pc    ] E1
[T+4430579172us][CH1-Dispenser] E1 E9
[T+4430643311us][CH2-Pc    ] F0
[T+4430649200us][CH1-Dispenser] F0 F8
[T+4430721304us][CH1-Dispenser] E0
[T+4430721173us][CH2-Pc    ] E0
[T+4430896310us][CH1-Dispenser] E1
[T+4430896173us][CH2-Pc    ] E1
[T+4431060172us][CH2-Pc    ] F0
[T+4431067172us][CH1-Dispenser] F0 F8
[T+4431138172us][CH2-Pc    ] F1
[T+4431146807us][CH1-Dispenser] F1 F9
[T+4431216172us][CH2-Pc    ] E1
[T+4431226179us][CH1-Dispenser] E1 E9
[T+4431294172us][CH2-Pc    ] F0
[T+4431299172us][CH1-Dispenser] F0 F8
[T+4431373306us][CH1-Dispenser] E0
[T+4431373173us][CH2-Pc    ] E0
[T+4431547305us][CH1-Dispenser] E1
[T+4431547173us][CH2-Pc    ] E1
[T+4431722172us][CH2-Pc    ] F0
[T+4431730172us][CH1-Dispenser] F0 F8
[T+4431800172us][CH2-Pc    ] F1
[T+4431804172us][CH1-Dispenser] F1 F9
[T+4431878172us][CH2-Pc    ] E1
[T+4431887179us][CH1-Dispenser] E1 E9
[T+4431958172us][CH2-Pc    ] F0
[T+4431964200us][CH1-Dispenser] F0 F8
[T+4432036303us][CH1-Dispenser] E0
[T+4432036173us][CH2-Pc    ] E0
[T+4432201303us][CH1-Dispenser] E1
[T+4432201173us][CH2-Pc    ] E1
[T+4432375172us][CH2-Pc    ] F0
[T+4432380172us][CH1-Dispenser] F0 F8
[T+4432453174us][CH2-Pc    ] F1
[T+4432460172us][CH1-Dispenser] F1 F9
[T+4432532197us][CH2-Pc    ] E1
[T+4432539172us][CH1-Dispenser] E1 E9
[T+4432613172us][CH1-Dispenser] F0 F8
[T+4432610172us][CH2-Pc    ] F0
[T+4432677310us][CH1-Dispenser] E0
[T+4432677174us][CH2-Pc    ] E0
[T+4432841304us][CH1-Dispenser] E1
[T+4432841173us][CH2-Pc    ] E1
[T+4433016172us][CH2-Pc    ] F0
[T+4433020172us][CH1-Dispenser] F0 F8
[T+4433094172us][CH2-Pc    ] F1
[T+4433099172us][CH1-Dispenser] F1 F9
[T+4433172172us][CH2-Pc    ] E1
[T+4433183805us][CH1-Dispenser] E1 E9
[T+4433250172us][CH2-Pc    ] F0
[T+4433254172us][CH1-Dispenser] F0 F8
[T+4433328306us][CH1-Dispenser] E0
[T+4433328174us][CH2-Pc    ] E0
[T+4433503306us][CH1-Dispenser] E1
[T+4433503173us][CH2-Pc    ] E1
[T+4433672172us][CH2-Pc    ] F0
[T+4433680179us][CH1-Dispenser] F0 F8
[T+4433750172us][CH2-Pc    ] F1
[T+4433755172us][CH1-Dispenser] F1 E9
[T+4433828172us][CH2-Pc    ] E1
[T+4433838172us][CH1-Dispenser] E1 E9
[T+4433907172us][CH2-Pc    ] F0
[T+4433916803us][CH1-Dispenser] F0 F8
[T+4433985311us][CH1-Dispenser] E0
[T+4433985174us][CH2-Pc    ] E0
[T+4434159306us][CH1-Dispenser] E1
[T+4434159173us][CH2-Pc    ] E1
[T+4434323172us][CH2-Pc    ] F0
[T+4434332172us][CH1-Dispenser] F0 F8
[T+4434402172us][CH2-Pc    ] F1
[T+4434411179us][CH1-Dispenser] F1 F9
[T+4434480172us][CH2-Pc    ] E1
[T+4434485172us][CH1-Dispenser] E1 E9
[T+4434558172us][CH2-Pc    ] F0
[T+4434564200us][CH1-Dispenser] F0 F8
[T+4434636308us][CH1-Dispenser] E0
[T+4434636173us][CH2-Pc    ] E0
[T+4434811309us][CH1-Dispenser] E1
[T+4434811173us][CH2-Pc    ] E1
[T+4434989172us][CH1-Dispenser] F0 F8
[T+4434986172us][CH2-Pc    ] F0
[T+4435064172us][CH2-Pc    ] F1
[T+4435071172us][CH1-Dispenser] F1 F9
[T+4435142172us][CH2-Pc    ] E1
[T+4435150172us][CH1-Dispenser] E1 E9
[T+4435220173us][CH2-Pc    ] F0
[T+4435224172us][CH1-Dispenser] F0 F8
[T+4435298303us][CH1-Dispenser] E0
[T+4435298173us][CH2-Pc    ] E0
[T+4435473311us][CH1-Dispenser] E1
[T+4435473173us][CH2-Pc    ] E1
[T+4435637172us][CH2-Pc    ] F0
[T+4435646794us][CH1-Dispenser] F0 F8
[T+4435715172us][CH2-Pc    ] F1
[T+4435719172us][CH1-Dispenser] F1 F9
[T+4435793172us][CH2-Pc    ] E1
[T+4435801172us][CH1-Dispenser] E1 E9
[T+4435872172us][CH2-Pc    ] F0
[T+4435880179us][CH1-Dispenser] F0 F8
[T+4435950308us][CH1-Dispenser] E0
[T+4435950174us][CH2-Pc    ] E0
[T+4436126305us][CH1-Dispenser] E1
[T+4436126173us][CH2-Pc    ] E1
[T+4436301172us][CH2-Pc    ] F0
[T+4436305172us][CH1-Dispenser] F0 F8
[T+4436379172us][CH2-Pc    ] F1
[T+4436386172us][CH1-Dispenser] F1 F9
[T+4436457172us][CH2-Pc    ] E1
[T+4436464803us][CH1-Dispenser] E1 E9
[T+4436539172us][CH1-Dispenser] F0 F8
[T+4436536172us][CH2-Pc    ] F0
[T+4436613303us][CH1-Dispenser] E0
[T+4436613173us][CH2-Pc    ] E0
[T+4436778172us][CH1-Dispenser] E1
[T+4436777172us][CH2-Pc    ] E1
[T+4436952197us][CH2-Pc    ] F0
[T+4436961172us][CH1-Dispenser] F0 F8
[T+4437030172us][CH2-Pc    ] F1
[T+4437035172us][CH1-Dispenser] F1 F9
[T+4437109172us][CH2-Pc    ] E1
[T+4437116790us][CH1-Dispenser] E1 E9
[T+4437187172us][CH2-Pc    ] F0
[T+4437193200us][CH1-Dispenser] F0 F8
[T+4437265351us][CH1-Dispenser] E0
[T+4437265216us][CH2-Pc    ] E0
[T+4437441307us][CH1-Dispenser] E1
[T+4437441173us][CH2-Pc    ] E1
[T+4437605172us][CH2-Pc    ] F0
[T+4437609174us][CH1-Dispenser] F0 F8
[T+4437683172us][CH2-Pc    ] F1
[T+4437691172us][CH1-Dispenser] F1 E9
[T+4437761172us][CH2-Pc    ] E1
[T+4437765172us][CH1-Dispenser] E1 E9
[T+4437839172us][CH2-Pc    ] F0
[T+4437844172us][CH1-Dispenser] F0 E8
[T+4437917306us][CH1-Dispenser] E0
[T+4437917173us][CH2-Pc    ] E0
[T+4438092304us][CH1-Dispenser] E1
[T+4438092173us][CH2-Pc    ] E1
[T+4438267172us][CH2-Pc    ] F0
[T+4438274172us][CH1-Dispenser] F0 F8
[T+4438345172us][CH2-Pc    ] F1
[T+4438352172us][CH1-Dispenser] F1 F9
[T+4438423172us][CH2-Pc    ] E1
[T+4438431801us][CH1-Dispenser] E1 E9
[T+4438501172us][CH2-Pc    ] F0
[T+4438511179us][CH1-Dispenser] F0 F8
[T+4438580304us][CH1-Dispenser] E0
[T+4438580173us][CH2-Pc    ] E0
[T+4438755304us][CH1-Dispenser] E1
[T+4438755173us][CH2-Pc    ] E1
[T+4438919172us][CH2-Pc    ] F0
[T+4438925200us][CH1-Dispenser] F0 F8
[T+4438997196us][CH2-Pc    ] F1
[T+4439006811us][CH1-Dispenser] F1 F9
[T+4439075172us][CH2-Pc    ] E1
[T+4439080172us][CH1-Dispenser] E1 E9
[T+4439152197us][CH2-Pc    ] F0
[T+4439159172us][CH1-Dispenser] F0 F8
[T+4439230305us][CH1-Dispenser] E0
[T+4439230173us][CH2-Pc    ] E0
[T+4439404307us][CH1-Dispenser] E1
[T+4439404173us][CH2-Pc    ] E1
[T+4439579172us][CH2-Pc    ] F0
[T+4439584172us][CH1-Dispenser] F0 F8
[T+4439657172us][CH2-Pc    ] F1
[T+4439665772us][CH1-Dispenser] F1 F9
[T+4439735172us][CH2-Pc    ] E1
[T+4439740172us][CH1-Dispenser] E1 E9
[T+4439814172us][CH2-Pc    ] F0
[T+4439821172us][CH1-Dispenser] F0 F8
[T+4439892307us][CH1-Dispenser] E0
[T+4439892173us][CH2-Pc    ] E0
[T+4440066305us][CH1-Dispenser] E1
[T+4440066173us][CH2-Pc    ] E1
[T+4440231172us][CH2-Pc    ] F0
[T+4440235173us][CH1-Dispenser] F0 F8
[T+4440309172us][CH2-Pc    ] F1
[T+4440316172us][CH1-Dispenser] F1 F9
[T+4440387172us][CH2-Pc    ] E1
[T+4440395179us][CH1-Dispenser] E1 E9
[T+4440465172us][CH2-Pc    ] F0
[T+4440471200us][CH1-Dispenser] F0 F8
[T+4440543311us][CH1-Dispenser] E0
[T+4440543175us][CH2-Pc    ] E0
[T+4440718308us][CH1-Dispenser] E1
[T+4440718174us][CH2-Pc    ] E1
[T+4440894172us][CH2-Pc    ] F0
[T+4440900200us][CH1-Dispenser] F0 F8
[T+4440972173us][CH2-Pc    ] F1
[T+4440975172us][CH1-Dispenser] F1 F9
[T+4441039172us][CH2-Pc    ] E1
[T+4441048179us][CH1-Dispenser] E1 E9
[T+4441117172us][CH2-Pc    ] F0
[T+4441125179us][CH1-Dispenser] F0 F8
[T+4441196172us][CH1-Dispenser] E0
[T+4441195172us][CH2-Pc    ] E0
[T+4441370305us][CH1-Dispenser] E1
[T+4441370173us][CH2-Pc    ] E1
[T+4441545172us][CH2-Pc    ] F0
[T+4441550172us][CH1-Dispenser] F0 F8
[T+4441623172us][CH2-Pc    ] F1
[T+4441631172us][CH1-Dispenser] F1 F9
[T+4441701172us][CH2-Pc    ] E1
[T+4441705172us][CH1-Dispenser] E1 E9
[T+4441779172us][CH2-Pc    ] F0
[T+4441785201us][CH1-Dispenser] F0 F8
[T+4441857305us][CH1-Dispenser] E0
[T+4441857173us][CH2-Pc    ] E0
[T+4442043304us][CH1-Dispenser] E1
[T+4442043173us][CH2-Pc    ] E1
[T+4442218172us][CH2-Pc    ] F0
[T+4442226172us][CH1-Dispenser] F0 E8
[T+4442296172us][CH2-Pc    ] F1
[T+4442300172us][CH1-Dispenser] F1 F9
[T+4442374172us][CH2-Pc    ] E1
[T+4442379172us][CH1-Dispenser] E1 E9
[T+4442452172us][CH2-Pc    ] F0
[T+4442460179us][CH1-Dispenser] F0 F8
[T+4442530306us][CH1-Dispenser] E0
[T+4442530173us][CH2-Pc    ] E0
[T+4442705305us][CH1-Dispenser] E1
[T+4442705174us][CH2-Pc    ] E1
[T+4442880172us][CH2-Pc    ] F0
[T+4442885173us][CH1-Dispenser] F0 F8
[T+4442958172us][CH2-Pc    ] F1
[T+4442964202us][CH1-Dispenser] F1 F9
[T+4443036172us][CH2-Pc    ] E1
[T+4443041172us][CH1-Dispenser] E1 E9
[T+4443114172us][CH2-Pc    ] F0
[T+4443120201us][CH1-Dispenser] F0 F8
[T+4443192305us][CH1-Dispenser] E0
[T+4443192173us][CH2-Pc    ] E0
[T+4443356310us][CH1-Dispenser] E1
[T+4443356174us][CH2-Pc    ] E1
[T+4443531172us][CH2-Pc    ] F0
[T+4443536172us][CH1-Dispenser] F0 F8
[T+4443609172us][CH2-Pc    ] F1
[T+4443615211us][CH1-Dispenser] F1 F9
[T+4443688172us][CH2-Pc    ] E1
[T+4443695172us][CH1-Dispenser] E1 E9
[T+4443766172us][CH2-Pc    ] F0
[T+4443770172us][CH1-Dispenser] F0 F8
[T+4443844306us][CH1-Dispenser] E0
[T+4443844174us][CH2-Pc    ] E0
[T+4444019306us][CH1-Dispenser] E1
[T+4444019173us][CH2-Pc    ] E1
[T+4444183172us][CH2-Pc    ] F0
[T+4444192179us][CH1-Dispenser] F0 F8
[T+4444265172us][CH1-Dispenser] F1 F9
[T+4444261172us][CH2-Pc    ] F1
[T+4444339172us][CH2-Pc    ] E1
[T+4444345200us][CH1-Dispenser] E1 E9
[T+4444417196us][CH2-Pc    ] F0
[T+4444428342us][CH1-Dispenser] F0 F8
[T+4444495304us][CH1-Dispenser] E0
[T+4444495173us][CH2-Pc    ] E0
[T+4444670308us][CH1-Dispenser] E1
[T+4444670173us][CH2-Pc    ] E1
[T+4444845200us][CH2-Pc    ] F0
[T+4444853265us][CH1-Dispenser] F0 F8
[T+4444923172us][CH2-Pc    ] F1
[T+4444932179us][CH1-Dispenser] F1 F9
[T+4445001172us][CH2-Pc    ] E1
[T+4445006172us][CH1-Dispenser] E1 E9
[T+4445079172us][CH2-Pc    ] F0
[T+4445087172us][CH1-Dispenser] F0 F8
[T+4445157305us][CH1-Dispenser] E0
[T+4445157173us][CH2-Pc    ] E0
[T+4445332307us][CH1-Dispenser] E1
[T+4445332173us][CH2-Pc    ] E1
[T+4445496172us][CH2-Pc    ] F0
[T+4445503172us][CH1-Dispenser] F0 E8
[T+4445574172us][CH2-Pc    ] F1
[T+4445581172us][CH1-Dispenser] F1 F9
[T+4445652172us][CH2-Pc    ] E1
[T+4445660906us][CH1-Dispenser] E1 E9
[T+4445730172us][CH2-Pc    ] F0
[T+4445734172us][CH1-Dispenser] F0 F8
[T+4445809305us][CH1-Dispenser] E0
[T+4445809173us][CH2-Pc    ] E0
[T+4445983308us][CH1-Dispenser] E1
[T+4445983173us][CH2-Pc    ] E1
[T+4446158172us][CH2-Pc    ] F0
[T+4446166172us][CH1-Dispenser] F0 F8
[T+4446236172us][CH2-Pc    ] F1
[T+4446244172us][CH1-Dispenser] F1 F9
[T+4446314172us][CH2-Pc    ] E1
[T+4446322172us][CH1-Dispenser] E1 E9
[T+4446393172us][CH2-Pc    ] F0
[T+4446403753us][CH1-Dispenser] F0 F8
[T+4446471304us][CH1-Dispenser] E0
[T+4446471173us][CH2-Pc    ] E0
[T+4446636305us][CH1-Dispenser] E1
[T+4446636173us][CH2-Pc    ] E1
[T+4446810172us][CH2-Pc    ] F0
[T+4446815172us][CH1-Dispenser] F0 F8
[T+4446889173us][CH2-Pc    ] F1
[T+4446896172us][CH1-Dispenser] F1 F9
[T+4446967172us][CH2-Pc    ] E1
[T+4446976772us][CH1-Dispenser] E1 E9
[T+4447045172us][CH2-Pc    ] F0
[T+4447050172us][CH1-Dispenser] F0 F8
[T+4447123304us][CH1-Dispenser] E0
[T+4447123173us][CH2-Pc    ] E0
[T+4447298307us][CH1-Dispenser] E1
[T+4447298173us][CH2-Pc    ] E1
[T+4447473172us][CH2-Pc    ] F0
[T+4447482179us][CH1-Dispenser] F0 F8
[T+4447551172us][CH2-Pc    ] F1
[T+4447556172us][CH1-Dispenser] F1 F9
[T+4447631172us][CH2-Pc    ] E1
[T+4447637201us][CH1-Dispenser] E1 E9
[T+4447709201us][CH2-Pc    ] F0
[T+4447716172us][CH1-Dispenser] F0 E8
[T+4447787304us][CH1-Dispenser] E0
[T+4447787173us][CH2-Pc    ] E0
[T+4447973308us][CH1-Dispenser] E1
[T+4447973173us][CH2-Pc    ] E1
[T+4448141173us][CH1-Dispenser] F0 F8
[T+4448137172us][CH2-Pc    ] F0
[T+4448215172us][CH2-Pc    ] F1
[T+4448220174us][CH1-Dispenser] F1 F9
[T+4448293172us][CH2-Pc    ] E1
[T+4448302768us][CH1-Dispenser] E1 E9
[T+4448371172us][CH2-Pc    ] F0
[T+4448376173us][CH1-Dispenser] F0 F8
[T+4448449306us][CH1-Dispenser] E0
[T+4448449174us][CH2-Pc    ] E0
[T+4448624304us][CH1-Dispenser] E1
[T+4448624173us][CH2-Pc    ] E1
[T+4448799172us][CH2-Pc    ] F0
[T+4448806172us][CH1-Dispenser] F0 F8
[T+4448877172us][CH2-Pc    ] F1
[T+4448880173us][CH1-Dispenser] F1 F9
[T+4448944172us][CH2-Pc    ] E1
[T+4448952179us][CH1-Dispenser] E1 E9
[T+4449022172us][CH2-Pc    ] F0
[T+4449032172us][CH1-Dispenser] F0 F8
[T+4449100305us][CH1-Dispenser] E0
[T+4449100173us][CH2-Pc    ] E0
[T+4449286308us][CH1-Dispenser] E1
[T+4449286175us][CH2-Pc    ] E1
[T+4449450172us][CH2-Pc    ] F0
[T+4449456200us][CH1-Dispenser] F0 F8
[T+4449528196us][CH2-Pc    ] F1
[T+4449536768us][CH1-Dispenser] F1 F9
[T+4449606172us][CH2-Pc    ] E1
[T+4449610172us][CH1-Dispenser] E1 E9
[T+4449685172us][CH2-Pc    ] F0
[T+4449689172us][CH1-Dispenser] F0 F8
[T+4449763311us][CH1-Dispenser] E0
[T+4449763173us][CH2-Pc    ] E0
[T+4449937305us][CH1-Dispenser] E1
[T+4449937173us][CH2-Pc    ] E1
[T+4450112173us][CH2-Pc    ] F0
[T+4450116173us][CH1-Dispenser] F0 F8
[T+4450190172us][CH2-Pc    ] F1
[T+4450195172us][CH1-Dispenser] F1 F9
[T+4450268281us][CH2-Pc    ] E1
[T+4450275801us][CH1-Dispenser] E1 E9
[T+4450350172us][CH1-Dispenser] F0 F8
[T+4450347172us][CH2-Pc    ] F0
[T+4450425309us][CH1-Dispenser] E0
[T+4450425173us][CH2-Pc    ] E0
[T+4450589307us][CH1-Dispenser] E1
[T+4450589173us][CH2-Pc    ] E1
[T+4450763196us][CH2-Pc    ] F0
[T+4450770172us][CH1-Dispenser] F0 F8
[T+4450842172us][CH2-Pc    ] F1
[T+4450846172us][CH1-Dispenser] F1 F9
[T+4450920193us][CH2-Pc    ] E1
[T+4450926173us][CH1-Dispenser] E1 E9
[T+4450998197us][CH2-Pc    ] F0
[T+4451005172us][CH1-Dispenser] F0 F8
[T+4451076303us][CH1-Dispenser] E0
[T+4451076173us][CH2-Pc    ] E0
[T+4451269308us][CH1-Dispenser] E1
[T+4451269174us][CH2-Pc    ] E1
[T+4451434172us][CH2-Pc    ] F0
[T+4451440200us][CH1-Dispenser] F0 F8
[T+4451513172us][CH2-Pc    ] F1
[T+4451521172us][CH1-Dispenser] F1 F9
[T+4451591172us][CH2-Pc    ] E1
[T+4451596172us][CH1-Dispenser] E1 E9
[T+4451669172us][CH2-Pc    ] F0
[T+4451675202us][CH1-Dispenser] F0 F8
[T+4451747306us][CH1-Dispenser] E0
[T+4451747173us][CH2-Pc    ] E0
[T+4451922305us][CH1-Dispenser] E1
[T+4451922173us][CH2-Pc    ] E1
[T+4452096197us][CH2-Pc    ] F0
[T+4452102201us][CH1-Dispenser] F0 F8
[T+4452175172us][CH2-Pc    ] F1
[T+4452183172us][CH1-Dispenser] F1 F9
[T+4452253172us][CH2-Pc    ] E1
[T+4452262764us][CH1-Dispenser] E1 E9
[T+4452335172us][CH2-Pc    ] F0
[T+4452340172us][CH1-Dispenser] F0 F8
[T+4452413305us][CH1-Dispenser] E0
[T+4452413173us][CH2-Pc    ] E0
[T+4452599307us][CH1-Dispenser] E1
[T+4452599173us][CH2-Pc    ] E1
[T+4452763172us][CH2-Pc    ] F0
[T+4452768172us][CH1-Dispenser] F0 E8
[T+4452841172us][CH2-Pc    ] F1
[T+4452848805us][CH1-Dispenser] F1 F9
[T+4452919172us][CH2-Pc    ] E1
[T+4452927172us][CH1-Dispenser] E1 E9
[T+4453001173us][CH1-Dispenser] F0 F8
[T+4452997172us][CH2-Pc    ] F0
[T+4453075305us][CH1-Dispenser] E0
[T+4453075173us][CH2-Pc    ] E0
[T+4453250307us][CH1-Dispenser] E1
[T+4453250173us][CH2-Pc    ] E1
[T+4453425172us][CH2-Pc    ] F0
[T+4453431200us][CH1-Dispenser] F0 F8
[T+4453505172us][CH1-Dispenser] F1 F9
[T+4453503172us][CH2-Pc    ] F1
[T+4453570172us][CH2-Pc    ] E1
[T+4453576200us][CH1-Dispenser] E1 E9
[T+4453648207us][CH2-Pc    ] F0
[T+4453655172us][CH1-Dispenser] F0 F8
[T+4453726304us][CH1-Dispenser] E0
[T+4453726173us][CH2-Pc    ] E0
[T+4453901305us][CH1-Dispenser] E1
[T+4453901173us][CH2-Pc    ] E1
[T+4454076172us][CH2-Pc    ] F0
[T+4454082201us][CH1-Dispenser] F0 F8
[T+4454154197us][CH2-Pc    ] F1
[T+4454161262us][CH1-Dispenser] F1 F9
[T+4454232172us][CH2-Pc    ] E1
[T+4454243181us][CH1-Dispenser] E1 E9
[T+4454310172us][CH2-Pc    ] F0
[T+4454316200us][CH1-Dispenser] F0 F8
[T+4454388307us][CH1-Dispenser] E0
[T+4454388174us][CH2-Pc    ] E0
[T+4454563305us][CH1-Dispenser] E1
[T+4454563173us][CH2-Pc    ] E1
[T+4454738197us][CH2-Pc    ] F0
[T+4454747179us][CH1-Dispenser] F0 E8
[T+4454820172us][CH2-Pc    ] F1
[T+4454826201us][CH1-Dispenser] F1 F9
[T+4454898198us][CH2-Pc    ] E1
[T+4454906172us][CH1-Dispenser] E1 E9
[T+4454976172us][CH2-Pc    ] F0
[T+4454981175us][CH1-Dispenser] F0 F8
[T+4455054305us][CH1-Dispenser] E0
[T+4455054173us][CH2-Pc    ] E0
[T+4455229306us][CH1-Dispenser] E1
[T+4455229173us][CH2-Pc    ] E1
[T+4455405172us][CH2-Pc    ] F0
[T+4455412172us][CH1-Dispenser] F0 F8
[T+4455482172us][CH2-Pc    ] F1
[T+4455485172us][CH1-Dispenser] F1 F9
[T+4455550172us][CH2-Pc    ] E1
[T+4455558771us][CH1-Dispenser] E1 E9
[T+4455628172us][CH2-Pc    ] F0
[T+4455637179us][CH1-Dispenser] F0 F8
[T+4455706307us][CH1-Dispenser] E0
[T+4455706173us][CH2-Pc    ] E0
[T+4455870308us][CH1-Dispenser] E1
[T+4455870173us][CH2-Pc    ] E1
[T+4456047172us][CH2-Pc    ] F0
[T+4456051172us][CH1-Dispenser] F0 F8
[T+4456125172us][CH2-Pc    ] F1
[T+4456131202us][CH1-Dispenser] F1 F9
[T+4456203196us][CH2-Pc    ] E1
[T+4456212810us][CH1-Dispenser] E1 E9
[T+4456281172us][CH2-Pc    ] F0
[T+4456286172us][CH1-Dispenser] F0 F8
[T+4456359311us][CH1-Dispenser] E0
[T+4456359175us][CH2-Pc    ] E0
[T+4456534307us][CH1-Dispenser] E1
[T+4456534173us][CH2-Pc    ] E1
[T+4456698172us][CH2-Pc    ] F0
[T+4456702173us][CH1-Dispenser] F0 F8
[T+4456776172us][CH2-Pc    ] F1
[T+4456781172us][CH1-Dispenser] F1 F9
[T+4456854172us][CH2-Pc    ] E1
[T+4456861172us][CH1-Dispenser] E1 E9
[T+4456932172us][CH2-Pc    ] F0
[T+4456942803us][CH1-Dispenser] F0 F8
[T+4457010305us][CH1-Dispenser] E0
[T+4457010173us][CH2-Pc    ] E0
[T+4457187308us][CH1-Dispenser] E1
[T+4457187173us][CH2-Pc    ] E1
[T+4457362172us][CH2-Pc    ] F0
[T+4457367173us][CH1-Dispenser] F0 F8
[T+4457440172us][CH2-Pc    ] F1
[T+4457448172us][CH1-Dispenser] F1 F9
[T+4457518172us][CH2-Pc    ] E1
[T+4457526172us][CH1-Dispenser] E1 E9
[T+4457596172us][CH2-Pc    ] F0
[T+4457603172us][CH1-Dispenser] F0 F8
[T+4457675173us][CH1-Dispenser] E0
[T+4457674172us][CH2-Pc    ] E0
[T+4457839306us][CH1-Dispenser] E1
[T+4457839173us][CH2-Pc    ] E1
[T+4458013197us][CH2-Pc    ] F0
[T+4458021172us][CH1-Dispenser] F0 F8
[T+4458091172us][CH2-Pc    ] F1
[T+4458096172us][CH1-Dispenser] F1 F9
[T+4458170172us][CH2-Pc    ] E1
[T+4458176200us][CH1-Dispenser] E1 E9
[T+4458248196us][CH2-Pc    ] F0
[T+4458257173us][CH1-Dispenser] F0 F8
[T+4458330303us][CH1-Dispenser] E0
[T+4458330173us][CH2-Pc    ] E0
[T+4458505306us][CH1-Dispenser] E1
[T+4458505173us][CH2-Pc    ] E1
[T+4458669172us][CH2-Pc    ] F0
[T+4458677172us][CH1-Dispenser] F0 F8
[T+4458750172us][CH1-Dispenser] F1 F9
[T+4458747172us][CH2-Pc    ] F1
[T+4458825172us][CH2-Pc    ] E1
[T+4458832172us][CH1-Dispenser] E1 E9
[T+4458903172us][CH2-Pc    ] F0
[T+4458913179us][CH1-Dispenser] F0 F8
[T+4458981304us][CH1-Dispenser] E0
[T+4458981173us][CH2-Pc    ] E0
[T+4459156308us][CH1-Dispenser] E1
[T+4459156173us][CH2-Pc    ] E1
[T+4459331172us][CH2-Pc    ] F0
[T+4459336172us][CH1-Dispenser] F0 F8
[T+4459409172us][CH2-Pc    ] F1
[T+4459419172us][CH1-Dispenser] F1 F9
[T+4459487173us][CH2-Pc    ] E1
[T+4459492172us][CH1-Dispenser] E1 E9
[T+4459565172us][CH2-Pc    ] F0
[T+4459571202us][CH1-Dispenser] F0 F8
[T+4459643433us][CH1-Dispenser] E0
[T+4459643300us][CH2-Pc    ] E0
[T+4459808304us][CH1-Dispenser] E1
[T+4459808173us][CH2-Pc    ] E1
[T+4459982172us][CH2-Pc    ] F0
[T+4459987172us][CH1-Dispenser] F0 F8
[T+4460060172us][CH2-Pc    ] F1
[T+4460066202us][CH1-Dispenser] F1 F9
[T+4460138197us][CH2-Pc    ] E1
[T+4460146172us][CH1-Dispenser] E1 E9
[T+4460216172us][CH2-Pc    ] F0
[T+4460221172us][CH1-Dispenser] F0 F8
[T+4460295306us][CH1-Dispenser] E0
[T+4460295173us][CH2-Pc    ] E0
[T+4460465306us][CH1-Dispenser] E1
[T+4460465174us][CH2-Pc    ] E1
[T+4460637172us][CH2-Pc    ] F0
[T+4460642174us][CH1-Dispenser] F0 F8
[T+4460716172us][CH2-Pc    ] F1
[T+4460722200us][CH1-Dispenser] F1 F9
[T+4460795172us][CH2-Pc    ] E1
[T+4460801202us][CH1-Dispenser] E1 E9
[T+4460873198us][CH2-Pc    ] F0
[T+4460882172us][CH1-Dispenser] F0 F8
[T+4460951305us][CH1-Dispenser] E0
[T+4460951173us][CH2-Pc    ] E0
[T+4461126312us][CH1-Dispenser] E1
[T+4461126175us][CH2-Pc    ] E1
[T+4461301172us][CH2-Pc    ] F0
[T+4461307200us][CH1-Dispenser] F0 F8
[T+4461379196us][CH2-Pc    ] F1
[T+4461387771us][CH1-Dispenser] F1 F9
[T+4461457172us][CH2-Pc    ] E1
[T+4461463201us][CH1-Dispenser] E1 E9
[T+4461535200us][CH2-Pc    ] F0
[T+4461544172us][CH1-Dispenser] F0 F8
[T+4461613304us][CH1-Dispenser] E0
[T+4461613173us][CH2-Pc    ] E0
[T+4461777307us][CH1-Dispenser] E1
[T+4461777173us][CH2-Pc    ] E1
[T+4461952172us][CH2-Pc    ] F0
[T+4461958202us][CH1-Dispenser] F0 F8
[T+4462031172us][CH2-Pc    ] F1
[T+4462037202us][CH1-Dispenser] F1 F9
[T+4462109198us][CH2-Pc    ] E1
[T+4462117179us][CH1-Dispenser] E1 E9
[T+4462190172us][CH1-Dispenser] F0 F8
[T+4462187172us][CH2-Pc    ] F0
[T+4462254308us][CH1-Dispenser] E0
[T+4462254173us][CH2-Pc    ] E0
[T+4462419305us][CH1-Dispenser] E1
[T+4462419173us][CH2-Pc    ] E1
[T+4462597172us][CH1-Dispenser] F0 F8
[T+4462593172us][CH2-Pc    ] F0
[T+4462671172us][CH2-Pc    ] F1
[T+4462677200us][CH1-Dispenser] F1 F9
[T+4462750172us][CH2-Pc    ] E1
[T+4462756202us][CH1-Dispenser] E1 E9
[T+4462828196us][CH2-Pc    ] F0
[T+4462836770us][CH1-Dispenser] F0 F8
[T+4462906306us][CH1-Dispenser] E0
[T+4462906173us][CH2-Pc    ] E0
[T+4463082305us][CH1-Dispenser] E1
[T+4463082173us][CH2-Pc    ] E1
[T+4463246172us][CH2-Pc    ] F0
[T+4463251173us][CH1-Dispenser] F0 F8
[T+4463315172us][CH2-Pc    ] F1
[T+4463324172us][CH1-Dispenser] F1 F9
[T+4463393172us][CH2-Pc    ] E1
[T+4463402808us][CH1-Dispenser] E1 E9
[T+4463471172us][CH2-Pc    ] F0
[T+4463475172us][CH1-Dispenser] F0 F8
[T+4463549302us][CH1-Dispenser] E0
[T+4463549173us][CH2-Pc    ] E0
[T+4463714306us][CH1-Dispenser] E1
[T+4463714174us][CH2-Pc    ] E1
[T+4463888173us][CH2-Pc    ] F0
[T+4463891173us][CH1-Dispenser] F0 F8
[T+4463956172us][CH2-Pc    ] F1
[T+4463961172us][CH1-Dispenser] F1 F9
[T+4464034172us][CH2-Pc    ] E1
[T+4464041172us][CH1-Dispenser] E1 E9
[T+4464115173us][CH1-Dispenser] F0 F8
[T+4464112172us][CH2-Pc    ] F0
[T+4464180303us][CH1-Dispenser] E0
[T+4464180173us][CH2-Pc    ] E0
[T+4464357310us][CH1-Dispenser] E1
[T+4464357173us][CH2-Pc    ] E1
[T+4464536172us][CH1-Dispenser] F0 F8
[T+4464532172us][CH2-Pc    ] F0
[T+4464610172us][CH2-Pc    ] F1
[T+4464617172us][CH1-Dispenser] F1 F9
[T+4464688172us][CH2-Pc    ] E1
[T+4464697777us][CH1-Dispenser] E1 E9
[T+4464766172us][CH2-Pc    ] F0
[T+4464771172us][CH1-Dispenser] F0 F8
[T+4464844306us][CH1-Dispenser] E0
[T+4464844174us][CH2-Pc    ] E0
[T+4465019304us][CH1-Dispenser] E1
[T+4465019173us][CH2-Pc    ] E1
[T+4465183172us][CH2-Pc    ] F0
[T+4465187173us][CH1-Dispenser] F0 F8
[T+4465261172us][CH2-Pc    ] F1
[T+4465266172us][CH1-Dispenser] F1 F9
[T+4465340172us][CH2-Pc    ] E1
[T+4465346200us][CH1-Dispenser] E1 E9
[T+4465418172us][CH2-Pc    ] F0
[T+4465421172us][CH1-Dispenser] F0 F8
[T+4465496306us][CH1-Dispenser] E0
[T+4465496173us][CH2-Pc    ] E0
[T+4465672305us][CH1-Dispenser] E1
[T+4465672174us][CH2-Pc    ] E1
[T+4465847172us][CH2-Pc    ] F0
[T+4465852172us][CH1-Dispenser] F0 F8
[T+4465925172us][CH2-Pc    ] F1
[T+4465933172us][CH1-Dispenser] F1 F9
[T+4466004172us][CH2-Pc    ] E1
[T+4466011172us][CH1-Dispenser] E1 E9
[T+4466093172us][CH2-Pc    ] F0
[T+4466102172us][CH1-Dispenser] F0 F8
[T+4466172305us][CH1-Dispenser] E0
[T+4466172173us][CH2-Pc    ] E0
[T+4466346308us][CH1-Dispenser] E1
[T+4466346173us][CH2-Pc    ] E1
[T+4466510172us][CH2-Pc    ] F0
[T+4466518172us][CH1-Dispenser] F0 F8
[T+4466588172us][CH2-Pc    ] F1
[T+4466592172us][CH1-Dispenser] F1 F9
[T+4466667172us][CH2-Pc    ] E1
[T+4466672172us][CH1-Dispenser] E1 E9
[T+4466745172us][CH2-Pc    ] F0
[T+4466751200us][CH1-Dispenser] F0 F8
[T+4466815305us][CH1-Dispenser] E0
[T+4466815173us][CH2-Pc    ] E0
[T+4466979310us][CH1-Dispenser] E1
[T+4466979173us][CH2-Pc    ] E1
[T+4467154172us][CH2-Pc    ] F0
[T+4467161172us][CH1-Dispenser] F0 F8
[T+4467232172us][CH2-Pc    ] F1
[T+4467237172us][CH1-Dispenser] F1 F9
[T+4467310172us][CH2-Pc    ] E1
[T+4467317772us][CH1-Dispenser] E1 E9
[T+4467388172us][CH2-Pc    ] F0
[T+4467396172us][CH1-Dispenser] F0 F8
[T+4467466305us][CH1-Dispenser] E0
[T+4467466173us][CH2-Pc    ] E0
[T+4467641308us][CH1-Dispenser] E1
[T+4467641173us][CH2-Pc    ] E1
[T+4467816172us][CH2-Pc    ] F0
[T+4467823172us][CH1-Dispenser] F0 F8
[T+4467894172us][CH2-Pc    ] F1
[T+4467902802us][CH1-Dispenser] F1 E9
[T+4467972172us][CH2-Pc    ] E1
[T+4467976172us][CH1-Dispenser] E1 E9
[T+4468050193us][CH2-Pc    ] F0
[T+4468056173us][CH1-Dispenser] F0 F8
[T+4468128306us][CH1-Dispenser] E0
[T+4468128173us][CH2-Pc    ] E0
[T+4468293309us][CH1-Dispenser] E1
[T+4468293173us][CH2-Pc    ] E1
[T+4468471172us][CH1-Dispenser] F0 F8
[T+4468467174us][CH2-Pc    ] F0
[T+4468546172us][CH2-Pc    ] F1
[T+4468553172us][CH1-Dispenser] F1 F9
[T+4468624172us][CH2-Pc    ] E1
[T+4468632796us][CH1-Dispenser] E1 E9
[T+4468706172us][CH1-Dispenser] F0 F8
[T+4468703174us][CH2-Pc    ] F0
[T+4468770303us][CH1-Dispenser] E0
[T+4468770173us][CH2-Pc    ] E0
[T+4468934307us][CH1-Dispenser] E1
[T+4468934173us][CH2-Pc    ] E1
[T+4469109172us][CH2-Pc    ] F0
[T+4469118203us][CH1-Dispenser] F0 F8
[T+4469187172us][CH2-Pc    ] F1
[T+4469192172us][CH1-Dispenser] F1 F9
[T+4469265172us][CH2-Pc    ] E1
[T+4469272172us][CH1-Dispenser] E1 E9
[T+4469343172us][CH2-Pc    ] F0
[T+4469351172us][CH1-Dispenser] F0 F8
[T+4469421309us][CH1-Dispenser] E0
[T+4469421174us][CH2-Pc    ] E0
[T+4469596305us][CH1-Dispenser] E1
[T+4469596173us][CH2-Pc    ] E1
[T+4469760172us][CH2-Pc    ] F0
[T+4469767172us][CH1-Dispenser] F0 E8
[T+4469838172us][CH2-Pc    ] F1
[T+4469843172us][CH1-Dispenser] F1 F9
[T+4469921172us][CH1-Dispenser] E1 E9
[T+4469917172us][CH2-Pc    ] E1
[T+4469995172us][CH2-Pc    ] F0
[T+4470003172us][CH1-Dispenser] F0 F8
[T+4470073307us][CH1-Dispenser] E0
[T+4470073174us][CH2-Pc    ] E0
[T+4470247308us][CH1-Dispenser] E1
[T+4470247173us][CH2-Pc    ] E1
[T+4470426172us][CH2-Pc    ] F0
[T+4470432200us][CH1-Dispenser] F0 F8
[T+4470503172us][CH2-Pc    ] F1
[T+4470508172us][CH1-Dispenser] F1 F9
[T+4470581172us][CH2-Pc    ] E1
[T+4470587200us][CH1-Dispenser] E1 E9
[T+4470660172us][CH2-Pc    ] F0
[T+4470668179us][CH1-Dispenser] F0 F8
[T+4470738305us][CH1-Dispenser] E0
[T+4470738173us][CH2-Pc    ] E0
[T+4470902308us][CH1-Dispenser] E1
[T+4470902173us][CH2-Pc    ] E1
[T+4471077172us][CH2-Pc    ] F0
[T+4471082172us][CH1-Dispenser] F0 F8
[T+4471155172us][CH2-Pc    ] F1
[T+4471162172us][CH1-Dispenser] F1 F9
[T+4471233172us][CH2-Pc    ] E1
[T+4471236172us][CH1-Dispenser] E1 E9
[T+4471301172us][CH2-Pc    ] F0
[T+4471308172us][CH1-Dispenser] F0 F8
[T+4471378306us][CH1-Dispenser] E0
[T+4471378174us][CH2-Pc    ] E0
[T+4471542305us][CH1-Dispenser] E1
[T+4471542174us][CH2-Pc    ] E1
[T+4471717172us][CH2-Pc    ] F0
[T+4471722173us][CH1-Dispenser] F0 F8
[T+4471795172us][CH2-Pc    ] F1
[T+4471803179us][CH1-Dispenser] F1 F9
[T+4471873173us][CH2-Pc    ] E1
[T+4471881172us][CH1-Dispenser] E1 E9
[T+4471952172us][CH2-Pc    ] F0
[T+4471957172us][CH1-Dispenser] F0 F8
[T+4472030305us][CH1-Dispenser] E0
[T+4472030173us][CH2-Pc    ] E0
[T+4472203173us][CH1-Dispenser] E1
[T+4472202172us][CH2-Pc    ] E1
[T+4472369172us][CH2-Pc    ] F0
[T+4472378792us][CH1-Dispenser] F0 F8
[T+4472448172us][CH2-Pc    ] F1
[T+4472452172us][CH1-Dispenser] F1 F9
[T+4472526172us][CH2-Pc    ] E1
[T+4472533172us][CH1-Dispenser] E1 E9
[T+4472604172us][CH2-Pc    ] F0
[T+4472612172us][CH1-Dispenser] F0 F8
[T+4472682305us][CH1-Dispenser] E0
[T+4472682173us][CH2-Pc    ] E0
[T+4472857312us][CH1-Dispenser] E1
[T+4472857175us][CH2-Pc    ] E1
[T+4473032172us][CH2-Pc    ] F0
[T+4473037172us][CH1-Dispenser] F0 F8
[T+4473110172us][CH2-Pc    ] F1
[T+4473117172us][CH1-Dispenser] F1 F9
[T+4473188172us][CH2-Pc    ] E1
[T+4473193172us][CH1-Dispenser] E1 E9
[T+4473266172us][CH2-Pc    ] F0
[T+4473272200us][CH1-Dispenser] F0 F8
[T+4473344305us][CH1-Dispenser] E0
[T+4473344173us][CH2-Pc    ] E0
[T+4473519311us][CH1-Dispenser] E1
[T+4473519174us][CH2-Pc    ] E1
[T+4473683172us][CH2-Pc    ] F0
[T+4473688173us][CH1-Dispenser] F0 F8
[T+4473761172us][CH2-Pc    ] F1
[T+4473767201us][CH1-Dispenser] F1 F9
[T+4473839196us][CH2-Pc    ] E1
[T+4473847179us][CH1-Dispenser] E1 E9
[T+4473921355us][CH1-Dispenser] F0 E8
[T+4473917172us][CH2-Pc    ] F0
[T+4473985301us][CH1-Dispenser] E0
[T+4473985173us][CH2-Pc    ] E0
[T+4474159304us][CH1-Dispenser] E1
[T+4474159173us][CH2-Pc    ] E1
[T+4474324172us][CH2-Pc    ] F0
[T+4474329172us][CH1-Dispenser] F0 F8
[T+4474402172us][CH2-Pc    ] F1
[T+4474409172us][CH1-Dispenser] F1 F9
[T+4474480172us][CH2-Pc    ] E1
[T+4474487172us][CH1-Dispenser] E1 E9
[T+4474558172us][CH2-Pc    ] F0
[T+4474562172us][CH1-Dispenser] F0 F8
[T+4474636306us][CH1-Dispenser] E0
[T+4474636173us][CH2-Pc    ] E0
[T+4474811304us][CH1-Dispenser] E1
[T+4474811173us][CH2-Pc    ] E1
[T+4474986172us][CH2-Pc    ] F0
[T+4474992201us][CH1-Dispenser] F0 F8
[T+4475068172us][CH1-Dispenser] F1 F9
[T+4475064172us][CH2-Pc    ] F1
[T+4475144172us][CH2-Pc    ] E1
[T+4475151172us][CH1-Dispenser] E1 E9
[T+4475222172us][CH2-Pc    ] F0
[T+4475227172us][CH1-Dispenser] F0 F8
[T+4475293305us][CH1-Dispenser] E0
[T+4475293174us][CH2-Pc    ] E0
[T+4475468307us][CH1-Dispenser] E1
[T+4475468173us][CH2-Pc    ] E1
[T+4475643301us][CH2-Pc    ] F0
[T+4475648173us][CH1-Dispenser] F0 F8
[T+4475721172us][CH2-Pc    ] F1
[T+4475727200us][CH1-Dispenser] F1 F9
[T+4475799197us][CH2-Pc    ] E1
[T+4475807172us][CH1-Dispenser] E1 E9
[T+4475877172us][CH2-Pc    ] F0
[T+4475881172us][CH1-Dispenser] F0 F8
[T+4475956304us][CH1-Dispenser] E0
[T+4475956173us][CH2-Pc    ] E0
[T+4476119308us][CH1-Dispenser] E1
[T+4476119173us][CH2-Pc    ] E1
[T+4476296172us][CH2-Pc    ] F0
[T+4476306172us][CH1-Dispenser] F0 F8
[T+4476373172us][CH2-Pc    ] F1
[T+4476378172us][CH1-Dispenser] F1 F9
[T+4476451172us][CH2-Pc    ] E1
[T+4476458172us][CH1-Dispenser] E1 E9
[T+4476530196us][CH2-Pc    ] F0
[T+4476539179us][CH1-Dispenser] F0 F8
[T+4476608313us][CH1-Dispenser] E0
[T+4476608173us][CH2-Pc    ] E0
[T+4476783304us][CH1-Dispenser] E1
[T+4476783173us][CH2-Pc    ] E1
[T+4476957197us][CH2-Pc    ] F0
[T+4476964803us][CH1-Dispenser] F0 F8
[T+4477035172us][CH2-Pc    ] F1
[T+4477043172us][CH1-Dispenser] F1 F9
[T+4477114172us][CH2-Pc    ] E1
[T+4477123786us][CH1-Dispenser] E1 E9
[T+4477192172us][CH2-Pc    ] F0
[T+4477198206us][CH1-Dispenser] F0 F8
[T+4477270305us][CH1-Dispenser] E0
[T+4477270173us][CH2-Pc    ] E0
[T+4477434306us][CH1-Dispenser] E1
[T+4477434173us][CH2-Pc    ] E1
[T+4477609172us][CH2-Pc    ] F0
[T+4477614173us][CH1-Dispenser] F0 F8
[T+4477687172us][CH2-Pc    ] F1
[T+4477695172us][CH1-Dispenser] F1 F9
[T+4477766172us][CH2-Pc    ] E1
[T+4477771172us][CH1-Dispenser] E1 E9
[T+4477844172us][CH2-Pc    ] F0
[T+4477852803us][CH1-Dispenser] F0 F8
[T+4477922305us][CH1-Dispenser] E0
[T+4477922173us][CH2-Pc    ] E0
[T+4478097304us][CH1-Dispenser] E1
[T+4478097173us][CH2-Pc    ] E1
[T+4478261172us][CH2-Pc    ] F0
[T+4478268172us][CH1-Dispenser] F0 F8
[T+4478339172us][CH2-Pc    ] F1
[T+4478344172us][CH1-Dispenser] F1 F9
[T+4478417172us][CH2-Pc    ] E1
[T+4478424172us][CH1-Dispenser] E1 E9
[T+4478495172us][CH2-Pc    ] F0
[T+4478501202us][CH1-Dispenser] F0 F8
[T+4478574305us][CH1-Dispenser] E0
[T+4478574173us][CH2-Pc    ] E0
[T+4478748310us][CH1-Dispenser] E1
[T+4478748173us][CH2-Pc    ] E1
[T+4478923172us][CH2-Pc    ] F0
[T+4478928173us][CH1-Dispenser] F0 F8
[T+4479000197us][CH2-Pc    ] F1
[T+4479010771us][CH1-Dispenser] F1 F9
[T+4479079172us][CH2-Pc    ] E1
[T+4479087802us][CH1-Dispenser] E1 E9
[T+4479157172us][CH2-Pc    ] F0
[T+4479162173us][CH1-Dispenser] F0 F8
[T+4479235305us][CH1-Dispenser] E0
[T+4479235173us][CH2-Pc    ] E0
[T+4479409307us][CH1-Dispenser] E1
[T+4479409173us][CH2-Pc    ] E1
[T+4479574172us][CH2-Pc    ] F0
[T+4479578172us][CH1-Dispenser] F0 F8
[T+4479652172us][CH2-Pc    ] F1
[T+4479657174us][CH1-Dispenser] F1 F9
[T+4479730172us][CH2-Pc    ] E1
[T+4479737172us][CH1-Dispenser] E1 E9
[T+4479808172us][CH2-Pc    ] F0
[T+4479813172us][CH1-Dispenser] F0 F8
[T+4479886305us][CH1-Dispenser] E0
[T+4479886173us][CH2-Pc    ] E0
[T+4480061306us][CH1-Dispenser] E1
[T+4480061173us][CH2-Pc    ] E1
[T+4480236172us][CH2-Pc    ] F0
[T+4480248213us][CH1-Dispenser] F0 F8
[T+4480314196us][CH2-Pc    ] F1
[T+4480320200us][CH1-Dispenser] F1 F9
[T+4480395172us][CH2-Pc    ] E1
[T+4480402172us][CH1-Dispenser] E1 E9
[T+4480473172us][CH2-Pc    ] F0
[T+4480478175us][CH1-Dispenser] F0 F8
[T+4480551304us][CH1-Dispenser] E0
[T+4480551173us][CH2-Pc    ] E0
[T+4480715310us][CH1-Dispenser] E1
[T+4480715174us][CH2-Pc    ] E1
[T+4480890200us][CH2-Pc    ] F0
[T+4480897793us][CH1-Dispenser] F0 F8
[T+4480968172us][CH2-Pc    ] F1
[T+4480973172us][CH1-Dispenser] F1 F9
[T+4481046172us][CH2-Pc    ] E1
[T+4481053172us][CH1-Dispenser] E1 E9
[T+4481124172us][CH2-Pc    ] F0
[T+4481135179us][CH1-Dispenser] F0 F8
[T+4481202305us][CH1-Dispenser] E0
[T+4481202173us][CH2-Pc    ] E0
[T+4481377305us][CH1-Dispenser] E1
[T+4481377173us][CH2-Pc    ] E1
[T+4481541172us][CH2-Pc    ] F0
[T+4481547202us][CH1-Dispenser] F0 F8
[T+4481619172us][CH2-Pc    ] F1
[T+4481623173us][CH1-Dispenser] F1 F9
[T+4481693172us][CH2-Pc    ] E1
[T+4481698172us][CH1-Dispenser] E1 E9
[T+4481771172us][CH2-Pc    ] F0
[T+4481778779us][CH1-Dispenser] F0 F8
[T+4481850305us][CH1-Dispenser] E0
[T+4481850173us][CH2-Pc    ] E0
[T+4482035308us][CH1-Dispenser] E1
[T+4482035173us][CH2-Pc    ] E1
[T+4482203173us][CH1-Dispenser] F0 F8
[T+4482199172us][CH2-Pc    ] F0
[T+4482277172us][CH2-Pc    ] F1
[T+4482283200us][CH1-Dispenser] F1 E9
[T+4482356172us][CH2-Pc    ] E1
[T+4482362206us][CH1-Dispenser] E1 E9
[T+4482434172us][CH2-Pc    ] F0
[T+4482438172us][CH1-Dispenser] F0 F8
[T+4482512305us][CH1-Dispenser] E0
[T+4482512173us][CH2-Pc    ] E0
[T+4482687305us][CH1-Dispenser] E1
[T+4482687173us][CH2-Pc    ] E1
[T+4482861200us][CH2-Pc    ] F0
[T+4482868172us][CH1-Dispenser] F0 F8
[T+4482935174us][CH2-Pc    ] F1
[T+4482938172us][CH1-Dispenser] F1 F9
[T+4483013172us][CH2-Pc    ] E1
[T+4483017172us][CH1-Dispenser] E1 E9
[T+4483090172us][CH2-Pc    ] F0
[T+4483099179us][CH1-Dispenser] F0 F8
[T+4483167304us][CH1-Dispenser] E0
[T+4483167173us][CH2-Pc    ] E0
[T+4483342305us][CH1-Dispenser] E1
[T+4483342173us][CH2-Pc    ] E1
[T+4483517172us][CH2-Pc    ] F0
[T+4483522172us][CH1-Dispenser] F0 F8
[T+4483595172us][CH2-Pc    ] F1
[T+4483604172us][CH1-Dispenser] F1 E9
[T+4483673172us][CH2-Pc    ] E1
[T+4483678172us][CH1-Dispenser] E1 E9
[T+4483751378us][CH2-Pc    ] F0
[T+4483759172us][CH1-Dispenser] F0 F8
[T+4483829304us][CH1-Dispenser] E0
[T+4483829173us][CH2-Pc    ] E0
[T+4484004309us][CH1-Dispenser] E1
[T+4484004174us][CH2-Pc    ] E1
[T+4484168172us][CH2-Pc    ] F0
[T+4484173173us][CH1-Dispenser] F0 F8
[T+4484246172us][CH2-Pc    ] F1
[T+4484254768us][CH1-Dispenser] F1 F9
[T+4484331172us][CH2-Pc    ] E1
[T+4484337202us][CH1-Dispenser] E1 E9
[T+4484408172us][CH2-Pc    ] F0
[T+4484413172us][CH1-Dispenser] F0 F8
[T+4484486304us][CH1-Dispenser] E0
[T+4484486173us][CH2-Pc    ] E0
[T+4484650305us][CH1-Dispenser] E1
[T+4484650173us][CH2-Pc    ] E1
[T+4484825172us][CH2-Pc    ] F0
[T+4484834801us][CH1-Dispenser] F0 F8
[T+4484903172us][CH2-Pc    ] F1
[T+4484910172us][CH1-Dispenser] F1 F9
[T+4484982173us][CH2-Pc    ] E1
[T+4484990172us][CH1-Dispenser] E1 E9
[T+4485060172us][CH2-Pc    ] F0
[T+4485067172us][CH1-Dispenser] F0 F8
[T+4485138306us][CH1-Dispenser] E0
[T+4485138173us][CH2-Pc    ] E0
[T+4485313305us][CH1-Dispenser] E1
[T+4485313173us][CH2-Pc    ] E1
[T+4485487197us][CH2-Pc    ] F0
[T+4485493205us][CH1-Dispenser] F0 F8
[T+4485571196us][CH2-Pc    ] F1
[T+4485578776us][CH1-Dispenser] F1 F9
[T+4485649172us][CH2-Pc    ] E1
[T+4485658172us][CH1-Dispenser] E1 E9
[T+4485728172us][CH2-Pc    ] F0
[T+4485734200us][CH1-Dispenser] F0 F8
[T+4485807306us][CH1-Dispenser] E0
[T+4485807174us][CH2-Pc    ] E0
[T+4485982307us][CH1-Dispenser] E1
[T+4485982174us][CH2-Pc    ] E1
[T+4486156196us][CH2-Pc    ] F0
[T+4486164785us][CH1-Dispenser] F0 F8
[T+4486234172us][CH2-Pc    ] F1
[T+4486238172us][CH1-Dispenser] F1 F9
[T+4486306172us][CH2-Pc    ] E1
[T+4486312200us][CH1-Dispenser] E1 E9
[T+4486384173us][CH2-Pc    ] F0
[T+4486389172us][CH1-Dispenser] F0 F8
[T+4486462306us][CH1-Dispenser] E0
[T+4486462174us][CH2-Pc    ] E0
[T+4486637305us][CH1-Dispenser] E1
[T+4486637173us][CH2-Pc    ] E1
[T+4486812172us][CH2-Pc    ] F0
[T+4486818200us][CH1-Dispenser] F0 F8
[T+4486890172us][CH2-Pc    ] F1
[T+4486894172us][CH1-Dispenser] F1 F9
[T+4486968172us][CH2-Pc    ] E1
[T+4486973172us][CH1-Dispenser] E1 E9
[T+4487046172us][CH2-Pc    ] F0
[T+4487053805us][CH1-Dispenser] F0 F8
[T+4487124306us][CH1-Dispenser] E0
[T+4487124174us][CH2-Pc    ] E0
[T+4487292308us][CH1-Dispenser] E1
[T+4487292173us][CH2-Pc    ] E1
[T+4487467172us][CH2-Pc    ] F0
[T+4487474172us][CH1-Dispenser] F0 F8
[T+4487545173us][CH2-Pc    ] F1
[T+4487548172us][CH1-Dispenser] F1 F9
[T+4487613175us][CH2-Pc    ] E1
[T+4487618179us][CH1-Dispenser] E1 E9
[T+4487690197us][CH2-Pc    ] F0
[T+4487698172us][CH1-Dispenser] F0 F8
[T+4487769304us][CH1-Dispenser] E0
[T+4487769173us][CH2-Pc    ] E0
[T+4487933308us][CH1-Dispenser] E1
[T+4487933173us][CH2-Pc    ] E1
[T+4488107359us][CH2-Pc    ] F0
[T+4488113200us][CH1-Dispenser] F0 F8
[T+4488186172us][CH2-Pc    ] F1
[T+4488193172us][CH1-Dispenser] F1 F9
[T+4488264172us][CH2-Pc    ] E1
[T+4488267172us][CH1-Dispenser] E1 E9
[T+4488331172us][CH2-Pc    ] F0
[T+4488341180us][CH1-Dispenser] F0 F8
[T+4488409307us][CH1-Dispenser] E0
[T+4488409173us][CH2-Pc    ] E0
[T+4488573312us][CH1-Dispenser] E1
[T+4488573173us][CH2-Pc    ] E1
[T+4488748173us][CH2-Pc    ] F0
[T+4488753173us][CH1-Dispenser] F0 F8
[T+4488826172us][CH2-Pc    ] F1
[T+4488834179us][CH1-Dispenser] F1 F9
[T+4488904172us][CH2-Pc    ] E1
[T+4488912172us][CH1-Dispenser] E1 E9
[T+4488983172us][CH2-Pc    ] F0
[T+4488988172us][CH1-Dispenser] F0 F8
[T+4489061304us][CH1-Dispenser] E0
[T+4489061173us][CH2-Pc    ] E0
[T+4489235172us][CH2-Pc    ] E1
[T+4489236174us][CH1-Dispenser] E1
[T+4489410172us][CH2-Pc    ] F0
[T+4489414174us][CH1-Dispenser] F0 F8
[T+4489488172us][CH2-Pc    ] F1
[T+4489494202us][CH1-Dispenser] F1 F9
[T+4489566196us][CH2-Pc    ] E1
[T+4489574172us][CH1-Dispenser] E1 E9
[T+4489645173us][CH2-Pc    ] F0
[T+4489653181us][CH1-Dispenser] F0 F8
[T+4489723305us][CH1-Dispenser] E0
[T+4489723173us][CH2-Pc    ] E0
[T+4489887306us][CH1-Dispenser] E1
[T+4489887173us][CH2-Pc    ] E1
[T+4490062172us][CH2-Pc    ] F0
[T+4490070172us][CH1-Dispenser] F0 F8
[T+4490140172us][CH2-Pc    ] F1
[T+4490144174us][CH1-Dispenser] F1 F9
[T+4490218172us][CH2-Pc    ] E1
[T+4490222172us][CH1-Dispenser] E1 E9
[T+4490296172us][CH2-Pc    ] F0
[T+4490303172us][CH1-Dispenser] F0 F8
[T+4490374305us][CH1-Dispenser] E0
[T+4490374173us][CH2-Pc    ] E0
[T+4490549306us][CH1-Dispenser] E1
[T+4490549173us][CH2-Pc    ] E1
[T+4490713172us][CH2-Pc    ] F0
[T+4490721172us][CH1-Dispenser] F0 F8
[T+4490791172us][CH2-Pc    ] F1
[T+4490800179us][CH1-Dispenser] F1 F9
[T+4490869172us][CH2-Pc    ] E1
[T+4490873173us][CH1-Dispenser] E1 E9
[T+4490937172us][CH2-Pc    ] F0
[T+4490943200us][CH1-Dispenser] F0 F8
[T+4491015303us][CH1-Dispenser] E0
[T+4491015173us][CH2-Pc    ] E0
[T+4491190305us][CH1-Dispenser] E1
[T+4491190173us][CH2-Pc    ] E1
[T+4491353172us][CH2-Pc    ] F0
[T+4491359205us][CH1-Dispenser] F0 E8
[T+4491432172us][CH2-Pc    ] F1
[T+4491438202us][CH1-Dispenser] F1 F9
[T+4491510198us][CH2-Pc    ] E1
[T+4491520372us][CH1-Dispenser] E1 E9
[T+4491588172us][CH2-Pc    ] F0
[T+4491593172us][CH1-Dispenser] F0 F8
[T+4491666306us][CH1-Dispenser] E0
[T+4491666174us][CH2-Pc    ] E0
[T+4491841306us][CH1-Dispenser] E1
[T+4491841173us][CH2-Pc    ] E1
[T+4492016172us][CH2-Pc    ] F0
[T+4492025172us][CH1-Dispenser] F0 F8
[T+4492094172us][CH2-Pc    ] F1
[T+4492099172us][CH1-Dispenser] F1 F9
[T+4492172172us][CH2-Pc    ] E1
[T+4492179172us][CH1-Dispenser] E1 E9
[T+4492250295us][CH2-Pc    ] F0
[T+4492258179us][CH1-Dispenser] F0 F8
[T+4492340308us][CH1-Dispenser] E0
[T+4492340173us][CH2-Pc    ] E0
[T+4492515305us][CH1-Dispenser] E1
[T+4492515173us][CH2-Pc    ] E1
[T+4492689173us][CH2-Pc    ] F0
[T+4492694173us][CH1-Dispenser] F0 F8
[T+4492768172us][CH2-Pc    ] F1
[T+4492773172us][CH1-Dispenser] F1 F9
[T+4492846172us][CH2-Pc    ] E1
[T+4492853172us][CH1-Dispenser] E1 E9
[T+4492924172us][CH2-Pc    ] F0
[T+4492928172us][CH1-Dispenser] F0 F8
[T+4493002305us][CH1-Dispenser] E0
[T+4493002173us][CH2-Pc    ] E0
[T+4493166307us][CH1-Dispenser] E1
[T+4493166173us][CH2-Pc    ] E1
[T+4493341172us][CH2-Pc    ] F0
[T+4493350802us][CH1-Dispenser] F0 F8
[T+4493419172us][CH2-Pc    ] F1
[T+4493424172us][CH1-Dispenser] F1 F9
[T+4493497172us][CH2-Pc    ] E1
[T+4493503201us][CH1-Dispenser] E1 E9
[T+4493575197us][CH2-Pc    ] F0
[T+4493584343us][CH1-Dispenser] F0 F8
[T+4493653307us][CH1-Dispenser] E0
[T+4493653173us][CH2-Pc    ] E0
[T+4493828305us][CH1-Dispenser] E1
[T+4493828173us][CH2-Pc    ] E1
[T+4494003172us][CH2-Pc    ] F0
[T+4494009200us][CH1-Dispenser] F0 F8
[T+4494081196us][CH2-Pc    ] F1
[T+4494088172us][CH1-Dispenser] F1 F9
[T+4494159172us][CH2-Pc    ] E1
[T+4494165202us][CH1-Dispenser] E1 E9
[T+4494237197us][CH2-Pc    ] F0
[T+4494246172us][CH1-Dispenser] F0 F8
[T+4494316304us][CH1-Dispenser] E0
[T+4494316173us][CH2-Pc    ] E0
[T+4494479306us][CH1-Dispenser] E1
[T+4494479173us][CH2-Pc    ] E1
[T+4494654172us][CH2-Pc    ] F0
[T+4494660200us][CH1-Dispenser] F0 F8
[T+4494732196us][CH2-Pc    ] F1
[T+4494739172us][CH1-Dispenser] F1 F9