connected
[T+3846782306us][CH1-Dispenser] E0
[T+3846782173us][CH2-Pc    ] E0
[T+3846946306us][CH1-Dispenser] E1
[T+3846946174us][CH2-Pc    ] E1
[T+3847125172us][CH1-Dispenser] F0 F8
[T+3847121172us][CH2-Pc    ] F0
[T+3847199172us][CH2-Pc    ] F1
[T+3847206172us][CH1-Dispenser] F1 F9
[T+3847277172us][CH2-Pc    ] E1
[T+3847282172us][CH1-Dispenser] E1 E9
[T+3847356172us][CH2-Pc    ] F0
[T+3847363172us][CH1-Dispenser] F0 F8
[T+3847434304us][CH1-Dispenser] E0
[T+3847434173us][CH2-Pc    ] E0
[T+3847608309us][CH1-Dispenser] E1
[T+3847608174us][CH2-Pc    ] E1
[T+3847783172us][CH2-Pc    ] F0
[T+3847790172us][CH1-Dispenser] F0 F8
[T+3847862172us][CH2-Pc    ] F1
[T+3847865172us][CH1-Dispenser] F1 F9
[T+3847941172us][CH2-Pc    ] E1
[T+3847948172us][CH1-Dispenser] E1 E9
[T+3848019172us][CH2-Pc    ] F0
[T+3848024172us][CH1-Dispenser] F0 F8
[T+3848097304us][CH1-Dispenser] E0
[T+3848097173us][CH2-Pc    ] E0
[T+3848282306us][CH1-Dispenser] E1
[T+3848282173us][CH2-Pc    ] E1
[T+3848449172us][CH2-Pc    ] F0
[T+3848456172us][CH1-Dispenser] F0 F8
[T+3848528196us][CH2-Pc    ] F1
[T+3848536793us][CH1-Dispenser] F1 F9
[T+3848606172us][CH2-Pc    ] E1
[T+3848613777us][CH1-Dispenser] E1 E9
[T+3848687172us][CH1-Dispenser] F0 F8
[T+3848684172us][CH2-Pc    ] F0
[T+3848751304us][CH1-Dispenser] E0
[T+3848751173us][CH2-Pc    ] E0
[T+3848916308us][CH1-Dispenser] E1
[T+3848916173us][CH2-Pc    ] E1
[T+3849091172us][CH2-Pc    ] F0
[T+3849096173us][CH1-Dispenser] F0 F8
[T+3849169172us][CH2-Pc    ] F1
[T+3849177172us][CH1-Dispenser] F1 F9
[T+3849258172us][CH2-Pc    ] E1
[T+3849262172us][CH1-Dispenser] E1 E9
[T+3849336172us][CH2-Pc    ] F0
[T+3849345179us][CH1-Dispenser] F0 E8
[T+3849414306us][CH1-Dispenser] E0
[T+3849414174us][CH2-Pc    ] E0
[T+3849589309us][CH1-Dispenser] E1
[T+3849589174us][CH2-Pc    ] E1
[T+3849764172us][CH2-Pc    ] F0
[T+3849772179us][CH1-Dispenser] F0 F8
[T+3849846172us][CH1-Dispenser] F1 F9
[T+3849842172us][CH2-Pc    ] F1
[T+3849920172us][CH2-Pc    ] E1
[T+3849929172us][CH1-Dispenser] E1 E9
[T+3849998175us][CH2-Pc    ] F0
[T+3850002174us][CH1-Dispenser] F0 F8
[T+3850076308us][CH1-Dispenser] E0
[T+3850076173us][CH2-Pc    ] E0
[T+3850243305us][CH1-Dispenser] E1
[T+3850243173us][CH2-Pc    ] E1
[T+3850419172us][CH2-Pc    ] F0
[T+3850426809us][CH1-Dispenser] F0 F8
[T+3850497172us][CH2-Pc    ] F1
[T+3850502172us][CH1-Dispenser] F1 F9
[T+3850575172us][CH2-Pc    ] E1
[T+3850583172us][CH1-Dispenser] E1 E9
[T+3850654172us][CH2-Pc    ] F0
[T+3850658173us][CH1-Dispenser] F0 F8
[T+3850731308us][CH1-Dispenser] E0
[T+3850731173us][CH2-Pc    ] E0
[T+3850906308us][CH1-Dispenser] E1
[T+3850906173us][CH2-Pc    ] E1
[T+3851070172us][CH2-Pc    ] F0
[T+3851076200us][CH1-Dispenser] F0 F8
[T+3851148197us][CH2-Pc    ] F1
[T+3851156172us][CH1-Dispenser] F1 F9
[T+3851227172us][CH2-Pc    ] E1
[T+3851233208us][CH1-Dispenser] E1 E9
[T+3851305197us][CH2-Pc    ] F0
[T+3851312172us][CH1-Dispenser] F0 E8
[T+3851383304us][CH1-Dispenser] E0
[T+3851383173us][CH2-Pc    ] E0
[T+3851558305us][CH1-Dispenser] E1
[T+3851558173us][CH2-Pc    ] E1
[T+3851732197us][CH2-Pc    ] F0
[T+3851738200us][CH1-Dispenser] F0 F8
[T+3851811172us][CH2-Pc    ] F1
[T+3851815172us][CH1-Dispenser] F1 F9
[T+3851889172us][CH2-Pc    ] E1
[T+3851893172us][CH1-Dispenser] E1 E9
[T+3851967172us][CH2-Pc    ] F0
[T+3851974806us][CH1-Dispenser] F0 F8
[T+3852045305us][CH1-Dispenser] E0
[T+3852045173us][CH2-Pc    ] E0
[T+3852220307us][CH1-Dispenser] E1
[T+3852220175us][CH2-Pc    ] E1
[T+3852391172us][CH2-Pc    ] F0
[T+3852395172us][CH1-Dispenser] F0 F8
[T+3852469172us][CH2-Pc    ] F1
[T+3852476172us][CH1-Dispenser] F1 F9
[T+3852547172us][CH2-Pc    ] E1
[T+3852554779us][CH1-Dispenser] E1 E9
[T+3852625172us][CH2-Pc    ] F0
[T+3852633172us][CH1-Dispenser] F0 F8
[T+3852703305us][CH1-Dispenser] E0
[T+3852703173us][CH2-Pc    ] E0
[T+3852867311us][CH1-Dispenser] E1
[T+3852867173us][CH2-Pc    ] E1
[T+3853046173us][CH1-Dispenser] F0 F8
[T+3853042172us][CH2-Pc    ] F0
[T+3853120172us][CH2-Pc    ] F1
[T+3853125172us][CH1-Dispenser] F1 F9
[T+3853198246us][CH2-Pc    ] E1
[T+3853204181us][CH1-Dispenser] E1 E9
[T+3853276213us][CH2-Pc    ] F0
[T+3853284172us][CH1-Dispenser] F0 E8
[T+3853355305us][CH1-Dispenser] E0
[T+3853355173us][CH2-Pc    ] E0
[T+3853529306us][CH1-Dispenser] E1
[T+3853529173us][CH2-Pc    ] E1
[T+3853705172us][CH2-Pc    ] F0
[T+3853712809us][CH1-Dispenser] F0 F8
[T+3853782172us][CH2-Pc    ] F1
[T+3853786172us][CH1-Dispenser] F1 F9
[T+3853862577us][CH2-Pc    ] E1
[T+3853868180us][CH1-Dispenser] E1 E9
[T+3853939172us][CH2-Pc    ] F0
[T+3853943174us][CH1-Dispenser] F0 F8
[T+3854007307us][CH1-Dispenser] E0
[T+3854007173us][CH2-Pc    ] E0
[T+3854182308us][CH1-Dispenser] E1
[T+3854182174us][CH2-Pc    ] E1
[T+3854357173us][CH2-Pc    ] F0
[T+3854361172us][CH1-Dispenser] F0 F8
[T+3854435172us][CH2-Pc    ] F1
[T+3854440172us][CH1-Dispenser] F1 F9
[T+3854513172us][CH2-Pc    ] E1
[T+3854518173us][CH1-Dispenser] E1 E9
[T+3854591172us][CH2-Pc    ] F0
[T+3854599172us][CH1-Dispenser] F0 F8
[T+3854669308us][CH1-Dispenser] E0
[T+3854669173us][CH2-Pc    ] E0
[T+3854844306us][CH1-Dispenser] E1
[T+3854844173us][CH2-Pc    ] E1
[T+3855021172us][CH1-Dispenser] F0 F8
[T+3855018174us][CH2-Pc    ] F0
[T+3855085172us][CH2-Pc    ] F1
[T+3855091201us][CH1-Dispenser] F1 F9
[T+3855163172us][CH2-Pc    ] E1
[T+3855168172us][CH1-Dispenser] E1 E9
[T+3855241172us][CH2-Pc    ] F0
[T+3855249172us][CH1-Dispenser] F0 F8
[T+3855319305us][CH1-Dispenser] E0
[T+3855319173us][CH2-Pc    ] E0
[T+3855494305us][CH1-Dispenser] E1
[T+3855494173us][CH2-Pc    ] E1
[T+3855669172us][CH2-Pc    ] F0
[T+3855676172us][CH1-Dispenser] F0 F8
[T+3855747172us][CH2-Pc    ] F1
[T+3855752172us][CH1-Dispenser] F1 F9
[T+3855825172us][CH2-Pc    ] E1
[T+3855833788us][CH1-Dispenser] E1 E9
[T+3855903172us][CH2-Pc    ] F0
[T+3855907172us][CH1-Dispenser] F0 F8
[T+3855971309us][CH1-Dispenser] E0
[T+3855971175us][CH2-Pc    ] E0
[T+3856135305us][CH1-Dispenser] E1
[T+3856135173us][CH2-Pc    ] E1
[T+3856307172us][CH2-Pc    ] F0
[T+3856311174us][CH1-Dispenser] F0 F8
[T+3856385172us][CH2-Pc    ] F1
[T+3856392172us][CH1-Dispenser] F1 E9
[T+3856474172us][CH2-Pc    ] E1
[T+3856478173us][CH1-Dispenser] E1 E9
[T+3856552195us][CH2-Pc    ] F0
[T+3856558174us][CH1-Dispenser] F0 F8
[T+3856630305us][CH1-Dispenser] E0
[T+3856630173us][CH2-Pc    ] E0
[T+3856805304us][CH1-Dispenser] E1
[T+3856805173us][CH2-Pc    ] E1
[T+3856979197us][CH2-Pc    ] F0
[T+3856986172us][CH1-Dispenser] F0 F8
[T+3857060172us][CH1-Dispenser] F1 F9
[T+3857057175us][CH2-Pc    ] F1
[T+3857125172us][CH2-Pc    ] E1
[T+3857133172us][CH1-Dispenser] E1 E9
[T+3857203172us][CH2-Pc    ] F0
[T+3857210172us][CH1-Dispenser] F0 F8
[T+3857281304us][CH1-Dispenser] E0
[T+3857281173us][CH2-Pc    ] E0
[T+3857445308us][CH1-Dispenser] E1
[T+3857445173us][CH2-Pc    ] E1
[T+3857620172us][CH2-Pc    ] F0
[T+3857626201us][CH1-Dispenser] F0 F8
[T+3857698196us][CH2-Pc    ] F1
[T+3857705172us][CH1-Dispenser] F1 F9
[T+3857776172us][CH2-Pc    ] E1
[T+3857783172us][CH1-Dispenser] E1 E9
[T+3857854172us][CH2-Pc    ] F0
[T+3857858172us][CH1-Dispenser] F0 F8
[T+3857933305us][CH1-Dispenser] E0
[T+3857933173us][CH2-Pc    ] E0
[T+3858107306us][CH1-Dispenser] E1
[T+3858107173us][CH2-Pc    ] E1
[T+3858286173us][CH1-Dispenser] F0 F8
[T+3858282172us][CH2-Pc    ] F0
[T+3858360172us][CH2-Pc    ] F1
[T+3858367172us][CH1-Dispenser] F1 F9
[T+3858442172us][CH1-Dispenser] E1 E9
[T+3858440379us][CH2-Pc    ] E1
[T+3858516172us][CH2-Pc    ] F0
[T+3858523172us][CH1-Dispenser] F0 F8
[T+3858595305us][CH1-Dispenser] E0
[T+3858595173us][CH2-Pc    ] E0
[T+3858759306us][CH1-Dispenser] E1
[T+3858759173us][CH2-Pc    ] E1
[T+3858934172us][CH2-Pc    ] F0
[T+3858941172us][CH1-Dispenser] F0 F8
[T+3859012174us][CH2-Pc    ] F1
[T+3859017173us][CH1-Dispenser] F1 F9
[T+3859090172us][CH2-Pc    ] E1
[T+3859093172us][CH1-Dispenser] E1 E9
[T+3859157172us][CH2-Pc    ] F0
[T+3859163201us][CH1-Dispenser] F0 F8
[T+3859245306us][CH1-Dispenser] E0
[T+3859245173us][CH2-Pc    ] E0
[T+3859420311us][CH1-Dispenser] E1
[T+3859420173us][CH2-Pc    ] E1
[T+3859595172us][CH2-Pc    ] F0
[T+3859601201us][CH1-Dispenser] F0 F8
[T+3859677173us][CH1-Dispenser] F1 F9
[T+3859673174us][CH2-Pc    ] F1
[T+3859756172us][CH2-Pc    ] E1
[T+3859763172us][CH1-Dispenser] E1 E9
[T+3859834172us][CH2-Pc    ] F0
[T+3859839172us][CH1-Dispenser] F0 F8
[T+3859912309us][CH1-Dispenser] E0
[T+3859912175us][CH2-Pc    ] E0
[T+3860087306us][CH1-Dispenser] E1
[T+3860087173us][CH2-Pc    ] E1
[T+3860262173us][CH2-Pc    ] F0
[T+3860266173us][CH1-Dispenser] F0 F8
[T+3860340712us][CH2-Pc    ] F1
[T+3860347889us][CH1-Dispenser] F1 F9
[T+3860418172us][CH2-Pc    ] E1
[T+3860423172us][CH1-Dispenser] E1 E9
[T+3860496172us][CH2-Pc    ] F0
[T+3860505172us][CH1-Dispenser] F0 F8
[T+3860574305us][CH1-Dispenser] E0
[T+3860574173us][CH2-Pc    ] E0
[T+3860749307us][CH1-Dispenser] E1
[T+3860749173us][CH2-Pc    ] E1
[T+3860924172us][CH2-Pc    ] F0
[T+3860933172us][CH1-Dispenser] F0 F8
[T+3861002172us][CH2-Pc    ] F1
[T+3861008200us][CH1-Dispenser] F1 F9
[T+3861080196us][CH2-Pc    ] E1
[T+3861089179us][CH1-Dispenser] E1 E9
[T+3861158172us][CH2-Pc    ] F0
[T+3861163175us][CH1-Dispenser] F0 F8
[T+3861248304us][CH1-Dispenser] E0
[T+3861248173us][CH2-Pc    ] E0
[T+3861423306us][CH1-Dispenser] E1
[T+3861423173us][CH2-Pc    ] E1
[T+3861587172us][CH2-Pc    ] F0
[T+3861592173us][CH1-Dispenser] F0 F8
[T+3861665172us][CH2-Pc    ] F1
[T+3861671489us][CH1-Dispenser] F1 F9
[T+3861743196us][CH2-Pc    ] E1
[T+3861751782us][CH1-Dispenser] E1 E9
[T+3861821172us][CH2-Pc    ] F0
[T+3861830689us][CH1-Dispenser] F0 F8
[T+3861899305us][CH1-Dispenser] E0
[T+3861899173us][CH2-Pc    ] E0
[T+3862074309us][CH1-Dispenser] E1
[T+3862074174us][CH2-Pc    ] E1
[T+3862246172us][CH1-Dispenser] F0 F8
[T+3862243174us][CH2-Pc    ] F0
[T+3862310172us][CH2-Pc    ] F1
[T+3862318179us][CH1-Dispenser] F1 F9
[T+3862389173us][CH2-Pc    ] E1
[T+3862394172us][CH1-Dispenser] E1 E9
[T+3862468172us][CH2-Pc    ] F0
[T+3862475172us][CH1-Dispenser] F0 F8
[T+3862546304us][CH1-Dispenser] E0
[T+3862546173us][CH2-Pc    ] E0
[T+3862720310us][CH1-Dispenser] E1
[T+3862720174us][CH2-Pc    ] E1
[T+3862885172us][CH2-Pc    ] F0
[T+3862891200us][CH1-Dispenser] F0 F8
[T+3862963172us][CH2-Pc    ] F1
[T+3862967305us][CH1-Dispenser] F1 F9
[T+3863041172us][CH2-Pc    ] E1
[T+3863050172us][CH1-Dispenser] E1 E9
[T+3863119172us][CH2-Pc    ] F0
[T+3863124172us][CH1-Dispenser] F0 F8
[T+3863197305us][CH1-Dispenser] E0
[T+3863197173us][CH2-Pc    ] E0
[T+3863372307us][CH1-Dispenser] E1
[T+3863372173us][CH2-Pc    ] E1
[T+3863547172us][CH2-Pc    ] F0
[T+3863552173us][CH1-Dispenser] F0 F8
[T+3863625172us][CH2-Pc    ] F1
[T+3863632173us][CH1-Dispenser] F1 F9
[T+3863705172us][CH2-Pc    ] E1
[T+3863709172us][CH1-Dispenser] E1 E9
[T+3863783172us][CH2-Pc    ] F0
[T+3863790172us][CH1-Dispenser] F0 F8
[T+3863862305us][CH1-Dispenser] E0
[T+3863862173us][CH2-Pc    ] E0
[T+3864025304us][CH1-Dispenser] E1
[T+3864025173us][CH2-Pc    ] E1
[T+3864200172us][CH2-Pc    ] F0
[T+3864207172us][CH1-Dispenser] F0 F8
[T+3864278172us][CH2-Pc    ] F1
[T+3864282172us][CH1-Dispenser] F1 F9
[T+3864356172us][CH2-Pc    ] E1
[T+3864363172us][CH1-Dispenser] E1 E9
[T+3864434172us][CH2-Pc    ] F0
[T+3864439175us][CH1-Dispenser] F0 F8
[T+3864513305us][CH1-Dispenser] E0
[T+3864513173us][CH2-Pc    ] E0
[T+3864687306us][CH1-Dispenser] E1
[T+3864687173us][CH2-Pc    ] E1
[T+3864851172us][CH2-Pc    ] F0
[T+3864857200us][CH1-Dispenser] F0 F8
[T+3864929197us][CH2-Pc    ] F1
[T+3864936172us][CH1-Dispenser] F1 F9
[T+3865008173us][CH2-Pc    ] E1
[T+3865014200us][CH1-Dispenser] E1 E9
[T+3865086196us][CH2-Pc    ] F0
[T+3865093172us][CH1-Dispenser] F0 F8
[T+3865164305us][CH1-Dispenser] E0
[T+3865164173us][CH2-Pc    ] E0
[T+3865339306us][CH1-Dispenser] E1
[T+3865339173us][CH2-Pc    ] E1
[T+3865514172us][CH2-Pc    ] F0
[T+3865522172us][CH1-Dispenser] F0 F8
[T+3865592172us][CH2-Pc    ] F1
[T+3865598200us][CH1-Dispenser] F1 F9
[T+3865670173us][CH2-Pc    ] E1
[T+3865675172us][CH1-Dispenser] E1 E9
[T+3865748172us][CH2-Pc    ] F0
[T+3865754200us][CH1-Dispenser] F0 E8
[T+3865826306us][CH1-Dispenser] E0
[T+3865826174us][CH2-Pc    ] E0
[T+3866001304us][CH1-Dispenser] E1
[T+3866001173us][CH2-Pc    ] E1
[T+3866165172us][CH2-Pc    ] F0
[T+3866172172us][CH1-Dispenser] F0 E8
[T+3866243172us][CH2-Pc    ] F1
[T+3866246172us][CH1-Dispenser] F1 F9
[T+3866310172us][CH2-Pc    ] E1
[T+3866318179us][CH1-Dispenser] E1 E9
[T+3866389172us][CH2-Pc    ] F0
[T+3866394172us][CH1-Dispenser] F0 F8
[T+3866468310us][CH1-Dispenser] E0
[T+3866468174us][CH2-Pc    ] E0
[T+3866642307us][CH1-Dispenser] E1
[T+3866642174us][CH2-Pc    ] E1
[T+3866806172us][CH2-Pc    ] F0
[T+3866812200us][CH1-Dispenser] F0 F8
[T+3866884196us][CH2-Pc    ] F1
[T+3866891172us][CH1-Dispenser] F1 F9
[T+3866963197us][CH2-Pc    ] E1
[T+3866969200us][CH1-Dispenser] E1 E9
[T+3867041196us][CH2-Pc    ] F0
[T+3867048172us][CH1-Dispenser] F0 F8
[T+3867119305us][CH1-Dispenser] E0
[T+3867119173us][CH2-Pc    ] E0
[T+3867294312us][CH1-Dispenser] E1
[T+3867294178us][CH2-Pc    ] E1
[T+3867469172us][CH2-Pc    ] F0
[T+3867477810us][CH1-Dispenser] F0 F8
[T+3867548172us][CH2-Pc    ] F1
[T+3867553172us][CH1-Dispenser] F1 F9
[T+3867626172us][CH2-Pc    ] E1
[T+3867634172us][CH1-Dispenser] E1 E9
[T+3867704172us][CH2-Pc    ] F0
[T+3867709172us][CH1-Dispenser] F0 F8
[T+3867782304us][CH1-Dispenser] E0
[T+3867782173us][CH2-Pc    ] E0
[T+3867946308us][CH1-Dispenser] E1
[T+3867946173us][CH2-Pc    ] E1
[T+3868121172us][CH2-Pc    ] F0
[T+3868127205us][CH1-Dispenser] F0 F8
[T+3868199196us][CH2-Pc    ] F1
[T+3868208785us][CH1-Dispenser] F1 F9
[T+3868277172us][CH2-Pc    ] E1
[T+3868284172us][CH1-Dispenser] E1 E9
[T+3868355172us][CH2-Pc    ] F0
[T+3868360172us][CH1-Dispenser] F0 F8
[T+3868433309us][CH1-Dispenser] E0
[T+3868433174us][CH2-Pc    ] E0
[T+3868608307us][CH1-Dispenser] E1
[T+3868608173us][CH2-Pc    ] E1
[T+3868783172us][CH2-Pc    ] F0
[T+3868789200us][CH1-Dispenser] F0 E8
[T+3868861173us][CH2-Pc    ] F1
[T+3868866172us][CH1-Dispenser] F1 F9
[T+3868939172us][CH2-Pc    ] E1
[T+3868944175us][CH1-Dispenser] E1 E9
[T+3869017172us][CH2-Pc    ] F0
[T+3869025179us][CH1-Dispenser] F0 F8
[T+3869095305us][CH1-Dispenser] E0
[T+3869095173us][CH2-Pc    ] E0
[T+3869259308us][CH1-Dispenser] E1
[T+3869259173us][CH2-Pc    ] E1
[T+3869434172us][CH2-Pc    ] F0
[T+3869443179us][CH1-Dispenser] F0 F8
[T+3869512172us][CH2-Pc    ] F1
[T+3869517172us][CH1-Dispenser] F1 F9
[T+3869590172us][CH2-Pc    ] E1
[T+3869594172us][CH1-Dispenser] E1 E9
[T+3869658172us][CH2-Pc    ] F0
[T+3869664210us][CH1-Dispenser] F0 F8
[T+3869736306us][CH1-Dispenser] E0
[T+3869736174us][CH2-Pc    ] E0
[T+3869901305us][CH1-Dispenser] E1
[T+3869901173us][CH2-Pc    ] E1
[T+3870076172us][CH2-Pc    ] F0
[T+3870082200us][CH1-Dispenser] F0 F8
[T+3870154196us][CH2-Pc    ] F1
[T+3870160200us][CH1-Dispenser] F1 F9
[T+3870232198us][CH2-Pc    ] E1
[T+3870239172us][CH1-Dispenser] E1 E9
[T+3870318172us][CH2-Pc    ] F0
[T+3870324200us][CH1-Dispenser] F0 F8
[T+3870396304us][CH1-Dispenser] E0
[T+3870396173us][CH2-Pc    ] E0
[T+3870571307us][CH1-Dispenser] E1
[T+3870571174us][CH2-Pc    ] E1
[T+3870746172us][CH2-Pc    ] F0
[T+3870753172us][CH1-Dispenser] F0 F8
[T+3870824172us][CH2-Pc    ] F1
[T+3870828172us][CH1-Dispenser] F1 F9
[T+3870902172us][CH2-Pc    ] E1
[T+3870909172us][CH1-Dispenser] E1 E9
[T+3870980172us][CH2-Pc    ] F0
[T+3870985172us][CH1-Dispenser] F0 F8
[T+3871058306us][CH1-Dispenser] E0
[T+3871058173us][CH2-Pc    ] E0
[T+3871233306us][CH1-Dispenser] E1
[T+3871233173us][CH2-Pc    ] E1
[T+3871403172us][CH2-Pc    ] F0
[T+3871407172us][CH1-Dispenser] F0 F8
[T+3871481172us][CH2-Pc    ] F1
[T+3871488797us][CH1-Dispenser] F1 F9
[T+3871559172us][CH2-Pc    ] E1
[T+3871565200us][CH1-Dispenser] E1 E9
[T+3871637196us][CH2-Pc    ] F0
[T+3871644172us][CH1-Dispenser] F0 F8
[T+3871715304us][CH1-Dispenser] E0
[T+3871715173us][CH2-Pc    ] E0
[T+3871890305us][CH1-Dispenser] E1
[T+3871890173us][CH2-Pc    ] E1
[T+3872054172us][CH2-Pc    ] F0
[T+3872063810us][CH1-Dispenser] F0 F8
[T+3872133172us][CH2-Pc    ] F1
[T+3872138172us][CH1-Dispenser] F1 F9
[T+3872210173us][CH2-Pc    ] E1
[T+3872214172us][CH1-Dispenser] E1 E9
[T+3872278172us][CH2-Pc    ] F0
[T+3872284200us][CH1-Dispenser] F0 F8
[T+3872363305us][CH1-Dispenser] E0
[T+3872363173us][CH2-Pc    ] E0
[T+3872549305us][CH1-Dispenser] E1
[T+3872549173us][CH2-Pc    ] E1
[T+3872713172us][CH2-Pc    ] F0
[T+3872717264us][CH1-Dispenser] F0 F8
[T+3872791172us][CH2-Pc    ] F1
[T+3872798172us][CH1-Dispenser] F1 F9
[T+3872869172us][CH2-Pc    ] E1
[T+3872873172us][CH1-Dispenser] E1 E9
[T+3872947172us][CH2-Pc    ] F0
[T+3872954172us][CH1-Dispenser] F0 F8
[T+3873025308us][CH1-Dispenser] E0
[T+3873025173us][CH2-Pc    ] E0
[T+3873200305us][CH1-Dispenser] E1
[T+3873200173us][CH2-Pc    ] E1
[T+3873375172us][CH2-Pc    ] F0
[T+3873382811us][CH1-Dispenser] F0 F8
[T+3873453172us][CH2-Pc    ] F1
[T+3873459202us][CH1-Dispenser] F1 F9
[T+3873531197us][CH2-Pc    ] E1
[T+3873540172us][CH1-Dispenser] E1 E9
[T+3873609172us][CH2-Pc    ] F0
[T+3873614172us][CH1-Dispenser] F0 F8
[T+3873687304us][CH1-Dispenser] E0
[T+3873687173us][CH2-Pc    ] E0
[T+3873851306us][CH1-Dispenser] E1
[T+3873851173us][CH2-Pc    ] E1
[T+3874026172us][CH2-Pc    ] F0
[T+3874032200us][CH1-Dispenser] F0 F8
[T+3874104197us][CH2-Pc    ] F1
[T+3874113777us][CH1-Dispenser] F1 F9
[T+3874182172us][CH2-Pc    ] E1
[T+3874191179us][CH1-Dispenser] E1 E9
[T+3874260172us][CH2-Pc    ] F0
[T+3874264172us][CH1-Dispenser] F0 F8
[T+3874338305us][CH1-Dispenser] E0
[T+3874338173us][CH2-Pc    ] E0
[T+3874513308us][CH1-Dispenser] E1
[T+3874513174us][CH2-Pc    ] E1
[T+3874688172us][CH2-Pc    ] F0
[T+3874692174us][CH1-Dispenser] F0 F8
[T+3874766172us][CH2-Pc    ] F1
[T+3874773172us][CH1-Dispenser] F1 F9
[T+3874844172us][CH2-Pc    ] E1
[T+3874850202us][CH1-Dispenser] E1 E9
[T+3874923172us][CH2-Pc    ] F0
[T+3874931179us][CH1-Dispenser] F0 F8
[T+3875001308us][CH1-Dispenser] E0
[T+3875001173us][CH2-Pc    ] E0
[T+3875165305us][CH1-Dispenser] E1
[T+3875165173us][CH2-Pc    ] E1
[T+3875340172us][CH2-Pc    ] F0
[T+3875347807us][CH1-Dispenser] F0 F8
[T+3875417172us][CH2-Pc    ] F1
[T+3875423201us][CH1-Dispenser] F1 F9
[T+3875496174us][CH2-Pc    ] E1
[T+3875501174us][CH1-Dispenser] E1 E9
[T+3875574172us][CH2-Pc    ] F0
[T+3875580202us][CH1-Dispenser] F0 F8
[T+3875652308us][CH1-Dispenser] E0
[T+3875652173us][CH2-Pc    ] E0
[T+3875827307us][CH1-Dispenser] E1
[T+3875827173us][CH2-Pc    ] E1
[T+3876001196us][CH2-Pc    ] F0
[T+3876007200us][CH1-Dispenser] F0 F8
[T+3876080172us][CH2-Pc    ] F1
[T+3876088179us][CH1-Dispenser] F1 F9
[T+3876158172us][CH2-Pc    ] E1
[T+3876164200us][CH1-Dispenser] E1 E9
[T+3876239173us][CH1-Dispenser] F0 F8
[T+3876236172us][CH2-Pc    ] F0
[T+3876303305us][CH1-Dispenser] E0
[T+3876303173us][CH2-Pc    ] E0
[T+3876478306us][CH1-Dispenser] E1
[T+3876478173us][CH2-Pc    ] E1
[T+3876653174us][CH2-Pc    ] F0
[T+3876657174us][CH1-Dispenser] F0 F8
[T+3876731172us][CH2-Pc    ] F1
[T+3876738172us][CH1-Dispenser] F1 F9
[T+3876809172us][CH2-Pc    ] E1
[T+3876814172us][CH1-Dispenser] E1 E9
[T+3876887172us][CH2-Pc    ] F0
[T+3876897320us][CH1-Dispenser] F0 F8
[T+3876965305us][CH1-Dispenser] E0
[T+3876965173us][CH2-Pc    ] E0
[T+3877136310us][CH1-Dispenser] E1
[T+3877136173us][CH2-Pc    ] E1
[T+3877313172us][CH2-Pc    ] F0
[T+3877317173us][CH1-Dispenser] F0 F8
[T+3877391172us][CH2-Pc    ] F1
[T+3877398172us][CH1-Dispenser] F1 F9
[T+3877469335us][CH2-Pc    ] E1
[T+3877475201us][CH1-Dispenser] E1 E9
[T+3877547204us][CH2-Pc    ] F0
[T+3877556172us][CH1-Dispenser] F0 F8
[T+3877626172us][CH1-Dispenser] E0
[T+3877625172us][CH2-Pc    ] E0
[T+3877789308us][CH1-Dispenser] E1
[T+3877789173us][CH2-Pc    ] E1
[T+3877964172us][CH2-Pc    ] F0
[T+3877973172us][CH1-Dispenser] F0 F8
[T+3878042172us][CH2-Pc    ] F1
[T+3878048202us][CH1-Dispenser] F1 F9
[T+3878121172us][CH2-Pc    ] E1
[T+3878124172us][CH1-Dispenser] E1 E9
[T+3878188172us][CH2-Pc    ] F0
[T+3878196811us][CH1-Dispenser] F0 F8
[T+3878266309us][CH1-Dispenser] E0
[T+3878266173us][CH2-Pc    ] E0
[T+3878435304us][CH1-Dispenser] E1
[T+3878435173us][CH2-Pc    ] E1
[T+3878610172us][CH2-Pc    ] F0
[T+3878618179us][CH1-Dispenser] F0 F8
[T+3878692172us][CH1-Dispenser] F1 F9
[T+3878688172us][CH2-Pc    ] F1
[T+3878769172us][CH1-Dispenser] E1 E9
[T+3878766172us][CH2-Pc    ] E1
[T+3878833172us][CH2-Pc    ] F0
[T+3878839202us][CH1-Dispenser] F0 F8
[T+3878912304us][CH1-Dispenser] E0
[T+3878912173us][CH2-Pc    ] E0
[T+3879086308us][CH1-Dispenser] E1
[T+3879086173us][CH2-Pc    ] E1
[T+3879261172us][CH2-Pc    ] F0
[T+3879268172us][CH1-Dispenser] F0 F8
[T+3879339172us][CH2-Pc    ] F1
[T+3879342172us][CH1-Dispenser] F1 F9
[T+3879407172us][CH2-Pc    ] E1
[T+3879414172us][CH1-Dispenser] E1 E9
[T+3879485172us][CH2-Pc    ] F0
[T+3879490173us][CH1-Dispenser] F0 F8
[T+3879563305us][CH1-Dispenser] E0
[T+3879563173us][CH2-Pc    ] E0
[T+3879727306us][CH1-Dispenser] E1
[T+3879727173us][CH2-Pc    ] E1
[T+3879902172us][CH2-Pc    ] F0
[T+3879908200us][CH1-Dispenser] F0 F8
[T+3879980196us][CH2-Pc    ] F1
[T+3879987803us][CH1-Dispenser] F1 F9
[T+3880058172us][CH2-Pc    ] E1
[T+3880065172us][CH1-Dispenser] E1 E9
[T+3880136172us][CH2-Pc    ] F0
[T+3880140172us][CH1-Dispenser] F0 F8
[T+3880214305us][CH1-Dispenser] E0
[T+3880214173us][CH2-Pc    ] E0
[T+3880389304us][CH1-Dispenser] E1
[T+3880389173us][CH2-Pc    ] E1
[T+3880564174us][CH2-Pc    ] F0
[T+3880567174us][CH1-Dispenser] F0 F8
[T+3880642172us][CH2-Pc    ] F1
[T+3880647175us][CH1-Dispenser] F1 F9
[T+3880720261us][CH2-Pc    ] E1
[T+3880726201us][CH1-Dispenser] E1 E9
[T+3880798197us][CH2-Pc    ] F0
[T+3880805172us][CH1-Dispenser] F0 F8
[T+3880876305us][CH1-Dispenser] E0
[T+3880876173us][CH2-Pc    ] E0
[T+3881040307us][CH1-Dispenser] E1
[T+3881040173us][CH2-Pc    ] E1
[T+3881215172us][CH2-Pc    ] F0
[T+3881223172us][CH1-Dispenser] F0 F8
[T+3881293172us][CH2-Pc    ] F1
[T+3881297172us][CH1-Dispenser] F1 E9
[T+3881372172us][CH2-Pc    ] E1
[T+3881380813us][CH1-Dispenser] E1 E9
[T+3881450172us][CH2-Pc    ] F0
[T+3881454172us][CH1-Dispenser] F0 F8
[T+3881528304us][CH1-Dispenser] E0
[T+3881528174us][CH2-Pc    ] E0
[T+3881703305us][CH1-Dispenser] E1
[T+3881703173us][CH2-Pc    ] E1
[T+3881867172us][CH2-Pc    ] F0
[T+3881874811us][CH1-Dispenser] F0 F8
[T+3881945172us][CH2-Pc    ] F1
[T+3881953172us][CH1-Dispenser] F1 F9
[T+3882023172us][CH2-Pc    ] E1
[T+3882031172us][CH1-Dispenser] E1 E9
[T+3882101172us][CH2-Pc    ] F0
[T+3882104172us][CH1-Dispenser] F0 F8
[T+3882168307us][CH1-Dispenser] E0
[T+3882168173us][CH2-Pc    ] E0
[T+3882344307us][CH1-Dispenser] E1
[T+3882344173us][CH2-Pc    ] E1
[T+3882533172us][CH2-Pc    ] F0
[T+3882539200us][CH1-Dispenser] F0 F8
[T+3882611196us][CH2-Pc    ] F1
[T+3882618172us][CH1-Dispenser] F1 F9
[T+3882689172us][CH2-Pc    ] E1
[T+3882695200us][CH1-Dispenser] E1 E9
[T+3882767202us][CH2-Pc    ] F0
[T+3882775813us][CH1-Dispenser] F0 F8
[T+3882845306us][CH1-Dispenser] E0
[T+3882845173us][CH2-Pc    ] E0
[T+3883009306us][CH1-Dispenser] E1
[T+3883009173us][CH2-Pc    ] E1
[T+3883184172us][CH2-Pc    ] F0
[T+3883187172us][CH1-Dispenser] F0 F8
[T+3883251172us][CH2-Pc    ] F1
[T+3883279173us][CH2-Pc    ] E1
[T+3883401172us][CH2-Pc    ] EF FA FF F8 E8 F8 FF EB EC
[T+3883431202us][CH1-Dispenser] F1 ED E1 ED EF FA FF F8 E8 F8 FF EB EC 37 F5 8D 24 A3 34 F5 CE 82 F0 93 FC
[T+3883504172us][CH2-Pc    ] E1
[T+3883512806us][CH1-Dispenser] E1 E9
[T+3883582172us][CH2-Pc    ] F0
[T+3883591179us][CH1-Dispenser] F0 F8
[T+3883661305us][CH1-Dispenser] E0
[T+3883661173us][CH2-Pc    ] E0
[T+3883845306us][CH1-Dispenser] E1
[T+3883845173us][CH2-Pc    ] E1
[T+3884014172us][CH2-Pc    ] F0
[T+3884018173us][CH1-Dispenser] F0 F8
[T+3884092172us][CH2-Pc    ] F1
[T+3884097174us][CH1-Dispenser] F1 ED
[T+3884180307us][CH1-Dispenser] E1 ED EF FA FF F8 E8
[T+3884180173us][CH2-Pc    ] E1 EF FA FF F8 E8
[T+3884245172us][CH2-Pc    ] F8 FF EB EC
[T+3884276172us][CH1-Dispenser] F8 FF EB EC 37 F5 3D F5 F1 F1 12 E8 2A 9C 62 FE
[T+3884352172us][CH2-Pc    ] E1
[T+3884360803us][CH1-Dispenser] E1 E9
[T+3884430172us][CH2-Pc    ] F0
[T+3884434172us][CH1-Dispenser] F0 F8
[T+3884508309us][CH1-Dispenser] E0
[T+3884508176us][CH2-Pc    ] E0
[T+3884683307us][CH1-Dispenser] E1
[T+3884683173us][CH2-Pc    ] E1
[T+3884858172us][CH2-Pc    ] F0
[T+3884863172us][CH1-Dispenser] F0 F8
[T+3884936172us][CH2-Pc    ] F1
[T+3884963172us][CH2-Pc    ] E1
[T+3885085196us][CH2-Pc    ] EF FA FF F8 E8 F8 FF EB EC
[T+3885115199us][CH1-Dispenser] F1 ED E1 ED EF FA FF F8 E8 F8 FF EB EC 37 CF 8D 24 F1 F1 12 68 F0 AC A2
[T+3885188172us][CH2-Pc    ] E1
[T+3885195172us][CH1-Dispenser] E1 E9
[T+3885268172us][CH2-Pc    ] F0
[T+3885277172us][CH1-Dispenser] F0 F8
[T+3885356304us][CH1-Dispenser] E0
[T+3885356173us][CH2-Pc    ] E0
[T+3885531312us][CH1-Dispenser] E1
[T+3885531173us][CH2-Pc    ] E1
[T+3885695172us][CH2-Pc    ] F0
[T+3885699174us][CH1-Dispenser] F0 F8
[T+3885773172us][CH2-Pc    ] F1
[T+3885779200us][CH1-Dispenser] F1 ED
[T+3885800172us][CH2-Pc    ] E1
[T+3885922172us][CH2-Pc    ] EF FA FF F8 E8 F8 FF EB EC
[T+3885951172us][CH1-Dispenser] E1 ED EF FA FF F8 E8 F8 FF EB EC 37 AB 0D 24 F1 34 F5 F4 2A AC 22
[T+3886026172us][CH2-Pc    ] E1
[T+3886031172us][CH1-Dispenser] E1 E9
[T+3886104172us][CH2-Pc    ] F0
[T+3886110200us][CH1-Dispenser] F0 F8
[T+3886182305us][CH1-Dispenser] E0
[T+3886182173us][CH2-Pc    ] E0
[T+3886357311us][CH1-Dispenser] E1
[T+3886357174us][CH2-Pc    ] E1
[T+3886531199us][CH2-Pc    ] F0
[T+3886539172us][CH1-Dispenser] F0 F8
[T+3886610172us][CH2-Pc    ] F1
[T+3886615172us][CH1-Dispenser] F1 ED
[T+3886637172us][CH2-Pc    ] E1
[T+3886759259us][CH2-Pc    ] EF FA FF F8 E8 F8 FF EB EC
[T+3886791178us][CH1-Dispenser] E1 ED EF FA FF F8 E8 F8 FF EB EC 37 F5 8D 24 A3 A3 12 68 F0 9C A2
[T+3886865173us][CH1-Dispenser] E1 E9
[T+3886862265us][CH2-Pc    ] E1
[T+3886929172us][CH2-Pc    ] F0
[T+3886935201us][CH1-Dispenser] F0 F8
[T+3887007304us][CH1-Dispenser] E0
[T+3887007174us][CH2-Pc    ] E0
[T+3887182304us][CH1-Dispenser] E1
[T+3887182173us][CH2-Pc    ] E1
[T+3887357172us][CH2-Pc    ] F0
[T+3887364172us][CH1-Dispenser] F0 F8
[T+3887435172us][CH2-Pc    ] F1
[T+3887462172us][CH2-Pc    ] E1
[T+3887584172us][CH2-Pc    ] EF FA FF F8 E8 F8 FF EB EC
[T+3887616172us][CH1-Dispenser] F1 ED E1 ED EF FA FF F8 E8 F8 FF EB EC 37 E5 8D 24 C7 F1 22 12 6A F6 CD
[T+3887682204us][CH2-Pc    ] E1
[T+3887690179us][CH1-Dispenser] E1 E9
[T+3887760172us][CH2-Pc    ] F0
[T+3887766200us][CH1-Dispenser] F0 F8
[T+3887838305us][CH1-Dispenser] E0
[T+3887838173us][CH2-Pc    ] E0
[T+3888013306us][CH1-Dispenser] E1
[T+3888013173us][CH2-Pc    ] E1
[T+3888188172us][CH2-Pc    ] F0
[T+3888193172us][CH1-Dispenser] F0 F8
[T+3888266172us][CH2-Pc    ] F1
[T+3888293176us][CH2-Pc    ] E1
[T+3888379306us][CH1-Dispenser] F1 ED E1 ED EF FA FF F8 E8 F8
[T+3888379173us][CH2-Pc    ] EF FA FF F8 E8 F8
[T+3888426172us][CH2-Pc    ] FF EB EC
[T+3888456196us][CH1-Dispenser] FF EB EC 37 AB 8D 24 F1 F1 F4 22 15 36 E2
[T+3888528197us][CH2-Pc    ] E1
[T+3888535172us][CH1-Dispenser] E1 E9
[T+3888611172us][CH1-Dispenser] F0 F8
[T+3888607172us][CH2-Pc    ] F0
[T+3888685307us][CH1-Dispenser] E0
[T+3888685173us][CH2-Pc    ] E0
[T+3888860307us][CH1-Dispenser] E1
[T+3888860173us][CH2-Pc    ] E1
[T+3889024172us][CH2-Pc    ] F0
[T+3889029173us][CH1-Dispenser] F0 F8
[T+3889102172us][CH2-Pc    ] F1
[T+3889108202us][CH1-Dispenser] F1 ED
[T+3889131176us][CH2-Pc    ] E1
[T+3889253172us][CH2-Pc    ] EF FA FF F8 E8 F8 FF EB EC
[T+3889281172us][CH1-Dispenser] E1 ED EF FA FF F8 E8 F8 FF EB EC 37 AB 8D 24 F1 F1 22 13 2A AC 22
[T+3889346172us][CH2-Pc    ] E1
[T+3889351172us][CH1-Dispenser] E1 E9
[T+3889435196us][CH2-Pc    ] F0
[T+3889441200us][CH1-Dispenser] F0 F8
[T+3889513308us][CH1-Dispenser] E0
[T+3889513173us][CH2-Pc    ] E0
[T+3889688306us][CH1-Dispenser] E1
[T+3889688173us][CH2-Pc    ] E1
[T+3889852172us][CH2-Pc    ] F0
[T+3889858202us][CH1-Dispenser] F0 F8
[T+3889930172us][CH2-Pc    ] F1
[T+3889934172us][CH1-Dispenser] F1 ED
[T+3889957172us][CH2-Pc    ] E1
[T+3890079172us][CH2-Pc    ] EF FA FF F8 E8 F8 FF EB EC
[T+3890112172us][CH1-Dispenser] E1 ED EF FA FF F8 E8 F8 FF EB EC 37 AB 8D 24 F1 F1 22 13 2A AC 22
[T+3890180172us][CH2-Pc    ] E1
[T+3890186201us][CH1-Dispenser] E1 E9
[T+3890258198us][CH2-Pc    ] F0
[T+3890265172us][CH1-Dispenser] F0 F8
[T+3890336306us][CH1-Dispenser] E0
[T+3890336173us][CH2-Pc    ] E0
[T+3890511305us][CH1-Dispenser] E1
[T+3890511173us][CH2-Pc    ] E1
[T+3890686172us][CH2-Pc    ] F0
[T+3890694172us][CH1-Dispenser] F0 F8
[T+3890764172us][CH2-Pc    ] F1
[T+3890768172us][CH1-Dispenser] F1 ED
[T+3890791172us][CH2-Pc    ] E1
[T+3890914172us][CH2-Pc    ] EF FA FF F8 E8 F8 FF EB EC
[T+3890948172us][CH1-Dispenser] E1 ED EF FA FF F8 E8 F8 FF EB EC 37 F5 8D 24 F1 E1 A2 13 2A 9C A2
[T+3891020172us][CH1-Dispenser] E1 E9
[T+3891017172us][CH2-Pc    ] E1
[T+3891084172us][CH2-Pc    ] F0
[T+3891092172us][CH1-Dispenser] F0 F8
[T+3891166310us][CH1-Dispenser] E0
[T+3891166175us][CH2-Pc    ] E0
[T+3891341306us][CH1-Dispenser] E1
[T+3891341173us][CH2-Pc    ] E1
[T+3891516172us][CH2-Pc    ] F0
[T+3891525813us][CH1-Dispenser] F0 F8
[T+3891594172us][CH2-Pc    ] F1
[T+3891600200us][CH1-Dispenser] F1 ED
[T+3891621172us][CH2-Pc    ] E1
[T+3891743172us][CH2-Pc    ] EF FA FF F8 E8 F8 FF EB EC
[T+3891771179us][CH1-Dispenser] E1 ED EF FA FF F8 E8 F8 FF EB EC 37 E5 8D 24 A3 A3 72 F4 2A 9C A2
[T+3891847172us][CH2-Pc    ] E1
[T+3891852172us][CH1-Dispenser] E1 E9
[T+3891925172us][CH2-Pc    ] F0
[T+3891933172us][CH1-Dispenser] F0 F8
[T+3892003306us][CH1-Dispenser] E0
[T+3892003173us][CH2-Pc    ] E0
[T+3892189311us][CH1-Dispenser] E1
[T+3892189173us][CH2-Pc    ] E1
[T+3892353172us][CH2-Pc    ] F0
[T+3892359202us][CH1-Dispenser] F0 F8
[T+3892431196us][CH2-Pc    ] F1
[T+3892458172us][CH2-Pc    ] E1
[T+3892580172us][CH2-Pc    ] EF FA FF F8 E8 F8 FF EB EC
[T+3892611173us][CH1-Dispenser] F1 ED E1 ED EF FA FF F8 E8 F8 FF EB EC 37 AB 0D 24 F1 F1 A2 13 2A 9C A2
[T+3892681172us][CH2-Pc    ] E1
[T+3892685172us][CH1-Dispenser] E1 E9
[T+3892759172us][CH2-Pc    ] F0
[T+3892766172us][CH1-Dispenser] F0 F8
[T+3892837304us][CH1-Dispenser] E0
[T+3892837173us][CH2-Pc    ] E0
[T+3893012313us][CH1-Dispenser] E1
[T+3893012174us][CH2-Pc    ] E1
[T+3893187172us][CH2-Pc    ] F0
[T+3893193200us][CH1-Dispenser] F0 F8
[T+3893265172us][CH2-Pc    ] F1
[T+3893269172us][CH1-Dispenser] F1 ED
[T+3893292172us][CH2-Pc    ] E1
[T+3893414172us][CH2-Pc    ] EF FA FF F8 E8 F8 FF EB EC
[T+3893444196us][CH1-Dispenser] E1 ED EF FA FF F8 E8 F8 FF EB EC 37 F5 8D 24 F1 A3 12 68 60 AC 22
[T+3893518172us][CH2-Pc    ] E1
[T+3893526172us][CH1-Dispenser] E1 E9
[T+3893596172us][CH2-Pc    ] F0
[T+3893600172us][CH1-Dispenser] F0 F8
[T+3893674305us][CH1-Dispenser] E0
[T+3893674173us][CH2-Pc    ] E0
[T+3893859306us][CH1-Dispenser] E1
[T+3893859173us][CH2-Pc    ] E1
[T+3894023172us][CH2-Pc    ] F0
[T+3894029200us][CH1-Dispenser] F0 F8
[T+3894102172us][CH2-Pc    ] F1
[T+3894129172us][CH2-Pc    ] E1
[T+3894251197us][CH2-Pc    ] EF FA FF F8 E8 F8 FF EB EC
[T+3894281197us][CH1-Dispenser] F1 ED E1 ED EF FA FF F8 E8 F8 FF EB EC 37 E5 8D 24 A3 A3 12 13 F0 AC 22
[T+3894354172us][CH2-Pc    ] E1
[T+3894361172us][CH1-Dispenser] E1 E9
[T+3894434172us][CH2-Pc    ] F0
[T+3894440200us][CH1-Dispenser] F0 F8
[T+3894512306us][CH1-Dispenser] E0
[T+3894512174us][CH2-Pc    ] E0
[T+3894688308us][CH1-Dispenser] E1
[T+3894688173us][CH2-Pc    ] E1
[T+3894852172us][CH2-Pc    ] F0
[T+3894858200us][CH1-Dispenser] F0 F8
[T+3894930172us][CH2-Pc    ] F1
[T+3894934172us][CH1-Dispenser] F1 ED
[T+3894957172us][CH2-Pc    ] E1
[T+3895079172us][CH2-Pc    ] EF FA FF F8 E8 F8 FF EB EC
[T+3895108172us][CH1-Dispenser] E1 ED EF FA FF F8 E8 F8 FF EB EC 37 E5 8D 24 A3 A3 12 E8 82 F0 CD FC
[T+3895181172us][CH2-Pc    ] E1
[T+3895186172us][CH1-Dispenser] E1 E9
[T+3895259172us][CH2-Pc    ] F0
[T+3895265207us][CH1-Dispenser] F0 F8
[T+3895337305us][CH1-Dispenser] E0
[T+3895337173us][CH2-Pc    ] E0
[T+3895512308us][CH1-Dispenser] E1
[T+3895512173us][CH2-Pc    ] E1
[T+3895687172us][CH2-Pc    ] F0
[T+3895696817us][CH1-Dispenser] F0 F8
[T+3895765172us][CH2-Pc    ] F1
[T+3895770172us][CH1-Dispenser] F1 ED
[T+3895792176us][CH2-Pc    ] E1
[T+3895914197us][CH2-Pc    ] EF FA FF F8 E8 F8 FF EB EC
[T+3895941172us][CH1-Dispenser] E1 ED EF FA FF F8 E8 F8 FF EB EC 37 E5 25 24 F1 F1 A2 13 2A 9C 01
[T+3896011172us][CH1-Dispenser] E1 E9
[T+3896007172us][CH2-Pc    ] E1
[T+3896085172us][CH2-Pc    ] F0
[T+3896090172us][CH1-Dispenser] F0 F8
[T+3896163306us][CH1-Dispenser] E0
[T+3896163173us][CH2-Pc    ] E0
[T+3896338305us][CH1-Dispenser] E1
[T+3896338173us][CH2-Pc    ] E1
[T+3896513172us][CH2-Pc    ] F0
[T+3896519200us][CH1-Dispenser] F0 F8
[T+3896591196us][CH2-Pc    ] F1
[T+3896618172us][CH2-Pc    ] E1
[T+3896740172us][CH2-Pc    ] EF FA FF F8 E8 F8 FF EB EC
[T+3896772172us][CH1-Dispenser] F1 ED E1 ED EF FA FF F8 E8 F8 FF EB EC 37 F5 8D 24 F1 F1 32 F4 F0 F6 CD
[T+3896843172us][CH2-Pc    ] E1
[T+3896853781us][CH1-Dispenser] E1 E9
[T+3896921172us][CH2-Pc    ] F0
[T+3896926172us][CH1-Dispenser] F0 E8
[T+3896999303us][CH1-Dispenser] E0
[T+3896999173us][CH2-Pc    ] E0
[T+3897163306us][CH1-Dispenser] E1
[T+3897163173us][CH2-Pc    ] E1
[T+3897338172us][CH2-Pc    ] F0
[T+3897345172us][CH1-Dispenser] F0 F8
[T+3897416172us][CH2-Pc    ] F1
[T+3897443172us][CH2-Pc    ] E1
[T+3897566172us][CH2-Pc    ] EF FA FF F8 E8 F8 FF EB EC
[T+3897597172us][CH1-Dispenser] F1 ED E1 ED EF FA FF F8 E8 F8 FF EB EC 37 AB 0D 24 A3 A3 A2 13 2A 9C 22
[T+3897668172us][CH2-Pc    ] E1
[T+3897676172us][CH1-Dispenser] E1 E9
[T+3897746172us][CH2-Pc    ] F0
[T+3897752200us][CH1-Dispenser] F0 F8
[T+3897824309us][CH1-Dispenser] E0
[T+3897824174us][CH2-Pc    ] E0
[T+3897999306us][CH1-Dispenser] E1
[T+3897999173us][CH2-Pc    ] E1
[T+3898164172us][CH2-Pc    ] F0
[T+3898170202us][CH1-Dispenser] F0 FE
[T+3898242197us][CH2-Pc    ] F1
[T+3898270172us][CH2-Pc    ] E1
[T+3898290172us][CH1-Dispenser] F1 ED E1 ED EF
[T+3898291172us][CH2-Pc    ] EF
[T+3898404196us][CH2-Pc    ] FA FF F8 E8 F8 FF EB EC
[T+3898433411us][CH1-Dispenser] FA FF F8 E8 F8 FF EB EC 37 AB 8D 24 A3 A3 A2 F5 60 36 E2
[T+3898508172us][CH2-Pc    ] E1
[T+3898516172us][CH1-Dispenser] E1 E9
[T+3898586172us][CH2-Pc    ] F0
[T+3898591172us][CH1-Dispenser] F0 F8
[T+3898664308us][CH1-Dispenser] E0
[T+3898664173us][CH2-Pc    ] E0
[T+3898839308us][CH1-Dispenser] E1
[T+3898839174us][CH2-Pc    ] E1
[T+3899019173us][CH1-Dispenser] F0 F8
[T+3899016172us][CH2-Pc    ] F0
[T+3899083172us][CH2-Pc    ] F1
[T+3899089200us][CH1-Dispenser] F1 ED
[T+3899110172us][CH2-Pc    ] E1
[T+3899206305us][CH1-Dispenser] E1 ED EF FA FF F8 E8 F8 FF
[T+3899206173us][CH2-Pc    ] EF FA FF F8 E8 F8 FF
[T+3899244172us][CH2-Pc    ] EB EC
[T+3899272178us][CH1-Dispenser] EB EC 37 AB 8D 24 F1 A3 72 F4 D6 AC 22
[T+3899361172us][CH2-Pc    ] E1
[T+3899368172us][CH1-Dispenser] E1 E9
[T+3899438172us][CH2-Pc    ] F0
[T+3899447172us][CH1-Dispenser] F0 F8
[T+3899518304us][CH1-Dispenser] E0
[T+3899518173us][CH2-Pc    ] E0
[T+3899703308us][CH1-Dispenser] E1
[T+3899703173us][CH2-Pc    ] E1
[T+3899867172us][CH2-Pc    ] F0
[T+3899874172us][CH1-Dispenser] F0 F8
[T+3899961172us][CH2-Pc    ] F1 E1
[T+3900084196us][CH2-Pc    ] EF FA FF F8 E8 F8 FF EB EC
[T+3900112176us][CH1-Dispenser] F1 ED E1 ED EF FA FF F8 E8 F8 FF EB EC 37 F5 8D 24 A3 A3 A2 13 2A 9C A2
[T+3900187172us][CH2-Pc    ] E1
[T+3900193200us][CH1-Dispenser] E1 E9
[T+3900266172us][CH2-Pc    ] F0
[T+3900271172us][CH1-Dispenser] F0 F8
[T+3900344305us][CH1-Dispenser] E0
[T+3900344173us][CH2-Pc    ] E0
[T+3900508305us][CH1-Dispenser] E1
[T+3900508173us][CH2-Pc    ] E1
[T+3900684172us][CH2-Pc    ] F0
[T+3900691172us][CH1-Dispenser] F0 E8
[T+3900762172us][CH2-Pc    ] F1
[T+3900901198us][CH2-Pc    ] E1 EF FA FF F8 E8 F8 FF EB EC
[T+3900932172us][CH1-Dispenser] F1 ED E1 ED EF FA FF F8 E8 F8 FF EB EC 37 AB 0D 24 F1 F1 A2 13 2A 9C A2
[T+3901004197us][CH2-Pc    ] E1
[T+3901015179us][CH1-Dispenser] E1 E9
[T+3901082172us][CH2-Pc    ] F0
[T+3901085172us][CH1-Dispenser] F0 F8
[T+3901149308us][CH1-Dispenser] E0
[T+3901149173us][CH2-Pc    ] E0
[T+3901324306us][CH1-Dispenser] E1
[T+3901324173us][CH2-Pc    ] E1
[T+3901499172us][CH2-Pc    ] F0
[T+3901503174us][CH1-Dispenser] F0 E8
[T+3901577172us][CH2-Pc    ] F1
[T+3901604172us][CH2-Pc    ] E1
[T+3901727172us][CH2-Pc    ] EF FA FF F8 E8 F8 FF EB EC
[T+3901757196us][CH1-Dispenser] F1 ED E1 ED EF FA FF F8 E8 F8 FF EB EC 37 AB 8D 24 F1 F1 A2 13 2A 9C A2
[T+3901830172us][CH2-Pc    ] E1
[T+3901837172us][CH1-Dispenser] E1 E9
[T+3901908172us][CH2-Pc    ] F0
[T+3901916172us][CH1-Dispenser] F0 F8
[T+3901986304us][CH1-Dispenser] E0
[T+3901986173us][CH2-Pc    ] E0
[T+3902172307us][CH1-Dispenser] E1
[T+3902172173us][CH2-Pc    ] E1
[T+3902336172us][CH2-Pc    ] F0
[T+3902345810us][CH1-Dispenser] F0 F8
[T+3902414172us][CH2-Pc    ] F1
[T+3902419172us][CH1-Dispenser] F1 ED
[T+3902441172us][CH2-Pc    ] E1
[T+3902565172us][CH2-Pc    ] EF FA FF F8 E8 F8 FF EB EC
[T+3902597172us][CH1-Dispenser] E1 ED EF FA FF F8 E8 F8 FF EB EC 37 AB 8D 24 A3 A3 12 68 F0 AC 22
[T+3902668172us][CH2-Pc    ] E1
[T+3902676172us][CH1-Dispenser] E1 E9
[T+3902746172us][CH2-Pc    ] F0
[T+3902752200us][CH1-Dispenser] F0 F8
[T+3902824306us][CH1-Dispenser] E0
[T+3902824173us][CH2-Pc    ] E0
[T+3902999306us][CH1-Dispenser] E1
[T+3902999173us][CH2-Pc    ] E1
[T+3903163172us][CH2-Pc    ] F0
[T+3903170172us][CH1-Dispenser] F0 F8
[T+3903241172us][CH2-Pc    ] F1
[T+3903268172us][CH2-Pc    ] E1
[T+3903394172us][CH2-Pc    ] EF FA FF F8 E8 F8 FF EB EC
[T+3903422172us][CH1-Dispenser] F1 ED E1 ED EF FA FF F8 E8 F8 FF EB EC 37 F5 3D F5 F1 F1 22 12 6A F6 CD
[T+3903496172us][CH2-Pc    ] E1
[T+3903501173us][CH1-Dispenser] E1 E9
[T+3903574172us][CH2-Pc    ] F0
[T+3903582172us][CH1-Dispenser] F0 F8
[T+3903652307us][CH1-Dispenser] E0
[T+3903652173us][CH2-Pc    ] E0
[T+3903827307us][CH1-Dispenser] E1
[T+3903827174us][CH2-Pc    ] E1
[T+3903991172us][CH2-Pc    ] F0
[T+3903999172us][CH1-Dispenser] F0 F8
[T+3904069172us][CH2-Pc    ] F1
[T+3904075200us][CH1-Dispenser] F1 ED
[T+3904097172us][CH2-Pc    ] E1
[T+3904155305us][CH1-Dispenser] E1 ED EF FA FF F8
[T+3904155173us][CH2-Pc    ] EF FA FF F8
[T+3904236172us][CH2-Pc    ] E8 F8 FF EB EC
[T+3904267172us][CH1-Dispenser] E8 F8 FF EB EC 37 F5 8D 24 F1 F1 22 13 2A AC A2
[T+3904343172us][CH2-Pc    ] E1
[T+3904356173us][CH1-Dispenser] E1 E9
[T+3904421172us][CH2-Pc    ] F0
[T+3904426172us][CH1-Dispenser] F0 F8
[T+3904499306us][CH1-Dispenser] E0
[T+3904499174us][CH2-Pc    ] E0
[T+3904663308us][CH1-Dispenser] E1
[T+3904663173us][CH2-Pc    ] E1
[T+3904838172us][CH2-Pc    ] F0
[T+3904844200us][CH1-Dispenser] F0 F8
[T+3904916172us][CH2-Pc    ] F1
[T+3904920172us][CH1-Dispenser] F1 ED
[T+3904943172us][CH2-Pc    ] E1
[T+3905065172us][CH2-Pc    ] EF FA FF F8 E8 F8 FF EB EC
[T+3905107172us][CH2-Pc    ] E1
[T+3905280306us][CH1-Dispenser] E1 ED EF FA FF F8 E8 F8 FF EB EC 37 AB 1D 24 F1 F1 22 E8 2A 78 CD FC E1 ED EF F8 FC ED E8 FD F8 F8 E8 E8 FF EA EC
[T+3905280173us][CH2-Pc    ] EF F8 FC ED E8 FD F8 F8 E8 E8 FF EA EC
[T+3905386172us][CH2-Pc    ] F1 E1
[T+3905559305us][CH1-Dispenser] F1 ED E1 ED EF F8 FD FE F8 F8 F8 E9 E9 F8 FF F9 EC
[T+3905559174us][CH2-Pc    ] EF F8 FD FE F8 F8 F8 E9 E9 F8 FF F9 EC
[T+3905649196us][CH2-Pc    ] F1
[T+3905655200us][CH1-Dispenser] F1 ED
[T+3905677304us][CH1-Dispenser] E5
[T+3905677173us][CH2-Pc    ] E5
[T+3905764172us][CH2-Pc    ] F1
[T+3905770200us][CH1-Dispenser] F1 F5
[T+3905842172us][CH2-Pc    ] E1
[T+3905846172us][CH1-Dispenser] E1 E9
[T+3905920172us][CH2-Pc    ] F0
[T+3905927810us][CH1-Dispenser] F0 F8
[T+3906018313us][CH1-Dispenser] E0
[T+3906018174us][CH2-Pc    ] E0
[T+3906211305us][CH1-Dispenser] E1
[T+3906211173us][CH2-Pc    ] E1
[T+3906386172us][CH2-Pc    ] F0
[T+3906390172us][CH1-Dispenser] F0 F8
[T+3906464172us][CH2-Pc    ] F1
[T+3906469172us][CH1-Dispenser] F1 F5
[T+3907042172us][CH2-Pc    ] E1
[T+3907048202us][CH1-Dispenser] E1 E9
[T+3907120197us][CH2-Pc    ] F0
[T+3907127172us][CH1-Dispenser] F0 F8
[T+3907198307us][CH1-Dispenser] E0
[T+3907198173us][CH2-Pc    ] E0
[T+3907373305us][CH1-Dispenser] E1
[T+3907373173us][CH2-Pc    ] E1
[T+3907548172us][CH2-Pc    ] F0
[T+3907554203us][CH1-Dispenser] F0 F8
[T+3907626186us][CH2-Pc    ] F1
[T+3907632173us][CH1-Dispenser] F1 F5
[T+3907653172us][CH2-Pc    ] F9
[T+3907666172us][CH1-Dispenser] F9 38 38 38
[T+3907732172us][CH2-Pc    ] E1
[T+3907736172us][CH1-Dispenser] E1 E9
[T+3907800172us][CH2-Pc    ] F0
[T+3907806201us][CH1-Dispenser] F0 F8
[T+3907878306us][CH1-Dispenser] E0
[T+3907878173us][CH2-Pc    ] E0
[T+3908063315us][CH1-Dispenser] E1
[T+3908063175us][CH2-Pc    ] E1
[T+3908227172us][CH2-Pc    ] F0
[T+3908236172us][CH1-Dispenser] F0 F8
[T+3908305172us][CH2-Pc    ] F1
[T+3908310172us][CH1-Dispenser] F1 F5
[T+3908347172us][CH2-Pc    ] F9
[T+3908360172us][CH1-Dispenser] F9 38 38 38
[T+3908425172us][CH2-Pc    ] E1
[T+3908433172us][CH1-Dispenser] E1 E9
[T+3908503172us][CH2-Pc    ] F0
[T+3908507173us][CH1-Dispenser] F0 F8
[T+3908581305us][CH1-Dispenser] E0
[T+3908581173us][CH2-Pc    ] E0
[T+3908759308us][CH1-Dispenser] E1
[T+3908759174us][CH2-Pc    ] E1
[T+3908933198us][CH2-Pc    ] F0
[T+3908943172us][CH1-Dispenser] F0 F8
[T+3909027197us][CH2-Pc    ] F1 F9
[T+3909042172us][CH1-Dispenser] F1 F5 F9 38 38 38
[T+3909110172us][CH2-Pc    ] E1
[T+3909116200us][CH1-Dispenser] E1 E9
[T+3909188201us][CH2-Pc    ] F0
[T+3909199180us][CH1-Dispenser] F0 F8
[T+3909266309us][CH1-Dispenser] E0
[T+3909266173us][CH2-Pc    ] E0
[T+3909430304us][CH1-Dispenser] E1
[T+3909430173us][CH2-Pc    ] E1
[T+3909605172us][CH2-Pc    ] F0
[T+3909612172us][CH1-Dispenser] F0 F8
[T+3909683172us][CH2-Pc    ] F1
[T+3909689202us][CH1-Dispenser] F1 F5
[T+3909711176us][CH2-Pc    ] F9
[T+3909722272us][CH1-Dispenser] F9 29 33 38
[T+3909789172us][CH2-Pc    ] E1
[T+3909797787us][CH1-Dispenser] E1 E9
[T+3909867172us][CH2-Pc    ] F0
[T+3909871172us][CH1-Dispenser] F0 F8
[T+3909945305us][CH1-Dispenser] E0
[T+3909945174us][CH2-Pc    ] E0
[T+3910120308us][CH1-Dispenser] E1
[T+3910120174us][CH2-Pc    ] E1
[T+3910295172us][CH2-Pc    ] F0
[T+3910301202us][CH1-Dispenser] F0 F8
[T+3910373196us][CH2-Pc    ] F1
[T+3910400172us][CH2-Pc    ] F9
[T+3910413172us][CH1-Dispenser] F1 F5 F9 2A 39 F8
[T+3910478172us][CH2-Pc    ] E1
[T+3910487179us][CH1-Dispenser] E1 E9
[T+3910559196us][CH2-Pc    ] F0
[T+3910568818us][CH1-Dispenser] F0 F8
[T+3910637304us][CH1-Dispenser] E0
[T+3910637173us][CH2-Pc    ] E0
[T+3910811306us][CH1-Dispenser] E1
[T+3910811173us][CH2-Pc    ] E1
[T+3910975172us][CH2-Pc    ] F0
[T+3910982172us][CH1-Dispenser] F0 F8
[T+3911053172us][CH2-Pc    ] F1
[T+3911062820us][CH1-Dispenser] F1 F5
[T+3911085172us][CH2-Pc    ] F9
[T+3911096294us][CH1-Dispenser] F9 2A 74 38
[T+3911164172us][CH2-Pc    ] E1
[T+3911172179us][CH1-Dispenser] E1 E9
[T+3911246172us][CH1-Dispenser] F0 F8
[T+3911242172us][CH2-Pc    ] F0
[T+3911320304us][CH1-Dispenser] E0
[T+3911320173us][CH2-Pc    ] E0
[T+3911519303us][CH1-Dispenser] E1
[T+3911519173us][CH2-Pc    ] E1
[T+3911694172us][CH2-Pc    ] F0
[T+3911702172us][CH1-Dispenser] F0 F8
[T+3911772172us][CH2-Pc    ] F1
[T+3911800172us][CH2-Pc    ] F9
[T+3911810615us][CH1-Dispenser] F1 F5 F9 79 75 38
[T+3911887172us][CH2-Pc    ] E1
[T+3911891172us][CH1-Dispenser] E1 E9
[T+3911965172us][CH2-Pc    ] F0
[T+3911972172us][CH1-Dispenser] F0 F8
[T+3912043304us][CH1-Dispenser] E0
[T+3912043173us][CH2-Pc    ] E0
[T+3912217306us][CH1-Dispenser] E1
[T+3912217173us][CH2-Pc    ] E1
[T+3912382172us][CH2-Pc    ] F0
[T+3912389172us][CH1-Dispenser] F0 F8
[T+3912460172us][CH2-Pc    ] F1
[T+3912465175us][CH1-Dispenser] F1 F5
[T+3912487172us][CH2-Pc    ] F9
[T+3912503172us][CH1-Dispenser] F9 28 70 38
[T+3912576172us][CH2-Pc    ] E1
[T+3912581172us][CH1-Dispenser] E1 E9
[T+3912654172us][CH2-Pc    ] F0
[T+3912664181us][CH1-Dispenser] F0 F8
[T+3912732308us][CH1-Dispenser] E0
[T+3912732173us][CH2-Pc    ] E0
[T+3912907306us][CH1-Dispenser] E1
[T+3912907174us][CH2-Pc    ] E1
[T+3913072172us][CH2-Pc    ] F0
[T+3913076221us][CH1-Dispenser] F0 F8
[T+3913149172us][CH2-Pc    ] F1
[T+3913155201us][CH1-Dispenser] F1 F5
[T+3913176172us][CH2-Pc    ] F9
[T+3913186180us][CH1-Dispenser] F9 3A 70 71
[T+3913255172us][CH2-Pc    ] E1
[T+3913262172us][CH1-Dispenser] E1 E9
[T+3913333172us][CH2-Pc    ] F0
[T+3913336172us][CH1-Dispenser] F0 F8
[T+3913400304us][CH1-Dispenser] E0
[T+3913400173us][CH2-Pc    ] E0
[T+3913575308us][CH1-Dispenser] E1
[T+3913575174us][CH2-Pc    ] E1
[T+3913750172us][CH2-Pc    ] F0
[T+3913756203us][CH1-Dispenser] F0 F8
[T+3913828197us][CH2-Pc    ] F1
[T+3913835172us][CH1-Dispenser] F1 F5
[T+3913866172us][CH2-Pc    ] F9
[T+3913875431us][CH1-Dispenser] F9 2A 28 C3
[T+3913945172us][CH2-Pc    ] E1
[T+3913952172us][CH1-Dispenser] E1 E9
[T+3914023172us][CH2-Pc    ] F0
[T+3914026174us][CH1-Dispenser] F0 F8
[T+3914091305us][CH1-Dispenser] E0
[T+3914091173us][CH2-Pc    ] E0
[T+3914265305us][CH1-Dispenser] E1
[T+3914265173us][CH2-Pc    ] E1
[T+3914429172us][CH2-Pc    ] F0
[T+3914436172us][CH1-Dispenser] F0 F8
[T+3914507172us][CH2-Pc    ] F1
[T+3914535172us][CH2-Pc    ] F9
[T+3914546180us][CH1-Dispenser] F1 F5 F9 3A 76 70
[T+3914613173us][CH2-Pc    ] E1
[T+3914619205us][CH1-Dispenser] E1 E9
[T+3914691197us][CH2-Pc    ] F0
[T+3914698172us][CH1-Dispenser] F0 F8
[T+3914769308us][CH1-Dispenser] E0
[T+3914769174us][CH2-Pc    ] E0
[T+3914944306us][CH1-Dispenser] E1
[T+3914944174us][CH2-Pc    ] E1
[T+3915119172us][CH2-Pc    ] F0
[T+3915125203us][CH1-Dispenser] F0 F8
[T+3915197307us][CH2-Pc    ] F1
[T+3915224172us][CH2-Pc    ] F9
[T+3915238205us][CH1-Dispenser] F1 F5 F9 78 F8 8E F8
[T+3915302172us][CH2-Pc    ] E1
[T+3915309172us][CH1-Dispenser] E1 E9
[T+3915380172us][CH2-Pc    ] F0
[T+3915386201us][CH1-Dispenser] F0 F8
[T+3915468305us][CH1-Dispenser] E0
[T+3915468173us][CH2-Pc    ] E0
[T+3915631305us][CH1-Dispenser] E1
[T+3915631173us][CH2-Pc    ] E1
[T+3915806172us][CH2-Pc    ] F0
[T+3915810172us][CH1-Dispenser] F0 F8
[T+3915902172us][CH2-Pc    ] F1 F9
[T+3915917172us][CH1-Dispenser] F1 F5 F9 39 74 70
[T+3915981172us][CH2-Pc    ] E1
[T+3915988172us][CH1-Dispenser] E1 E9
[T+3916059172us][CH2-Pc    ] F0
[T+3916067172us][CH1-Dispenser] F0 F8
[T+3916138304us][CH1-Dispenser] E0
[T+3916138173us][CH2-Pc    ] E0
[T+3916312308us][CH1-Dispenser] E1
[T+3916312173us][CH2-Pc    ] E1
[T+3916476172us][CH2-Pc    ] F0
[T+3916481174us][CH1-Dispenser] F0 F8
[T+3916554172us][CH2-Pc    ] F1
[T+3916560254us][CH1-Dispenser] F1 F5
[T+3916582172us][CH2-Pc    ] F9
[T+3916591172us][CH1-Dispenser] F9 BA 29 71
[T+3916667172us][CH2-Pc    ] E1
[T+3916671172us][CH1-Dispenser] E1 E9
[T+3916745172us][CH2-Pc    ] F0
[T+3916752172us][CH1-Dispenser] F0 E8
[T+3916823305us][CH1-Dispenser] E0
[T+3916823173us][CH2-Pc    ] E0
[T+3917017306us][CH1-Dispenser] E1
[T+3917017173us][CH2-Pc    ] E1
[T+3917180172us][CH2-Pc    ] F0
[T+3917186201us][CH1-Dispenser] F0 F8
[T+3917258197us][CH2-Pc    ] F1
[T+3917286172us][CH2-Pc    ] F9
[T+3917298213us][CH1-Dispenser] F1 F5 F9 EA F2 38
[T+3917365172us][CH2-Pc    ] E1
[T+3917372776us][CH1-Dispenser] E1 E9
[T+3917443172us][CH2-Pc    ] F0
[T+3917448172us][CH1-Dispenser] F0 E8
[T+3917521308us][CH1-Dispenser] E0
[T+3917521174us][CH2-Pc    ] E0
[T+3917696307us][CH1-Dispenser] E1
[T+3917696174us][CH2-Pc    ] E1
[T+3917871172us][CH2-Pc    ] F0
[T+3917875172us][CH1-Dispenser] F0 E8
[T+3917949172us][CH2-Pc    ] F1
[T+3917976172us][CH2-Pc    ] F9
[T+3917987181us][CH1-Dispenser] F1 F5 F9 E9 B9 38
[T+3918055172us][CH2-Pc    ] E1
[T+3918062172us][CH1-Dispenser] E1 E9
[T+3918133172us][CH2-Pc    ] F0
[T+3918138172us][CH1-Dispenser] F0 F8
[T+3918211305us][CH1-Dispenser] E0
[T+3918211173us][CH2-Pc    ] E0
[T+3918386305us][CH1-Dispenser] E1
[T+3918386173us][CH2-Pc    ] E1
[T+3918561172us][CH2-Pc    ] F0
[T+3918566173us][CH1-Dispenser] F0 F8
[T+3918639172us][CH2-Pc    ] F1
[T+3918645206us][CH1-Dispenser] F1 F5
[T+3918667172us][CH2-Pc    ] F9
[T+3918676179us][CH1-Dispenser] F9 FA 38 70
[T+3918745172us][CH2-Pc    ] E1
[T+3918752784us][CH1-Dispenser] E1 E9
[T+3918826172us][CH1-Dispenser] F0 F8
[T+3918823172us][CH2-Pc    ] F0
[T+3918890305us][CH1-Dispenser] E0
[T+3918890173us][CH2-Pc    ] E0
[T+3919054306us][CH1-Dispenser] E1
[T+3919054173us][CH2-Pc    ] E1
[T+3919229172us][CH2-Pc    ] F0
[T+3919237179us][CH1-Dispenser] F0 F8
[T+3919307172us][CH2-Pc    ] F1
[T+3919335172us][CH2-Pc    ] F9
[T+3919349172us][CH1-Dispenser] F1 F5 F9 F8 A8 70
[T+3919423172us][CH2-Pc    ] E1
[T+3919426175us][CH1-Dispenser] E1 E9
[T+3919491172us][CH2-Pc    ] F0
[T+3919496172us][CH1-Dispenser] F0 F8
[T+3919569306us][CH1-Dispenser] E0
[T+3919569173us][CH2-Pc    ] E0
[T+3919744306us][CH1-Dispenser] E1
[T+3919744173us][CH2-Pc    ] E1
[T+3919919172us][CH2-Pc    ] F0
[T+3919926172us][CH1-Dispenser] F0 F8
[T+3919997172us][CH2-Pc    ] F1
[T+3920001172us][CH1-Dispenser] F1 F5
[T+3920024172us][CH2-Pc    ] F9
[T+3920038173us][CH1-Dispenser] F9 28 70 83 F8
[T+3920102172us][CH2-Pc    ] E1
[T+3920107172us][CH1-Dispenser] E1 E9
[T+3920180172us][CH2-Pc    ] F0
[T+3920188182us][CH1-Dispenser] F0 F8
[T+3920258306us][CH1-Dispenser] E0
[T+3920258173us][CH2-Pc    ] E0
[T+3920439308us][CH1-Dispenser] E1
[T+3920439173us][CH2-Pc    ] E1
[T+3920602173us][CH2-Pc    ] F0
[T+3920605173us][CH1-Dispenser] F0 F8
[T+3920670172us][CH2-Pc    ] F1
[T+3920677818us][CH1-Dispenser] F1 F5
[T+3920701197us][CH2-Pc    ] F9
[T+3920714172us][CH1-Dispenser] F9 29 39 38
[T+3920779172us][CH2-Pc    ] E1
[T+3920787179us][CH1-Dispenser] E1 E9
[T+3920857172us][CH2-Pc    ] F0
[T+3920862174us][CH1-Dispenser] F0 F8
[T+3920935302us][CH1-Dispenser] E0
[T+3920935173us][CH2-Pc    ] E0
[T+3921110308us][CH1-Dispenser] E1
[T+3921110173us][CH2-Pc    ] E1
[T+3921274173us][CH2-Pc    ] F0
[T+3921282172us][CH1-Dispenser] F0 F8
[T+3921368172us][CH2-Pc    ] F1 F9
[T+3921381172us][CH1-Dispenser] F1 F5 F9 6A F9 38
[T+3921476175us][CH2-Pc    ] E1
[T+3921482202us][CH1-Dispenser] E1 E9
[T+3921554196us][CH2-Pc    ] F0
[T+3921563256us][CH1-Dispenser] F0 F8
[T+3921632306us][CH1-Dispenser] E0
[T+3921632174us][CH2-Pc    ] E0
[T+3921807308us][CH1-Dispenser] E1
[T+3921807174us][CH2-Pc    ] E1
[T+3921985175us][CH1-Dispenser] F0 F8
[T+3921982173us][CH2-Pc    ] F0
[T+3922049172us][CH2-Pc    ] F1
[T+3922055200us][CH1-Dispenser] F1 F5
[T+3922077172us][CH2-Pc    ] F9
[T+3922088187us][CH1-Dispenser] F9 68 A8 38
[T+3922155172us][CH2-Pc    ] E1
[T+3922163774us][CH1-Dispenser] E1 E9
[T+3922233172us][CH2-Pc    ] F0
[T+3922237172us][CH1-Dispenser] F0 F8
[T+3922311308us][CH1-Dispenser] E0
[T+3922311174us][CH2-Pc    ] E0
[T+3922497311us][CH1-Dispenser] E1
[T+3922497174us][CH2-Pc    ] E1
[T+3922672172us][CH2-Pc    ] F0
[T+3922676173us][CH1-Dispenser] F0 F8
[T+3922749172us][CH2-Pc    ] F1
[T+3922777172us][CH2-Pc    ] F9
[T+3922788179us][CH1-Dispenser] F1 F5 F9 3A 74 8F F8
[T+3922855172us][CH2-Pc    ] E1
[T+3922862172us][CH1-Dispenser] E1 E9
[T+3922933172us][CH2-Pc    ] F0
[T+3922938172us][CH1-Dispenser] F0 F8
[T+3923011312us][CH1-Dispenser] E0
[T+3923011174us][CH2-Pc    ] E0
[T+3923186305us][CH1-Dispenser] E1
[T+3923186173us][CH2-Pc    ] E1
[T+3923350172us][CH2-Pc    ] F0
[T+3923356200us][CH1-Dispenser] F0 F8
[T+3923428197us][CH2-Pc    ] F1
[T+3923456172us][CH2-Pc    ] F9
[T+3923468213us][CH1-Dispenser] F1 F5 F9 29 B8 70
[T+3923535172us][CH2-Pc    ] E1
[T+3923542172us][CH1-Dispenser] E1 E9
[T+3923613172us][CH2-Pc    ] F0
[T+3923617172us][CH1-Dispenser] F0 F8
[T+3923691305us][CH1-Dispenser] E0
[T+3923691173us][CH2-Pc    ] E0
[T+3923866308us][CH1-Dispenser] E1
[T+3923866174us][CH2-Pc    ] E1
[T+3924040197us][CH2-Pc    ] F0
[T+3924046201us][CH1-Dispenser] F0 F8
[T+3924119172us][CH2-Pc    ] F1
[T+3924146172us][CH2-Pc    ] F9
[T+3924157179us][CH1-Dispenser] F1 F5 F9 BA A8 70
[T+3924225172us][CH2-Pc    ] E1
[T+3924232780us][CH1-Dispenser] E1 E9
[T+3924305172us][CH2-Pc    ] F0
[T+3924313172us][CH1-Dispenser] F0 E8
[T+3924383304us][CH1-Dispenser] E0
[T+3924383173us][CH2-Pc    ] E0
[T+3924558306us][CH1-Dispenser] E1
[T+3924558173us][CH2-Pc    ] E1
[T+3924733172us][CH2-Pc    ] F0
[T+3924742179us][CH1-Dispenser] F0 F8
[T+3924812172us][CH2-Pc    ] F1
[T+3924816172us][CH1-Dispenser] F1 F5
[T+3924839172us][CH2-Pc    ] F9
[T+3924853172us][CH1-Dispenser] F9 B8 7B 83 F8
[T+3924918172us][CH2-Pc    ] E1
[T+3924924200us][CH1-Dispenser] E1 E9
[T+3924996197us][CH2-Pc    ] F0
[T+3925005179us][CH1-Dispenser] F0 F8
[T+3925075305us][CH1-Dispenser] E0
[T+3925075173us][CH2-Pc    ] E0
[T+3925249307us][CH1-Dispenser] E1
[T+3925249173us][CH2-Pc    ] E1
[T+3925414172us][CH2-Pc    ] F0
[T+3925421172us][CH1-Dispenser] F0 F8
[T+3925492172us][CH2-Pc    ] F1
[T+3925496174us][CH1-Dispenser] F1 F5
[T+3925519172us][CH2-Pc    ] F9
[T+3925533172us][CH1-Dispenser] F9 E8 77 85 F8
[T+3925618172us][CH2-Pc    ] E1
[T+3925625172us][CH1-Dispenser] E1 E9
[T+3925696172us][CH2-Pc    ] F0
[T+3925702200us][CH1-Dispenser] F0 F8
[T+3925774435us][CH1-Dispenser] E0
[T+3925774299us][CH2-Pc    ] E0
[T+3925949305us][CH1-Dispenser] E1
[T+3925949173us][CH2-Pc    ] E1
[T+3926123196us][CH2-Pc    ] F0
[T+3926131179us][CH1-Dispenser] F0 F8
[T+3926202172us][CH2-Pc    ] F1
[T+3926229172us][CH2-Pc    ] F9
[T+3926245172us][CH1-Dispenser] F1 F5 F9 28 70 85 F8
[T+3926318172us][CH2-Pc    ] E1
[T+3926324201us][CH1-Dispenser] E1 E9
[T+3926396197us][CH2-Pc    ] F0
[T+3926403172us][CH1-Dispenser] F0 F8
[T+3926474310us][CH1-Dispenser] E0
[T+3926474174us][CH2-Pc    ] E0
[T+3926649309us][CH1-Dispenser] E1
[T+3926649173us][CH2-Pc    ] E1
[T+3926823197us][CH2-Pc    ] F0
[T+3926831172us][CH1-Dispenser] F0 F8
[T+3926901173us][CH2-Pc    ] F1
[T+3926906172us][CH1-Dispenser] F1 F5
[T+3926928172us][CH2-Pc    ] F9
[T+3926941172us][CH1-Dispenser] F9 7A F9 C7
[T+3927006174us][CH2-Pc    ] E1
[T+3927012200us][CH1-Dispenser] E1 E9
[T+3927084196us][CH2-Pc    ] F0
[T+3927093179us][CH1-Dispenser] F0 F8
[T+3927163306us][CH1-Dispenser] E0
[T+3927163173us][CH2-Pc    ] E0
[T+3927337308us][CH1-Dispenser] E1
[T+3927337173us][CH2-Pc    ] E1
[T+3927513172us][CH2-Pc    ] F0
[T+3927522179us][CH1-Dispenser] F0 F8
[T+3927591172us][CH2-Pc    ] F1
[T+3927595172us][CH1-Dispenser] F1 F5
[T+3927618173us][CH2-Pc    ] F9
[T+3927632173us][CH1-Dispenser] F9 38 29 38
[T+3927697172us][CH2-Pc    ] E1
[T+3927704782us][CH1-Dispenser] E1 E9
[T+3927775172us][CH2-Pc    ] F0
[T+3927783172us][CH1-Dispenser] F0 F8
[T+3927853304us][CH1-Dispenser] E0
[T+3927853173us][CH2-Pc    ] E0
[T+3928028311us][CH1-Dispenser] E1
[T+3928028174us][CH2-Pc    ] E1
[T+3928202197us][CH2-Pc    ] F0
[T+3928209172us][CH1-Dispenser] F0 F8
[T+3928281172us][CH2-Pc    ] F1
[T+3928286172us][CH1-Dispenser] F1 F5
[T+3928313172us][CH2-Pc    ] F9
[T+3928328172us][CH1-Dispenser] F9 79 29 28
[T+3928402172us][CH2-Pc    ] E1
[T+3928409172us][CH1-Dispenser] E1 E9
[T+3928480172us][CH2-Pc    ] F0
[T+3928489172us][CH1-Dispenser] F0 F8
[T+3928558305us][CH1-Dispenser] E0
[T+3928558173us][CH2-Pc    ] E0
[T+3928733306us][CH1-Dispenser] E1
[T+3928733173us][CH2-Pc    ] E1
[T+3928918172us][CH2-Pc    ] F0
[T+3928926821us][CH1-Dispenser] F0 F8
[T+3929000172us][CH1-Dispenser] F1 F5
[T+3928997172us][CH2-Pc    ] F1
[T+3929024198us][CH2-Pc    ] F9
[T+3929037454us][CH1-Dispenser] F9 A9 37 28
[T+3929103172us][CH2-Pc    ] E1
[T+3929108172us][CH1-Dispenser] E1 E9
[T+3929181172us][CH2-Pc    ] F0
[T+3929187200us][CH1-Dispenser] F0 F8
[T+3929259312us][CH1-Dispenser] E0
[T+3929259175us][CH2-Pc    ] E0
[T+3929434304us][CH1-Dispenser] E1
[T+3929434173us][CH2-Pc    ] E1
[T+3929609172us][CH2-Pc    ] F0
[T+3929617172us][CH1-Dispenser] F0 FE
[T+3929687172us][CH2-Pc    ] F1
[T+3929691172us][CH1-Dispenser] F1 F5
[T+3929714172us][CH2-Pc    ] F9
[T+3929727172us][CH1-Dispenser] F9 68 29 70
[T+3929792172us][CH2-Pc    ] E1
[T+3929798200us][CH1-Dispenser] E1 E9
[T+3929870214us][CH2-Pc    ] F0
[T+3929877172us][CH1-Dispenser] F0 F8
[T+3929949304us][CH1-Dispenser] E0
[T+3929949173us][CH2-Pc    ] E0
[T+3930123306us][CH1-Dispenser] E1
[T+3930123174us][CH2-Pc    ] E1
[T+3930287172us][CH2-Pc    ] F0
[T+3930292172us][CH1-Dispenser] F0 F8
[T+3930358196us][CH2-Pc    ] F1
[T+3930385172us][CH2-Pc    ] F9
[T+3930396179us][CH1-Dispenser] F1 F5 F9 29 75 33
[T+3930463172us][CH2-Pc    ] E1
[T+3930468172us][CH1-Dispenser] E1 E9
[T+3930542172us][CH2-Pc    ] F0
[T+3930547172us][CH1-Dispenser] F0 F8
[T+3930619305us][CH1-Dispenser] E0
[T+3930619173us][CH2-Pc    ] E0
[T+3930794313us][CH1-Dispenser] E1
[T+3930794174us][CH2-Pc    ] E1
[T+3930969172us][CH2-Pc    ] F0
[T+3930977172us][CH1-Dispenser] F0 F8
[T+3931047172us][CH2-Pc    ] F1
[T+3931051172us][CH1-Dispenser] F1 F5
[T+3931074172us][CH2-Pc    ] F9
[T+3931089172us][CH1-Dispenser] F9 38 28 33
[T+3931172172us][CH2-Pc    ] E1
[T+3931178202us][CH1-Dispenser] E1 E9
[T+3931250197us][CH2-Pc    ] F0
[T+3931257810us][CH1-Dispenser] F0 F8
[T+3931329306us][CH1-Dispenser] E0
[T+3931329173us][CH2-Pc    ] E0
[T+3931492309us][CH1-Dispenser] E1
[T+3931492173us][CH2-Pc    ] E1
[T+3931671172us][CH1-Dispenser] F0 F8
[T+3931668172us][CH2-Pc    ] F0
[T+3931745172us][CH2-Pc    ] F1
[T+3931750174us][CH1-Dispenser] F1 F5
[T+3931773172us][CH2-Pc    ] F9
[T+3931783172us][CH1-Dispenser] F9 78 B7 69 F0
[T+3931851172us][CH2-Pc    ] E1
[T+3931857200us][CH1-Dispenser] E1 E9
[T+3931931172us][CH2-Pc    ] F0
[T+3931938816us][CH1-Dispenser] F0 F8
[T+3932009305us][CH1-Dispenser] E0
[T+3932009174us][CH2-Pc    ] E0
[T+3932184306us][CH1-Dispenser] E1
[T+3932184173us][CH2-Pc    ] E1
[T+3932364198us][CH2-Pc    ] F0
[T+3932371172us][CH1-Dispenser] F0 F8
[T+3932443172us][CH2-Pc    ] F1
[T+3932447172us][CH1-Dispenser] F1 F5
[T+3932470172us][CH2-Pc    ] F9
[T+3932483172us][CH1-Dispenser] F9 39 E8 28
[T+3932548172us][CH2-Pc    ] E1
[T+3932553172us][CH1-Dispenser] E1 E9
[T+3932626172us][CH2-Pc    ] F0
[T+3932632201us][CH1-Dispenser] F0 F8
[T+3932696305us][CH1-Dispenser] E0
[T+3932696173us][CH2-Pc    ] E0
[T+3932870172us][CH2-Pc    ] E1
[T+3932871172us][CH1-Dispenser] E1
[T+3933045202us][CH2-Pc    ] F0
[T+3933051203us][CH1-Dispenser] F0 F8
[T+3933123196us][CH2-Pc    ] F1
[T+3933151172us][CH2-Pc    ] F9
[T+3933163213us][CH1-Dispenser] F1 F5 F9 79 78 E8
[T+3933232172us][CH1-Dispenser] E1 E9
[T+3933229172us][CH2-Pc    ] E1
[T+3933299172us][CH2-Pc    ] F0
[T+3933304172us][CH1-Dispenser] F0 F8
[T+3933377306us][CH1-Dispenser] E0
[T+3933377173us][CH2-Pc    ] E0
[T+3933563310us][CH1-Dispenser] E1
[T+3933563174us][CH2-Pc    ] E1
[T+3933727172us][CH2-Pc    ] F0
[T+3933731174us][CH1-Dispenser] F0 F8
[T+3933805172us][CH2-Pc    ] F1
[T+3933832176us][CH2-Pc    ] F9
[T+3933843180us][CH1-Dispenser] F1 F5 F9 38 E1 83 F8
[T+3933910172us][CH2-Pc    ] E1
[T+3933919179us][CH1-Dispenser] E1 E9
[T+3933991196us][CH2-Pc    ] F0
[T+3933998172us][CH1-Dispenser] F0 F8
[T+3934069304us][CH1-Dispenser] E0
[T+3934069173us][CH2-Pc    ] E0
[T+3934243309us][CH1-Dispenser] E1
[T+3934243174us][CH2-Pc    ] E1
[T+3934416172us][CH2-Pc    ] F0
[T+3934421172us][CH1-Dispenser] F0 F8
[T+3934494172us][CH2-Pc    ] F1
[T+3934522172us][CH2-Pc    ] F9
[T+3934534213us][CH1-Dispenser] F1 F5 F9 A9 73 9B F8
[T+3934600197us][CH2-Pc    ] E1
[T+3934609172us][CH1-Dispenser] E1 E9
[T+3934678172us][CH2-Pc    ] F0
[T+3934682172us][CH1-Dispenser] F0 F8
[T+3934746306us][CH1-Dispenser] E0
[T+3934746173us][CH2-Pc    ] E0
[T+3934922306us][CH1-Dispenser] E1
[T+3934922173us][CH2-Pc    ] E1
[T+3935086172us][CH2-Pc    ] F0
[T+3935092200us][CH1-Dispenser] F0 F8
[T+3935164196us][CH2-Pc    ] F1
[T+3935192172us][CH2-Pc    ] F9
[T+3935203179us][CH1-Dispenser] F1 F5 F9 78 70 87 F8
[T+3935271172us][CH2-Pc    ] E1
[T+3935279784us][CH1-Dispenser] E1 E9
[T+3935349172us][CH2-Pc    ] F0
[T+3935355201us][CH1-Dispenser] F0 F8
[T+3935428304us][CH1-Dispenser] E0
[T+3935428173us][CH2-Pc    ] E0
[T+3935602309us][CH1-Dispenser] E1
[T+3935602173us][CH2-Pc    ] E1
[T+3935777172us][CH2-Pc    ] F0
[T+3935781174us][CH1-Dispenser] F0 F8
[T+3935855172us][CH2-Pc    ] F1
[T+3935882172us][CH2-Pc    ] F9
[T+3935893180us][CH1-Dispenser] F1 F5 F9 69 F8 28
[T+3935960172us][CH2-Pc    ] E1
[T+3935967778us][CH1-Dispenser] E1 E9
[T+3936038172us][CH2-Pc    ] F0
[T+3936043172us][CH1-Dispenser] F0 F8
[T+3936116305us][CH1-Dispenser] E0
[T+3936116174us][CH2-Pc    ] E0
[T+3936291306us][CH1-Dispenser] E1
[T+3936291173us][CH2-Pc    ] E1
[T+3936466172us][CH2-Pc    ] F0
[T+3936472206us][CH1-Dispenser] F0 F8
[T+3936537172us][CH2-Pc    ] F1
[T+3936542172us][CH1-Dispenser] F1 F5
[T+3936565172us][CH2-Pc    ] F9
[T+3936579172us][CH1-Dispenser] F9 E9 7B 9F F8
[T+3936643330us][CH2-Pc    ] E1
[T+3936648173us][CH1-Dispenser] E1 E9
[T+3936721242us][CH2-Pc    ] F0
[T+3936728172us][CH1-Dispenser] F0 F8
[T+3936799305us][CH1-Dispenser] E0
[T+3936799173us][CH2-Pc    ] E0
[T+3936985173us][CH1-Dispenser] E1
[T+3936984172us][CH2-Pc    ] E1
[T+3937149172us][CH2-Pc    ] F0
[T+3937157179us][CH1-Dispenser] F0 F8
[T+3937231172us][CH1-Dispenser] F1 F5
[T+3937227172us][CH2-Pc    ] F1
[T+3937254172us][CH2-Pc    ] F9
[T+3937269176us][CH1-Dispenser] F9 7A D5 87 F8
[T+3937344172us][CH2-Pc    ] E1
[T+3937347342us][CH1-Dispenser] E1 E9
[T+3937411172us][CH2-Pc    ] F0
[T+3937418172us][CH1-Dispenser] F0 F8
[T+3937489306us][CH1-Dispenser] E0
[T+3937489173us][CH2-Pc    ] E0
[T+3937688307us][CH1-Dispenser] E1
[T+3937688173us][CH2-Pc    ] E1
[T+3937852172us][CH2-Pc    ] F0
[T+3937857209us][CH1-Dispenser] F0 F8
[T+3937931172us][CH2-Pc    ] F1
[T+3937936172us][CH1-Dispenser] F1 F5
[T+3937958172us][CH2-Pc    ] F9
[T+3937967172us][CH1-Dispenser] F9 28 FB 87 F8
[T+3938036172us][CH2-Pc    ] E1
[T+3938043172us][CH1-Dispenser] E1 E9
[T+3938114172us][CH2-Pc    ] F0
[T+3938119172us][CH1-Dispenser] F0 F8
[T+3938193172us][CH1-Dispenser] E0
[T+3938192172us][CH2-Pc    ] E0
[T+3938367308us][CH1-Dispenser] E1
[T+3938367174us][CH2-Pc    ] E1
[T+3938544172us][CH2-Pc    ] F0
[T+3938551817us][CH1-Dispenser] F0 F8
[T+3938622172us][CH2-Pc    ] F1
[T+3938649172us][CH2-Pc    ] F9
[T+3938663172us][CH1-Dispenser] F1 F5 F9 AA E8 70
[T+3938738172us][CH2-Pc    ] E1
[T+3938744200us][CH1-Dispenser] E1 E9
[T+3938816196us][CH2-Pc    ] F0
[T+3938823817us][CH1-Dispenser] F0 F8
[T+3938895305us][CH1-Dispenser] E0
[T+3938895173us][CH2-Pc    ] E0
[T+3939069308us][CH1-Dispenser] E1
[T+3939069174us][CH2-Pc    ] E1
[T+3939241172us][CH2-Pc    ] F0
[T+3939249797us][CH1-Dispenser] F0 E8
[T+3939319172us][CH2-Pc    ] F1
[T+3939347172us][CH2-Pc    ] F9
[T+3939359596us][CH1-Dispenser] F1 F5 F9 29 FA 70
[T+3939426172us][CH2-Pc    ] E1
[T+3939434815us][CH1-Dispenser] E1 E9
[T+3939504172us][CH2-Pc    ] F0
[T+3939508173us][CH1-Dispenser] F0 F8
[T+3939582307us][CH1-Dispenser] E0
[T+3939582173us][CH2-Pc    ] E0
[T+3939757305us][CH1-Dispenser] E1
[T+3939757173us][CH2-Pc    ] E1
[T+3939932172us][CH2-Pc    ] F0
[T+3939936172us][CH1-Dispenser] F0 F8
[T+3940010174us][CH2-Pc    ] F1
[T+3940037172us][CH2-Pc    ] F9
[T+3940048179us][CH1-Dispenser] F1 F5 F9 BA 28 70
[T+3940115172us][CH2-Pc    ] E1
[T+3940124287us][CH1-Dispenser] E1 E9
[T+3940194172us][CH2-Pc    ] F0
[T+3940198172us][CH1-Dispenser] F0 F8
[T+3940272304us][CH1-Dispenser] E0
[T+3940272173us][CH2-Pc    ] E0
[T+3940448305us][CH1-Dispenser] E1
[T+3940448173us][CH2-Pc    ] E1
[T+3940622172us][CH2-Pc    ] F0
[T+3940627172us][CH1-Dispenser] F0 F8
[T+3940700172us][CH2-Pc    ] F1
[T+3940728682us][CH2-Pc    ] F9
[T+3940739179us][CH1-Dispenser] F1 F5 F9 A8 3A 70
[T+3940818172us][CH1-Dispenser] E1 E9
[T+3940815172us][CH2-Pc    ] E1
[T+3940882172us][CH2-Pc    ] F0
[T+3940888200us][CH1-Dispenser] F0 F8
[T+3940960304us][CH1-Dispenser] E0
[T+3940960173us][CH2-Pc    ] E0
[T+3941135311us][CH1-Dispenser] E1
[T+3941135173us][CH2-Pc    ] E1
[T+3941312172us][CH2-Pc    ] F0
[T+3941318201us][CH1-Dispenser] F0 F8
[T+3941390197us][CH2-Pc    ] F1
[T+3941417172us][CH2-Pc    ] F9
[T+3941428179us][CH1-Dispenser] F1 F5 F9 69 28 28
[T+3941495172us][CH2-Pc    ] E1
[T+3941504789us][CH1-Dispenser] E1 E9
[T+3941573172us][CH2-Pc    ] F0
[T+3941578172us][CH1-Dispenser] F0 F8
[T+3941652313us][CH1-Dispenser] E0
[T+3941652176us][CH2-Pc    ] E0
[T+3941826305us][CH1-Dispenser] E1
[T+3941826173us][CH2-Pc    ] E1
[T+3941994197us][CH2-Pc    ] F0
[T+3942003806us][CH1-Dispenser] F0 F8
[T+3942072172us][CH2-Pc    ] F1
[T+3942077172us][CH1-Dispenser] F1 F5
[T+3942100172us][CH2-Pc    ] F9
[T+3942115172us][CH1-Dispenser] F9 A9 3A 28
[T+3942188172us][CH2-Pc    ] E1
[T+3942193172us][CH1-Dispenser] E1 E9
[T+3942267172us][CH2-Pc    ] F0
[T+3942276172us][CH1-Dispenser] F0 E8
[T+3942345304us][CH1-Dispenser] E0
[T+3942345173us][CH2-Pc    ] E0
[T+3942530305us][CH1-Dispenser] E1
[T+3942530173us][CH2-Pc    ] E1
[T+3942702172us][CH2-Pc    ] F0
[T+3942712181us][CH1-Dispenser] F0 F8
[T+3942780172us][CH2-Pc    ] F1
[T+3942808196us][CH2-Pc    ] F9
[T+3942818784us][CH1-Dispenser] F1 F5 F9 AA 28 29
[T+3942887172us][CH2-Pc    ] E1
[T+3942894172us][CH1-Dispenser] E1 E9
[T+3942969172us][CH1-Dispenser] F0 E8
[T+3942965172us][CH2-Pc    ] F0
[T+3943043305us][CH1-Dispenser] E0
[T+3943043173us][CH2-Pc    ] E0
[T+3943218304us][CH1-Dispenser] E1
[T+3943218173us][CH2-Pc    ] E1
[T+3943386172us][CH1-Dispenser] F0 F8
[T+3943382172us][CH2-Pc    ] F0
[T+3943460172us][CH2-Pc    ] F1
[T+3943487172us][CH2-Pc    ] F9
[T+3943498179us][CH1-Dispenser] F1 F5 F9 A8 FB 29
[T+3943566172us][CH2-Pc    ] E1
[T+3943573172us][CH1-Dispenser] E1 E9
[T+3943648172us][CH1-Dispenser] F0 F8
[T+3943645174us][CH2-Pc    ] F0
[T+3943723308us][CH1-Dispenser] E0
[T+3943723173us][CH2-Pc    ] E0
[T+3943898307us][CH1-Dispenser] E1
[T+3943898173us][CH2-Pc    ] E1
[T+3944072172us][CH2-Pc    ] F0
[T+3944077174us][CH1-Dispenser] F0 F8
[T+3944151172us][CH2-Pc    ] F1
[T+3944178172us][CH2-Pc    ] F9
[T+3944189179us][CH1-Dispenser] F1 F5 F9 69 F4 72
[T+3944256172us][CH2-Pc    ] E1
[T+3944263172us][CH1-Dispenser] E1 E9
[T+3944334172us][CH2-Pc    ] F0
[T+3944339172us][CH1-Dispenser] F0 F8
[T+3944412305us][CH1-Dispenser] E0
[T+3944412173us][CH2-Pc    ] E0
[T+3944587308us][CH1-Dispenser] E1
[T+3944587173us][CH2-Pc    ] E1
[T+3944762172us][CH2-Pc    ] F0
[T+3944768200us][CH1-Dispenser] F0 F8
[T+3944840197us][CH2-Pc    ] F1
[T+3944867172us][CH2-Pc    ] F9
[T+3944878783us][CH1-Dispenser] F1 F5 F9 A9 76 72
[T+3944946172us][CH2-Pc    ] E1
[T+3944955498us][CH1-Dispenser] E1 E9
[T+3945024172us][CH2-Pc    ] F0
[T+3945031172us][CH1-Dispenser] F0 F8
[T+3945103307us][CH1-Dispenser] E0
[T+3945103173us][CH2-Pc    ] E0
[T+3945279306us][CH1-Dispenser] E1
[T+3945279173us][CH2-Pc    ] E1
[T+3945443172us][CH2-Pc    ] F0
[T+3945448172us][CH1-Dispenser] F0 F8
[T+3945521172us][CH2-Pc    ] F1
[T+3945527202us][CH1-Dispenser] F1 F5
[T+3945549172us][CH2-Pc    ] F9
[T+3945563172us][CH1-Dispenser] F9 A9 37 35
[T+3945629172us][CH2-Pc    ] E1
[T+3945634172us][CH1-Dispenser] E1 E9
[T+3945707172us][CH2-Pc    ] F0
[T+3945713202us][CH1-Dispenser] F0 F8
[T+3945785305us][CH1-Dispenser] E0
[T+3945785173us][CH2-Pc    ] E0
[T+3945960308us][CH1-Dispenser] E1
[T+3945960174us][CH2-Pc    ] E1
[T+3946135172us][CH2-Pc    ] F0
[T+3946142172us][CH1-Dispenser] F0 E8
[T+3946213172us][CH2-Pc    ] F1
[T+3946217172us][CH1-Dispenser] F1 F5
[T+3946240172us][CH2-Pc    ] F9
[T+3946254177us][CH1-Dispenser] F9 38 76 72
[T+3946319172us][CH2-Pc    ] E1
[T+3946324172us][CH1-Dispenser] E1 E9
[T+3946397172us][CH2-Pc    ] F0
[T+3946403200us][CH1-Dispenser] F0 F8
[T+3946476307us][CH1-Dispenser] E0
[T+3946476173us][CH2-Pc    ] E0
[T+3946650306us][CH1-Dispenser] E1
[T+3946650174us][CH2-Pc    ] E1
[T+3946825172us][CH2-Pc    ] F0
[T+3946833179us][CH1-Dispenser] F0 F8
[T+3946919172us][CH2-Pc    ] F1 F9
[T+3946934173us][CH1-Dispenser] F1 F5 F9 F9 F0 25
[T+3946998172us][CH2-Pc    ] E1
[T+3947004200us][CH1-Dispenser] E1 E9
[T+3947076203us][CH2-Pc    ] F0
[T+3947083812us][CH1-Dispenser] F0 F8
[T+3947154308us][CH1-Dispenser] E0
[T+3947154173us][CH2-Pc    ] E0
[T+3947318307us][CH1-Dispenser] E1
[T+3947318173us][CH2-Pc    ] E1
[T+3947491172us][CH2-Pc    ] F0
[T+3947498172us][CH1-Dispenser] F0 F8
[T+3947569172us][CH2-Pc    ] F1
[T+3947597172us][CH2-Pc    ] F9
[T+3947610172us][CH1-Dispenser] F1 F5 F9 B9 39 B5
[T+3947679172us][CH1-Dispenser] E1 E9
[T+3947675172us][CH2-Pc    ] E1
[T+3947753172us][CH2-Pc    ] F0
[T+3947760172us][CH1-Dispenser] F0 F8
[T+3947831305us][CH1-Dispenser] E0
[T+3947831173us][CH2-Pc    ] E0
[T+3948006307us][CH1-Dispenser] E1
[T+3948006173us][CH2-Pc    ] E1
[T+3948181172us][CH2-Pc    ] F0
[T+3948189172us][CH1-Dispenser] F0 F8
[T+3948259172us][CH2-Pc    ] F1
[T+3948286172us][CH2-Pc    ] F9
[T+3948299172us][CH1-Dispenser] F1 F5 F9 FA 39 35
[T+3948365172us][CH2-Pc    ] E1
[T+3948370172us][CH1-Dispenser] E1 E9
[T+3948443172us][CH2-Pc    ] F0
[T+3948449200us][CH1-Dispenser] F0 F8
[T+3948513309us][CH1-Dispenser] E0
[T+3948513174us][CH2-Pc    ] E0
[T+3948688308us][CH1-Dispenser] E1
[T+3948688173us][CH2-Pc    ] E1
[T+3948851172us][CH2-Pc    ] F0
[T+3948860179us][CH1-Dispenser] F0 F8
[T+3948930172us][CH2-Pc    ] F1
[T+3948957172us][CH2-Pc    ] F9
[T+3948968364us][CH1-Dispenser] F1 F5 F9 28 3A 72
[T+3949037172us][CH2-Pc    ] E1
[T+3949043200us][CH1-Dispenser] E1 E9
[T+3949115199us][CH2-Pc    ] F0
[T+3949121205us][CH1-Dispenser] F0 F8
[T+3949193304us][CH1-Dispenser] E0
[T+3949193173us][CH2-Pc    ] E0
[T+3949368308us][CH1-Dispenser] E1
[T+3949368173us][CH2-Pc    ] E1
[T+3949543174us][CH2-Pc    ] F0
[T+3949547173us][CH1-Dispenser] F0 F8
[T+3949621172us][CH2-Pc    ] F1
[T+3949648172us][CH2-Pc    ] F9
[T+3949659179us][CH1-Dispenser] F1 F5 F9 68 7A 35
[T+3949727172us][CH2-Pc    ] E1
[T+3949734172us][CH1-Dispenser] E1 E9
[T+3949806172us][CH2-Pc    ] F0
[T+3949809172us][CH1-Dispenser] F0 F8
[T+3949873305us][CH1-Dispenser] E0
[T+3949873173us][CH2-Pc    ] E0
[T+3950037307us][CH1-Dispenser] E1
[T+3950037173us][CH2-Pc    ] E1
[T+3950212172us][CH2-Pc    ] F0
[T+3950218201us][CH1-Dispenser] F0 F8
[T+3950290196us][CH2-Pc    ] F1
[T+3950317172us][CH2-Pc    ] F9
[T+3950329519us][CH1-Dispenser] F1 F5 F9 A9 3A 72
[T+3950397172us][CH2-Pc    ] E1
[T+3950406819us][CH1-Dispenser] E1 E9
[T+3950476172us][CH2-Pc    ] F0
[T+3950479173us][CH1-Dispenser] F0 F8
[T+3950554544us][CH1-Dispenser] E0
[T+3950554410us][CH2-Pc    ] E0
[T+3950728307us][CH1-Dispenser] E1
[T+3950728173us][CH2-Pc    ] E1
[T+3950907172us][CH1-Dispenser] F0 FE
[T+3950903172us][CH2-Pc    ] F0
[T+3950971336us][CH2-Pc    ] F1
[T+3950977200us][CH1-Dispenser] F1 F5
[T+3950998172us][CH2-Pc    ] F9
[T+3951008782us][CH1-Dispenser] F9 38 B8 72
[T+3951077172us][CH2-Pc    ] E1
[T+3951085799us][CH1-Dispenser] E1 E9
[T+3951155172us][CH2-Pc    ] F0
[T+3951159172us][CH1-Dispenser] F0 F8
[T+3951233307us][CH1-Dispenser] E0
[T+3951233174us][CH2-Pc    ] E0
[T+3951397305us][CH1-Dispenser] E1
[T+3951397173us][CH2-Pc    ] E1
[T+3951577198us][CH2-Pc    ] F0
[T+3951583206us][CH1-Dispenser] F0 F8
[T+3951655197us][CH2-Pc    ] F1
[T+3951682173us][CH2-Pc    ] F9
[T+3951693179us][CH1-Dispenser] F1 F5 F9 38 38 72
[T+3951771196us][CH2-Pc    ] E1
[T+3951780179us][CH1-Dispenser] E1 E9
[T+3951849172us][CH2-Pc    ] F0
[T+3951854172us][CH1-Dispenser] F0 F8
[T+3951928305us][CH1-Dispenser] E0
[T+3951928173us][CH2-Pc    ] E0
[T+3952102308us][CH1-Dispenser] E1
[T+3952102173us][CH2-Pc    ] E1
[T+3952277172us][CH2-Pc    ] F0
[T+3952283200us][CH1-Dispenser] F0 FE
[T+3952355196us][CH2-Pc    ] F1
[T+3952362172us][CH1-Dispenser] F1 F5
[T+3952383172us][CH2-Pc    ] F9
[T+3952397172us][CH1-Dispenser] F9 38 38 35
[T+3952462172us][CH2-Pc    ] E1
[T+3952469172us][CH1-Dispenser] E1 E9
[T+3952540172us][CH2-Pc    ] F0
[T+3952544172us][CH1-Dispenser] F0 F8
[T+3952618308us][CH1-Dispenser] E0
[T+3952618173us][CH2-Pc    ] E0
[T+3952793308us][CH1-Dispenser] E1
[T+3952793174us][CH2-Pc    ] E1
[T+3952968172us][CH2-Pc    ] F0
[T+3952977807us][CH1-Dispenser] F0 F8
[T+3953046172us][CH2-Pc    ] F1
[T+3953073196us][CH2-Pc    ] F9
[T+3953083179us][CH1-Dispenser] F1 F5 F9 38 B8 72
[T+3953152172us][CH2-Pc    ] E1
[T+3953159172us][CH1-Dispenser] E1 E9
[T+3953230172us][CH2-Pc    ] F0
[T+3953234173us][CH1-Dispenser] F0 F8
[T+3953308306us][CH1-Dispenser] E0
[T+3953308173us][CH2-Pc    ] E0
[T+3953483306us][CH1-Dispenser] E1
[T+3953483173us][CH2-Pc    ] E1
[T+3953648172us][CH2-Pc    ] F0
[T+3953653173us][CH1-Dispenser] F0 F8
[T+3953725196us][CH2-Pc    ] F1
[T+3953753172us][CH2-Pc    ] F9
[T+3953765449us][CH1-Dispenser] F1 F5 F9 38 B8 72
[T+3953832172us][CH2-Pc    ] E1
[T+3953840814us][CH1-Dispenser] E1 E9
[T+3953910173us][CH2-Pc    ] F0
[T+3953914172us][CH1-Dispenser] F0 F8
[T+3953977310us][CH1-Dispenser] E0
[T+3953977173us][CH2-Pc    ] E0
[T+3954152305us][CH1-Dispenser] E1
[T+3954152173us][CH2-Pc    ] E1
[T+3954327172us][CH2-Pc    ] F0
[T+3954335172us][CH1-Dispenser] F0 F8
[T+3954405172us][CH2-Pc    ] F1
[T+3954433172us][CH2-Pc    ] F9
[T+3954445213us][CH1-Dispenser] F1 F5 F9 38 38 35
[T+3954511196us][CH2-Pc    ] E1
[T+3954519179us][CH1-Dispenser] E1 E9
[T+3954590172us][CH2-Pc    ] F0
[T+3954595172us][CH1-Dispenser] F0 F8
[T+3954668305us][CH1-Dispenser] E0
[T+3954668173us][CH2-Pc    ] E0
[T+3954843306us][CH1-Dispenser] E1
[T+3954843173us][CH2-Pc    ] E1
[T+3955007172us][CH2-Pc    ] F0
[T+3955015172us][CH1-Dispenser] F0 F8
[T+3955085172us][CH2-Pc    ] F1
[T+3955092172us][CH1-Dispenser] F1 F5
[T+3955120172us][CH2-Pc    ] F9
[T+3955138202us][CH1-Dispenser] F9 F8 38 72
[T+3955209172us][CH2-Pc    ] E1
[T+3955215201us][CH1-Dispenser] E1 E9
[T+3955287197us][CH2-Pc    ] F0
[T+3955294172us][CH1-Dispenser] F0 F8
[T+3955377304us][CH1-Dispenser] E0
[T+3955377173us][CH2-Pc    ] E0
[T+3955562306us][CH1-Dispenser] E1
[T+3955562173us][CH2-Pc    ] E1
[T+3955726172us][CH2-Pc    ] F0
[T+3955732202us][CH1-Dispenser] F0 F8
[T+3955820172us][CH2-Pc    ] F1 F9
[T+3955834172us][CH1-Dispenser] F1 F5 F9 38 38 35
[T+3955900172us][CH2-Pc    ] E1
[T+3955905172us][CH1-Dispenser] E1 E9
[T+3955978172us][CH2-Pc    ] F0
[T+3955984211us][CH1-Dispenser] F0 F8
[T+3956056304us][CH1-Dispenser] E0
[T+3956056173us][CH2-Pc    ] E0
[T+3956231309us][CH1-Dispenser] E1
[T+3956231173us][CH2-Pc    ] E1
[T+3956407172us][CH1-Dispenser] F0 E8
[T+3956404172us][CH2-Pc    ] F0
[T+3956472172us][CH2-Pc    ] F1
[T+3956477172us][CH1-Dispenser] F1 F5
[T+3956499172us][CH2-Pc    ] F9
[T+3956510817us][CH1-Dispenser] F9 38 B8 72
[T+3956578172us][CH2-Pc    ] E1
[T+3956584200us][CH1-Dispenser] E1 E9
[T+3956656172us][CH2-Pc    ] F0
[T+3956660172us][CH1-Dispenser] F0 F8
[T+3956734306us][CH1-Dispenser] E0
[T+3956734173us][CH2-Pc    ] E0
[T+3956898304us][CH1-Dispenser] E1
[T+3956898173us][CH2-Pc    ] E1
[T+3957073172us][CH2-Pc    ] F0
[T+3957080803us][CH1-Dispenser] F0 F8
[T+3957154172us][CH2-Pc    ] F1
[T+3957159172us][CH1-Dispenser] F1 F1
[T+3957732172us][CH2-Pc    ] E1
[T+3957739172us][CH1-Dispenser] E1 E9
[T+3957810172us][CH2-Pc    ] F0
[T+3957815172us][CH1-Dispenser] F0 F8
[T+3957888305us][CH1-Dispenser] E0
[T+3957888173us][CH2-Pc    ] E0
[T+3958052307us][CH1-Dispenser] E1
[T+3958052173us][CH2-Pc    ] E1
[T+3958227172us][CH2-Pc    ] F0
[T+3958233201us][CH1-Dispenser] F0 F8
[T+3958306172us][CH2-Pc    ] F1
[T+3958314172us][CH1-Dispenser] F1 F9
[T+3958883172us][CH2-Pc    ] E1
[T+3958889200us][CH1-Dispenser] E1 E9
[T+3958962172us][CH2-Pc    ] F0
[T+3958972259us][CH1-Dispenser] F0 F8
[T+3959040304us][CH1-Dispenser] E0
[T+3959040173us][CH2-Pc    ] E0
[T+3959215308us][CH1-Dispenser] E1
[T+3959215173us][CH2-Pc    ] E1
[T+3959389197us][CH2-Pc    ] F0
[T+3959395200us][CH1-Dispenser] F0 F8
[T+3959473175us][CH1-Dispenser] F1 F9
[T+3959469172us][CH2-Pc    ] F1
[T+3959496172us][CH2-Pc    ] E9
[T+3959567173us][CH1-Dispenser] E9 2F BE 70 38 2D 7C 87 38 70 70 38 29 2F 38 A9 70 28 FF FD
[T+3959568174us][CH2-Pc    ] FD
[T+3959700196us][CH1-Dispenser] AF 70 70 D5 68 F8 35 35 AB 29 A9 39 8F 39 70 83 38 B8 33 F5 D5 79 71 BF 2F E8 BA 27 CF 3C 38 E8 70 78 AD 78 DF 39 76 DB BA 37 0B 68 28 39 8F 39 CF 06 38 78 38 FF
[T+3959766196us][CH2-Pc    ] E1
[T+3959775179us][CH1-Dispenser] E1 E9
[T+3959849172us][CH1-Dispenser] F0 F8
[T+3959845172us][CH2-Pc    ] F0
[T+3959923304us][CH1-Dispenser] E0
[T+3959923173us][CH2-Pc    ] E0
[T+3960100306us][CH1-Dispenser] E1
[T+3960100173us][CH2-Pc    ] E1
[T+3960275172us][CH2-Pc    ] F0
[T+3960282304us][CH1-Dispenser] F0 F8
[T+3960353172us][CH2-Pc    ] F1
[T+3960358172us][CH1-Dispenser] F1 F9
[T+3960381172us][CH2-Pc    ] E9
[T+3960453172us][CH2-Pc    ] FD
[T+3960582172us][CH1-Dispenser] E9 6F 7E 33 38 6D F1 87 78 33 71 38 29 2F 38 A9 70 28 FF FD BF 70 70 D5 68 F8 35 B5 93 69 E9 39 8F 39 70 83 38 B8 33 E9 D5 87 B8 39 ED 72 D7 A9 AA 38 68 33 38 B8 72 74 CF AA F4 87 EF 74 6A 28 39 8F 79 F0 E1 38 FF EC
[T+3960659172us][CH2-Pc    ] E1
[T+3960667179us][CH1-Dispenser] E1 E9
[T+3960737172us][CH2-Pc    ] F0
[T+3960746172us][CH1-Dispenser] F0 F8
[T+3960815304us][CH1-Dispenser] E0
[T+3960815173us][CH2-Pc    ] E0
[T+3960990307us][CH1-Dispenser] E1
[T+3960990173us][CH2-Pc    ] E1
[T+3961165172us][CH2-Pc    ] F0
[T+3961171202us][CH1-Dispenser] F0 F8
[T+3961243197us][CH2-Pc    ] F1
[T+3961249174us][CH1-Dispenser] F1 F9
[T+3961321172us][CH2-Pc    ] E1
[T+3961325172us][CH1-Dispenser] E1 E9
[T+3961399172us][CH2-Pc    ] F0
[T+3961404172us][CH1-Dispenser] F0 F8
[T+3961477309us][CH1-Dispenser] E0
[T+3961477173us][CH2-Pc    ] E0
[T+3961652309us][CH1-Dispenser] E1
[T+3961652173us][CH2-Pc    ] E1
[T+3961827172us][CH2-Pc    ] F0
[T+3961834172us][CH1-Dispenser] F0 F8
[T+3961906197us][CH2-Pc    ] F1
[T+3961913172us][CH1-Dispenser] F1 F9
[T+3961984172us][CH2-Pc    ] E1
[T+3961990200us][CH1-Dispenser] E1 E9
[T+3962063172us][CH2-Pc    ] F0
[T+3962071172us][CH1-Dispenser] F0 E8
[T+3962141304us][CH1-Dispenser] E0
[T+3962141173us][CH2-Pc    ] E0
[T+3962327306us][CH1-Dispenser] E1
[T+3962327173us][CH2-Pc    ] E1
[T+3962491172us][CH2-Pc    ] F0
[T+3962499172us][CH1-Dispenser] F0 F8
[T+3962573172us][CH1-Dispenser] F1 F9
[T+3962570172us][CH2-Pc    ] F1
[T+3962637172us][CH2-Pc    ] E1
[T+3962646172us][CH1-Dispenser] E1 E9
[T+3962716172us][CH2-Pc    ] F0
[T+3962719172us][CH1-Dispenser] F0 F8
[T+3962784304us][CH1-Dispenser] E0
[T+3962784173us][CH2-Pc    ] E0
[T+3962984307us][CH1-Dispenser] E1
[T+3962984173us][CH2-Pc    ] E1
[T+3963169172us][CH2-Pc    ] F0
[T+3963173172us][CH1-Dispenser] F0 F8
[T+3963237172us][CH2-Pc    ] F1
[T+3963243200us][CH1-Dispenser] F1 F9
[T+3963309172us][CH2-Pc    ] E1
[T+3963314172us][CH1-Dispenser] E1 E9
[T+3963387172us][CH2-Pc    ] F0
[T+3963395172us][CH1-Dispenser] F0 F8
[T+3963466304us][CH1-Dispenser] E0
[T+3963466173us][CH2-Pc    ] E0
[T+3963641305us][CH1-Dispenser] E1
[T+3963641173us][CH2-Pc    ] E1
[T+3963827172us][CH2-Pc    ] F0
[T+3963834172us][CH1-Dispenser] F0 F8
[T+3963917172us][CH2-Pc    ] F1
[T+3963922172us][CH1-Dispenser] F1 F9
[T+3963995172us][CH2-Pc    ] E1
[T+3964001200us][CH1-Dispenser] E1 E9
[T+3964073196us][CH2-Pc    ] F0
[T+3964080172us][CH1-Dispenser] F0 F8
[T+3964148304us][CH1-Dispenser] E0
[T+3964148173us][CH2-Pc    ] E0
[T+3964338309us][CH1-Dispenser] E1
[T+3964338174us][CH2-Pc    ] E1
[T+3964513172us][CH2-Pc    ] F0
[T+3964519200us][CH1-Dispenser] F0 F8
[T+3964592172us][CH2-Pc    ] F1
[T+3964598201us][CH1-Dispenser] F1 E9
[T+3964669172us][CH2-Pc    ] E1
[T+3964675201us][CH1-Dispenser] E1 E9
[T+3964748172us][CH2-Pc    ] F0
[T+3964756172us][CH1-Dispenser] F0 F8
[T+3964826304us][CH1-Dispenser] E0
[T+3964826173us][CH2-Pc    ] E0
[T+3964990307us][CH1-Dispenser] E1
[T+3964990173us][CH2-Pc    ] E1
[T+3965165172us][CH2-Pc    ] F0
[T+3965169172us][CH1-Dispenser] F0 F8
[T+3965243172us][CH2-Pc    ] F1
[T+3965251776us][CH1-Dispenser] F1 F9
[T+3965321172us][CH2-Pc    ] E1
[T+3965325172us][CH1-Dispenser] E1 E9
[T+3965388172us][CH2-Pc    ] F0
[T+3965397437us][CH1-Dispenser] F0 F8
[T+3965466308us][CH1-Dispenser] E0
[T+3965466173us][CH2-Pc    ] E0
[T+3965630304us][CH1-Dispenser] E1
[T+3965630173us][CH2-Pc    ] E1
[T+3965805172us][CH2-Pc    ] F0
[T+3965809172us][CH1-Dispenser] F0 F8
[T+3965873172us][CH2-Pc    ] F1
[T+3965879200us][CH1-Dispenser] F1 F9
[T+3965951172us][CH2-Pc    ] E1
[T+3965956172us][CH1-Dispenser] E1 E9
[T+3966029172us][CH2-Pc    ] F0
[T+3966035200us][CH1-Dispenser] F0 F8
[T+3966107304us][CH1-Dispenser] E0
[T+3966107173us][CH2-Pc    ] E0
[T+3966271308us][CH1-Dispenser] E1
[T+3966271174us][CH2-Pc    ] E1
[T+3966444172us][CH2-Pc    ] F0
[T+3966449172us][CH1-Dispenser] F0 F8
[T+3966522172us][CH2-Pc    ] F1
[T+3966528202us][CH1-Dispenser] F1 F9
[T+3966601172us][CH2-Pc    ] E1
[T+3966606172us][CH1-Dispenser] E1 E9
[T+3966679172us][CH2-Pc    ] F0
[T+3966685201us][CH1-Dispenser] F0 F8
[T+3966757305us][CH1-Dispenser] E0
[T+3966757173us][CH2-Pc    ] E0
[T+3966932305us][CH1-Dispenser] E1
[T+3966932173us][CH2-Pc    ] E1
[T+3967107172us][CH2-Pc    ] F0
[T+3967114172us][CH1-Dispenser] F0 F8
[T+3967185172us][CH2-Pc    ] F1
[T+3967189172us][CH1-Dispenser] F1 F9
[T+3967263172us][CH2-Pc    ] E1
[T+3967269200us][CH1-Dispenser] E1 E9
[T+3967341196us][CH2-Pc    ] F0
[T+3967347202us][CH1-Dispenser] F0 F8
[T+3967419305us][CH1-Dispenser] E0
[T+3967419173us][CH2-Pc    ] E0
[T+3967583305us][CH1-Dispenser] E1
[T+3967583173us][CH2-Pc    ] E1
[T+3967758172us][CH2-Pc    ] F0
[T+3967764205us][CH1-Dispenser] F0 F8
[T+3967839172us][CH2-Pc    ] F1
[T+3967843172us][CH1-Dispenser] F1 F9
[T+3967917172us][CH2-Pc    ] E1
[T+3967925179us][CH1-Dispenser] E1 E9
[T+3967996172us][CH2-Pc    ] F0
[T+3968001173us][CH1-Dispenser] F0 F8
[T+3968074304us][CH1-Dispenser] E0
[T+3968074173us][CH2-Pc    ] E0
[T+3968249307us][CH1-Dispenser] E1
[T+3968249173us][CH2-Pc    ] E1
[T+3968413172us][CH2-Pc    ] F0
[T+3968420172us][CH1-Dispenser] F0 F8
[T+3968491172us][CH2-Pc    ] F1
[T+3968499819us][CH1-Dispenser] F1 F9
[T+3968569172us][CH2-Pc    ] E1
[T+3968576787us][CH1-Dispenser] E1 E9
[T+3968647174us][CH2-Pc    ] F0
[T+3968656172us][CH1-Dispenser] F0 F8
[T+3968725307us][CH1-Dispenser] E0
[T+3968725173us][CH2-Pc    ] E0
[T+3968901306us][CH1-Dispenser] E1
[T+3968901173us][CH2-Pc    ] E1
[T+3969079172us][CH2-Pc    ] F0
[T+3969083174us][CH1-Dispenser] F0 F8
[T+3969157172us][CH2-Pc    ] F1
[T+3969164172us][CH1-Dispenser] F1 F9
[T+3969235172us][CH2-Pc    ] E1
[T+3969240173us][CH1-Dispenser] E1 E9
[T+3969313172us][CH2-Pc    ] F0
[T+3969320172us][CH1-Dispenser] F0 E8
[T+3969391304us][CH1-Dispenser] E0
[T+3969391173us][CH2-Pc    ] E0
[T+3969577306us][CH1-Dispenser] E1
[T+3969577173us][CH2-Pc    ] E1
[T+3969741172us][CH2-Pc    ] F0
[T+3969750179us][CH1-Dispenser] F0 F8
[T+3969819172us][CH2-Pc    ] F1
[T+3969824172us][CH1-Dispenser] F1 F9
[T+3969897172us][CH2-Pc    ] E1
[T+3969905172us][CH1-Dispenser] E1 E9
[T+3969975172us][CH2-Pc    ] F0
[T+3969981202us][CH1-Dispenser] F0 F8
[T+3970053304us][CH1-Dispenser] E0
[T+3970053173us][CH2-Pc    ] E0
[T+3970228307us][CH1-Dispenser] E1
[T+3970228173us][CH2-Pc    ] E1
[T+3970396196us][CH2-Pc    ] F0
[T+3970404172us][CH1-Dispenser] F0 F8
[T+3970474172us][CH2-Pc    ] F1
[T+3970479172us][CH1-Dispenser] F1 F9
[T+3970552172us][CH2-Pc    ] E1
[T+3970561179us][CH1-Dispenser] E1 E9
[T+3970630172us][CH2-Pc    ] F0
[T+3970637813us][CH1-Dispenser] F0 F8
[T+3970709304us][CH1-Dispenser] E0
[T+3970709173us][CH2-Pc    ] E0
[T+3970883305us][CH1-Dispenser] E1
[T+3970883173us][CH2-Pc    ] E1
[T+3971058172us][CH2-Pc    ] F0
[T+3971063173us][CH1-Dispenser] F0 F8
[T+3971136172us][CH2-Pc    ] F1
[T+3971144172us][CH1-Dispenser] F1 F9
[T+3971214172us][CH2-Pc    ] E1
[T+3971221259us][CH1-Dispenser] E1 E9
[T+3971292172us][CH2-Pc    ] F0
[T+3971300179us][CH1-Dispenser] F0 F8
[T+3971371307us][CH1-Dispenser] E0
[T+3971371174us][CH2-Pc    ] E0
[T+3971545306us][CH1-Dispenser] E1
[T+3971545173us][CH2-Pc    ] E1
[T+3971709172us][CH2-Pc    ] F0
[T+3971714172us][CH1-Dispenser] F0 F8
[T+3971788172us][CH2-Pc    ] F1
[T+3971795172us][CH1-Dispenser] F1 F9
[T+3971866172us][CH2-Pc    ] E1
[T+3971871172us][CH1-Dispenser] E1 E9
[T+3971944172us][CH2-Pc    ] F0
[T+3971950200us][CH1-Dispenser] F0 F8
[T+3972022309us][CH1-Dispenser] E0
[T+3972022173us][CH2-Pc    ] E0
[T+3972197304us][CH1-Dispenser] E1
[T+3972197173us][CH2-Pc    ] E1
[T+3972373172us][CH2-Pc    ] F0
[T+3972380172us][CH1-Dispenser] F0 F8
[T+3972452173us][CH2-Pc    ] F1
[T+3972462179us][CH1-Dispenser] F1 E9
[T+3972530172us][CH2-Pc    ] E1
[T+3972536201us][CH1-Dispenser] E1 E9
[T+3972608198us][CH2-Pc    ] F0
[T+3972617172us][CH1-Dispenser] F0 F8
[T+3972686304us][CH1-Dispenser] E0
[T+3972686173us][CH2-Pc    ] E0
[T+3972850308us][CH1-Dispenser] E1
[T+3972850174us][CH2-Pc    ] E1
[T+3973025172us][CH2-Pc    ] F0
[T+3973029174us][CH1-Dispenser] F0 F8
[T+3973103172us][CH2-Pc    ] F1
[T+3973110172us][CH1-Dispenser] F1 F9
[T+3973181172us][CH2-Pc    ] E1
[T+3973185172us][CH1-Dispenser] E1 E9
[T+3973248172us][CH2-Pc    ] F0
[T+3973257779us][CH1-Dispenser] F0 E8
[T+3973327305us][CH1-Dispenser] E0
[T+3973327173us][CH2-Pc    ] E0
[T+3973491307us][CH1-Dispenser] E1
[T+3973491174us][CH2-Pc    ] E1
[T+3973666172us][CH2-Pc    ] F0
[T+3973676179us][CH1-Dispenser] F0 F8
[T+3973744172us][CH2-Pc    ] F1
[T+3973750202us][CH1-Dispenser] F1 F9
[T+3973823172us][CH2-Pc    ] E1
[T+3973830172us][CH1-Dispenser] E1 E9
[T+3973901172us][CH2-Pc    ] F0
[T+3973905178us][CH1-Dispenser] F0 F8
[T+3973979305us][CH1-Dispenser] E0
[T+3973979173us][CH2-Pc    ] E0
[T+3974146304us][CH1-Dispenser] E1
[T+3974146173us][CH2-Pc    ] E1
[T+3974321172us][CH2-Pc    ] F0
[T+3974328802us][CH1-Dispenser] F0 F8
[T+3974405172us][CH2-Pc    ] F1
[T+3974409172us][CH1-Dispenser] F1 F9
[T+3974483172us][CH2-Pc    ] E1
[T+3974491172us][CH1-Dispenser] E1 E9
[T+3974561172us][CH2-Pc    ] F0
[T+3974565172us][CH1-Dispenser] F0 F8
[T+3974639305us][CH1-Dispenser] E0
[T+3974639173us][CH2-Pc    ] E0
[T+3974803308us][CH1-Dispenser] E1
[T+3974803174us][CH2-Pc    ] E1
[T+3974978172us][CH2-Pc    ] F0
[T+3974984200us][CH1-Dispenser] F0 F8
[T+3975056192us][CH2-Pc    ] F1
[T+3975062173us][CH1-Dispenser] F1 F9
[T+3975134200us][CH2-Pc    ] E1
[T+3975142179us][CH1-Dispenser] E1 E9
[T+3975212172us][CH2-Pc    ] F0
[T+3975222172us][CH1-Dispenser] F0 F8
[T+3975290305us][CH1-Dispenser] E0
[T+3975290173us][CH2-Pc    ] E0
[T+3975465308us][CH1-Dispenser] E1
[T+3975465173us][CH2-Pc    ] E1
[T+3975640173us][CH2-Pc    ] F0
[T+3975644176us][CH1-Dispenser] F0 F8
[T+3975718172us][CH2-Pc    ] F1
[T+3975725172us][CH1-Dispenser] F1 F9
[T+3975796172us][CH2-Pc    ] E1
[T+3975803172us][CH1-Dispenser] E1 E9
[T+3975874172us][CH2-Pc    ] F0
[T+3975882179us][CH1-Dispenser] F0 F8
[T+3975952312us][CH1-Dispenser] E0
[T+3975952175us][CH2-Pc    ] E0
[T+3976117306us][CH1-Dispenser] E1
[T+3976117173us][CH2-Pc    ] E1
[T+3976296172us][CH2-Pc    ] F0
[T+3976305179us][CH1-Dispenser] F0 F8
[T+3976373172us][CH2-Pc    ] F1
[T+3976379201us][CH1-Dispenser] F1 F9
[T+3976451197us][CH2-Pc    ] E1
[T+3976457200us][CH1-Dispenser] E1 E9
[T+3976530172us][CH2-Pc    ] F0
[T+3976536202us][CH1-Dispenser] F0 F8
[T+3976608306us][CH1-Dispenser] E0
[T+3976608173us][CH2-Pc    ] E0
[T+3976772314us][CH1-Dispenser] E1
[T+3976772174us][CH2-Pc    ] E1
[T+3976947172us][CH2-Pc    ] F0
[T+3976954172us][CH1-Dispenser] F0 E8
[T+3977025172us][CH2-Pc    ] F1
[T+3977031200us][CH1-Dispenser] F1 F9
[T+3977103197us][CH2-Pc    ] E1
[T+3977111179us][CH1-Dispenser] E1 E9
[T+3977181174us][CH2-Pc    ] F0
[T+3977186179us][CH1-Dispenser] F0 F8
[T+3977259305us][CH1-Dispenser] E0
[T+3977259173us][CH2-Pc    ] E0
[T+3977434306us][CH1-Dispenser] E1
[T+3977434173us][CH2-Pc    ] E1
[T+3977609172us][CH2-Pc    ] F0
[T+3977615200us][CH1-Dispenser] F0 F8
[T+3977687196us][CH2-Pc    ] F1
[T+3977694172us][CH1-Dispenser] F1 F9
[T+3977765172us][CH2-Pc    ] E1
[T+3977772172us][CH1-Dispenser] E1 E9
[T+3977843172us][CH2-Pc    ] F0
[T+3977851179us][CH1-Dispenser] F0 F8
[T+3977921307us][CH1-Dispenser] E0
[T+3977921174us][CH2-Pc    ] E0
[T+3978085305us][CH1-Dispenser] E1
[T+3978085173us][CH2-Pc    ] E1
[T+3978263173us][CH1-Dispenser] F0 F8
[T+3978260172us][CH2-Pc    ] F0
[T+3978327172us][CH2-Pc    ] F1
[T+3978334172us][CH1-Dispenser] F1 F9
[T+3978405172us][CH2-Pc    ] E1
[T+3978412172us][CH1-Dispenser] E1 E9
[T+3978484196us][CH2-Pc    ] F0
[T+3978493179us][CH1-Dispenser] F0 F8
[T+3978562305us][CH1-Dispenser] E0
[T+3978562173us][CH2-Pc    ] E0
[T+3978726307us][CH1-Dispenser] E1
[T+3978726173us][CH2-Pc    ] E1
[T+3978901172us][CH2-Pc    ] F0
[T+3978905172us][CH1-Dispenser] F0 F8
[T+3978979172us][CH2-Pc    ] F1
[T+3978984174us][CH1-Dispenser] F1 F9
[T+3979057172us][CH2-Pc    ] E1
[T+3979061172us][CH1-Dispenser] E1 E9
[T+3979135172us][CH2-Pc    ] F0
[T+3979143172us][CH1-Dispenser] F0 F8
[T+3979213307us][CH1-Dispenser] E0
[T+3979213173us][CH2-Pc    ] E0
[T+3979388305us][CH1-Dispenser] E1
[T+3979388173us][CH2-Pc    ] E1
[T+3979552172us][CH2-Pc    ] F0
[T+3979559172us][CH1-Dispenser] F0 F8
[T+3979631172us][CH2-Pc    ] F1
[T+3979635172us][CH1-Dispenser] F1 F9
[T+3979699172us][CH2-Pc    ] E1
[T+3979706172us][CH1-Dispenser] E1 E9
[T+3979777172us][CH2-Pc    ] F0
[T+3979781172us][CH1-Dispenser] F0 F8
[T+3979855307us][CH1-Dispenser] E0
[T+3979855173us][CH2-Pc    ] E0
[T+3980030305us][CH1-Dispenser] E1
[T+3980030173us][CH2-Pc    ] E1
[T+3980194172us][CH2-Pc    ] F0
[T+3980202172us][CH1-Dispenser] F0 F8
[T+3980272172us][CH2-Pc    ] F1
[T+3980280172us][CH1-Dispenser] F1 F9
[T+3980356173us][CH1-Dispenser] E1 E9
[T+3980352172us][CH2-Pc    ] E1
[T+3980430172us][CH2-Pc    ] F0
[T+3980437172us][CH1-Dispenser] F0 F8
[T+3980508306us][CH1-Dispenser] E0
[T+3980508173us][CH2-Pc    ] E0
[T+3980685308us][CH1-Dispenser] E1
[T+3980685173us][CH2-Pc    ] E1
[T+3980850172us][CH2-Pc    ] F0
[T+3980855172us][CH1-Dispenser] F0 F8
[T+3980928172us][CH2-Pc    ] F1
[T+3980934200us][CH1-Dispenser] F1 F9
[T+3981006172us][CH2-Pc    ] E1
[T+3981010173us][CH1-Dispenser] E1 E9
[T+3981084172us][CH2-Pc    ] F0
[T+3981091172us][CH1-Dispenser] F0 F8
[T+3981162307us][CH1-Dispenser] E0
[T+3981162173us][CH2-Pc    ] E0
[T+3981337306us][CH1-Dispenser] E1
[T+3981337173us][CH2-Pc    ] E1
[T+3981512172us][CH2-Pc    ] F0
[T+3981521172us][CH1-Dispenser] F0 F8
[T+3981590172us][CH2-Pc    ] F1
[T+3981595172us][CH1-Dispenser] F1 F9
[T+3981668172us][CH2-Pc    ] E1
[T+3981675172us][CH1-Dispenser] E1 E9
[T+3981746172us][CH2-Pc    ] F0
[T+3981751172us][CH1-Dispenser] F0 F8
[T+3981824305us][CH1-Dispenser] E0
[T+3981824173us][CH2-Pc    ] E0
[T+3981999307us][CH1-Dispenser] E1
[T+3981999174us][CH2-Pc    ] E1
[T+3982163172us][CH2-Pc    ] F0
[T+3982170815us][CH1-Dispenser] F0 F8
[T+3982241172us][CH2-Pc    ] F1
[T+3982249172us][CH1-Dispenser] F1 F9
[T+3982319172us][CH2-Pc    ] E1
[T+3982326172us][CH1-Dispenser] E1 E9
[T+3982398172us][CH2-Pc    ] F0
[T+3982401386us][CH1-Dispenser] F0 F8
[T+3982465305us][CH1-Dispenser] E0
[T+3982465173us][CH2-Pc    ] E0
[T+3982640305us][CH1-Dispenser] E1
[T+3982640173us][CH2-Pc    ] E1
[T+3982804172us][CH2-Pc    ] F0
[T+3982811172us][CH1-Dispenser] F0 F8
[T+3982882172us][CH2-Pc    ] F1
[T+3982891179us][CH1-Dispenser] F1 F9
[T+3982960172us][CH2-Pc    ] E1
[T+3982969172us][CH1-Dispenser] E1 E9
[T+3983038172us][CH2-Pc    ] F0
[T+3983046172us][CH1-Dispenser] F0 F8
[T+3983116305us][CH1-Dispenser] E0
[T+3983116173us][CH2-Pc    ] E0
[T+3983291307us][CH1-Dispenser] E1
[T+3983291173us][CH2-Pc    ] E1
[T+3983466172us][CH2-Pc    ] F0
[T+3983471172us][CH1-Dispenser] F0 F8
[T+3983544172us][CH2-Pc    ] F1
[T+3983550201us][CH1-Dispenser] F1 F9
[T+3983626172us][CH1-Dispenser] E1 E9
[T+3983622172us][CH2-Pc    ] E1
[T+3983700172us][CH2-Pc    ] F0
[T+3983707172us][CH1-Dispenser] F0 F8
[T+3983778304us][CH1-Dispenser] E0
[T+3983778173us][CH2-Pc    ] E0
[T+3983943172us][CH1-Dispenser] E1
[T+3983942173us][CH2-Pc    ] E1
[T+3984117198us][CH2-Pc    ] F0
[T+3984125172us][CH1-Dispenser] F0 F8
[T+3984199172us][CH2-Pc    ] F1
[T+3984204172us][CH1-Dispenser] F1 F9
[T+3984277172us][CH2-Pc    ] E1
[T+3984282172us][CH1-Dispenser] E1 E9
[T+3984356172us][CH2-Pc    ] F0
[T+3984361172us][CH1-Dispenser] F0 F8
[T+3984434304us][CH1-Dispenser] E0
[T+3984434173us][CH2-Pc    ] E0
[T+3984609308us][CH1-Dispenser] E1
[T+3984609173us][CH2-Pc    ] E1
[T+3984773172us][CH2-Pc    ] F0
[T+3984779201us][CH1-Dispenser] F0 F8
[T+3984855172us][CH1-Dispenser] F1 F9
[T+3984851172us][CH2-Pc    ] F1
[T+3984929172us][CH2-Pc    ] E1
[T+3984936172us][CH1-Dispenser] E1 E9
[T+3985007172us][CH2-Pc    ] F0
[T+3985010174us][CH1-Dispenser] F0 E8
[T+3985074308us][CH1-Dispenser] E0
[T+3985074173us][CH2-Pc    ] E0
[T+3985249308us][CH1-Dispenser] E1
[T+3985249173us][CH2-Pc    ] E1
[T+3985416172us][CH2-Pc    ] F0
[T+3985420172us][CH1-Dispenser] F0 F8
[T+3985494172us][CH2-Pc    ] F1
[T+3985500200us][CH1-Dispenser] F1 F9
[T+3985572172us][CH2-Pc    ] E1
[T+3985576172us][CH1-Dispenser] E1 E9
[T+3985641172us][CH2-Pc    ] F0
[T+3985648172us][CH1-Dispenser] F0 F8
[T+3985719304us][CH1-Dispenser] E0
[T+3985719173us][CH2-Pc    ] E0
[T+3985905172us][CH1-Dispenser] E1
[T+3985904173us][CH2-Pc    ] E1
[T+3986068172us][CH2-Pc    ] F0
[T+3986074202us][CH1-Dispenser] F0 F8
[T+3986147172us][CH2-Pc    ] F1
[T+3986156179us][CH1-Dispenser] F1 F9
[T+3986225172us][CH2-Pc    ] E1
[T+3986234664us][CH1-Dispenser] E1 E9
[T+3986306172us][CH1-Dispenser] F0 F8
[T+3986303172us][CH2-Pc    ] F0
[T+3986370303us][CH1-Dispenser] E0
[T+3986370173us][CH2-Pc    ] E0
[T+3986545306us][CH1-Dispenser] E1
[T+3986545173us][CH2-Pc    ] E1
[T+3986715172us][CH2-Pc    ] F0
[T+3986719172us][CH1-Dispenser] F0 F8
[T+3986793172us][CH2-Pc    ] F1
[T+3986801172us][CH1-Dispenser] F1 F9
[T+3986871172us][CH2-Pc    ] E1
[T+3986877200us][CH1-Dispenser] E1 E9
[T+3986949197us][CH2-Pc    ] F0
[T+3986956817us][CH1-Dispenser] F0 F8
[T+3987027307us][CH1-Dispenser] E0
[T+3987027174us][CH2-Pc    ] E0
[T+3987202305us][CH1-Dispenser] E1
[T+3987202173us][CH2-Pc    ] E1
[T+3987370172us][CH1-Dispenser] F0 F8
[T+3987366172us][CH2-Pc    ] F0
[T+3987444172us][CH2-Pc    ] F1
[T+3987449172us][CH1-Dispenser] F1 F9
[T+3987522174us][CH2-Pc    ] E1
[T+3987526174us][CH1-Dispenser] E1 E9
[T+3987590172us][CH2-Pc    ] F0
[T+3987596202us][CH1-Dispenser] F0 F8
[T+3987668308us][CH1-Dispenser] E0
[T+3987668173us][CH2-Pc    ] E0
[T+3987843305us][CH1-Dispenser] E1
[T+3987843173us][CH2-Pc    ] E1
[T+3988029197us][CH2-Pc    ] F0
[T+3988035208us][CH1-Dispenser] F0 F8
[T+3988107197us][CH2-Pc    ] F1
[T+3988114172us][CH1-Dispenser] F1 F9
[T+3988186196us][CH2-Pc    ] E1
[T+3988192200us][CH1-Dispenser] E1 E9
[T+3988264197us][CH2-Pc    ] F0
[T+3988273434us][CH1-Dispenser] F0 E8
[T+3988342311us][CH1-Dispenser] E0
[T+3988342174us][CH2-Pc    ] E0
[T+3988506307us][CH1-Dispenser] E1
[T+3988506173us][CH2-Pc    ] E1
[T+3988686095us][CH1-Dispenser] F0 F8
[T+3988682150us][CH2-Pc    ] F0
[T+3988759172us][CH2-Pc    ] F1
[T+3988765202us][CH1-Dispenser] F1 F9
[T+3988841172us][CH1-Dispenser] E1 E9
[T+3988837172us][CH2-Pc    ] E1
[T+3988915172us][CH2-Pc    ] F0
[T+3988924172us][CH1-Dispenser] F0 F8
[T+3988993307us][CH1-Dispenser] E0
[T+3988993173us][CH2-Pc    ] E0
[T+3989168306us][CH1-Dispenser] E1
[T+3989168173us][CH2-Pc    ] E1
[T+3989343172us][CH2-Pc    ] F0
[T+3989350172us][CH1-Dispenser] F0 F8
[T+3989421172us][CH2-Pc    ] F1
[T+3989426172us][CH1-Dispenser] F1 F9
[T+3989499172us][CH2-Pc    ] E1
[T+3989508179us][CH1-Dispenser] E1 E9
[T+3989577172us][CH2-Pc    ] F0
[T+3989581172us][CH1-Dispenser] F0 F8
[T+3989655305us][CH1-Dispenser] E0
[T+3989655173us][CH2-Pc    ] E0
[T+3989819305us][CH1-Dispenser] E1
[T+3989819173us][CH2-Pc    ] E1
[T+3989994172us][CH2-Pc    ] F0
[T+3990001172us][CH1-Dispenser] F0 F8
[T+3990072172us][CH2-Pc    ] F1
[T+3990080172us][CH1-Dispenser] F1 F9
[T+3990154172us][CH2-Pc    ] E1
[T+3990162172us][CH1-Dispenser] E1 E9
[T+3990232172us][CH2-Pc    ] F0
[T+3990237173us][CH1-Dispenser] F0 F8
[T+3990311306us][CH1-Dispenser] E0
[T+3990311174us][CH2-Pc    ] E0
[T+3990475312us][CH1-Dispenser] E1
[T+3990475173us][CH2-Pc    ] E1
[T+3990649196us][CH2-Pc    ] F0
[T+3990655202us][CH1-Dispenser] F0 F8
[T+3990729173us][CH2-Pc    ] F1
[T+3990736172us][CH1-Dispenser] F1 F9
[T+3990806172us][CH2-Pc    ] E1
[T+3990812200us][CH1-Dispenser] E1 E9
[T+3990884196us][CH2-Pc    ] F0
[T+3990893172us][CH1-Dispenser] F0 F8
[T+3990962305us][CH1-Dispenser] E0
[T+3990962173us][CH2-Pc    ] E0
[T+3991137306us][CH1-Dispenser] E1
[T+3991137173us][CH2-Pc    ] E1
[T+3991312175us][CH2-Pc    ] F0
[T+3991316173us][CH1-Dispenser] F0 F8
[T+3991390172us][CH2-Pc    ] F1
[T+3991395172us][CH1-Dispenser] F1 F9
[T+3991469172us][CH2-Pc    ] E1
[T+3991477172us][CH1-Dispenser] E1 E9
[T+3991547172us][CH2-Pc    ] F0
[T+3991551172us][CH1-Dispenser] F0 F8
[T+3991625306us][CH1-Dispenser] E0
[T+3991625173us][CH2-Pc    ] E0
[T+3991811308us][CH1-Dispenser] E1
[T+3991811173us][CH2-Pc    ] E1
[T+3991975172us][CH2-Pc    ] F0
[T+3991981200us][CH1-Dispenser] F0 F8
[T+3992053196us][CH2-Pc    ] F1
[T+3992060172us][CH1-Dispenser] F1 F9
[T+3992131219us][CH2-Pc    ] E1
[T+3992138172us][CH1-Dispenser] E1 E9
[T+3992209172us][CH2-Pc    ] F0
[T+3992218397us][CH1-Dispenser] F0 F8
[T+3992287305us][CH1-Dispenser] E0
[T+3992287173us][CH2-Pc    ] E0
[T+3992462304us][CH1-Dispenser] E1
[T+3992462173us][CH2-Pc    ] E1
[T+3992640172us][CH1-Dispenser] F0 F8
[T+3992637172us][CH2-Pc    ] F0
[T+3992715172us][CH2-Pc    ] F1
[T+3992720172us][CH1-Dispenser] F1 F9
[T+3992793172us][CH2-Pc    ] E1
[T+3992796172us][CH1-Dispenser] E1 E9
[T+3992860172us][CH2-Pc    ] F0
[T+3992868172us][CH1-Dispenser] F0 F8
[T+3992939305us][CH1-Dispenser] E0
[T+3992939173us][CH2-Pc    ] E0
[T+3993124305us][CH1-Dispenser] E1
[T+3993124173us][CH2-Pc    ] E1
[T+3993288172us][CH2-Pc    ] F0
[T+3993296172us][CH1-Dispenser] F0 E8
[T+3993366172us][CH2-Pc    ] F1
[T+3993370172us][CH1-Dispenser] F1 F9
[T+3993444172us][CH2-Pc    ] E1
[T+3993452179us][CH1-Dispenser] E1 E9
[T+3993522172us][CH2-Pc    ] F0
[T+3993527172us][CH1-Dispenser] F0 F8
[T+3993601307us][CH1-Dispenser] E0
[T+3993601173us][CH2-Pc    ] E0
[T+3993775306us][CH1-Dispenser] E1
[T+3993775174us][CH2-Pc    ] E1
[T+3993950172us][CH2-Pc    ] F0
[T+3993956200us][CH1-Dispenser] F0 F8
[T+3994029172us][CH2-Pc    ] F1
[T+3994035201us][CH1-Dispenser] F1 F9
[T+3994111172us][CH1-Dispenser] E1 E9
[T+3994107172us][CH2-Pc    ] E1
[T+3994185172us][CH2-Pc    ] F0
[T+3994192172us][CH1-Dispenser] F0 F8
[T+3994263304us][CH1-Dispenser] E0
[T+3994263173us][CH2-Pc    ] E0
[T+3994429305us][CH1-Dispenser] E1
[T+3994429173us][CH2-Pc    ] E1
[T+3994603197us][CH2-Pc    ] F0
[T+3994610172us][CH1-Dispenser] F0 F8
[T+3994682175us][CH2-Pc    ] F1
[T+3994687172us][CH1-Dispenser] F1 F9
[T+3994760172us][CH2-Pc    ] E1
[T+3994767172us][CH1-Dispenser] E1 E9
[T+3994838172us][CH2-Pc    ] F0
[T+3994841172us][CH1-Dispenser] F0 F8
[T+3994905308us][CH1-Dispenser] E0
[T+3994905173us][CH2-Pc    ] E0
[T+3995069308us][CH1-Dispenser] E1
[T+3995069173us][CH2-Pc    ] E1
[T+3995244172us][CH2-Pc    ] F0
[T+3995251172us][CH1-Dispenser] F0 F8
[T+3995322172us][CH2-Pc    ] F1
[T+3995327172us][CH1-Dispenser] F1 F9
[T+3995400172us][CH2-Pc    ] E1
[T+3995407270us][CH1-Dispenser] E1 E9
[T+3995479196us][CH2-Pc    ] F0
[T+3995486784us][CH1-Dispenser] F0 F8
[T+3995556172us][CH2-Pc    ] E0
[T+3995557172us][CH1-Dispenser] E0
[T+3995731308us][CH1-Dispenser] E1
[T+3995731174us][CH2-Pc    ] E1
[T+3995895172us][CH2-Pc    ] F0
[T+3995902812us][CH1-Dispenser] F0 F8
[T+3995973172us][CH2-Pc    ] F1
[T+3995981172us][CH1-Dispenser] F1 F9
[T+3996052172us][CH2-Pc    ] E1
[T+3996057172us][CH1-Dispenser] E1 E9
[T+3996130172us][CH2-Pc    ] F0
[T+3996137172us][CH1-Dispenser] F0 F8
[T+3996208304us][CH1-Dispenser] E0
[T+3996208173us][CH2-Pc    ] E0
[T+3996383307us][CH1-Dispenser] E1
[T+3996383173us][CH2-Pc    ] E1
[T+3996558172us][CH2-Pc    ] F0
[T+3996569813us][CH1-Dispenser] F0 E8
[T+3996636172us][CH2-Pc    ] F1
[T+3996641172us][CH1-Dispenser] F1 F9
[T+3996714172us][CH2-Pc    ] E1
[T+3996722256us][CH1-Dispenser] E1 E9
[T+3996792172us][CH2-Pc    ] F0
[T+3996796172us][CH1-Dispenser] F0 F8
[T+3996870304us][CH1-Dispenser] E0
[T+3996870173us][CH2-Pc    ] E0
[T+3997045310us][CH1-Dispenser] E1
[T+3997045175us][CH2-Pc    ] E1
[T+3997209172us][CH2-Pc    ] F0
[T+3997217179us][CH1-Dispenser] F0 F8
[T+3997291172us][CH1-Dispenser] F1 F9
[T+3997287172us][CH2-Pc    ] F1
[T+3997365172us][CH2-Pc    ] E1
[T+3997371200us][CH1-Dispenser] E1 E9
[T+3997443172us][CH2-Pc    ] F0
[T+3997447172us][CH1-Dispenser] F0 F8
[T+3997511309us][CH1-Dispenser] E0
[T+3997511173us][CH2-Pc    ] E0
[T+3997685307us][CH1-Dispenser] E1
[T+3997685173us][CH2-Pc    ] E1
[T+3997850172us][CH2-Pc    ] F0
[T+3997855172us][CH1-Dispenser] F0 F8
[T+3997928172us][CH2-Pc    ] F1
[T+3997938179us][CH1-Dispenser] F1 F9
[T+3998006172us][CH2-Pc    ] E1
[T+3998012200us][CH1-Dispenser] E1 E9
[T+3998084196us][CH2-Pc    ] F0
[T+3998092172us][CH1-Dispenser] F0 E8
[T+3998162304us][CH1-Dispenser] E0
[T+3998162173us][CH2-Pc    ] E0
[T+3998337307us][CH1-Dispenser] E1
[T+3998337174us][CH2-Pc    ] E1
[T+3998512172us][CH2-Pc    ] F0
[T+3998516173us][CH1-Dispenser] F0 F8
[T+3998590172us][CH2-Pc    ] F1
[T+3998596200us][CH1-Dispenser] F1 F9
[T+3998668172us][CH2-Pc    ] E1
[T+3998672172us][CH1-Dispenser] E1 E9
[T+3998746172us][CH2-Pc    ] F0
[T+3998751172us][CH1-Dispenser] F0 F8
[T+3998822306us][CH1-Dispenser] E0
[T+3998822173us][CH2-Pc    ] E0
[T+3998998306us][CH1-Dispenser] E1
[T+3998998173us][CH2-Pc    ] E1
[T+3999162172us][CH2-Pc    ] F0
[T+3999167172us][CH1-Dispenser] F0 F8
[T+3999240172us][CH2-Pc    ] F1
[T+3999248172us][CH1-Dispenser] F1 F9
[T+3999318172us][CH2-Pc    ] E1
[T+3999322172us][CH1-Dispenser] E1 E9
[T+3999396172us][CH2-Pc    ] F0
[T+3999402207us][CH1-Dispenser] F0 E8
[T+3999474303us][CH1-Dispenser] E0
[T+3999474173us][CH2-Pc    ] E0
[T+3999649309us][CH1-Dispenser] E1
[T+3999649173us][CH2-Pc    ] E1
[T+3999824172us][CH2-Pc    ] F0
[T+3999832809us][CH1-Dispenser] F0 F8
[T+3999902172us][CH2-Pc    ] F1
[T+3999907172us][CH1-Dispenser] F1 F9
[T+3999980172us][CH2-Pc    ] E1
[T+3999987172us][CH1-Dispenser] E1 E9
[T+4000061172us][CH1-Dispenser] F0 F8
[T+4000058172us][CH2-Pc    ] F0
[T+4000126307us][CH1-Dispenser] E0
[T+4000126173us][CH2-Pc    ] E0
[T+4000312309us][CH1-Dispenser] E1
[T+4000312174us][CH2-Pc    ] E1
[T+4000498197us][CH2-Pc    ] F0
[T+4000505172us][CH1-Dispenser] F0 F8
[T+4000576172us][CH2-Pc    ] F1
[T+4000581172us][CH1-Dispenser] F1 F9
[T+4000655172us][CH2-Pc    ] E1
[T+4000663172us][CH1-Dispenser] E1 E9
[T+4000733173us][CH2-Pc    ] F0
[T+4000737172us][CH1-Dispenser] F0 F8
[T+4000801305us][CH1-Dispenser] E0
[T+4000801173us][CH2-Pc    ] E0
[T+4000975309us][CH1-Dispenser] E1
[T+4000975175us][CH2-Pc    ] E1
[T+4001150172us][CH2-Pc    ] F0
[T+4001156200us][CH1-Dispenser] F0 F8
[T+4001228197us][CH2-Pc    ] F1
[T+4001235172us][CH1-Dispenser] F1 F9
[T+4001306179us][CH2-Pc    ] E1
[T+4001312200us][CH1-Dispenser] E1 E9
[T+4001385172us][CH2-Pc    ] F0
[T+4001393172us][CH1-Dispenser] F0 F8
[T+4001463305us][CH1-Dispenser] E0
[T+4001463173us][CH2-Pc    ] E0
[T+4001637305us][CH1-Dispenser] E1
[T+4001637174us][CH2-Pc    ] E1
[T+4001801172us][CH2-Pc    ] F0
[T+4001806172us][CH1-Dispenser] F0 F8
[T+4001880172us][CH2-Pc    ] F1
[T+4001886200us][CH1-Dispenser] F1 F9
[T+4001958172us][CH2-Pc    ] E1
[T+4001962174us][CH1-Dispenser] E1 E9
[T+4002036172us][CH2-Pc    ] F0
[T+4002043172us][CH1-Dispenser] F0 F8
[T+4002114306us][CH1-Dispenser] E0
[T+4002114174us][CH2-Pc    ] E0
[T+4002289308us][CH1-Dispenser] E1
[T+4002289174us][CH2-Pc    ] E1
[T+4002465172us][CH2-Pc    ] F0
[T+4002471202us][CH1-Dispenser] F0 F8
[T+4002543196us][CH2-Pc    ] F1
[T+4002552172us][CH1-Dispenser] F1 F9
[T+4002621172us][CH2-Pc    ] E1
[T+4002627201us][CH1-Dispenser] E1 E9
[T+4002699197us][CH2-Pc    ] F0
[T+4002712173us][CH1-Dispenser] F0 F8
[T+4002777309us][CH1-Dispenser] E0
[T+4002777173us][CH2-Pc    ] E0
[T+4002952306us][CH1-Dispenser] E1
[T+4002952173us][CH2-Pc    ] E1
[T+4003116172us][CH2-Pc    ] F0
[T+4003122202us][CH1-Dispenser] F0 F8
[T+4003194200us][CH2-Pc    ] F1
[T+4003201172us][CH1-Dispenser] F1 F9
[T+4003272172us][CH2-Pc    ] E1
[T+4003277172us][CH1-Dispenser] E1 E9
[T+4003350172us][CH2-Pc    ] F0
[T+4003358172us][CH1-Dispenser] F0 F8
[T+4003428305us][CH1-Dispenser] E0
[T+4003428173us][CH2-Pc    ] E0
[T+4003608308us][CH1-Dispenser] E1
[T+4003608174us][CH2-Pc    ] E1
[T+4003776172us][CH1-Dispenser] F0 F8
[T+4003772172us][CH2-Pc    ] F0
[T+4003850172us][CH2-Pc    ] F1
[T+4003855172us][CH1-Dispenser] F1 F9
[T+4003928172us][CH2-Pc    ] E1
[T+4003932172us][CH1-Dispenser] E1 E9
[T+4003996172us][CH2-Pc    ] F0
[T+4004002200us][CH1-Dispenser] F0 F8
[T+4004074304us][CH1-Dispenser] E0
[T+4004074173us][CH2-Pc    ] E0
[T+4004249306us][CH1-Dispenser] E1
[T+4004249173us][CH2-Pc    ] E1
[T+4004414172us][CH2-Pc    ] F0
[T+4004423179us][CH1-Dispenser] F0 F8
[T+4004492172us][CH2-Pc    ] F1
[T+4004497172us][CH1-Dispenser] F1 F9
[T+4004570172us][CH2-Pc    ] E1
[T+4004577172us][CH1-Dispenser] E1 E9
[T+4004648172us][CH2-Pc    ] F0
[T+4004652173us][CH1-Dispenser] F0 F8
[T+4004726310us][CH1-Dispenser] E0
[T+4004726176us][CH2-Pc    ] E0
[T+4004901305us][CH1-Dispenser] E1
[T+4004901173us][CH2-Pc    ] E1
[T+4005076172us][CH2-Pc    ] F0
[T+4005082201us][CH1-Dispenser] F0 F8
[T+4005154197us][CH2-Pc    ] F1
[T+4005161172us][CH1-Dispenser] F1 F9
[T+4005232172us][CH2-Pc    ] E1
[T+4005238207us][CH1-Dispenser] E1 E9
[T+4005310196us][CH2-Pc    ] F0
[T+4005317172us][CH1-Dispenser] F0 F8