[T+1939808172us][CH2-Pc    ] F0
[T+1939813172us][CH1-Dispenser] F0 F8
[T+1939886172us][CH2-Pc    ] F1
[T+1939893786us][CH1-Dispenser] F1 F9
[T+1939968172us][CH1-Dispenser] E1 E9
[T+1939965172us][CH2-Pc    ] E1
[T+1940032172us][CH2-Pc    ] F0
[T+1940038205us][CH1-Dispenser] F0 F8
[T+1940118305us][CH1-Dispenser] E0
[T+1940118173us][CH2-Pc    ] E0
[T+1940283305us][CH1-Dispenser] E1
[T+1940283173us][CH2-Pc    ] E1
[T+1940465172us][CH2-Pc    ] F0
[T+1940469173us][CH1-Dispenser] F0 F8
[T+1940545172us][CH2-Pc    ] F1
[T+1940549173us][CH1-Dispenser] F1 F9
[T+1940623172us][CH2-Pc    ] E1
[T+1940629201us][CH1-Dispenser] E1 E9
[T+1940701196us][CH2-Pc    ] F0
[T+1940708172us][CH1-Dispenser] F0 F8
[T+1940779305us][CH1-Dispenser] E0
[T+1940779173us][CH2-Pc    ] E0
[T+1940965311us][CH1-Dispenser] E1
[T+1940965174us][CH2-Pc    ] E1
[T+1941129172us][CH2-Pc    ] F0
[T+1941134172us][CH1-Dispenser] F0 F8
[T+1941207172us][CH2-Pc    ] F1
[T+1941213200us][CH1-Dispenser] F1 F9
[T+1941285172us][CH2-Pc    ] E1
[T+1941289172us][CH1-Dispenser] E1 E9
[T+1941363172us][CH2-Pc    ] F0
[T+1941368175us][CH1-Dispenser] F0 F8
[T+1941441306us][CH1-Dispenser] E0
[T+1941441173us][CH2-Pc    ] E0
[T+1941616305us][CH1-Dispenser] E1
[T+1941616173us][CH2-Pc    ] E1
[T+1941791172us][CH2-Pc    ] F0
[T+1941799811us][CH1-Dispenser] F0 F8
[T+1941869172us][CH2-Pc    ] F1
[T+1941875202us][CH1-Dispenser] F1 F9
[T+1941947197us][CH2-Pc    ] E1
[T+1941954172us][CH1-Dispenser] E1 E9
[T+1942025172us][CH2-Pc    ] F0
[T+1942029172us][CH1-Dispenser] F0 F8
[T+1942103305us][CH1-Dispenser] E0
[T+1942103173us][CH2-Pc    ] E0
[T+1942267309us][CH1-Dispenser] E1
[T+1942267173us][CH2-Pc    ] E1
[T+1942442172us][CH2-Pc    ] F0
[T+1942450172us][CH1-Dispenser] F0 F8
[T+1942521172us][CH2-Pc    ] F1
[T+1942529815us][CH1-Dispenser] F1 F9
[T+1942599172us][CH2-Pc    ] E1
[T+1942604172us][CH1-Dispenser] E1 E9
[T+1942677172us][CH2-Pc    ] F0
[T+1942683200us][CH1-Dispenser] F0 F8
[T+1942756309us][CH1-Dispenser] E0
[T+1942756173us][CH2-Pc    ] E0
[T+1942930306us][CH1-Dispenser] E1
[T+1942930173us][CH2-Pc    ] E1
[T+1943105172us][CH2-Pc    ] F0
[T+1943109173us][CH1-Dispenser] F0 F8
[T+1943183172us][CH2-Pc    ] F1
[T+1943190172us][CH1-Dispenser] F1 F9
[T+1943261172us][CH2-Pc    ] E1
[T+1943269179us][CH1-Dispenser] E1 E9
[T+1943343172us][CH1-Dispenser] F0 E8
[T+1943339172us][CH2-Pc    ] F0
[T+1943407304us][CH1-Dispenser] E0
[T+1943407173us][CH2-Pc    ] E0
[T+1943582305us][CH1-Dispenser] E1
[T+1943582173us][CH2-Pc    ] E1
[T+1943757172us][CH2-Pc    ] F0
[T+1943765172us][CH1-Dispenser] F0 F8
[T+1943835172us][CH2-Pc    ] F1
[T+1943839172us][CH1-Dispenser] F1 F9
[T+1943913172us][CH2-Pc    ] E1
[T+1943920810us][CH1-Dispenser] E1 E9
[T+1943991172us][CH2-Pc    ] F0
[T+1943999172us][CH1-Dispenser] F0 F8
[T+1944069306us][CH1-Dispenser] E0
[T+1944069173us][CH2-Pc    ] E0
[T+1944244306us][CH1-Dispenser] E1
[T+1944244174us][CH2-Pc    ] E1
[T+1944408172us][CH2-Pc    ] F0
[T+1944414200us][CH1-Dispenser] F0 F8
[T+1944486196us][CH2-Pc    ] F1
[T+1944495774us][CH1-Dispenser] F1 F9
[T+1944564172us][CH2-Pc    ] E1
[T+1944570200us][CH1-Dispenser] E1 E9
[T+1944642196us][CH2-Pc    ] F0
[T+1944649821us][CH1-Dispenser] F0 F8
[T+1944720307us][CH1-Dispenser] E0
[T+1944720173us][CH2-Pc    ] E0
[T+1944899308us][CH1-Dispenser] E1
[T+1944899173us][CH2-Pc    ] E1
[T+1945074172us][CH2-Pc    ] F0
[T+1945080200us][CH1-Dispenser] F0 F8
[T+1945152197us][CH2-Pc    ] F1
[T+1945162819us][CH1-Dispenser] F1 F9
[T+1945230172us][CH2-Pc    ] E1
[T+1945235172us][CH1-Dispenser] E1 E9
[T+1945308172us][CH2-Pc    ] F0
[T+1945314200us][CH1-Dispenser] F0 F8
[T+1945386305us][CH1-Dispenser] E0
[T+1945386173us][CH2-Pc    ] E0
[T+1945550305us][CH1-Dispenser] E1
[T+1945550173us][CH2-Pc    ] E1
[T+1945725172us][CH2-Pc    ] F0
[T+1945729172us][CH1-Dispenser] F0 F8
[T+1945793172us][CH2-Pc    ] F1
[T+1945799201us][CH1-Dispenser] F1 F9
[T+1945871203us][CH2-Pc    ] E1
[T+1945878172us][CH1-Dispenser] E1 E9
[T+1945949172us][CH2-Pc    ] F0
[T+1945954172us][CH1-Dispenser] F0 F8
[T+1946027305us][CH1-Dispenser] E0
[T+1946027173us][CH2-Pc    ] E0
[T+1946191307us][CH1-Dispenser] E1
[T+1946191174us][CH2-Pc    ] E1
[T+1946366172us][CH2-Pc    ] F0
[T+1946374172us][CH1-Dispenser] F0 F8
[T+1946444172us][CH2-Pc    ] F1
[T+1946450200us][CH1-Dispenser] F1 F9
[T+1946522196us][CH2-Pc    ] E1
[T+1946529172us][CH1-Dispenser] E1 E9
[T+1946600172us][CH2-Pc    ] F0
[T+1946604172us][CH1-Dispenser] F0 F8
[T+1946678304us][CH1-Dispenser] E0
[T+1946678173us][CH2-Pc    ] E0
[T+1946853305us][CH1-Dispenser] E1
[T+1946853173us][CH2-Pc    ] E1
[T+1947018172us][CH2-Pc    ] F0
[T+1947024201us][CH1-Dispenser] F0 F8
[T+1947095172us][CH2-Pc    ] F1
[T+1947098172us][CH1-Dispenser] F1 F9
[T+1947163172us][CH2-Pc    ] E1
[T+1947172172us][CH1-Dispenser] E1 E9
[T+1947241172us][CH2-Pc    ] F0
[T+1947249172us][CH1-Dispenser] F0 F8
[T+1947319304us][CH1-Dispenser] E0
[T+1947319173us][CH2-Pc    ] E0
[T+1947494308us][CH1-Dispenser] E1
[T+1947494173us][CH2-Pc    ] E1
[T+1947658172us][CH2-Pc    ] F0
[T+1947664202us][CH1-Dispenser] F0 F8
[T+1947736197us][CH2-Pc    ] F1
[T+1947747179us][CH1-Dispenser] F1 F9
[T+1947814172us][CH2-Pc    ] E1
[T+1947819173us][CH1-Dispenser] E1 E9
[T+1947892172us][CH2-Pc    ] F0
[T+1947900172us][CH1-Dispenser] F0 F8
[T+1947970305us][CH1-Dispenser] E0
[T+1947970173us][CH2-Pc    ] E0
[T+1948145310us][CH1-Dispenser] E1
[T+1948145174us][CH2-Pc    ] E1
[T+1948320172us][CH2-Pc    ] F0
[T+1948324172us][CH1-Dispenser] F0 F8
[T+1948407172us][CH2-Pc    ] F1
[T+1948414172us][CH1-Dispenser] F1 F9
[T+1948485172us][CH2-Pc    ] E1
[T+1948489172us][CH1-Dispenser] E1 E9
[T+1948563172us][CH2-Pc    ] F0
[T+1948568172us][CH1-Dispenser] F0 F8
[T+1948641310us][CH1-Dispenser] E0
[T+1948641175us][CH2-Pc    ] E0
[T+1948816306us][CH1-Dispenser] E1
[T+1948816173us][CH2-Pc    ] E1
[T+1948991172us][CH2-Pc    ] F0
[T+1948999172us][CH1-Dispenser] F0 F8
[T+1949069172us][CH2-Pc    ] F1
[T+1949077172us][CH1-Dispenser] F1 F9
[T+1949147175us][CH2-Pc    ] E1
[T+1949154172us][CH1-Dispenser] E1 E9
[T+1949225172us][CH2-Pc    ] F0
[T+1949229172us][CH1-Dispenser] F0 F8
[T+1949303306us][CH1-Dispenser] E0
[T+1949303173us][CH2-Pc    ] E0
[T+1949478307us][CH1-Dispenser] E1
[T+1949478173us][CH2-Pc    ] E1
[T+1949649172us][CH2-Pc    ] F0
[T+1949653174us][CH1-Dispenser] F0 F8
[T+1949727172us][CH2-Pc    ] F1
[T+1949734172us][CH1-Dispenser] F1 F9
[T+1949805172us][CH2-Pc    ] E1
[T+1949810172us][CH1-Dispenser] E1 E9
[T+1949883172us][CH2-Pc    ] F0
[T+1949889378us][CH1-Dispenser] F0 F8
[T+1949961304us][CH1-Dispenser] E0
[T+1949961173us][CH2-Pc    ] E0
[T+1950136306us][CH1-Dispenser] E1
[T+1950136173us][CH2-Pc    ] E1
[T+1950300172us][CH2-Pc    ] F0
[T+1950306200us][CH1-Dispenser] F0 F8
[T+1950378202us][CH2-Pc    ] F1
[T+1950385172us][CH1-Dispenser] F1 F9
[T+1950457173us][CH2-Pc    ] E1
[T+1950466179us][CH1-Dispenser] E1 E9
[T+1950535172us][CH2-Pc    ] F0
[T+1950539172us][CH1-Dispenser] F0 F8
[T+1950613305us][CH1-Dispenser] E0
[T+1950613173us][CH2-Pc    ] E0
[T+1950788308us][CH1-Dispenser] E1
[T+1950788173us][CH2-Pc    ] E1
[T+1950956172us][CH2-Pc    ] F0
[T+1950960173us][CH1-Dispenser] F0 F8
[T+1951034172us][CH2-Pc    ] F1
[T+1951039172us][CH1-Dispenser] F1 F9
[T+1951112172us][CH2-Pc    ] E1
[T+1951120172us][CH1-Dispenser] E1 E9
[T+1951193172us][CH1-Dispenser] F0 F8
[T+1951190172us][CH2-Pc    ] F0
[T+1951257306us][CH1-Dispenser] E0
[T+1951257173us][CH2-Pc    ] E0
[T+1951432306us][CH1-Dispenser] E1
[T+1951432173us][CH2-Pc    ] E1
[T+1951596172us][CH2-Pc    ] F0
[T+1951607179us][CH1-Dispenser] F0 F8
[T+1951674172us][CH2-Pc    ] F1
[T+1951679172us][CH1-Dispenser] F1 F9
[T+1951752172us][CH2-Pc    ] E1
[T+1951761179us][CH1-Dispenser] E1 E9
[T+1951835172us][CH1-Dispenser] F0 F8
[T+1951831172us][CH2-Pc    ] F0
[T+1951909305us][CH1-Dispenser] E0
[T+1951909173us][CH2-Pc    ] E0
[T+1952083303us][CH1-Dispenser] E1
[T+1952083173us][CH2-Pc    ] E1
[T+1952259172us][CH2-Pc    ] F0
[T+1952264174us][CH1-Dispenser] F0 F8
[T+1952339172us][CH2-Pc    ] F1
[T+1952344172us][CH1-Dispenser] F1 F9
[T+1952416196us][CH2-Pc    ] E1
[T+1952426179us][CH1-Dispenser] E1 E9
[T+1952495172us][CH2-Pc    ] F0
[T+1952500172us][CH1-Dispenser] F0 F8
[T+1952573305us][CH1-Dispenser] E0
[T+1952573173us][CH2-Pc    ] E0
[T+1952737315us][CH1-Dispenser] E1
[T+1952737175us][CH2-Pc    ] E1
[T+1952912172us][CH2-Pc    ] F0
[T+1952920172us][CH1-Dispenser] F0 F8
[T+1952990172us][CH2-Pc    ] F1
[T+1952994172us][CH1-Dispenser] F1 F9
[T+1953068172us][CH2-Pc    ] E1
[T+1953077179us][CH1-Dispenser] E1 E9
[T+1953146172us][CH2-Pc    ] F0
[T+1953154179us][CH1-Dispenser] F0 F8
[T+1953224309us][CH1-Dispenser] E0
[T+1953224173us][CH2-Pc    ] E0
[T+1953399306us][CH1-Dispenser] E1
[T+1953399173us][CH2-Pc    ] E1
[T+1953574172us][CH2-Pc    ] F0
[T+1953580200us][CH1-Dispenser] F0 F8
[T+1953652199us][CH2-Pc    ] F1
[T+1953659172us][CH1-Dispenser] F1 F9
[T+1953730172us][CH2-Pc    ] E1
[T+1953734172us][CH1-Dispenser] E1 E9
[T+1953808172us][CH2-Pc    ] F0
[T+1953813172us][CH1-Dispenser] F0 F8
[T+1953886306us][CH1-Dispenser] E0
[T+1953886173us][CH2-Pc    ] E0
[T+1954050308us][CH1-Dispenser] E1
[T+1954050174us][CH2-Pc    ] E1
[T+1954225172us][CH2-Pc    ] F0
[T+1954230172us][CH1-Dispenser] F0 F8
[T+1954303172us][CH2-Pc    ] F1
[T+1954309201us][CH1-Dispenser] F1 F9
[T+1954381198us][CH2-Pc    ] E1
[T+1954390179us][CH1-Dispenser] E1 E9
[T+1954459172us][CH2-Pc    ] F0
[T+1954464172us][CH1-Dispenser] F0 F8
[T+1954538305us][CH1-Dispenser] E0
[T+1954538173us][CH2-Pc    ] E0
[T+1954712308us][CH1-Dispenser] E1
[T+1954712173us][CH2-Pc    ] E1
[T+1954876172us][CH2-Pc    ] F0
[T+1954884179us][CH1-Dispenser] F0 F8
[T+1954954172us][CH2-Pc    ] F1
[T+1954960202us][CH1-Dispenser] F1 F9
[T+1955033172us][CH2-Pc    ] E1
[T+1955042813us][CH1-Dispenser] E1 E9
[T+1955111172us][CH2-Pc    ] F0
[T+1955114172us][CH1-Dispenser] F0 F8
[T+1955178304us][CH1-Dispenser] E0
[T+1955178173us][CH2-Pc    ] E0
[T+1955353305us][CH1-Dispenser] E1
[T+1955353173us][CH2-Pc    ] E1
[T+1955517172us][CH2-Pc    ] F0
[T+1955527179us][CH1-Dispenser] F0 F8
[T+1955595172us][CH2-Pc    ] F1
[T+1955600175us][CH1-Dispenser] F1 F9
[T+1955673172us][CH2-Pc    ] E1
[T+1955680782us][CH1-Dispenser] E1 E9
[T+1955751172us][CH2-Pc    ] F0
[T+1955761172us][CH1-Dispenser] F0 F8
[T+1955830304us][CH1-Dispenser] E0
[T+1955830173us][CH2-Pc    ] E0
[T+1956005309us][CH1-Dispenser] E1
[T+1956005173us][CH2-Pc    ] E1
[T+1956180172us][CH2-Pc    ] F0
[T+1956185173us][CH1-Dispenser] F0 F8
[T+1956258172us][CH2-Pc    ] F1
[T+1956264200us][CH1-Dispenser] F1 F9
[T+1956336196us][CH2-Pc    ] E1
[T+1956345398us][CH1-Dispenser] E1 E9
[T+1956415172us][CH2-Pc    ] F0
[T+1956422172us][CH1-Dispenser] F0 F8
[T+1956494172us][CH1-Dispenser] E0
[T+1956493172us][CH2-Pc    ] E0
[T+1956658307us][CH1-Dispenser] E1
[T+1956658173us][CH2-Pc    ] E1
[T+1956833172us][CH2-Pc    ] F0
[T+1956839200us][CH1-Dispenser] F0 F8
[T+1956917197us][CH2-Pc    ] F1
[T+1956924172us][CH1-Dispenser] F1 F9
[T+1956995172us][CH2-Pc    ] E1
[T+1956999172us][CH1-Dispenser] E1 E9
[T+1957074172us][CH2-Pc    ] F0
[T+1957080202us][CH1-Dispenser] F0 F8
[T+1957152305us][CH1-Dispenser] E0
[T+1957152173us][CH2-Pc    ] E0
[T+1957316305us][CH1-Dispenser] E1
[T+1957316173us][CH2-Pc    ] E1
[T+1957491172us][CH2-Pc    ] F0
[T+1957495173us][CH1-Dispenser] F0 F8
[T+1957569172us][CH2-Pc    ] F1
[T+1957576814us][CH1-Dispenser] F1 F9
[T+1957647173us][CH2-Pc    ] E1
[T+1957657172us][CH1-Dispenser] E1 E9
[T+1957725172us][CH2-Pc    ] F0
[T+1957731202us][CH1-Dispenser] F0 F8
[T+1957803305us][CH1-Dispenser] E0
[T+1957803173us][CH2-Pc    ] E0
[T+1957978306us][CH1-Dispenser] E1
[T+1957978173us][CH2-Pc    ] E1
[T+1958142172us][CH2-Pc    ] F0
[T+1958149172us][CH1-Dispenser] F0 F8
[T+1958220172us][CH2-Pc    ] F1
[T+1958225172us][CH1-Dispenser] F1 F9
[T+1958298172us][CH2-Pc    ] E1
[T+1958306181us][CH1-Dispenser] E1 E9
[T+1958376172us][CH2-Pc    ] F0
[T+1958385172us][CH1-Dispenser] F0 F8
[T+1958454305us][CH1-Dispenser] E0
[T+1958454173us][CH2-Pc    ] E0
[T+1958629306us][CH1-Dispenser] E1
[T+1958629174us][CH2-Pc    ] E1
[T+1958804172us][CH2-Pc    ] F0
[T+1958810200us][CH1-Dispenser] F0 F8
[T+1958882198us][CH2-Pc    ] F1
[T+1958890174us][CH1-Dispenser] F1 F9
[T+1958960172us][CH2-Pc    ] E1
[T+1958965172us][CH1-Dispenser] E1 E9
[T+1959038172us][CH2-Pc    ] F0
[T+1959044200us][CH1-Dispenser] F0 F8
[T+1959117306us][CH1-Dispenser] E0
[T+1959117173us][CH2-Pc    ] E0
[T+1959291305us][CH1-Dispenser] E1
[T+1959291173us][CH2-Pc    ] E1
[T+1959459172us][CH1-Dispenser] F0 F8
[T+1959456172us][CH2-Pc    ] F0
[T+1959533172us][CH2-Pc    ] F1
[T+1959540821us][CH1-Dispenser] F1 F9
[T+1959612197us][CH2-Pc    ] E1
[T+1959621172us][CH1-Dispenser] E1 E9
[T+1959690172us][CH2-Pc    ] F0
[T+1959695172us][CH1-Dispenser] F0 F8
[T+1959768304us][CH1-Dispenser] E0
[T+1959768173us][CH2-Pc    ] E0
[T+1959943307us][CH1-Dispenser] E1
[T+1959943173us][CH2-Pc    ] E1
[T+1960117196us][CH2-Pc    ] F0
[T+1960124172us][CH1-Dispenser] F0 F8
[T+1960196172us][CH2-Pc    ] F1
[T+1960200172us][CH1-Dispenser] F1 F9
[T+1960274172us][CH2-Pc    ] E1
[T+1960281787us][CH1-Dispenser] E1 E9
[T+1960352172us][CH2-Pc    ] F0
[T+1960359172us][CH1-Dispenser] F0 F8
[T+1960430306us][CH1-Dispenser] E0
[T+1960430173us][CH2-Pc    ] E0
[T+1960605308us][CH1-Dispenser] E1
[T+1960605173us][CH2-Pc    ] E1
[T+1960769172us][CH2-Pc    ] F0
[T+1960774172us][CH1-Dispenser] F0 F8
[T+1960847172us][CH2-Pc    ] F1
[T+1960856172us][CH1-Dispenser] F1 F9
[T+1960933172us][CH2-Pc    ] E1
[T+1960940810us][CH1-Dispenser] E1 E9
[T+1961014172us][CH1-Dispenser] F0 F8
[T+1961011172us][CH2-Pc    ] F0
[T+1961078306us][CH1-Dispenser] E0
[T+1961078174us][CH2-Pc    ] E0
[T+1961254309us][CH1-Dispenser] E1
[T+1961254173us][CH2-Pc    ] E1
[T+1961429172us][CH2-Pc    ] F0
[T+1961434174us][CH1-Dispenser] F0 F8
[T+1961507172us][CH2-Pc    ] F1
[T+1961515172us][CH1-Dispenser] F1 F9
[T+1961585172us][CH2-Pc    ] E1
[T+1961590172us][CH1-Dispenser] E1 E9
[T+1961663172us][CH2-Pc    ] F0
[T+1961669200us][CH1-Dispenser] F0 F8
[T+1961741304us][CH1-Dispenser] E0
[T+1961741173us][CH2-Pc    ] E0
[T+1961916306us][CH1-Dispenser] E1
[T+1961916174us][CH2-Pc    ] E1
[T+1962081172us][CH2-Pc    ] F0
[T+1962086172us][CH1-Dispenser] F0 F8
[T+1962158202us][CH2-Pc    ] F1
[T+1962166172us][CH1-Dispenser] F1 F9
[T+1962237172us][CH2-Pc    ] E1
[T+1962244172us][CH1-Dispenser] E1 E9
[T+1962315172us][CH2-Pc    ] F0
[T+1962320172us][CH1-Dispenser] F0 F8
[T+1962393311us][CH1-Dispenser] E0
[T+1962393173us][CH2-Pc    ] E0
[T+1962568310us][CH1-Dispenser] E1
[T+1962568174us][CH2-Pc    ] E1
[T+1962742196us][CH2-Pc    ] F0
[T+1962751179us][CH1-Dispenser] F0 E8
[T+1962821172us][CH2-Pc    ] F1
[T+1962827200us][CH1-Dispenser] F1 F9
[T+1962899196us][CH2-Pc    ] E1
[T+1962906172us][CH1-Dispenser] E1 E9
[T+1962977172us][CH2-Pc    ] F0
[T+1962985172us][CH1-Dispenser] F0 F8
[T+1963055303us][CH1-Dispenser] E0
[T+1963055173us][CH2-Pc    ] E0
[T+1963230309us][CH1-Dispenser] E1
[T+1963230174us][CH2-Pc    ] E1
[T+1963394172us][CH2-Pc    ] F0
[T+1963400200us][CH1-Dispenser] F0 F8
[T+1963472196us][CH2-Pc    ] F1
[T+1963479172us][CH1-Dispenser] F1 F9
[T+1963550172us][CH2-Pc    ] E1
[T+1963554172us][CH1-Dispenser] E1 E9
[T+1963628172us][CH2-Pc    ] F0
[T+1963635778us][CH1-Dispenser] F0 F8
[T+1963706306us][CH1-Dispenser] E0
[T+1963706173us][CH2-Pc    ] E0
[T+1963881307us][CH1-Dispenser] E1
[T+1963881173us][CH2-Pc    ] E1
[T+1964056172us][CH2-Pc    ] F0
[T+1964061172us][CH1-Dispenser] F0 F8
[T+1964134172us][CH2-Pc    ] F1
[T+1964141172us][CH1-Dispenser] F1 E9
[T+1964212172us][CH2-Pc    ] E1
[T+1964221815us][CH1-Dispenser] E1 E9
[T+1964290172us][CH2-Pc    ] F0
[T+1964295172us][CH1-Dispenser] F0 F8
[T+1964368305us][CH1-Dispenser] E0
[T+1964368173us][CH2-Pc    ] E0
[T+1964554308us][CH1-Dispenser] E1
[T+1964554173us][CH2-Pc    ] E1
[T+1964729172us][CH2-Pc    ] F0
[T+1964735202us][CH1-Dispenser] F0 F8
[T+1964811172us][CH1-Dispenser] F1 F9
[T+1964807172us][CH2-Pc    ] F1
[T+1964885172us][CH2-Pc    ] E1
[T+1964890172us][CH1-Dispenser] E1 E9
[T+1964963172us][CH2-Pc    ] F0
[T+1964970172us][CH1-Dispenser] F0 F8
[T+1965041305us][CH1-Dispenser] E0
[T+1965041173us][CH2-Pc    ] E0
[T+1965205308us][CH1-Dispenser] E1
[T+1965205174us][CH2-Pc    ] E1
[T+1965380172us][CH2-Pc    ] F0
[T+1965385172us][CH1-Dispenser] F0 F8
[T+1965458172us][CH2-Pc    ] F1
[T+1965465172us][CH1-Dispenser] F1 F9
[T+1965536173us][CH2-Pc    ] E1
[T+1965540172us][CH1-Dispenser] E1 E9
[T+1965614172us][CH2-Pc    ] F0
[T+1965621172us][CH1-Dispenser] F0 F8
[T+1965693305us][CH1-Dispenser] E0
[T+1965693173us][CH2-Pc    ] E0
[T+1965867306us][CH1-Dispenser] E1
[T+1965867173us][CH2-Pc    ] E1
[T+1966042172us][CH2-Pc    ] F0
[T+1966050172us][CH1-Dispenser] F0 F8
[T+1966120172us][CH2-Pc    ] F1
[T+1966124172us][CH1-Dispenser] F1 F9
[T+1966198172us][CH2-Pc    ] E1
[T+1966205818us][CH1-Dispenser] E1 E9
[T+1966280172us][CH1-Dispenser] F0 F8
[T+1966276172us][CH2-Pc    ] F0
[T+1966355310us][CH1-Dispenser] E0
[T+1966355174us][CH2-Pc    ] E0
[T+1966519307us][CH1-Dispenser] E1
[T+1966519174us][CH2-Pc    ] E1
[T+1966700172us][CH2-Pc    ] F0
[T+1966704173us][CH1-Dispenser] F0 F8
[T+1966778172us][CH2-Pc    ] F1
[T+1966785172us][CH1-Dispenser] F1 F9
[T+1966857172us][CH2-Pc    ] E1
[T+1966861172us][CH1-Dispenser] E1 E9
[T+1966925172us][CH2-Pc    ] F0
[T+1966931200us][CH1-Dispenser] F0 F8
[T+1967003304us][CH1-Dispenser] E0
[T+1967003173us][CH2-Pc    ] E0
[T+1967178307us][CH1-Dispenser] E1
[T+1967178173us][CH2-Pc    ] E1
[T+1967353172us][CH2-Pc    ] F0
[T+1967360172us][CH1-Dispenser] F0 F8
[T+1967431172us][CH2-Pc    ] F1
[T+1967436172us][CH1-Dispenser] F1 F9
[T+1967509172us][CH2-Pc    ] E1
[T+1967515201us][CH1-Dispenser] E1 E9
[T+1967587197us][CH2-Pc    ] F0
[T+1967596172us][CH1-Dispenser] F0 F8
[T+1967665307us][CH1-Dispenser] E0
[T+1967665173us][CH2-Pc    ] E0
[T+1967829304us][CH1-Dispenser] E1
[T+1967829173us][CH2-Pc    ] E1
[T+1968004172us][CH2-Pc    ] F0
[T+1968011172us][CH1-Dispenser] F0 F8
[T+1968082172us][CH2-Pc    ] F1
[T+1968090172us][CH1-Dispenser] F1 F9
[T+1968161172us][CH2-Pc    ] E1
[T+1968165172us][CH1-Dispenser] E1 E9
[T+1968239172us][CH2-Pc    ] F0
[T+1968244172us][CH1-Dispenser] F0 F8
[T+1968319304us][CH1-Dispenser] E0
[T+1968319173us][CH2-Pc    ] E0
[T+1968493307us][CH1-Dispenser] E1
[T+1968493173us][CH2-Pc    ] E1
[T+1968657172us][CH2-Pc    ] F0
[T+1968665172us][CH1-Dispenser] F0 F8
[T+1968736172us][CH2-Pc    ] F1
[T+1968741172us][CH1-Dispenser] F1 F9
[T+1968814172us][CH2-Pc    ] E1
[T+1968820200us][CH1-Dispenser] E1 E9
[T+1968892172us][CH2-Pc    ] F0
[T+1968895172us][CH1-Dispenser] F0 F8
[T+1968959305us][CH1-Dispenser] E0
[T+1968959173us][CH2-Pc    ] E0
[T+1969134305us][CH1-Dispenser] E1
[T+1969134173us][CH2-Pc    ] E1
[T+1969298172us][CH2-Pc    ] F0
[T+1969306179us][CH1-Dispenser] F0 F8
[T+1969379172us][CH2-Pc    ] F1
[T+1969386172us][CH1-Dispenser] F1 E9
[T+1969457172us][CH2-Pc    ] E1
[T+1969466179us][CH1-Dispenser] E1 E9
[T+1969535172us][CH2-Pc    ] F0
[T+1969542172us][CH1-Dispenser] F0 F8
[T+1969613308us][CH1-Dispenser] E0
[T+1969613173us][CH2-Pc    ] E0
[T+1969788304us][CH1-Dispenser] E1
[T+1969788173us][CH2-Pc    ] E1
[T+1969963172us][CH2-Pc    ] F0
[T+1969971172us][CH1-Dispenser] F0 E8
[T+1970041172us][CH2-Pc    ] F1
[T+1970045172us][CH1-Dispenser] F1 F9
[T+1970120172us][CH2-Pc    ] E1
[T+1970126202us][CH1-Dispenser] E1 E9
[T+1970197172us][CH2-Pc    ] F0
[T+1970207172us][CH1-Dispenser] F0 F8
[T+1970275305us][CH1-Dispenser] E0
[T+1970275173us][CH2-Pc    ] E0
[T+1970447309us][CH1-Dispenser] E1
[T+1970447173us][CH2-Pc    ] E1
[T+1970611172us][CH2-Pc    ] F0
[T+1970616172us][CH1-Dispenser] F0 F8
[T+1970689172us][CH2-Pc    ] F1
[T+1970696821us][CH1-Dispenser] F1 F9
[T+1970768197us][CH2-Pc    ] E1
[T+1970774200us][CH1-Dispenser] E1 E9
[T+1970846173us][CH2-Pc    ] F0
[T+1970850172us][CH1-Dispenser] F0 F8
[T+1970924307us][CH1-Dispenser] E0
[T+1970924174us][CH2-Pc    ] E0
[T+1971099307us][CH1-Dispenser] E1
[T+1971099173us][CH2-Pc    ] E1
[T+1971274172us][CH2-Pc    ] F0
[T+1971281172us][CH1-Dispenser] F0 F8
[T+1971352172us][CH2-Pc    ] F1
[T+1971355172us][CH1-Dispenser] F1 F9
[T+1971419172us][CH2-Pc    ] E1
[T+1971425200us][CH1-Dispenser] E1 E9
[T+1971497197us][CH2-Pc    ] F0
[T+1971508180us][CH1-Dispenser] F0 F8
[T+1971580305us][CH1-Dispenser] E0
[T+1971580173us][CH2-Pc    ] E0
[T+1971755309us][CH1-Dispenser] E1
[T+1971755174us][CH2-Pc    ] E1
[T+1971930172us][CH2-Pc    ] F0
[T+1971935173us][CH1-Dispenser] F0 F8
[T+1972008172us][CH2-Pc    ] F1
[T+1972016172us][CH1-Dispenser] F1 F9
[T+1972086175us][CH2-Pc    ] E1
[T+1972092200us][CH1-Dispenser] E1 E9
[T+1972164197us][CH2-Pc    ] F0
[T+1972171172us][CH1-Dispenser] F0 F8
[T+1972243305us][CH1-Dispenser] E0
[T+1972243173us][CH2-Pc    ] E0
[T+1972417304us][CH1-Dispenser] E1
[T+1972417173us][CH2-Pc    ] E1
[T+1972581172us][CH2-Pc    ] F0
[T+1972586172us][CH1-Dispenser] F0 F8
[T+1972659172us][CH2-Pc    ] F1
[T+1972665202us][CH1-Dispenser] F1 F9
[T+1972737197us][CH2-Pc    ] E1
[T+1972746172us][CH1-Dispenser] E1 E9
[T+1972815172us][CH2-Pc    ] F0
[T+1972821200us][CH1-Dispenser] F0 F8
[T+1972894310us][CH1-Dispenser] E0
[T+1972894174us][CH2-Pc    ] E0
[T+1973068305us][CH1-Dispenser] E1
[T+1973068173us][CH2-Pc    ] E1
[T+1973243172us][CH2-Pc    ] F0
[T+1973251172us][CH1-Dispenser] F0 F8
[T+1973321172us][CH2-Pc    ] F1
[T+1973326172us][CH1-Dispenser] F1 F9
[T+1973400172us][CH2-Pc    ] E1
[T+1973405172us][CH1-Dispenser] E1 E9
[T+1973478172us][CH2-Pc    ] F0
[T+1973486179us][CH1-Dispenser] F0 F8
[T+1973556305us][CH1-Dispenser] E0
[T+1973556173us][CH2-Pc    ] E0
[T+1973720307us][CH1-Dispenser] E1
[T+1973720173us][CH2-Pc    ] E1
[T+1973894199us][CH2-Pc    ] F0
[T+1973901807us][CH1-Dispenser] F0 F8
[T+1973973197us][CH2-Pc    ] F1
[T+1973980172us][CH1-Dispenser] F1 F9
[T+1974051172us][CH2-Pc    ] E1
[T+1974056172us][CH1-Dispenser] E1 E9
[T+1974129172us][CH2-Pc    ] F0
[T+1974135208us][CH1-Dispenser] F0 F8
[T+1974207301us][CH1-Dispenser] E0
[T+1974207173us][CH2-Pc    ] E0
[T+1974382304us][CH1-Dispenser] E1
[T+1974382173us][CH2-Pc    ] E1
[T+1974557173us][CH2-Pc    ] F0
[T+1974560172us][CH1-Dispenser] F0 F8
[T+1974635172us][CH2-Pc    ] F1
[T+1974642172us][CH1-Dispenser] F1 F9
[T+1974713172us][CH2-Pc    ] E1
[T+1974722172us][CH1-Dispenser] E1 E9
[T+1974791172us][CH2-Pc    ] F0
[T+1974798172us][CH1-Dispenser] F0 F8
[T+1974869304us][CH1-Dispenser] E0
[T+1974869173us][CH2-Pc    ] E0
[T+1975033308us][CH1-Dispenser] E1
[T+1975033173us][CH2-Pc    ] E1
[T+1975208172us][CH2-Pc    ] F0
[T+1975217179us][CH1-Dispenser] F0 E8
[T+1975286172us][CH2-Pc    ] F1
[T+1975290172us][CH1-Dispenser] F1 F9
[T+1975364172us][CH2-Pc    ] E1
[T+1975371172us][CH1-Dispenser] E1 E9
[T+1975442172us][CH2-Pc    ] F0
[T+1975452794us][CH1-Dispenser] F0 F8
[T+1975520304us][CH1-Dispenser] E0
[T+1975520173us][CH2-Pc    ] E0
[T+1975695308us][CH1-Dispenser] E1
[T+1975695173us][CH2-Pc    ] E1
[T+1975870172us][CH2-Pc    ] F0
[T+1975878824us][CH1-Dispenser] F0 F8
[T+1975948172us][CH2-Pc    ] F1
[T+1975957226us][CH1-Dispenser] F1 F9
[T+1976026172us][CH2-Pc    ] E1
[T+1976032200us][CH1-Dispenser] E1 E9
[T+1976104197us][CH2-Pc    ] F0
[T+1976113172us][CH1-Dispenser] F0 F8
[T+1976183312us][CH1-Dispenser] E0
[T+1976183175us][CH2-Pc    ] E0
[T+1976347307us][CH1-Dispenser] E1
[T+1976347173us][CH2-Pc    ] E1
[T+1976522172us][CH2-Pc    ] F0
[T+1976526173us][CH1-Dispenser] F0 F8
[T+1976601172us][CH2-Pc    ] F1
[T+1976606172us][CH1-Dispenser] F1 F9
[T+1976680172us][CH2-Pc    ] E1
[T+1976686200us][CH1-Dispenser] E1 E9
[T+1976758196us][CH2-Pc    ] F0
[T+1976767781us][CH1-Dispenser] F0 F8
[T+1976836304us][CH1-Dispenser] E0
[T+1976836173us][CH2-Pc    ] E0
[T+1977011306us][CH1-Dispenser] E1
[T+1977011173us][CH2-Pc    ] E1
[T+1977175172us][CH2-Pc    ] F0
[T+1977182172us][CH1-Dispenser] F0 F8
[T+1977253172us][CH2-Pc    ] F1
[T+1977263180us][CH1-Dispenser] F1 F9
[T+1977331172us][CH2-Pc    ] E1
[T+1977337200us][CH1-Dispenser] E1 E9
[T+1977410172us][CH2-Pc    ] F0
[T+1977418172us][CH1-Dispenser] F0 F8
[T+1977488305us][CH1-Dispenser] E0
[T+1977488173us][CH2-Pc    ] E0
[T+1977663307us][CH1-Dispenser] E1
[T+1977663173us][CH2-Pc    ] E1
[T+1977838172us][CH2-Pc    ] F0
[T+1977845818us][CH1-Dispenser] F0 F8
[T+1977916172us][CH2-Pc    ] F1
[T+1977921172us][CH1-Dispenser] F1 F9
[T+1977994172us][CH2-Pc    ] E1
[T+1978002172us][CH1-Dispenser] E1 E9
[T+1978072172us][CH2-Pc    ] F0
[T+1978075172us][CH1-Dispenser] F0 F8
[T+1978140399us][CH1-Dispenser] E0
[T+1978140261us][CH2-Pc    ] E0
[T+1978315305us][CH1-Dispenser] E1
[T+1978315173us][CH2-Pc    ] E1
[T+1978485172us][CH2-Pc    ] F0
[T+1978491217us][CH1-Dispenser] F0 E8
[T+1978564172us][CH2-Pc    ] F1
[T+1978573172us][CH1-Dispenser] F1 F9
[T+1978641174us][CH2-Pc    ] E1
[T+1978647202us][CH1-Dispenser] E1 E9
[T+1978720172us][CH2-Pc    ] F0
[T+1978726202us][CH1-Dispenser] F0 F8
[T+1978798305us][CH1-Dispenser] E0
[T+1978798173us][CH2-Pc    ] E0
[T+1978973306us][CH1-Dispenser] E1
[T+1978973173us][CH2-Pc    ] E1
[T+1979147172us][CH2-Pc    ] F0
[T+1979152175us][CH1-Dispenser] F0 F8
[T+1979226172us][CH2-Pc    ] F1
[T+1979233172us][CH1-Dispenser] F1 F9
[T+1979304172us][CH2-Pc    ] E1
[T+1979312172us][CH1-Dispenser] E1 E9
[T+1979382172us][CH2-Pc    ] F0
[T+1979385172us][CH1-Dispenser] F0 F8
[T+1979460313us][CH1-Dispenser] E0
[T+1979460174us][CH2-Pc    ] E0
[T+1979635305us][CH1-Dispenser] E1
[T+1979635173us][CH2-Pc    ] E1
[T+1979799172us][CH2-Pc    ] F0
[T+1979806172us][CH1-Dispenser] F0 F8
[T+1979877172us][CH2-Pc    ] F1
[T+1979882172us][CH1-Dispenser] F1 F9
[T+1979955172us][CH2-Pc    ] E1
[T+1979964172us][CH1-Dispenser] E1 E9
[T+1980033172us][CH2-Pc    ] F0
[T+1980041172us][CH1-Dispenser] F0 F8
[T+1980111304us][CH1-Dispenser] E0
[T+1980111173us][CH2-Pc    ] E0
[T+1980286306us][CH1-Dispenser] E1
[T+1980286173us][CH2-Pc    ] E1
[T+1980455172us][CH2-Pc    ] F0
[T+1980462172us][CH1-Dispenser] F0 F8
[T+1980533172us][CH2-Pc    ] F1
[T+1980541172us][CH1-Dispenser] F1 F9
[T+1980611172us][CH2-Pc    ] E1
[T+1980616172us][CH1-Dispenser] E1 E9
[T+1980689172us][CH2-Pc    ] F0
[T+1980696172us][CH1-Dispenser] F0 E8
[T+1980767304us][CH1-Dispenser] E0
[T+1980767173us][CH2-Pc    ] E0
[T+1980942305us][CH1-Dispenser] E1
[T+1980942173us][CH2-Pc    ] E1
[T+1981117172us][CH2-Pc    ] F0
[T+1981121172us][CH1-Dispenser] F0 F8
[T+1981195172us][CH2-Pc    ] F1
[T+1981204172us][CH1-Dispenser] F1 F9
[T+1981274172us][CH2-Pc    ] E1
[T+1981281172us][CH1-Dispenser] E1 E9
[T+1981351172us][CH2-Pc    ] F0
[T+1981358172us][CH1-Dispenser] F0 F8
[T+1981430306us][CH1-Dispenser] E0
[T+1981430174us][CH2-Pc    ] E0
[T+1981604308us][CH1-Dispenser] E1
[T+1981604173us][CH2-Pc    ] E1
[T+1981768172us][CH2-Pc    ] F0
[T+1981777822us][CH1-Dispenser] F0 F8
[T+1981846172us][CH2-Pc    ] F1
[T+1981851172us][CH1-Dispenser] F1 F9
[T+1981925172us][CH2-Pc    ] E1
[T+1981932172us][CH1-Dispenser] E1 E9
[T+1982003172us][CH2-Pc    ] F0
[T+1982013778us][CH1-Dispenser] F0 E8
[T+1982081307us][CH1-Dispenser] E0
[T+1982081173us][CH2-Pc    ] E0
[T+1982256308us][CH1-Dispenser] E1
[T+1982256173us][CH2-Pc    ] E1
[T+1982424197us][CH2-Pc    ] F0
[T+1982431172us][CH1-Dispenser] F0 F8
[T+1982502172us][CH2-Pc    ] F1
[T+1982507172us][CH1-Dispenser] F1 F9
[T+1982585196us][CH2-Pc    ] E1
[T+1982593172us][CH1-Dispenser] E1 E9
[T+1982663172us][CH2-Pc    ] F0
[T+1982674180us][CH1-Dispenser] F0 F8
[T+1982741306us][CH1-Dispenser] E0
[T+1982741173us][CH2-Pc    ] E0
[T+1982916307us][CH1-Dispenser] E1
[T+1982916174us][CH2-Pc    ] E1
[T+1983080172us][CH2-Pc    ] F0
[T+1983087172us][CH1-Dispenser] F0 F8
[T+1983158172us][CH2-Pc    ] F1
[T+1983161172us][CH1-Dispenser] F1 F9
[T+1983226172us][CH2-Pc    ] E1
[T+1983232202us][CH1-Dispenser] E1 E9
[T+1983304197us][CH2-Pc    ] F0
[T+1983312172us][CH1-Dispenser] F0 F8
[T+1983382304us][CH1-Dispenser] E0
[T+1983382173us][CH2-Pc    ] E0
[T+1983556310us][CH1-Dispenser] E1
[T+1983556173us][CH2-Pc    ] E1
[T+1983720172us][CH2-Pc    ] F0
[T+1983727172us][CH1-Dispenser] F0 F8
[T+1983799196us][CH2-Pc    ] F1
[T+1983806172us][CH1-Dispenser] F1 F9
[T+1983877172us][CH2-Pc    ] E1
[T+1983883200us][CH1-Dispenser] E1 E9
[T+1983955173us][CH2-Pc    ] F0
[T+1983960172us][CH1-Dispenser] F0 F8
[T+1984033305us][CH1-Dispenser] E0
[T+1984033173us][CH2-Pc    ] E0
[T+1984208307us][CH1-Dispenser] E1
[T+1984208173us][CH2-Pc    ] E1
[T+1984386172us][CH1-Dispenser] F0 F8
[T+1984383172us][CH2-Pc    ] F0
[T+1984450172us][CH2-Pc    ] F1
[T+1984456200us][CH1-Dispenser] F1 F9
[T+1984528197us][CH2-Pc    ] E1
[T+1984537805us][CH1-Dispenser] E1 E9
[T+1984606172us][CH2-Pc    ] F0
[T+1984611172us][CH1-Dispenser] F0 F8
[T+1984684312us][CH1-Dispenser] E0
[T+1984684175us][CH2-Pc    ] E0
[T+1984870305us][CH1-Dispenser] E1
[T+1984870173us][CH2-Pc    ] E1
[T+1985034172us][CH2-Pc    ] F0
[T+1985042172us][CH1-Dispenser] F0 F8
[T+1985112172us][CH2-Pc    ] F1
[T+1985118200us][CH1-Dispenser] F1 F9
[T+1985190197us][CH2-Pc    ] E1
[T+1985197172us][CH1-Dispenser] E1 E9
[T+1985268172us][CH2-Pc    ] F0
[T+1985276778us][CH1-Dispenser] F0 F8
[T+1985346305us][CH1-Dispenser] E0
[T+1985346173us][CH2-Pc    ] E0
[T+1985521307us][CH1-Dispenser] E1
[T+1985521173us][CH2-Pc    ] E1
[T+1985697172us][CH2-Pc    ] F0
[T+1985702173us][CH1-Dispenser] F0 F8
[T+1985775172us][CH2-Pc    ] F1
[T+1985783172us][CH1-Dispenser] F1 E9
[T+1985853172us][CH2-Pc    ] E1
[T+1985861812us][CH1-Dispenser] E1 E9
[T+1985931172us][CH2-Pc    ] F0
[T+1985937201us][CH1-Dispenser] F0 F8
[T+1986009306us][CH1-Dispenser] E0
[T+1986009173us][CH2-Pc    ] E0
[T+1986174303us][CH1-Dispenser] E1
[T+1986174173us][CH2-Pc    ] E1
[T+1986350172us][CH2-Pc    ] F0
[T+1986357172us][CH1-Dispenser] F0 F8
[T+1986429196us][CH2-Pc    ] F1
[T+1986438179us][CH1-Dispenser] F1 F9
[T+1986521172us][CH2-Pc    ] E1
[T+1986526172us][CH1-Dispenser] E1 E9
[T+1986599172us][CH2-Pc    ] F0
[T+1986606172us][CH1-Dispenser] F0 E8
[T+1986677305us][CH1-Dispenser] E0
[T+1986677173us][CH2-Pc    ] E0
[T+1986852305us][CH1-Dispenser] E1
[T+1986852173us][CH2-Pc    ] E1
[T+1987016172us][CH2-Pc    ] F0
[T+1987024172us][CH1-Dispenser] F0 F8
[T+1987094172us][CH2-Pc    ] F1
[T+1987102172us][CH1-Dispenser] F1 F9
[T+1987173172us][CH2-Pc    ] E1
[T+1987177173us][CH1-Dispenser] E1 E9
[T+1987251172us][CH2-Pc    ] F0
[T+1987256172us][CH1-Dispenser] F0 F8
[T+1987329303us][CH1-Dispenser] E0
[T+1987329173us][CH2-Pc    ] E0
[T+1987504308us][CH1-Dispenser] E1
[T+1987504174us][CH2-Pc    ] E1
[T+1987678172us][CH2-Pc    ] F0
[T+1987682174us][CH1-Dispenser] F0 F8
[T+1987746172us][CH2-Pc    ] F1
[T+1987752208us][CH1-Dispenser] F1 F9
[T+1987824196us][CH2-Pc    ] E1
[T+1987834181us][CH1-Dispenser] E1 E9
[T+1987902172us][CH2-Pc    ] F0
[T+1987908200us][CH1-Dispenser] F0 F8
[T+1987981306us][CH1-Dispenser] E0
[T+1987981174us][CH2-Pc    ] E0
[T+1988167308us][CH1-Dispenser] E1
[T+1988167173us][CH2-Pc    ] E1
[T+1988331172us][CH2-Pc    ] F0
[T+1988338172us][CH1-Dispenser] F0 F8
[T+1988409172us][CH2-Pc    ] F1
[T+1988417172us][CH1-Dispenser] F1 F9
[T+1988487172us][CH2-Pc    ] E1
[T+1988492172us][CH1-Dispenser] E1 E9
[T+1988565172us][CH2-Pc    ] F0
[T+1988571201us][CH1-Dispenser] F0 F8
[T+1988655305us][CH1-Dispenser] E0
[T+1988655173us][CH2-Pc    ] E0
[T+1988830305us][CH1-Dispenser] E1
[T+1988830173us][CH2-Pc    ] E1
[T+1989005172us][CH2-Pc    ] F0
[T+1989011200us][CH1-Dispenser] F0 F8
[T+1989083241us][CH2-Pc    ] F1
[T+1989087172us][CH1-Dispenser] F1 F9
[T+1989161172us][CH2-Pc    ] E1
[T+1989166172us][CH1-Dispenser] E1 E9
[T+1989239172us][CH2-Pc    ] F0
[T+1989247172us][CH1-Dispenser] F0 F8
[T+1989317305us][CH1-Dispenser] E0
[T+1989317173us][CH2-Pc    ] E0
[T+1989492307us][CH1-Dispenser] E1
[T+1989492173us][CH2-Pc    ] E1
[T+1989667172us][CH2-Pc    ] F0
[T+1989671173us][CH1-Dispenser] F0 F8
[T+1989745172us][CH2-Pc    ] F1
[T+1989752172us][CH1-Dispenser] F1 F9
[T+1989823172us][CH2-Pc    ] E1
[T+1989827172us][CH1-Dispenser] E1 E9
[T+1989901172us][CH2-Pc    ] F0
[T+1989906176us][CH1-Dispenser] F0 F8
[T+1989979305us][CH1-Dispenser] E0
[T+1989979173us][CH2-Pc    ] E0
[T+1990143309us][CH1-Dispenser] E1
[T+1990143173us][CH2-Pc    ] E1
[T+1990321172us][CH1-Dispenser] F0 F8
[T+1990318172us][CH2-Pc    ] F0
[T+1990385172us][CH2-Pc    ] F1
[T+1990392172us][CH1-Dispenser] F1 E9
[T+1990459172us][CH2-Pc    ] E1
[T+1990467812us][CH1-Dispenser] E1 E9
[T+1990537172us][CH2-Pc    ] F0
[T+1990542172us][CH1-Dispenser] F0 F8
[T+1990615305us][CH1-Dispenser] E0
[T+1990615173us][CH2-Pc    ] E0
[T+1990790306us][CH1-Dispenser] E1
[T+1990790173us][CH2-Pc    ] E1
[T+1990954172us][CH2-Pc    ] F0
[T+1990963172us][CH1-Dispenser] F0 F8
[T+1991032173us][CH2-Pc    ] F1
[T+1991037172us][CH1-Dispenser] F1 F9
[T+1991110172us][CH2-Pc    ] E1
[T+1991117172us][CH1-Dispenser] E1 E9
[T+1991188172us][CH2-Pc    ] F0
[T+1991191172us][CH1-Dispenser] F0 F8
[T+1991256305us][CH1-Dispenser] E0
[T+1991256173us][CH2-Pc    ] E0
[T+1991430305us][CH1-Dispenser] E1
[T+1991430173us][CH2-Pc    ] E1
[T+1991594172us][CH2-Pc    ] F0
[T+1991604813us][CH1-Dispenser] F0 F8
[T+1991673172us][CH2-Pc    ] F1
[T+1991676173us][CH1-Dispenser] F1 F9
[T+1991751172us][CH2-Pc    ] E1
[T+1991757201us][CH1-Dispenser] E1 E9
[T+1991829197us][CH2-Pc    ] F0
[T+1991836172us][CH1-Dispenser] F0 F8
[T+1991907303us][CH1-Dispenser] E0
[T+1991907173us][CH2-Pc    ] E0
[T+1992082307us][CH1-Dispenser] E1
[T+1992082173us][CH2-Pc    ] E1
[T+1992256199us][CH2-Pc    ] F0
[T+1992262205us][CH1-Dispenser] F0 E8
[T+1992335213us][CH2-Pc    ] F1
[T+1992341392us][CH1-Dispenser] F1 F9
[T+1992413172us][CH2-Pc    ] E1
[T+1992417172us][CH1-Dispenser] E1 E9
[T+1992491172us][CH2-Pc    ] F0
[T+1992497200us][CH1-Dispenser] F0 F8
[T+1992569310us][CH1-Dispenser] E0
[T+1992569175us][CH2-Pc    ] E0
[T+1992744307us][CH1-Dispenser] E1
[T+1992744174us][CH2-Pc    ] E1
[T+1992910172us][CH2-Pc    ] F0
[T+1992918172us][CH1-Dispenser] F0 F8
[T+1992988172us][CH2-Pc    ] F1
[T+1992992172us][CH1-Dispenser] F1 F9
[T+1993066172us][CH2-Pc    ] E1
[T+1993072200us][CH1-Dispenser] E1 E9
[T+1993144198us][CH2-Pc    ] F0
[T+1993152779us][CH1-Dispenser] F0 F8
[T+1993222305us][CH1-Dispenser] E0
[T+1993222173us][CH2-Pc    ] E0
[T+1993397306us][CH1-Dispenser] E1
[T+1993397173us][CH2-Pc    ] E1
[T+1993572172us][CH2-Pc    ] F0
[T+1993581172us][CH1-Dispenser] F0 E8
[T+1993650172us][CH2-Pc    ] F1
[T+1993657172us][CH1-Dispenser] F1 F9
[T+1993728172us][CH2-Pc    ] E1
[T+1993732172us][CH1-Dispenser] E1 E9
[T+1993806172us][CH2-Pc    ] F0
[T+1993811172us][CH1-Dispenser] F0 F8
[T+1993885305us][CH1-Dispenser] E0
[T+1993885173us][CH2-Pc    ] E0
[T+1994049308us][CH1-Dispenser] E1
[T+1994049173us][CH2-Pc    ] E1
[T+1994224172us][CH2-Pc    ] F0
[T+1994232179us][CH1-Dispenser] F0 F8
[T+1994303172us][CH2-Pc    ] F1
[T+1994307174us][CH1-Dispenser] F1 F9
[T+1994381172us][CH2-Pc    ] E1
[T+1994386172us][CH1-Dispenser] E1 E9
[T+1994459172us][CH2-Pc    ] F0
[T+1994467819us][CH1-Dispenser] F0 F8
[T+1994538305us][CH1-Dispenser] E0
[T+1994538173us][CH2-Pc    ] E0
[T+1994713306us][CH1-Dispenser] E1
[T+1994713173us][CH2-Pc    ] E1
[T+1994877172us][CH2-Pc    ] F0
[T+1994882172us][CH1-Dispenser] F0 F8
[T+1994955172us][CH2-Pc    ] F1
[T+1994963172us][CH1-Dispenser] F1 F9
[T+1995033172us][CH2-Pc    ] E1
[T+1995036172us][CH1-Dispenser] E1 E9
[T+1995111172us][CH2-Pc    ] F0
[T+1995117200us][CH1-Dispenser] F0 F8
[T+1995189308us][CH1-Dispenser] E0
[T+1995189174us][CH2-Pc    ] E0
[T+1995364305us][CH1-Dispenser] E1
[T+1995364173us][CH2-Pc    ] E1
[T+1995539172us][CH2-Pc    ] F0
[T+1995543172us][CH1-Dispenser] F0 F8
[T+1995617173us][CH2-Pc    ] F1
[T+1995623202us][CH1-Dispenser] F1 F9
[T+1995695197us][CH2-Pc    ] E1
[T+1995701200us][CH1-Dispenser] E1 E9
[T+1995773172us][CH2-Pc    ] F0
[T+1995777172us][CH1-Dispenser] F0 F8
[T+1995851304us][CH1-Dispenser] E0
[T+1995851173us][CH2-Pc    ] E0
[T+1996026310us][CH1-Dispenser] E1
[T+1996026173us][CH2-Pc    ] E1
[T+1996190172us][CH2-Pc    ] F0
[T+1996197172us][CH1-Dispenser] F0 F8
[T+1996268172us][CH2-Pc    ] F1
[T+1996273172us][CH1-Dispenser] F1 F9
[T+1996347172us][CH2-Pc    ] E1
[T+1996352172us][CH1-Dispenser] E1 E9
[T+1996425172us][CH2-Pc    ] F0
[T+1996433172us][CH1-Dispenser] F0 F8
[T+1996503306us][CH1-Dispenser] E0
[T+1996503174us][CH2-Pc    ] E0
[T+1996678306us][CH1-Dispenser] E1
[T+1996678173us][CH2-Pc    ] E1
[T+1996853172us][CH2-Pc    ] F0
[T+1996857172us][CH1-Dispenser] F0 F8
[T+1996932172us][CH2-Pc    ] F1
[T+1996938202us][CH1-Dispenser] F1 F9
[T+1997009172us][CH2-Pc    ] E1
[T+1997017172us][CH1-Dispenser] E1 E9
[T+1997087172us][CH2-Pc    ] F0
[T+1997094172us][CH1-Dispenser] F0 F8
[T+1997166309us][CH1-Dispenser] E0
[T+1997166174us][CH2-Pc    ] E0
[T+1997330305us][CH1-Dispenser] E1
[T+1997330174us][CH2-Pc    ] E1
[T+1997504197us][CH2-Pc    ] F0
[T+1997513819us][CH1-Dispenser] F0 F8
[T+1997583173us][CH2-Pc    ] F1
[T+1997587173us][CH1-Dispenser] F1 F9
[T+1997661172us][CH2-Pc    ] E1
[T+1997667202us][CH1-Dispenser] E1 E9
[T+1997739196us][CH2-Pc    ] F0
[T+1997748172us][CH1-Dispenser] F0 F8
[T+1997817305us][CH1-Dispenser] E0
[T+1997817173us][CH2-Pc    ] E0
[T+1997992310us][CH1-Dispenser] E1
[T+1997992174us][CH2-Pc    ] E1
[T+1998166198us][CH2-Pc    ] F0
[T+1998172200us][CH1-Dispenser] F0 F8
[T+1998245172us][CH2-Pc    ] F1
[T+1998253179us][CH1-Dispenser] F1 F9
[T+1998327172us][CH1-Dispenser] E1 E9
[T+1998323172us][CH2-Pc    ] E1
[T+1998396172us][CH2-Pc    ] F0
[T+1998402206us][CH1-Dispenser] F0 F8
[T+1998474307us][CH1-Dispenser] E0
[T+1998474173us][CH2-Pc    ] E0
[T+1998649311us][CH1-Dispenser] E1
[T+1998649174us][CH2-Pc    ] E1
[T+1998813172us][CH2-Pc    ] F0
[T+1998817172us][CH1-Dispenser] F0 F8
[T+1998891172us][CH2-Pc    ] F1
[T+1998898172us][CH1-Dispenser] F1 F9
[T+1998969172us][CH2-Pc    ] E1
[T+1998977179us][CH1-Dispenser] E1 E9
[T+1999047172us][CH2-Pc    ] F0
[T+1999053200us][CH1-Dispenser] F0 F8
[T+1999126174us][CH1-Dispenser] E0
[T+1999126306us][CH2-Pc    ] E0
[T+1999300309us][CH1-Dispenser] E1
[T+1999300173us][CH2-Pc    ] E1
[T+1999475172us][CH2-Pc    ] F0
[T+1999482172us][CH1-Dispenser] F0 F8
[T+1999553172us][CH2-Pc    ] F1
[T+1999558172us][CH1-Dispenser] F1 F9
[T+1999632172us][CH2-Pc    ] E1
[T+1999637172us][CH1-Dispenser] E1 E9
[T+1999709196us][CH2-Pc    ] F0
[T+1999717179us][CH1-Dispenser] F0 F8
[T+1999788305us][CH1-Dispenser] E0
[T+1999788173us][CH2-Pc    ] E0
[T+1999962306us][CH1-Dispenser] E1
[T+1999962173us][CH2-Pc    ] E1
[T+2000127172us][CH2-Pc    ] F0
[T+2000133200us][CH1-Dispenser] F0 F8
[T+2000205196us][CH2-Pc    ] F1
[T+2000214172us][CH1-Dispenser] F1 F9
[T+2000288172us][CH2-Pc    ] E1
[T+2000292172us][CH1-Dispenser] E1 FA
[T+2000366172us][CH2-Pc    ] F0
[T+2000372200us][CH1-Dispenser] F0 F8
[T+2000444303us][CH1-Dispenser] E0
[T+2000444173us][CH2-Pc    ] E0
[T+2000619305us][CH1-Dispenser] E1
[T+2000619173us][CH2-Pc    ] E1
[T+2000783172us][CH2-Pc    ] F0
[T+2000788172us][CH1-Dispenser] F0 F8
[T+2000861172us][CH2-Pc    ] F1
[T+2000870544us][CH1-Dispenser] F1 F9
[T+2000939172us][CH2-Pc    ] E1
[T+2000950797us][CH1-Dispenser] E1 E9
[T+2001027172us][CH2-Pc    ] F0
[T+2001033200us][CH1-Dispenser] F0 F8
[T+2001105304us][CH1-Dispenser] E0
[T+2001105173us][CH2-Pc    ] E0
[T+2001290306us][CH1-Dispenser] E1
[T+2001290173us][CH2-Pc    ] E1
[T+2001455172us][CH2-Pc    ] F0
[T+2001462172us][CH1-Dispenser] F0 F8
[T+2001531172us][CH2-Pc    ] F1
[T+2001538172us][CH1-Dispenser] F1 F9
[T+2001609172us][CH2-Pc    ] E1
[T+2001613172us][CH1-Dispenser] E1 E9
[T+2001687172us][CH2-Pc    ] F0
[T+2001692172us][CH1-Dispenser] F0 F8
[T+2001767305us][CH1-Dispenser] E0
[T+2001767173us][CH2-Pc    ] E0
[T+2001942304us][CH1-Dispenser] E1
[T+2001942173us][CH2-Pc    ] E1
[T+2002117172us][CH2-Pc    ] F0
[T+2002124172us][CH1-Dispenser] F0 F8
[T+2002195173us][CH2-Pc    ] F1
[T+2002203819us][CH1-Dispenser] F1 F9
[T+2002273172us][CH2-Pc    ] E1
[T+2002278172us][CH1-Dispenser] E1 E9
[T+2002351172us][CH2-Pc    ] F0
[T+2002357200us][CH1-Dispenser] F0 F8
[T+2002429306us][CH1-Dispenser] E0
[T+2002429173us][CH2-Pc    ] E0
[T+2002604311us][CH1-Dispenser] E1
[T+2002604173us][CH2-Pc    ] E1
[T+2002776172us][CH2-Pc    ] F0
[T+2002783828us][CH1-Dispenser] F0 F8
[T+2002857172us][CH1-Dispenser] F1 F9
[T+2002854172us][CH2-Pc    ] F1
[T+2002922172us][CH2-Pc    ] E1
[T+2002929172us][CH1-Dispenser] E1 E9
[T+2002999172us][CH2-Pc    ] F0
[T+2003008172us][CH1-Dispenser] F0 F8
[T+2003077304us][CH1-Dispenser] E0
[T+2003077173us][CH2-Pc    ] E0
[T+2003252307us][CH1-Dispenser] E1
[T+2003252173us][CH2-Pc    ] E1
[T+2003427172us][CH2-Pc    ] F0
[T+2003432173us][CH1-Dispenser] F0 F8
[T+2003505172us][CH2-Pc    ] F1
[T+2003513781us][CH1-Dispenser] F1 F9
[T+2003583172us][CH2-Pc    ] E1
[T+2003588172us][CH1-Dispenser] E1 E9
[T+2003662172us][CH2-Pc    ] F0
[T+2003667173us][CH1-Dispenser] F0 F8
[T+2003740304us][CH1-Dispenser] E0
[T+2003740173us][CH2-Pc    ] E0
[T+2003915307us][CH1-Dispenser] E1
[T+2003915173us][CH2-Pc    ] E1
[T+2004080172us][CH2-Pc    ] F0
[T+2004088821us][CH1-Dispenser] F0 F8
[T+2004163173us][CH1-Dispenser] F1 F9
[T+2004159172us][CH2-Pc    ] F1
[T+2004238342us][CH2-Pc    ] E1
[T+2004242173us][CH1-Dispenser] E1 E9
[T+2004316172us][CH2-Pc    ] F0
[T+2004323172us][CH1-Dispenser] F0 F8
[T+2004397308us][CH1-Dispenser] E0
[T+2004397174us][CH2-Pc    ] E0
[T+2004572305us][CH1-Dispenser] E1
[T+2004572173us][CH2-Pc    ] E1
[T+2004736172us][CH2-Pc    ] F0
[T+2004742200us][CH1-Dispenser] F0 E8
[T+2004817172us][CH1-Dispenser] F1 F9
[T+2004814172us][CH2-Pc    ] F1
[T+2004892173us][CH2-Pc    ] E1
[T+2004898202us][CH1-Dispenser] E1 E9
[T+2004970196us][CH2-Pc    ] F0
[T+2004977172us][CH1-Dispenser] F0 F8
[T+2005048303us][CH1-Dispenser] E0
[T+2005048173us][CH2-Pc    ] E0
[T+2005223308us][CH1-Dispenser] E1
[T+2005223174us][CH2-Pc    ] E1
[T+2005398172us][CH2-Pc    ] F0
[T+2005403173us][CH1-Dispenser] F0 F8
[T+2005480172us][CH2-Pc    ] F1
[T+2005488172us][CH1-Dispenser] F1 F9
[T+2005558172us][CH2-Pc    ] E1
[T+2005563172us][CH1-Dispenser] E1 E9
[T+2005637172us][CH2-Pc    ] F0
[T+2005644779us][CH1-Dispenser] F0 F8
[T+2005714305us][CH1-Dispenser] E0
[T+2005714173us][CH2-Pc    ] E0
[T+2005900307us][CH1-Dispenser] E1
[T+2005900174us][CH2-Pc    ] E1
[T+2006064172us][CH2-Pc    ] F0
[T+2006068172us][CH1-Dispenser] F0 F8
[T+2006142172us][CH2-Pc    ] F1
[T+2006151172us][CH1-Dispenser] F1 F9
[T+2006220172us][CH2-Pc    ] E1
[T+2006228172us][CH1-Dispenser] E1 E9
[T+2006298172us][CH2-Pc    ] F0
[T+2006303172us][CH1-Dispenser] F0 F8
[T+2006376304us][CH1-Dispenser] E0
[T+2006376173us][CH2-Pc    ] E0
[T+2006551306us][CH1-Dispenser] E1
[T+2006551173us][CH2-Pc    ] E1
[T+2006726172us][CH2-Pc    ] F0
[T+2006735179us][CH1-Dispenser] F0 F8
[T+2006804172us][CH2-Pc    ] F1
[T+2006809172us][CH1-Dispenser] F1 F9
[T+2006882172us][CH2-Pc    ] E1
[T+2006887172us][CH1-Dispenser] E1 E9
[T+2006960172us][CH2-Pc    ] F0
[T+2006970782us][CH1-Dispenser] F0 F8
[T+2007038304us][CH1-Dispenser] E0
[T+2007038173us][CH2-Pc    ] E0
[T+2007213309us][CH1-Dispenser] E1
[T+2007213173us][CH2-Pc    ] E1
[T+2007377172us][CH2-Pc    ] F0
[T+2007384172us][CH1-Dispenser] F0 F8
[T+2007455172us][CH2-Pc    ] F1
[T+2007463172us][CH1-Dispenser] F1 F9
[T+2007533172us][CH2-Pc    ] E1
[T+2007538172us][CH1-Dispenser] E1 E9
[T+2007612172us][CH2-Pc    ] F0
[T+2007619228us][CH1-Dispenser] F0 F8
[T+2007690306us][CH1-Dispenser] E0
[T+2007690173us][CH2-Pc    ] E0
[T+2007864307us][CH1-Dispenser] E1
[T+2007864173us][CH2-Pc    ] E1
[T+2008039172us][CH2-Pc    ] F0
[T+2008043173us][CH1-Dispenser] F0 F8
[T+2008117172us][CH2-Pc    ] F1
[T+2008122172us][CH1-Dispenser] F1 F9
[T+2008196172us][CH2-Pc    ] E1
[T+2008203172us][CH1-Dispenser] E1 E9
[T+2008274172us][CH2-Pc    ] F0
[T+2008278172us][CH1-Dispenser] F0 F8
[T+2008352304us][CH1-Dispenser] E0
[T+2008352173us][CH2-Pc    ] E0
[T+2008516308us][CH1-Dispenser] E1
[T+2008516173us][CH2-Pc    ] E1
[T+2008691172us][CH2-Pc    ] F0
[T+2008699811us][CH1-Dispenser] F0 F8
[T+2008769172us][CH2-Pc    ] F1
[T+2008774172us][CH1-Dispenser] F1 F9
[T+2008847172us][CH2-Pc    ] E1
[T+2008853205us][CH1-Dispenser] E1 E9
[T+2008926172us][CH2-Pc    ] F0
[T+2008936179us][CH1-Dispenser] F0 F8
[T+2009004305us][CH1-Dispenser] E0
[T+2009004173us][CH2-Pc    ] E0
[T+2009179310us][CH1-Dispenser] E1
[T+2009179173us][CH2-Pc    ] E1
[T+2009354172us][CH2-Pc    ] F0
[T+2009358172us][CH1-Dispenser] F0 F8
[T+2009432172us][CH2-Pc    ] F1
[T+2009437172us][CH1-Dispenser] F1 F9
[T+2009510172us][CH2-Pc    ] E1
[T+2009520172us][CH1-Dispenser] E1 E9
[T+2009588172us][CH2-Pc    ] F0
[T+2009594200us][CH1-Dispenser] F0 F8
[T+2009666309us][CH1-Dispenser] E0
[T+2009666175us][CH2-Pc    ] E0
[T+2009830304us][CH1-Dispenser] E1
[T+2009830173us][CH2-Pc    ] E1
[T+2010008172us][CH2-Pc    ] F0
[T+2010014200us][CH1-Dispenser] F0 F8
[T+2010086197us][CH2-Pc    ] F1
[T+2010093172us][CH1-Dispenser] F1 F9
[T+2010165210us][CH2-Pc    ] E1
[T+2010174179us][CH1-Dispenser] E1 E9
[T+2010243172us][CH2-Pc    ] F0
[T+2010248172us][CH1-Dispenser] F0 F8
[T+2010321305us][CH1-Dispenser] E0
[T+2010321173us][CH2-Pc    ] E0
[T+2010486310us][CH1-Dispenser] E1
[T+2010486174us][CH2-Pc    ] E1
[T+2010660197us][CH2-Pc    ] F0
[T+2010668179us][CH1-Dispenser] F0 F8
[T+2010738172us][CH2-Pc    ] F1
[T+2010744200us][CH1-Dispenser] F1 F9
[T+2010817172us][CH2-Pc    ] E1
[T+2010823200us][CH1-Dispenser] E1 E9
[T+2010895198us][CH2-Pc    ] F0
[T+2010905179us][CH1-Dispenser] F0 F8
[T+2010973304us][CH1-Dispenser] E0
[T+2010973173us][CH2-Pc    ] E0
[T+2011148307us][CH1-Dispenser] E1
[T+2011148173us][CH2-Pc    ] E1
[T+2011313172us][CH2-Pc    ] F0
[T+2011319200us][CH1-Dispenser] F0 F8
[T+2011391198us][CH2-Pc    ] F1
[T+2011398172us][CH1-Dispenser] F1 F9
[T+2011469172us][CH2-Pc    ] E1
[T+2011473172us][CH1-Dispenser] E1 E9
[T+2011547172us][CH2-Pc    ] F0
[T+2011554172us][CH1-Dispenser] F0 F8
[T+2011625305us][CH1-Dispenser] E0
[T+2011625173us][CH2-Pc    ] E0
[T+2011800305us][CH1-Dispenser] E1
[T+2011800173us][CH2-Pc    ] E1
[T+2011978173us][CH1-Dispenser] F0 F8
[T+2011975172us][CH2-Pc    ] F0
[T+2012042172us][CH2-Pc    ] F1
[T+2012048200us][CH1-Dispenser] F1 F9
[T+2012120196us][CH2-Pc    ] E1
[T+2012127172us][CH1-Dispenser] E1 E9
[T+2012198172us][CH2-Pc    ] F0
[T+2012203172us][CH1-Dispenser] F0 F8
[T+2012277172us][CH1-Dispenser] E0
[T+2012276172us][CH2-Pc    ] E0
[T+2012462306us][CH1-Dispenser] E1
[T+2012462173us][CH2-Pc    ] E1
[T+2012626172us][CH2-Pc    ] F0
[T+2012634179us][CH1-Dispenser] F0 F8
[T+2012708172us][CH1-Dispenser] F1 F9
[T+2012704172us][CH2-Pc    ] F1
[T+2012782172us][CH2-Pc    ] E1
[T+2012788200us][CH1-Dispenser] E1 E9
[T+2012861172us][CH2-Pc    ] F0
[T+2012869812us][CH1-Dispenser] F0 F8
[T+2012939309us][CH1-Dispenser] E0
[T+2012939173us][CH2-Pc    ] E0
[T+2013113305us][CH1-Dispenser] E1
[T+2013113173us][CH2-Pc    ] E1
[T+2013288172us][CH2-Pc    ] F0
[T+2013295816us][CH1-Dispenser] F0 E8
[T+2013366172us][CH2-Pc    ] F1
[T+2013373172us][CH1-Dispenser] F1 F9
[T+2013444172us][CH2-Pc    ] E1
[T+2013448172us][CH1-Dispenser] E1 E9
[T+2013512172us][CH2-Pc    ] F0
[T+2013518202us][CH1-Dispenser] F0 F8
[T+2013590305us][CH1-Dispenser] E0
[T+2013590173us][CH2-Pc    ] E0
[T+2013776172us][CH1-Dispenser] E1
[T+2013775172us][CH2-Pc    ] E1
[T+2013940172us][CH2-Pc    ] F0
[T+2013944173us][CH1-Dispenser] F0 F8
[T+2014018172us][CH2-Pc    ] F1
[T+2014023172us][CH1-Dispenser] F1 F9
[T+2014096172us][CH2-Pc    ] E1
[T+2014104172us][CH1-Dispenser] E1 E9
[T+2014174173us][CH2-Pc    ] F0
[T+2014179172us][CH1-Dispenser] F0 F8
[T+2014252307us][CH1-Dispenser] E0
[T+2014252173us][CH2-Pc    ] E0
[T+2014448307us][CH1-Dispenser] E1
[T+2014448173us][CH2-Pc    ] E1
[T+2014612172us][CH2-Pc    ] F0
[T+2014620817us][CH1-Dispenser] F0 E8
[T+2014690172us][CH2-Pc    ] F1
[T+2014695172us][CH1-Dispenser] F1 F9
[T+2014768172us][CH2-Pc    ] E1
[T+2014774202us][CH1-Dispenser] E1 E9
[T+2014846196us][CH2-Pc    ] F0
[T+2014853172us][CH1-Dispenser] F0 F8
[T+2014924307us][CH1-Dispenser] E0
[T+2014924173us][CH2-Pc    ] E0
[T+2015099309us][CH1-Dispenser] E1
[T+2015099173us][CH2-Pc    ] E1
[T+2015274172us][CH2-Pc    ] F0
[T+2015279172us][CH1-Dispenser] F0 F8
[T+2015352172us][CH2-Pc    ] F1
[T+2015360774us][CH1-Dispenser] F1 F9
[T+2015430172us][CH2-Pc    ] E1
[T+2015439179us][CH1-Dispenser] E1 E9
[T+2015508173us][CH2-Pc    ] F0
[T+2015514200us][CH1-Dispenser] F0 F8
[T+2015586305us][CH1-Dispenser] E0
[T+2015586173us][CH2-Pc    ] E0
[T+2015755308us][CH1-Dispenser] E1
[T+2015755174us][CH2-Pc    ] E1
[T+2015930172us][CH2-Pc    ] F0
[T+2015935174us][CH1-Dispenser] F0 F8
[T+2016008172us][CH2-Pc    ] F1
[T+2016016173us][CH1-Dispenser] F1 F9
[T+2016086172us][CH2-Pc    ] E1
[T+2016095782us][CH1-Dispenser] E1 E9
[T+2016164172us][CH2-Pc    ] F0
[T+2016168173us][CH1-Dispenser] F0 F8
[T+2016242305us][CH1-Dispenser] E0
[T+2016242173us][CH2-Pc    ] E0
[T+2016406304us][CH1-Dispenser] E1
[T+2016406173us][CH2-Pc    ] E1
[T+2016592196us][CH2-Pc    ] F0
[T+2016600178us][CH1-Dispenser] F0 F8
[T+2016674172us][CH1-Dispenser] F1 ED
[T+2016670172us][CH2-Pc    ] F1
[T+2016698173us][CH2-Pc    ] E1
[T+2016823172us][CH2-Pc    ] EF FA FF F8 E8 F8 FF EB EC
[T+2016852172us][CH1-Dispenser] E1 ED EF FA FF F8 E8 F8 FF EB EC 37 E5 8D 24 A3 A3 12 E8 22 1C A2
[T+2016927172us][CH2-Pc    ] E1
[T+2016933200us][CH1-Dispenser] E1 E9
[T+2017005206us][CH2-Pc    ] F0
[T+2017014179us][CH1-Dispenser] F0 F8
[T+2017084306us][CH1-Dispenser] E0
[T+2017084173us][CH2-Pc    ] E0
[T+2017260172us][CH2-Pc    ] E1
[T+2017261172us][CH1-Dispenser] E1
[T+2017424172us][CH2-Pc    ] F0
[T+2017429172us][CH1-Dispenser] F0 F8
[T+2017502172us][CH2-Pc    ] F1
[T+2017508200us][CH1-Dispenser] F1 ED
[T+2017529172us][CH2-Pc    ] E1
[T+2017656174us][CH2-Pc    ] EF FA FF F8 E8 F8 FF EB EC
[T+2017686196us][CH1-Dispenser] E1 ED EF FA FF F8 E8 F8 FF EB EC 37 AB 8D 24 A3 A3 12 68 F4 2C 22
[T+2017761172us][CH2-Pc    ] E1
[T+2017769172us][CH1-Dispenser] E1 E9
[T+2017839172us][CH2-Pc    ] F0
[T+2017846172us][CH1-Dispenser] F0 E8
[T+2017917307us][CH1-Dispenser] E0
[T+2017917173us][CH2-Pc    ] E0
[T+2018103305us][CH1-Dispenser] E1
[T+2018103173us][CH2-Pc    ] E1
[T+2018268222us][CH2-Pc    ] F0
[T+2018274200us][CH1-Dispenser] F0 F8
[T+2018346196us][CH2-Pc    ] F1
[T+2018371316us][CH2-Pc    ] E1
[T+2018493460us][CH2-Pc    ] EF FA FF F8 E8 F8 FF EB EC
[T+2018521177us][CH1-Dispenser] F1 ED E1 ED EF FA FF F8 E8 F8 FF EB EC 37 AB 8D 24 F1 F1 A2 E8 22 2C A2
[T+2018587196us][CH2-Pc    ] E1
[T+2018594172us][CH1-Dispenser] E1 E9
[T+2018665172us][CH2-Pc    ] F0
[T+2018673181us][CH1-Dispenser] F0 F8
[T+2018777297us][CH1-Dispenser] E0
[T+2018777173us][CH2-Pc    ] E0
[T+2018963305us][CH1-Dispenser] E1
[T+2018963173us][CH2-Pc    ] E1
[T+2019127172us][CH2-Pc    ] F0
[T+2019133202us][CH1-Dispenser] F0 F8
[T+2019209172us][CH1-Dispenser] F1 ED
[T+2019205172us][CH2-Pc    ] F1
[T+2019233196us][CH2-Pc    ] E1
[T+2019330304us][CH1-Dispenser] E1 ED EF FA FF F8 E8 F8 FF
[T+2019330173us][CH2-Pc    ] EF FA FF F8 E8 F8 FF
[T+2019367172us][CH2-Pc    ] EB EC
[T+2019396174us][CH1-Dispenser] EB EC 37 AB 1D 24 A3 A3 12 68 F4 2C A2
[T+2019470172us][CH2-Pc    ] E1
[T+2019473172us][CH1-Dispenser] E1 E9
[T+2019537172us][CH2-Pc    ] F0
[T+2019544172us][CH1-Dispenser] F0 E8
[T+2019615304us][CH1-Dispenser] E0
[T+2019615173us][CH2-Pc    ] E0
[T+2019790308us][CH1-Dispenser] E1
[T+2019790173us][CH2-Pc    ] E1
[T+2019954172us][CH2-Pc    ] F0
[T+2019960200us][CH1-Dispenser] F0 F8
[T+2020032197us][CH2-Pc    ] F1
[T+2020038201us][CH1-Dispenser] F1 ED
[T+2020060172us][CH2-Pc    ] E1
[T+2020182196us][CH2-Pc    ] EF FA FF F8 E8 F8 FF EB EC
[T+2020211172us][CH1-Dispenser] E1 ED EF FA FF F8 E8 F8 FF EB EC 37 F5 8D 24 F1 A3 12 68 F4 2C A2
[T+2020233495us][CH2-Pc    ] E1
[T+2020254172us][CH1-Dispenser] E1 ED EF
[T+2020255172us][CH2-Pc    ] EF
[T+2020276307us][CH1-Dispenser] F8
[T+2020276174us][CH2-Pc    ] F8
[T+2020322309us][CH1-Dispenser] FC ED F8
[T+2020322174us][CH2-Pc    ] FC ED F8
[T+2020423316us][CH1-Dispenser] FD F8 F9 E8 E8 FF EB
[T+2020423174us][CH2-Pc    ] FD F8 F9 E8 E8 FF EB
[T+2020451297us][CH1-Dispenser] EC
[T+2020451173us][CH2-Pc    ] EC
[T+2020540172us][CH2-Pc    ] F1
[T+2020544172us][CH1-Dispenser] F1 ED
[T+2020568196us][CH2-Pc    ] E1
[T+2020740307us][CH1-Dispenser] E1 ED EF F8 FD FE F8 F8 F8 F8 F8 F8 FF E9 EC
[T+2020740173us][CH2-Pc    ] EF F8 FD FE F8 F8 F8 F8 F8 F8 FF E9 EC
[T+2020834174us][CH1-Dispenser] F1 ED
[T+2020830174us][CH2-Pc    ] F1
[T+2020859172us][CH1-Dispenser] E5
[T+2020858172us][CH2-Pc    ] E5
[T+2020945172us][CH2-Pc    ] F1
[T+2020950172us][CH1-Dispenser] F1 F5
[T+2021023172us][CH2-Pc    ] E1
[T+2021030172us][CH1-Dispenser] E1 E9
[T+2021102172us][CH2-Pc    ] F0
[T+2021107172us][CH1-Dispenser] F0 F8
[T+2021180306us][CH1-Dispenser] E0
[T+2021180173us][CH2-Pc    ] E0
[T+2021344307us][CH1-Dispenser] E1
[T+2021344173us][CH2-Pc    ] E1
[T+2021518197us][CH2-Pc    ] F0
[T+2021524201us][CH1-Dispenser] F0 F8
[T+2021597172us][CH2-Pc    ] F1
[T+2021604172us][CH1-Dispenser] F1 F5
[T+2022175173us][CH2-Pc    ] E1
[T+2022178174us][CH1-Dispenser] E1 E9
[T+2022242172us][CH2-Pc    ] F0
[T+2022250172us][CH1-Dispenser] F0 F8
[T+2022320306us][CH1-Dispenser] E0
[T+2022320173us][CH2-Pc    ] E0
[T+2022484308us][CH1-Dispenser] E1
[T+2022484173us][CH2-Pc    ] E1
[T+2022659172us][CH2-Pc    ] F0
[T+2022665200us][CH1-Dispenser] F0 F8
[T+2022737196us][CH2-Pc    ] F1
[T+2022765172us][CH2-Pc    ] F9
[T+2022775176us][CH1-Dispenser] F1 F5 F9 38 38 38
[T+2022845172us][CH2-Pc    ] E1
[T+2022848172us][CH1-Dispenser] E1 E9
[T+2022912172us][CH2-Pc    ] F0
[T+2022918200us][CH1-Dispenser] F0 F8
[T+2022990304us][CH1-Dispenser] E0
[T+2022990173us][CH2-Pc    ] E0
[T+2023165306us][CH1-Dispenser] E1
[T+2023165173us][CH2-Pc    ] E1
[T+2023329172us][CH2-Pc    ] F0
[T+2023334172us][CH1-Dispenser] F0 F8
[T+2023407172us][CH2-Pc    ] F1
[T+2023434172us][CH2-Pc    ] F9
[T+2023446213us][CH1-Dispenser] F1 F5 F9 38 38 38
[T+2023513172us][CH2-Pc    ] E1
[T+2023519200us][CH1-Dispenser] E1 E9
[T+2023591201us][CH2-Pc    ] F0
[T+2023599816us][CH1-Dispenser] F0 F8
[T+2023669308us][CH1-Dispenser] E0
[T+2023669173us][CH2-Pc    ] E0
[T+2023846305us][CH1-Dispenser] E1
[T+2023846173us][CH2-Pc    ] E1
[T+2024018172us][CH2-Pc    ] F0
[T+2024025810us][CH1-Dispenser] F0 F8
[T+2024097196us][CH2-Pc    ] F1
[T+2024124172us][CH2-Pc    ] F9
[T+2024135678us][CH1-Dispenser] F1 F5 F9 38 38 38
[T+2024203172us][CH2-Pc    ] E1
[T+2024210824us][CH1-Dispenser] E1 E9
[T+2024283172us][CH2-Pc    ] F0
[T+2024288172us][CH1-Dispenser] F0 F8
[T+2024362304us][CH1-Dispenser] E0
[T+2024362173us][CH2-Pc    ] E0
[T+2024540308us][CH1-Dispenser] E1
[T+2024540173us][CH2-Pc    ] E1
[T+2024704172us][CH2-Pc    ] F0
[T+2024710200us][CH1-Dispenser] F0 F8
[T+2024783172us][CH2-Pc    ] F1
[T+2024790172us][CH1-Dispenser] F1 F5
[T+2024812172us][CH2-Pc    ] F9
[T+2024826172us][CH1-Dispenser] F9 EA 28 38
[T+2024894172us][CH2-Pc    ] E1
[T+2024900200us][CH1-Dispenser] E1 E9
[T+2024973172us][CH2-Pc    ] F0
[T+2024981172us][CH1-Dispenser] F0 F8
[T+2025051306us][CH1-Dispenser] E0
[T+2025051174us][CH2-Pc    ] E0
[T+2025227307us][CH1-Dispenser] E1
[T+2025227173us][CH2-Pc    ] E1
[T+2025392173us][CH2-Pc    ] F0
[T+2025401179us][CH1-Dispenser] F0 F8
[T+2025470172us][CH2-Pc    ] F1
[T+2025475172us][CH1-Dispenser] F1 F5
[T+2025497172us][CH2-Pc    ] F9
[T+2025511172us][CH1-Dispenser] F9 AA 72 38
[T+2025576172us][CH2-Pc    ] E1
[T+2025585172us][CH1-Dispenser] E1 E9
[T+2025655172us][CH2-Pc    ] F0
[T+2025659173us][CH1-Dispenser] F0 F8
[T+2025733304us][CH1-Dispenser] E0
[T+2025733173us][CH2-Pc    ] E0
[T+2025910307us][CH1-Dispenser] E1
[T+2025910173us][CH2-Pc    ] E1
[T+2026086172us][CH2-Pc    ] F0
[T+2026090172us][CH1-Dispenser] F0 F8
[T+2026164172us][CH2-Pc    ] F1
[T+2026169172us][CH1-Dispenser] F1 F5
[T+2026191172us][CH2-Pc    ] F9
[T+2026206172us][CH1-Dispenser] F9 E8 38 38
[T+2026273172us][CH2-Pc    ] E1
[T+2026281179us][CH1-Dispenser] E1 E9
[T+2026351172us][CH2-Pc    ] F0
[T+2026360179us][CH1-Dispenser] F0 F8
[T+2026430307us][CH1-Dispenser] E0
[T+2026430174us][CH2-Pc    ] E0
[T+2026596305us][CH1-Dispenser] E1
[T+2026596173us][CH2-Pc    ] E1
[T+2026771172us][CH2-Pc    ] F0
[T+2026782180us][CH1-Dispenser] F0 F8
[T+2026849172us][CH2-Pc    ] F1
[T+2026854172us][CH1-Dispenser] F1 F5
[T+2026877172us][CH2-Pc    ] F9
[T+2026892045us][CH1-Dispenser] F9 A9 7B 38
[T+2026965172us][CH2-Pc    ] E1
[T+2026969172us][CH1-Dispenser] E1 E9
[T+2027043172us][CH2-Pc    ] F0
[T+2027048172us][CH1-Dispenser] F0 F8
[T+2027121304us][CH1-Dispenser] E0
[T+2027121173us][CH2-Pc    ] E0
[T+2027306307us][CH1-Dispenser] E1
[T+2027306174us][CH2-Pc    ] E1
[T+2027471172us][CH2-Pc    ] F0
[T+2027480179us][CH1-Dispenser] F0 F8
[T+2027554172us][CH1-Dispenser] F1 F5
[T+2027550172us][CH2-Pc    ] F1
[T+2027577172us][CH2-Pc    ] F9
[T+2027590172us][CH1-Dispenser] F9 29 77 71
[T+2027656197us][CH2-Pc    ] E1
[T+2027664172us][CH1-Dispenser] E1 E9
[T+2027734172us][CH2-Pc    ] F0
[T+2027740200us][CH1-Dispenser] F0 F8
[T+2027814307us][CH1-Dispenser] E0
[T+2027814174us][CH2-Pc    ] E0
[T+2027989306us][CH1-Dispenser] E1
[T+2027989173us][CH2-Pc    ] E1
[T+2028163197us][CH2-Pc    ] F0
[T+2028169200us][CH1-Dispenser] F0 FE
[T+2028241172us][CH2-Pc    ] F1
[T+2028245172us][CH1-Dispenser] F1 F5
[T+2028268172us][CH2-Pc    ] F9
[T+2028281173us][CH1-Dispenser] F9 6A 37 F1
[T+2028347196us][CH2-Pc    ] E1
[T+2028355811us][CH1-Dispenser] E1 E9
[T+2028426172us][CH2-Pc    ] F0
[T+2028436172us][CH1-Dispenser] F0 F8
[T+2028504305us][CH1-Dispenser] E0
[T+2028504173us][CH2-Pc    ] E0
[T+2028681309us][CH1-Dispenser] E1
[T+2028681173us][CH2-Pc    ] E1
[T+2028847172us][CH2-Pc    ] F0
[T+2028854172us][CH1-Dispenser] F0 F8
[T+2028925172us][CH2-Pc    ] F1
[T+2028930173us][CH1-Dispenser] F1 F5
[T+2028952172us][CH2-Pc    ] F9
[T+2028968172us][CH1-Dispenser] F9 A9 33 71
[T+2029043172us][CH2-Pc    ] E1
[T+2029050172us][CH1-Dispenser] E1 E9
[T+2029121707us][CH2-Pc    ] F0
[T+2029130236us][CH1-Dispenser] F0 F8
[T+2029199323us][CH1-Dispenser] E0
[T+2029199181us][CH2-Pc    ] E0
[T+2029378306us][CH1-Dispenser] E1
[T+2029378173us][CH2-Pc    ] E1
[T+2029557172us][CH2-Pc    ] F0
[T+2029565816us][CH1-Dispenser] F0 F8
[T+2029635175us][CH2-Pc    ] F1
[T+2029661196us][CH2-Pc    ] F9
[T+2029670179us][CH1-Dispenser] F1 F5 F9 F9 F3 8E F8
[T+2029739172us][CH2-Pc    ] E1
[T+2029744172us][CH1-Dispenser] E1 E9
[T+2029817172us][CH2-Pc    ] F0
[T+2029825172us][CH1-Dispenser] F0 F8
[T+2029896173us][CH1-Dispenser] E0
[T+2029895175us][CH2-Pc    ] E0
[T+2030071305us][CH1-Dispenser] E1
[T+2030071173us][CH2-Pc    ] E1
[T+2030237172us][CH2-Pc    ] F0
[T+2030245172us][CH1-Dispenser] F0 F8
[T+2030315172us][CH2-Pc    ] F1
[T+2030320172us][CH1-Dispenser] F1 F5
[T+2030343172us][CH2-Pc    ] F9
[T+2030357222us][CH1-Dispenser] F9 38 3A 70
[T+2030423197us][CH2-Pc    ] E1
[T+2030429201us][CH1-Dispenser] E1 E9
[T+2030501197us][CH2-Pc    ] F0
[T+2030509172us][CH1-Dispenser] F0 F8
[T+2030579304us][CH1-Dispenser] E0
[T+2030579173us][CH2-Pc    ] E0
[T+2030754305us][CH1-Dispenser] E1
[T+2030754173us][CH2-Pc    ] E1
[T+2030928197us][CH2-Pc    ] F0
[T+2030935172us][CH1-Dispenser] F0 F8
[T+2031009172us][CH2-Pc    ] F1
[T+2031036177us][CH2-Pc    ] F9
[T+2031046172us][CH1-Dispenser] F1 F5 F9 29 F4 8E F8
[T+2031116172us][CH2-Pc    ] E1
[T+2031124812us][CH1-Dispenser] E1 E9
[T+2031194172us][CH2-Pc    ] F0
[T+2031200201us][CH1-Dispenser] F0 F8
[T+2031272310us][CH1-Dispenser] E0
[T+2031272175us][CH2-Pc    ] E0
[T+2031447304us][CH1-Dispenser] E1
[T+2031447173us][CH2-Pc    ] E1
[T+2031611172us][CH2-Pc    ] F0
[T+2031617200us][CH1-Dispenser] F0 F8
[T+2031689197us][CH2-Pc    ] F1
[T+2031696820us][CH1-Dispenser] F1 F5
[T+2031718172us][CH2-Pc    ] F9
[T+2031731172us][CH1-Dispenser] F9 F9 39 38
[T+2031797196us][CH2-Pc    ] E1
[T+2031805815us][CH1-Dispenser] E1 E9
[T+2031875172us][CH2-Pc    ] F0
[T+2031879172us][CH1-Dispenser] F0 F8
[T+2031953303us][CH1-Dispenser] E0
[T+2031953173us][CH2-Pc    ] E0
[T+2032128304us][CH1-Dispenser] E1
[T+2032128173us][CH2-Pc    ] E1
[T+2032303172us][CH2-Pc    ] F0
[T+2032310172us][CH1-Dispenser] F0 F8
[T+2032382196us][CH2-Pc    ] F1
[T+2032409172us][CH2-Pc    ] F9
[T+2032422173us][CH1-Dispenser] F1 F5 F9 BA 39 70
[T+2032490172us][CH2-Pc    ] E1
[T+2032495172us][CH1-Dispenser] E1 E9
[T+2032569172us][CH2-Pc    ] F0
[T+2032574172us][CH1-Dispenser] F0 F8
[T+2032649306us][CH1-Dispenser] E0
[T+2032649173us][CH2-Pc    ] E0
[T+2032815311us][CH1-Dispenser] E1
[T+2032815174us][CH2-Pc    ] E1
[T+2032990172us][CH2-Pc    ] F0
[T+2032997172us][CH1-Dispenser] F0 F8
[T+2033068172us][CH2-Pc    ] F1
[T+2033095172us][CH2-Pc    ] F9
[T+2033107214us][CH1-Dispenser] F1 F5 F9 68 A9 F1
[T+2033174172us][CH2-Pc    ] E1
[T+2033180200us][CH1-Dispenser] E1 E9
[T+2033252196us][CH2-Pc    ] F0
[T+2033259172us][CH1-Dispenser] F0 F8
[T+2033330306us][CH1-Dispenser] E0
[T+2033330173us][CH2-Pc    ] E0
[T+2033505309us][CH1-Dispenser] E1
[T+2033505174us][CH2-Pc    ] E1
[T+2033679172us][CH2-Pc    ] F0
[T+2033686172us][CH1-Dispenser] F0 F8
[T+2033750172us][CH2-Pc    ] F1
[T+2033754172us][CH1-Dispenser] F1 F5
[T+2033779172us][CH2-Pc    ] F9
[T+2033790179us][CH1-Dispenser] F9 2A F2 38
[T+2033857172us][CH2-Pc    ] E1
[T+2033865172us][CH1-Dispenser] E1 E9
[T+2033935172us][CH2-Pc    ] F0
[T+2033940175us][CH1-Dispenser] F0 E8
[T+2034013305us][CH1-Dispenser] E0
[T+2034013173us][CH2-Pc    ] E0
[T+2034188306us][CH1-Dispenser] E1
[T+2034188173us][CH2-Pc    ] E1
[T+2034364172us][CH2-Pc    ] F0
[T+2034369172us][CH1-Dispenser] F0 F8
[T+2034442172us][CH2-Pc    ] F1
[T+2034450172us][CH1-Dispenser] F1 F5
[T+2034471172us][CH2-Pc    ] F9
[T+2034481179us][CH1-Dispenser] F9 38 76 87 F8
[T+2034553204us][CH2-Pc    ] E1
[T+2034560172us][CH1-Dispenser] E1 E9
[T+2034631172us][CH2-Pc    ] F0
[T+2034634173us][CH1-Dispenser] F0 F8
[T+2034698305us][CH1-Dispenser] E0
[T+2034698173us][CH2-Pc    ] E0
[T+2034884307us][CH1-Dispenser] E1
[T+2034884173us][CH2-Pc    ] E1
[T+2035048172us][CH2-Pc    ] F0
[T+2035054202us][CH1-Dispenser] F0 F8
[T+2035127172us][CH2-Pc    ] F1
[T+2035155172us][CH2-Pc    ] F9
[T+2035167213us][CH1-Dispenser] F1 F5 F9 3A 72 87 F8
[T+2035240172us][CH1-Dispenser] E1 E9
[T+2035236172us][CH2-Pc    ] E1
[T+2035304172us][CH2-Pc    ] F0
[T+2035310200us][CH1-Dispenser] F0 F8
[T+2035383305us][CH1-Dispenser] E0
[T+2035383173us][CH2-Pc    ] E0
[T+2035547304us][CH1-Dispenser] E1
[T+2035547173us][CH2-Pc    ] E1
[T+2035723172us][CH2-Pc    ] F0
[T+2035731815us][CH1-Dispenser] F0 E8
[T+2035820172us][CH2-Pc    ] F1
[T+2035824172us][CH1-Dispenser] F1 F5
[T+2035848197us][CH2-Pc    ] F9
[T+2035861172us][CH1-Dispenser] F9 29 76 87 F8
[T+2035927199us][CH2-Pc    ] E1
[T+2035935172us][CH1-Dispenser] E1 E9
[T+2036006172us][CH2-Pc    ] F0
[T+2036009172us][CH1-Dispenser] F0 F8
[T+2036073305us][CH1-Dispenser] E0
[T+2036073173us][CH2-Pc    ] E0
[T+2036258305us][CH1-Dispenser] E1
[T+2036258173us][CH2-Pc    ] E1
[T+2036423172us][CH2-Pc    ] F0
[T+2036431179us][CH1-Dispenser] F0 F8
[T+2036503196us][CH2-Pc    ] F1
[T+2036530172us][CH2-Pc    ] F9
[T+2036541179us][CH1-Dispenser] F1 F5 F9 28 35 0B F8
[T+2036608172us][CH2-Pc    ] E1
[T+2036614201us][CH1-Dispenser] E1 E9
[T+2036689172us][CH2-Pc    ] F0
[T+2036695200us][CH1-Dispenser] F0 F8
[T+2036767306us][CH1-Dispenser] E0
[T+2036767173us][CH2-Pc    ] E0
[T+2036942306us][CH1-Dispenser] E1
[T+2036942173us][CH2-Pc    ] E1
[T+2037117172us][CH2-Pc    ] F0
[T+2037125172us][CH1-Dispenser] F0 F8
[T+2037195172us][CH2-Pc    ] F1
[T+2037200172us][CH1-Dispenser] F1 F5
[T+2037222172us][CH2-Pc    ] F9
[T+2037237173us][CH1-Dispenser] F9 28 76 0B F8
[T+2037306172us][CH2-Pc    ] E1
[T+2037310172us][CH1-Dispenser] E1 E9
[T+2037383172us][CH2-Pc    ] F0
[T+2037389202us][CH1-Dispenser] F0 F8
[T+2037462307us][CH1-Dispenser] E0
[T+2037462174us][CH2-Pc    ] E0
[T+2037626310us][CH1-Dispenser] E1
[T+2037626173us][CH2-Pc    ] E1
[T+2037800173us][CH2-Pc    ] F0
[T+2037805172us][CH1-Dispenser] F0 F8
[T+2037879172us][CH2-Pc    ] F1
[T+2037886818us][CH1-Dispenser] F1 F5
[T+2037908172us][CH2-Pc    ] F9
[T+2037922172us][CH1-Dispenser] F9 28 E9 C5
[T+2038025172us][CH2-Pc    ] E1
[T+2038031200us][CH1-Dispenser] E1 E9
[T+2038103196us][CH2-Pc    ] F0
[T+2038110172us][CH1-Dispenser] F0 F8
[T+2038181307us][CH1-Dispenser] E0
[T+2038181174us][CH2-Pc    ] E0
[T+2038346309us][CH1-Dispenser] E1
[T+2038346173us][CH2-Pc    ] E1
[T+2038524172us][CH2-Pc    ] F0
[T+2038530202us][CH1-Dispenser] F0 F8
[T+2038602197us][CH2-Pc    ] F1
[T+2038629172us][CH2-Pc    ] F9
[T+2038642172us][CH1-Dispenser] F1 F5 F9 69 37 85 F8
[T+2038708197us][CH2-Pc    ] E1
[T+2038715172us][CH1-Dispenser] E1 E9
[T+2038789172us][CH1-Dispenser] F0 F8
[T+2038786172us][CH2-Pc    ] F0
[T+2038853314us][CH1-Dispenser] E0
[T+2038853175us][CH2-Pc    ] E0
[T+2039017305us][CH1-Dispenser] E1
[T+2039017173us][CH2-Pc    ] E1
[T+2039192172us][CH2-Pc    ] F0
[T+2039201181us][CH1-Dispenser] F0 F8
[T+2039273197us][CH2-Pc    ] F1
[T+2039300172us][CH2-Pc    ] F9
[T+2039313172us][CH1-Dispenser] F1 F5 F9 29 23 87 F8
[T+2039378172us][CH2-Pc    ] E1
[T+2039386172us][CH1-Dispenser] E1 E9
[T+2039457172us][CH2-Pc    ] F0
[T+2039465175us][CH1-Dispenser] F0 F8
[T+2039537305us][CH1-Dispenser] E0
[T+2039537173us][CH2-Pc    ] E0
[T+2039714309us][CH1-Dispenser] E1
[T+2039714173us][CH2-Pc    ] E1
[T+2039899172us][CH2-Pc    ] F0
[T+2039906172us][CH1-Dispenser] F0 F8
[T+2039977172us][CH2-Pc    ] F1
[T+2040004172us][CH2-Pc    ] F9
[T+2040016213us][CH1-Dispenser] F1 F5 F9 29 29 38
[T+2040083172us][CH2-Pc    ] E1
[T+2040092814us][CH1-Dispenser] E1 E9
[T+2040161172us][CH2-Pc    ] F0
[T+2040164172us][CH1-Dispenser] F0 F8
[T+2040228305us][CH1-Dispenser] E0
[T+2040228173us][CH2-Pc    ] E0
[T+2040396305us][CH1-Dispenser] E1
[T+2040396173us][CH2-Pc    ] E1
[T+2040563172us][CH2-Pc    ] F0
[T+2040569201us][CH1-Dispenser] F0 F8
[T+2040645174us][CH1-Dispenser] F1 F5
[T+2040641174us][CH2-Pc    ] F1
[T+2040668172us][CH2-Pc    ] F9
[T+2040681172us][CH1-Dispenser] F9 39 28 28
[T+2040747199us][CH2-Pc    ] E1
[T+2040755172us][CH1-Dispenser] E1 E9
[T+2040825172us][CH2-Pc    ] F0
[T+2040830172us][CH1-Dispenser] F0 F8
[T+2040903309us][CH1-Dispenser] E0
[T+2040903175us][CH2-Pc    ] E0
[T+2041080304us][CH1-Dispenser] E1
[T+2041080173us][CH2-Pc    ] E1
[T+2041271172us][CH2-Pc    ] F0
[T+2041274172us][CH1-Dispenser] F0 F8
[T+2041339172us][CH2-Pc    ] F1
[T+2041345201us][CH1-Dispenser] F1 F5
[T+2041366172us][CH2-Pc    ] F9
[T+2041379172us][CH1-Dispenser] F9 28 37 28
[T+2041444172us][CH2-Pc    ] E1
[T+2041450200us][CH1-Dispenser] E1 E9
[T+2041522196us][CH2-Pc    ] F0
[T+2041531172us][CH1-Dispenser] F0 F8
[T+2041600304us][CH1-Dispenser] E0
[T+2041600173us][CH2-Pc    ] E0
[T+2041775310us][CH1-Dispenser] E1
[T+2041775174us][CH2-Pc    ] E1
[T+2041940172us][CH2-Pc    ] F0
[T+2041947172us][CH1-Dispenser] F0 F8
[T+2042018172us][CH2-Pc    ] F1
[T+2042045172us][CH2-Pc    ] F9
[T+2042058172us][CH1-Dispenser] F1 F5 F9 78 35 E5
[T+2042125172us][CH2-Pc    ] E1
[T+2042130175us][CH1-Dispenser] E1 E9
[T+2042203172us][CH2-Pc    ] F0
[T+2042211785us][CH1-Dispenser] F0 F8
[T+2042281306us][CH1-Dispenser] E0
[T+2042281173us][CH2-Pc    ] E0
[T+2042456307us][CH1-Dispenser] E1
[T+2042456173us][CH2-Pc    ] E1
[T+2042630196us][CH2-Pc    ] F0
[T+2042636201us][CH1-Dispenser] F0 E8
[T+2042708197us][CH2-Pc    ] F1
[T+2042736172us][CH2-Pc    ] F9
[T+2042747179us][CH1-Dispenser] F1 F5 F9 3A ED F0
[T+2042814172us][CH2-Pc    ] E1
[T+2042820200us][CH1-Dispenser] E1 E9
[T+2042893172us][CH2-Pc    ] F0
[T+2042899201us][CH1-Dispenser] F0 F8
[T+2042971306us][CH1-Dispenser] E0
[T+2042971173us][CH2-Pc    ] E0
[T+2043148309us][CH1-Dispenser] E1
[T+2043148173us][CH2-Pc    ] E1
[T+2043315172us][CH2-Pc    ] F0
[T+2043321200us][CH1-Dispenser] F0 F8
[T+2043393200us][CH2-Pc    ] F1
[T+2043421172us][CH2-Pc    ] F9
[T+2043435172us][CH1-Dispenser] F1 F5 F9 BA 35 33
[T+2043510172us][CH2-Pc    ] E1
[T+2043515172us][CH1-Dispenser] E1 E9
[T+2043588172us][CH2-Pc    ] F0
[T+2043595172us][CH1-Dispenser] F0 F8
[T+2043667313us][CH1-Dispenser] E0
[T+2043667175us][CH2-Pc    ] E0
[T+2043845308us][CH1-Dispenser] E1
[T+2043845173us][CH2-Pc    ] E1
[T+2044020172us][CH2-Pc    ] F0
[T+2044028172us][CH1-Dispenser] F0 F8
[T+2044098172us][CH2-Pc    ] F1
[T+2044125172us][CH2-Pc    ] F9
[T+2044137214us][CH1-Dispenser] F1 F5 F9 2A A9 70
[T+2044205172us][CH2-Pc    ] E1
[T+2044211200us][CH1-Dispenser] E1 E9
[T+2044283197us][CH2-Pc    ] F0
[T+2044290172us][CH1-Dispenser] F0 F8
[T+2044362304us][CH1-Dispenser] E0
[T+2044362173us][CH2-Pc    ] E0
[T+2044539304us][CH1-Dispenser] E1
[T+2044539173us][CH2-Pc    ] E1
[T+2044703172us][CH2-Pc    ] F0
[T+2044710172us][CH1-Dispenser] F0 F8
[T+2044774172us][CH2-Pc    ] F1
[T+2044780202us][CH1-Dispenser] F1 F5
[T+2044802172us][CH2-Pc    ] F9
[T+2044813733us][CH1-Dispenser] F9 78 69 28
[T+2044881172us][CH2-Pc    ] E1
[T+2044885172us][CH1-Dispenser] E1 E9
[T+2044949172us][CH2-Pc    ] F0
[T+2044955202us][CH1-Dispenser] F0 F8
[T+2045027305us][CH1-Dispenser] E0
[T+2045027173us][CH2-Pc    ] E0
[T+2045203311us][CH1-Dispenser] E1
[T+2045203173us][CH2-Pc    ] E1
[T+2045383197us][CH2-Pc    ] F0
[T+2045392177us][CH1-Dispenser] F0 F8
[T+2045461172us][CH2-Pc    ] F1
[T+2045466172us][CH1-Dispenser] F1 F5
[T+2045489172us][CH2-Pc    ] F9
[T+2045502172us][CH1-Dispenser] F9 F8 B7 9E F8
[T+2045567192us][CH2-Pc    ] E1
[T+2045577180us][CH1-Dispenser] E1 E9
[T+2045647172us][CH2-Pc    ] F0
[T+2045656172us][CH1-Dispenser] F0 F8
[T+2045725305us][CH1-Dispenser] E0
[T+2045725173us][CH2-Pc    ] E0
[T+2045900304us][CH1-Dispenser] E1
[T+2045900173us][CH2-Pc    ] E1
[T+2046067713us][CH2-Pc    ] F0
[T+2046070368us][CH1-Dispenser] F0 F8
[T+2046144172us][CH2-Pc    ] F1
[T+2046171179us][CH2-Pc    ] F9
[T+2046182784us][CH1-Dispenser] F1 F5 F9 A8 29 70
[T+2046250172us][CH2-Pc    ] E1
[T+2046256200us][CH1-Dispenser] E1 E9
[T+2046328201us][CH2-Pc    ] F0
[T+2046335172us][CH1-Dispenser] F0 F8
[T+2046406306us][CH1-Dispenser] E0
[T+2046406173us][CH2-Pc    ] E0
[T+2046581306us][CH1-Dispenser] E1
[T+2046581173us][CH2-Pc    ] E1
[T+2046756172us][CH2-Pc    ] F0
[T+2046760173us][CH1-Dispenser] F0 F8
[T+2046834172us][CH2-Pc    ] F1
[T+2046842172us][CH1-Dispenser] F1 F5
[T+2046862172us][CH2-Pc    ] F9
[T+2046880210us][CH1-Dispenser] F9 79 AA 70
[T+2046953172us][CH2-Pc    ] E1
[T+2046961172us][CH1-Dispenser] E1 E9
[T+2047032172us][CH2-Pc    ] F0
[T+2047040172us][CH1-Dispenser] F0 F8
[T+2047111304us][CH1-Dispenser] E0
[T+2047111173us][CH2-Pc    ] E0
[T+2047286307us][CH1-Dispenser] E1
[T+2047286174us][CH2-Pc    ] E1
[T+2047461172us][CH2-Pc    ] F0
[T+2047466173us][CH1-Dispenser] F0 E8
[T+2047540172us][CH2-Pc    ] F1
[T+2047567172us][CH2-Pc    ] F9
[T+2047578179us][CH1-Dispenser] F1 F5 F9 B9 F2 87 F8
[T+2047645172us][CH2-Pc    ] E1
[T+2047651202us][CH1-Dispenser] E1 E9
[T+2047723196us][CH2-Pc    ] F0
[T+2047730172us][CH1-Dispenser] F0 F8
[T+2047822306us][CH1-Dispenser] E0
[T+2047822173us][CH2-Pc    ] E0
[T+2047987306us][CH1-Dispenser] E1
[T+2047987173us][CH2-Pc    ] E1
[T+2048161197us][CH2-Pc    ] F0
[T+2048167206us][CH1-Dispenser] F0 F8
[T+2048240172us][CH2-Pc    ] F1
[T+2048267172us][CH2-Pc    ] F9
[T+2048277821us][CH1-Dispenser] F1 F5 F9 B8 70 87 F8
[T+2048346172us][CH2-Pc    ] E1
[T+2048350172us][CH1-Dispenser] E1 E9
[T+2048413172us][CH2-Pc    ] F0
[T+2048420172us][CH1-Dispenser] F0 F8
[T+2048494305us][CH1-Dispenser] E0
[T+2048494173us][CH2-Pc    ] E0
[T+2048660307us][CH1-Dispenser] E1
[T+2048660173us][CH2-Pc    ] E1
[T+2048835172us][CH2-Pc    ] F0
[T+2048842826us][CH1-Dispenser] F0 F8
[T+2048913172us][CH2-Pc    ] F1
[T+2048941172us][CH2-Pc    ] F9
[T+2048954173us][CH1-Dispenser] F1 F5 F9 B8 72 87 F8
[T+2049020186us][CH2-Pc    ] E1
[T+2049026173us][CH1-Dispenser] E1 E9
[T+2049098197us][CH2-Pc    ] F0
[T+2049105815us][CH1-Dispenser] F0 F8
[T+2049176307us][CH1-Dispenser] E0
[T+2049176174us][CH2-Pc    ] E0
[T+2049353305us][CH1-Dispenser] E1
[T+2049353173us][CH2-Pc    ] E1
[T+2049517172us][CH2-Pc    ] F0
[T+2049521172us][CH1-Dispenser] F0 F8
[T+2049595172us][CH2-Pc    ] F1
[T+2049601206us][CH1-Dispenser] F1 F5
[T+2049622172us][CH2-Pc    ] F9
[T+2049636172us][CH1-Dispenser] F9 28 70 87 F8
[T+2049705172us][CH1-Dispenser] E1 E9
[T+2049701172us][CH2-Pc    ] E1
[T+2049782172us][CH2-Pc    ] F0
[T+2049786172us][CH1-Dispenser] F0 F8
[T+2049860305us][CH1-Dispenser] E0
[T+2049860174us][CH2-Pc    ] E0
[T+2050036309us][CH1-Dispenser] E1
[T+2050036173us][CH2-Pc    ] E1
[T+2050212172us][CH2-Pc    ] F0
[T+2050216173us][CH1-Dispenser] F0 F8
[T+2050291172us][CH2-Pc    ] F1
[T+2050295172us][CH1-Dispenser] F1 F5
[T+2050319197us][CH2-Pc    ] F9
[T+2050333176us][CH1-Dispenser] F9 B9 77 9B F8
[T+2050415172us][CH1-Dispenser] E1 E9
[T+2050411172us][CH2-Pc    ] E1
[T+2050489172us][CH2-Pc    ] F0
[T+2050496172us][CH1-Dispenser] F0 F8
[T+2050567304us][CH1-Dispenser] E0
[T+2050567173us][CH2-Pc    ] E0
[T+2050742173us][CH1-Dispenser] E1
[T+2050741172us][CH2-Pc    ] E1
[T+2050906172us][CH2-Pc    ] F0
[T+2050912202us][CH1-Dispenser] F0 F8
[T+2050984197us][CH2-Pc    ] F1
[T+2051011389us][CH2-Pc    ] F9
[T+2051022667us][CH1-Dispenser] F1 F5 F9 2A 39 1B F8
[T+2051118196us][CH2-Pc    ] E1
[T+2051125172us][CH1-Dispenser] E1 E9
[T+2051200172us][CH1-Dispenser] F0 F8
[T+2051197172us][CH2-Pc    ] F0
[T+2051275306us][CH1-Dispenser] E0
[T+2051275173us][CH2-Pc    ] E0
[T+2051440306us][CH1-Dispenser] E1
[T+2051440173us][CH2-Pc    ] E1
[T+2051616172us][CH2-Pc    ] F0
[T+2051621172us][CH1-Dispenser] F0 F8
[T+2051699197us][CH2-Pc    ] F1
[T+2051705200us][CH1-Dispenser] F1 F5
[T+2051727172us][CH2-Pc    ] F9
[T+2051738180us][CH1-Dispenser] F9 39 39 70
[T+2051805172us][CH2-Pc    ] E1
[T+2051811200us][CH1-Dispenser] E1 E9
[T+2051890333us][CH2-Pc    ] F0
[T+2051896200us][CH1-Dispenser] F0 F8
[T+2051968306us][CH1-Dispenser] E0
[T+2051968174us][CH2-Pc    ] E0
[T+2052168173us][CH1-Dispenser] E1
[T+2052167174us][CH2-Pc    ] E1
[T+2052343172us][CH2-Pc    ] F0
[T+2052351815us][CH1-Dispenser] F0 F8
[T+2052423199us][CH2-Pc    ] F1
[T+2052451357us][CH2-Pc    ] F9
[T+2052461228us][CH1-Dispenser] F1 F5 F9 2A 7B 85 F8
[T+2052529172us][CH2-Pc    ] E1
[T+2052536777us][CH1-Dispenser] E1 E9
[T+2052611172us][CH1-Dispenser] F0 F8
[T+2052607172us][CH2-Pc    ] F0
[T+2052686305us][CH1-Dispenser] E0
[T+2052686173us][CH2-Pc    ] E0
[T+2052861306us][CH1-Dispenser] E1
[T+2052861173us][CH2-Pc    ] E1
[T+2053035196us][CH2-Pc    ] F0
[T+2053042172us][CH1-Dispenser] F0 F8
[T+2053114197us][CH2-Pc    ] F1
[T+2053141172us][CH2-Pc    ] F9
[T+2053156172us][CH1-Dispenser] F1 F5 F9 79 31 87 F8
[T+2053260172us][CH2-Pc    ] E1
[T+2053267172us][CH1-Dispenser] E1 E9
[T+2053338172us][CH2-Pc    ] F0
[T+2053348814us][CH1-Dispenser] F0 F8
[T+2053416305us][CH1-Dispenser] E0
[T+2053416173us][CH2-Pc    ] E0
[T+2053602310us][CH1-Dispenser] E1
[T+2053602173us][CH2-Pc    ] E1
[T+2053766172us][CH2-Pc    ] F0
[T+2053772202us][CH1-Dispenser] F0 F8
[T+2053844196us][CH2-Pc    ] F1
[T+2053871172us][CH2-Pc    ] F9
[T+2053882179us][CH1-Dispenser] F1 F5 F9 F9 3A 28
[T+2053949172us][CH2-Pc    ] E1
[T+2053955200us][CH1-Dispenser] E1 E9
[T+2054028172us][CH2-Pc    ] F0
[T+2054036172us][CH1-Dispenser] F0 F8
[T+2054106305us][CH1-Dispenser] E0
[T+2054106173us][CH2-Pc    ] E0
[T+2054281306us][CH1-Dispenser] E1
[T+2054281173us][CH2-Pc    ] E1
[T+2054456172us][CH2-Pc    ] F0
[T+2054461173us][CH1-Dispenser] F0 F8
[T+2054535172us][CH2-Pc    ] F1
[T+2054540172us][CH1-Dispenser] F1 F5
[T+2054563172us][CH2-Pc    ] F9
[T+2054573179us][CH1-Dispenser] F9 29 74 29
[T+2054643300us][CH2-Pc    ] E1
[T+2054651172us][CH1-Dispenser] E1 E9
[T+2054721175us][CH2-Pc    ] F0
[T+2054725173us][CH1-Dispenser] F0 F8
[T+2054799305us][CH1-Dispenser] E0
[T+2054799173us][CH2-Pc    ] E0
[T+2054976306us][CH1-Dispenser] E1
[T+2054976173us][CH2-Pc    ] E1
[T+2055140261us][CH2-Pc    ] F0
[T+2055146200us][CH1-Dispenser] F0 F8
[T+2055219172us][CH2-Pc    ] F1
[T+2055247172us][CH2-Pc    ] F9
[T+2055258179us][CH1-Dispenser] F1 F5 F9 F9 FB 29
[T+2055324196us][CH2-Pc    ] E1
[T+2055332172us][CH1-Dispenser] E1 E9
[T+2055404197us][CH2-Pc    ] F0
[T+2055413518us][CH1-Dispenser] F0 F8
[T+2055482306us][CH1-Dispenser] E0
[T+2055482174us][CH2-Pc    ] E0
[T+2055658306us][CH1-Dispenser] E1
[T+2055658173us][CH2-Pc    ] E1
[T+2055834172us][CH2-Pc    ] F0
[T+2055842819us][CH1-Dispenser] F0 F8
[T+2055912172us][CH2-Pc    ] F1
[T+2055916172us][CH1-Dispenser] F1 F5
[T+2055940197us][CH2-Pc    ] F9
[T+2055953375us][CH1-Dispenser] F9 A9 31 25
[T+2056020172us][CH2-Pc    ] E1
[T+2056026200us][CH1-Dispenser] E1 E9
[T+2056099172us][CH2-Pc    ] F0
[T+2056105200us][CH1-Dispenser] F0 F8
[T+2056178305us][CH1-Dispenser] E0
[T+2056178173us][CH2-Pc    ] E0
[T+2056343305us][CH1-Dispenser] E1
[T+2056343173us][CH2-Pc    ] E1
[T+2056518172us][CH2-Pc    ] F0
[T+2056521172us][CH1-Dispenser] F0 F8
[T+2056598172us][CH2-Pc    ] F1
[T+2056603172us][CH1-Dispenser] F1 F5
[T+2056625172us][CH2-Pc    ] F9
[T+2056638172us][CH1-Dispenser] F9 38 70 72
[T+2056706172us][CH2-Pc    ] E1
[T+2056712201us][CH1-Dispenser] E1 E9
[T+2056784197us][CH2-Pc    ] F0
[T+2056793172us][CH1-Dispenser] F0 F8
[T+2056863307us][CH1-Dispenser] E0
[T+2056863173us][CH2-Pc    ] E0
[T+2057037307us][CH1-Dispenser] E1
[T+2057037173us][CH2-Pc    ] E1
[T+2057212172us][CH2-Pc    ] F0
[T+2057217173us][CH1-Dispenser] F0 F8
[T+2057290172us][CH2-Pc    ] F1
[T+2057296200us][CH1-Dispenser] F1 F5
[T+2057318172us][CH2-Pc    ] F9
[T+2057331172us][CH1-Dispenser] F9 F9 B1 AE F8
[T+2057401172us][CH2-Pc    ] E1
[T+2057406174us][CH1-Dispenser] E1 E9
[T+2057479172us][CH2-Pc    ] F0
[T+2057485200us][CH1-Dispenser] F0 F8
[T+2057557304us][CH1-Dispenser] E0
[T+2057557173us][CH2-Pc    ] E0
[T+2057738307us][CH1-Dispenser] E1
[T+2057738173us][CH2-Pc    ] E1
[T+2057915172us][CH2-Pc    ] F0
[T+2057922172us][CH1-Dispenser] F0 F8
[T+2057993172us][CH2-Pc    ] F1
[T+2058021172us][CH2-Pc    ] F9
[T+2058034172us][CH1-Dispenser] F1 F5 F9 28 70 72
[T+2058099172us][CH2-Pc    ] E1
[T+2058107172us][CH1-Dispenser] E1 E9
[T+2058177172us][CH2-Pc    ] F0
[T+2058182172us][CH1-Dispenser] F0 F8
[T+2058255304us][CH1-Dispenser] E0
[T+2058255173us][CH2-Pc    ] E0
[T+2058424308us][CH1-Dispenser] E1
[T+2058424173us][CH2-Pc    ] E1
[T+2058599172us][CH2-Pc    ] F0
[T+2058607172us][CH1-Dispenser] F0 E8
[T+2058677172us][CH2-Pc    ] F1
[T+2058681172us][CH1-Dispenser] F1 F5
[T+2058704172us][CH2-Pc    ] F9
[T+2058719177us][CH1-Dispenser] F9 F8 74 29
[T+2058793172us][CH2-Pc    ] E1
[T+2058801179us][CH1-Dispenser] E1 E9
[T+2058871172us][CH2-Pc    ] F0
[T+2058876172us][CH1-Dispenser] F0 F8
[T+2058950173us][CH1-Dispenser] E0
[T+2058949172us][CH2-Pc    ] E0
[T+2059127309us][CH1-Dispenser] E1
[T+2059127173us][CH2-Pc    ] E1
[T+2059302172us][CH2-Pc    ] F0
[T+2059307172us][CH1-Dispenser] F0 F8
[T+2059380172us][CH2-Pc    ] F1
[T+2059386201us][CH1-Dispenser] F1 F5
[T+2059407172us][CH2-Pc    ] F9
[T+2059419213us][CH1-Dispenser] F9 28 38 72
[T+2059487172us][CH2-Pc    ] E1
[T+2059492172us][CH1-Dispenser] E1 E9
[T+2059565172us][CH2-Pc    ] F0
[T+2059570172us][CH1-Dispenser] F0 F8
[T+2059643438us][CH1-Dispenser] E0
[T+2059643299us][CH2-Pc    ] E0
[T+2059819304us][CH1-Dispenser] E1
[T+2059819173us][CH2-Pc    ] E1
[T+2059991172us][CH2-Pc    ] F0
[T+2059997201us][CH1-Dispenser] F0 F8
[T+2060069197us][CH2-Pc    ] F1
[T+2060077172us][CH1-Dispenser] F1 F5
[T+2060098172us][CH2-Pc    ] F9
[T+2060108179us][CH1-Dispenser] F9 A8 74 93 F8
[T+2060179172us][CH2-Pc    ] E1
[T+2060186172us][CH1-Dispenser] E1 E9
[T+2060257172us][CH2-Pc    ] F0
[T+2060262172us][CH1-Dispenser] F0 F8
[T+2060335304us][CH1-Dispenser] E0
[T+2060335173us][CH2-Pc    ] E0
[T+2060504307us][CH1-Dispenser] E1
[T+2060504174us][CH2-Pc    ] E1
[T+2060681172us][CH2-Pc    ] F0
[T+2060686172us][CH1-Dispenser] F0 F8
[T+2060759172us][CH2-Pc    ] F1
[T+2060786172us][CH2-Pc    ] F9
[T+2060798213us][CH1-Dispenser] F1 F5 F9 29 38 29
[T+2060868175us][CH2-Pc    ] E1
[T+2060876172us][CH1-Dispenser] E1 E9
[T+2060947172us][CH2-Pc    ] F0
[T+2060950172us][CH1-Dispenser] F0 F8
[T+2061024173us][CH2-Pc    ] E0
[T+2061025172us][CH1-Dispenser] E0
[T+2061189305us][CH1-Dispenser] E1
[T+2061189173us][CH2-Pc    ] E1
[T+2061367172us][CH2-Pc    ] F0
[T+2061372172us][CH1-Dispenser] F0 F8
[T+2061444196us][CH2-Pc    ] F1
[T+2061472172us][CH2-Pc    ] F9
[T+2061484213us][CH1-Dispenser] F1 F5 F9 BA F3 97 F8
[T+2061552172us][CH2-Pc    ] E1
[T+2061557172us][CH1-Dispenser] E1 E9
[T+2061632172us][CH2-Pc    ] F0
[T+2061638201us][CH1-Dispenser] F0 F8
[T+2061710306us][CH1-Dispenser] E0
[T+2061710174us][CH2-Pc    ] E0
[T+2061875305us][CH1-Dispenser] E1
[T+2061875174us][CH2-Pc    ] E1
[T+2062051172us][CH2-Pc    ] F0
[T+2062059179us][CH1-Dispenser] F0 F8
[T+2062129172us][CH2-Pc    ] F1
[T+2062156172us][CH2-Pc    ] F9
[T+2062169172us][CH1-Dispenser] F1 F5 F9 29 E1 97 F8
[T+2062234172us][CH2-Pc    ] E1
[T+2062242172us][CH1-Dispenser] E1 E9
[T+2062313172us][CH2-Pc    ] F0
[T+2062321196us][CH1-Dispenser] F0 F8
[T+2062391304us][CH1-Dispenser] E0
[T+2062391174us][CH2-Pc    ] E0
[T+2062566302us][CH1-Dispenser] E1
[T+2062566173us][CH2-Pc    ] E1
[T+2062741172us][CH2-Pc    ] F0
[T+2062746174us][CH1-Dispenser] F0 F8
[T+2062819172us][CH2-Pc    ] F1
[T+2062849172us][CH2-Pc    ] F9
[T+2062863172us][CH1-Dispenser] F1 F5 F9 A9 38 29
[T+2062938172us][CH2-Pc    ] E1
[T+2062948179us][CH1-Dispenser] E1 E9
[T+2063021172us][CH1-Dispenser] F0 F8
[T+2063018172us][CH2-Pc    ] F0
[T+2063085305us][CH1-Dispenser] E0
[T+2063085173us][CH2-Pc    ] E0
[T+2063250309us][CH1-Dispenser] E1
[T+2063250174us][CH2-Pc    ] E1
[T+2063425172us][CH2-Pc    ] F0
[T+2063433810us][CH1-Dispenser] F0 F8
[T+2063503172us][CH2-Pc    ] F1
[T+2063507172us][CH1-Dispenser] F1 F5
[T+2063530172us][CH2-Pc    ] F9
[T+2063543172us][CH1-Dispenser] F9 E9 F8 35
[T+2063615196us][CH2-Pc    ] E1
[T+2063621202us][CH1-Dispenser] E1 E9
[T+2063700172us][CH2-Pc    ] F0
[T+2063707172us][CH1-Dispenser] F0 F8
[T+2063778304us][CH1-Dispenser] E0
[T+2063778173us][CH2-Pc    ] E0
[T+2063955309us][CH1-Dispenser] E1
[T+2063955174us][CH2-Pc    ] E1
[T+2064130172us][CH2-Pc    ] F0
[T+2064138179us][CH1-Dispenser] F0 F8
[T+2064219172us][CH2-Pc    ] F1
[T+2064246200us][CH2-Pc    ] F9
[T+2064259172us][CH1-Dispenser] F1 F5 F9 A8 B8 F2
[T+2064329172us][CH2-Pc    ] E1
[T+2064336172us][CH1-Dispenser] E1 E9
[T+2064401172us][CH2-Pc    ] F0
[T+2064406172us][CH1-Dispenser] F0 F8
[T+2064479173us][CH2-Pc    ] E0
[T+2064480172us][CH1-Dispenser] E0
[T+2064655310us][CH1-Dispenser] E1
[T+2064655173us][CH2-Pc    ] E1
[T+2064830172us][CH2-Pc    ] F0
[T+2064838172us][CH1-Dispenser] F0 F8
[T+2064908172us][CH2-Pc    ] F1
[T+2064914200us][CH1-Dispenser] F1 F5
[T+2064936172us][CH2-Pc    ] F9
[T+2064950172us][CH1-Dispenser] F9 A9 F1 D5
[T+2065025172us][CH2-Pc    ] E1
[T+2065031200us][CH1-Dispenser] E1 E9
[T+2065103172us][CH2-Pc    ] F0
[T+2065107172us][CH1-Dispenser] F0 F8
[T+2065181307us][CH1-Dispenser] E0
[T+2065181173us][CH2-Pc    ] E0
[T+2065345306us][CH1-Dispenser] E1
[T+2065345173us][CH2-Pc    ] E1
[T+2065521172us][CH2-Pc    ] F0
[T+2065528172us][CH1-Dispenser] F0 F8
[T+2065599172us][CH2-Pc    ] F1
[T+2065626172us][CH2-Pc    ] F9
[T+2065641172us][CH1-Dispenser] F1 F5 F9 B9 38 72
[T+2065715172us][CH2-Pc    ] E1
[T+2065722172us][CH1-Dispenser] E1 E9
[T+2065793172us][CH2-Pc    ] F0
[T+2065801172us][CH1-Dispenser] F0 F8
[T+2065873308us][CH1-Dispenser] E0
[T+2065873173us][CH2-Pc    ] E0
[T+2066050306us][CH1-Dispenser] E1
[T+2066050173us][CH2-Pc    ] E1
[T+2066225172us][CH2-Pc    ] F0
[T+2066236181us][CH1-Dispenser] F0 F8
[T+2066303172us][CH2-Pc    ] F1
[T+2066307172us][CH1-Dispenser] F1 F5
[T+2066330172us][CH2-Pc    ] F9
[T+2066344172us][CH1-Dispenser] F9 6A 38 69
[T+2066412172us][CH2-Pc    ] E1
[T+2066419821us][CH1-Dispenser] E1 E9
[T+2066492172us][CH2-Pc    ] F0
[T+2066498203us][CH1-Dispenser] F0 F8
[T+2066570304us][CH1-Dispenser] E0
[T+2066570173us][CH2-Pc    ] E0
[T+2066734309us][CH1-Dispenser] E1
[T+2066734173us][CH2-Pc    ] E1
[T+2066910173us][CH2-Pc    ] F0
[T+2066917172us][CH1-Dispenser] F0 F8
[T+2066988172us][CH2-Pc    ] F1
[T+2066993172us][CH1-Dispenser] F1 F5
[T+2067016172us][CH2-Pc    ] F9
[T+2067031265us][CH1-Dispenser] F9 A9 74 C7 F8
[T+2067105172us][CH2-Pc    ] E1
[T+2067111201us][CH1-Dispenser] E1 E9
[T+2067184172us][CH2-Pc    ] F0
[T+2067192172us][CH1-Dispenser] F0 F8
[T+2067262304us][CH1-Dispenser] E0
[T+2067262173us][CH2-Pc    ] E0
[T+2067464308us][CH1-Dispenser] E1
[T+2067464173us][CH2-Pc    ] E1
[T+2067649172us][CH2-Pc    ] F0
[T+2067657179us][CH1-Dispenser] F0 F8
[T+2067728173us][CH2-Pc    ] F1
[T+2067732172us][CH1-Dispenser] F1 F5
[T+2067755177us][CH2-Pc    ] F9
[T+2067769172us][CH1-Dispenser] F9 A9 28 39
[T+2067833172us][CH2-Pc    ] E1
[T+2067837172us][CH1-Dispenser] E1 E9
[T+2067911172us][CH2-Pc    ] F0
[T+2067920179us][CH1-Dispenser] F0 F8
[T+2067989306us][CH1-Dispenser] E0
[T+2067989173us][CH2-Pc    ] E0
[T+2068164307us][CH1-Dispenser] E1
[T+2068164174us][CH2-Pc    ] E1
[T+2068328172us][CH2-Pc    ] F0
[T+2068333172us][CH1-Dispenser] F0 F8
[T+2068407172us][CH2-Pc    ] F1
[T+2068412172us][CH1-Dispenser] F1 F5
[T+2068458172us][CH2-Pc    ] F9
[T+2068468179us][CH1-Dispenser] F9 39 76 39
[T+2068541172us][CH1-Dispenser] E1 E9
[T+2068537172us][CH2-Pc    ] E1
[T+2068605172us][CH2-Pc    ] F0
[T+2068612172us][CH1-Dispenser] F0 F8
[T+2068684304us][CH1-Dispenser] E0
[T+2068684173us][CH2-Pc    ] E0
[T+2068858309us][CH1-Dispenser] E1
[T+2068858173us][CH2-Pc    ] E1
[T+2069034172us][CH2-Pc    ] F0
[T+2069043179us][CH1-Dispenser] F0 F8
[T+2069117172us][CH2-Pc    ] F1
[T+2069123201us][CH1-Dispenser] F1 F5
[T+2069145172us][CH2-Pc    ] F9
[T+2069161178us][CH1-Dispenser] F9 B8 33 39
[T+2069233196us][CH2-Pc    ] E1
[T+2069242172us][CH1-Dispenser] E1 E9
[T+2069313172us][CH2-Pc    ] F0
[T+2069318172us][CH1-Dispenser] F0 F8
[T+2069392173us][CH1-Dispenser] E0
[T+2069391175us][CH2-Pc    ] E0
[T+2069566305us][CH1-Dispenser] E1
[T+2069566173us][CH2-Pc    ] E1
[T+2069746198us][CH2-Pc    ] F0
[T+2069754172us][CH1-Dispenser] F0 F8
[T+2069824172us][CH2-Pc    ] F1
[T+2069831172us][CH1-Dispenser] F1 F5
[T+2069860172us][CH2-Pc    ] F9
[T+2069875176us][CH1-Dispenser] F9 E8 75 77
[T+2069950172us][CH2-Pc    ] E1
[T+2069958786us][CH1-Dispenser] E1 E9
[T+2070028172us][CH2-Pc    ] F0
[T+2070037179us][CH1-Dispenser] F0 F8
[T+2070106322us][CH1-Dispenser] E0
[T+2070106179us][CH2-Pc    ] E0
[T+2070283307us][CH1-Dispenser] E1
[T+2070283173us][CH2-Pc    ] E1
[T+2070458172us][CH2-Pc    ] F0
[T+2070463173us][CH1-Dispenser] F0 E8
[T+2070536172us][CH2-Pc    ] F1
[T+2070542201us][CH1-Dispenser] F1 F5
[T+2070563172us][CH2-Pc    ] F9
[T+2070573179us][CH1-Dispenser] F9 A8 F0 BE F8
[T+2070641173us][CH2-Pc    ] E1
[T+2070646174us][CH1-Dispenser] E1 E9
[T+2070726172us][CH2-Pc    ] F0
[T+2070731172us][CH1-Dispenser] F0 F8
[T+2070805305us][CH1-Dispenser] E0
[T+2070805173us][CH2-Pc    ] E0
[T+2070969303us][CH1-Dispenser] E1
[T+2070969173us][CH2-Pc    ] E1
[T+2071145172us][CH2-Pc    ] F0
[T+2071153179us][CH1-Dispenser] F0 F8
[T+2071227172us][CH1-Dispenser] F1 F5
[T+2071223172us][CH2-Pc    ] F1
[T+2071250172us][CH2-Pc    ] F9
[T+2071266172us][CH1-Dispenser] F9 68 39 F7
[T+2071340172us][CH2-Pc    ] E1
[T+2071351179us][CH1-Dispenser] E1 E9
[T+2071418173us][CH2-Pc    ] F0
[T+2071421173us][CH1-Dispenser] F0 F8
[T+2071485305us][CH1-Dispenser] E0
[T+2071485173us][CH2-Pc    ] E0
[T+2071660308us][CH1-Dispenser] E1
[T+2071660174us][CH2-Pc    ] E1
[T+2071830172us][CH2-Pc    ] F0
[T+2071839352us][CH1-Dispenser] F0 F8
[T+2071908172us][CH2-Pc    ] F1
[T+2071914202us][CH1-Dispenser] F1 F5
[T+2071935172us][CH2-Pc    ] F9
[T+2071949172us][CH1-Dispenser] F9 E9 B3 BE F8
[T+2072014172us][CH2-Pc    ] E1
[T+2072023788us][CH1-Dispenser] E1 E9
[T+2072093172us][CH2-Pc    ] F0
[T+2072096172us][CH1-Dispenser] F0 F8
[T+2072161307us][CH1-Dispenser] E0
[T+2072161174us][CH2-Pc    ] E0
[T+2072336310us][CH1-Dispenser] E1
[T+2072336173us][CH2-Pc    ] E1
[T+2072501172us][CH2-Pc    ] F0
[T+2072508172us][CH1-Dispenser] F0 F8
[T+2072579172us][CH2-Pc    ] F1
[T+2072585200us][CH1-Dispenser] F1 F5
[T+2072606172us][CH2-Pc    ] F9
[T+2072618213us][CH1-Dispenser] F9 38 75 39
[T+2072698172us][CH2-Pc    ] E1
[T+2072702173us][CH1-Dispenser] E1 E9
[T+2072766172us][CH2-Pc    ] F0
[T+2072774818us][CH1-Dispenser] F0 F8
[T+2072845509us][CH1-Dispenser] E0
[T+2072845173us][CH2-Pc    ] E0
[T+2073051305us][CH1-Dispenser] E1
[T+2073051173us][CH2-Pc    ] E1
[T+2073227172us][CH2-Pc    ] F0
[T+2073233200us][CH1-Dispenser] F0 F8
[T+2073305196us][CH2-Pc    ] F1
[T+2073334177us][CH2-Pc    ] F9
[T+2073345179us][CH1-Dispenser] F1 F5 F9 7A A9 77
[T+2073413172us][CH2-Pc    ] E1
[T+2073419200us][CH1-Dispenser] E1 E9
[T+2073491196us][CH2-Pc    ] F0
[T+2073498813us][CH1-Dispenser] F0 F8
[T+2073569310us][CH1-Dispenser] E0
[T+2073569174us][CH2-Pc    ] E0
[T+2073733308us][CH1-Dispenser] E1
[T+2073733173us][CH2-Pc    ] E1
[T+2073909172us][CH2-Pc    ] F0
[T+2073914173us][CH1-Dispenser] F0 F8
[T+2073987172us][CH2-Pc    ] F1
[T+2074015172us][CH2-Pc    ] F9
[T+2074028172us][CH1-Dispenser] F1 F5 F9 6F 29 72
[T+2074094196us][CH2-Pc    ] E1
[T+2074102172us][CH1-Dispenser] E1 E9
[T+2074172172us][CH2-Pc    ] F0
[T+2074176172us][CH1-Dispenser] F0 F8
[T+2074250305us][CH1-Dispenser] E0
[T+2074250173us][CH2-Pc    ] E0
[T+2074426305us][CH1-Dispenser] E1
[T+2074426173us][CH2-Pc    ] E1
[T+2074602172us][CH2-Pc    ] F0
[T+2074607172us][CH1-Dispenser] F0 F8
[T+2074681172us][CH2-Pc    ] F1
[T+2074708172us][CH2-Pc    ] F9
[T+2074719481us][CH1-Dispenser] F1 F5 F9 79 29 39
[T+2074786172us][CH2-Pc    ] E1
[T+2074792202us][CH1-Dispenser] E1 E9
[T+2074867172us][CH2-Pc    ] F0
[T+2074871172us][CH1-Dispenser] F0 F8
[T+2074946305us][CH1-Dispenser] E0
[T+2074946173us][CH2-Pc    ] E0
[T+2075108305us][CH1-Dispenser] E1
[T+2075108173us][CH2-Pc    ] E1
[T+2075284172us][CH2-Pc    ] F0
[T+2075287172us][CH1-Dispenser] F0 F8
[T+2075351172us][CH2-Pc    ] F1
[T+2075379172us][CH2-Pc    ] F9
[T+2075391107us][CH1-Dispenser] F1 F5 F9 3A 76 97 F8
[T+2075457173us][CH2-Pc    ] E1
[T+2075462172us][CH1-Dispenser] E1 E9
[T+2075535172us][CH2-Pc    ] F0
[T+2075542172us][CH1-Dispenser] F0 F8
[T+2075614311us][CH1-Dispenser] E0
[T+2075614175us][CH2-Pc    ] E0
[T+2075789306us][CH1-Dispenser] E1
[T+2075789173us][CH2-Pc    ] E1
[T+2075953172us][CH2-Pc    ] F0
[T+2075958173us][CH1-Dispenser] F0 F8
[T+2076031172us][CH2-Pc    ] F1
[T+2076058172us][CH2-Pc    ] F9
[T+2076070213us][CH1-Dispenser] F1 F5 F9 F8 A9 39
[T+2076138172us][CH2-Pc    ] E1
[T+2076142173us][CH1-Dispenser] E1 E9
[T+2076218172us][CH2-Pc    ] F0
[T+2076224200us][CH1-Dispenser] F0 F8
[T+2076296304us][CH1-Dispenser] E0
[T+2076296173us][CH2-Pc    ] E0
[T+2076471309us][CH1-Dispenser] E1
[T+2076471173us][CH2-Pc    ] E1
[T+2076646172us][CH2-Pc    ] F0
[T+2076652200us][CH1-Dispenser] F0 F8
[T+2076740176us][CH2-Pc    ] F1 F9
[T+2076753625us][CH1-Dispenser] F1 F5 F9 B9 A9 39
[T+2076820172us][CH2-Pc    ] E1
[T+2076828784us][CH1-Dispenser] E1 E9
[T+2076898172us][CH2-Pc    ] F0
[T+2076902172us][CH1-Dispenser] F0 F8
[T+2076976305us][CH1-Dispenser] E0
[T+2076976173us][CH2-Pc    ] E0
[T+2077140305us][CH1-Dispenser] E1
[T+2077140173us][CH2-Pc    ] E1
[T+2077319172us][CH2-Pc    ] F0
[T+2077323172us][CH1-Dispenser] F0 F8
[T+2077386172us][CH2-Pc    ] F1
[T+2077414172us][CH2-Pc    ] F9
[T+2077424779us][CH1-Dispenser] F1 F5 F9 38 72 93 F8
[T+2077493172us][CH2-Pc    ] E1
[T+2077497172us][CH1-Dispenser] E1 E9
[T+2077571172us][CH2-Pc    ] F0
[T+2077576172us][CH1-Dispenser] F0 F8
[T+2077649308us][CH1-Dispenser] E0
[T+2077649173us][CH2-Pc    ] E0
[T+2077814305us][CH1-Dispenser] E1
[T+2077814173us][CH2-Pc    ] E1
[T+2077991172us][CH2-Pc    ] F0
[T+2078001179us][CH1-Dispenser] F0 F8
[T+2078069172us][CH2-Pc    ] F1
[T+2078073173us][CH1-Dispenser] F1 F5
[T+2078097196us][CH2-Pc    ] F9
[T+2078110172us][CH1-Dispenser] F9 7A E9 77
[T+2078175175us][CH2-Pc    ] E1
[T+2078183172us][CH1-Dispenser] E1 E9
[T+2078253172us][CH2-Pc    ] F0
[T+2078259202us][CH1-Dispenser] F0 F8
[T+2078331306us][CH1-Dispenser] E0
[T+2078331173us][CH2-Pc    ] E0
[T+2078506308us][CH1-Dispenser] E1
[T+2078506174us][CH2-Pc    ] E1
[T+2078681172us][CH2-Pc    ] F0
[T+2078688172us][CH1-Dispenser] F0 F8
[T+2078760197us][CH2-Pc    ] F1
[T+2078789172us][CH2-Pc    ] F9
[T+2078800179us][CH1-Dispenser] F1 F5 F9 7A 29 72
[T+2078869172us][CH2-Pc    ] E1
[T+2078877172us][CH1-Dispenser] E1 E9
[T+2078947172us][CH2-Pc    ] F0
[T+2078952172us][CH1-Dispenser] F0 F8
[T+2079026304us][CH1-Dispenser] E0
[T+2079026173us][CH2-Pc    ] E0
[T+2079212307us][CH1-Dispenser] E1
[T+2079212174us][CH2-Pc    ] E1
[T+2079377172us][CH2-Pc    ] F0
[T+2079384172us][CH1-Dispenser] F0 F8
[T+2079455172us][CH2-Pc    ] F1
[T+2079482172us][CH2-Pc    ] F9
[T+2079494213us][CH1-Dispenser] F1 F5 F9 B8 76 95 F8
[T+2079560196us][CH2-Pc    ] E1
[T+2079567776us][CH1-Dispenser] E1 E9
[T+2079638172us][CH2-Pc    ] F0
[T+2079643301us][CH1-Dispenser] F0 F8
[T+2079716305us][CH1-Dispenser] E0
[T+2079716173us][CH2-Pc    ] E0
[T+2079892309us][CH1-Dispenser] E1
[T+2079892173us][CH2-Pc    ] E1
[T+2080067172us][CH2-Pc    ] F0
[T+2080073200us][CH1-Dispenser] F0 F8
[T+2080145199us][CH2-Pc    ] F1
[T+2080173176us][CH2-Pc    ] F9
[T+2080185723us][CH1-Dispenser] F1 F5 F9 A8 29 39
[T+2080252172us][CH2-Pc    ] E1
[T+2080257172us][CH1-Dispenser] E1 E9
[T+2080331172us][CH2-Pc    ] F0
[T+2080338172us][CH1-Dispenser] F0 F8
[T+2080409304us][CH1-Dispenser] E0
[T+2080409173us][CH2-Pc    ] E0
[T+2080585306us][CH1-Dispenser] E1
[T+2080585173us][CH2-Pc    ] E1
[T+2080752172us][CH2-Pc    ] F0
[T+2080759172us][CH1-Dispenser] F0 F8
[T+2080830172us][CH2-Pc    ] F1
[T+2080857172us][CH2-Pc    ] F9
[T+2080870172us][CH1-Dispenser] F1 F5 F9 F9 69 39
[T+2080937172us][CH2-Pc    ] E1
[T+2080944172us][CH1-Dispenser] E1 E9
[T+2081015172us][CH2-Pc    ] F0
[T+2081023172us][CH1-Dispenser] F0 E8
[T+2081094305us][CH1-Dispenser] E0
[T+2081094173us][CH2-Pc    ] E0
[T+2081269306us][CH1-Dispenser] E1
[T+2081269173us][CH2-Pc    ] E1
[T+2081446172us][CH2-Pc    ] F0
[T+2081453172us][CH1-Dispenser] F0 F8
[T+2081524172us][CH2-Pc    ] F1
[T+2081528172us][CH1-Dispenser] F1 F5
[T+2081557172us][CH2-Pc    ] F9
[T+2081570173us][CH1-Dispenser] F9 F9 72 28
[T+2081637172us][CH2-Pc    ] E1
[T+2081645172us][CH1-Dispenser] E1 E9
[T+2081716172us][CH2-Pc    ] F0
[T+2081725181us][CH1-Dispenser] F0 F8
[T+2081809304us][CH1-Dispenser] E0
[T+2081809173us][CH2-Pc    ] E0
[T+2081984309us][CH1-Dispenser] E1
[T+2081984173us][CH2-Pc    ] E1
[T+2082163172us][CH1-Dispenser] F0 F8
[T+2082159172us][CH2-Pc    ] F0
[T+2082237172us][CH2-Pc    ] F1
[T+2082264172us][CH2-Pc    ] F9
[T+2082273172us][CH1-Dispenser] F1 F5 F9 F8 37 28
[T+2082345197us][CH2-Pc    ] E1
[T+2082353172us][CH1-Dispenser] E1 E9
[T+2082426172us][CH1-Dispenser] F0 F8
[T+2082423172us][CH2-Pc    ] F0
[T+2082490307us][CH1-Dispenser] E0
[T+2082490174us][CH2-Pc    ] E0
[T+2082655306us][CH1-Dispenser] E1
[T+2082655173us][CH2-Pc    ] E1
[T+2082831172us][CH2-Pc    ] F0
[T+2082838172us][CH1-Dispenser] F0 F8
[T+2082909172us][CH2-Pc    ] F1
[T+2082913173us][CH1-Dispenser] F1 F5
[T+2082937173us][CH2-Pc    ] F9
[T+2082950494us][CH1-Dispenser] F9 79 69 31
[T+2083014172us][CH2-Pc    ] E1
[T+2083023179us][CH1-Dispenser] E1 E9
[T+2083092172us][CH2-Pc    ] F0
[T+2083099172us][CH1-Dispenser] F0 F8
[T+2083171304us][CH1-Dispenser] E0
[T+2083171173us][CH2-Pc    ] E0
[T+2083345308us][CH1-Dispenser] E1
[T+2083345174us][CH2-Pc    ] E1
[T+2083523172us][CH2-Pc    ] F0
[T+2083528173us][CH1-Dispenser] F0 F8
[T+2083601172us][CH2-Pc    ] F1
[T+2083629172us][CH2-Pc    ] F9
[T+2083641305us][CH1-Dispenser] F1 F5 F9 29 76 E9
[T+2083707200us][CH2-Pc    ] E1
[T+2083713200us][CH1-Dispenser] E1 E9
[T+2083785196us][CH2-Pc    ] F0
[T+2083792782us][CH1-Dispenser] F0 F8
[T+2083863306us][CH1-Dispenser] E0
[T+2083863173us][CH2-Pc    ] E0
[T+2084039307us][CH1-Dispenser] E1
[T+2084039173us][CH2-Pc    ] E1
[T+2084205172us][CH2-Pc    ] F0
[T+2084210173us][CH1-Dispenser] F0 F8
[T+2084274172us][CH2-Pc    ] F1
[T+2084279172us][CH1-Dispenser] F1 F5
[T+2084301172us][CH2-Pc    ] F9
[T+2084315187us][CH1-Dispenser] F9 79 29 31
[T+2084380172us][CH2-Pc    ] E1
[T+2084389774us][CH1-Dispenser] E1 E9
[T+2084459172us][CH2-Pc    ] F0
[T+2084464172us][CH1-Dispenser] F0 F8
[T+2084537305us][CH1-Dispenser] E0
[T+2084537173us][CH2-Pc    ] E0
[T+2084712310us][CH1-Dispenser] E1
[T+2084712173us][CH2-Pc    ] E1
[T+2084880196us][CH2-Pc    ] F0
[T+2084888179us][CH1-Dispenser] F0 F8
[T+2084959172us][CH2-Pc    ] F1
[T+2084986172us][CH2-Pc    ] F9
[T+2085003172us][CH1-Dispenser] F1 F5 F9 29 B7 8E F8
[T+2085075197us][CH2-Pc    ] E1
[T+2085084179us][CH1-Dispenser] E1 E9
[T+2085155172us][CH2-Pc    ] F0
[T+2085163172us][CH1-Dispenser] F0 F8
[T+2085233304us][CH1-Dispenser] E0
[T+2085233173us][CH2-Pc    ] E0
[T+2085408306us][CH1-Dispenser] E1
[T+2085408173us][CH2-Pc    ] E1
[T+2085585172us][CH2-Pc    ] F0
[T+2085590172us][CH1-Dispenser] F0 F8
[T+2085663172us][CH2-Pc    ] F1
[T+2085669200us][CH1-Dispenser] F1 F5
[T+2085690732us][CH2-Pc    ] F9
[T+2085705172us][CH1-Dispenser] F9 FA F2 28
[T+2085779172us][CH2-Pc    ] E1
[T+2085783172us][CH1-Dispenser] E1 E9
[T+2085857172us][CH2-Pc    ] F0
[T+2085863200us][CH1-Dispenser] F0 F8
[T+2085963310us][CH1-Dispenser] E0
[T+2085963173us][CH2-Pc    ] E0
[T+2086149307us][CH1-Dispenser] E1
[T+2086149173us][CH2-Pc    ] E1
[T+2086318172us][CH1-Dispenser] F0 F8
[T+2086315172us][CH2-Pc    ] F0
[T+2086382172us][CH2-Pc    ] F1
[T+2086410594us][CH2-Pc    ] F9
[T+2086420393us][CH1-Dispenser] F1 F5 F9 B9 E8 28
[T+2086493172us][CH1-Dispenser] E1 E9
[T+2086489172us][CH2-Pc    ] E1
[T+2086569175us][CH2-Pc    ] F0
[T+2086573172us][CH1-Dispenser] F0 F8
[T+2086647307us][CH1-Dispenser] E0
[T+2086647173us][CH2-Pc    ] E0
[T+2086814307us][CH1-Dispenser] E1
[T+2086814173us][CH2-Pc    ] E1
[T+2086989172us][CH2-Pc    ] F0
[T+2086993174us][CH1-Dispenser] F0 F8
[T+2087069172us][CH2-Pc    ] F1
[T+2087074172us][CH1-Dispenser] F1 F5
[T+2087096172us][CH2-Pc    ] F9
[T+2087112172us][CH1-Dispenser] F9 79 A9 31
[T+2087186172us][CH2-Pc    ] E1
[T+2087193172us][CH1-Dispenser] E1 E9
[T+2087264172us][CH2-Pc    ] F0
[T+2087272172us][CH1-Dispenser] F0 F8
[T+2087345307us][CH1-Dispenser] E0
[T+2087345173us][CH2-Pc    ] E0
[T+2087522308us][CH1-Dispenser] E1
[T+2087522173us][CH2-Pc    ] E1
[T+2087694172us][CH2-Pc    ] F0
[T+2087701172us][CH1-Dispenser] F0 F8
[T+2087772172us][CH2-Pc    ] F1
[T+2087799172us][CH2-Pc    ] F9
[T+2087810179us][CH1-Dispenser] F1 F5 F9 A9 70 A3 F8
[T+2087878172us][CH2-Pc    ] E1
[T+2087883172us][CH1-Dispenser] E1 E9
[T+2087956172us][CH2-Pc    ] F0
[T+2087964172us][CH1-Dispenser] F0 F8
[T+2088034305us][CH1-Dispenser] E0
[T+2088034173us][CH2-Pc    ] E0
[T+2088218307us][CH1-Dispenser] E1
[T+2088218173us][CH2-Pc    ] E1
[T+2088393172us][CH2-Pc    ] F0
[T+2088398172us][CH1-Dispenser] F0 F8
[T+2088471172us][CH2-Pc    ] F1
[T+2088479791us][CH1-Dispenser] F1 F5
[T+2088511176us][CH2-Pc    ] F9
[T+2088524172us][CH1-Dispenser] F9 79 79 28
[T+2088589172us][CH2-Pc    ] E1
[T+2088598777us][CH1-Dispenser] E1 E9
[T+2088667172us][CH2-Pc    ] F0
[T+2088673200us][CH1-Dispenser] F0 F8
[T+2088746305us][CH1-Dispenser] E0
[T+2088746173us][CH2-Pc    ] E0
[T+2088920305us][CH1-Dispenser] E1
[T+2088920173us][CH2-Pc    ] E1
[T+2089095172us][CH2-Pc    ] F0
[T+2089099172us][CH1-Dispenser] F0 F8
[T+2089174172us][CH2-Pc    ] F1
[T+2089179173us][CH1-Dispenser] F1 F5
[T+2089202172us][CH2-Pc    ] F9
[T+2089218172us][CH1-Dispenser] F9 38 2A 28
[T+2089294172us][CH2-Pc    ] E1
[T+2089297172us][CH1-Dispenser] E1 E9
[T+2089361172us][CH2-Pc    ] F0
[T+2089369172us][CH1-Dispenser] F0 F8
[T+2089439313us][CH1-Dispenser] E0
[T+2089439175us][CH2-Pc    ] E0
[T+2089614305us][CH1-Dispenser] E1
[T+2089614173us][CH2-Pc    ] E1
[T+2089789172us][CH2-Pc    ] F0
[T+2089795200us][CH1-Dispenser] F0 F8
[T+2089867197us][CH2-Pc    ] F1
[T+2089894172us][CH2-Pc    ] F9
[T+2089906213us][CH1-Dispenser] F1 F5 F9 A8 F7 A7 F8
[T+2089973172us][CH2-Pc    ] E1
[T+2089978172us][CH1-Dispenser] E1 E9
[T+2090063172us][CH2-Pc    ] F0
[T+2090068172us][CH1-Dispenser] F0 F8
[T+2090141372us][CH1-Dispenser] E0
[T+2090141241us][CH2-Pc    ] E0
[T+2090316306us][CH1-Dispenser] E1
[T+2090316173us][CH2-Pc    ] E1
[T+2090502173us][CH2-Pc    ] F0
[T+2090510172us][CH1-Dispenser] F0 E8
[T+2090580172us][CH2-Pc    ] F1
[T+2090607172us][CH2-Pc    ] F9
[T+2090620172us][CH1-Dispenser] F1 F5 F9 A9 70 A7 F8
[T+2090685172us][CH2-Pc    ] E1
[T+2090693172us][CH1-Dispenser] E1 E9
[T+2090763172us][CH2-Pc    ] F0
[T+2090771172us][CH1-Dispenser] F0 F8
[T+2090841304us][CH1-Dispenser] E0
[T+2090841173us][CH2-Pc    ] E0
[T+2091018308us][CH1-Dispenser] E1
[T+2091018173us][CH2-Pc    ] E1
[T+2091198173us][CH1-Dispenser] F0 F8
[T+2091195172us][CH2-Pc    ] F0
[T+2091273172us][CH2-Pc    ] F1
[T+2091279208us][CH1-Dispenser] F1 F5
[T+2091300172us][CH2-Pc    ] F9
[T+2091314172us][CH1-Dispenser] F9 28 A8 74
[T+2091379172us][CH2-Pc    ] E1
[T+2091384175us][CH1-Dispenser] E1 E9
[T+2091467172us][CH2-Pc    ] F0
[T+2091474172us][CH1-Dispenser] F0 F8
[T+2091545302us][CH1-Dispenser] E0
[T+2091545173us][CH2-Pc    ] E0
[T+2091721309us][CH1-Dispenser] E1
[T+2091721174us][CH2-Pc    ] E1
[T+2091898172us][CH2-Pc    ] F0
[T+2091905172us][CH1-Dispenser] F0 F8
[T+2091976172us][CH2-Pc    ] F1
[T+2092005172us][CH2-Pc    ] F9
[T+2092016180us][CH1-Dispenser] F1 F5 F9 3A 70 A3 F8
[T+2092082197us][CH2-Pc    ] E1
[T+2092088201us][CH1-Dispenser] E1 E9
[T+2092161172us][CH2-Pc    ] F0
[T+2092167202us][CH1-Dispenser] F0 F8
[T+2092239305us][CH1-Dispenser] E0
[T+2092239173us][CH2-Pc    ] E0
[T+2092414305us][CH1-Dispenser] E1
[T+2092414173us][CH2-Pc    ] E1
[T+2092584172us][CH2-Pc    ] F0
[T+2092589172us][CH1-Dispenser] F0 F8
[T+2092662172us][CH2-Pc    ] F1
[T+2092690172us][CH2-Pc    ] F9
[T+2092701782us][CH1-Dispenser] F1 F5 F9 28 B1 74
[T+2092770172us][CH2-Pc    ] E1
[T+2092778785us][CH1-Dispenser] E1 E9
[T+2092848172us][CH2-Pc    ] F0
[T+2092856179us][CH1-Dispenser] F0 E8
[T+2092926308us][CH1-Dispenser] E0
[T+2092926173us][CH2-Pc    ] E0
[T+2093101304us][CH1-Dispenser] E1
[T+2093101173us][CH2-Pc    ] E1
[T+2093269172us][CH1-Dispenser] F0 F8
[T+2093265172us][CH2-Pc    ] F0
[T+2093345172us][CH2-Pc    ] F1
[T+2093350172us][CH1-Dispenser] F1 F5
[T+2093373177us][CH2-Pc    ] F9
[T+2093384180us][CH1-Dispenser] F9 78 2A 74
[T+2093454172us][CH2-Pc    ] E1
[T+2093458172us][CH1-Dispenser] E1 E9
[T+2093522172us][CH2-Pc    ] F0
[T+2093528200us][CH1-Dispenser] F0 F8
[T+2093600304us][CH1-Dispenser] E0
[T+2093600173us][CH2-Pc    ] E0
[T+2093764307us][CH1-Dispenser] E1
[T+2093764173us][CH2-Pc    ] E1
[T+2093939172us][CH2-Pc    ] F0
[T+2093947179us][CH1-Dispenser] F0 F8
[T+2094019172us][CH2-Pc    ] F1
[T+2094024172us][CH1-Dispenser] F1 F5
[T+2094046173us][CH2-Pc    ] F9
[T+2094061172us][CH1-Dispenser] F9 28 77 A7 F8
[T+2094135172us][CH2-Pc    ] E1
[T+2094142784us][CH1-Dispenser] E1 E9
[T+2094213172us][CH2-Pc    ] F0
[T+2094218172us][CH1-Dispenser] F0 E8
[T+2094292309us][CH1-Dispenser] E0
[T+2094292174us][CH2-Pc    ] E0
[T+2094474310us][CH1-Dispenser] E1
[T+2094474174us][CH2-Pc    ] E1
[T+2094649172us][CH2-Pc    ] F0
[T+2094655201us][CH1-Dispenser] F0 F8
[T+2094750172us][CH2-Pc    ] F1 F9
[T+2094766172us][CH1-Dispenser] F1 F5 F9 28 7A 28
[T+2094840172us][CH2-Pc    ] E1
[T+2094850172us][CH1-Dispenser] E1 E9
[T+2094918172us][CH2-Pc    ] F0
[T+2094922172us][CH1-Dispenser] F0 F8
[T+2094997307us][CH1-Dispenser] E0
[T+2094997173us][CH2-Pc    ] E0
[T+2095171311us][CH1-Dispenser] E1
[T+2095171174us][CH2-Pc    ] E1
[T+2095353172us][CH2-Pc    ] F0
[T+2095359200us][CH1-Dispenser] F0 F8
[T+2095431196us][CH2-Pc    ] F1
[T+2095458172us][CH2-Pc    ] F9
[T+2095471465us][CH1-Dispenser] F1 F5 F9 2A 39 38
[T+2095536172us][CH2-Pc    ] E1
[T+2095544172us][CH1-Dispenser] E1 E9
[T+2095615172us][CH2-Pc    ] F0
[T+2095623818us][CH1-Dispenser] F0 F8
[T+2095694305us][CH1-Dispenser] E0
[T+2095694174us][CH2-Pc    ] E0
[T+2095860306us][CH1-Dispenser] E1
[T+2095860174us][CH2-Pc    ] E1
[T+2096037172us][CH2-Pc    ] F0
[T+2096046179us][CH1-Dispenser] F0 F8
[T+2096132172us][CH2-Pc    ] F1 F9
[T+2096145172us][CH1-Dispenser] F1 F5 F9 28 39 38
[T+2096211197us][CH2-Pc    ] E1
[T+2096218804us][CH1-Dispenser] E1 E9
[T+2096293172us][CH1-Dispenser] F0 F8
[T+2096289172us][CH2-Pc    ] F0
[T+2096368304us][CH1-Dispenser] E0
[T+2096368173us][CH2-Pc    ] E0
[T+2096532309us][CH1-Dispenser] E1
[T+2096532174us][CH2-Pc    ] E1
[T+2096709172us][CH2-Pc    ] F0
[T+2096715200us][CH1-Dispenser] F0 F8
[T+2096796172us][CH2-Pc    ] F1
[T+2096800172us][CH1-Dispenser] F1 F5
[T+2096823172us][CH2-Pc    ] F9
[T+2096836173us][CH1-Dispenser] F9 38 74 74
[T+2096902198us][CH2-Pc    ] E1
[T+2096908202us][CH1-Dispenser] E1 E9
[T+2096980196us][CH2-Pc    ] F0
[T+2096989172us][CH1-Dispenser] F0 F8
[T+2097058306us][CH1-Dispenser] E0
[T+2097058174us][CH2-Pc    ] E0
[T+2097233307us][CH1-Dispenser] E1
[T+2097233173us][CH2-Pc    ] E1
[T+2097409172us][CH2-Pc    ] F0
[T+2097415200us][CH1-Dispenser] F0 F8
[T+2097488172us][CH2-Pc    ] F1
[T+2097515172us][CH2-Pc    ] F9
[T+2097525818us][CH1-Dispenser] F1 F5 F9 B8 3A 74
[T+2097597196us][CH2-Pc    ] E1
[T+2097604172us][CH1-Dispenser] E1 E9
[T+2097675172us][CH2-Pc    ] F0
[T+2097685179us][CH1-Dispenser] F0 F8
[T+2097753305us][CH1-Dispenser] E0
[T+2097753173us][CH2-Pc    ] E0
[T+2097961306us][CH1-Dispenser] E1
[T+2097961173us][CH2-Pc    ] E1
[T+2098125172us][CH2-Pc    ] F0
[T+2098131201us][CH1-Dispenser] F0 F8
[T+2098204172us][CH2-Pc    ] F1
[T+2098210202us][CH1-Dispenser] F1 F5
[T+2098231176us][CH2-Pc    ] F9
[T+2098241459us][CH1-Dispenser] F9 E9 31 73
[T+2098310172us][CH2-Pc    ] E1
[T+2098319172us][CH1-Dispenser] E1 E9
[T+2098392172us][CH2-Pc    ] F0
[T+2098400172us][CH1-Dispenser] F0 F8
[T+2098470306us][CH1-Dispenser] E0
[T+2098470173us][CH2-Pc    ] E0
[T+2098647311us][CH1-Dispenser] E1
[T+2098647174us][CH2-Pc    ] E1
[T+2098813172us][CH2-Pc    ] F0
[T+2098819200us][CH1-Dispenser] F0 F8
[T+2098891369us][CH2-Pc    ] F1
[T+2098918172us][CH2-Pc    ] F9
[T+2098932172us][CH1-Dispenser] F1 F5 F9 29 BA 74
[T+2098997172us][CH2-Pc    ] E1
[T+2099004172us][CH1-Dispenser] E1 E9
[T+2099075172us][CH2-Pc    ] F0
[T+2099083172us][CH1-Dispenser] F0 F8
[T+2099155305us][CH1-Dispenser] E0
[T+2099155173us][CH2-Pc    ] E0
[T+2099330305us][CH1-Dispenser] E1
[T+2099330173us][CH2-Pc    ] E1
[T+2099504197us][CH2-Pc    ] F0
[T+2099510200us][CH1-Dispenser] F0 E8
[T+2099583172us][CH2-Pc    ] F1
[T+2099611176us][CH2-Pc    ] F9
[T+2099621179us][CH1-Dispenser] F1 F5 F9 68 A8 38
[T+2099690172us][CH2-Pc    ] E1
[T+2099694172us][CH1-Dispenser] E1 E9
[T+2099768172us][CH2-Pc    ] F0
[T+2099775172us][CH1-Dispenser] F0 F8
[T+2099848305us][CH1-Dispenser] E0
[T+2099848173us][CH2-Pc    ] E0
[T+2100024307us][CH1-Dispenser] E1
[T+2100024173us][CH2-Pc    ] E1
[T+2100219172us][CH2-Pc    ] F0
[T+2100225200us][CH1-Dispenser] F0 E8
[T+2100297197us][CH2-Pc    ] F1
[T+2100304172us][CH1-Dispenser] F1 F5
[T+2100324172us][CH2-Pc    ] F9
[T+2100336451us][CH1-Dispenser] F9 28 70 8B F8
[T+2100403172us][CH2-Pc    ] E1
[T+2100409200us][CH1-Dispenser] E1 E9
[T+2100481196us][CH2-Pc    ] F0
[T+2100488778us][CH1-Dispenser] F0 F8
[T+2100559308us][CH1-Dispenser] E0
[T+2100559173us][CH2-Pc    ] E0
[T+2100737309us][CH1-Dispenser] E1
[T+2100737173us][CH2-Pc    ] E1
[T+2100916172us][CH2-Pc    ] F0
[T+2100924172us][CH1-Dispenser] F0 F8
[T+2100994172us][CH2-Pc    ] F1
[T+2101000200us][CH1-Dispenser] F1 F5
[T+2101022172us][CH2-Pc    ] F9
[T+2101036172us][CH1-Dispenser] F9 38 74 A3 F8
[T+2101111176us][CH2-Pc    ] E1
[T+2101119172us][CH1-Dispenser] E1 E9
[T+2101189172us][CH2-Pc    ] F0
[T+2101193172us][CH1-Dispenser] F0 E8
[T+2101279172us][CH2-Pc    ] E0
[T+2101280172us][CH1-Dispenser] E0
[T+2101456306us][CH1-Dispenser] E1
[T+2101456173us][CH2-Pc    ] E1
[T+2101648197us][CH2-Pc    ] F0
[T+2101655807us][CH1-Dispenser] F0 E8
[T+2101728172us][CH2-Pc    ] F1
[T+2101755172us][CH2-Pc    ] F9
[T+2101767213us][CH1-Dispenser] F1 F5 F9 B8 38 38
[T+2101834172us][CH2-Pc    ] E1
[T+2101840200us][CH1-Dispenser] E1 E9
[T+2101912197us][CH2-Pc    ] F0
[T+2101919172us][CH1-Dispenser] F0 F8
[T+2101991304us][CH1-Dispenser] E0
[T+2101991173us][CH2-Pc    ] E0
[T+2102158308us][CH1-Dispenser] E1
[T+2102158173us][CH2-Pc    ] E1
[T+2102333172us][CH2-Pc    ] F0
[T+2102340172us][CH1-Dispenser] F0 F8
[T+2102411172us][CH2-Pc    ] F1
[T+2102439172us][CH2-Pc    ] F9
[T+2102450180us][CH1-Dispenser] F1 F5 F9 AA 74 1F F8
[T+2102518172us][CH2-Pc    ] E1
[T+2102525172us][CH1-Dispenser] E1 E9
[T+2102596172us][CH2-Pc    ] F0
[T+2102604172us][CH1-Dispenser] F0 E8
[T+2102674306us][CH1-Dispenser] E0
[T+2102674173us][CH2-Pc    ] E0
[T+2102849305us][CH1-Dispenser] E1
[T+2102849173us][CH2-Pc    ] E1
[T+2103024196us][CH2-Pc    ] F0
[T+2103030202us][CH1-Dispenser] F0 F8
[T+2103102196us][CH2-Pc    ] F1
[T+2103130172us][CH2-Pc    ] F9
[T+2103141271us][CH1-Dispenser] F1 F5 F9 28 71 9F F8
[T+2103207196us][CH2-Pc    ] E1
[T+2103215172us][CH1-Dispenser] E1 E9
[T+2103285172us][CH2-Pc    ] F0
[T+2103294819us][CH1-Dispenser] F0 F8
[T+2103363311us][CH1-Dispenser] E0
[T+2103363175us][CH2-Pc    ] E0
[T+2103538306us][CH1-Dispenser] E1
[T+2103538173us][CH2-Pc    ] E1
[T+2103703172us][CH2-Pc    ] F0
[T+2103710809us][CH1-Dispenser] F0 F8
[T+2103780172us][CH2-Pc    ] F1
[T+2103784172us][CH1-Dispenser] F1 F5
[T+2103808197us][CH2-Pc    ] F9
[T+2103821725us][CH1-Dispenser] F9 A8 B8 38
[T+2103887197us][CH2-Pc    ] E1
[T+2103894172us][CH1-Dispenser] E1 E9
[T+2103967172us][CH2-Pc    ] F0
[T+2103975172us][CH1-Dispenser] F0 F8
[T+2104047304us][CH1-Dispenser] E0
[T+2104047173us][CH2-Pc    ] E0
[T+2104222305us][CH1-Dispenser] E1
[T+2104222173us][CH2-Pc    ] E1
[T+2104398172us][CH2-Pc    ] F0
[T+2104405805us][CH1-Dispenser] F0 F8
[T+2104480172us][CH1-Dispenser] F1 F5
[T+2104476172us][CH2-Pc    ] F1
[T+2104512172us][CH2-Pc    ] F9
[T+2104526172us][CH1-Dispenser] F9 E8 B8 74
[T+2104593172us][CH2-Pc    ] E1
[T+2104598172us][CH1-Dispenser] E1 E9
[T+2104672172us][CH2-Pc    ] F0
[T+2104679783us][CH1-Dispenser] F0 F8
[T+2104750305us][CH1-Dispenser] E0
[T+2104750173us][CH2-Pc    ] E0
[T+2104936307us][CH1-Dispenser] E1
[T+2104936173us][CH2-Pc    ] E1
[T+2105109172us][CH2-Pc    ] F0
[T+2105115200us][CH1-Dispenser] F0 F8
[T+2105187197us][CH2-Pc    ] F1
[T+2105214172us][CH2-Pc    ] F9
[T+2105227172us][CH1-Dispenser] F1 F5 F9 38 74 A3 F8
[T+2105293196us][CH2-Pc    ] E1
[T+2105299202us][CH1-Dispenser] E1 E9
[T+2105372172us][CH2-Pc    ] F0
[T+2105378200us][CH1-Dispenser] F0 F8
[T+2105450306us][CH1-Dispenser] E0
[T+2105450174us][CH2-Pc    ] E0
[T+2105625305us][CH1-Dispenser] E1
[T+2105625173us][CH2-Pc    ] E1
[T+2105802172us][CH2-Pc    ] F0
[T+2105812172us][CH1-Dispenser] F0 F8
[T+2105880172us][CH2-Pc    ] F1
[T+2105885172us][CH1-Dispenser] F1 F5
[T+2105907172us][CH2-Pc    ] F9
[T+2105922173us][CH1-Dispenser] F9 AA 71 A5 F8
[T+2105996172us][CH2-Pc    ] E1
[T+2106004777us][CH1-Dispenser] E1 E9
[T+2106074172us][CH2-Pc    ] F0
[T+2106079172us][CH1-Dispenser] F0 F8
[T+2106153040us][CH1-Dispenser] E0
[T+2106152807us][CH2-Pc    ] E0
[T+2106327306us][CH1-Dispenser] E1
[T+2106327173us][CH2-Pc    ] E1
[T+2106503172us][CH2-Pc    ] F0
[T+2106509200us][CH1-Dispenser] F0 F8
[T+2106582213us][CH2-Pc    ] F1
[T+2106609172us][CH2-Pc    ] F9
[T+2106623173us][CH1-Dispenser] F1 F5 F9 29 38 74
[T+2106721196us][CH2-Pc    ] E1
[T+2106730172us][CH1-Dispenser] E1 E9
[T+2106799172us][CH2-Pc    ] F0
[T+2106806172us][CH1-Dispenser] F0 E8
[T+2106877305us][CH1-Dispenser] E0
[T+2106877173us][CH2-Pc    ] E0
[T+2107052314us][CH1-Dispenser] E1
[T+2107052174us][CH2-Pc    ] E1
[T+2107218172us][CH2-Pc    ] F0
[T+2107225817us][CH1-Dispenser] F0 F8
[T+2107312172us][CH2-Pc    ] F1 F9
[T+2107326172us][CH1-Dispenser] F1 F5 F9 FA C7 1F F8
[T+2107391342us][CH2-Pc    ] E1
[T+2107398172us][CH1-Dispenser] E1 E9
[T+2107469172us][CH2-Pc    ] F0
[T+2107474172us][CH1-Dispenser] F0 F8
[T+2107549304us][CH1-Dispenser] E0
[T+2107549173us][CH2-Pc    ] E0
[T+2107727001us][CH1-Dispenser] E1
[T+2107726770us][CH2-Pc    ] E1
[T+2107904296us][CH2-Pc    ] F0
[T+2107910217us][CH1-Dispenser] F0 F8
[T+2107983172us][CH2-Pc    ] F1
[T+2108010177us][CH2-Pc    ] F9
[T+2108023172us][CH1-Dispenser] F1 F5 F9 E8 73 A7 F8
[T+2108091172us][CH2-Pc    ] E1
[T+2108099172us][CH1-Dispenser] E1 E9
[T+2108169172us][CH2-Pc    ] F0
[T+2108175204us][CH1-Dispenser] F0 E8
[T+2108248304us][CH1-Dispenser] E0
[T+2108248173us][CH2-Pc    ] E0
[T+2108424306us][CH1-Dispenser] E1
[T+2108424173us][CH2-Pc    ] E1
[T+2108599172us][CH2-Pc    ] F0
[T+2108605201us][CH1-Dispenser] F0 F8
[T+2108677197us][CH2-Pc    ] F1
[T+2108704172us][CH2-Pc    ] F9
[T+2108717172us][CH1-Dispenser] F1 F5 F9 79 38 39
[T+2108782172us][CH2-Pc    ] E1
[T+2108790175us][CH1-Dispenser] E1 E9
[T+2108866172us][CH2-Pc    ] F0
[T+2108874179us][CH1-Dispenser] F0 F8
[T+2108944307us][CH1-Dispenser] E0
[T+2108944174us][CH2-Pc    ] E0
[T+2109108304us][CH1-Dispenser] E1
[T+2109108173us][CH2-Pc    ] E1
[T+2109283172us][CH2-Pc    ] F0
[T+2109290821us][CH1-Dispenser] F0 F8
[T+2109377172us][CH2-Pc    ] F1 F9
[T+2109391296us][CH1-Dispenser] F1 F5 F9 29 39 79
[T+2109460172us][CH2-Pc    ] E1
[T+2109463172us][CH1-Dispenser] E1 E9
[T+2109527172us][CH2-Pc    ] F0
[T+2109534172us][CH1-Dispenser] F0 F8
[T+2109606172us][CH1-Dispenser] E0
[T+2109605172us][CH2-Pc    ] E0
[T+2109782308us][CH1-Dispenser] E1
[T+2109782173us][CH2-Pc    ] E1
[T+2109951172us][CH2-Pc    ] F0
[T+2109955173us][CH1-Dispenser] F0 F8
[T+2110030172us][CH2-Pc    ] F1
[T+2110057196us][CH2-Pc    ] F9
[T+2110073172us][CH1-Dispenser] F1 F5 F9 2A 70 76
[T+2110147172us][CH2-Pc    ] E1
[T+2110154172us][CH1-Dispenser] E1 E9
[T+2110225173us][CH2-Pc    ] F0
[T+2110229172us][CH1-Dispenser] F0 F8
[T+2110303305us][CH1-Dispenser] E0
[T+2110303173us][CH2-Pc    ] E0
[T+2110468306us][CH1-Dispenser] E1
[T+2110468173us][CH2-Pc    ] E1
[T+2110645172us][CH2-Pc    ] F0
[T+2110650173us][CH1-Dispenser] F0 F8
[T+2110724172us][CH2-Pc    ] F1
[T+2110751172us][CH2-Pc    ] F9
[T+2110762179us][CH1-Dispenser] F1 F5 F9 38 73 F5
[T+2110829172us][CH2-Pc    ] E1
[T+2110835200us][CH1-Dispenser] E1 E9
[T+2110908172us][CH2-Pc    ] F0
[T+2110914201us][CH1-Dispenser] F0 F8
[T+2110986305us][CH1-Dispenser] E0
[T+2110986173us][CH2-Pc    ] E0
[T+2111157308us][CH1-Dispenser] E1
[T+2111157174us][CH2-Pc    ] E1
[T+2111333172us][CH2-Pc    ] F0
[T+2111341172us][CH1-Dispenser] F0 F8
[T+2111429172us][CH2-Pc    ] F1 F9
[T+2111442172us][CH1-Dispenser] F1 F5 F9 68 38 75
[T+2111509172us][CH2-Pc    ] E1
[T+2111516792us][CH1-Dispenser] E1 E9
[T+2111589172us][CH2-Pc    ] F0
[T+2111595200us][CH1-Dispenser] F0 F8
[T+2111667306us][CH1-Dispenser] E0
[T+2111667173us][CH2-Pc    ] E0
[T+2111843306us][CH1-Dispenser] E1
[T+2111843173us][CH2-Pc    ] E1
[T+2112018172us][CH2-Pc    ] F0
[T+2112026179us][CH1-Dispenser] F0 F8
[T+2112100172us][CH1-Dispenser] F1 F5
[T+2112096172us][CH2-Pc    ] F1
[T+2112123172us][CH2-Pc    ] F9
[T+2112140172us][CH1-Dispenser] F9 38 F6 AE F8
[T+2112219172us][CH2-Pc    ] E1
[T+2112226172us][CH1-Dispenser] E1 E9
[T+2112297172us][CH2-Pc    ] F0
[T+2112305179us][CH1-Dispenser] F0 F8
[T+2112375312us][CH1-Dispenser] E0
[T+2112375176us][CH2-Pc    ] E0
[T+2112555306us][CH1-Dispenser] E1
[T+2112555173us][CH2-Pc    ] E1
[T+2112719172us][CH2-Pc    ] F0
[T+2112726172us][CH1-Dispenser] F0 E8
[T+2112797174us][CH2-Pc    ] F1
[T+2112803150us][CH1-Dispenser] F1 F5
[T+2112824180us][CH2-Pc    ] F9
[T+2112836213us][CH1-Dispenser] F9 B9 A8 39
[T+2112904172us][CH2-Pc    ] E1
[T+2112911172us][CH1-Dispenser] E1 E9
[T+2112982172us][CH2-Pc    ] F0
[T+2112990829us][CH1-Dispenser] F0 F8
[T+2113061308us][CH1-Dispenser] E0
[T+2113061173us][CH2-Pc    ] E0
[T+2113235307us][CH1-Dispenser] E1
[T+2113235174us][CH2-Pc    ] E1
[T+2113410172us][CH2-Pc    ] F0
[T+2113416202us][CH1-Dispenser] F0 F8
[T+2113488197us][CH2-Pc    ] F1
[T+2113516172us][CH2-Pc    ] F9
[T+2113527830us][CH1-Dispenser] F1 F5 F9 A9 75 39
[T+2113594172us][CH2-Pc    ] E1
[T+2113599172us][CH1-Dispenser] E1 E9
[T+2113672172us][CH2-Pc    ] F0
[T+2113680172us][CH1-Dispenser] F0 E8
[T+2113750304us][CH1-Dispenser] E0
[T+2113750173us][CH2-Pc    ] E0
[T+2113925308us][CH1-Dispenser] E1
[T+2113925173us][CH2-Pc    ] E1
[T+2114100172us][CH2-Pc    ] F0
[T+2114107172us][CH1-Dispenser] F0 F8
[T+2114178172us][CH2-Pc    ] F1
[T+2114205172us][CH2-Pc    ] F9
[T+2114218172us][CH1-Dispenser] F1 F5 F9 F8 28 E9
[T+2114289172us][CH2-Pc    ] E1
[T+2114294172us][CH1-Dispenser] E1 E9
[T+2114393172us][CH2-Pc    ] F0
[T+2114401803us][CH1-Dispenser] F0 E8
[T+2114472305us][CH1-Dispenser] E0
[T+2114472173us][CH2-Pc    ] E0
[T+2114647308us][CH1-Dispenser] E1
[T+2114647173us][CH2-Pc    ] E1
[T+2114811172us][CH2-Pc    ] F0
[T+2114816172us][CH1-Dispenser] F0 F8
[T+2114891336us][CH2-Pc    ] F1
[T+2114895172us][CH1-Dispenser] F1 F5
[T+2114918172us][CH2-Pc    ] F9
[T+2114932173us][CH1-Dispenser] F9 28 74 B3 F8
[T+2114997172us][CH2-Pc    ] E1
[T+2115004783us][CH1-Dispenser] E1 E9
[T+2115075172us][CH2-Pc    ] F0
[T+2115080172us][CH1-Dispenser] F0 F8
[T+2115153307us][CH1-Dispenser] E0
[T+2115153173us][CH2-Pc    ] E0
[T+2115329307us][CH1-Dispenser] E1
[T+2115329173us][CH2-Pc    ] E1
[T+2115504172us][CH2-Pc    ] F0
[T+2115510200us][CH1-Dispenser] F0 F8
[T+2115583172us][CH2-Pc    ] F1
[T+2115610172us][CH2-Pc    ] F9
[T+2115622213us][CH1-Dispenser] F1 F5 F9 28 74 AB F8
[T+2115689172us][CH2-Pc    ] E1
[T+2115696172us][CH1-Dispenser] E1 E9
[T+2115764172us][CH2-Pc    ] F0
[T+2115770200us][CH1-Dispenser] F0 F8
[T+2115843305us][CH1-Dispenser] E0
[T+2115843173us][CH2-Pc    ] E0
[T+2116019306us][CH1-Dispenser] E1
[T+2116019173us][CH2-Pc    ] E1
[T+2116185172us][CH2-Pc    ] F0
[T+2116190172us][CH1-Dispenser] F0 F8
[T+2116264172us][CH2-Pc    ] F1
[T+2116271172us][CH1-Dispenser] F1 F5
[T+2116293172us][CH2-Pc    ] F9
[T+2116308172us][CH1-Dispenser] F9 A8 E9 B3 F8
[T+2116382172us][CH2-Pc    ] E1
[T+2116390172us][CH1-Dispenser] E1 E9
[T+2116460172us][CH2-Pc    ] F0
[T+2116464172us][CH1-Dispenser] F0 F8
[T+2116538303us][CH1-Dispenser] E0
[T+2116538173us][CH2-Pc    ] E0
[T+2116702305us][CH1-Dispenser] E1
[T+2116702173us][CH2-Pc    ] E1
[T+2116881173us][CH1-Dispenser] F0 F8
[T+2116877172us][CH2-Pc    ] F0
[T+2116955172us][CH2-Pc    ] F1
[T+2116960172us][CH1-Dispenser] F1 F5
[T+2116982172us][CH2-Pc    ] F9
[T+2116997172us][CH1-Dispenser] F9 28 B1 B3 F8
[T+2117072172us][CH2-Pc    ] E1
[T+2117080172us][CH1-Dispenser] E1 E9
[T+2117150172us][CH2-Pc    ] F0
[T+2117155172us][CH1-Dispenser] F0 F8
[T+2117230305us][CH1-Dispenser] E0
[T+2117230173us][CH2-Pc    ] E0
[T+2117406307us][CH1-Dispenser] E1
[T+2117406173us][CH2-Pc    ] E1
[T+2117581172us][CH2-Pc    ] F0
[T+2117588172us][CH1-Dispenser] F0 F8
[T+2117659172us][CH2-Pc    ] F1
[T+2117665202us][CH1-Dispenser] F1 F5
[T+2117686172us][CH2-Pc    ] F9
[T+2117696181us][CH1-Dispenser] F9 28 31 AB F8
[T+2117766172us][CH2-Pc    ] E1
[T+2117775172us][CH1-Dispenser] E1 E9
[T+2117845172us][CH2-Pc    ] F0
[T+2117853813us][CH1-Dispenser] F0 F8
[T+2117923305us][CH1-Dispenser] E0
[T+2117923173us][CH2-Pc    ] E0
[T+2118117315us][CH1-Dispenser] E1
[T+2118117175us][CH2-Pc    ] E1
[T+2118281172us][CH2-Pc    ] F0
[T+2118286172us][CH1-Dispenser] F0 FE
[T+2118359172us][CH2-Pc    ] F1
[T+2118365200us][CH1-Dispenser] F1 F5
[T+2118387172us][CH2-Pc    ] F9
[T+2118398180us][CH1-Dispenser] F9 28 74 B3 F8
[T+2118466172us][CH2-Pc    ] E1
[T+2118471172us][CH1-Dispenser] E1 E9
[T+2118544172us][CH2-Pc    ] F0
[T+2118550200us][CH1-Dispenser] F0 F8
[T+2118623309us][CH1-Dispenser] E0
[T+2118623173us][CH2-Pc    ] E0
[T+2118800306us][CH1-Dispenser] E1
[T+2118800173us][CH2-Pc    ] E1
[T+2118974196us][CH2-Pc    ] F0
[T+2118980200us][CH1-Dispenser] F0 F8
[T+2119053172us][CH2-Pc    ] F1
[T+2119080172us][CH2-Pc    ] F9
[T+2119094172us][CH1-Dispenser] F1 F5 F9 AA 74 B3 F8
[T+2119158172us][CH2-Pc    ] E1
[T+2119165172us][CH1-Dispenser] E1 E9
[T+2119245172us][CH2-Pc    ] F0
[T+2119251200us][CH1-Dispenser] F0 F8
[T+2119323307us][CH1-Dispenser] E0
[T+2119323173us][CH2-Pc    ] E0
[T+2119499307us][CH1-Dispenser] E1
[T+2119499173us][CH2-Pc    ] E1
[T+2119675172us][CH2-Pc    ] F0
[T+2119681200us][CH1-Dispenser] F0 F8
[T+2119753200us][CH2-Pc    ] F1
[T+2119780172us][CH2-Pc    ] F9
[T+2119794172us][CH1-Dispenser] F1 F5 F9 B9 74 B3 F8
[T+2119859172us][CH2-Pc    ] E1
[T+2119866172us][CH1-Dispenser] E1 E9
[T+2119937172us][CH2-Pc    ] F0
[T+2119945172us][CH1-Dispenser] F0 F8
[T+2120015304us][CH1-Dispenser] E0
[T+2120015173us][CH2-Pc    ] E0
[T+2120192305us][CH1-Dispenser] E1
[T+2120192173us][CH2-Pc    ] E1
[T+2120367172us][CH2-Pc    ] F0
[T+2120372172us][CH1-Dispenser] F0 F8
[T+2120445172us][CH2-Pc    ] F1
[T+2120451200us][CH1-Dispenser] F1 F5
[T+2120472172us][CH2-Pc    ] F9
[T+2120490196us][CH1-Dispenser] F9 29 38 76
[T+2120562196us][CH2-Pc    ] E1
[T+2120572179us][CH1-Dispenser] E1 E9
[T+2120641242us][CH2-Pc    ] F0
[T+2120651786us][CH1-Dispenser] F0 F8
[T+2120726304us][CH1-Dispenser] E0
[T+2120726173us][CH2-Pc    ] E0
[T+2120892307us][CH1-Dispenser] E1
[T+2120892173us][CH2-Pc    ] E1
[T+2121067172us][CH2-Pc    ] F0
[T+2121072172us][CH1-Dispenser] F0 F8
[T+2121145172us][CH2-Pc    ] F1
[T+2121151200us][CH1-Dispenser] F1 F5
[T+2121173172us][CH2-Pc    ] F9
[T+2121189172us][CH1-Dispenser] F9 E9 B8 F5
[T+2121263172us][CH2-Pc    ] E1
[T+2121269200us][CH1-Dispenser] E1 E9
[T+2121345172us][CH1-Dispenser] F0 F8
[T+2121341172us][CH2-Pc    ] F0
[T+2121419304us][CH1-Dispenser] E0
[T+2121419173us][CH2-Pc    ] E0
[T+2121597310us][CH1-Dispenser] E1
[T+2121597173us][CH2-Pc    ] E1
[T+2121773172us][CH2-Pc    ] F0
[T+2121782172us][CH1-Dispenser] F0 F8
[T+2121851172us][CH2-Pc    ] F1
[T+2121856172us][CH1-Dispenser] F1 F5
[T+2121879172us][CH2-Pc    ] F9
[T+2121893172us][CH1-Dispenser] F9 29 38 75
[T+2121958172us][CH2-Pc    ] E1
[T+2121965792us][CH1-Dispenser] E1 E9
[T+2122040172us][CH1-Dispenser] F0 F8
[T+2122036172us][CH2-Pc    ] F0
[T+2122114306us][CH1-Dispenser] E0
[T+2122114173us][CH2-Pc    ] E0
[T+2122289308us][CH1-Dispenser] E1
[T+2122289174us][CH2-Pc    ] E1
[T+2122457172us][CH2-Pc    ] F0
[T+2122462173us][CH1-Dispenser] F0 F8
[T+2122535172us][CH2-Pc    ] F1
[T+2122562172us][CH2-Pc    ] F9
[T+2122574213us][CH1-Dispenser] F1 F5 F9 29 38 F6
[T+2122642172us][CH2-Pc    ] E1
[T+2122651179us][CH1-Dispenser] E1 E9
[T+2122721172us][CH2-Pc    ] F0
[T+2122725172us][CH1-Dispenser] F0 F8
[T+2122792304us][CH1-Dispenser] E0
[T+2122792173us][CH2-Pc    ] E0
[T+2122969308us][CH1-Dispenser] E1
[T+2122969173us][CH2-Pc    ] E1
[T+2123145172us][CH2-Pc    ] F0
[T+2123151200us][CH1-Dispenser] F0 F8
[T+2123223196us][CH2-Pc    ] F1
[T+2123251176us][CH2-Pc    ] F9
[T+2123263215us][CH1-Dispenser] F1 F5 F9 E9 A7 A8 F8
[T+2123329196us][CH2-Pc    ] E1
[T+2123336172us][CH1-Dispenser] E1 E9
[T+2123407172us][CH2-Pc    ] F0
[T+2123415172us][CH1-Dispenser] F0 F8
[T+2123485304us][CH1-Dispenser] E0
[T+2123485173us][CH2-Pc    ] E0
[T+2123660310us][CH1-Dispenser] E1
[T+2123660174us][CH2-Pc    ] E1
[T+2123836172us][CH2-Pc    ] F0
[T+2123842200us][CH1-Dispenser] F0 F8
[T+2123914196us][CH2-Pc    ] F1
[T+2123941172us][CH2-Pc    ] F9
[T+2123952824us][CH1-Dispenser] F1 F5 F9 29 38 76
[T+2124023172us][CH2-Pc    ] E1
[T+2124032172us][CH1-Dispenser] E1 E9
[T+2124101172us][CH2-Pc    ] F0
[T+2124105172us][CH1-Dispenser] F0 F8
[T+2124180306us][CH1-Dispenser] E0
[T+2124180173us][CH2-Pc    ] E0
[T+2124343172us][CH1-Dispenser] E1
[T+2124342172us][CH2-Pc    ] E1
[T+2124517172us][CH2-Pc    ] F0
[T+2124522172us][CH1-Dispenser] F0 F8
[T+2124595172us][CH2-Pc    ] F1
[T+2124601200us][CH1-Dispenser] F1 F5
[T+2124624172us][CH2-Pc    ] F9
[T+2124638172us][CH1-Dispenser] F9 E9 38 39
[T+2124705172us][CH2-Pc    ] E1
[T+2124711200us][CH1-Dispenser] E1 E9
[T+2124783197us][CH2-Pc    ] F0
[T+2124790814us][CH1-Dispenser] F0 F8
[T+2124861309us][CH1-Dispenser] E0
[T+2124861173us][CH2-Pc    ] E0
[T+2125036304us][CH1-Dispenser] E1
[T+2125036173us][CH2-Pc    ] E1
[T+2125211172us][CH2-Pc    ] F0
[T+2125218172us][CH1-Dispenser] F0 F8
[T+2125289172us][CH2-Pc    ] F1
[T+2125295200us][CH1-Dispenser] F1 F5
[T+2125317172us][CH2-Pc    ] F9
[T+2125328179us][CH1-Dispenser] F9 29 38 76
[T+2125397172us][CH2-Pc    ] E1
[T+2125405172us][CH1-Dispenser] E1 E9
[T+2125475172us][CH2-Pc    ] F0
[T+2125482173us][CH1-Dispenser] F0 F8
[T+2125553304us][CH1-Dispenser] E0
[T+2125553173us][CH2-Pc    ] E0
[T+2125719306us][CH1-Dispenser] E1
[T+2125719173us][CH2-Pc    ] E1
[T+2125896172us][CH2-Pc    ] F0
[T+2125901173us][CH1-Dispenser] F0 F8
[T+2125974172us][CH2-Pc    ] F1
[T+2126002172us][CH2-Pc    ] F9
[T+2126013179us][CH1-Dispenser] F1 F5 F9 29 38 76
[T+2126085196us][CH2-Pc    ] E1
[T+2126091201us][CH1-Dispenser] E1 E9
[T+2126163198us][CH2-Pc    ] F0
[T+2126170172us][CH1-Dispenser] F0 F8
[T+2126241304us][CH1-Dispenser] E0
[T+2126241173us][CH2-Pc    ] E0
[T+2126406310us][CH1-Dispenser] E1
[T+2126406174us][CH2-Pc    ] E1
[T+2126581172us][CH2-Pc    ] F0
[T+2126590809us][CH1-Dispenser] F0 F8
[T+2126659172us][CH2-Pc    ] F1
[T+2126686196us][CH2-Pc    ] F9
[T+2126697180us][CH1-Dispenser] F1 F5 F9 AA B8 75
[T+2126764172us][CH2-Pc    ] E1
[T+2126770202us][CH1-Dispenser] E1 E9
[T+2126844172us][CH2-Pc    ] F0
[T+2126855179us][CH1-Dispenser] F0 F8
[T+2126925305us][CH1-Dispenser] E0
[T+2126925174us][CH2-Pc    ] E0
[T+2127092309us][CH1-Dispenser] E1
[T+2127092174us][CH2-Pc    ] E1
[T+2127266173us][CH2-Pc    ] F0
[T+2127270173us][CH1-Dispenser] F0 F8
[T+2127336196us][CH2-Pc    ] F1
[T+2127363172us][CH2-Pc    ] F9
[T+2127381196us][CH1-Dispenser] F1 F5 F9 28 F5 B3 F8
[T+2127453197us][CH2-Pc    ] E1
[T+2127460172us][CH1-Dispenser] E1 E9
[T+2127534172us][CH1-Dispenser] F0 F8
[T+2127531173us][CH2-Pc    ] F0
[T+2127598305us][CH1-Dispenser] E0
[T+2127598173us][CH2-Pc    ] E0
[T+2127763306us][CH1-Dispenser] E1
[T+2127763173us][CH2-Pc    ] E1
[T+2127939172us][CH2-Pc    ] F0
[T+2127946172us][CH1-Dispenser] F0 F8
[T+2128016172us][CH2-Pc    ] F1
[T+2128022200us][CH1-Dispenser] F1 F5
[T+2128044172us][CH2-Pc    ] F9
[T+2128057172us][CH1-Dispenser] F9 68 A9 75
[T+2128122172us][CH2-Pc    ] E1
[T+2128125172us][CH1-Dispenser] E1 E9
[T+2128189172us][CH2-Pc    ] F0
[T+2128196813us][CH1-Dispenser] F0 F8
[T+2128267305us][CH1-Dispenser] E0
[T+2128267173us][CH2-Pc    ] E0
[T+2128448306us][CH1-Dispenser] E1
[T+2128448173us][CH2-Pc    ] E1
[T+2128624172us][CH2-Pc    ] F0
[T+2128632820us][CH1-Dispenser] F0 F8
[T+2128702172us][CH2-Pc    ] F1
[T+2128706172us][CH1-Dispenser] F1 F5
[T+2128729172us][CH2-Pc    ] F9
[T+2128742172us][CH1-Dispenser] F9 39 AA 76
[T+2128807172us][CH2-Pc    ] E1
[T+2128815172us][CH1-Dispenser] E1 E9
[T+2128885172us][CH2-Pc    ] F0
[T+2128889172us][CH1-Dispenser] F0 F8
[T+2128964172us][CH1-Dispenser] E0
[T+2128963175us][CH2-Pc    ] E0
[T+2129140306us][CH1-Dispenser] E1
[T+2129140173us][CH2-Pc    ] E1
[T+2129315172us][CH2-Pc    ] F0
[T+2129321200us][CH1-Dispenser] F0 F8
[T+2129393200us][CH2-Pc    ] F1
[T+2129420172us][CH2-Pc    ] F9
[T+2129433177us][CH1-Dispenser] F1 F5 F9 3A 70 AB F8
[T+2129500172us][CH2-Pc    ] E1
[T+2129506200us][CH1-Dispenser] E1 E9
[T+2129578201us][CH2-Pc    ] F0
[T+2129586179us][CH1-Dispenser] F0 F8
[T+2129657306us][CH1-Dispenser] E0
[T+2129657173us][CH2-Pc    ] E0
[T+2129833307us][CH1-Dispenser] E1
[T+2129833173us][CH2-Pc    ] E1
[T+2129999172us][CH2-Pc    ] F0
[T+2130010179us][CH1-Dispenser] F0 F8
[T+2130077172us][CH2-Pc    ] F1
[T+2130082172us][CH1-Dispenser] F1 F5
[T+2130104172us][CH2-Pc    ] F9
[T+2130118172us][CH1-Dispenser] F9 28 7B AB F8
[T+2130190201us][CH2-Pc    ] E1
[T+2130196203us][CH1-Dispenser] E1 E9
[T+2130268196us][CH2-Pc    ] F0
[T+2130275172us][CH1-Dispenser] F0 F8
[T+2130346306us][CH1-Dispenser] E0
[T+2130346174us][CH2-Pc    ] E0
[T+2130521307us][CH1-Dispenser] E1
[T+2130521174us][CH2-Pc    ] E1
[T+2130685172us][CH2-Pc    ] F0
[T+2130691200us][CH1-Dispenser] F0 F8
[T+2130763172us][CH2-Pc    ] F1
[T+2130767172us][CH1-Dispenser] F1 F5
[T+2130791196us][CH2-Pc    ] F9
[T+2130804172us][CH1-Dispenser] F9 29 3A 76
[T+2130870172us][CH2-Pc    ] E1
[T+2130875172us][CH1-Dispenser] E1 E9
[T+2130948172us][CH2-Pc    ] F0
[T+2130958179us][CH1-Dispenser] F0 F8
[T+2131027305us][CH1-Dispenser] E0
[T+2131027173us][CH2-Pc    ] E0
[T+2131202307us][CH1-Dispenser] E1
[T+2131202173us][CH2-Pc    ] E1
[T+2131378172us][CH2-Pc    ] F0
[T+2131387172us][CH1-Dispenser] F0 F8
[T+2131456172us][CH2-Pc    ] F1
[T+2131461172us][CH1-Dispenser] F1 F5
[T+2131483172us][CH2-Pc    ] F9
[T+2131494871us][CH1-Dispenser] F9 B8 7B AB F8
[T+2131561172us][CH2-Pc    ] E1
[T+2131565172us][CH1-Dispenser] E1 E9
[T+2131639172us][CH2-Pc    ] F0
[T+2131646799us][CH1-Dispenser] F0 F8
[T+2131718304us][CH1-Dispenser] E0
[T+2131718173us][CH2-Pc    ] E0
[T+2131905306us][CH1-Dispenser] E1
[T+2131905173us][CH2-Pc    ] E1
[T+2132082172us][CH2-Pc    ] F0
[T+2132091172us][CH1-Dispenser] F0 F8
[T+2132162172us][CH2-Pc    ] F1
[T+2132166173us][CH1-Dispenser] F1 F5
[T+2132189690us][CH2-Pc    ] F9
[T+2132203172us][CH1-Dispenser] F9 39 7B AB F8
[T+2132267172us][CH2-Pc    ] E1
[T+2132277172us][CH1-Dispenser] E1 E9
[T+2132345172us][CH2-Pc    ] F0
[T+2132352172us][CH1-Dispenser] F0 F8
[T+2132424172us][CH1-Dispenser] E0
[T+2132423172us][CH2-Pc    ] E0
[T+2132591305us][CH1-Dispenser] E1
[T+2132591173us][CH2-Pc    ] E1
[T+2132767172us][CH2-Pc    ] F0
[T+2132774172us][CH1-Dispenser] F0 F8
[T+2132845172us][CH2-Pc    ] F1
[T+2132852175us][CH1-Dispenser] F1 F5
[T+2132884172us][CH2-Pc    ] F9
[T+2132897172us][CH1-Dispenser] F9 39 7B AB F8
[T+2132963196us][CH2-Pc    ] E1
[T+2132971172us][CH1-Dispenser] E1 E9
[T+2133041172us][CH2-Pc    ] F0
[T+2133046172us][CH1-Dispenser] F0 F8
[T+2133110310us][CH1-Dispenser] E0
[T+2133110173us][CH2-Pc    ] E0
[T+2133285304us][CH1-Dispenser] E1
[T+2133285173us][CH2-Pc    ] E1
[T+2133460172us][CH2-Pc    ] F0
[T+2133467172us][CH1-Dispenser] F0 F8
[T+2133539196us][CH2-Pc    ] F1
[T+2133566172us][CH2-Pc    ] F9
[T+2133579172us][CH1-Dispenser] F1 F5 F9 39 70 AB F8
[T+2133644173us][CH2-Pc    ] E1
[T+2133650202us][CH1-Dispenser] E1 E9
[T+2133722197us][CH2-Pc    ] F0
[T+2133733179us][CH1-Dispenser] F0 F8
[T+2133800305us][CH1-Dispenser] E0
[T+2133800173us][CH2-Pc    ] E0
[T+2133975306us][CH1-Dispenser] E1
[T+2133975173us][CH2-Pc    ] E1
[T+2134139172us][CH2-Pc    ] F0
[T+2134148815us][CH1-Dispenser] F0 F8
[T+2134217172us][CH2-Pc    ] F1
[T+2134239172us][CH2-Pc    ] F9
[T+2134257196us][CH1-Dispenser] F1 F5 F9 6A BA 75
[T+2134329198us][CH2-Pc    ] E1
[T+2134336172us][CH1-Dispenser] E1 E9
[T+2134409172us][CH2-Pc    ] F0
[T+2134417172us][CH1-Dispenser] F0 F8
[T+2134487305us][CH1-Dispenser] E0
[T+2134487173us][CH2-Pc    ] E0
[T+2134664307us][CH1-Dispenser] E1
[T+2134664173us][CH2-Pc    ] E1
[T+2134828172us][CH2-Pc    ] F0
[T+2134832172us][CH1-Dispenser] F0 F8
[T+2134906172us][CH2-Pc    ] F1
[T+2134913172us][CH1-Dispenser] F1 F5
[T+2134964172us][CH2-Pc    ] F9
[T+2134979172us][CH1-Dispenser] F9 2A 3A 76
[T+2135043172us][CH2-Pc    ] E1
[T+2135050172us][CH1-Dispenser] E1 E9
[T+2135121172us][CH2-Pc    ] F0
[T+2135125172us][CH1-Dispenser] F0 F8
[T+2135199307us][CH1-Dispenser] E0
[T+2135199173us][CH2-Pc    ] E0
[T+2135374305us][CH1-Dispenser] E1
[T+2135374173us][CH2-Pc    ] E1
[T+2135548196us][CH2-Pc    ] F0
[T+2135557827us][CH1-Dispenser] F0 F8
[T+2135626172us][CH2-Pc    ] F1
[T+2135632200us][CH1-Dispenser] F1 F5
[T+2135656196us][CH2-Pc    ] F9
[T+2135669172us][CH1-Dispenser] F9 2A 3A 76
[T+2135737172us][CH2-Pc    ] E1
[T+2135742172us][CH1-Dispenser] E1 E9
[T+2135815172us][CH2-Pc    ] F0
[T+2135821200us][CH1-Dispenser] F0 F8
[T+2135894304us][CH1-Dispenser] E0
[T+2135894173us][CH2-Pc    ] E0
[T+2136070306us][CH1-Dispenser] E1
[T+2136070173us][CH2-Pc    ] E1
[T+2136234173us][CH2-Pc    ] F0
[T+2136242814us][CH1-Dispenser] F0 F8
[T+2136320196us][CH2-Pc    ] F1
[T+2136327172us][CH1-Dispenser] F1 F5
[T+2136349172us][CH2-Pc    ] F9
[T+2136364172us][CH1-Dispenser] F9 2A 7A 76
[T+2136438172us][CH2-Pc    ] E1
[T+2136446172us][CH1-Dispenser] E1 E9
[T+2136516172us][CH2-Pc    ] F0
[T+2136520172us][CH1-Dispenser] F0 F8
[T+2136594305us][CH1-Dispenser] E0
[T+2136594173us][CH2-Pc    ] E0
[T+2136771308us][CH1-Dispenser] E1
[T+2136771173us][CH2-Pc    ] E1
[T+2136937172us][CH2-Pc    ] F0
[T+2136944172us][CH1-Dispenser] F0 F8
[T+2137015172us][CH2-Pc    ] F1
[T+2137044172us][CH2-Pc    ] F9
[T+2137058172us][CH1-Dispenser] F1 F5 F9 2A 3A 76
[T+2137123172us][CH2-Pc    ] E1
[T+2137131783us][CH1-Dispenser] E1 E9
[T+2137203198us][CH2-Pc    ] F0
[T+2137210172us][CH1-Dispenser] F0 F8
[T+2137282304us][CH1-Dispenser] E0
[T+2137282173us][CH2-Pc    ] E0
[T+2137458305us][CH1-Dispenser] E1
[T+2137458173us][CH2-Pc    ] E1
[T+2137623172us][CH2-Pc    ] F0
[T+2137629202us][CH1-Dispenser] F0 F8
[T+2137703172us][CH2-Pc    ] F1
[T+2137706172us][CH1-Dispenser] F1 F5
[T+2137736197us][CH2-Pc    ] F9
[T+2137752172us][CH1-Dispenser] F9 2A 7A 76
[T+2137825172us][CH2-Pc    ] E1
[T+2137830172us][CH1-Dispenser] E1 E9
[T+2137905172us][CH2-Pc    ] F0
[T+2137911202us][CH1-Dispenser] F0 F8
[T+2137983305us][CH1-Dispenser] E0
[T+2137983174us][CH2-Pc    ] E0
[T+2138160307us][CH1-Dispenser] E1
[T+2138160173us][CH2-Pc    ] E1
[T+2138337172us][CH2-Pc    ] F0
[T+2138343201us][CH1-Dispenser] F0 F8
[T+2138416172us][CH2-Pc    ] F1
[T+2138443172us][CH2-Pc    ] F9
[T+2138455809us][CH1-Dispenser] F1 F5 F9 6A BA 75
[T+2138524172us][CH2-Pc    ] E1
[T+2138531172us][CH1-Dispenser] E1 E9
[T+2138602172us][CH2-Pc    ] F0
[T+2138607172us][CH1-Dispenser] F0 F8
[T+2138680305us][CH1-Dispenser] E0
[T+2138680173us][CH2-Pc    ] E0
[T+2138866305us][CH1-Dispenser] E1
[T+2138866173us][CH2-Pc    ] E1
[T+2139030172us][CH2-Pc    ] F0
[T+2139037172us][CH1-Dispenser] F0 F8
[T+2139108172us][CH2-Pc    ] F1
[T+2139113172us][CH1-Dispenser] F1 E5
[T+2139686172us][CH2-Pc    ] E1
[T+2139691173us][CH1-Dispenser] E1 E9
[T+2139766172us][CH2-Pc    ] F0
[T+2139772200us][CH1-Dispenser] F0 F8
[T+2139844305us][CH1-Dispenser] E0
[T+2139844173us][CH2-Pc    ] E0
[T+2140019307us][CH1-Dispenser] E1
[T+2140019173us][CH2-Pc    ] E1
[T+2140195172us][CH2-Pc    ] F0
[T+2140201200us][CH1-Dispenser] F0 F8
[T+2140273172us][CH2-Pc    ] F1
[T+2140277172us][CH1-Dispenser] F1 F9
[T+2140851172us][CH2-Pc    ] E1
[T+2140855173us][CH1-Dispenser] E1 E9
[T+2140929172us][CH2-Pc    ] F0
[T+2140936172us][CH1-Dispenser] F0 F8
[T+2141007304us][CH1-Dispenser] E0
[T+2141007173us][CH2-Pc    ] E0
[T+2141171310us][CH1-Dispenser] E1
[T+2141171174us][CH2-Pc    ] E1
[T+2141342172us][CH2-Pc    ] F0
[T+2141347172us][CH1-Dispenser] F0 F8
[T+2141420172us][CH2-Pc    ] F1
[T+2141427172us][CH1-Dispenser] F1 F9
[T+2141448172us][CH2-Pc    ] E9
[T+2141496199us][CH1-Dispenser] E9 6F 7E B3 38 2D BC B8 28 78 E9 29 B8 39 87 A8 B8 28 FF
[T+2141520196us][CH2-Pc    ] FD
[T+2141651172us][CH1-Dispenser] FD AF 70 70 DD 68 F8 35 35 38 76 76 D5 78 68 33 38 B8 70 76 D5 68 71 BF 2F E8 29 27 CF 3C 78 33 8B 38 B8 72 74 CF EA B1 7A EF 74 6A 28 29 8F 39 33 83 38 78 29 FF
[T+2141743172us][CH2-Pc    ] E1
[T+2141751172us][CH1-Dispenser] E1 E9
[T+2141821172us][CH2-Pc    ] F0
[T+2141826172us][CH1-Dispenser] F0 F8
[T+2141899308us][CH1-Dispenser] E0
[T+2141899173us][CH2-Pc    ] E0
[T+2142085308us][CH1-Dispenser] E1
[T+2142085174us][CH2-Pc    ] E1
[T+2142249172us][CH2-Pc    ] F0
[T+2142258179us][CH1-Dispenser] F0 F8
[T+2142332172us][CH1-Dispenser] F1 F9
[T+2142328172us][CH2-Pc    ] F1
[T+2142355172us][CH2-Pc    ] E9
[T+2142424172us][CH2-Pc    ] FD
[T+2142554172us][CH1-Dispenser] E9 6F 7E 33 38 2D FC 78 68 78 29 29 B8 70 EF A8 B8 28 FF FD 6F F0 70 B5 A8 B8 35 35 B8 F5 BE 2A B8 E8 7C 38 B8 33 F5 D5 9B 78 39 73 77 AB 39 2A 38 68 33 38 B8 F2 73 97 AA 74 EF AF 74 AA A8 70 87 B9 A3 83 38 78 29 FF
[T+2142636172us][CH2-Pc    ] E1
[T+2142641271us][CH1-Dispenser] E1 E9
[T+2142714172us][CH2-Pc    ] F0
[T+2142720202us][CH1-Dispenser] F0 F8
[T+2142792307us][CH1-Dispenser] E0
[T+2142792173us][CH2-Pc    ] E0
[T+2142967308us][CH1-Dispenser] E1
[T+2142967173us][CH2-Pc    ] E1
[T+2143142172us][CH2-Pc    ] F0
[T+2143147172us][CH1-Dispenser] F0 F8
[T+2143220172us][CH2-Pc    ] F1
[T+2143228172us][CH1-Dispenser] F1 F9
[T+2143298174us][CH2-Pc    ] E1
[T+2143306172us][CH1-Dispenser] E1 E9
[T+2143376172us][CH2-Pc    ] F0
[T+2143381172us][CH1-Dispenser] F0 F8
[T+2143454306us][CH1-Dispenser] E0
[T+2143454173us][CH2-Pc    ] E0
[T+2143631305us][CH1-Dispenser] E1
[T+2143631173us][CH2-Pc    ] E1
[T+2143794172us][CH2-Pc    ] F0
[T+2143803180us][CH1-Dispenser] F0 F8
[T+2143872172us][CH2-Pc    ] F1
[T+2143877172us][CH1-Dispenser] F1 F9
[T+2143951172us][CH2-Pc    ] E1
[T+2143956173us][CH1-Dispenser] E1 E9
[T+2144030172us][CH2-Pc    ] F0
[T+2144036201us][CH1-Dispenser] F0 F8
[T+2144108305us][CH1-Dispenser] E0
[T+2144108173us][CH2-Pc    ] E0
[T+2144288305us][CH1-Dispenser] E1
[T+2144288173us][CH2-Pc    ] E1
[T+2144452172us][CH2-Pc    ] F0
[T+2144457174us][CH1-Dispenser] F0 E8
[T+2144530172us][CH2-Pc    ] F1
[T+2144538172us][CH1-Dispenser] F1 F9
[T+2144609172us][CH2-Pc    ] E1
[T+2144616172us][CH1-Dispenser] E1 E9
[T+2144687172us][CH2-Pc    ] F0
[T+2144691173us][CH1-Dispenser] F0 F8
[T+2144765305us][CH1-Dispenser] E0
[T+2144765173us][CH2-Pc    ] E0
[T+2144939313us][CH1-Dispenser] E1
[T+2144939175us][CH2-Pc    ] E1
[T+2145115172us][CH2-Pc    ] F0
[T+2145124172us][CH1-Dispenser] F0 F8
[T+2145194172us][CH2-Pc    ] F1
[T+2145197172us][CH1-Dispenser] F1 F9
[T+2145261172us][CH2-Pc    ] E1
[T+2145266172us][CH1-Dispenser] E1 E9
[T+2145345175us][CH2-Pc    ] F0
[T+2145356180us][CH1-Dispenser] F0 F8
[T+2145423306us][CH1-Dispenser] E0
[T+2145423173us][CH2-Pc    ] E0
[T+2145597304us][CH1-Dispenser] E1
[T+2145597173us][CH2-Pc    ] E1
[T+2145791172us][CH2-Pc    ] F0
[T+2145797202us][CH1-Dispenser] F0 F8
[T+2145869197us][CH2-Pc    ] F1
[T+2145877172us][CH1-Dispenser] F1 F9
[T+2145971172us][CH2-Pc    ] E1
[T+2145976174us][CH1-Dispenser] E1 E9
[T+2146049172us][CH2-Pc    ] F0
[T+2146055202us][CH1-Dispenser] F0 F8
[T+2146127304us][CH1-Dispenser] E0
[T+2146127173us][CH2-Pc    ] E0
[T+2146302308us][CH1-Dispenser] E1
[T+2146302173us][CH2-Pc    ] E1
[T+2146467172us][CH2-Pc    ] F0
[T+2146473222us][CH1-Dispenser] F0 F8
[T+2146545196us][CH2-Pc    ] F1
[T+2146552172us][CH1-Dispenser] F1 F9
[T+2146623172us][CH2-Pc    ] E1
[T+2146632179us][CH1-Dispenser] E1 E9
[T+2146706172us][CH1-Dispenser] F0 F8
[T+2146702172us][CH2-Pc    ] F0
[T+2146770300us][CH1-Dispenser] E0
[T+2146770173us][CH2-Pc    ] E0
[T+2146935304us][CH1-Dispenser] E1
[T+2146935173us][CH2-Pc    ] E1
[T+2147112172us][CH2-Pc    ] F0
[T+2147118202us][CH1-Dispenser] F0 F8
[T+2147190204us][CH2-Pc    ] F1
[T+2147197764us][CH1-Dispenser] F1 F9
[T+2147268172us][CH2-Pc    ] E1
[T+2147275172us][CH1-Dispenser] E1 E9
[T+2147346172us][CH2-Pc    ] F0
[T+2147353172us][CH1-Dispenser] F0 F8
[T+2147425308us][CH1-Dispenser] E0
[T+2147425173us][CH2-Pc    ] E0
[T+2147604310us][CH1-Dispenser] E1
[T+2147604173us][CH2-Pc    ] E1
[T+2147778173us][CH2-Pc    ] F0
[T+2147783172us][CH1-Dispenser] F0 F8
[T+2147857172us][CH2-Pc    ] F1
[T+2147862172us][CH1-Dispenser] F1 F9
[T+2147927172us][CH2-Pc    ] E1
[T+2147931174us][CH1-Dispenser] E1 E9
[T+2148005172us][CH2-Pc    ] F0
[T+2148010174us][CH1-Dispenser] F0 F8
[T+2148083304us][CH1-Dispenser] E0
[T+2148083173us][CH2-Pc    ] E0
[T+2148250310us][CH1-Dispenser] E1
[T+2148250174us][CH2-Pc    ] E1
[T+2148425172us][CH2-Pc    ] F0
[T+2148434172us][CH1-Dispenser] F0 F8
[T+2148503172us][CH2-Pc    ] F1
[T+2148507172us][CH1-Dispenser] F1 F9
[T+2148581172us][CH2-Pc    ] E1
[T+2148587200us][CH1-Dispenser] E1 E9
[T+2148660172us][CH2-Pc    ] F0
[T+2148666201us][CH1-Dispenser] F0 F8
[T+2148738305us][CH1-Dispenser] E0
[T+2148738173us][CH2-Pc    ] E0
[T+2148928304us][CH1-Dispenser] E1
[T+2148928173us][CH2-Pc    ] E1
[T+2149092172us][CH2-Pc    ] F0
[T+2149097172us][CH1-Dispenser] F0 F8
[T+2149170172us][CH2-Pc    ] F1
[T+2149178179us][CH1-Dispenser] F1 F9
[T+2149248172us][CH2-Pc    ] E1
[T+2149257172us][CH1-Dispenser] E1 E9
[T+2149326172us][CH2-Pc    ] F0
[T+2149331172us][CH1-Dispenser] F0 F8
[T+2149404305us][CH1-Dispenser] E0
[T+2149404173us][CH2-Pc    ] E0
[T+2149579307us][CH1-Dispenser] E1
[T+2149579174us][CH2-Pc    ] E1
[T+2149754173us][CH2-Pc    ] F0
[T+2149758172us][CH1-Dispenser] F0 F8
[T+2149832172us][CH2-Pc    ] F1
[T+2149837172us][CH1-Dispenser] F1 F9
[T+2149910172us][CH2-Pc    ] E1
[T+2149917172us][CH1-Dispenser] E1 E9
[T+2149988172us][CH2-Pc    ] F0
[T+2149996179us][CH1-Dispenser] F0 F8
[T+2150067306us][CH1-Dispenser] E0
[T+2150067173us][CH2-Pc    ] E0
[T+2150241306us][CH1-Dispenser] E1
[T+2150241173us][CH2-Pc    ] E1
[T+2150405172us][CH2-Pc    ] F0
[T+2150412754us][CH1-Dispenser] F0 F8
[T+2150484172us][CH2-Pc    ] F1
[T+2150488172us][CH1-Dispenser] F1 F9
[T+2150562174us][CH2-Pc    ] E1
[T+2150567172us][CH1-Dispenser] E1 E9
[T+2150640172us][CH2-Pc    ] F0
[T+2150647172us][CH1-Dispenser] F0 E8
[T+2150718306us][CH1-Dispenser] E0
[T+2150718173us][CH2-Pc    ] E0
[T+2150893310us][CH1-Dispenser] E1
[T+2150893175us][CH2-Pc    ] E1
[T+2151068172us][CH2-Pc    ] F0
[T+2151073172us][CH1-Dispenser] F0 F8
[T+2151146172us][CH2-Pc    ] F1
[T+2151153172us][CH1-Dispenser] F1 F9
[T+2151224172us][CH2-Pc    ] E1
[T+2151232172us][CH1-Dispenser] E1 E9
[T+2151302172us][CH2-Pc    ] F0
[T+2151306172us][CH1-Dispenser] F0 F8
[T+2151380304us][CH1-Dispenser] E0
[T+2151380173us][CH2-Pc    ] E0
[T+2151544307us][CH1-Dispenser] E1
[T+2151544174us][CH2-Pc    ] E1
[T+2151719172us][CH2-Pc    ] F0
[T+2151722174us][CH1-Dispenser] F0 F8
[T+2151786172us][CH2-Pc    ] F1
[T+2151792203us][CH1-Dispenser] F1 F9
[T+2151865172us][CH2-Pc    ] E1
[T+2151874697us][CH1-Dispenser] E1 E9
[T+2151942193us][CH2-Pc    ] F0
[T+2151948174us][CH1-Dispenser] F0 F8
[T+2152021305us][CH1-Dispenser] E0
[T+2152021173us][CH2-Pc    ] E0
[T+2152185309us][CH1-Dispenser] E1
[T+2152185173us][CH2-Pc    ] E1
[T+2152360172us][CH2-Pc    ] F0
[T+2152367172us][CH1-Dispenser] F0 F8
[T+2152438172us][CH2-Pc    ] F1
[T+2152443172us][CH1-Dispenser] F1 F9
[T+2152516172us][CH2-Pc    ] E1
[T+2152524172us][CH1-Dispenser] E1 E9
[T+2152594172us][CH2-Pc    ] F0
[T+2152603179us][CH1-Dispenser] F0 F8
[T+2152673308us][CH1-Dispenser] E0
[T+2152673174us][CH2-Pc    ] E0
[T+2152848305us][CH1-Dispenser] E1
[T+2152848173us][CH2-Pc    ] E1
[T+2153023172us][CH2-Pc    ] F0
[T+2153028172us][CH1-Dispenser] F0 F8
[T+2153101172us][CH2-Pc    ] F1
[T+2153108172us][CH1-Dispenser] F1 F9
[T+2153179172us][CH2-Pc    ] E1
[T+2153187172us][CH1-Dispenser] E1 E9
[T+2153257172us][CH2-Pc    ] F0
[T+2153261172us][CH1-Dispenser] F0 F8
[T+2153335313us][CH1-Dispenser] E0
[T+2153335176us][CH2-Pc    ] E0
[T+2153499309us][CH1-Dispenser] E1
[T+2153499173us][CH2-Pc    ] E1
[T+2153674172us][CH2-Pc    ] F0
[T+2153679173us][CH1-Dispenser] F0 F8
[T+2153752172us][CH2-Pc    ] F1
[T+2153758200us][CH1-Dispenser] F1 F9
[T+2153830196us][CH2-Pc    ] E1
[T+2153838172us][CH1-Dispenser] E1 E9
[T+2153908172us][CH2-Pc    ] F0
[T+2153917796us][CH1-Dispenser] F0 F8
[T+2153986305us][CH1-Dispenser] E0
[T+2153986173us][CH2-Pc    ] E0
[T+2154161305us][CH1-Dispenser] E1
[T+2154161173us][CH2-Pc    ] E1
[T+2154325172us][CH2-Pc    ] F0
[T+2154333172us][CH1-Dispenser] F0 F8
[T+2154406172us][CH2-Pc    ] F1
[T+2154414172us][CH1-Dispenser] F1 F9
[T+2154485172us][CH2-Pc    ] E1
[T+2154494179us][CH1-Dispenser] E1 E9
[T+2154563174us][CH2-Pc    ] F0
[T+2154567172us][CH1-Dispenser] F0 F8
[T+2154641376us][CH1-Dispenser] E0
[T+2154641244us][CH2-Pc    ] E0
[T+2154815308us][CH1-Dispenser] E1
[T+2154815173us][CH2-Pc    ] E1
[T+2154990197us][CH2-Pc    ] F0
[T+2154998801us][CH1-Dispenser] F0 F8
[T+2155073174us][CH1-Dispenser] F1 F9
[T+2155069172us][CH2-Pc    ] F1
[T+2155147172us][CH2-Pc    ] E1
[T+2155151172us][CH1-Dispenser] E1 E9
[T+2155225196us][CH2-Pc    ] F0
[T+2155232172us][CH1-Dispenser] F0 F8
[T+2155303305us][CH1-Dispenser] E0
[T+2155303173us][CH2-Pc    ] E0
[T+2155468307us][CH1-Dispenser] E1
[T+2155468173us][CH2-Pc    ] E1
[T+2155643297us][CH2-Pc    ] F0
[T+2155650172us][CH1-Dispenser] F0 F8
[T+2155721172us][CH2-Pc    ] F1
[T+2155731179us][CH1-Dispenser] F1 F9
[T+2155799172us][CH2-Pc    ] E1
[T+2155807172us][CH1-Dispenser] E1 E9
[T+2155877172us][CH2-Pc    ] F0
[T+2155881172us][CH1-Dispenser] F0 F8
[T+2155955305us][CH1-Dispenser] E0
[T+2155955173us][CH2-Pc    ] E0
[T+2156130308us][CH1-Dispenser] E1
[T+2156130174us][CH2-Pc    ] E1
[T+2156294172us][CH2-Pc    ] F0
[T+2156299172us][CH1-Dispenser] F0 F8
[T+2156372172us][CH2-Pc    ] F1
[T+2156380172us][CH1-Dispenser] F1 E9
[T+2156450172us][CH2-Pc    ] E1
[T+2156458806us][CH1-Dispenser] E1 E9
[T+2156529172us][CH2-Pc    ] F0
[T+2156539172us][CH1-Dispenser] F0 F8
[T+2156607310us][CH1-Dispenser] E0
[T+2156607173us][CH2-Pc    ] E0
[T+2156780307us][CH1-Dispenser] E1
[T+2156780173us][CH2-Pc    ] E1
[T+2156955172us][CH2-Pc    ] F0
[T+2156965179us][CH1-Dispenser] F0 F8
[T+2157037172us][CH1-Dispenser] F1 F9
[T+2157033172us][CH2-Pc    ] F1
[T+2157112172us][CH2-Pc    ] E1
[T+2157117172us][CH1-Dispenser] E1 E9
[T+2157189197us][CH2-Pc    ] F0
[T+2157196172us][CH1-Dispenser] F0 F8
[T+2157268305us][CH1-Dispenser] E0
[T+2157268173us][CH2-Pc    ] E0
[T+2157442307us][CH1-Dispenser] E1
[T+2157442173us][CH2-Pc    ] E1
[T+2157606172us][CH2-Pc    ] F0
[T+2157616179us][CH1-Dispenser] F0 F8
[T+2157688173us][CH1-Dispenser] F1 F9
[T+2157685172us][CH2-Pc    ] F1
[T+2157752172us][CH2-Pc    ] E1
[T+2157759172us][CH1-Dispenser] E1 E9
[T+2157830172us][CH2-Pc    ] F0
[T+2157836202us][CH1-Dispenser] F0 F8
[T+2157908305us][CH1-Dispenser] E0
[T+2157908174us][CH2-Pc    ] E0
[T+2158083305us][CH1-Dispenser] E1
[T+2158083173us][CH2-Pc    ] E1
[T+2158247172us][CH2-Pc    ] F0
[T+2158254172us][CH1-Dispenser] F0 F8
[T+2158325172us][CH2-Pc    ] F1
[T+2158335179us][CH1-Dispenser] F1 F9
[T+2158403172us][CH2-Pc    ] E1
[T+2158407173us][CH1-Dispenser] E1 E9
[T+2158481172us][CH2-Pc    ] F0
[T+2158486172us][CH1-Dispenser] F0 F8
[T+2158560309us][CH1-Dispenser] E0
[T+2158560173us][CH2-Pc    ] E0
[T+2158734306us][CH1-Dispenser] E1
[T+2158734173us][CH2-Pc    ] E1
[T+2158909172us][CH2-Pc    ] F0
[T+2158913173us][CH1-Dispenser] F0 F8
[T+2158987172us][CH2-Pc    ] F1
[T+2158994172us][CH1-Dispenser] F1 F9
[T+2159066173us][CH2-Pc    ] E1
[T+2159072208us][CH1-Dispenser] E1 E9
[T+2159143180us][CH2-Pc    ] F0
[T+2159148172us][CH1-Dispenser] F0 F8
[T+2159222309us][CH1-Dispenser] E0
[T+2159222174us][CH2-Pc    ] E0
[T+2159396305us][CH1-Dispenser] E1
[T+2159396173us][CH2-Pc    ] E1
[T+2159560172us][CH2-Pc    ] F0
[T+2159571807us][CH1-Dispenser] F0 F8
[T+2159639172us][CH2-Pc    ] F1
[T+2159643300us][CH1-Dispenser] F1 F9
[T+2159717172us][CH2-Pc    ] E1
[T+2159723200us][CH1-Dispenser] E1 E9
[T+2159795196us][CH2-Pc    ] F0
[T+2159802801us][CH1-Dispenser] F0 F8
[T+2159873307us][CH1-Dispenser] E0
[T+2159873173us][CH2-Pc    ] E0
[T+2160048305us][CH1-Dispenser] E1
[T+2160048173us][CH2-Pc    ] E1
[T+2160223172us][CH2-Pc    ] F0
[T+2160229202us][CH1-Dispenser] F0 F8
[T+2160301198us][CH2-Pc    ] F1
[T+2160308172us][CH1-Dispenser] F1 F9
[T+2160379172us][CH2-Pc    ] E1
[T+2160388775us][CH1-Dispenser] E1 E9
[T+2160457172us][CH2-Pc    ] F0
[T+2160461172us][CH1-Dispenser] F0 F8
[T+2160535305us][CH1-Dispenser] E0
[T+2160535173us][CH2-Pc    ] E0
[T+2160710312us][CH1-Dispenser] E1
[T+2160710174us][CH2-Pc    ] E1
[T+2160874172us][CH2-Pc    ] F0
[T+2160879172us][CH1-Dispenser] F0 F8
[T+2160952172us][CH2-Pc    ] F1
[T+2160958200us][CH1-Dispenser] F1 F9
[T+2161030197us][CH2-Pc    ] E1
[T+2161038172us][CH1-Dispenser] E1 E9
[T+2161108172us][CH2-Pc    ] F0
[T+2161112172us][CH1-Dispenser] F0 F8
[T+2161176306us][CH1-Dispenser] E0
[T+2161176173us][CH2-Pc    ] E0
[T+2161350307us][CH1-Dispenser] E1
[T+2161350173us][CH2-Pc    ] E1
[T+2161515172us][CH2-Pc    ] F0
[T+2161519174us][CH1-Dispenser] F0 F8
[T+2161593172us][CH2-Pc    ] F1
[T+2161600172us][CH1-Dispenser] F1 F9
[T+2161671172us][CH2-Pc    ] E1
[T+2161678172us][CH1-Dispenser] E1 E9
[T+2161749172us][CH2-Pc    ] F0
[T+2161757805us][CH1-Dispenser] F0 F8
[T+2161827305us][CH1-Dispenser] E0
[T+2161827173us][CH2-Pc    ] E0
[T+2162003309us][CH1-Dispenser] E1
[T+2162003173us][CH2-Pc    ] E1