connected
[T+5785905172us][CH2-Pc    ] F1
[T+5785910172us][CH1-Dispenser] F1 F9
[T+5785983172us][CH2-Pc    ] E1
[T+5785989200us][CH1-Dispenser] E1 E9
[T+5786062172us][CH2-Pc    ] F0
[T+5786070172us][CH1-Dispenser] F0 F8
[T+5786140307us][CH1-Dispenser] E0
[T+5786140173us][CH2-Pc    ] E0
[T+5786314306us][CH1-Dispenser] E1
[T+5786314173us][CH2-Pc    ] E1
[T+5786489172us][CH2-Pc    ] F0
[T+5786496172us][CH1-Dispenser] F0 F8
[T+5786567172us][CH2-Pc    ] F1
[T+5786577179us][CH1-Dispenser] F1 F9
[T+5786648172us][CH1-Dispenser] E1 E9
[T+5786645172us][CH2-Pc    ] E1
[T+5786713172us][CH2-Pc    ] F0
[T+5786720172us][CH1-Dispenser] F0 F8
[T+5786791312us][CH1-Dispenser] E0
[T+5786791180us][CH2-Pc    ] E0
[T+5786967309us][CH1-Dispenser] E1
[T+5786967173us][CH2-Pc    ] E1
[T+5787141172us][CH2-Pc    ] F0
[T+5787146173us][CH1-Dispenser] F0 F8
[T+5787220172us][CH2-Pc    ] F1
[T+5787225172us][CH1-Dispenser] F1 F9
[T+5787298172us][CH2-Pc    ] E1
[T+5787304209us][CH1-Dispenser] E1 E9
[T+5787376196us][CH2-Pc    ] F0
[T+5787383172us][CH1-Dispenser] F0 F8
[T+5787454305us][CH1-Dispenser] E0
[T+5787454173us][CH2-Pc    ] E0
[T+5787629307us][CH1-Dispenser] E1
[T+5787629173us][CH2-Pc    ] E1
[T+5787804172us][CH2-Pc    ] F0
[T+5787811771us][CH1-Dispenser] F0 F8
[T+5787885172us][CH1-Dispenser] F1 F9
[T+5787882172us][CH2-Pc    ] F1
[T+5787949172us][CH2-Pc    ] E1
[T+5787955202us][CH1-Dispenser] E1 E9
[T+5788027200us][CH2-Pc    ] F0
[T+5788034172us][CH1-Dispenser] F0 F8
[T+5788105304us][CH1-Dispenser] E0
[T+5788105173us][CH2-Pc    ] E0
[T+5788280308us][CH1-Dispenser] E1
[T+5788280174us][CH2-Pc    ] E1
[T+5788455172us][CH2-Pc    ] F0
[T+5788460173us][CH1-Dispenser] F0 F8
[T+5788533172us][CH2-Pc    ] F1
[T+5788541771us][CH1-Dispenser] F1 F9
[T+5788611172us][CH2-Pc    ] E1
[T+5788620179us][CH1-Dispenser] E1 E9
[T+5788693172us][CH1-Dispenser] F0 F8
[T+5788689172us][CH2-Pc    ] F0
[T+5788767309us][CH1-Dispenser] E0
[T+5788767174us][CH2-Pc    ] E0
[T+5788942311us][CH1-Dispenser] E1
[T+5788942173us][CH2-Pc    ] E1
[T+5789117172us][CH2-Pc    ] F0
[T+5789126172us][CH1-Dispenser] F0 F8
[T+5789195172us][CH2-Pc    ] F1
[T+5789202172us][CH1-Dispenser] F1 F9
[T+5789274172us][CH2-Pc    ] E1
[T+5789279172us][CH1-Dispenser] E1 E9
[T+5789352172us][CH2-Pc    ] F0
[T+5789362180us][CH1-Dispenser] F0 F8
[T+5789429173us][CH2-Pc    ] E0
[T+5789430172us][CH1-Dispenser] E0
[T+5789594305us][CH1-Dispenser] E1
[T+5789594173us][CH2-Pc    ] E1
[T+5789775172us][CH2-Pc    ] F0
[T+5789780172us][CH1-Dispenser] F0 F8
[T+5789852197us][CH2-Pc    ] F1
[T+5789860179us][CH1-Dispenser] F1 F9
[T+5789930172us][CH2-Pc    ] E1
[T+5789935172us][CH1-Dispenser] E1 E9
[T+5790009172us][CH2-Pc    ] F0
[T+5790016172us][CH1-Dispenser] F0 F8
[T+5790087305us][CH1-Dispenser] E0
[T+5790087173us][CH2-Pc    ] E0
[T+5790265305us][CH1-Dispenser] E1
[T+5790265173us][CH2-Pc    ] E1
[T+5790442172us][CH2-Pc    ] F0
[T+5790451179us][CH1-Dispenser] F0 F8
[T+5790520172us][CH2-Pc    ] F1
[T+5790526201us][CH1-Dispenser] F1 F9
[T+5790598197us][CH2-Pc    ] E1
[T+5790607172us][CH1-Dispenser] E1 E9
[T+5790677172us][CH2-Pc    ] F0
[T+5790684307us][CH1-Dispenser] F0 F8
[T+5790755304us][CH1-Dispenser] E0
[T+5790755173us][CH2-Pc    ] E0
[T+5790929307us][CH1-Dispenser] E1
[T+5790929174us][CH2-Pc    ] E1
[T+5791094172us][CH2-Pc    ] F0
[T+5791101172us][CH1-Dispenser] F0 F8
[T+5791172172us][CH2-Pc    ] F1
[T+5791175172us][CH1-Dispenser] F1 F9
[T+5791239172us][CH2-Pc    ] E1
[T+5791245201us][CH1-Dispenser] E1 E9
[T+5791317197us][CH2-Pc    ] F0
[T+5791326172us][CH1-Dispenser] F0 F8
[T+5791395305us][CH1-Dispenser] E0
[T+5791395173us][CH2-Pc    ] E0
[T+5791570307us][CH1-Dispenser] E1
[T+5791570173us][CH2-Pc    ] E1
[T+5791734172us][CH2-Pc    ] F0
[T+5791743179us][CH1-Dispenser] F0 F8
[T+5791812172us][CH2-Pc    ] F1
[T+5791822172us][CH1-Dispenser] F1 F9
[T+5791891172us][CH2-Pc    ] E1
[T+5791894172us][CH1-Dispenser] E1 E9
[T+5791958172us][CH2-Pc    ] F0
[T+5791964202us][CH1-Dispenser] F0 F8
[T+5792036304us][CH1-Dispenser] E0
[T+5792036173us][CH2-Pc    ] E0
[T+5792211310us][CH1-Dispenser] E1
[T+5792211173us][CH2-Pc    ] E1
[T+5792375172us][CH2-Pc    ] F0
[T+5792381200us][CH1-Dispenser] F0 F8
[T+5792453196us][CH2-Pc    ] F1
[T+5792463811us][CH1-Dispenser] F1 F9
[T+5792531172us][CH2-Pc    ] E1
[T+5792539172us][CH1-Dispenser] E1 E9
[T+5792609172us][CH2-Pc    ] F0
[T+5792614172us][CH1-Dispenser] F0 F8
[T+5792687308us][CH1-Dispenser] E0
[T+5792687173us][CH2-Pc    ] E0
[T+5792873470us][CH1-Dispenser] E1
[T+5792873336us][CH2-Pc    ] E1
[T+5793048172us][CH2-Pc    ] F0
[T+5793056172us][CH1-Dispenser] F0 F8
[T+5793126172us][CH2-Pc    ] F1
[T+5793130172us][CH1-Dispenser] F1 F9
[T+5793204172us][CH2-Pc    ] E1
[T+5793209172us][CH1-Dispenser] E1 E9
[T+5793282172us][CH2-Pc    ] F0
[T+5793290179us][CH1-Dispenser] F0 E8
[T+5793360307us][CH1-Dispenser] E0
[T+5793360174us][CH2-Pc    ] E0
[T+5793535305us][CH1-Dispenser] E1
[T+5793535173us][CH2-Pc    ] E1
[T+5793710172us][CH2-Pc    ] F0
[T+5793716200us][CH1-Dispenser] F0 F8
[T+5793788197us][CH2-Pc    ] F1
[T+5793795172us][CH1-Dispenser] F1 F9
[T+5793866172us][CH2-Pc    ] E1
[T+5793870172us][CH1-Dispenser] E1 E9
[T+5793934172us][CH2-Pc    ] F0
[T+5793939172us][CH1-Dispenser] F0 F8
[T+5794013306us][CH1-Dispenser] E0
[T+5794013174us][CH2-Pc    ] E0
[T+5794187305us][CH1-Dispenser] E1
[T+5794187173us][CH2-Pc    ] E1
[T+5794362172us][CH2-Pc    ] F0
[T+5794368202us][CH1-Dispenser] F0 F8
[T+5794440196us][CH2-Pc    ] F1
[T+5794447172us][CH1-Dispenser] F1 F9
[T+5794518172us][CH2-Pc    ] E1
[T+5794524200us][CH1-Dispenser] E1 E9
[T+5794596196us][CH2-Pc    ] F0
[T+5794605184us][CH1-Dispenser] F0 E8
[T+5794675307us][CH1-Dispenser] E0
[T+5794675173us][CH2-Pc    ] E0
[T+5794849305us][CH1-Dispenser] E1
[T+5794849173us][CH2-Pc    ] E1
[T+5795015172us][CH2-Pc    ] F0
[T+5795020174us][CH1-Dispenser] F0 F8
[T+5795094172us][CH2-Pc    ] F1
[T+5795101172us][CH1-Dispenser] F1 E9
[T+5795172172us][CH2-Pc    ] E1
[T+5795180779us][CH1-Dispenser] E1 E9
[T+5795250172us][CH2-Pc    ] F0
[T+5795254172us][CH1-Dispenser] F0 F8
[T+5795328305us][CH1-Dispenser] E0
[T+5795328173us][CH2-Pc    ] E0
[T+5795503308us][CH1-Dispenser] E1
[T+5795503174us][CH2-Pc    ] E1
[T+5795678172us][CH2-Pc    ] F0
[T+5795685172us][CH1-Dispenser] F0 F8
[T+5795756172us][CH2-Pc    ] F1
[T+5795761172us][CH1-Dispenser] F1 F9
[T+5795834172us][CH2-Pc    ] E1
[T+5795840200us][CH1-Dispenser] E1 E9
[T+5795912202us][CH2-Pc    ] F0
[T+5795921179us][CH1-Dispenser] F0 F8
[T+5795990307us][CH1-Dispenser] E0
[T+5795990174us][CH2-Pc    ] E0
[T+5796154304us][CH1-Dispenser] E1
[T+5796154173us][CH2-Pc    ] E1
[T+5796329172us][CH2-Pc    ] F0
[T+5796336172us][CH1-Dispenser] F0 F8
[T+5796407172us][CH2-Pc    ] F1
[T+5796411172us][CH1-Dispenser] F1 F9
[T+5796485172us][CH2-Pc    ] E1
[T+5796490172us][CH1-Dispenser] E1 E9
[T+5796563172us][CH2-Pc    ] F0
[T+5796569200us][CH1-Dispenser] F0 F8
[T+5796641306us][CH1-Dispenser] E0
[T+5796641173us][CH2-Pc    ] E0
[T+5796816305us][CH1-Dispenser] E1
[T+5796816173us][CH2-Pc    ] E1
[T+5796991172us][CH2-Pc    ] F0
[T+5796995173us][CH1-Dispenser] F0 F8
[T+5797069172us][CH2-Pc    ] F1
[T+5797076172us][CH1-Dispenser] F1 F9
[T+5797147172us][CH2-Pc    ] E1
[T+5797155172us][CH1-Dispenser] E1 E9
[T+5797225172us][CH2-Pc    ] F0
[T+5797229172us][CH1-Dispenser] F0 F8
[T+5797293309us][CH1-Dispenser] E0
[T+5797293174us][CH2-Pc    ] E0
[T+5797467308us][CH1-Dispenser] E1
[T+5797467173us][CH2-Pc    ] E1
[T+5797645173us][CH2-Pc    ] F0
[T+5797651209us][CH1-Dispenser] F0 F8
[T+5797723197us][CH2-Pc    ] F1
[T+5797732172us][CH1-Dispenser] F1 F9
[T+5797802172us][CH2-Pc    ] E1
[T+5797811811us][CH1-Dispenser] E1 E9
[T+5797880172us][CH2-Pc    ] F0
[T+5797886200us][CH1-Dispenser] F0 F8
[T+5797958311us][CH1-Dispenser] E0
[T+5797958174us][CH2-Pc    ] E0
[T+5798132307us][CH1-Dispenser] E1
[T+5798132173us][CH2-Pc    ] E1
[T+5798296172us][CH2-Pc    ] F0
[T+5798301172us][CH1-Dispenser] F0 F8
[T+5798375172us][CH2-Pc    ] F1
[T+5798381200us][CH1-Dispenser] F1 F9
[T+5798453196us][CH2-Pc    ] E1
[T+5798460172us][CH1-Dispenser] E1 E9
[T+5798531172us][CH2-Pc    ] F0
[T+5798535172us][CH1-Dispenser] F0 F8
[T+5798609305us][CH1-Dispenser] E0
[T+5798609173us][CH2-Pc    ] E0
[T+5798784305us][CH1-Dispenser] E1
[T+5798784173us][CH2-Pc    ] E1
[T+5798959172us][CH2-Pc    ] F0
[T+5798966822us][CH1-Dispenser] F0 F8
[T+5799037172us][CH2-Pc    ] F1
[T+5799042172us][CH1-Dispenser] F1 F9
[T+5799115172us][CH2-Pc    ] E1
[T+5799121201us][CH1-Dispenser] E1 E9
[T+5799193196us][CH2-Pc    ] F0
[T+5799200172us][CH1-Dispenser] F0 F8
[T+5799271304us][CH1-Dispenser] E0
[T+5799271173us][CH2-Pc    ] E0
[T+5799435310us][CH1-Dispenser] E1
[T+5799435173us][CH2-Pc    ] E1
[T+5799610172us][CH2-Pc    ] F0
[T+5799615172us][CH1-Dispenser] F0 F8
[T+5799688172us][CH2-Pc    ] F1
[T+5799696829us][CH1-Dispenser] F1 F9
[T+5799766172us][CH2-Pc    ] E1
[T+5799770172us][CH1-Dispenser] E1 E9
[T+5799834172us][CH2-Pc    ] F0
[T+5799840200us][CH1-Dispenser] F0 F8
[T+5799912308us][CH1-Dispenser] E0
[T+5799912173us][CH2-Pc    ] E0
[T+5800076305us][CH1-Dispenser] E1
[T+5800076173us][CH2-Pc    ] E1
[T+5800251192us][CH2-Pc    ] F0
[T+5800257174us][CH1-Dispenser] F0 F8
[T+5800329197us][CH2-Pc    ] F1
[T+5800338172us][CH1-Dispenser] F1 F9
[T+5800407172us][CH2-Pc    ] E1
[T+5800415173us][CH1-Dispenser] E1 E9
[T+5800485172us][CH2-Pc    ] F0
[T+5800490172us][CH1-Dispenser] F0 F8
[T+5800563304us][CH1-Dispenser] E0
[T+5800563173us][CH2-Pc    ] E0
[T+5800738307us][CH1-Dispenser] E1
[T+5800738173us][CH2-Pc    ] E1
[T+5800916173us][CH1-Dispenser] F0 F8
[T+5800913174us][CH2-Pc    ] F0
[T+5800980172us][CH2-Pc    ] F1
[T+5800986201us][CH1-Dispenser] F1 F9
[T+5801058197us][CH2-Pc    ] E1
[T+5801065172us][CH1-Dispenser] E1 E9
[T+5801136172us][CH2-Pc    ] F0
[T+5801141172us][CH1-Dispenser] F0 F8
[T+5801214308us][CH1-Dispenser] E0
[T+5801214173us][CH2-Pc    ] E0
[T+5801389306us][CH1-Dispenser] E1
[T+5801389173us][CH2-Pc    ] E1
[T+5801566172us][CH2-Pc    ] F0
[T+5801572200us][CH1-Dispenser] F0 F8
[T+5801644207us][CH2-Pc    ] F1
[T+5801651172us][CH1-Dispenser] F1 F9
[T+5801723196us][CH2-Pc    ] E1
[T+5801730172us][CH1-Dispenser] E1 E9
[T+5801800172us][CH2-Pc    ] F0
[T+5801805172us][CH1-Dispenser] F0 F8
[T+5801878306us][CH1-Dispenser] E0
[T+5801878173us][CH2-Pc    ] E0
[T+5802053312us][CH1-Dispenser] E1
[T+5802053174us][CH2-Pc    ] E1
[T+5802217172us][CH2-Pc    ] F0
[T+5802221172us][CH1-Dispenser] F0 F8
[T+5802285172us][CH2-Pc    ] F1
[T+5802291200us][CH1-Dispenser] F1 F9
[T+5802363198us][CH2-Pc    ] E1
[T+5802371172us][CH1-Dispenser] E1 E9
[T+5802441172us][CH2-Pc    ] F0
[T+5802445172us][CH1-Dispenser] F0 F8
[T+5802519305us][CH1-Dispenser] E0
[T+5802519173us][CH2-Pc    ] E0
[T+5802694306us][CH1-Dispenser] E1
[T+5802694173us][CH2-Pc    ] E1
[T+5802858172us][CH2-Pc    ] F0
[T+5802868227us][CH1-Dispenser] F0 F8
[T+5802936172us][CH2-Pc    ] F1
[T+5802941172us][CH1-Dispenser] F1 F9
[T+5803014172us][CH2-Pc    ] E1
[T+5803020200us][CH1-Dispenser] E1 E9
[T+5803092197us][CH2-Pc    ] F0
[T+5803099172us][CH1-Dispenser] F0 E8
[T+5803181311us][CH1-Dispenser] E0
[T+5803181174us][CH2-Pc    ] E0
[T+5803367305us][CH1-Dispenser] E1
[T+5803367173us][CH2-Pc    ] E1
[T+5803531172us][CH2-Pc    ] F0
[T+5803536172us][CH1-Dispenser] F0 F8
[T+5803609172us][CH2-Pc    ] F1
[T+5803617172us][CH1-Dispenser] F1 F9
[T+5803687225us][CH2-Pc    ] E1
[T+5803696172us][CH1-Dispenser] E1 E9
[T+5803765172us][CH2-Pc    ] F0
[T+5803769172us][CH1-Dispenser] F0 F8
[T+5803843305us][CH1-Dispenser] E0
[T+5803843173us][CH2-Pc    ] E0
[T+5804018309us][CH1-Dispenser] E1
[T+5804018173us][CH2-Pc    ] E1
[T+5804193172us][CH2-Pc    ] F0
[T+5804195174us][CH1-Dispenser] F0 F8
[T+5804265172us][CH2-Pc    ] F1
[T+5804271202us][CH1-Dispenser] F1 F9
[T+5804342172us][CH2-Pc    ] E1
[T+5804350819us][CH1-Dispenser] E1 E9
[T+5804420172us][CH2-Pc    ] F0
[T+5804425173us][CH1-Dispenser] F0 F8
[T+5804499304us][CH1-Dispenser] E0
[T+5804499173us][CH2-Pc    ] E0
[T+5804673306us][CH1-Dispenser] E1
[T+5804673173us][CH2-Pc    ] E1
[T+5804851172us][CH1-Dispenser] F0 F8
[T+5804848172us][CH2-Pc    ] F0
[T+5804915173us][CH2-Pc    ] F1
[T+5804921205us][CH1-Dispenser] F1 F9
[T+5804994172us][CH2-Pc    ] E1
[T+5805002172us][CH1-Dispenser] E1 E9
[T+5805072172us][CH2-Pc    ] F0
[T+5805083180us][CH1-Dispenser] F0 F8
[T+5805150308us][CH1-Dispenser] E0
[T+5805150174us][CH2-Pc    ] E0
[T+5805336172us][CH1-Dispenser] E1
[T+5805335172us][CH2-Pc    ] E1
[T+5805499172us][CH2-Pc    ] F0
[T+5805507179us][CH1-Dispenser] F0 F8
[T+5805578172us][CH2-Pc    ] F1
[T+5805583172us][CH1-Dispenser] F1 F9
[T+5805656172us][CH2-Pc    ] E1
[T+5805660173us][CH1-Dispenser] E1 E9
[T+5805734172us][CH2-Pc    ] F0
[T+5805741172us][CH1-Dispenser] F0 F8
[T+5805812304us][CH1-Dispenser] E0
[T+5805812173us][CH2-Pc    ] E0
[T+5805987311us][CH1-Dispenser] E1
[T+5805987174us][CH2-Pc    ] E1
[T+5806162172us][CH2-Pc    ] F0
[T+5806167174us][CH1-Dispenser] F0 FE
[T+5806240172us][CH2-Pc    ] F1
[T+5806246202us][CH1-Dispenser] F1 F9
[T+5806314172us][CH2-Pc    ] E1
[T+5806321172us][CH1-Dispenser] E1 E9
[T+5806392172us][CH2-Pc    ] F0
[T+5806400179us][CH1-Dispenser] F0 F8
[T+5806470305us][CH1-Dispenser] E0
[T+5806470173us][CH2-Pc    ] E0
[T+5806645306us][CH1-Dispenser] E1
[T+5806645173us][CH2-Pc    ] E1
[T+5806820172us][CH2-Pc    ] F0
[T+5806826200us][CH1-Dispenser] F0 F8
[T+5806899172us][CH2-Pc    ] F1
[T+5806907788us][CH1-Dispenser] F1 F9
[T+5806977172us][CH2-Pc    ] E1
[T+5806986774us][CH1-Dispenser] E1 E9
[T+5807055172us][CH2-Pc    ] F0
[T+5807062172us][CH1-Dispenser] F0 F8
[T+5807133306us][CH1-Dispenser] E0
[T+5807133173us][CH2-Pc    ] E0
[T+5807319305us][CH1-Dispenser] E1
[T+5807319173us][CH2-Pc    ] E1
[T+5807483172us][CH2-Pc    ] F0
[T+5807487174us][CH1-Dispenser] F0 F8
[T+5807561172us][CH2-Pc    ] F1
[T+5807567200us][CH1-Dispenser] F1 F9
[T+5807639198us][CH2-Pc    ] E1
[T+5807645202us][CH1-Dispenser] E1 E9
[T+5807717196us][CH2-Pc    ] F0
[T+5807726179us][CH1-Dispenser] F0 F8
[T+5807795305us][CH1-Dispenser] E0
[T+5807795173us][CH2-Pc    ] E0
[T+5807970307us][CH1-Dispenser] E1
[T+5807970173us][CH2-Pc    ] E1
[T+5808153172us][CH2-Pc    ] F0
[T+5808156173us][CH1-Dispenser] F0 F8
[T+5808220172us][CH2-Pc    ] F1
[T+5808228179us][CH1-Dispenser] F1 F9
[T+5808298175us][CH2-Pc    ] E1
[T+5808307172us][CH1-Dispenser] E1 E9
[T+5808376172us][CH2-Pc    ] F0
[T+5808381172us][CH1-Dispenser] F0 F8
[T+5808455172us][CH1-Dispenser] E0
[T+5808454172us][CH2-Pc    ] E0
[T+5808629307us][CH1-Dispenser] E1
[T+5808629173us][CH2-Pc    ] E1
[T+5808805172us][CH2-Pc    ] F0
[T+5808812810us][CH1-Dispenser] F0 F8
[T+5808882172us][CH2-Pc    ] F1
[T+5808887172us][CH1-Dispenser] F1 F9
[T+5808960172us][CH2-Pc    ] E1
[T+5808966200us][CH1-Dispenser] E1 E9
[T+5809038197us][CH2-Pc    ] F0
[T+5809047172us][CH1-Dispenser] F0 F8
[T+5809117310us][CH1-Dispenser] E0
[T+5809117174us][CH2-Pc    ] E0
[T+5809281305us][CH1-Dispenser] E1
[T+5809281173us][CH2-Pc    ] E1
[T+5809456172us][CH2-Pc    ] F0
[T+5809462200us][CH1-Dispenser] F0 F8
[T+5809534197us][CH2-Pc    ] F1
[T+5809543179us][CH1-Dispenser] F1 F9
[T+5809612172us][CH2-Pc    ] E1
[T+5809615172us][CH1-Dispenser] E1 E9
[T+5809679172us][CH2-Pc    ] F0
[T+5809687784us][CH1-Dispenser] F0 F8
[T+5809757305us][CH1-Dispenser] E0
[T+5809757173us][CH2-Pc    ] E0
[T+5809921308us][CH1-Dispenser] E1
[T+5809921173us][CH2-Pc    ] E1
[T+5810096172us][CH2-Pc    ] F0
[T+5810102200us][CH1-Dispenser] F0 F8
[T+5810174197us][CH2-Pc    ] F1
[T+5810181172us][CH1-Dispenser] F1 F9
[T+5810256172us][CH2-Pc    ] E1
[T+5810262200us][CH1-Dispenser] E1 E9
[T+5810333172us][CH2-Pc    ] F0
[T+5810341782us][CH1-Dispenser] F0 E8
[T+5810411172us][CH2-Pc    ] E0
[T+5810412172us][CH1-Dispenser] E0
[T+5810576305us][CH1-Dispenser] E1
[T+5810576173us][CH2-Pc    ] E1
[T+5810751172us][CH2-Pc    ] F0
[T+5810756172us][CH1-Dispenser] F0 F8
[T+5810829172us][CH2-Pc    ] F1
[T+5810837172us][CH1-Dispenser] F1 F9
[T+5810914172us][CH2-Pc    ] E1
[T+5810921172us][CH1-Dispenser] E1 E9
[T+5810992172us][CH2-Pc    ] F0
[T+5810997172us][CH1-Dispenser] F0 F8
[T+5811070308us][CH1-Dispenser] E0
[T+5811070174us][CH2-Pc    ] E0
[T+5811234308us][CH1-Dispenser] E1
[T+5811234173us][CH2-Pc    ] E1
[T+5811409172us][CH2-Pc    ] F0
[T+5811417806us][CH1-Dispenser] F0 F8
[T+5811487172us][CH2-Pc    ] F1
[T+5811493201us][CH1-Dispenser] F1 F9
[T+5811565172us][CH2-Pc    ] E1
[T+5811570172us][CH1-Dispenser] E1 E9
[T+5811643298us][CH2-Pc    ] F0
[T+5811651172us][CH1-Dispenser] F0 F8
[T+5811721304us][CH1-Dispenser] E0
[T+5811721173us][CH2-Pc    ] E0
[T+5811891305us][CH1-Dispenser] E1
[T+5811891173us][CH2-Pc    ] E1
[T+5812066172us][CH2-Pc    ] F0
[T+5812071172us][CH1-Dispenser] F0 F8
[T+5812144172us][CH2-Pc    ] F1
[T+5812152179us][CH1-Dispenser] F1 F9
[T+5812226172us][CH1-Dispenser] E1 E9
[T+5812222172us][CH2-Pc    ] E1
[T+5812302172us][CH2-Pc    ] F0
[T+5812307172us][CH1-Dispenser] F0 F8
[T+5812379305us][CH1-Dispenser] E0
[T+5812379174us][CH2-Pc    ] E0
[T+5812554307us][CH1-Dispenser] E1
[T+5812554173us][CH2-Pc    ] E1
[T+5812718172us][CH2-Pc    ] F0
[T+5812722174us][CH1-Dispenser] F0 F8
[T+5812797172us][CH2-Pc    ] F1
[T+5812801172us][CH1-Dispenser] F1 F9
[T+5812874172us][CH2-Pc    ] E1
[T+5812880202us][CH1-Dispenser] E1 E9
[T+5812952197us][CH2-Pc    ] F0
[T+5812961179us][CH1-Dispenser] F0 F8
[T+5813031304us][CH1-Dispenser] E0
[T+5813031173us][CH2-Pc    ] E0
[T+5813206308us][CH1-Dispenser] E1
[T+5813206173us][CH2-Pc    ] E1
[T+5813380199us][CH2-Pc    ] F0
[T+5813387172us][CH1-Dispenser] F0 F8
[T+5813458172us][CH2-Pc    ] F1
[T+5813462172us][CH1-Dispenser] F1 F9
[T+5813537172us][CH2-Pc    ] E1
[T+5813541172us][CH1-Dispenser] E1 E9
[T+5813615172us][CH2-Pc    ] F0
[T+5813622282us][CH1-Dispenser] F0 F8
[T+5813693304us][CH1-Dispenser] E0
[T+5813693173us][CH2-Pc    ] E0
[T+5813857304us][CH1-Dispenser] E1
[T+5813857173us][CH2-Pc    ] E1
[T+5814032172us][CH2-Pc    ] F0
[T+5814037172us][CH1-Dispenser] F0 F8
[T+5814110172us][CH2-Pc    ] F1
[T+5814117172us][CH1-Dispenser] F1 E9
[T+5814188172us][CH2-Pc    ] E1
[T+5814197815us][CH1-Dispenser] E1 E9
[T+5814266172us][CH2-Pc    ] F0
[T+5814272200us][CH1-Dispenser] F0 F8
[T+5814345307us][CH1-Dispenser] E0
[T+5814345173us][CH2-Pc    ] E0
[T+5814523307us][CH1-Dispenser] E1
[T+5814523173us][CH2-Pc    ] E1
[T+5814686172us][CH2-Pc    ] F0
[T+5814691172us][CH1-Dispenser] F0 F8
[T+5814764172us][CH2-Pc    ] F1
[T+5814772818us][CH1-Dispenser] F1 F9
[T+5814842172us][CH2-Pc    ] E1
[T+5814846172us][CH1-Dispenser] E1 E9
[T+5814910172us][CH2-Pc    ] F0
[T+5814916202us][CH1-Dispenser] F0 F8
[T+5814988305us][CH1-Dispenser] E0
[T+5814988173us][CH2-Pc    ] E0
[T+5815162312us][CH1-Dispenser] E1
[T+5815162175us][CH2-Pc    ] E1
[T+5815326172us][CH2-Pc    ] F0
[T+5815336172us][CH1-Dispenser] F0 F8
[T+5815405172us][CH2-Pc    ] F1
[T+5815414805us][CH1-Dispenser] F1 F9
[T+5815483172us][CH2-Pc    ] E1
[T+5815491810us][CH1-Dispenser] E1 E9
[T+5815568174us][CH2-Pc    ] F0
[T+5815577172us][CH1-Dispenser] F0 F8
[T+5815646305us][CH1-Dispenser] E0
[T+5815646173us][CH2-Pc    ] E0
[T+5815810304us][CH1-Dispenser] E1
[T+5815810173us][CH2-Pc    ] E1
[T+5815985172us][CH2-Pc    ] F0
[T+5815992172us][CH1-Dispenser] F0 F8
[T+5816063172us][CH2-Pc    ] F1
[T+5816068172us][CH1-Dispenser] F1 F9
[T+5816141172us][CH2-Pc    ] E1
[T+5816147202us][CH1-Dispenser] E1 E9
[T+5816219198us][CH2-Pc    ] F0
[T+5816226172us][CH1-Dispenser] F0 F8
[T+5816297305us][CH1-Dispenser] E0
[T+5816297173us][CH2-Pc    ] E0
[T+5816472306us][CH1-Dispenser] E1
[T+5816472173us][CH2-Pc    ] E1
[T+5816638172us][CH2-Pc    ] F0
[T+5816644200us][CH1-Dispenser] F0 F8
[T+5816716196us][CH2-Pc    ] F1
[T+5816724172us][CH1-Dispenser] F1 F9
[T+5816794172us][CH2-Pc    ] E1
[T+5816801172us][CH1-Dispenser] E1 E9
[T+5816872172us][CH2-Pc    ] F0
[T+5816876174us][CH1-Dispenser] F0 F8
[T+5816950307us][CH1-Dispenser] E0
[T+5816950173us][CH2-Pc    ] E0
[T+5817125314us][CH1-Dispenser] E1
[T+5817125174us][CH2-Pc    ] E1
[T+5817300172us][CH2-Pc    ] F0
[T+5817307807us][CH1-Dispenser] F0 F8
[T+5817381172us][CH1-Dispenser] F1 F9
[T+5817378172us][CH2-Pc    ] F1
[T+5817446172us][CH2-Pc    ] E1
[T+5817451172us][CH1-Dispenser] E1 E9
[T+5817524172us][CH2-Pc    ] F0
[T+5817530200us][CH1-Dispenser] F0 F8
[T+5817602305us][CH1-Dispenser] E0
[T+5817602173us][CH2-Pc    ] E0
[T+5817787305us][CH1-Dispenser] E1
[T+5817787173us][CH2-Pc    ] E1
[T+5817951172us][CH2-Pc    ] F0
[T+5817958172us][CH1-Dispenser] F0 F8
[T+5818029173us][CH2-Pc    ] F1
[T+5818037172us][CH1-Dispenser] F1 F9
[T+5818108172us][CH2-Pc    ] E1
[T+5818111172us][CH1-Dispenser] E1 E9
[T+5818175172us][CH2-Pc    ] F0
[T+5818183179us][CH1-Dispenser] F0 F8
[T+5818255304us][CH1-Dispenser] E0
[T+5818255173us][CH2-Pc    ] E0
[T+5818419306us][CH1-Dispenser] E1
[T+5818419173us][CH2-Pc    ] E1
[T+5818594172us][CH2-Pc    ] F0
[T+5818603812us][CH1-Dispenser] F0 F8
[T+5818672172us][CH2-Pc    ] F1
[T+5818677173us][CH1-Dispenser] F1 F9
[T+5818750172us][CH2-Pc    ] E1
[T+5818757172us][CH1-Dispenser] E1 E9
[T+5818828172us][CH2-Pc    ] F0
[T+5818837179us][CH1-Dispenser] F0 F8
[T+5818906303us][CH1-Dispenser] E0
[T+5818906173us][CH2-Pc    ] E0
[T+5819082304us][CH1-Dispenser] E1
[T+5819082173us][CH2-Pc    ] E1
[T+5819257172us][CH2-Pc    ] F0
[T+5819263200us][CH1-Dispenser] F0 F8
[T+5819335196us][CH2-Pc    ] F1
[T+5819342172us][CH1-Dispenser] F1 F9
[T+5819413172us][CH2-Pc    ] E1
[T+5819422276us][CH1-Dispenser] E1 E9
[T+5819491172us][CH2-Pc    ] F0
[T+5819496172us][CH1-Dispenser] F0 F8
[T+5819570306us][CH1-Dispenser] E0
[T+5819570173us][CH2-Pc    ] E0
[T+5819734306us][CH1-Dispenser] E1
[T+5819734173us][CH2-Pc    ] E1
[T+5819916172us][CH2-Pc    ] F0
[T+5819924179us][CH1-Dispenser] F0 F8
[T+5819994172us][CH2-Pc    ] F1
[T+5820001172us][CH1-Dispenser] F1 F9
[T+5820072173us][CH2-Pc    ] E1
[T+5820076173us][CH1-Dispenser] E1 E9
[T+5820151172us][CH2-Pc    ] F0
[T+5820156173us][CH1-Dispenser] F0 F8
[T+5820229305us][CH1-Dispenser] E0
[T+5820229173us][CH2-Pc    ] E0
[T+5820406308us][CH1-Dispenser] E1
[T+5820406173us][CH2-Pc    ] E1
[T+5820581172us][CH2-Pc    ] F0
[T+5820587207us][CH1-Dispenser] F0 F8
[T+5820659197us][CH2-Pc    ] F1
[T+5820668179us][CH1-Dispenser] F1 F9
[T+5820741172us][CH1-Dispenser] E1 E9
[T+5820738172us][CH2-Pc    ] E1
[T+5820816172us][CH2-Pc    ] F0
[T+5820821172us][CH1-Dispenser] F0 F8
[T+5820894313us][CH1-Dispenser] E0
[T+5820894175us][CH2-Pc    ] E0
[T+5821069306us][CH1-Dispenser] E1
[T+5821069173us][CH2-Pc    ] E1
[T+5821237173us][CH1-Dispenser] F0 F8
[T+5821233172us][CH2-Pc    ] F0
[T+5821311172us][CH2-Pc    ] F1
[T+5821317200us][CH1-Dispenser] F1 F9
[T+5821389196us][CH2-Pc    ] E1
[T+5821395200us][CH1-Dispenser] E1 E9
[T+5821467172us][CH2-Pc    ] F0
[T+5821471172us][CH1-Dispenser] F0 F8
[T+5821549304us][CH1-Dispenser] E0
[T+5821549173us][CH2-Pc    ] E0
[T+5821723307us][CH1-Dispenser] E1
[T+5821723174us][CH2-Pc    ] E1
[T+5821898172us][CH2-Pc    ] F0
[T+5821902173us][CH1-Dispenser] F0 F8
[T+5821976172us][CH2-Pc    ] F1
[T+5821983781us][CH1-Dispenser] F1 F9
[T+5822054172us][CH2-Pc    ] E1
[T+5822062172us][CH1-Dispenser] E1 E9
[T+5822132172us][CH2-Pc    ] F0
[T+5822138200us][CH1-Dispenser] F0 F8
[T+5822210303us][CH1-Dispenser] E0
[T+5822210173us][CH2-Pc    ] E0
[T+5822374307us][CH1-Dispenser] E1
[T+5822374173us][CH2-Pc    ] E1
[T+5822549172us][CH2-Pc    ] F0
[T+5822553172us][CH1-Dispenser] F0 F8
[T+5822627172us][CH2-Pc    ] F1
[T+5822634173us][CH1-Dispenser] F1 F9
[T+5822705172us][CH2-Pc    ] E1
[T+5822711202us][CH1-Dispenser] E1 E9
[T+5822784172us][CH2-Pc    ] F0
[T+5822792172us][CH1-Dispenser] F0 F8
[T+5822862304us][CH1-Dispenser] E0
[T+5822862173us][CH2-Pc    ] E0
[T+5823037305us][CH1-Dispenser] E1
[T+5823037173us][CH2-Pc    ] E1
[T+5823201172us][CH2-Pc    ] F0
[T+5823207200us][CH1-Dispenser] F0 F8
[T+5823279196us][CH2-Pc    ] F1
[T+5823288179us][CH1-Dispenser] F1 F9
[T+5823361172us][CH1-Dispenser] E1 E9
[T+5823358172us][CH2-Pc    ] E1
[T+5823436172us][CH2-Pc    ] F0
[T+5823440172us][CH1-Dispenser] F0 F8
[T+5823514308us][CH1-Dispenser] E0
[T+5823514173us][CH2-Pc    ] E0
[T+5823689308us][CH1-Dispenser] E1
[T+5823689173us][CH2-Pc    ] E1
[T+5823862172us][CH2-Pc    ] F0
[T+5823868201us][CH1-Dispenser] F0 F8
[T+5823940198us][CH2-Pc    ] F1
[T+5823949172us][CH1-Dispenser] F1 F9
[T+5824019172us][CH2-Pc    ] E1
[T+5824026172us][CH1-Dispenser] E1 E9
[T+5824097172us][CH2-Pc    ] F0
[T+5824102172us][CH1-Dispenser] F0 F8
[T+5824175311us][CH1-Dispenser] E0
[T+5824175175us][CH2-Pc    ] E0
[T+5824350305us][CH1-Dispenser] E1
[T+5824350173us][CH2-Pc    ] E1
[T+5824514172us][CH2-Pc    ] F0
[T+5824519172us][CH1-Dispenser] F0 F8
[T+5824592172us][CH2-Pc    ] F1
[T+5824598200us][CH1-Dispenser] F1 F9
[T+5824670197us][CH2-Pc    ] E1
[T+5824677172us][CH1-Dispenser] E1 E9
[T+5824748172us][CH2-Pc    ] F0
[T+5824756172us][CH1-Dispenser] F0 F8
[T+5824826305us][CH1-Dispenser] E0
[T+5824826173us][CH2-Pc    ] E0
[T+5825001308us][CH1-Dispenser] E1
[T+5825001174us][CH2-Pc    ] E1
[T+5825176172us][CH2-Pc    ] F0
[T+5825183172us][CH1-Dispenser] F0 F8
[T+5825254172us][CH2-Pc    ] F1
[T+5825257172us][CH1-Dispenser] F1 F9
[T+5825321172us][CH2-Pc    ] E1
[T+5825327200us][CH1-Dispenser] E1 E9
[T+5825400172us][CH2-Pc    ] F0
[T+5825406200us][CH1-Dispenser] F0 F8
[T+5825478306us][CH1-Dispenser] E0
[T+5825478173us][CH2-Pc    ] E0
[T+5825663305us][CH1-Dispenser] E1
[T+5825663173us][CH2-Pc    ] E1
[T+5825827172us][CH2-Pc    ] F0
[T+5825834172us][CH1-Dispenser] F0 F8
[T+5825916172us][CH2-Pc    ] F1
[T+5825924812us][CH1-Dispenser] F1 F9
[T+5825994172us][CH2-Pc    ] E1
[T+5826003218us][CH1-Dispenser] E1 E9
[T+5826072172us][CH2-Pc    ] F0
[T+5826077172us][CH1-Dispenser] F0 F8
[T+5826151308us][CH1-Dispenser] E0
[T+5826151173us][CH2-Pc    ] E0
[T+5826327309us][CH1-Dispenser] E1
[T+5826327173us][CH2-Pc    ] E1
[T+5826502172us][CH2-Pc    ] F0
[T+5826508201us][CH1-Dispenser] F0 F8
[T+5826580198us][CH2-Pc    ] F1
[T+5826587172us][CH1-Dispenser] F1 F9
[T+5826658172us][CH2-Pc    ] E1
[T+5826668808us][CH1-Dispenser] E1 E9
[T+5826736172us][CH2-Pc    ] F0
[T+5826741172us][CH1-Dispenser] F0 F8
[T+5826815304us][CH1-Dispenser] E0
[T+5826815173us][CH2-Pc    ] E0
[T+5826989308us][CH1-Dispenser] E1
[T+5826989173us][CH2-Pc    ] E1
[T+5827153172us][CH2-Pc    ] F0
[T+5827158173us][CH1-Dispenser] F0 F8
[T+5827231172us][CH2-Pc    ] F1
[T+5827238782us][CH1-Dispenser] F1 F9
[T+5827310196us][CH2-Pc    ] E1
[T+5827316200us][CH1-Dispenser] E1 E9
[T+5827388172us][CH2-Pc    ] F0
[T+5827392173us][CH1-Dispenser] F0 F8
[T+5827466305us][CH1-Dispenser] E0
[T+5827466173us][CH2-Pc    ] E0
[T+5827641309us][CH1-Dispenser] E1
[T+5827641174us][CH2-Pc    ] E1
[T+5827815196us][CH2-Pc    ] F0
[T+5827823816us][CH1-Dispenser] F0 F8
[T+5827894172us][CH2-Pc    ] F1
[T+5827899172us][CH1-Dispenser] F1 F9
[T+5827972173us][CH2-Pc    ] E1
[T+5827976172us][CH1-Dispenser] E1 E9
[T+5828050172us][CH2-Pc    ] F0
[T+5828057172us][CH1-Dispenser] F0 F8
[T+5828128304us][CH1-Dispenser] E0
[T+5828128173us][CH2-Pc    ] E0
[T+5828303305us][CH1-Dispenser] E1
[T+5828303173us][CH2-Pc    ] E1
[T+5828467172us][CH2-Pc    ] F0
[T+5828474172us][CH1-Dispenser] F0 F8
[T+5828545172us][CH2-Pc    ] F1
[T+5828553179us][CH1-Dispenser] F1 F9
[T+5828626172us][CH1-Dispenser] E1 E9
[T+5828623240us][CH2-Pc    ] E1
[T+5828690172us][CH2-Pc    ] F0
[T+5828696200us][CH1-Dispenser] F0 F8
[T+5828769309us][CH1-Dispenser] E0
[T+5828769173us][CH2-Pc    ] E0
[T+5828943307us][CH1-Dispenser] E1
[T+5828943173us][CH2-Pc    ] E1
[T+5829107172us][CH2-Pc    ] F0
[T+5829113202us][CH1-Dispenser] F0 F8
[T+5829186172us][CH2-Pc    ] F1
[T+5829196683us][CH1-Dispenser] F1 F9
[T+5829264172us][CH2-Pc    ] E1
[T+5829271784us][CH1-Dispenser] E1 E9
[T+5829342172us][CH2-Pc    ] F0
[T+5829347172us][CH1-Dispenser] F0 F8
[T+5829420307us][CH1-Dispenser] E0
[T+5829420173us][CH2-Pc    ] E0
[T+5829595307us][CH1-Dispenser] E1
[T+5829595173us][CH2-Pc    ] E1
[T+5829769197us][CH2-Pc    ] F0
[T+5829775200us][CH1-Dispenser] F0 F8
[T+5829848172us][CH2-Pc    ] F1
[T+5829854202us][CH1-Dispenser] F1 F9
[T+5829926172us][CH2-Pc    ] E1
[T+5829931173us][CH1-Dispenser] E1 E9
[T+5830004172us][CH2-Pc    ] F0
[T+5830012179us][CH1-Dispenser] F0 F8
[T+5830082305us][CH1-Dispenser] E0
[T+5830082173us][CH2-Pc    ] E0
[T+5830260305us][CH1-Dispenser] E1
[T+5830260173us][CH2-Pc    ] E1
[T+5830435172us][CH2-Pc    ] F0
[T+5830438172us][CH1-Dispenser] F0 F8
[T+5830502172us][CH2-Pc    ] F1
[T+5830510778us][CH1-Dispenser] F1 F9
[T+5830580172us][CH2-Pc    ] E1
[T+5830587785us][CH1-Dispenser] E1 E9
[T+5830662172us][CH1-Dispenser] F0 F8
[T+5830658172us][CH2-Pc    ] F0
[T+5830736304us][CH1-Dispenser] E0
[T+5830736173us][CH2-Pc    ] E0
[T+5830912303us][CH1-Dispenser] E1
[T+5830912173us][CH2-Pc    ] E1
[T+5831076172us][CH2-Pc    ] F0
[T+5831083172us][CH1-Dispenser] F0 F8
[T+5831154172us][CH2-Pc    ] F1
[T+5831158172us][CH1-Dispenser] F1 F9
[T+5831232172us][CH2-Pc    ] E1
[T+5831237175us][CH1-Dispenser] E1 E9
[T+5831310172us][CH2-Pc    ] F0
[T+5831316201us][CH1-Dispenser] F0 F8
[T+5831389303us][CH1-Dispenser] E0
[T+5831389173us][CH2-Pc    ] E0
[T+5831563308us][CH1-Dispenser] E1
[T+5831563174us][CH2-Pc    ] E1
[T+5831738172us][CH2-Pc    ] F0
[T+5831744200us][CH1-Dispenser] F0 F8
[T+5831816196us][CH2-Pc    ] F1
[T+5831823172us][CH1-Dispenser] F1 F9
[T+5831894172us][CH2-Pc    ] E1
[T+5831922172us][CH2-Pc    ] F1
[T+5832044172us][CH2-Pc    ] EF FA FF F8 E8 F8 FF EB EC
[T+5832077172us][CH1-Dispenser] E1 FD F1 FD EF FA FF F8 E8 F8 FF EB EC 37 AB 8D 24 F1 F1 22 93 F4 C3 14
[T+5832145172us][CH2-Pc    ] F0
[T+5832152172us][CH1-Dispenser] F0 F8
[T+5832224304us][CH1-Dispenser] E0
[T+5832224173us][CH2-Pc    ] E0
[T+5832388305us][CH1-Dispenser] E1
[T+5832388173us][CH2-Pc    ] E1
[T+5832562197us][CH2-Pc    ] F0
[T+5832569172us][CH1-Dispenser] F0 F8
[T+5832641197us][CH2-Pc    ] F1
[T+5832650179us][CH1-Dispenser] F1 F9
[T+5832720172us][CH2-Pc    ] E1
[T+5832747172us][CH2-Pc    ] F1
[T+5832768173us][CH1-Dispenser] E1 FD F1 FD EF
[T+5832768305us][CH2-Pc    ] EF
[T+5832887172us][CH2-Pc    ] FA FF F8 E8 F8 FF EB EC
[T+5832914172us][CH1-Dispenser] FA FF F8 E8 F8 FF EB EC 37 AB 8D 24 F1 F1 12 24 F4 2B 22
[T+5832980173us][CH2-Pc    ] F0
[T+5832988181us][CH1-Dispenser] F0 F8
[T+5833058305us][CH1-Dispenser] E0
[T+5833058173us][CH2-Pc    ] E0
[T+5833232307us][CH1-Dispenser] E1
[T+5833232173us][CH2-Pc    ] E1
[T+5833409172us][CH2-Pc    ] F0
[T+5833413173us][CH1-Dispenser] F0 FE
[T+5833487173us][CH2-Pc    ] F1
[T+5833494172us][CH1-Dispenser] F1 F9
[T+5833566197us][CH2-Pc    ] E1
[T+5833593172us][CH2-Pc    ] F1
[T+5833715172us][CH2-Pc    ] EF FA FF F8 E8 F8 FF EB EC
[T+5833745814us][CH1-Dispenser] E1 ED F1 FD EF FA FF F8 E8 F8 FF EB EC 37 AB 8D 24 F1 F1 22 93 F4 2B 01
[T+5833818172us][CH2-Pc    ] F0
[T+5833821172us][CH1-Dispenser] F0 F8
[T+5833886306us][CH1-Dispenser] E0
[T+5833886173us][CH2-Pc    ] E0
[T+5834061306us][CH1-Dispenser] E1
[T+5834061174us][CH2-Pc    ] E1
[T+5834235197us][CH2-Pc    ] F0
[T+5834243179us][CH1-Dispenser] F0 E8
[T+5834316172us][CH2-Pc    ] F1
[T+5834324807us][CH1-Dispenser] F1 F9
[T+5834395172us][CH2-Pc    ] E1
[T+5834422172us][CH2-Pc    ] F1
[T+5834544172us][CH2-Pc    ] EF FA FF F8 E8 F8 FF EB EC
[T+5834574196us][CH1-Dispenser] E1 FD F1 FD EF FA FF F8 E8 F8 FF EB EC 37 F5 8D 24 F1 A3 A2 13 22 2B A2
[T+5834645172us][CH2-Pc    ] F0
[T+5834655811us][CH1-Dispenser] F0 F8
[T+5834724304us][CH1-Dispenser] E0
[T+5834724173us][CH2-Pc    ] E0
[T+5834897305us][CH1-Dispenser] E1
[T+5834897173us][CH2-Pc    ] E1
[T+5835061172us][CH2-Pc    ] F0
[T+5835070172us][CH1-Dispenser] F0 F8
[T+5835140172us][CH2-Pc    ] F1
[T+5835144172us][CH1-Dispenser] F1 F9
[T+5835218172us][CH2-Pc    ] E1
[T+5835223172us][CH1-Dispenser] E1 FD
[T+5835245905us][CH2-Pc    ] F1
[T+5835367197us][CH2-Pc    ] EF FA FF F8 E8 F8 FF EB EC
[T+5835396172us][CH1-Dispenser] F1 FD EF FA FF F8 E8 F8 FF EB EC 37 AB 8D 24 F1 A3 12 68 F4 2B 22
[T+5835470172us][CH2-Pc    ] F0
[T+5835477172us][CH1-Dispenser] F0 F8
[T+5835548304us][CH1-Dispenser] E0
[T+5835548173us][CH2-Pc    ] E0
[T+5835723307us][CH1-Dispenser] E1
[T+5835723174us][CH2-Pc    ] E1
[T+5835914172us][CH1-Dispenser] F0 F8
[T+5835910172us][CH2-Pc    ] F0
[T+5835987172us][CH2-Pc    ] F1
[T+5835993200us][CH1-Dispenser] F1 F9
[T+5836065197us][CH2-Pc    ] E1
[T+5836072172us][CH1-Dispenser] E1 ED
[T+5836093172us][CH2-Pc    ] F1
[T+5836215172us][CH2-Pc    ] EF FA FF F8 E8 F8 FF EB EC
[T+5836244172us][CH1-Dispenser] F1 FD EF FA FF F8 E8 F8 FF EB EC 37 AB 8D 24 F1 F1 12 68 F4 2B 22
[T+5836312172us][CH2-Pc    ] F0
[T+5836316172us][CH1-Dispenser] F0 F8
[T+5836394305us][CH1-Dispenser] E0
[T+5836394173us][CH2-Pc    ] E0
[T+5836568307us][CH1-Dispenser] E1
[T+5836568174us][CH2-Pc    ] E1
[T+5836732172us][CH2-Pc    ] F0
[T+5836739172us][CH1-Dispenser] F0 F8
[T+5836810172us][CH2-Pc    ] F1
[T+5836820646us][CH1-Dispenser] F1 F9
[T+5836893173us][CH1-Dispenser] E1 ED
[T+5836889172us][CH2-Pc    ] E1
[T+5836916172us][CH2-Pc    ] F1
[T+5837038172us][CH2-Pc    ] EF FA FF F8 E8 F8 FF EB EC
[T+5837090172us][CH2-Pc    ] F1
[T+5837135306us][CH1-Dispenser] F1 FD EF FA FF F8 E8 F8 FF EB EC 37 57 35 F5 F1 A3 12 68 F4 2B 22 F1 FD EF F8 FC
[T+5837135173us][CH2-Pc    ] EF F8 FC
[T+5837157310us][CH1-Dispenser] ED
[T+5837157173us][CH2-Pc    ] ED
[T+5837179172us][CH1-Dispenser] F8
[T+5837178174us][CH2-Pc    ] F8
[T+5837200303us][CH1-Dispenser] FD
[T+5837200173us][CH2-Pc    ] FD
[T+5837246303us][CH1-Dispenser] F8 F9 E8
[T+5837246173us][CH2-Pc    ] F8 F9 E8
[T+5837351172us][CH1-Dispenser] E8 FF EB EC
[T+5837350172us][CH2-Pc    ] E8 FF EB EC
[T+5837440172us][CH2-Pc    ] E1
[T+5837468172us][CH2-Pc    ] F1
[T+5837641308us][CH1-Dispenser] E1 ED F1 FD EF F8 FD FE F8 F8 F8 F8 F8 F8 FF E9 EC
[T+5837641174us][CH2-Pc    ] EF F8 FD FE F8 F8 F8 F8 F8 F8 FF E9 EC
[T+5837730172us][CH2-Pc    ] E1
[T+5837736200us][CH1-Dispenser] E1 FD
[T+5837758302us][CH1-Dispenser] F5
[T+5837758173us][CH2-Pc    ] F5
[T+5837845172us][CH2-Pc    ] E1
[T+5837852172us][CH1-Dispenser] E1 E5
[T+5837923172us][CH2-Pc    ] F0
[T+5837929200us][CH1-Dispenser] F0 F8
[T+5838001304us][CH1-Dispenser] E0
[T+5838001173us][CH2-Pc    ] E0
[T+5838188306us][CH1-Dispenser] E1
[T+5838188174us][CH2-Pc    ] E1
[T+5838364172us][CH2-Pc    ] F0
[T+5838368172us][CH1-Dispenser] F0 F8
[T+5838442172us][CH2-Pc    ] F1
[T+5838449172us][CH1-Dispenser] F1 F9
[T+5838520172us][CH2-Pc    ] E1
[T+5838527813us][CH1-Dispenser] E1 E5
[T+5839102173us][CH1-Dispenser] F0 F8
[T+5839099172us][CH2-Pc    ] F0
[T+5839177308us][CH1-Dispenser] E0
[T+5839177173us][CH2-Pc    ] E0
[T+5839342305us][CH1-Dispenser] E1
[T+5839342173us][CH2-Pc    ] E1
[T+5839516197us][CH2-Pc    ] F0
[T+5839525816us][CH1-Dispenser] F0 F8
[T+5839594172us][CH2-Pc    ] F1
[T+5839598172us][CH1-Dispenser] F1 F9
[T+5839677173us][CH1-Dispenser] E1 E5
[T+5839673172us][CH2-Pc    ] E1
[T+5839700172us][CH2-Pc    ] E9
[T+5839713808us][CH1-Dispenser] E9 38 38 38
[T+5839778172us][CH2-Pc    ] F0
[T+5839782172us][CH1-Dispenser] F0 F8
[T+5839856304us][CH1-Dispenser] E0
[T+5839856173us][CH2-Pc    ] E0
[T+5840031307us][CH1-Dispenser] E1
[T+5840031174us][CH2-Pc    ] E1
[T+5840206172us][CH2-Pc    ] F0
[T+5840213172us][CH1-Dispenser] F0 F8
[T+5840284172us][CH2-Pc    ] F1
[T+5840289172us][CH1-Dispenser] F1 F9
[T+5840362172us][CH2-Pc    ] E1
[T+5840368201us][CH1-Dispenser] E1 E5
[T+5840401172us][CH2-Pc    ] E9
[T+5840413213us][CH1-Dispenser] E9 38 38 38
[T+5840479197us][CH2-Pc    ] F0
[T+5840489179us][CH1-Dispenser] F0 F8
[T+5840580305us][CH1-Dispenser] E0
[T+5840580173us][CH2-Pc    ] E0
[T+5840755306us][CH1-Dispenser] E1
[T+5840755173us][CH2-Pc    ] E1
[T+5840919172us][CH2-Pc    ] F0
[T+5840925200us][CH1-Dispenser] F0 F8
[T+5840998172us][CH2-Pc    ] F1
[T+5841006179us][CH1-Dispenser] F1 E9
[T+5841076172us][CH2-Pc    ] E1
[T+5841103172us][CH2-Pc    ] E9
[T+5841113776us][CH1-Dispenser] E1 E5 E9 38 38 38
[T+5841182172us][CH2-Pc    ] F0
[T+5841187172us][CH1-Dispenser] F0 F8
[T+5841260305us][CH1-Dispenser] E0
[T+5841260173us][CH2-Pc    ] E0
[T+5841435306us][CH1-Dispenser] E1
[T+5841435173us][CH2-Pc    ] E1
[T+5841611172us][CH2-Pc    ] F0
[T+5841618172us][CH1-Dispenser] F0 F8
[T+5841689172us][CH2-Pc    ] F1
[T+5841694172us][CH1-Dispenser] F1 F9
[T+5841767172us][CH2-Pc    ] E1
[T+5841773202us][CH1-Dispenser] E1 E5
[T+5841795172us][CH2-Pc    ] E9
[T+5841811172us][CH1-Dispenser] E9 B9 72 38
[T+5841885173us][CH2-Pc    ] F0
[T+5841892172us][CH1-Dispenser] F0 F8
[T+5841963306us][CH1-Dispenser] E0
[T+5841963173us][CH2-Pc    ] E0
[T+5842137307us][CH1-Dispenser] E1
[T+5842137173us][CH2-Pc    ] E1
[T+5842313172us][CH2-Pc    ] F0
[T+5842319200us][CH1-Dispenser] F0 F8
[T+5842391196us][CH2-Pc    ] F1
[T+5842398829us][CH1-Dispenser] F1 F9
[T+5842469172us][CH2-Pc    ] E1
[T+5842497172us][CH2-Pc    ] E9
[T+5842508726us][CH1-Dispenser] E1 E5 E9 79 39 38
[T+5842575172us][CH2-Pc    ] F0
[T+5842586179us][CH1-Dispenser] F0 F8
[T+5842653308us][CH1-Dispenser] E0
[T+5842653173us][CH2-Pc    ] E0
[T+5842836305us][CH1-Dispenser] E1
[T+5842836173us][CH2-Pc    ] E1
[T+5843021172us][CH2-Pc    ] F0
[T+5843029172us][CH1-Dispenser] F0 F8
[T+5843099172us][CH2-Pc    ] F1
[T+5843105202us][CH1-Dispenser] F1 F9
[T+5843177196us][CH2-Pc    ] E1
[T+5843183201us][CH1-Dispenser] E1 E5
[T+5843205172us][CH2-Pc    ] E9
[T+5843219172us][CH1-Dispenser] E9 F8 39 38
[T+5843294172us][CH2-Pc    ] F0
[T+5843299172us][CH1-Dispenser] F0 F8
[T+5843384307us][CH1-Dispenser] E0
[T+5843384173us][CH2-Pc    ] E0
[T+5843569304us][CH1-Dispenser] E1
[T+5843569173us][CH2-Pc    ] E1
[T+5843733172us][CH2-Pc    ] F0
[T+5843741172us][CH1-Dispenser] F0 F8
[T+5843811172us][CH2-Pc    ] F1
[T+5843820172us][CH1-Dispenser] F1 E9
[T+5843890172us][CH2-Pc    ] E1
[T+5843917172us][CH2-Pc    ] E9
[T+5843930172us][CH1-Dispenser] E1 E5 E9 3A 70 70
[T+5843996197us][CH2-Pc    ] F0
[T+5844002200us][CH1-Dispenser] F0 F8
[T+5844074304us][CH1-Dispenser] E0
[T+5844074173us][CH2-Pc    ] E0
[T+5844251306us][CH1-Dispenser] E1
[T+5844251173us][CH2-Pc    ] E1
[T+5844426172us][CH2-Pc    ] F0
[T+5844429173us][CH1-Dispenser] F0 F8
[T+5844504172us][CH2-Pc    ] F1
[T+5844509172us][CH1-Dispenser] F1 F9
[T+5844582172us][CH2-Pc    ] E1
[T+5844588200us][CH1-Dispenser] E1 E5
[T+5844609172us][CH2-Pc    ] E9
[T+5844626176us][CH1-Dispenser] E9 38 72 F0
[T+5844705172us][CH2-Pc    ] F0
[T+5844712172us][CH1-Dispenser] F0 F8
[T+5844783304us][CH1-Dispenser] E0
[T+5844783173us][CH2-Pc    ] E0
[T+5844962309us][CH1-Dispenser] E1
[T+5844962173us][CH2-Pc    ] E1
[T+5845147172us][CH2-Pc    ] F0
[T+5845155172us][CH1-Dispenser] F0 F8
[T+5845225172us][CH2-Pc    ] F1
[T+5845229172us][CH1-Dispenser] F1 F9
[T+5845303172us][CH2-Pc    ] E1
[T+5845307172us][CH1-Dispenser] E1 E5
[T+5845331196us][CH2-Pc    ] E9
[T+5845345172us][CH1-Dispenser] E9 38 35 71
[T+5845421172us][CH2-Pc    ] F0
[T+5845427200us][CH1-Dispenser] F0 F8
[T+5845499304us][CH1-Dispenser] E0
[T+5845499173us][CH2-Pc    ] E0
[T+5845677315us][CH1-Dispenser] E1
[T+5845677174us][CH2-Pc    ] E1
[T+5845842172us][CH2-Pc    ] F0
[T+5845849172us][CH1-Dispenser] F0 F8
[T+5845920172us][CH2-Pc    ] F1
[T+5845925173us][CH1-Dispenser] F1 F9
[T+5845998172us][CH2-Pc    ] E1
[T+5846003172us][CH1-Dispenser] E1 E5
[T+5846025172us][CH2-Pc    ] E9
[T+5846040172us][CH1-Dispenser] E9 B8 F2 06 F8
[T+5846114172us][CH2-Pc    ] F0
[T+5846119172us][CH1-Dispenser] F0 E8
[T+5846192304us][CH1-Dispenser] E0
[T+5846192173us][CH2-Pc    ] E0
[T+5846370306us][CH1-Dispenser] E1
[T+5846370173us][CH2-Pc    ] E1
[T+5846545172us][CH2-Pc    ] F0
[T+5846550172us][CH1-Dispenser] F0 F8
[T+5846623261us][CH2-Pc    ] F1
[T+5846629200us][CH1-Dispenser] F1 F9
[T+5846701197us][CH2-Pc    ] E1
[T+5846728172us][CH2-Pc    ] E9
[T+5846739179us][CH1-Dispenser] E1 E5 E9 78 F2 70
[T+5846807172us][CH2-Pc    ] F0
[T+5846813200us][CH1-Dispenser] F0 F8
[T+5846885303us][CH1-Dispenser] E0
[T+5846885173us][CH2-Pc    ] E0
[T+5847060307us][CH1-Dispenser] E1
[T+5847060173us][CH2-Pc    ] E1
[T+5847235172us][CH2-Pc    ] F0
[T+5847238172us][CH1-Dispenser] F0 F8
[T+5847305172us][CH2-Pc    ] F1
[T+5847309172us][CH1-Dispenser] F1 F9
[T+5847373303us][CH2-Pc    ] E1
[T+5847400172us][CH2-Pc    ] E9
[T+5847416172us][CH1-Dispenser] E1 E5 E9 B8 72 70
[T+5847493172us][CH1-Dispenser] F0 F8
[T+5847489172us][CH2-Pc    ] F0
[T+5847567305us][CH1-Dispenser] E0
[T+5847567173us][CH2-Pc    ] E0
[T+5847731309us][CH1-Dispenser] E1
[T+5847731174us][CH2-Pc    ] E1
[T+5847906173us][CH2-Pc    ] F0
[T+5847910174us][CH1-Dispenser] F0 F8
[T+5847985172us][CH2-Pc    ] F1
[T+5847990172us][CH1-Dispenser] F1 F9
[T+5848063172us][CH2-Pc    ] E1
[T+5848068172us][CH1-Dispenser] E1 E5
[T+5848091172us][CH2-Pc    ] E9
[T+5848105172us][CH1-Dispenser] E9 B8 72 70
[T+5848170172us][CH2-Pc    ] F0
[T+5848179172us][CH1-Dispenser] F0 F8
[T+5848249304us][CH1-Dispenser] E0
[T+5848249173us][CH2-Pc    ] E0
[T+5848423307us][CH1-Dispenser] E1
[T+5848423173us][CH2-Pc    ] E1
[T+5848599172us][CH2-Pc    ] F0
[T+5848604172us][CH1-Dispenser] F0 F8
[T+5848677172us][CH2-Pc    ] F1
[T+5848685172us][CH1-Dispenser] F1 F9
[T+5848755172us][CH2-Pc    ] E1
[T+5848783172us][CH2-Pc    ] E9
[T+5848793179us][CH1-Dispenser] E1 E5 E9 B8 72 71
[T+5848861172us][CH2-Pc    ] F0
[T+5848868811us][CH1-Dispenser] F0 F8
[T+5848939305us][CH1-Dispenser] E0
[T+5848939173us][CH2-Pc    ] E0
[T+5849115304us][CH1-Dispenser] E1
[T+5849115173us][CH2-Pc    ] E1
[T+5849279172us][CH2-Pc    ] F0
[T+5849285200us][CH1-Dispenser] F0 F8
[T+5849351196us][CH2-Pc    ] F1
[T+5849359172us][CH1-Dispenser] F1 F9
[T+5849429172us][CH2-Pc    ] E1
[T+5849433172us][CH1-Dispenser] E1 E5
[T+5849457196us][CH2-Pc    ] E9
[T+5849470172us][CH1-Dispenser] E9 B8 72 70
[T+5849536196us][CH2-Pc    ] F0
[T+5849544179us][CH1-Dispenser] F0 F8
[T+5849614307us][CH1-Dispenser] E0
[T+5849614173us][CH2-Pc    ] E0
[T+5849778304us][CH1-Dispenser] E1
[T+5849778173us][CH2-Pc    ] E1
[T+5849953172us][CH2-Pc    ] F0
[T+5849959200us][CH1-Dispenser] F0 F8
[T+5850031172us][CH2-Pc    ] F1
[T+5850035172us][CH1-Dispenser] F1 F9
[T+5850129172us][CH2-Pc    ] E1 E9
[T+5850141181us][CH1-Dispenser] E1 E5 E9 78 F2 70
[T+5850211172us][CH2-Pc    ] F0
[T+5850218172us][CH1-Dispenser] F0 F8
[T+5850289304us][CH1-Dispenser] E0
[T+5850289173us][CH2-Pc    ] E0
[T+5850465307us][CH1-Dispenser] E1
[T+5850465173us][CH2-Pc    ] E1
[T+5850640172us][CH2-Pc    ] F0
[T+5850647172us][CH1-Dispenser] F0 F8
[T+5850718172us][CH2-Pc    ] F1
[T+5850725172us][CH1-Dispenser] F1 F9
[T+5850797200us][CH2-Pc    ] E1
[T+5850824172us][CH2-Pc    ] E9
[T+5850837172us][CH1-Dispenser] E1 E5 E9 B8 72 71
[T+5850902172us][CH2-Pc    ] F0
[T+5850907174us][CH1-Dispenser] F0 F8
[T+5850980303us][CH1-Dispenser] E0
[T+5850980173us][CH2-Pc    ] E0
[T+5851155304us][CH1-Dispenser] E1
[T+5851155173us][CH2-Pc    ] E1
[T+5851330172us][CH2-Pc    ] F0
[T+5851336200us][CH1-Dispenser] F0 F8
[T+5851408203us][CH2-Pc    ] F1
[T+5851415172us][CH1-Dispenser] F1 E9
[T+5851486172us][CH2-Pc    ] E1
[T+5851513172us][CH2-Pc    ] E9
[T+5851524180us][CH1-Dispenser] E1 E5 E9 28 CB 06 F8
[T+5851592172us][CH2-Pc    ] F0
[T+5851598200us][CH1-Dispenser] F0 F8
[T+5851672306us][CH1-Dispenser] E0
[T+5851672174us][CH2-Pc    ] E0
[T+5851847304us][CH1-Dispenser] E1
[T+5851847173us][CH2-Pc    ] E1
[T+5852022174us][CH2-Pc    ] F0
[T+5852031172us][CH1-Dispenser] F0 F8
[T+5852100172us][CH2-Pc    ] F1
[T+5852105172us][CH1-Dispenser] F1 F9
[T+5852178172us][CH2-Pc    ] E1
[T+5852184200us][CH1-Dispenser] E1 E5
[T+5852207172us][CH2-Pc    ] E9
[T+5852220172us][CH1-Dispenser] E9 B9 29 70
[T+5852286196us][CH2-Pc    ] F0
[T+5852296785us][CH1-Dispenser] F0 F8
[T+5852364305us][CH1-Dispenser] E0
[T+5852364173us][CH2-Pc    ] E0
[T+5852528304us][CH1-Dispenser] E1
[T+5852528173us][CH2-Pc    ] E1
[T+5852707172us][CH2-Pc    ] F0
[T+5852714810us][CH1-Dispenser] F0 F8
[T+5852785172us][CH2-Pc    ] F1
[T+5852790172us][CH1-Dispenser] F1 F9
[T+5852864172us][CH2-Pc    ] E1
[T+5852869172us][CH1-Dispenser] E1 E5
[T+5852891172us][CH2-Pc    ] E9
[T+5852905173us][CH1-Dispenser] E9 B9 69 71
[T+5852981172us][CH2-Pc    ] F0
[T+5852988172us][CH1-Dispenser] F0 F8
[T+5853059304us][CH1-Dispenser] E0
[T+5853059173us][CH2-Pc    ] E0
[T+5853235307us][CH1-Dispenser] E1
[T+5853235173us][CH2-Pc    ] E1
[T+5853410172us][CH2-Pc    ] F0
[T+5853415174us][CH1-Dispenser] F0 F8
[T+5853488172us][CH2-Pc    ] F1
[T+5853494200us][CH1-Dispenser] F1 F9
[T+5853566197us][CH2-Pc    ] E1
[T+5853593172us][CH2-Pc    ] E9
[T+5853605537us][CH1-Dispenser] E1 E5 E9 B9 29 F1
[T+5853671197us][CH2-Pc    ] F0
[T+5853679172us][CH1-Dispenser] F0 F8
[T+5853750307us][CH1-Dispenser] E0
[T+5853750173us][CH2-Pc    ] E0
[T+5853924307us][CH1-Dispenser] E1
[T+5853924173us][CH2-Pc    ] E1
[T+5854091172us][CH2-Pc    ] F0
[T+5854094172us][CH1-Dispenser] F0 F8
[T+5854159172us][CH2-Pc    ] F1
[T+5854165202us][CH1-Dispenser] F1 F9
[T+5854255196us][CH2-Pc    ] E1 E9
[T+5854270172us][CH1-Dispenser] E1 E5 E9 39 71 71
[T+5854346172us][CH2-Pc    ] F0
[T+5854355777us][CH1-Dispenser] F0 F8
[T+5854424306us][CH1-Dispenser] E0
[T+5854424173us][CH2-Pc    ] E0
[T+5854599305us][CH1-Dispenser] E1
[T+5854599173us][CH2-Pc    ] E1
[T+5854764172us][CH2-Pc    ] F0
[T+5854770201us][CH1-Dispenser] F0 F8
[T+5854842197us][CH2-Pc    ] F1
[T+5854849172us][CH1-Dispenser] F1 F9
[T+5854920172us][CH2-Pc    ] E1
[T+5854948172us][CH2-Pc    ] E9
[T+5854959180us][CH1-Dispenser] E1 E5 E9 78 28 71
[T+5855026172us][CH2-Pc    ] F0
[T+5855033817us][CH1-Dispenser] F0 F8
[T+5855104311us][CH1-Dispenser] E0
[T+5855104174us][CH2-Pc    ] E0
[T+5855279306us][CH1-Dispenser] E1
[T+5855279173us][CH2-Pc    ] E1
[T+5855454196us][CH2-Pc    ] F0
[T+5855460200us][CH1-Dispenser] F0 F8
[T+5855532197us][CH2-Pc    ] F1
[T+5855539172us][CH1-Dispenser] F1 F9
[T+5855610173us][CH2-Pc    ] E1
[T+5855614172us][CH1-Dispenser] E1 E5
[T+5855637172us][CH2-Pc    ] E9
[T+5855652172us][CH1-Dispenser] E9 B8 A8 70
[T+5855726172us][CH2-Pc    ] F0
[T+5855733817us][CH1-Dispenser] F0 F8
[T+5855804307us][CH1-Dispenser] E0
[T+5855804173us][CH2-Pc    ] E0
[T+5855983307us][CH1-Dispenser] E1
[T+5855983173us][CH2-Pc    ] E1
[T+5856158172us][CH2-Pc    ] F0
[T+5856165172us][CH1-Dispenser] F0 FE
[T+5856236172us][CH2-Pc    ] F1
[T+5856240172us][CH1-Dispenser] F1 F9
[T+5856315172us][CH2-Pc    ] E1
[T+5856319172us][CH1-Dispenser] E1 E5
[T+5856342172us][CH2-Pc    ] E9
[T+5856355172us][CH1-Dispenser] E9 29 2A 71
[T+5856420172us][CH2-Pc    ] F0
[T+5856427830us][CH1-Dispenser] F0 F8
[T+5856499304us][CH1-Dispenser] E0
[T+5856499173us][CH2-Pc    ] E0
[T+5856673309us][CH1-Dispenser] E1
[T+5856673174us][CH2-Pc    ] E1
[T+5856848172us][CH2-Pc    ] F0
[T+5856855172us][CH1-Dispenser] F0 F8
[T+5856926172us][CH2-Pc    ] F1
[T+5856931172us][CH1-Dispenser] F1 ED
[T+5856954172us][CH2-Pc    ] E1
[T+5857076172us][CH2-Pc    ] EF FA FF F8 E8 F8 FF EB EC
[T+5857102172us][CH1-Dispenser] E1 ED EF FA FF F8 E8 F8 FF EB EC 37 F5 8D 24 A3 F1 A2 13 2A 9C A2
[T+5857168196us][CH2-Pc    ] E1
[T+5857174201us][CH1-Dispenser] E1 E5
[T+5857196172us][CH2-Pc    ] E9
[T+5857210176us][CH1-Dispenser] E9 B9 2A 70
[T+5857275172us][CH2-Pc    ] F0
[T+5857279172us][CH1-Dispenser] F0 F8
[T+5857353304us][CH1-Dispenser] E0
[T+5857353173us][CH2-Pc    ] E0
[T+5857528307us][CH1-Dispenser] E1
[T+5857528174us][CH2-Pc    ] E1
[T+5857703172us][CH2-Pc    ] F0
[T+5857711179us][CH1-Dispenser] F0 E8
[T+5857785172us][CH1-Dispenser] F1 ED
[T+5857781172us][CH2-Pc    ] F1
[T+5857808176us][CH2-Pc    ] E1
[T+5857930172us][CH2-Pc    ] EF FA FF F8 E8 F8 FF EB EC
[T+5857958172us][CH1-Dispenser] E1 ED EF FA FF F8 E8 F8 FF EB EC 37 F5 8D 24 E1 47 64 F4 F0 F6 CD
[T+5858033172us][CH2-Pc    ] E1
[T+5858039202us][CH1-Dispenser] E1 E5
[T+5858060172us][CH2-Pc    ] E9
[T+5858072249us][CH1-Dispenser] E9 78 68 38
[T+5858138196us][CH2-Pc    ] F0
[T+5858148181us][CH1-Dispenser] F0 F8
[T+5858216306us][CH1-Dispenser] E0
[T+5858216174us][CH2-Pc    ] E0
[T+5858392304us][CH1-Dispenser] E1
[T+5858392173us][CH2-Pc    ] E1
[T+5858567172us][CH2-Pc    ] F0
[T+5858576179us][CH1-Dispenser] F0 F8
[T+5858645172us][CH2-Pc    ] F1
[T+5858650172us][CH1-Dispenser] F1 ED
[T+5858672172us][CH2-Pc    ] E1
[T+5858794197us][CH2-Pc    ] EF FA FF F8 E8 F8 FF EB EC
[T+5858823172us][CH1-Dispenser] E1 ED EF FA FF F8 E8 F8 FF EB EC 37 E5 8D 24 A3 A3 12 68 2A 9C A2
[T+5858897172us][CH2-Pc    ] E1
[T+5858925197us][CH2-Pc    ] E9
[T+5858939172us][CH1-Dispenser] E1 E5 E9 28 68 38
[T+5859008172us][CH1-Dispenser] F0 F8
[T+5859004172us][CH2-Pc    ] F0
[T+5859072303us][CH1-Dispenser] E0
[T+5859072173us][CH2-Pc    ] E0
[T+5859256310us][CH1-Dispenser] E1
[T+5859256174us][CH2-Pc    ] E1
[T+5859450172us][CH2-Pc    ] F0
[T+5859455173us][CH1-Dispenser] F0 F8
[T+5859528172us][CH2-Pc    ] F1
[T+5859555172us][CH2-Pc    ] E1
[T+5859677196us][CH2-Pc    ] EF FA FF F8 E8 F8 FF EB EC
[T+5859709172us][CH1-Dispenser] F1 ED E1 ED EF FA FF F8 E8 F8 FF EB EC 37 E5 8D 24 A3 F1 22 13 2A 9C A2
[T+5859781196us][CH2-Pc    ] E1
[T+5859808172us][CH2-Pc    ] E9
[T+5859819180us][CH1-Dispenser] E1 E5 E9 39 76 38
[T+5859886172us][CH2-Pc    ] F0
[T+5859895172us][CH1-Dispenser] F0 F8
[T+5859965305us][CH1-Dispenser] E0
[T+5859965173us][CH2-Pc    ] E0
[T+5860141310us][CH1-Dispenser] E1
[T+5860141174us][CH2-Pc    ] E1
[T+5860318172us][CH2-Pc    ] F0
[T+5860325172us][CH1-Dispenser] F0 F8
[T+5860396172us][CH2-Pc    ] F1
[T+5860423172us][CH2-Pc    ] E1
[T+5860444172us][CH1-Dispenser] F1 ED E1 ED EF
[T+5860445230us][CH2-Pc    ] EF
[T+5860555172us][CH2-Pc    ] FA FF F8 E8 F8 FF EB EC
[T+5860583172us][CH1-Dispenser] FA FF F8 E8 F8 FF EB EC 37 AB 1D 24 F1 F1 A2 13 2A 9C A2
[T+5860648173us][CH2-Pc    ] E1
[T+5860653173us][CH1-Dispenser] E1 E5
[T+5860676172us][CH2-Pc    ] E9
[T+5860693172us][CH1-Dispenser] E9 A8 AA 38
[T+5860778172us][CH2-Pc    ] F0
[T+5860785172us][CH1-Dispenser] F0 F8
[T+5860856305us][CH1-Dispenser] E0
[T+5860856173us][CH2-Pc    ] E0
[T+5861036310us][CH1-Dispenser] E1
[T+5861036173us][CH2-Pc    ] E1
[T+5861219172us][CH2-Pc    ] F0
[T+5861224172us][CH1-Dispenser] F0 F8
[T+5861297172us][CH2-Pc    ] F1
[T+5861325172us][CH2-Pc    ] E1
[T+5861447172us][CH2-Pc    ] EF FA FF F8 E8 F8 FF EB EC
[T+5861478172us][CH1-Dispenser] F1 ED E1 ED EF FA FF F8 E8 F8 FF EB EC 37 F5 8D 24 A3 A3 12 68 2A 9C A2
[T+5861566172us][CH2-Pc    ] E1 E9
[T+5861581172us][CH1-Dispenser] E1 E5 E9 28 29 71
[T+5861646465us][CH2-Pc    ] F0
[T+5861656172us][CH1-Dispenser] F0 F8
[T+5861725172us][CH1-Dispenser] E0
[T+5861724172us][CH2-Pc    ] E0
[T+5861890308us][CH1-Dispenser] E1
[T+5861890173us][CH2-Pc    ] E1
[T+5862067172us][CH2-Pc    ] F0
[T+5862071172us][CH1-Dispenser] F0 F8
[T+5862149196us][CH2-Pc    ] F1
[T+5862176172us][CH2-Pc    ] E1
[T+5862304172us][CH2-Pc    ] EF FA FF F8 E8 F8 FF EB EC
[T+5862332172us][CH1-Dispenser] F1 ED E1 ED EF FA FF F8 E8 F8 FF EB EC 37 AB 8D 24 A3 A3 12 68 F0 AC 22
[T+5862413172us][CH1-Dispenser] E1 E5
[T+5862409172us][CH2-Pc    ] E1
[T+5862436172us][CH2-Pc    ] E9
[T+5862453172us][CH1-Dispenser] E9 E8 B9 71
[T+5862526172us][CH2-Pc    ] F0
[T+5862533172us][CH1-Dispenser] F0 F8
[T+5862604305us][CH1-Dispenser] E0
[T+5862604173us][CH2-Pc    ] E0
[T+5862780311us][CH1-Dispenser] E1
[T+5862780173us][CH2-Pc    ] E1
[T+5862956172us][CH2-Pc    ] F0
[T+5862961173us][CH1-Dispenser] F0 F8
[T+5863035172us][CH2-Pc    ] F1
[T+5863041200us][CH1-Dispenser] F1 ED
[T+5863062172us][CH2-Pc    ] E1
[T+5863184173us][CH2-Pc    ] EF FA FF F8 E8 F8 FF EB EC
[T+5863214196us][CH1-Dispenser] E1 ED EF FA FF F8 E8 F8 FF EB EC 37 F5 8D 24 A3 E1 A2 13 C6 AC 22
[T+5863236172us][CH2-Pc    ] E1
[T+5863409172us][CH2-Pc    ] EF F8 FC ED E8 FD F8 F8 E8 E8 FF EA EC
[T+5863410174us][CH1-Dispenser] E1 ED EF F8 FC ED E8 FD F8 F8 E8 E8 FF EA EC
[T+5863500196us][CH2-Pc    ] F1
[T+5863506202us][CH1-Dispenser] F1 ED
[T+5863528172us][CH2-Pc    ] E1
[T+5863555173us][CH1-Dispenser] E1 ED EF
[T+5863556172us][CH2-Pc    ] EF
[T+5863577303us][CH1-Dispenser] F8
[T+5863577173us][CH2-Pc    ] F8
[T+5863599311us][CH1-Dispenser] FD
[T+5863599173us][CH2-Pc    ] FD
[T+5863646172us][CH1-Dispenser] FE F8 F8
[T+5863645172us][CH2-Pc    ] FE F8 F8
[T+5863810305us][CH1-Dispenser] E9 FA F8 F8 FF E9 EC
[T+5863810173us][CH2-Pc    ] E9 FA F8 F8 FF E9 EC
[T+5863900203us][CH2-Pc    ] F1
[T+5863906200us][CH1-Dispenser] F1 ED
[T+5863927310us][CH1-Dispenser] E5
[T+5863927177us][CH2-Pc    ] E5
[T+5864014172us][CH2-Pc    ] F1
[T+5864021172us][CH1-Dispenser] F1 F5
[T+5864092172us][CH2-Pc    ] E1
[T+5864119172us][CH2-Pc    ] E9
[T+5864130179us][CH1-Dispenser] E1 E5 E9 69 E5 83 F8
[T+5864198172us][CH2-Pc    ] F0
[T+5864204202us][CH1-Dispenser] F0 F8
[T+5864277304us][CH1-Dispenser] E0
[T+5864277173us][CH2-Pc    ] E0
[T+5864457308us][CH1-Dispenser] E1
[T+5864457173us][CH2-Pc    ] E1
[T+5864621172us][CH2-Pc    ] F0
[T+5864624175us][CH1-Dispenser] F0 F8
[T+5864689172us][CH2-Pc    ] F1
[T+5864697747us][CH1-Dispenser] F1 F5
[T+5865268172us][CH2-Pc    ] E1
[T+5865274200us][CH1-Dispenser] E1 E5
[T+5865296172us][CH2-Pc    ] E9
[T+5865312172us][CH1-Dispenser] E9 A8 BA 71
[T+5865384196us][CH2-Pc    ] F0
[T+5865392172us][CH1-Dispenser] F0 F8
[T+5865463305us][CH1-Dispenser] E0
[T+5865463173us][CH2-Pc    ] E0
[T+5865638304us][CH1-Dispenser] E1
[T+5865638173us][CH2-Pc    ] E1
[T+5865813172us][CH2-Pc    ] F0
[T+5865821172us][CH1-Dispenser] F0 F8
[T+5865891172us][CH2-Pc    ] F1
[T+5865918172us][CH2-Pc    ] F9
[T+5865931172us][CH1-Dispenser] F1 F5 F9 38 38 38
[T+5865997197us][CH2-Pc    ] E1
[T+5866025176us][CH2-Pc    ] E9
[T+5866035741us][CH1-Dispenser] E1 E5 E9 A8 3A 70
[T+5866103172us][CH2-Pc    ] F0
[T+5866109202us][CH1-Dispenser] F0 F8
[T+5866181307us][CH1-Dispenser] E0
[T+5866181173us][CH2-Pc    ] E0
[T+5866356305us][CH1-Dispenser] E1
[T+5866356173us][CH2-Pc    ] E1
[T+5866535172us][CH1-Dispenser] F0 F8
[T+5866532172us][CH2-Pc    ] F0
[T+5866610172us][CH2-Pc    ] F1
[T+5866637196us][CH2-Pc    ] F9
[T+5866647179us][CH1-Dispenser] F1 F5 F9 38 38 38
[T+5866716172us][CH2-Pc    ] E1
[T+5866743197us][CH2-Pc    ] E9
[T+5866755213us][CH1-Dispenser] E1 E5 E9 A8 3A 71
[T+5866821196us][CH2-Pc    ] F0
[T+5866831746us][CH1-Dispenser] F0 F8
[T+5866900307us][CH1-Dispenser] E0
[T+5866900173us][CH2-Pc    ] E0
[T+5867080305us][CH1-Dispenser] E1
[T+5867080173us][CH2-Pc    ] E1
[T+5867254197us][CH2-Pc    ] F0
[T+5867260200us][CH1-Dispenser] F0 F8
[T+5867332197us][CH2-Pc    ] F1
[T+5867339731us][CH1-Dispenser] F1 F5
[T+5867361172us][CH2-Pc    ] F9
[T+5867372179us][CH1-Dispenser] F9 38 38 38
[T+5867442172us][CH2-Pc    ] E1
[T+5867469172us][CH2-Pc    ] E9
[T+5867481257us][CH1-Dispenser] E1 E5 E9 A8 BA 71
[T+5867554172us][CH1-Dispenser] F0 F8
[T+5867550172us][CH2-Pc    ] F0
[T+5867628309us][CH1-Dispenser] E0
[T+5867628173us][CH2-Pc    ] E0
[T+5867803305us][CH1-Dispenser] E1
[T+5867803173us][CH2-Pc    ] E1
[T+5867969172us][CH2-Pc    ] F0
[T+5867976172us][CH1-Dispenser] F0 F8
[T+5868063172us][CH2-Pc    ] F1 F9
[T+5868077176us][CH1-Dispenser] F1 F5 F9 29 72 38
[T+5868143197us][CH2-Pc    ] E1
[T+5868149200us][CH1-Dispenser] E1 E5
[T+5868170172us][CH2-Pc    ] E9
[T+5868181179us][CH1-Dispenser] E9 79 31 8F F8
[T+5868248172us][CH2-Pc    ] F0
[T+5868254201us][CH1-Dispenser] F0 F8
[T+5868326306us][CH1-Dispenser] E0
[T+5868326173us][CH2-Pc    ] E0
[T+5868501309us][CH1-Dispenser] E1
[T+5868501173us][CH2-Pc    ] E1
[T+5868676172us][CH2-Pc    ] F0
[T+5868681174us][CH1-Dispenser] F0 F8
[T+5868754172us][CH2-Pc    ] F1
[T+5868760200us][CH1-Dispenser] F1 F5
[T+5868782172us][CH2-Pc    ] F9
[T+5868791826us][CH1-Dispenser] F9 69 29 38
[T+5868861172us][CH2-Pc    ] E1
[T+5868865172us][CH1-Dispenser] E1 E5
[T+5868888172us][CH2-Pc    ] E9
[T+5868901172us][CH1-Dispenser] E9 68 B8 38
[T+5868966172us][CH2-Pc    ] F0
[T+5868975172us][CH1-Dispenser] F0 F8
[T+5869044305us][CH1-Dispenser] E0
[T+5869044173us][CH2-Pc    ] E0
[T+5869219308us][CH1-Dispenser] E1
[T+5869219174us][CH2-Pc    ] E1
[T+5869395172us][CH2-Pc    ] F0
[T+5869401200us][CH1-Dispenser] F0 F8
[T+5869478172us][CH2-Pc    ] F1
[T+5869505176us][CH2-Pc    ] F9
[T+5869516180us][CH1-Dispenser] F1 F5 F9 B8 31 38
[T+5869583172us][CH2-Pc    ] E1
[T+5869590172us][CH1-Dispenser] E1 E5
[T+5869610172us][CH2-Pc    ] E9
[T+5869622213us][CH1-Dispenser] E9 3A A8 38
[T+5869689172us][CH2-Pc    ] F0
[T+5869694172us][CH1-Dispenser] F0 F8
[T+5869767305us][CH1-Dispenser] E0
[T+5869767173us][CH2-Pc    ] E0
[T+5869942314us][CH1-Dispenser] E1
[T+5869942175us][CH2-Pc    ] E1
[T+5870106172us][CH2-Pc    ] F0
[T+5870111172us][CH1-Dispenser] F0 F8
[T+5870184172us][CH2-Pc    ] F1
[T+5870190201us][CH1-Dispenser] F1 F5
[T+5870216172us][CH2-Pc    ] F9
[T+5870227179us][CH1-Dispenser] F9 AA 39 38
[T+5870297172us][CH2-Pc    ] E1
[T+5870324172us][CH2-Pc    ] E9
[T+5870336213us][CH1-Dispenser] E1 E5 E9 BA 4E 38
[T+5870402197us][CH2-Pc    ] F0
[T+5870410172us][CH1-Dispenser] F0 F8
[T+5870481305us][CH1-Dispenser] E0
[T+5870481173us][CH2-Pc    ] E0
[T+5870656173us][CH1-Dispenser] E1
[T+5870655173us][CH2-Pc    ] E1
[T+5870824197us][CH2-Pc    ] F0
[T+5870832179us][CH1-Dispenser] F0 F8
[T+5870906173us][CH1-Dispenser] F1 F5
[T+5870902172us][CH2-Pc    ] F1
[T+5870930197us][CH2-Pc    ] F9
[T+5870945229us][CH1-Dispenser] F9 28 2A 38
[T+5871020172us][CH2-Pc    ] E1
[T+5871025172us][CH1-Dispenser] E1 E5
[T+5871047172us][CH2-Pc    ] E9
[T+5871061172us][CH1-Dispenser] E9 2A 70 87 F8
[T+5871139172us][CH1-Dispenser] F0 F8
[T+5871136172us][CH2-Pc    ] F0
[T+5871203309us][CH1-Dispenser] E0
[T+5871203173us][CH2-Pc    ] E0
[T+5871379312us][CH1-Dispenser] E1
[T+5871379175us][CH2-Pc    ] E1
[T+5871543172us][CH2-Pc    ] F0
[T+5871552172us][CH1-Dispenser] F0 F8
[T+5871621172us][CH2-Pc    ] F1
[T+5871626174us][CH1-Dispenser] F1 F5
[T+5871649172us][CH2-Pc    ] F9
[T+5871664172us][CH1-Dispenser] F9 28 70 70
[T+5871738172us][CH2-Pc    ] E1
[T+5871744200us][CH1-Dispenser] E1 E5
[T+5871766172us][CH2-Pc    ] E9
[T+5871775172us][CH1-Dispenser] E9 F8 E9 F1
[T+5871844172us][CH2-Pc    ] F0
[T+5871850200us][CH1-Dispenser] F0 E8
[T+5871922306us][CH1-Dispenser] E0
[T+5871922173us][CH2-Pc    ] E0
[T+5872097310us][CH1-Dispenser] E1
[T+5872097174us][CH2-Pc    ] E1
[T+5872272172us][CH2-Pc    ] F0
[T+5872277172us][CH1-Dispenser] F0 F8
[T+5872351172us][CH2-Pc    ] F1
[T+5872356172us][CH1-Dispenser] F1 F5
[T+5872378172us][CH2-Pc    ] F9
[T+5872393176us][CH1-Dispenser] F9 79 68 71
[T+5872467172us][CH2-Pc    ] E1
[T+5872494172us][CH2-Pc    ] E9
[T+5872506213us][CH1-Dispenser] E1 E5 E9 38 A9 70
[T+5872574172us][CH2-Pc    ] F0
[T+5872580200us][CH1-Dispenser] F0 F8
[T+5872652308us][CH1-Dispenser] E0
[T+5872652174us][CH2-Pc    ] E0
[T+5872835305us][CH1-Dispenser] E1
[T+5872835173us][CH2-Pc    ] E1
[T+5873021197us][CH2-Pc    ] F0
[T+5873027200us][CH1-Dispenser] F0 F8
[T+5873099198us][CH2-Pc    ] F1
[T+5873126172us][CH2-Pc    ] F9
[T+5873137180us][CH1-Dispenser] F1 F5 F9 28 B9 70
[T+5873205172us][CH2-Pc    ] E1
[T+5873211200us][CH1-Dispenser] E1 E5
[T+5873232172us][CH2-Pc    ] E9
[T+5873245172us][CH1-Dispenser] E9 28 31 8B F8
[T+5873310172us][CH2-Pc    ] F0
[T+5873316202us][CH1-Dispenser] F0 F8
[T+5873388305us][CH1-Dispenser] E0
[T+5873388174us][CH2-Pc    ] E0
[T+5873563305us][CH1-Dispenser] E1
[T+5873563173us][CH2-Pc    ] E1
[T+5873737173us][CH2-Pc    ] F0
[T+5873741173us][CH1-Dispenser] F0 F8
[T+5873817172us][CH2-Pc    ] F1
[T+5873821172us][CH1-Dispenser] F1 F5
[T+5873845197us][CH2-Pc    ] F9
[T+5873857214us][CH1-Dispenser] F9 69 93 29 F8
[T+5873923199us][CH2-Pc    ] E1
[T+5873950172us][CH2-Pc    ] E9
[T+5873961179us][CH1-Dispenser] E1 E5 E9 29 A9 70
[T+5874029172us][CH2-Pc    ] F0
[T+5874035200us][CH1-Dispenser] F0 F8
[T+5874106304us][CH1-Dispenser] E0
[T+5874106173us][CH2-Pc    ] E0
[T+5874281172us][CH2-Pc    ] E1
[T+5874282172us][CH1-Dispenser] E1
[T+5874456173us][CH2-Pc    ] F0
[T+5874461173us][CH1-Dispenser] F0 F8
[T+5874534172us][CH2-Pc    ] F1
[T+5874562172us][CH2-Pc    ] F9
[T+5874573179us][CH1-Dispenser] F1 F5 F9 F9 75 71
[T+5874641172us][CH2-Pc    ] E1
[T+5874646172us][CH1-Dispenser] E1 E5
[T+5874668176us][CH2-Pc    ] E9
[T+5874681172us][CH1-Dispenser] E9 38 38 70
[T+5874746172us][CH2-Pc    ] F0
[T+5874751172us][CH1-Dispenser] F0 F8
[T+5874824306us][CH1-Dispenser] E0
[T+5874824173us][CH2-Pc    ] E0
[T+5874999307us][CH1-Dispenser] E1
[T+5874999173us][CH2-Pc    ] E1
[T+5875177172us][CH2-Pc    ] F0
[T+5875182173us][CH1-Dispenser] F0 F8
[T+5875255172us][CH2-Pc    ] F1
[T+5875261202us][CH1-Dispenser] F1 F5
[T+5875282172us][CH2-Pc    ] F9
[T+5875292212us][CH1-Dispenser] F9 29 68 38
[T+5875360172us][CH2-Pc    ] E1
[T+5875366202us][CH1-Dispenser] E1 E5
[T+5875388176us][CH2-Pc    ] E9
[T+5875400214us][CH1-Dispenser] E9 38 71 85 F8
[T+5875469172us][CH1-Dispenser] F0 F8
[T+5875466172us][CH2-Pc    ] F0
[T+5875533305us][CH1-Dispenser] E0
[T+5875533173us][CH2-Pc    ] E0
[T+5875708308us][CH1-Dispenser] E1
[T+5875708173us][CH2-Pc    ] E1
[T+5875876173us][CH1-Dispenser] F0 F8
[T+5875872172us][CH2-Pc    ] F0
[T+5875950172us][CH2-Pc    ] F1
[T+5875956200us][CH1-Dispenser] F1 F5
[T+5875978172us][CH2-Pc    ] F9
[T+5875987841us][CH1-Dispenser] F9 3A 78 38
[T+5876056172us][CH2-Pc    ] E1
[T+5876060172us][CH1-Dispenser] E1 E5
[T+5876083172us][CH2-Pc    ] E9
[T+5876096173us][CH1-Dispenser] E9 A9 39 70
[T+5876163172us][CH2-Pc    ] F0
[T+5876171172us][CH1-Dispenser] F0 F8
[T+5876241305us][CH1-Dispenser] E0
[T+5876241173us][CH2-Pc    ] E0
[T+5876418305us][CH1-Dispenser] E1
[T+5876418173us][CH2-Pc    ] E1
[T+5876593172us][CH2-Pc    ] F0
[T+5876601172us][CH1-Dispenser] F0 F8
[T+5876672172us][CH2-Pc    ] F1
[T+5876677172us][CH1-Dispenser] F1 F5
[T+5876699172us][CH2-Pc    ] F9
[T+5876714172us][CH1-Dispenser] F9 A9 7B 38
[T+5876792197us][CH2-Pc    ] E1
[T+5876819172us][CH2-Pc    ] E9
[T+5876830179us][CH1-Dispenser] E1 E5 E9 38 76 C5 F8
[T+5876901172us][CH2-Pc    ] F0
[T+5876911179us][CH1-Dispenser] F0 F8
[T+5876980304us][CH1-Dispenser] E0
[T+5876980173us][CH2-Pc    ] E0
[T+5877154305us][CH1-Dispenser] E1
[T+5877154173us][CH2-Pc    ] E1
[T+5877326172us][CH2-Pc    ] F0
[T+5877332200us][CH1-Dispenser] F0 F8
[T+5877404197us][CH2-Pc    ] F1
[T+5877432172us][CH2-Pc    ] F9
[T+5877444886us][CH1-Dispenser] F1 F5 F9 A9 39 70
[T+5877510172us][CH2-Pc    ] E1
[T+5877515172us][CH1-Dispenser] E1 E5
[T+5877537172us][CH2-Pc    ] E9
[T+5877552172us][CH1-Dispenser] E9 68 29 71
[T+5877626173us][CH2-Pc    ] F0
[T+5877629173us][CH1-Dispenser] F0 F8
[T+5877693305us][CH1-Dispenser] E0
[T+5877693173us][CH2-Pc    ] E0
[T+5877857306us][CH1-Dispenser] E1
[T+5877857173us][CH2-Pc    ] E1
[T+5878028172us][CH2-Pc    ] F0
[T+5878037172us][CH1-Dispenser] F0 F8
[T+5878106172us][CH2-Pc    ] F1
[T+5878111172us][CH1-Dispenser] F1 F5
[T+5878134173us][CH2-Pc    ] F9
[T+5878147360us][CH1-Dispenser] F9 2A 70 83 F8
[T+5878213196us][CH2-Pc    ] E1
[T+5878240173us][CH2-Pc    ] E9
[T+5878251818us][CH1-Dispenser] E1 E5 E9 38 70 85 F8
[T+5878318172us][CH2-Pc    ] F0
[T+5878325172us][CH1-Dispenser] F0 F8
[T+5878397304us][CH1-Dispenser] E0
[T+5878397173us][CH2-Pc    ] E0
[T+5878560307us][CH1-Dispenser] E1
[T+5878560173us][CH2-Pc    ] E1
[T+5878735172us][CH2-Pc    ] F0
[T+5878742172us][CH1-Dispenser] F0 F8
[T+5878813172us][CH2-Pc    ] F1
[T+5878842172us][CH2-Pc    ] F9
[T+5878852821us][CH1-Dispenser] F1 F5 F9 29 72 87 F8
[T+5878920172us][CH2-Pc    ] E1
[T+5878925172us][CH1-Dispenser] E1 E5
[T+5878947172us][CH2-Pc    ] E9
[T+5878964172us][CH1-Dispenser] E9 38 3A 70
[T+5879037172us][CH2-Pc    ] F0
[T+5879045172us][CH1-Dispenser] F0 E8
[T+5879115304us][CH1-Dispenser] E0
[T+5879115173us][CH2-Pc    ] E0
[T+5879279306us][CH1-Dispenser] E1
[T+5879279173us][CH2-Pc    ] E1
[T+5879454172us][CH2-Pc    ] F0
[T+5879462172us][CH1-Dispenser] F0 E8
[T+5879532172us][CH2-Pc    ] F1
[T+5879536172us][CH1-Dispenser] F1 F5
[T+5879559172us][CH2-Pc    ] F9
[T+5879574172us][CH1-Dispenser] F9 29 75 8F F8
[T+5879650172us][CH2-Pc    ] E1
[T+5879656200us][CH1-Dispenser] E1 E5
[T+5879677172us][CH2-Pc    ] E9
[T+5879692172us][CH1-Dispenser] E9 69 83 3A F8
[T+5879770172us][CH2-Pc    ] F0
[T+5879775174us][CH1-Dispenser] F0 F8
[T+5879848304us][CH1-Dispenser] E0
[T+5879848173us][CH2-Pc    ] E0
[T+5880012307us][CH1-Dispenser] E1
[T+5880012173us][CH2-Pc    ] E1
[T+5880188172us][CH2-Pc    ] F0
[T+5880197839us][CH1-Dispenser] F0 F8
[T+5880267172us][CH2-Pc    ] F1
[T+5880271172us][CH1-Dispenser] F1 F5
[T+5880294172us][CH2-Pc    ] F9
[T+5880311176us][CH1-Dispenser] F9 E8 33 8F F8
[T+5880383196us][CH2-Pc    ] E1
[T+5880410172us][CH2-Pc    ] E9
[T+5880422213us][CH1-Dispenser] E1 E5 E9 28 35 87 F8
[T+5880489225us][CH2-Pc    ] F0
[T+5880495200us][CH1-Dispenser] F0 F8
[T+5880575304us][CH1-Dispenser] E0
[T+5880575173us][CH2-Pc    ] E0
[T+5880749304us][CH1-Dispenser] E1
[T+5880749173us][CH2-Pc    ] E1
[T+5880924172us][CH2-Pc    ] F0
[T+5880931806us][CH1-Dispenser] F0 F8
[T+5881002174us][CH2-Pc    ] F1
[T+5881007172us][CH1-Dispenser] F1 F5
[T+5881029172us][CH2-Pc    ] F9
[T+5881043176us][CH1-Dispenser] F9 B9 B9 38
[T+5881125173us][CH2-Pc    ] E1
[T+5881131201us][CH1-Dispenser] E1 E5
[T+5881152172us][CH2-Pc    ] E9
[T+5881165172us][CH1-Dispenser] E9 E9 35 87 F8
[T+5881231173us][CH2-Pc    ] F0
[T+5881236172us][CH1-Dispenser] F0 F8
[T+5881309310us][CH1-Dispenser] E0
[T+5881309175us][CH2-Pc    ] E0
[T+5881484308us][CH1-Dispenser] E1
[T+5881484174us][CH2-Pc    ] E1
[T+5881659172us][CH2-Pc    ] F0
[T+5881667820us][CH1-Dispenser] F0 E8
[T+5881738172us][CH2-Pc    ] F1
[T+5881743172us][CH1-Dispenser] F1 F5
[T+5881766172us][CH2-Pc    ] F9
[T+5881777181us][CH1-Dispenser] F9 AA 70 0B F8
[T+5881844172us][CH2-Pc    ] E1
[T+5881871172us][CH2-Pc    ] E9
[T+5881881213us][CH1-Dispenser] E1 E5 E9 A9 72 C7 F8
[T+5881950172us][CH2-Pc    ] F0
[T+5881957172us][CH1-Dispenser] F0 F8
[T+5882027310us][CH1-Dispenser] E0
[T+5882027175us][CH2-Pc    ] E0
[T+5882202305us][CH1-Dispenser] E1
[T+5882202173us][CH2-Pc    ] E1
[T+5882377172us][CH2-Pc    ] F0
[T+5882383200us][CH1-Dispenser] F0 F8
[T+5882456172us][CH2-Pc    ] F1
[T+5882462200us][CH1-Dispenser] F1 F5
[T+5882483172us][CH2-Pc    ] F9
[T+5882499172us][CH1-Dispenser] F9 78 78 83 F8
[T+5882572172us][CH2-Pc    ] E1
[T+5882600172us][CH2-Pc    ] E9
[T+5882614172us][CH1-Dispenser] E1 E5 E9 A9 72 1F F8
[T+5882688172us][CH2-Pc    ] F0
[T+5882697760us][CH1-Dispenser] F0 F8
[T+5882766304us][CH1-Dispenser] E0
[T+5882766173us][CH2-Pc    ] E0
[T+5882941305us][CH1-Dispenser] E1
[T+5882941173us][CH2-Pc    ] E1
[T+5883105172us][CH2-Pc    ] F0
[T+5883111200us][CH1-Dispenser] F0 F8
[T+5883183196us][CH2-Pc    ] F1
[T+5883211172us][CH2-Pc    ] F9
[T+5883224172us][CH1-Dispenser] F1 F5 F9 29 28 71
[T+5883289172us][CH2-Pc    ] E1
[T+5883316172us][CH2-Pc    ] E9
[T+5883326580us][CH1-Dispenser] E1 E5 E9 A9 72 C7 F8
[T+5883400172us][CH2-Pc    ] F0
[T+5883405172us][CH1-Dispenser] F0 F8
[T+5883477306us][CH1-Dispenser] E0
[T+5883477173us][CH2-Pc    ] E0
[T+5883652307us][CH1-Dispenser] E1
[T+5883652173us][CH2-Pc    ] E1
[T+5883827172us][CH2-Pc    ] F0
[T+5883833200us][CH1-Dispenser] F0 E8
[T+5883905197us][CH2-Pc    ] F1
[T+5883932172us][CH2-Pc    ] F9
[T+5883943179us][CH1-Dispenser] F1 F5 F9 38 73 85 F8
[T+5884011172us][CH2-Pc    ] E1
[T+5884016172us][CH1-Dispenser] E1 E5
[T+5884038172us][CH2-Pc    ] E9
[T+5884053172us][CH1-Dispenser] E9 E9 35 87 F8
[T+5884117172us][CH2-Pc    ] F0
[T+5884125172us][CH1-Dispenser] F0 F8
[T+5884195304us][CH1-Dispenser] E0
[T+5884195173us][CH2-Pc    ] E0
[T+5884371306us][CH1-Dispenser] E1
[T+5884371173us][CH2-Pc    ] E1
[T+5884546172us][CH2-Pc    ] F0
[T+5884552200us][CH1-Dispenser] F0 F8
[T+5884624199us][CH2-Pc    ] F1
[T+5884633831us][CH1-Dispenser] F1 F5
[T+5884665172us][CH2-Pc    ] F9
[T+5884677213us][CH1-Dispenser] F9 39 70 C7 F8
[T+5884742172us][CH2-Pc    ] E1
[T+5884769172us][CH2-Pc    ] E9
[T+5884781213us][CH1-Dispenser] E1 E5 E9 A9 72 C7 F8
[T+5884849172us][CH2-Pc    ] F0
[T+5884855202us][CH1-Dispenser] F0 F8
[T+5884927305us][CH1-Dispenser] E0
[T+5884927173us][CH2-Pc    ] E0
[T+5885091305us][CH1-Dispenser] E1
[T+5885091173us][CH2-Pc    ] E1
[T+5885265197us][CH2-Pc    ] F0
[T+5885272172us][CH1-Dispenser] F0 F8
[T+5885344197us][CH2-Pc    ] F1
[T+5885371172us][CH2-Pc    ] F9
[T+5885382180us][CH1-Dispenser] F1 F5 F9 79 CD 0F F8
[T+5885449172us][CH2-Pc    ] E1
[T+5885455200us][CH1-Dispenser] E1 E5
[T+5885476172us][CH2-Pc    ] E9
[T+5885486172us][CH1-Dispenser] E9 E9 B5 C7 F8
[T+5885575172us][CH2-Pc    ] F0
[T+5885580172us][CH1-Dispenser] F0 F8
[T+5885653308us][CH1-Dispenser] E0
[T+5885653174us][CH2-Pc    ] E0
[T+5885828307us][CH1-Dispenser] E1
[T+5885828174us][CH2-Pc    ] E1
[T+5886003172us][CH2-Pc    ] F0
[T+5886008173us][CH1-Dispenser] F0 F8
[T+5886081172us][CH2-Pc    ] F1
[T+5886087200us][CH1-Dispenser] F1 F5
[T+5886108172us][CH2-Pc    ] F9
[T+5886118172us][CH1-Dispenser] F9 68 39 38
[T+5886187172us][CH2-Pc    ] E1
[T+5886215172us][CH2-Pc    ] E9
[T+5886228172us][CH1-Dispenser] E1 E5 E9 E9 25 87 F8
[T+5886296172us][CH2-Pc    ] F0
[T+5886300172us][CH1-Dispenser] F0 F8
[T+5886374308us][CH1-Dispenser] E0
[T+5886374175us][CH2-Pc    ] E0
[T+5886550305us][CH1-Dispenser] E1
[T+5886550173us][CH2-Pc    ] E1
[T+5886715172us][CH2-Pc    ] F0
[T+5886722172us][CH1-Dispenser] F0 F8
[T+5886794197us][CH2-Pc    ] F1
[T+5886821172us][CH2-Pc    ] F9
[T+5886834172us][CH1-Dispenser] F1 F5 F9 A8 68 38
[T+5886900174us][CH2-Pc    ] E1
[T+5886905172us][CH1-Dispenser] E1 E5
[T+5886928172us][CH2-Pc    ] E9
[T+5886942172us][CH1-Dispenser] E9 E9 B5 C7 F8
[T+5887008196us][CH2-Pc    ] F0
[T+5887017179us][CH1-Dispenser] F0 F8
[T+5887086306us][CH1-Dispenser] E0
[T+5887086173us][CH2-Pc    ] E0
[T+5887271307us][CH1-Dispenser] E1
[T+5887271173us][CH2-Pc    ] E1
[T+5887435172us][CH2-Pc    ] F0
[T+5887441200us][CH1-Dispenser] F0 F8
[T+5887515172us][CH2-Pc    ] F1
[T+5887523782us][CH1-Dispenser] F1 F5
[T+5887546172us][CH2-Pc    ] F9
[T+5887559172us][CH1-Dispenser] F9 B8 28 78
[T+5887630172us][CH1-Dispenser] E1 E5
[T+5887626172us][CH2-Pc    ] E1
[T+5887658173us][CH2-Pc    ] E9
[T+5887672172us][CH1-Dispenser] E9 A9 F2 87 F8
[T+5887738196us][CH2-Pc    ] F0
[T+5887746782us][CH1-Dispenser] F0 F8
[T+5887816305us][CH1-Dispenser] E0
[T+5887816173us][CH2-Pc    ] E0
[T+5887980308us][CH1-Dispenser] E1
[T+5887980174us][CH2-Pc    ] E1
[T+5888156172us][CH2-Pc    ] F0
[T+5888163172us][CH1-Dispenser] F0 F8
[T+5888234172us][CH2-Pc    ] F1
[T+5888261172us][CH2-Pc    ] F9
[T+5888275173us][CH1-Dispenser] F1 F5 F9 39 68 38
[T+5888343172us][CH2-Pc    ] E1
[T+5888370172us][CH2-Pc    ] E9
[T+5888382213us][CH1-Dispenser] E1 FD E9 39 72 C7
[T+5888448196us][CH2-Pc    ] F0
[T+5888456181us][CH1-Dispenser] F0 F8
[T+5888526305us][CH1-Dispenser] E0
[T+5888526173us][CH2-Pc    ] E0
[T+5888701307us][CH1-Dispenser] E1
[T+5888701173us][CH2-Pc    ] E1
[T+5888876172us][CH2-Pc    ] F0
[T+5888882202us][CH1-Dispenser] F0 F8
[T+5888954196us][CH2-Pc    ] F1
[T+5888981172us][CH2-Pc    ] F9
[T+5888993213us][CH1-Dispenser] F1 F5 F9 39 73 87 F8
[T+5889059196us][CH2-Pc    ] E1
[T+5889066786us][CH1-Dispenser] E1 E5
[T+5889087172us][CH2-Pc    ] E9
[T+5889098823us][CH1-Dispenser] E9 7A 79 38
[T+5889165172us][CH2-Pc    ] F0
[T+5889171202us][CH1-Dispenser] F0 F8
[T+5889243304us][CH1-Dispenser] E0
[T+5889243173us][CH2-Pc    ] E0
[T+5889418306us][CH1-Dispenser] E1
[T+5889418173us][CH2-Pc    ] E1
[T+5889595172us][CH2-Pc    ] F0
[T+5889602172us][CH1-Dispenser] F0 F8
[T+5889673172us][CH2-Pc    ] F1
[T+5889677172us][CH1-Dispenser] F1 F5
[T+5889700172us][CH2-Pc    ] F9
[T+5889714172us][CH1-Dispenser] F9 3A 38 38
[T+5889779172us][CH2-Pc    ] E1
[T+5889805172us][CH2-Pc    ] E9
[T+5889816179us][CH1-Dispenser] E1 E5 E9 7A 6A 38
[T+5889887172us][CH2-Pc    ] F0
[T+5889890172us][CH1-Dispenser] F0 E8
[T+5889965305us][CH1-Dispenser] E0
[T+5889965173us][CH2-Pc    ] E0
[T+5890139306us][CH1-Dispenser] E1
[T+5890139173us][CH2-Pc    ] E1
[T+5890314172us][CH2-Pc    ] F0
[T+5890323179us][CH1-Dispenser] F0 F8
[T+5890393172us][CH2-Pc    ] F1
[T+5890397172us][CH1-Dispenser] F1 F5
[T+5890421198us][CH2-Pc    ] F9
[T+5890435172us][CH1-Dispenser] F9 E9 DF 1F F8
[T+5890510172us][CH2-Pc    ] E1
[T+5890515172us][CH1-Dispenser] E1 E5
[T+5890537172us][CH2-Pc    ] E9
[T+5890546181us][CH1-Dispenser] E9 28 33 28
[T+5890620172us][CH1-Dispenser] F0 F8
[T+5890616172us][CH2-Pc    ] F0
[T+5890694305us][CH1-Dispenser] E0
[T+5890694173us][CH2-Pc    ] E0
[T+5890880306us][CH1-Dispenser] E1
[T+5890880173us][CH2-Pc    ] E1
[T+5891052172us][CH1-Dispenser] F0 F8
[T+5891049172us][CH2-Pc    ] F0
[T+5891116172us][CH2-Pc    ] F1
[T+5891143172us][CH2-Pc    ] F9
[T+5891155213us][CH1-Dispenser] F1 F5 F9 38 F5 C7
[T+5891222172us][CH2-Pc    ] E1
[T+5891226172us][CH1-Dispenser] E1 E5
[T+5891249172us][CH2-Pc    ] E9
[T+5891262172us][CH1-Dispenser] E9 B8 74 28
[T+5891328199us][CH2-Pc    ] F0
[T+5891336172us][CH1-Dispenser] F0 F8
[T+5891430306us][CH1-Dispenser] E0
[T+5891430173us][CH2-Pc    ] E0
[T+5891605304us][CH1-Dispenser] E1
[T+5891605173us][CH2-Pc    ] E1
[T+5891780172us][CH2-Pc    ] F0
[T+5891787172us][CH1-Dispenser] F0 F8
[T+5891858173us][CH2-Pc    ] F1
[T+5891863172us][CH1-Dispenser] F1 F5
[T+5891886176us][CH2-Pc    ] F9
[T+5891900172us][CH1-Dispenser] F9 EA 79 38
[T+5891974172us][CH2-Pc    ] E1
[T+5892002196us][CH2-Pc    ] E9
[T+5892012822us][CH1-Dispenser] E1 E5 E9 39 2A 28
[T+5892080172us][CH2-Pc    ] F0
[T+5892088172us][CH1-Dispenser] F0 F8
[T+5892158307us][CH1-Dispenser] E0
[T+5892158173us][CH2-Pc    ] E0
[T+5892334302us][CH1-Dispenser] E1
[T+5892334173us][CH2-Pc    ] E1
[T+5892499175us][CH2-Pc    ] F0
[T+5892504823us][CH1-Dispenser] F0 F8
[T+5892577199us][CH2-Pc    ] F1
[T+5892583200us][CH1-Dispenser] F1 F5
[T+5892604617us][CH2-Pc    ] F9
[T+5892619176us][CH1-Dispenser] F9 38 69 38
[T+5892693172us][CH2-Pc    ] E1
[T+5892720172us][CH2-Pc    ] E9
[T+5892732213us][CH1-Dispenser] E1 E5 E9 29 70 33
[T+5892800172us][CH2-Pc    ] F0
[T+5892806200us][CH1-Dispenser] F0 F8
[T+5892878312us][CH1-Dispenser] E0
[T+5892878175us][CH2-Pc    ] E0
[T+5893052304us][CH1-Dispenser] E1
[T+5893052173us][CH2-Pc    ] E1
[T+5893230172us][CH2-Pc    ] F0
[T+5893239172us][CH1-Dispenser] F0 F8
[T+5893308172us][CH2-Pc    ] F1
[T+5893313172us][CH1-Dispenser] F1 F5
[T+5893336172us][CH2-Pc    ] F9
[T+5893349172us][CH1-Dispenser] F9 38 69 38
[T+5893414172us][CH2-Pc    ] E1
[T+5893441172us][CH2-Pc    ] E9
[T+5893451661us][CH1-Dispenser] E1 E5 E9 29 31 33
[T+5893520172us][CH2-Pc    ] F0
[T+5893526200us][CH1-Dispenser] F0 F8
[T+5893598311us][CH1-Dispenser] E0
[T+5893598175us][CH2-Pc    ] E0
[T+5893763335us][CH1-Dispenser] E1
[T+5893763192us][CH2-Pc    ] E1
[T+5893937199us][CH2-Pc    ] F0
[T+5893944172us][CH1-Dispenser] F0 F8
[T+5894016197us][CH2-Pc    ] F1
[T+5894043172us][CH2-Pc    ] F9
[T+5894054179us][CH1-Dispenser] F1 F5 F9 38 69 38
[T+5894127472us][CH1-Dispenser] E1 E5
[T+5894123175us][CH2-Pc    ] E1
[T+5894149172us][CH2-Pc    ] E9
[T+5894162172us][CH1-Dispenser] E9 29 69 70
[T+5894228180us][CH2-Pc    ] F0
[T+5894237221us][CH1-Dispenser] F0 F8
[T+5894306305us][CH1-Dispenser] E0
[T+5894306173us][CH2-Pc    ] E0
[T+5894487181us][CH1-Dispenser] E1
[T+5894487322us][CH2-Pc    ] E1
[T+5894662172us][CH2-Pc    ] F0
[T+5894667174us][CH1-Dispenser] F0 F8
[T+5894740172us][CH2-Pc    ] F1
[T+5894767177us][CH2-Pc    ] F9
[T+5894778179us][CH1-Dispenser] F1 F5 F9 38 29 38
[T+5894845172us][CH2-Pc    ] E1
[T+5894851200us][CH1-Dispenser] E1 E5
[T+5894873172us][CH2-Pc    ] E9
[T+5894887172us][CH1-Dispenser] E9 29 B8 70
[T+5894966172us][CH1-Dispenser] F0 F8
[T+5894962172us][CH2-Pc    ] F0
[T+5895040306us][CH1-Dispenser] E0
[T+5895040174us][CH2-Pc    ] E0
[T+5895236312us][CH1-Dispenser] E1
[T+5895236174us][CH2-Pc    ] E1
[T+5895402172us][CH2-Pc    ] F0
[T+5895408201us][CH1-Dispenser] F0 F8
[T+5895480197us][CH2-Pc    ] F1
[T+5895507172us][CH2-Pc    ] F9
[T+5895519342us][CH1-Dispenser] F1 F5 F9 38 69 38
[T+5895602172us][CH2-Pc    ] E1 E9
[T+5895618172us][CH1-Dispenser] E1 E5 E9 E8 F7 9E F8
[T+5895693172us][CH2-Pc    ] F0
[T+5895700172us][CH1-Dispenser] F0 F8
[T+5895771304us][CH1-Dispenser] E0
[T+5895771173us][CH2-Pc    ] E0
[T+5895935307us][CH1-Dispenser] E1
[T+5895935173us][CH2-Pc    ] E1
[T+5896111172us][CH2-Pc    ] F0
[T+5896117200us][CH1-Dispenser] F0 F8
[T+5896189172us][CH2-Pc    ] F1
[T+5896193172us][CH1-Dispenser] F1 F5
[T+5896216172us][CH2-Pc    ] F9
[T+5896233172us][CH1-Dispenser] F9 38 29 38
[T+5896306172us][CH2-Pc    ] E1
[T+5896311172us][CH1-Dispenser] E1 E5
[T+5896334172us][CH2-Pc    ] E9
[T+5896349176us][CH1-Dispenser] E9 A9 B9 70
[T+5896422172us][CH2-Pc    ] F0
[T+5896427172us][CH1-Dispenser] F0 F8
[T+5896501304us][CH1-Dispenser] E0
[T+5896501173us][CH2-Pc    ] E0
[T+5896676306us][CH1-Dispenser] E1
[T+5896676174us][CH2-Pc    ] E1
[T+5896841172us][CH2-Pc    ] F0
[T+5896848827us][CH1-Dispenser] F0 F8
[T+5896919172us][CH2-Pc    ] F1
[T+5896925200us][CH1-Dispenser] F1 F1
[T+5897497172us][CH2-Pc    ] E1
[T+5897501174us][CH1-Dispenser] E1 E5
[T+5897524508us][CH2-Pc    ] E9
[T+5897538176us][CH1-Dispenser] E9 F9 68 28
[T+5897610196us][CH2-Pc    ] F0
[T+5897617813us][CH1-Dispenser] F0 F8
[T+5897689305us][CH1-Dispenser] E0
[T+5897689173us][CH2-Pc    ] E0
[T+5897864308us][CH1-Dispenser] E1
[T+5897864173us][CH2-Pc    ] E1
[T+5898028172us][CH2-Pc    ] F0
[T+5898033172us][CH1-Dispenser] F0 F8
[T+5898106172us][CH2-Pc    ] F1
[T+5898113172us][CH1-Dispenser] F1 F9
[T+5898684172us][CH2-Pc    ] E1
[T+5898711172us][CH2-Pc    ] E9
[T+5898722180us][CH1-Dispenser] E1 E5 E9 F8 79 28
[T+5898790172us][CH2-Pc    ] F0
[T+5898796202us][CH1-Dispenser] F0 F8
[T+5898868304us][CH1-Dispenser] E0
[T+5898868173us][CH2-Pc    ] E0
[T+5899042172us][CH2-Pc    ] E1
[T+5899043172us][CH1-Dispenser] E1
[T+5899218172us][CH2-Pc    ] F0
[T+5899224200us][CH1-Dispenser] F0 F8
[T+5899296196us][CH2-Pc    ] F1
[T+5899324336us][CH2-Pc    ] E9
[T+5899371172us][CH1-Dispenser] F1 F9 E9 BF BC 70 38 2D 7C 8F 38 70 70 70 C5 38 71 69 38 3F F8
[T+5899397172us][CH2-Pc    ] FD
[T+5899526172us][CH1-Dispenser] FD BF 70 74 23 97 B8 72 72 AB A9 77 CB 3C 79 33 8B 38 B8 70 70 9F 29 70 97 EF 28 FA A9 AA 38 28 7C 38 B8 72 74 97 AA 74 EF EF 74 AA 28 B9 87 B9 33 8B 38 B8 29 FF
[T+5899595172us][CH2-Pc    ] E1
[T+5899623172us][CH2-Pc    ] E9
[T+5899632788us][CH1-Dispenser] E1 E5 E9 39 71 2B F0
[T+5899701173us][CH2-Pc    ] F0
[T+5899707202us][CH1-Dispenser] F0 F8
[T+5899779306us][CH1-Dispenser] E0
[T+5899779173us][CH2-Pc    ] E0
[T+5899949313us][CH1-Dispenser] E1
[T+5899949174us][CH2-Pc    ] E1
[T+5900124172us][CH2-Pc    ] F0
[T+5900128173us][CH1-Dispenser] F0 F8
[T+5900203172us][CH2-Pc    ] F1
[T+5900209201us][CH1-Dispenser] F1 F9
[T+5900231172us][CH2-Pc    ] E9
[T+5900281172us][CH1-Dispenser] E9 6F 7E 70 38 2D 7C 87 78 B3 70 70 C5 B8 70 69 38 3F F8
[T+5900305860us][CH2-Pc    ] FD
[T+5900431196us][CH1-Dispenser] FD AF 70 74 33 97 B8 72 72 93 29 72 83 3C 79 23 8B 38 B8 70 39 9F 29 70 97 6F 28 FA A9 2A F8 68 7C 38 B8 72 73 97 AA 74 87 AF 74 6A 28 70 87 B9 33 8B 38 B8 39 FF
[T+5900511172us][CH2-Pc    ] E1
[T+5900539196us][CH2-Pc    ] E9
[T+5900552172us][CH1-Dispenser] E1 E5 E9 2A 28 70
[T+5900618196us][CH2-Pc    ] F0
[T+5900626764us][CH1-Dispenser] F0 F8
[T+5900696304us][CH1-Dispenser] E0
[T+5900696173us][CH2-Pc    ] E0
[T+5900871309us][CH1-Dispenser] E1
[T+5900871173us][CH2-Pc    ] E1
[T+5901045197us][CH2-Pc    ] F0
[T+5901052808us][CH1-Dispenser] F0 F8
[T+5901124197us][CH2-Pc    ] F1
[T+5901130203us][CH1-Dispenser] F1 F9
[T+5901202172us][CH2-Pc    ] E1
[T+5901206172us][CH1-Dispenser] E1 E5
[T+5901229172us][CH2-Pc    ] E9
[T+5901246176us][CH1-Dispenser] E9 39 76 83 F8
[T+5901319172us][CH2-Pc    ] F0
[T+5901326806us][CH1-Dispenser] F0 F8
[T+5901397307us][CH1-Dispenser] E0
[T+5901397174us][CH2-Pc    ] E0
[T+5901583309us][CH1-Dispenser] E1
[T+5901583173us][CH2-Pc    ] E1
[T+5901747172us][CH2-Pc    ] F0
[T+5901753200us][CH1-Dispenser] F0 F8
[T+5901825196us][CH2-Pc    ] F1
[T+5901835181us][CH1-Dispenser] F1 F9
[T+5901919196us][CH2-Pc    ] E1 E9
[T+5901933172us][CH1-Dispenser] E1 E5 E9 28 7B 8B F8
[T+5902000172us][CH1-Dispenser] F0 F8
[T+5901998172us][CH2-Pc    ] F0
[T+5902067307us][CH1-Dispenser] E0
[T+5902067173us][CH2-Pc    ] E0
[T+5902232306us][CH1-Dispenser] E1
[T+5902232173us][CH2-Pc    ] E1
[T+5902402174us][CH2-Pc    ] F0
[T+5902409808us][CH1-Dispenser] F0 F8
[T+5902480172us][CH2-Pc    ] F1
[T+5902489172us][CH1-Dispenser] F1 F9
[T+5902558172us][CH2-Pc    ] E1
[T+5902566172us][CH1-Dispenser] E1 E5
[T+5902589172us][CH2-Pc    ] E9
[T+5902604172us][CH1-Dispenser] E9 F8 E9 28
[T+5902678172us][CH2-Pc    ] F0
[T+5902687809us][CH1-Dispenser] F0 F8
[T+5902756305us][CH1-Dispenser] E0
[T+5902756173us][CH2-Pc    ] E0
[T+5902943307us][CH1-Dispenser] E1
[T+5902943173us][CH2-Pc    ] E1
[T+5903131172us][CH2-Pc    ] F0
[T+5903139179us][CH1-Dispenser] F0 F8
[T+5903208172us][CH2-Pc    ] F1
[T+5903215772us][CH1-Dispenser] F1 F9
[T+5903287172us][CH2-Pc    ] E1
[T+5903291172us][CH1-Dispenser] E1 E5
[T+5903314172us][CH2-Pc    ] E9
[T+5903327186us][CH1-Dispenser] E9 E8 73 9F F8
[T+5903392172us][CH2-Pc    ] F0
[T+5903396172us][CH1-Dispenser] F0 F8
[T+5903470304us][CH1-Dispenser] E0
[T+5903470173us][CH2-Pc    ] E0
[T+5903645308us][CH1-Dispenser] E1
[T+5903645173us][CH2-Pc    ] E1
[T+5903816172us][CH2-Pc    ] F0
[T+5903824172us][CH1-Dispenser] F0 F8
[T+5903902173us][CH2-Pc    ] F1
[T+5903909788us][CH1-Dispenser] F1 F9
[T+5903979172us][CH2-Pc    ] E1
[T+5904006172us][CH2-Pc    ] E9
[T+5904018213us][CH1-Dispenser] E1 E5 E9 B9 39 9F F8
[T+5904099172us][CH2-Pc    ] F0
[T+5904108172us][CH1-Dispenser] F0 F8
[T+5904178304us][CH1-Dispenser] E0
[T+5904178173us][CH2-Pc    ] E0
[T+5904355311us][CH1-Dispenser] E1
[T+5904355173us][CH2-Pc    ] E1
[T+5904530172us][CH2-Pc    ] F0
[T+5904537172us][CH1-Dispenser] F0 F8
[T+5904608172us][CH2-Pc    ] F1
[T+5904613172us][CH1-Dispenser] F1 F9
[T+5904686172us][CH2-Pc    ] E1
[T+5904692201us][CH1-Dispenser] E1 E5
[T+5904713172us][CH2-Pc    ] E9
[T+5904729172us][CH1-Dispenser] E9 AA 33 9F F8
[T+5904806172us][CH2-Pc    ] F0
[T+5904812200us][CH1-Dispenser] F0 F8
[T+5904884307us][CH1-Dispenser] E0
[T+5904884173us][CH2-Pc    ] E0
[T+5905061304us][CH1-Dispenser] E1
[T+5905061173us][CH2-Pc    ] E1
[T+5905236172us][CH2-Pc    ] F0
[T+5905244179us][CH1-Dispenser] F0 F8
[T+5905318172us][CH1-Dispenser] F1 F9
[T+5905314172us][CH2-Pc    ] F1
[T+5905396173us][CH1-Dispenser] E1 E5
[T+5905392172us][CH2-Pc    ] E1
[T+5905419179us][CH2-Pc    ] E9
[T+5905434172us][CH1-Dispenser] E9 B8 A8 28
[T+5905531172us][CH2-Pc    ] F0
[T+5905537201us][CH1-Dispenser] F0 F8
[T+5905611304us][CH1-Dispenser] E0
[T+5905611173us][CH2-Pc    ] E0
[T+5905787310us][CH1-Dispenser] E1
[T+5905787173us][CH2-Pc    ] E1
[T+5905951172us][CH2-Pc    ] F0
[T+5905959811us][CH1-Dispenser] F0 F8
[T+5906029172us][CH2-Pc    ] F1
[T+5906035201us][CH1-Dispenser] F1 E9
[T+5906107172us][CH2-Pc    ] E1
[T+5906112174us][CH1-Dispenser] E1 E5
[T+5906134172us][CH2-Pc    ] E9
[T+5906148172us][CH1-Dispenser] E9 B8 29 28
[T+5906213172us][CH2-Pc    ] F0
[T+5906222807us][CH1-Dispenser] F0 F8
[T+5906291307us][CH1-Dispenser] E0
[T+5906291173us][CH2-Pc    ] E0
[T+5906466307us][CH1-Dispenser] E1
[T+5906466173us][CH2-Pc    ] E1
[T+5906642172us][CH2-Pc    ] F0
[T+5906650172us][CH1-Dispenser] F0 F8
[T+5906720172us][CH2-Pc    ] F1
[T+5906730806us][CH1-Dispenser] F1 F9
[T+5906798172us][CH2-Pc    ] E1
[T+5906826208us][CH2-Pc    ] E9
[T+5906839172us][CH1-Dispenser] E1 E5 E9 BA 71 9B F8
[T+5906904172us][CH2-Pc    ] F0
[T+5906911172us][CH1-Dispenser] F0 F8
[T+5906982305us][CH1-Dispenser] E0
[T+5906982173us][CH2-Pc    ] E0
[T+5907157305us][CH1-Dispenser] E1
[T+5907157173us][CH2-Pc    ] E1
[T+5907331197us][CH2-Pc    ] F0
[T+5907343213us][CH1-Dispenser] F0 F8
[T+5907410172us][CH2-Pc    ] F1
[T+5907413172us][CH1-Dispenser] F1 F9
[T+5907503199us][CH2-Pc    ] E1 E9
[T+5907518172us][CH1-Dispenser] E1 E5 E9 38 F9 70
[T+5907583172us][CH2-Pc    ] F0
[T+5907594769us][CH1-Dispenser] F0 F8
[T+5907661307us][CH1-Dispenser] E0
[T+5907661173us][CH2-Pc    ] E0
[T+5907826307us][CH1-Dispenser] E1
[T+5907826173us][CH2-Pc    ] E1
[T+5908000197us][CH2-Pc    ] F0
[T+5908008172us][CH1-Dispenser] F0 F8
[T+5908078172us][CH2-Pc    ] F1
[T+5908083172us][CH1-Dispenser] F1 F9
[T+5908162172us][CH1-Dispenser] E1 E5
[T+5908158172us][CH2-Pc    ] E1
[T+5908185172us][CH2-Pc    ] E9
[T+5908198172us][CH1-Dispenser] E9 39 73 8B F8
[T+5908264197us][CH2-Pc    ] F0
[T+5908271172us][CH1-Dispenser] F0 F8
[T+5908342337us][CH1-Dispenser] E0
[T+5908342200us][CH2-Pc    ] E0
[T+5908517309us][CH1-Dispenser] E1
[T+5908517173us][CH2-Pc    ] E1
[T+5908692172us][CH2-Pc    ] F0
[T+5908700179us][CH1-Dispenser] F0 F8
[T+5908774172us][CH1-Dispenser] F1 F9
[T+5908770172us][CH2-Pc    ] F1
[T+5908864197us][CH2-Pc    ] E1 E9
[T+5908878172us][CH1-Dispenser] E1 E5 E9 B8 AA 70
[T+5908944198us][CH2-Pc    ] F0
[T+5908951172us][CH1-Dispenser] F0 F8
[T+5909022305us][CH1-Dispenser] E0
[T+5909022173us][CH2-Pc    ] E0
[T+5909207309us][CH1-Dispenser] E1
[T+5909207174us][CH2-Pc    ] E1
[T+5909372172us][CH2-Pc    ] F0
[T+5909379172us][CH1-Dispenser] F0 F8
[T+5909451196us][CH2-Pc    ] F1
[T+5909458810us][CH1-Dispenser] F1 F9
[T+5909529172us][CH2-Pc    ] E1
[T+5909556172us][CH2-Pc    ] E9
[T+5909571174us][CH1-Dispenser] E1 E5 E9 7A 28 33
[T+5909646172us][CH2-Pc    ] F0
[T+5909652202us][CH1-Dispenser] F0 F8
[T+5909725193us][CH1-Dispenser] E0
[T+5909725482us][CH2-Pc    ] E0
[T+5909888308us][CH1-Dispenser] E1
[T+5909888173us][CH2-Pc    ] E1
[T+5910064172us][CH2-Pc    ] F0
[T+5910069172us][CH1-Dispenser] F0 F8
[T+5910142172us][CH2-Pc    ] F1
[T+5910150172us][CH1-Dispenser] F1 F9
[T+5910220172us][CH2-Pc    ] E1
[T+5910247172us][CH2-Pc    ] E9
[T+5910258179us][CH1-Dispenser] E1 E5 E9 B8 28 70
[T+5910335172us][CH2-Pc    ] F0
[T+5910341201us][CH1-Dispenser] F0 F8
[T+5910413307us][CH1-Dispenser] E0
[T+5910413173us][CH2-Pc    ] E0
[T+5910590307us][CH1-Dispenser] E1
[T+5910590173us][CH2-Pc    ] E1
[T+5910769172us][CH2-Pc    ] F0
[T+5910774172us][CH1-Dispenser] F0 F8
[T+5910847172us][CH2-Pc    ] F1
[T+5910853200us][CH1-Dispenser] F1 F9
[T+5910926172us][CH2-Pc    ] E1
[T+5910932200us][CH1-Dispenser] E1 E5
[T+5910953172us][CH2-Pc    ] E9
[T+5910965221us][CH1-Dispenser] E9 68 76 85 F8
[T+5911031197us][CH2-Pc    ] F0
[T+5911039172us][CH1-Dispenser] F0 F8
[T+5911110311us][CH1-Dispenser] E0
[T+5911110175us][CH2-Pc    ] E0
[T+5911284304us][CH1-Dispenser] E1
[T+5911284173us][CH2-Pc    ] E1
[T+5911449172us][CH2-Pc    ] F0
[T+5911456172us][CH1-Dispenser] F0 F8
[T+5911527172us][CH2-Pc    ] F1
[T+5911534172us][CH1-Dispenser] F1 F9
[T+5911605172us][CH2-Pc    ] E1
[T+5911632172us][CH2-Pc    ] E9
[T+5911644060us][CH1-Dispenser] E1 E5 E9 78 7A CD
[T+5911710197us][CH2-Pc    ] F0
[T+5911717172us][CH1-Dispenser] F0 F8
[T+5911788305us][CH1-Dispenser] E0
[T+5911788173us][CH2-Pc    ] E0
[T+5911974304us][CH1-Dispenser] E1
[T+5911974173us][CH2-Pc    ] E1
[T+5912138172us][CH2-Pc    ] F0
[T+5912143172us][CH1-Dispenser] F0 F8
[T+5912216172us][CH2-Pc    ] F1
[T+5912224179us][CH1-Dispenser] F1 F9
[T+5912294172us][CH2-Pc    ] E1
[T+5912322172us][CH2-Pc    ] E9
[T+5912334213us][CH1-Dispenser] E1 E5 E9 3A 72 CF F8
[T+5912400196us][CH2-Pc    ] F0
[T+5912408784us][CH1-Dispenser] F0 F8
[T+5912478304us][CH1-Dispenser] E0
[T+5912478173us][CH2-Pc    ] E0
[T+5912654309us][CH1-Dispenser] E1
[T+5912654174us][CH2-Pc    ] E1
[T+5912829172us][CH2-Pc    ] F0
[T+5912833172us][CH1-Dispenser] F0 F8
[T+5912908172us][CH2-Pc    ] F1
[T+5912914201us][CH1-Dispenser] F1 F9
[T+5912988172us][CH2-Pc    ] E1
[T+5912992172us][CH1-Dispenser] E1 E5
[T+5913015172us][CH2-Pc    ] E9
[T+5913030178us][CH1-Dispenser] E9 39 74 87 F8
[T+5913104172us][CH2-Pc    ] F0
[T+5913113179us][CH1-Dispenser] F0 F8
[T+5913182308us][CH1-Dispenser] E0
[T+5913182174us][CH2-Pc    ] E0
[T+5913358305us][CH1-Dispenser] E1
[T+5913358173us][CH2-Pc    ] E1
[T+5913532197us][CH2-Pc    ] F0
[T+5913541179us][CH1-Dispenser] F0 F8
[T+5913611172us][CH2-Pc    ] F1
[T+5913619172us][CH1-Dispenser] F1 F9
[T+5913689172us][CH2-Pc    ] E1
[T+5913716172us][CH2-Pc    ] E9
[T+5913728213us][CH1-Dispenser] E1 E5 E9 E9 B9 7A F0
[T+5913794196us][CH2-Pc    ] F0
[T+5913802179us][CH1-Dispenser] F0 F8
[T+5913873309us][CH1-Dispenser] E0
[T+5913873173us][CH2-Pc    ] E0
[T+5914049307us][CH1-Dispenser] E1
[T+5914049173us][CH2-Pc    ] E1
[T+5914225172us][CH2-Pc    ] F0
[T+5914230172us][CH1-Dispenser] F0 F8
[T+5914302197us][CH2-Pc    ] F1
[T+5914309807us][CH1-Dispenser] F1 F9
[T+5914380175us][CH2-Pc    ] E1
[T+5914407172us][CH2-Pc    ] E9
[T+5914420172us][CH1-Dispenser] E1 E5 E9 2A 28 29
[T+5914486203us][CH2-Pc    ] F0
[T+5914494805us][CH1-Dispenser] F0 F8
[T+5914564308us][CH1-Dispenser] E0
[T+5914564173us][CH2-Pc    ] E0
[T+5914741310us][CH1-Dispenser] E1
[T+5914741173us][CH2-Pc    ] E1
[T+5914927197us][CH2-Pc    ] F0
[T+5914934172us][CH1-Dispenser] F0 F8
[T+5915005172us][CH2-Pc    ] F1
[T+5915008172us][CH1-Dispenser] F1 F9
[T+5915072172us][CH2-Pc    ] E1
[T+5915100172us][CH2-Pc    ] E9
[T+5915114176us][CH1-Dispenser] E1 E5 E9 29 74 29
[T+5915189172us][CH2-Pc    ] F0
[T+5915198179us][CH1-Dispenser] F0 F8
[T+5915267304us][CH1-Dispenser] E0
[T+5915267173us][CH2-Pc    ] E0
[T+5915443306us][CH1-Dispenser] E1
[T+5915443173us][CH2-Pc    ] E1
[T+5915607172us][CH2-Pc    ] F0
[T+5915613207us][CH1-Dispenser] F0 F8
[T+5915685172us][CH2-Pc    ] F1
[T+5915689172us][CH1-Dispenser] F1 F9
[T+5915763172us][CH2-Pc    ] E1
[T+5915769200us][CH1-Dispenser] E1 E5
[T+5915790172us][CH2-Pc    ] E9
[T+5915807172us][CH1-Dispenser] E9 B9 29 29
[T+5915880172us][CH2-Pc    ] F0
[T+5915888172us][CH1-Dispenser] F0 F8
[T+5915958305us][CH1-Dispenser] E0
[T+5915958173us][CH2-Pc    ] E0
[T+5916123307us][CH1-Dispenser] E1
[T+5916123173us][CH2-Pc    ] E1
[T+5916299172us][CH2-Pc    ] F0
[T+5916304172us][CH1-Dispenser] F0 F8
[T+5916377172us][CH2-Pc    ] F1
[T+5916383201us][CH1-Dispenser] F1 F9
[T+5916476172us][CH2-Pc    ] E1
[T+5916503196us][CH2-Pc    ] E9
[T+5916514255us][CH1-Dispenser] E1 E5 E9 3A F1 72
[T+5916583172us][CH2-Pc    ] F0
[T+5916593172us][CH1-Dispenser] F0 F8
[T+5916662308us][CH1-Dispenser] E0
[T+5916662173us][CH2-Pc    ] E0
[T+5916825306us][CH1-Dispenser] E1
[T+5916825173us][CH2-Pc    ] E1
[T+5917000173us][CH2-Pc    ] F0
[T+5917004172us][CH1-Dispenser] F0 F8
[T+5917078172us][CH2-Pc    ] F1
[T+5917084200us][CH1-Dispenser] F1 F9
[T+5917156197us][CH2-Pc    ] E1
[T+5917184172us][CH2-Pc    ] E9
[T+5917195783us][CH1-Dispenser] E1 E5 E9 28 79 25
[T+5917262172us][CH2-Pc    ] F0
[T+5917268200us][CH1-Dispenser] F0 F8
[T+5917341304us][CH1-Dispenser] E0
[T+5917341173us][CH2-Pc    ] E0
[T+5917518304us][CH1-Dispenser] E1
[T+5917518173us][CH2-Pc    ] E1
[T+5917692197us][CH2-Pc    ] F0
[T+5917700172us][CH1-Dispenser] F0 F8
[T+5917771172us][CH2-Pc    ] F1
[T+5917781179us][CH1-Dispenser] F1 F9
[T+5917866173us][CH2-Pc    ] E1 E9
[T+5917879172us][CH1-Dispenser] E1 E5 E9 39 ED 72
[T+5917944172us][CH2-Pc    ] F0
[T+5917953172us][CH1-Dispenser] F0 F8
[T+5918023306us][CH1-Dispenser] E0
[T+5918023173us][CH2-Pc    ] E0
[T+5918208307us][CH1-Dispenser] E1
[T+5918208173us][CH2-Pc    ] E1
[T+5918375214us][CH2-Pc    ] F0
[T+5918379178us][CH1-Dispenser] F0 F8
[T+5918454172us][CH2-Pc    ] F1
[T+5918459172us][CH1-Dispenser] F1 F9
[T+5918532172us][CH2-Pc    ] E1
[T+5918537172us][CH1-Dispenser] E1 E5
[T+5918560172us][CH2-Pc    ] E9
[T+5918573172us][CH1-Dispenser] E9 B9 6A 35
[T+5918640172us][CH2-Pc    ] F0
[T+5918647172us][CH1-Dispenser] F0 F8
[T+5918728306us][CH1-Dispenser] E0
[T+5918728174us][CH2-Pc    ] E0
[T+5918902305us][CH1-Dispenser] E1
[T+5918902173us][CH2-Pc    ] E1
[T+5919078172us][CH2-Pc    ] F0
[T+5919086172us][CH1-Dispenser] F0 F8
[T+5919156172us][CH2-Pc    ] F1
[T+5919165172us][CH1-Dispenser] F1 F9
[T+5919235172us][CH2-Pc    ] E1
[T+5919262172us][CH2-Pc    ] E9
[T+5919273179us][CH1-Dispenser] E1 E5 E9 FA 28 35
[T+5919342172us][CH2-Pc    ] F0
[T+5919347172us][CH1-Dispenser] F0 F8
[T+5919420307us][CH1-Dispenser] E0
[T+5919420173us][CH2-Pc    ] E0
[T+5919595307us][CH1-Dispenser] E1
[T+5919595173us][CH2-Pc    ] E1
[T+5919777172us][CH2-Pc    ] F0
[T+5919785172us][CH1-Dispenser] F0 F8
[T+5919855172us][CH2-Pc    ] F1
[T+5919859172us][CH1-Dispenser] F1 F9
[T+5919933172us][CH2-Pc    ] E1
[T+5919938173us][CH1-Dispenser] E1 E5
[T+5919960172us][CH2-Pc    ] E9
[T+5919975172us][CH1-Dispenser] E9 F9 28 B5
[T+5920052172us][CH1-Dispenser] F0 F8
[T+5920049172us][CH2-Pc    ] F0
[T+5920116306us][CH1-Dispenser] E0
[T+5920116173us][CH2-Pc    ] E0
[T+5920302306us][CH1-Dispenser] E1
[T+5920302173us][CH2-Pc    ] E1
[T+5920467172us][CH2-Pc    ] F0
[T+5920475172us][CH1-Dispenser] F0 F8
[T+5920545172us][CH2-Pc    ] F1
[T+5920549172us][CH1-Dispenser] F1 F9
[T+5920623172us][CH2-Pc    ] E1
[T+5920627172us][CH1-Dispenser] E1 E5
[T+5920651197us][CH2-Pc    ] E9
[T+5920663213us][CH1-Dispenser] E9 28 37 35
[T+5920732174us][CH1-Dispenser] F0 F8
[T+5920729172us][CH2-Pc    ] F0
[T+5920797305us][CH1-Dispenser] E0
[T+5920797173us][CH2-Pc    ] E0
[T+5920972308us][CH1-Dispenser] E1
[T+5920972174us][CH2-Pc    ] E1
[T+5921136172us][CH2-Pc    ] F0
[T+5921140172us][CH1-Dispenser] F0 F8
[T+5921214172us][CH2-Pc    ] F1
[T+5921219172us][CH1-Dispenser] F1 F9
[T+5921292172us][CH2-Pc    ] E1
[T+5921298201us][CH1-Dispenser] E1 E5
[T+5921319172us][CH2-Pc    ] E9
[T+5921334172us][CH1-Dispenser] E9 79 3A 35
[T+5921409172us][CH2-Pc    ] F0
[T+5921419181us][CH1-Dispenser] F0 F8
[T+5921487304us][CH1-Dispenser] E0
[T+5921487173us][CH2-Pc    ] E0
[T+5921652413us][CH1-Dispenser] E1
[T+5921652173us][CH2-Pc    ] E1
[T+5921827172us][CH2-Pc    ] F0
[T+5921835804us][CH1-Dispenser] F0 F8
[T+5921909175us][CH1-Dispenser] F1 F9
[T+5921906172us][CH2-Pc    ] F1
[T+5921984172us][CH2-Pc    ] E1
[T+5921989172us][CH1-Dispenser] E1 E5
[T+5922011172us][CH2-Pc    ] E9
[T+5922023810us][CH1-Dispenser] E9 28 79 29
[T+5922090172us][CH2-Pc    ] F0
[T+5922097172us][CH1-Dispenser] F0 F8
[T+5922168315us][CH1-Dispenser] E0
[T+5922168177us][CH2-Pc    ] E0
[T+5922344306us][CH1-Dispenser] E1
[T+5922344173us][CH2-Pc    ] E1
[T+5922519172us][CH2-Pc    ] F0
[T+5922524172us][CH1-Dispenser] F0 F8
[T+5922597172us][CH2-Pc    ] F1
[T+5922606800us][CH1-Dispenser] F1 F9
[T+5922675172us][CH2-Pc    ] E1
[T+5922702197us][CH2-Pc    ] E9
[T+5922714214us][CH1-Dispenser] E1 E5 E9 A8 78 29
[T+5922787172us][CH2-Pc    ] F0
[T+5922794172us][CH1-Dispenser] F0 F8
[T+5922865304us][CH1-Dispenser] E0
[T+5922865173us][CH2-Pc    ] E0
[T+5923071304us][CH1-Dispenser] E1
[T+5923071173us][CH2-Pc    ] E1
[T+5923246196us][CH2-Pc    ] F0
[T+5923257180us][CH1-Dispenser] F0 F8
[T+5923324172us][CH2-Pc    ] F1
[T+5923329172us][CH1-Dispenser] F1 F9
[T+5923403172us][CH2-Pc    ] E1
[T+5923431196us][CH2-Pc    ] E9
[T+5923444173us][CH1-Dispenser] E1 E5 E9 2A 70 29
[T+5923513172us][CH1-Dispenser] F0 F8
[T+5923509172us][CH2-Pc    ] F0
[T+5923588304us][CH1-Dispenser] E0
[T+5923588173us][CH2-Pc    ] E0
[T+5923763307us][CH1-Dispenser] E1
[T+5923763173us][CH2-Pc    ] E1
[T+5923938172us][CH2-Pc    ] F0
[T+5923943173us][CH1-Dispenser] F0 F8
[T+5924016172us][CH2-Pc    ] F1
[T+5924019172us][CH1-Dispenser] F1 F9
[T+5924109196us][CH2-Pc    ] E1 E9
[T+5924124172us][CH1-Dispenser] E1 E5 E9 AA 33 AB F8
[T+5924189172us][CH2-Pc    ] F0
[T+5924198772us][CH1-Dispenser] F0 F8
[T+5924268305us][CH1-Dispenser] E0
[T+5924268173us][CH2-Pc    ] E0
[T+5924433306us][CH1-Dispenser] E1
[T+5924433173us][CH2-Pc    ] E1
[T+5924608172us][CH2-Pc    ] F0
[T+5924616172us][CH1-Dispenser] F0 F8
[T+5924687172us][CH2-Pc    ] F1
[T+5924695172us][CH1-Dispenser] F1 F9
[T+5924765172us][CH2-Pc    ] E1
[T+5924792172us][CH2-Pc    ] E9
[T+5924804213us][CH1-Dispenser] E1 E5 E9 A9 B1 93 F8
[T+5924871172us][CH2-Pc    ] F0
[T+5924878172us][CH1-Dispenser] F0 F8
[T+5924949307us][CH1-Dispenser] E0
[T+5924949173us][CH2-Pc    ] E0
[T+5925124306us][CH1-Dispenser] E1
[T+5925124173us][CH2-Pc    ] E1
[T+5925300172us][CH2-Pc    ] F0
[T+5925304172us][CH1-Dispenser] F0 F8
[T+5925378172us][CH2-Pc    ] F1
[T+5925385172us][CH1-Dispenser] F1 F9
[T+5925456172us][CH2-Pc    ] E1
[T+5925462200us][CH1-Dispenser] E1 E5
[T+5925483862us][CH2-Pc    ] E9
[T+5925495645us][CH1-Dispenser] E9 39 76 93 F8
[T+5925563172us][CH2-Pc    ] F0
[T+5925571179us][CH1-Dispenser] F0 F8
[T+5925641306us][CH1-Dispenser] E0
[T+5925641174us][CH2-Pc    ] E0
[T+5925809305us][CH1-Dispenser] E1
[T+5925809173us][CH2-Pc    ] E1
[T+5925984172us][CH2-Pc    ] F0
[T+5925989173us][CH1-Dispenser] F0 F8
[T+5926062172us][CH2-Pc    ] F1
[T+5926070179us][CH1-Dispenser] F1 E9
[T+5926141172us][CH2-Pc    ] E1
[T+5926168172us][CH2-Pc    ] E9
[T+5926180213us][CH1-Dispenser] E1 E5 E9 79 BA 35
[T+5926246196us][CH2-Pc    ] F0
[T+5926252202us][CH1-Dispenser] F0 F8
[T+5926324304us][CH1-Dispenser] E0
[T+5926324173us][CH2-Pc    ] E0
[T+5926499307us][CH1-Dispenser] E1
[T+5926499173us][CH2-Pc    ] E1
[T+5926674172us][CH2-Pc    ] F0
[T+5926682172us][CH1-Dispenser] F0 F8
[T+5926752172us][CH2-Pc    ] F1
[T+5926760172us][CH1-Dispenser] F1 F9
[T+5926830172us][CH2-Pc    ] E1
[T+5926858172us][CH2-Pc    ] E9
[T+5926869179us][CH1-Dispenser] E1 E5 E9 EA 35 0F F0
[T+5926935197us][CH2-Pc    ] F0
[T+5926943775us][CH1-Dispenser] F0 F8
[T+5927014305us][CH1-Dispenser] E0
[T+5927014174us][CH2-Pc    ] E0
[T+5927188308us][CH1-Dispenser] E1
[T+5927188173us][CH2-Pc    ] E1
[T+5927363172us][CH2-Pc    ] F0
[T+5927371172us][CH1-Dispenser] F0 F8
[T+5927441172us][CH2-Pc    ] F1
[T+5927450172us][CH1-Dispenser] F1 F9
[T+5927519172us][CH2-Pc    ] E1
[T+5927524172us][CH1-Dispenser] E1 E5
[T+5927547172us][CH2-Pc    ] E9
[T+5927560172us][CH1-Dispenser] E9 A8 38 29
[T+5927625172us][CH2-Pc    ] F0
[T+5927634215us][CH1-Dispenser] F0 F8
[T+5927703309us][CH1-Dispenser] E0
[T+5927703173us][CH2-Pc    ] E0
[T+5927880306us][CH1-Dispenser] E1
[T+5927880173us][CH2-Pc    ] E1
[T+5928045172us][CH2-Pc    ] F0
[T+5928050172us][CH1-Dispenser] F0 F8
[T+5928123172us][CH2-Pc    ] F1
[T+5928131172us][CH1-Dispenser] F1 F9
[T+5928201172us][CH2-Pc    ] E1
[T+5928229172us][CH2-Pc    ] E9
[T+5928240780us][CH1-Dispenser] E1 E5 E9 39 39 AF F8
[T+5928307172us][CH2-Pc    ] F0
[T+5928314172us][CH1-Dispenser] F0 F8
[T+5928385304us][CH1-Dispenser] E0
[T+5928385173us][CH2-Pc    ] E0
[T+5928560306us][CH1-Dispenser] E1
[T+5928560173us][CH2-Pc    ] E1
[T+5928734197us][CH2-Pc    ] F0
[T+5928740201us][CH1-Dispenser] F0 F8
[T+5928812197us][CH2-Pc    ] F1
[T+5928819172us][CH1-Dispenser] F1 F9
[T+5928890179us][CH2-Pc    ] E1
[T+5928898775us][CH1-Dispenser] E1 E5
[T+5928919172us][CH2-Pc    ] E9
[T+5928929172us][CH1-Dispenser] E9 A9 A8 29
[T+5928998172us][CH2-Pc    ] F0
[T+5929003172us][CH1-Dispenser] F0 F8
[T+5929076305us][CH1-Dispenser] E0
[T+5929076173us][CH2-Pc    ] E0
[T+5929251308us][CH1-Dispenser] E1
[T+5929251174us][CH2-Pc    ] E1
[T+5929426173us][CH2-Pc    ] F0
[T+5929430173us][CH1-Dispenser] F0 F8
[T+5929504172us][CH2-Pc    ] F1
[T+5929509172us][CH1-Dispenser] F1 F9
[T+5929582172us][CH2-Pc    ] E1
[T+5929609172us][CH2-Pc    ] E9
[T+5929619179us][CH1-Dispenser] E1 E5 E9 7A 31 AF F8
[T+5929688172us][CH2-Pc    ] F0
[T+5929693173us][CH1-Dispenser] F0 F8
[T+5929767308us][CH1-Dispenser] E0
[T+5929767173us][CH2-Pc    ] E0
[T+5929937173us][CH1-Dispenser] E1
[T+5929936173us][CH2-Pc    ] E1
[T+5930111172us][CH2-Pc    ] F0
[T+5930115172us][CH1-Dispenser] F0 F8
[T+5930189172us][CH2-Pc    ] F1
[T+5930194172us][CH1-Dispenser] F1 E9
[T+5930267172us][CH2-Pc    ] E1
[T+5930274172us][CH1-Dispenser] E1 E5
[T+5930295172us][CH2-Pc    ] E9
[T+5930310172us][CH1-Dispenser] E9 29 A9 29
[T+5930387172us][CH2-Pc    ] F0
[T+5930393201us][CH1-Dispenser] F0 F8
[T+5930465310us][CH1-Dispenser] E0
[T+5930465174us][CH2-Pc    ] E0
[T+5930640172us][CH1-Dispenser] E1
[T+5930639174us][CH2-Pc    ] E1
[T+5930816172us][CH2-Pc    ] F0
[T+5930823172us][CH1-Dispenser] F0 F8
[T+5930896218us][CH2-Pc    ] F1
[T+5930902970us][CH1-Dispenser] F1 F9
[T+5930973282us][CH2-Pc    ] E1
[T+5930979204us][CH1-Dispenser] E1 E5
[T+5931000172us][CH2-Pc    ] E9
[T+5931015244us][CH1-Dispenser] E9 79 BA 29
[T+5931091172us][CH2-Pc    ] F0
[T+5931098172us][CH1-Dispenser] F0 F8
[T+5931169306us][CH1-Dispenser] E0
[T+5931169173us][CH2-Pc    ] E0
[T+5931344306us][CH1-Dispenser] E1
[T+5931344173us][CH2-Pc    ] E1
[T+5931528172us][CH2-Pc    ] F0
[T+5931535172us][CH1-Dispenser] F0 F8
[T+5931606172us][CH2-Pc    ] F1
[T+5931610172us][CH1-Dispenser] F1 F9
[T+5931700197us][CH2-Pc    ] E1 E9
[T+5931715172us][CH1-Dispenser] E1 E5 E9 EA 35 AB F8
[T+5931787196us][CH2-Pc    ] F0
[T+5931794172us][CH1-Dispenser] F0 F8
[T+5931865304us][CH1-Dispenser] E0
[T+5931865173us][CH2-Pc    ] E0
[T+5932051308us][CH1-Dispenser] E1
[T+5932051173us][CH2-Pc    ] E1
[T+5932215172us][CH2-Pc    ] F0
[T+5932220174us][CH1-Dispenser] F0 E8
[T+5932293172us][CH2-Pc    ] F1
[T+5932301172us][CH1-Dispenser] F1 F9
[T+5932371172us][CH2-Pc    ] E1
[T+5932398172us][CH2-Pc    ] E9
[T+5932409179us][CH1-Dispenser] E1 E5 E9 A8 F8 4B
[T+5932477172us][CH2-Pc    ] F0
[T+5932483202us][CH1-Dispenser] F0 F8
[T+5932555304us][CH1-Dispenser] E0
[T+5932555173us][CH2-Pc    ] E0
[T+5932730173us][CH1-Dispenser] E1
[T+5932729173us][CH2-Pc    ] E1
[T+5932904197us][CH2-Pc    ] F0
[T+5932911172us][CH1-Dispenser] F0 F8
[T+5932982172us][CH2-Pc    ] F1
[T+5932991172us][CH1-Dispenser] F1 F9
[T+5933060172us][CH2-Pc    ] E1
[T+5933088172us][CH2-Pc    ] E9
[T+5933103567us][CH1-Dispenser] E1 E5 E9 38 AA 35
[T+5933177172us][CH2-Pc    ] F0
[T+5933183202us][CH1-Dispenser] F0 F8
[T+5933255305us][CH1-Dispenser] E0
[T+5933255173us][CH2-Pc    ] E0
[T+5933420310us][CH1-Dispenser] E1
[T+5933420175us][CH2-Pc    ] E1
[T+5933595172us][CH2-Pc    ] F0
[T+5933601200us][CH1-Dispenser] F0 F8
[T+5933674172us][CH2-Pc    ] F1
[T+5933681172us][CH1-Dispenser] F1 F9
[T+5933752172us][CH2-Pc    ] E1
[T+5933780172us][CH2-Pc    ] E9
[T+5933794172us][CH1-Dispenser] E1 E5 E9 AA 23 95 F8
[T+5933859172us][CH2-Pc    ] F0
[T+5933865200us][CH1-Dispenser] F0 F8
[T+5933938306us][CH1-Dispenser] E0
[T+5933938173us][CH2-Pc    ] E0
[T+5934127309us][CH1-Dispenser] E1
[T+5934127173us][CH2-Pc    ] E1
[T+5934322172us][CH2-Pc    ] F0
[T+5934329172us][CH1-Dispenser] F0 F8
[T+5934401173us][CH2-Pc    ] F1
[T+5934405172us][CH1-Dispenser] F1 F9
[T+5934479172us][CH2-Pc    ] E1
[T+5934503172us][CH2-Pc    ] E9
[T+5934514179us][CH1-Dispenser] E1 E5 E9 68 28 B5
[T+5934582172us][CH2-Pc    ] F0
[T+5934591172us][CH1-Dispenser] F0 F8
[T+5934660314us][CH1-Dispenser] E0
[T+5934660175us][CH2-Pc    ] E0
[T+5934824309us][CH1-Dispenser] E1
[T+5934824173us][CH2-Pc    ] E1
[T+5934999172us][CH2-Pc    ] F0
[T+5935005200us][CH1-Dispenser] F0 F8
[T+5935077197us][CH2-Pc    ] F1
[T+5935084172us][CH1-Dispenser] F1 F9
[T+5935176172us][CH2-Pc    ] E1
[T+5935203538us][CH2-Pc    ] E9
[T+5935215213us][CH1-Dispenser] E1 E5 E9 79 E9 C5
[T+5935282175us][CH2-Pc    ] F0
[T+5935287179us][CH1-Dispenser] F0 F8
[T+5935361307us][CH1-Dispenser] E0
[T+5935361173us][CH2-Pc    ] E0
[T+5935536304us][CH1-Dispenser] E1
[T+5935536173us][CH2-Pc    ] E1
[T+5935700172us][CH2-Pc    ] F0
[T+5935704173us][CH1-Dispenser] F0 F8
[T+5935778172us][CH2-Pc    ] F1
[T+5935785269us][CH1-Dispenser] F1 F9
[T+5935856172us][CH2-Pc    ] E1
[T+5935884172us][CH2-Pc    ] E9
[T+5935895179us][CH1-Dispenser] E1 E5 E9 79 3A 72
[T+5935963172us][CH2-Pc    ] F0
[T+5935971172us][CH1-Dispenser] F0 F8
[T+5936041304us][CH1-Dispenser] E0
[T+5936041173us][CH2-Pc    ] E0
[T+5936218172us][CH1-Dispenser] E1
[T+5936217172us][CH2-Pc    ] E1
[T+5936393172us][CH2-Pc    ] F0
[T+5936400910us][CH1-Dispenser] F0 F8
[T+5936475172us][CH1-Dispenser] F1 F9
[T+5936471172us][CH2-Pc    ] F1
[T+5936550172us][CH2-Pc    ] E1
[T+5936555172us][CH1-Dispenser] E1 E5
[T+5936577172us][CH2-Pc    ] E9
[T+5936591172us][CH1-Dispenser] E9 78 69 29
[T+5936666172us][CH2-Pc    ] F0
[T+5936674179us][CH1-Dispenser] F0 F8
[T+5936745304us][CH1-Dispenser] E0
[T+5936745173us][CH2-Pc    ] E0
[T+5936921306us][CH1-Dispenser] E1
[T+5936921173us][CH2-Pc    ] E1
[T+5937096172us][CH2-Pc    ] F0
[T+5937101172us][CH1-Dispenser] F0 F8
[T+5937174172us][CH2-Pc    ] F1
[T+5937180201us][CH1-Dispenser] F1 F9
[T+5937254172us][CH2-Pc    ] E1
[T+5937258172us][CH1-Dispenser] E1 E5
[T+5937281172us][CH2-Pc    ] E9
[T+5937295173us][CH1-Dispenser] E9 E9 F4 C7 F8
[T+5937373196us][CH2-Pc    ] F0
[T+5937379210us][CH1-Dispenser] F0 F8
[T+5937451306us][CH1-Dispenser] E0
[T+5937451174us][CH2-Pc    ] E0
[T+5937626400us][CH1-Dispenser] E1
[T+5937626538us][CH2-Pc    ] E1
[T+5937811172us][CH2-Pc    ] F0
[T+5937818805us][CH1-Dispenser] F0 F8
[T+5937889172us][CH2-Pc    ] F1
[T+5937895200us][CH1-Dispenser] F1 F9
[T+5937968172us][CH2-Pc    ] E1
[T+5937995172us][CH2-Pc    ] E9
[T+5938009172us][CH1-Dispenser] E1 E5 E9 38 2A 29
[T+5938073172us][CH2-Pc    ] F0
[T+5938079201us][CH1-Dispenser] F0 F8
[T+5938151307us][CH1-Dispenser] E0
[T+5938151174us][CH2-Pc    ] E0
[T+5938326307us][CH1-Dispenser] E1
[T+5938326173us][CH2-Pc    ] E1
[T+5938501172us][CH2-Pc    ] F0
[T+5938506173us][CH1-Dispenser] F0 F8
[T+5938579172us][CH2-Pc    ] F1
[T+5938585200us][CH1-Dispenser] F1 F9
[T+5938657200us][CH2-Pc    ] E1
[T+5938663200us][CH1-Dispenser] E1 E5
[T+5938684176us][CH2-Pc    ] E9
[T+5938694703us][CH1-Dispenser] E9 AA B3 39
[T+5938764172us][CH2-Pc    ] F0
[T+5938768172us][CH1-Dispenser] F0 F8
[T+5938843306us][CH1-Dispenser] E0
[T+5938843173us][CH2-Pc    ] E0
[T+5939018308us][CH1-Dispenser] E1
[T+5939018173us][CH2-Pc    ] E1
[T+5939182172us][CH2-Pc    ] F0
[T+5939193179us][CH1-Dispenser] F0 F8
[T+5939265172us][CH1-Dispenser] F1 F9
[T+5939261172us][CH2-Pc    ] F1
[T+5939339172us][CH2-Pc    ] E1
[T+5939343172us][CH1-Dispenser] E1 E5
[T+5939366172us][CH2-Pc    ] E9
[T+5939383172us][CH1-Dispenser] E9 68 28 39
[T+5939455172us][CH2-Pc    ] F0
[T+5939459172us][CH1-Dispenser] F0 F8
[T+5939533305us][CH1-Dispenser] E0
[T+5939533173us][CH2-Pc    ] E0
[T+5939699305us][CH1-Dispenser] E1
[T+5939699173us][CH2-Pc    ] E1
[T+5939874172us][CH2-Pc    ] F0
[T+5939881172us][CH1-Dispenser] F0 F8
[T+5939952172us][CH2-Pc    ] F1
[T+5939955172us][CH1-Dispenser] F1 F9
[T+5940019172us][CH2-Pc    ] E1
[T+5940047172us][CH2-Pc    ] E9
[T+5940061172us][CH1-Dispenser] E1 E5 E9 29 29 39
[T+5940136172us][CH2-Pc    ] F0
[T+5940144172us][CH1-Dispenser] F0 F8
[T+5940214304us][CH1-Dispenser] E0
[T+5940214173us][CH2-Pc    ] E0
[T+5940388307us][CH1-Dispenser] E1
[T+5940388173us][CH2-Pc    ] E1
[T+5940564172us][CH2-Pc    ] F0
[T+5940571172us][CH1-Dispenser] F0 F8
[T+5940642172us][CH2-Pc    ] F1
[T+5940650179us][CH1-Dispenser] F1 F9
[T+5940720172us][CH2-Pc    ] E1
[T+5940748172us][CH2-Pc    ] E9
[T+5940761172us][CH1-Dispenser] E1 E5 E9 79 3A 39
[T+5940826172us][CH2-Pc    ] F0
[T+5940835179us][CH1-Dispenser] F0 F8
[T+5940908313us][CH1-Dispenser] E0
[T+5940908175us][CH2-Pc    ] E0
[T+5941084306us][CH1-Dispenser] E1
[T+5941084173us][CH2-Pc    ] E1
[T+5941269172us][CH2-Pc    ] F0
[T+5941278172us][CH1-Dispenser] F0 F8
[T+5941347172us][CH2-Pc    ] F1
[T+5941357803us][CH1-Dispenser] F1 F9
[T+5941425172us][CH2-Pc    ] E1
[T+5941453197us][CH2-Pc    ] E9
[T+5941468172us][CH1-Dispenser] E1 E5 E9 78 69 77
[T+5941542172us][CH2-Pc    ] F0
[T+5941549172us][CH1-Dispenser] F0 F8
[T+5941620580us][CH1-Dispenser] E0
[T+5941620444us][CH2-Pc    ] E0
[T+5941795309us][CH1-Dispenser] E1
[T+5941795173us][CH2-Pc    ] E1
[T+5941983172us][CH2-Pc    ] F0
[T+5941993808us][CH1-Dispenser] F0 F8
[T+5942061172us][CH2-Pc    ] F1
[T+5942065172us][CH1-Dispenser] F1 F9
[T+5942139172us][CH2-Pc    ] E1
[T+5942144172us][CH1-Dispenser] E1 E5
[T+5942167176us][CH2-Pc    ] E9
[T+5942180172us][CH1-Dispenser] E9 28 73 77
[T+5942246196us][CH2-Pc    ] F0
[T+5942254172us][CH1-Dispenser] F0 F8
[T+5942324305us][CH1-Dispenser] E0
[T+5942324173us][CH2-Pc    ] E0
[T+5942499307us][CH1-Dispenser] E1
[T+5942499174us][CH2-Pc    ] E1
[T+5942675172us][CH2-Pc    ] F0
[T+5942681201us][CH1-Dispenser] F0 F8
[T+5942754172us][CH2-Pc    ] F1
[T+5942762172us][CH1-Dispenser] F1 F9
[T+5942833172us][CH2-Pc    ] E1
[T+5942860172us][CH2-Pc    ] E9
[T+5942871179us][CH1-Dispenser] E1 E5 E9 F8 6A F7
[T+5942950172us][CH2-Pc    ] F0
[T+5942954173us][CH1-Dispenser] F0 F8
[T+5943029307us][CH1-Dispenser] E0
[T+5943029173us][CH2-Pc    ] E0
[T+5943205306us][CH1-Dispenser] E1
[T+5943205173us][CH2-Pc    ] E1
[T+5943380172us][CH2-Pc    ] F0
[T+5943386200us][CH1-Dispenser] F0 F8
[T+5943459172us][CH2-Pc    ] F1
[T+5943465212us][CH1-Dispenser] F1 E9
[T+5943537196us][CH2-Pc    ] E1
[T+5943565172us][CH2-Pc    ] E9
[T+5943578172us][CH1-Dispenser] E1 E5 E9 BA 33 F7
[T+5943643299us][CH2-Pc    ] F0
[T+5943650172us][CH1-Dispenser] F0 F8
[T+5943721304us][CH1-Dispenser] E0
[T+5943721173us][CH2-Pc    ] E0
[T+5943886306us][CH1-Dispenser] E1
[T+5943886173us][CH2-Pc    ] E1
[T+5944060172us][CH2-Pc    ] F0
[T+5944065172us][CH1-Dispenser] F0 F8
[T+5944138172us][CH2-Pc    ] F1
[T+5944146179us][CH1-Dispenser] F1 F9
[T+5944216172us][CH2-Pc    ] E1
[T+5944245172us][CH2-Pc    ] E9
[T+5944256179us][CH1-Dispenser] E1 E5 E9 A8 28 72
[T+5944323172us][CH2-Pc    ] F0
[T+5944330800us][CH1-Dispenser] F0 F8
[T+5944401307us][CH1-Dispenser] E0
[T+5944401174us][CH2-Pc    ] E0
[T+5944577306us][CH1-Dispenser] E1
[T+5944577173us][CH2-Pc    ] E1
[T+5944752173us][CH2-Pc    ] F0
[T+5944755172us][CH1-Dispenser] F0 F8
[T+5944819172us][CH2-Pc    ] F1
[T+5944827172us][CH1-Dispenser] F1 F9
[T+5944897313us][CH2-Pc    ] E1
[T+5944924172us][CH2-Pc    ] E9
[T+5944937172us][CH1-Dispenser] E1 E5 E9 68 ED BE F8
[T+5945003173us][CH2-Pc    ] F0
[T+5945008172us][CH1-Dispenser] F0 F8
[T+5945082304us][CH1-Dispenser] E0
[T+5945082173us][CH2-Pc    ] E0
[T+5945250305us][CH1-Dispenser] E1
[T+5945250173us][CH2-Pc    ] E1
[T+5945424197us][CH2-Pc    ] F0
[T+5945431172us][CH1-Dispenser] F0 F8
[T+5945503196us][CH2-Pc    ] F1
[T+5945510172us][CH1-Dispenser] F1 F9
[T+5945581172us][CH2-Pc    ] E1
[T+5945608172us][CH2-Pc    ] E9
[T+5945621172us][CH1-Dispenser] E1 E5 E9 38 70 72
[T+5945686172us][CH2-Pc    ] F0
[T+5945695172us][CH1-Dispenser] F0 F8
[T+5945764305us][CH1-Dispenser] E0
[T+5945764173us][CH2-Pc    ] E0
[T+5945935306us][CH1-Dispenser] E1
[T+5945935173us][CH2-Pc    ] E1
[T+5946110172us][CH2-Pc    ] F0
[T+5946115172us][CH1-Dispenser] F0 F8
[T+5946188172us][CH2-Pc    ] F1
[T+5946197673us][CH1-Dispenser] F1 F9
[T+5946266172us][CH2-Pc    ] E1
[T+5946293196us][CH2-Pc    ] E9
[T+5946308172us][CH1-Dispenser] E1 E5 E9 A9 69 39
[T+5946383172us][CH2-Pc    ] F0
[T+5946389200us][CH1-Dispenser] F0 F8
[T+5946462305us][CH1-Dispenser] E0
[T+5946462174us][CH2-Pc    ] E0
[T+5946637308us][CH1-Dispenser] E1
[T+5946637173us][CH2-Pc    ] E1
[T+5946812172us][CH2-Pc    ] F0
[T+5946816172us][CH1-Dispenser] F0 F8
[T+5946890172us][CH2-Pc    ] F1
[T+5946897172us][CH1-Dispenser] F1 F9
[T+5946968172us][CH2-Pc    ] E1
[T+5946996172us][CH2-Pc    ] E9
[T+5947006172us][CH1-Dispenser] E1 E5 E9 A9 74 39
[T+5947075172us][CH2-Pc    ] F0
[T+5947080172us][CH1-Dispenser] F0 F8
[T+5947153311us][CH1-Dispenser] E0
[T+5947153174us][CH2-Pc    ] E0
[T+5947328307us][CH1-Dispenser] E1
[T+5947328173us][CH2-Pc    ] E1
[T+5947504172us][CH2-Pc    ] F0
[T+5947510202us][CH1-Dispenser] F0 F8
[T+5947583172us][CH2-Pc    ] F1
[T+5947591172us][CH1-Dispenser] F1 F9
[T+5947661172us][CH2-Pc    ] E1
[T+5947689172us][CH2-Pc    ] E9
[T+5947700772us][CH1-Dispenser] E1 E5 E9 A9 AA 39
[T+5947766206us][CH2-Pc    ] F0
[T+5947774172us][CH1-Dispenser] F0 F8
[T+5947844304us][CH1-Dispenser] E0
[T+5947844173us][CH2-Pc    ] E0
[T+5948020305us][CH1-Dispenser] E1
[T+5948020174us][CH2-Pc    ] E1
[T+5948184172us][CH2-Pc    ] F0
[T+5948191172us][CH1-Dispenser] F0 F8
[T+5948262172us][CH2-Pc    ] F1
[T+5948267172us][CH1-Dispenser] F1 F9
[T+5948341172us][CH2-Pc    ] E1
[T+5948366172us][CH2-Pc    ] E9
[T+5948375181us][CH1-Dispenser] E1 E5 E9 39 33 BB F8
[T+5948449172us][CH1-Dispenser] F0 F8
[T+5948445172us][CH2-Pc    ] F0
[T+5948523306us][CH1-Dispenser] E0
[T+5948523173us][CH2-Pc    ] E0
[T+5948698307us][CH1-Dispenser] E1
[T+5948698173us][CH2-Pc    ] E1
[T+5948873172us][CH2-Pc    ] F0
[T+5948878177us][CH1-Dispenser] F0 F8
[T+5948957180us][CH1-Dispenser] F1 F9
[T+5948953142us][CH2-Pc    ] F1
[T+5949030174us][CH2-Pc    ] E1
[T+5949035180us][CH1-Dispenser] E1 E5
[T+5949056172us][CH2-Pc    ] E9
[T+5949071179us][CH1-Dispenser] E9 69 39 72
[T+5949145172us][CH2-Pc    ] F0
[T+5949148173us][CH1-Dispenser] F0 F8
[T+5949212305us][CH1-Dispenser] E0
[T+5949212173us][CH2-Pc    ] E0
[T+5949387304us][CH1-Dispenser] E1
[T+5949387173us][CH2-Pc    ] E1
[T+5949566172us][CH1-Dispenser] F0 F8
[T+5949562172us][CH2-Pc    ] F0
[T+5949640172us][CH2-Pc    ] F1
[T+5949647172us][CH1-Dispenser] F1 F9
[T+5949718172us][CH2-Pc    ] E1
[T+5949746172us][CH2-Pc    ] E9
[T+5949756179us][CH1-Dispenser] E1 E5 E9 38 76 93 F8
[T+5949826172us][CH2-Pc    ] F0
[T+5949830172us][CH1-Dispenser] F0 F8
[T+5949905304us][CH1-Dispenser] E0
[T+5949905173us][CH2-Pc    ] E0
[T+5950081172us][CH1-Dispenser] E1
[T+5950080172us][CH2-Pc    ] E1
[T+5950245172us][CH2-Pc    ] F0
[T+5950252172us][CH1-Dispenser] F0 F8
[T+5950326291us][CH1-Dispenser] F1 F9
[T+5950323172us][CH2-Pc    ] F1
[T+5950401172us][CH2-Pc    ] E1
[T+5950405172us][CH1-Dispenser] E1 E5
[T+5950428196us][CH2-Pc    ] E9
[T+5950441172us][CH1-Dispenser] E9 A9 BA 77
[T+5950508172us][CH2-Pc    ] F0
[T+5950514201us][CH1-Dispenser] F0 F8
[T+5950586307us][CH1-Dispenser] E0
[T+5950586173us][CH2-Pc    ] E0
[T+5950762304us][CH1-Dispenser] E1
[T+5950762173us][CH2-Pc    ] E1
[T+5950937172us][CH2-Pc    ] F0
[T+5950941175us][CH1-Dispenser] F0 F8
[T+5951015172us][CH2-Pc    ] F1
[T+5951024784us][CH1-Dispenser] F1 F9
[T+5951094172us][CH2-Pc    ] E1
[T+5951099172us][CH1-Dispenser] E1 E5
[T+5951122172us][CH2-Pc    ] E9
[T+5951137172us][CH1-Dispenser] E9 39 29 39
[T+5951211172us][CH2-Pc    ] F0
[T+5951220774us][CH1-Dispenser] F0 F8
[T+5951290172us][CH1-Dispenser] E0
[T+5951289173us][CH2-Pc    ] E0
[T+5951464306us][CH1-Dispenser] E1
[T+5951464173us][CH2-Pc    ] E1
[T+5951639196us][CH2-Pc    ] F0
[T+5951647179us][CH1-Dispenser] F0 F8
[T+5951721172us][CH1-Dispenser] F1 F9
[T+5951717172us][CH2-Pc    ] F1
[T+5951795172us][CH2-Pc    ] E1
[T+5951799172us][CH1-Dispenser] E1 E5
[T+5951823327us][CH2-Pc    ] E9
[T+5951835213us][CH1-Dispenser] E9 7A F8 39
[T+5951902172us][CH2-Pc    ] F0
[T+5951909794us][CH1-Dispenser] F0 F8
[T+5951980306us][CH1-Dispenser] E0
[T+5951980174us][CH2-Pc    ] E0
[T+5952155308us][CH1-Dispenser] E1
[T+5952155173us][CH2-Pc    ] E1
[T+5952324935us][CH2-Pc    ] F0
[T+5952333180us][CH1-Dispenser] F0 F8
[T+5952402172us][CH2-Pc    ] F1
[T+5952407172us][CH1-Dispenser] F1 F9
[T+5952480172us][CH2-Pc    ] E1
[T+5952484172us][CH1-Dispenser] E1 E5
[T+5952507172us][CH2-Pc    ] E9
[T+5952523172us][CH1-Dispenser] E9 38 70 97 F8
[T+5952596172us][CH2-Pc    ] F0
[T+5952600172us][CH1-Dispenser] F0 F8
[T+5952674305us][CH1-Dispenser] E0
[T+5952674173us][CH2-Pc    ] E0
[T+5952838307us][CH1-Dispenser] E1
[T+5952838173us][CH2-Pc    ] E1
[T+5953013172us][CH2-Pc    ] F0
[T+5953022172us][CH1-Dispenser] F0 F8
[T+5953091175us][CH2-Pc    ] F1
[T+5953098172us][CH1-Dispenser] F1 F9
[T+5953169172us][CH2-Pc    ] E1
[T+5953175200us][CH1-Dispenser] E1 E5
[T+5953197172us][CH2-Pc    ] E9
[T+5953211172us][CH1-Dispenser] E9 28 A8 39
[T+5953289172us][CH1-Dispenser] F0 F8
[T+5953286172us][CH2-Pc    ] F0
[T+5953364304us][CH1-Dispenser] E0
[T+5953364173us][CH2-Pc    ] E0
[T+5953528304us][CH1-Dispenser] E1
[T+5953528173us][CH2-Pc    ] E1
[T+5953705175us][CH2-Pc    ] F0
[T+5953712172us][CH1-Dispenser] F0 F8
[T+5953783172us][CH2-Pc    ] F1
[T+5953791181us][CH1-Dispenser] F1 F9
[T+5953876172us][CH2-Pc    ] E1 E9
[T+5953891176us][CH1-Dispenser] E1 E5 E9 39 F7 97 F8
[T+5953956172us][CH2-Pc    ] F0
[T+5953960172us][CH1-Dispenser] F0 F8
[T+5954034304us][CH1-Dispenser] E0
[T+5954034173us][CH2-Pc    ] E0
[T+5954198308us][CH1-Dispenser] E1
[T+5954198174us][CH2-Pc    ] E1
[T+5954374172us][CH2-Pc    ] F0
[T+5954382179us][CH1-Dispenser] F0 F8
[T+5954456172us][CH1-Dispenser] F1 F9
[T+5954452172us][CH2-Pc    ] F1
[T+5954531172us][CH2-Pc    ] E1
[T+5954535172us][CH1-Dispenser] E1 E5
[T+5954558172us][CH2-Pc    ] E9
[T+5954573172us][CH1-Dispenser] E9 E9 B9 39
[T+5954647172us][CH2-Pc    ] F0
[T+5954654793us][CH1-Dispenser] F0 F8
[T+5954725305us][CH1-Dispenser] E0
[T+5954725173us][CH2-Pc    ] E0
[T+5954911307us][CH1-Dispenser] E1
[T+5954911173us][CH2-Pc    ] E1
[T+5955076172us][CH2-Pc    ] F0
[T+5955081172us][CH1-Dispenser] F0 F8
[T+5955154172us][CH2-Pc    ] F1
[T+5955161172us][CH1-Dispenser] F1 F9
[T+5955232172us][CH2-Pc    ] E1
[T+5955259172us][CH2-Pc    ] E9
[T+5955271213us][CH1-Dispenser] E1 E5 E9 28 3A 79
[T+5955337196us][CH2-Pc    ] F0
[T+5955345173us][CH1-Dispenser] F0 F8
[T+5955415305us][CH1-Dispenser] E0
[T+5955415173us][CH2-Pc    ] E0
[T+5955590306us][CH1-Dispenser] E1
[T+5955590173us][CH2-Pc    ] E1
[T+5955766172us][CH2-Pc    ] F0
[T+5955772201us][CH1-Dispenser] F0 F8
[T+5955844197us][CH2-Pc    ] F1
[T+5955851172us][CH1-Dispenser] F1 F9
[T+5955922172us][CH2-Pc    ] E1
[T+5955950172us][CH2-Pc    ] E9
[T+5955962213us][CH1-Dispenser] E1 E5 E9 A9 72 2B F8
[T+5956029172us][CH2-Pc    ] F0
[T+5956034172us][CH1-Dispenser] F0 F8
[T+5956128308us][CH1-Dispenser] E0
[T+5956128173us][CH2-Pc    ] E0
[T+5956291305us][CH1-Dispenser] E1
[T+5956291173us][CH2-Pc    ] E1
[T+5956467172us][CH2-Pc    ] F0
[T+5956471176us][CH1-Dispenser] F0 F8
[T+5956544172us][CH2-Pc    ] F1
[T+5956552172us][CH1-Dispenser] F1 F9
[T+5956623172us][CH2-Pc    ] E1
[T+5956650172us][CH2-Pc    ] E9
[T+5956661785us][CH1-Dispenser] E1 E5 E9 78 F8 72
[T+5956729172us][CH2-Pc    ] F0
[T+5956734172us][CH1-Dispenser] F0 F8
[T+5956807304us][CH1-Dispenser] E0
[T+5956807173us][CH2-Pc    ] E0
[T+5956983311us][CH1-Dispenser] E1
[T+5956983173us][CH2-Pc    ] E1
[T+5957158172us][CH2-Pc    ] F0
[T+5957164201us][CH1-Dispenser] F0 F8
[T+5957236198us][CH2-Pc    ] F1
[T+5957244172us][CH1-Dispenser] F1 F9
[T+5957314172us][CH2-Pc    ] E1
[T+5957319172us][CH1-Dispenser] E1 E5
[T+5957341172us][CH2-Pc    ] E9
[T+5957352181us][CH1-Dispenser] E9 78 B9 93 F8
[T+5957420172us][CH2-Pc    ] F0
[T+5957428805us][CH1-Dispenser] F0 F8
[T+5957498308us][CH1-Dispenser] E0
[T+5957498174us][CH2-Pc    ] E0
[T+5957673306us][CH1-Dispenser] E1
[T+5957673173us][CH2-Pc    ] E1
[T+5957848172us][CH2-Pc    ] F0
[T+5957856172us][CH1-Dispenser] F0 F8
[T+5957926172us][CH2-Pc    ] F1
[T+5957932202us][CH1-Dispenser] F1 F9
[T+5958004196us][CH2-Pc    ] E1
[T+5958010205us][CH1-Dispenser] E1 E5
[T+5958032172us][CH2-Pc    ] E9
[T+5958048172us][CH1-Dispenser] E9 69 38 77
[T+5958121172us][CH2-Pc    ] F0
[T+5958126172us][CH1-Dispenser] F0 F8
[T+5958199305us][CH1-Dispenser] E0
[T+5958199173us][CH2-Pc    ] E0
[T+5958374305us][CH1-Dispenser] E1
[T+5958374173us][CH2-Pc    ] E1
[T+5958549172us][CH2-Pc    ] F0
[T+5958557172us][CH1-Dispenser] F0 F8
[T+5958627264us][CH2-Pc    ] F1
[T+5958631173us][CH1-Dispenser] F1 F9
[T+5958705172us][CH2-Pc    ] E1
[T+5958710172us][CH1-Dispenser] E1 E5
[T+5958733172us][CH2-Pc    ] E9
[T+5958746172us][CH1-Dispenser] E9 E8 97 6A F8
[T+5958812197us][CH2-Pc    ] F0
[T+5958820172us][CH1-Dispenser] F0 F8
[T+5958890304us][CH1-Dispenser] E0
[T+5958890173us][CH2-Pc    ] E0
[T+5959065307us][CH1-Dispenser] E1
[T+5959065173us][CH2-Pc    ] E1
[T+5959229172us][CH2-Pc    ] F0
[T+5959237172us][CH1-Dispenser] F0 F8
[T+5959307172us][CH2-Pc    ] F1
[T+5959312172us][CH1-Dispenser] F1 F9
[T+5959385172us][CH2-Pc    ] E1
[T+5959390173us][CH1-Dispenser] E1 E5
[T+5959413172us][CH2-Pc    ] E9
[T+5959426262us][CH1-Dispenser] E9 E9 39 72
[T+5959491172us][CH2-Pc    ] F0
[T+5959496172us][CH1-Dispenser] F0 F8
[T+5959569304us][CH1-Dispenser] E0
[T+5959569173us][CH2-Pc    ] E0
[T+5959754309us][CH1-Dispenser] E1
[T+5959754173us][CH2-Pc    ] E1
[T+5959919172us][CH2-Pc    ] F0
[T+5959929179us][CH1-Dispenser] F0 FE
[T+5959997172us][CH2-Pc    ] F1
[T+5960002172us][CH1-Dispenser] F1 F9
[T+5960075172us][CH2-Pc    ] E1
[T+5960103178us][CH2-Pc    ] E9
[T+5960118172us][CH1-Dispenser] E1 E5 E9 38 7B 95 F8
[T+5960193172us][CH2-Pc    ] F0
[T+5960200172us][CH1-Dispenser] F0 F8
[T+5960271304us][CH1-Dispenser] E0
[T+5960271173us][CH2-Pc    ] E0
[T+5960450307us][CH1-Dispenser] E1
[T+5960450173us][CH2-Pc    ] E1
[T+5960625172us][CH2-Pc    ] F0
[T+5960631206us][CH1-Dispenser] F0 F8
[T+5960703196us][CH2-Pc    ] F1
[T+5960709200us][CH1-Dispenser] F1 F9
[T+5960781172us][CH2-Pc    ] E1
[T+5960786172us][CH1-Dispenser] E1 E5
[T+5960809172us][CH2-Pc    ] E9
[T+5960822172us][CH1-Dispenser] E9 29 35 97 F8
[T+5960887172us][CH2-Pc    ] F0
[T+5960894172us][CH1-Dispenser] F0 F8
[T+5960965308us][CH1-Dispenser] E0
[T+5960965173us][CH2-Pc    ] E0
[T+5961141309us][CH1-Dispenser] E1
[T+5961141174us][CH2-Pc    ] E1
[T+5961316172us][CH2-Pc    ] F0
[T+5961321172us][CH1-Dispenser] F0 F8
[T+5961394172us][CH2-Pc    ] F1
[T+5961402179us][CH1-Dispenser] F1 F9
[T+5961472172us][CH2-Pc    ] E1
[T+5961499172us][CH2-Pc    ] E9
[T+5961512172us][CH1-Dispenser] E1 E5 E9 29 74 CF F8
[T+5961577172us][CH2-Pc    ] F0
[T+5961585172us][CH1-Dispenser] F0 F8
[T+5961656306us][CH1-Dispenser] E0
[T+5961656173us][CH2-Pc    ] E0
[T+5961835306us][CH1-Dispenser] E1
[T+5961835174us][CH2-Pc    ] E1
[T+5962010172us][CH2-Pc    ] F0
[T+5962017806us][CH1-Dispenser] F0 F8
[T+5962095197us][CH2-Pc    ] F1
[T+5962103174us][CH1-Dispenser] F1 F9
[T+5962173172us][CH2-Pc    ] E1
[T+5962179200us][CH1-Dispenser] E1 E5
[T+5962200172us][CH2-Pc    ] E9
[T+5962212213us][CH1-Dispenser] E9 39 74 CF F8
[T+5962279172us][CH2-Pc    ] F0
[T+5962286172us][CH1-Dispenser] F0 F8
[T+5962358305us][CH1-Dispenser] E0
[T+5962358173us][CH2-Pc    ] E0
[T+5962534304us][CH1-Dispenser] E1
[T+5962534173us][CH2-Pc    ] E1
[T+5962722172us][CH2-Pc    ] F0
[T+5962727173us][CH1-Dispenser] F0 F8
[T+5962800172us][CH2-Pc    ] F1
[T+5962808775us][CH1-Dispenser] F1 F9
[T+5962878173us][CH2-Pc    ] E1
[T+5962905172us][CH2-Pc    ] E9
[T+5962919173us][CH1-Dispenser] E1 E5 E9 79 F3 CF F8
[T+5962984172us][CH2-Pc    ] F0
[T+5962991172us][CH1-Dispenser] F0 F8
[T+5963062306us][CH1-Dispenser] E0
[T+5963062174us][CH2-Pc    ] E0
[T+5963248308us][CH1-Dispenser] E1
[T+5963248173us][CH2-Pc    ] E1
[T+5963423172us][CH2-Pc    ] F0
[T+5963430172us][CH1-Dispenser] F0 F8
[T+5963501172us][CH2-Pc    ] F1
[T+5963507202us][CH1-Dispenser] F1 F9
[T+5963579197us][CH2-Pc    ] E1
[T+5963607172us][CH2-Pc    ] E9
[T+5963621172us][CH1-Dispenser] E1 E5 E9 B9 74 CF F8
[T+5963685172us][CH2-Pc    ] F0
[T+5963691200us][CH1-Dispenser] F0 F8
[T+5963763306us][CH1-Dispenser] E0
[T+5963763173us][CH2-Pc    ] E0
[T+5963940307us][CH1-Dispenser] E1
[T+5963940173us][CH2-Pc    ] E1
[T+5964104172us][CH2-Pc    ] F0
[T+5964112172us][CH1-Dispenser] F0 F8
[T+5964182172us][CH2-Pc    ] F1
[T+5964188200us][CH1-Dispenser] F1 F9
[T+5964262172us][CH2-Pc    ] E1
[T+5964289172us][CH2-Pc    ] E9
[T+5964302172us][CH1-Dispenser] E1 E5 E9 B9 79 39
[T+5964383172us][CH2-Pc    ] F0
[T+5964391179us][CH1-Dispenser] F0 F8
[T+5964461309us][CH1-Dispenser] E0
[T+5964461173us][CH2-Pc    ] E0
[T+5964636306us][CH1-Dispenser] E1
[T+5964636173us][CH2-Pc    ] E1
[T+5964827172us][CH2-Pc    ] F0
[T+5964835172us][CH1-Dispenser] F0 F8
[T+5964904172us][CH2-Pc    ] F1
[T+5964912172us][CH1-Dispenser] F1 F9
[T+5964983172us][CH2-Pc    ] E1
[T+5965010172us][CH2-Pc    ] E9
[T+5965022213us][CH1-Dispenser] E1 E5 E9 29 39 39
[T+5965088197us][CH2-Pc    ] F0
[T+5965096172us][CH1-Dispenser] F0 F8
[T+5965168310us][CH1-Dispenser] E0
[T+5965168173us][CH2-Pc    ] E0
[T+5965343306us][CH1-Dispenser] E1
[T+5965343173us][CH2-Pc    ] E1
[T+5965518172us][CH2-Pc    ] F0
[T+5965521172us][CH1-Dispenser] F0 F8
[T+5965596172us][CH2-Pc    ] F1
[T+5965603172us][CH1-Dispenser] F1 F9
[T+5965674172us][CH2-Pc    ] E1
[T+5965680202us][CH1-Dispenser] E1 E5
[T+5965701172us][CH2-Pc    ] E9
[T+5965713214us][CH1-Dispenser] E9 29 37 97 F8
[T+5965780172us][CH2-Pc    ] F0
[T+5965788802us][CH1-Dispenser] F0 F8
[T+5965859305us][CH1-Dispenser] E0
[T+5965859173us][CH2-Pc    ] E0
[T+5966033307us][CH1-Dispenser] E1
[T+5966033173us][CH2-Pc    ] E1
[T+5966197172us][CH2-Pc    ] F0
[T+5966204800us][CH1-Dispenser] F0 F8
[T+5966275172us][CH2-Pc    ] F1
[T+5966284172us][CH1-Dispenser] F1 F9
[T+5966354172us][CH2-Pc    ] E1
[T+5966381172us][CH2-Pc    ] E9
[T+5966392179us][CH1-Dispenser] E1 E5 E9 7A 69 39
[T+5966459172us][CH2-Pc    ] F0
[T+5966465201us][CH1-Dispenser] F0 F8
[T+5966537307us][CH1-Dispenser] E0
[T+5966537173us][CH2-Pc    ] E0
[T+5966723308us][CH1-Dispenser] E1
[T+5966723173us][CH2-Pc    ] E1
[T+5966887172us][CH2-Pc    ] F0
[T+5966893200us][CH1-Dispenser] F0 F8
[T+5966965197us][CH2-Pc    ] F1
[T+5966974809us][CH1-Dispenser] F1 F9
[T+5967044172us][CH2-Pc    ] E1
[T+5967051804us][CH1-Dispenser] E1 E5
[T+5967071172us][CH2-Pc    ] E9
[T+5967081181us][CH1-Dispenser] E9 3A B9 CF F8
[T+5967153196us][CH2-Pc    ] F0
[T+5967161179us][CH1-Dispenser] F0 F8
[T+5967231305us][CH1-Dispenser] E0
[T+5967231173us][CH2-Pc    ] E0
[T+5967405307us][CH1-Dispenser] E1
[T+5967405173us][CH2-Pc    ] E1
[T+5967580172us][CH2-Pc    ] F0
[T+5967588172us][CH1-Dispenser] F0 F8
[T+5967658172us][CH2-Pc    ] F1
[T+5967664200us][CH1-Dispenser] F1 F9
[T+5967738172us][CH2-Pc    ] E1
[T+5967765172us][CH2-Pc    ] E9
[T+5967777213us][CH1-Dispenser] E1 E5 E9 A8 3A 39
[T+5967843196us][CH2-Pc    ] F0
[T+5967850172us][CH1-Dispenser] F0 F8
[T+5967921305us][CH1-Dispenser] E0
[T+5967921173us][CH2-Pc    ] E0
[T+5968096308us][CH1-Dispenser] E1
[T+5968096174us][CH2-Pc    ] E1
[T+5968260172us][CH2-Pc    ] F0
[T+5968268172us][CH1-Dispenser] F0 F8
[T+5968338172us][CH2-Pc    ] F1
[T+5968345172us][CH1-Dispenser] F1 F9
[T+5968416172us][CH2-Pc    ] E1
[T+5968421172us][CH1-Dispenser] E1 E5
[T+5968444176us][CH2-Pc    ] E9
[T+5968457790us][CH1-Dispenser] E9 E9 7A 39
[T+5968522172us][CH2-Pc    ] F0
[T+5968526172us][CH1-Dispenser] F0 F8
[T+5968601306us][CH1-Dispenser] E0
[T+5968601173us][CH2-Pc    ] E0
[T+5968775305us][CH1-Dispenser] E1
[T+5968775173us][CH2-Pc    ] E1
[T+5968950172us][CH2-Pc    ] F0
[T+5968958791us][CH1-Dispenser] F0 F8
[T+5969028172us][CH2-Pc    ] F1
[T+5969033172us][CH1-Dispenser] F1 F9
[T+5969122172us][CH2-Pc    ] E1 E9
[T+5969137173us][CH1-Dispenser] E1 E5 E9 BA 70 97 F8
[T+5969202172us][CH2-Pc    ] F0
[T+5969210179us][CH1-Dispenser] F0 F8
[T+5969280305us][CH1-Dispenser] E0
[T+5969280173us][CH2-Pc    ] E0
[T+5969455306us][CH1-Dispenser] E1
[T+5969455173us][CH2-Pc    ] E1
[T+5969622172us][CH2-Pc    ] F0
[T+5969628206us][CH1-Dispenser] F0 F8
[T+5969699172us][CH2-Pc    ] F1
[T+5969709232us][CH1-Dispenser] F1 F9
[T+5969777172us][CH2-Pc    ] E1
[T+5969805196us][CH2-Pc    ] E9
[T+5969817213us][CH1-Dispenser] E1 E5 E9 68 3A 39
[T+5969883199us][CH2-Pc    ] F0
[T+5969891172us][CH1-Dispenser] F0 F8
[T+5969962304us][CH1-Dispenser] E0
[T+5969962173us][CH2-Pc    ] E0
[T+5970137308us][CH1-Dispenser] E1
[T+5970137173us][CH2-Pc    ] E1
[T+5970326172us][CH2-Pc    ] F0
[T+5970332201us][CH1-Dispenser] F0 F8
[T+5970405172us][CH2-Pc    ] F1
[T+5970412172us][CH1-Dispenser] F1 F9
[T+5970483172us][CH2-Pc    ] E1
[T+5970511172us][CH2-Pc    ] E9
[T+5970522179us][CH1-Dispenser] E1 E5 E9 68 7A 39
[T+5970589172us][CH2-Pc    ] F0
[T+5970596172us][CH1-Dispenser] F0 F8
[T+5970667309us][CH1-Dispenser] E0
[T+5970667173us][CH2-Pc    ] E0
[T+5970842307us][CH1-Dispenser] E1
[T+5970842173us][CH2-Pc    ] E1
[T+5971016199us][CH2-Pc    ] F0
[T+5971023172us][CH1-Dispenser] F0 F8
[T+5971094172us][CH2-Pc    ] F1
[T+5971098172us][CH1-Dispenser] F1 F9
[T+5971172172us][CH2-Pc    ] E1
[T+5971177172us][CH1-Dispenser] E1 E5
[T+5971199172us][CH2-Pc    ] E9
[T+5971211342us][CH1-Dispenser] E9 68 7A 39
[T+5971277196us][CH2-Pc    ] F0
[T+5971285172us][CH1-Dispenser] F0 F8
[T+5971356306us][CH1-Dispenser] E0
[T+5971356173us][CH2-Pc    ] E0
[T+5971530305us][CH1-Dispenser] E1
[T+5971530173us][CH2-Pc    ] E1
[T+5971705172us][CH2-Pc    ] F0
[T+5971713179us][CH1-Dispenser] F0 F8
[T+5971787172us][CH1-Dispenser] F1 F9
[T+5971783172us][CH2-Pc    ] F1
[T+5971851172us][CH2-Pc    ] E1
[T+5971857200us][CH1-Dispenser] E1 E5
[T+5971879172us][CH2-Pc    ] E9
[T+5971893173us][CH1-Dispenser] E9 28 7A 39
[T+5971968172us][CH2-Pc    ] F0
[T+5971978179us][CH1-Dispenser] F0 F8
[T+5972046305us][CH1-Dispenser] E0
[T+5972046173us][CH2-Pc    ] E0
[T+5972221308us][CH1-Dispenser] E1
[T+5972221174us][CH2-Pc    ] E1
[T+5972386172us][CH2-Pc    ] F0
[T+5972392200us][CH1-Dispenser] F0 F8
[T+5972464172us][CH2-Pc    ] F1
[T+5972468172us][CH1-Dispenser] F1 F9
[T+5972542172us][CH2-Pc    ] E1
[T+5972547172us][CH1-Dispenser] E1 E5
[T+5972569172us][CH2-Pc    ] E9
[T+5972584175us][CH1-Dispenser] E9 68 7A 39
[T+5972648175us][CH2-Pc    ] F0
[T+5972656808us][CH1-Dispenser] F0 F8
[T+5972727305us][CH1-Dispenser] E0
[T+5972727173us][CH2-Pc    ] E0
[T+5972902307us][CH1-Dispenser] E1
[T+5972902173us][CH2-Pc    ] E1
[T+5973078172us][CH2-Pc    ] F0
[T+5973082172us][CH1-Dispenser] F0 F8
[T+5973145172us][CH2-Pc    ] F1
[T+5973154764us][CH1-Dispenser] F1 F9
[T+5973224172us][CH2-Pc    ] E1
[T+5973251172us][CH2-Pc    ] E9
[T+5973263011us][CH1-Dispenser] E1 E5 E9 68 3A 39
[T+5973329196us][CH2-Pc    ] F0
[T+5973336172us][CH1-Dispenser] F0 F8
[T+5973408307us][CH1-Dispenser] E0
[T+5973408173us][CH2-Pc    ] E0
[T+5973572310us][CH1-Dispenser] E1
[T+5973572174us][CH2-Pc    ] E1
[T+5973747172us][CH2-Pc    ] F0
[T+5973752172us][CH1-Dispenser] F0 F8
[T+5973825172us][CH2-Pc    ] F1
[T+5973833179us][CH1-Dispenser] F1 F9
[T+5973903172us][CH2-Pc    ] E1
[T+5973931172us][CH2-Pc    ] E9
[T+5973941179us][CH1-Dispenser] E1 E5 E9 28 7A 39
[T+5974010172us][CH2-Pc    ] F0
[T+5974016202us][CH1-Dispenser] F0 F8
[T+5974089310us][CH1-Dispenser] E0
[T+5974089174us][CH2-Pc    ] E0
[T+5974266307us][CH1-Dispenser] E1
[T+5974266173us][CH2-Pc    ] E1
[T+5974440197us][CH2-Pc    ] F0
[T+5974448802us][CH1-Dispenser] F0 F8
[T+5974519172us][CH2-Pc    ] F1
[T+5974524172us][CH1-Dispenser] F1 F9
[T+5974597172us][CH2-Pc    ] E1
[T+5974601172us][CH1-Dispenser] E1 E5
[T+5974624179us][CH2-Pc    ] E9
[T+5974640176us][CH1-Dispenser] E9 68 3A 39
[T+5974713172us][CH2-Pc    ] F0
[T+5974721172us][CH1-Dispenser] F0 F8
[T+5974791304us][CH1-Dispenser] E0
[T+5974791173us][CH2-Pc    ] E0
[T+5974966309us][CH1-Dispenser] E1
[T+5974966175us][CH2-Pc    ] E1
[T+5975142172us][CH2-Pc    ] F0
[T+5975147173us][CH1-Dispenser] F0 F8
[T+5975220172us][CH2-Pc    ] F1
[T+5975228179us][CH1-Dispenser] F1 F9
[T+5975299172us][CH2-Pc    ] E1
[T+5975326172us][CH2-Pc    ] E9
[T+5975337213us][CH1-Dispenser] E1 E5 E9 28 7A 39
[T+5975407172us][CH2-Pc    ] F0
[T+5975411172us][CH1-Dispenser] F0 F8
[T+5975484306us][CH1-Dispenser] E0
[T+5975484173us][CH2-Pc    ] E0
[T+5975651308us][CH1-Dispenser] E1
[T+5975651173us][CH2-Pc    ] E1
[T+5975826172us][CH2-Pc    ] F0
[T+5975834179us][CH1-Dispenser] F0 F8
[T+5975905172us][CH2-Pc    ] F1
[T+5975913172us][CH1-Dispenser] F1 F9
[T+5975982172us][CH2-Pc    ] E1
[T+5975986172us][CH1-Dispenser] E1 F5
[T+5976560172us][CH2-Pc    ] F0
[T+5976566200us][CH1-Dispenser] F0 F8
[T+5976639306us][CH1-Dispenser] E0
[T+5976639173us][CH2-Pc    ] E0
[T+5976814305us][CH1-Dispenser] E1
[T+5976814173us][CH2-Pc    ] E1
[T+5976990172us][CH2-Pc    ] F0
[T+5976998172us][CH1-Dispenser] F0 F8
[T+5977068172us][CH2-Pc    ] F1
[T+5977073172us][CH1-Dispenser] F1 F9
[T+5977147172us][CH2-Pc    ] E1
[T+5977152172us][CH1-Dispenser] E1 E9
[T+5977725172us][CH2-Pc    ] F0
[T+5977732172us][CH1-Dispenser] F0 F8
[T+5977803305us][CH1-Dispenser] E0
[T+5977803173us][CH2-Pc    ] E0
[T+5977989309us][CH1-Dispenser] E1
[T+5977989174us][CH2-Pc    ] E1
[T+5978176172us][CH2-Pc    ] F0
[T+5978183810us][CH1-Dispenser] F0 F8
[T+5978257172us][CH1-Dispenser] F1 F9
[T+5978254172us][CH2-Pc    ] F1
[T+5978325172us][CH1-Dispenser] E1 E9
[T+5978321172us][CH2-Pc    ] E1
[T+5978349196us][CH2-Pc    ] F9
[T+5978400172us][CH1-Dispenser] F9 2F BE 72 38 2D FC 78 68 3B 7A F8 38 70 EF 7A 78 28 FF
[T+5978421305us][CH1-Dispenser] ED
[T+5978421173us][CH2-Pc    ] ED
[T+5978553197us][CH1-Dispenser] AF 70 74 39 83 69 E9 9F E8 29 39 EA 87 79 F0 70 38 6D F8 F1 9E B8 38 FA E8 68 68 A8 38 68 FD 38 B8 72 70 95 28 F1 1F 6F 74 B9 75 0B 3C 79 F0 70 38 3F EC
[T+5978622172us][CH2-Pc    ] F0
[T+5978627266us][CH1-Dispenser] F0 F8
[T+5978700305us][CH1-Dispenser] E0
[T+5978700173us][CH2-Pc    ] E0
[T+5978875306us][CH1-Dispenser] E1
[T+5978875173us][CH2-Pc    ] E1
[T+5979050173us][CH2-Pc    ] F0
[T+5979053172us][CH1-Dispenser] F0 F8
[T+5979128172us][CH2-Pc    ] F1
[T+5979135799us][CH1-Dispenser] F1 F9
[T+5979202172us][CH2-Pc    ] E1
[T+5979207173us][CH1-Dispenser] E1 E9
[T+5979229172us][CH2-Pc    ] F9
[T+5979295172us][CH1-Dispenser] F9 2F BE 72 38 2D BC 78 68 3B 7A 78 38 33 87 BA 78 28 FF ED
[T+5979296172us][CH2-Pc    ] ED
[T+5979429172us][CH1-Dispenser] AF 70 73 39 9B 29 31 70 F4 83 39 2A B8 28 33 38 78 F0 37 F9 B8 F8 D3 79 74 70 95 28 38 68 7C 38 78 F2 70 CD A8 70 A7 6F 73 BF A8 29 3C B9 33 8B 38 78 38 FF
[T+5979505172us][CH2-Pc    ] F0
[T+5979512172us][CH1-Dispenser] F0 F8
[T+5979583305us][CH1-Dispenser] E0
[T+5979583173us][CH2-Pc    ] E0
[T+5979769308us][CH1-Dispenser] E1
[T+5979769173us][CH2-Pc    ] E1
[T+5979932172us][CH2-Pc    ] F0
[T+5979938202us][CH1-Dispenser] F0 F8
[T+5980011172us][CH2-Pc    ] F1
[T+5980019179us][CH1-Dispenser] F1 F9
[T+5980089172us][CH2-Pc    ] E1
[T+5980098172us][CH1-Dispenser] E1 E9
[T+5980167172us][CH2-Pc    ] F0
[T+5980171174us][CH1-Dispenser] F0 F8
[T+5980245305us][CH1-Dispenser] E0
[T+5980245173us][CH2-Pc    ] E0
[T+5980420308us][CH1-Dispenser] E1
[T+5980420173us][CH2-Pc    ] E1
[T+5980590172us][CH2-Pc    ] F0
[T+5980594172us][CH1-Dispenser] F0 F8
[T+5980668172us][CH2-Pc    ] F1
[T+5980675172us][CH1-Dispenser] F1 F9
[T+5980747173us][CH2-Pc    ] E1
[T+5980752172us][CH1-Dispenser] E1 E9
[T+5980825172us][CH2-Pc    ] F0
[T+5980831200us][CH1-Dispenser] F0 F8
[T+5980903305us][CH1-Dispenser] E0
[T+5980903173us][CH2-Pc    ] E0
[T+5981074305us][CH1-Dispenser] E1
[T+5981074173us][CH2-Pc    ] E1
[T+5981248197us][CH2-Pc    ] F0
[T+5981254207us][CH1-Dispenser] F0 F8
[T+5981326196us][CH2-Pc    ] F1
[T+5981335181us][CH1-Dispenser] F1 F9
[T+5981405172us][CH2-Pc    ] E1
[T+5981411201us][CH1-Dispenser] E1 E9
[T+5981484172us][CH2-Pc    ] F0
[T+5981492172us][CH1-Dispenser] F0 F8
[T+5981563172us][CH1-Dispenser] E0
[T+5981562172us][CH2-Pc    ] E0
[T+5981738305us][CH1-Dispenser] E1
[T+5981738173us][CH2-Pc    ] E1
[T+5981902172us][CH2-Pc    ] F0
[T+5981908201us][CH1-Dispenser] F0 F8
[T+5981980197us][CH2-Pc    ] F1
[T+5981989172us][CH1-Dispenser] F1 F9
[T+5982061196us][CH2-Pc    ] E1
[T+5982067202us][CH1-Dispenser] E1 E9
[T+5982140172us][CH2-Pc    ] F0
[T+5982146200us][CH1-Dispenser] F0 F8
[T+5982219307us][CH1-Dispenser] E0
[T+5982219173us][CH2-Pc    ] E0
[T+5982394306us][CH1-Dispenser] E1
[T+5982394173us][CH2-Pc    ] E1
[T+5982561172us][CH2-Pc    ] F0
[T+5982569172us][CH1-Dispenser] F0 F8
[T+5982640172us][CH2-Pc    ] F1
[T+5982643317us][CH1-Dispenser] F1 E9
[T+5982707172us][CH2-Pc    ] E1
[T+5982712172us][CH1-Dispenser] E1 E9
[T+5982785172us][CH2-Pc    ] F0
[T+5982791204us][CH1-Dispenser] F0 F8
[T+5982863304us][CH1-Dispenser] E0
[T+5982863173us][CH2-Pc    ] E0
[T+5983028304us][CH1-Dispenser] E1
[T+5983028173us][CH2-Pc    ] E1
[T+5983206172us][CH2-Pc    ] F0
[T+5983214172us][CH1-Dispenser] F0 F8
[T+5983284172us][CH2-Pc    ] F1
[T+5983290200us][CH1-Dispenser] F1 F9
[T+5983362172us][CH2-Pc    ] E1
[T+5983366172us][CH1-Dispenser] E1 E9
[T+5983442172us][CH2-Pc    ] F0
[T+5983445172us][CH1-Dispenser] F0 F8
[T+5983510310us][CH1-Dispenser] E0
[T+5983510173us][CH2-Pc    ] E0
[T+5983685308us][CH1-Dispenser] E1
[T+5983685174us][CH2-Pc    ] E1
[T+5983860172us][CH2-Pc    ] F0
[T+5983868818us][CH1-Dispenser] F0 F8
[T+5983938172us][CH2-Pc    ] F1
[T+5983944201us][CH1-Dispenser] F1 F9
[T+5984018172us][CH2-Pc    ] E1
[T+5984028179us][CH1-Dispenser] E1 E9
[T+5984101172us][CH2-Pc    ] F0
[T+5984107200us][CH1-Dispenser] F0 F8
[T+5984180305us][CH1-Dispenser] E0
[T+5984180174us][CH2-Pc    ] E0
[T+5984354305us][CH1-Dispenser] E1
[T+5984354173us][CH2-Pc    ] E1
[T+5984529172us][CH2-Pc    ] F0
[T+5984535201us][CH1-Dispenser] F0 F8
[T+5984607197us][CH2-Pc    ] F1
[T+5984616172us][CH1-Dispenser] F1 F9
[T+5984686172us][CH2-Pc    ] E1
[T+5984692200us][CH1-Dispenser] E1 E9
[T+5984764198us][CH2-Pc    ] F0
[T+5984771172us][CH1-Dispenser] F0 F8
[T+5984842307us][CH1-Dispenser] E0
[T+5984842174us][CH2-Pc    ] E0
[T+5985019304us][CH1-Dispenser] E1
[T+5985019173us][CH2-Pc    ] E1
[T+5985183172us][CH2-Pc    ] F0
[T+5985189202us][CH1-Dispenser] F0 F8
[T+5985261197us][CH2-Pc    ] F1
[T+5985270172us][CH1-Dispenser] F1 F9
[T+5985340172us][CH2-Pc    ] E1
[T+5985347172us][CH1-Dispenser] E1 E9
[T+5985418172us][CH2-Pc    ] F0
[T+5985422172us][CH1-Dispenser] F0 F8
[T+5985496306us][CH1-Dispenser] E0
[T+5985496173us][CH2-Pc    ] E0
[T+5985671310us][CH1-Dispenser] E1
[T+5985671174us][CH2-Pc    ] E1
[T+5985846172us][CH2-Pc    ] F0
[T+5985854179us][CH1-Dispenser] F0 F8
[T+5985923172us][CH2-Pc    ] F1
[T+5985929203us][CH1-Dispenser] F1 F9
[T+5986002172us][CH2-Pc    ] E1
[T+5986006172us][CH1-Dispenser] E1 E9
[T+5986080172us][CH2-Pc    ] F0
[T+5986087172us][CH1-Dispenser] F0 F8
[T+5986158304us][CH1-Dispenser] E0
[T+5986158173us][CH2-Pc    ] E0
[T+5986322303us][CH1-Dispenser] E1
[T+5986322173us][CH2-Pc    ] E1
[T+5986497172us][CH2-Pc    ] F0
[T+5986506172us][CH1-Dispenser] F0 F8
[T+5986575172us][CH2-Pc    ] F1
[T+5986578174us][CH1-Dispenser] F1 F9
[T+5986642172us][CH2-Pc    ] E1
[T+5986647172us][CH1-Dispenser] E1 E9
[T+5986720172us][CH2-Pc    ] F0
[T+5986727172us][CH1-Dispenser] F0 F8
[T+5986799305us][CH1-Dispenser] E0
[T+5986799173us][CH2-Pc    ] E0
[T+5986963307us][CH1-Dispenser] E1
[T+5986963173us][CH2-Pc    ] E1
[T+5987138172us][CH2-Pc    ] F0
[T+5987144200us][CH1-Dispenser] F0 F8
[T+5987215172us][CH2-Pc    ] F1
[T+5987223172us][CH1-Dispenser] F1 F9
[T+5987294174us][CH2-Pc    ] E1
[T+5987303810us][CH1-Dispenser] E1 E9
[T+5987373172us][CH2-Pc    ] F0
[T+5987377172us][CH1-Dispenser] F0 F8
[T+5987451306us][CH1-Dispenser] E0
[T+5987451173us][CH2-Pc    ] E0
[T+5987626306us][CH1-Dispenser] E1
[T+5987626173us][CH2-Pc    ] E1
[T+5987801172us][CH2-Pc    ] F0
[T+5987809172us][CH1-Dispenser] F0 F8
[T+5987879173us][CH2-Pc    ] F1
[T+5987884172us][CH1-Dispenser] F1 F9
[T+5987957172us][CH2-Pc    ] E1
[T+5987963200us][CH1-Dispenser] E1 E9
[T+5988035196us][CH2-Pc    ] F0
[T+5988042172us][CH1-Dispenser] F0 F8
[T+5988113310us][CH1-Dispenser] E0
[T+5988113175us][CH2-Pc    ] E0
[T+5988277306us][CH1-Dispenser] E1
[T+5988277174us][CH2-Pc    ] E1
[T+5988453172us][CH2-Pc    ] F0
[T+5988461172us][CH1-Dispenser] F0 F8
[T+5988531172us][CH2-Pc    ] F1
[T+5988540172us][CH1-Dispenser] F1 F9
[T+5988610172us][CH2-Pc    ] E1
[T+5988617172us][CH1-Dispenser] E1 E9
[T+5988687172us][CH2-Pc    ] F0
[T+5988692172us][CH1-Dispenser] F0 F8
[T+5988765304us][CH1-Dispenser] E0
[T+5988765173us][CH2-Pc    ] E0
[T+5988933313us][CH1-Dispenser] E1
[T+5988933176us][CH2-Pc    ] E1
[T+5989108172us][CH2-Pc    ] F0
[T+5989113172us][CH1-Dispenser] F0 F8
[T+5989186172us][CH2-Pc    ] F1
[T+5989193772us][CH1-Dispenser] F1 F9
[T+5989264172us][CH2-Pc    ] E1
[T+5989273172us][CH1-Dispenser] E1 E9
[T+5989342173us][CH2-Pc    ] F0
[T+5989346172us][CH1-Dispenser] F0 F8
[T+5989421172us][CH1-Dispenser] E0
[T+5989420173us][CH2-Pc    ] E0
[T+5989595306us][CH1-Dispenser] E1
[T+5989595174us][CH2-Pc    ] E1
[T+5989759172us][CH2-Pc    ] F0
[T+5989766172us][CH1-Dispenser] F0 F8
[T+5989837175us][CH2-Pc    ] F1
[T+5989847179us][CH1-Dispenser] F1 F9
[T+5989916172us][CH2-Pc    ] E1
[T+5989921172us][CH1-Dispenser] E1 E9
[T+5989994172us][CH2-Pc    ] F0
[T+5990002172us][CH1-Dispenser] F0 F8
[T+5990073305us][CH1-Dispenser] E0
[T+5990073173us][CH2-Pc    ] E0
[T+5990250306us][CH1-Dispenser] E1
[T+5990250173us][CH2-Pc    ] E1
[T+5990424172us][CH2-Pc    ] F0
[T+5990429173us][CH1-Dispenser] F0 F8
[T+5990503172us][CH2-Pc    ] F1
[T+5990508172us][CH1-Dispenser] F1 F9
[T+5990581172us][CH2-Pc    ] E1
[T+5990586172us][CH1-Dispenser] E1 E9
[T+5990659172us][CH2-Pc    ] F0
[T+5990667789us][CH1-Dispenser] F0 F8
[T+5990737305us][CH1-Dispenser] E0
[T+5990737173us][CH2-Pc    ] E0
[T+5990903309us][CH1-Dispenser] E1
[T+5990903173us][CH2-Pc    ] E1
[T+5991078172us][CH2-Pc    ] F0
[T+5991085172us][CH1-Dispenser] F0 F8
[T+5991156172us][CH2-Pc    ] F1
[T+5991164172us][CH1-Dispenser] F1 F9
[T+5991234172us][CH2-Pc    ] E1
[T+5991242771us][CH1-Dispenser] E1 E9
[T+5991312172us][CH2-Pc    ] F0
[T+5991318201us][CH1-Dispenser] F0 F8