connected
[T+1715500305us][CH1-Dispenser] E0
[T+1715500173us][CH2-Pc    ] E0
[T+1715664306us][CH1-Dispenser] E1
[T+1715664173us][CH2-Pc    ] E1
[T+1715838172us][CH2-Pc    ] F0
[T+1715844200us][CH1-Dispenser] F0 F8
[T+1715917172us][CH2-Pc    ] F1
[T+1715923202us][CH1-Dispenser] F1 F9
[T+1715995193us][CH2-Pc    ] E1
[T+1716001173us][CH1-Dispenser] E1 E9
[T+1716073197us][CH2-Pc    ] F0
[T+1716080172us][CH1-Dispenser] F0 E8
[T+1716151306us][CH1-Dispenser] E0
[T+1716151173us][CH2-Pc    ] E0
[T+1716326305us][CH1-Dispenser] E1
[T+1716326173us][CH2-Pc    ] E1
[T+1716515172us][CH2-Pc    ] F0
[T+1716523179us][CH1-Dispenser] F0 F8
[T+1716593172us][CH2-Pc    ] F1
[T+1716599206us][CH1-Dispenser] F1 F9
[T+1716671197us][CH2-Pc    ] E1
[T+1716680172us][CH1-Dispenser] E1 E9
[T+1716750172us][CH2-Pc    ] F0
[T+1716755172us][CH1-Dispenser] F0 E8
[T+1716828305us][CH1-Dispenser] E0
[T+1716828173us][CH2-Pc    ] E0
[T+1716992307us][CH1-Dispenser] E1
[T+1716992174us][CH2-Pc    ] E1
[T+1717167196us][CH2-Pc    ] F0
[T+1717173201us][CH1-Dispenser] F0 F8
[T+1717249173us][CH1-Dispenser] F1 F9
[T+1717245174us][CH2-Pc    ] F1
[T+1717323172us][CH2-Pc    ] E1
[T+1717330172us][CH1-Dispenser] E1 E9
[T+1717404172us][CH1-Dispenser] F0 F8
[T+1717401172us][CH2-Pc    ] F0
[T+1717468306us][CH1-Dispenser] E0
[T+1717468173us][CH2-Pc    ] E0
[T+1717632305us][CH1-Dispenser] E1
[T+1717632173us][CH2-Pc    ] E1
[T+1717807172us][CH2-Pc    ] F0
[T+1717813202us][CH1-Dispenser] F0 F8
[T+1717885197us][CH2-Pc    ] F1
[T+1717894172us][CH1-Dispenser] F1 F9
[T+1717963172us][CH2-Pc    ] E1
[T+1717970172us][CH1-Dispenser] E1 E9
[T+1718042173us][CH2-Pc    ] F0
[T+1718049772us][CH1-Dispenser] F0 F8
[T+1718120307us][CH1-Dispenser] E0
[T+1718120173us][CH2-Pc    ] E0
[T+1718294306us][CH1-Dispenser] E1
[T+1718294173us][CH2-Pc    ] E1
[T+1718461172us][CH2-Pc    ] F0
[T+1718469172us][CH1-Dispenser] F0 F8
[T+1718540172us][CH2-Pc    ] F1
[T+1718543172us][CH1-Dispenser] F1 F9
[T+1718607172us][CH2-Pc    ] E1
[T+1718615737us][CH1-Dispenser] E1 E9
[T+1718685172us][CH2-Pc    ] F0
[T+1718689172us][CH1-Dispenser] F0 F8
[T+1718763306us][CH1-Dispenser] E0
[T+1718763173us][CH2-Pc    ] E0
[T+1718938305us][CH1-Dispenser] E1
[T+1718938173us][CH2-Pc    ] E1
[T+1719102172us][CH2-Pc    ] F0
[T+1719109172us][CH1-Dispenser] F0 F8
[T+1719180172us][CH2-Pc    ] F1
[T+1719184172us][CH1-Dispenser] F1 F9
[T+1719258398us][CH2-Pc    ] E1
[T+1719265172us][CH1-Dispenser] E1 E9
[T+1719336172us][CH2-Pc    ] F0
[T+1719345179us][CH1-Dispenser] F0 F8
[T+1719415306us][CH1-Dispenser] E0
[T+1719415173us][CH2-Pc    ] E0
[T+1719589306us][CH1-Dispenser] E1
[T+1719589174us][CH2-Pc    ] E1
[T+1719765179us][CH2-Pc    ] F0
[T+1719769307us][CH1-Dispenser] F0 F8
[T+1719842180us][CH2-Pc    ] F1
[T+1719850192us][CH1-Dispenser] F1 F9
[T+1719920172us][CH2-Pc    ] E1
[T+1719925172us][CH1-Dispenser] E1 E9
[T+1719999172us][CH2-Pc    ] F0
[T+1720006172us][CH1-Dispenser] F0 F8
[T+1720077304us][CH1-Dispenser] E0
[T+1720077173us][CH2-Pc    ] E0
[T+1720241306us][CH1-Dispenser] E1
[T+1720241173us][CH2-Pc    ] E1
[T+1720416172us][CH2-Pc    ] F0
[T+1720426837us][CH1-Dispenser] F0 F8
[T+1720494183us][CH2-Pc    ] F1
[T+1720500202us][CH1-Dispenser] F1 F9
[T+1720572197us][CH2-Pc    ] E1
[T+1720579172us][CH1-Dispenser] E1 E9
[T+1720650172us][CH2-Pc    ] F0
[T+1720655172us][CH1-Dispenser] F0 F8
[T+1720728306us][CH1-Dispenser] E0
[T+1720728173us][CH2-Pc    ] E0
[T+1720903310us][CH1-Dispenser] E1
[T+1720903173us][CH2-Pc    ] E1
[T+1721078172us][CH2-Pc    ] F0
[T+1721085172us][CH1-Dispenser] F0 F8
[T+1721156172us][CH2-Pc    ] F1
[T+1721165172us][CH1-Dispenser] F1 F9
[T+1721234172us][CH2-Pc    ] E1
[T+1721240200us][CH1-Dispenser] E1 E9
[T+1721312202us][CH2-Pc    ] F0
[T+1721321179us][CH1-Dispenser] F0 E8
[T+1721390304us][CH1-Dispenser] E0
[T+1721390173us][CH2-Pc    ] E0
[T+1721554307us][CH1-Dispenser] E1
[T+1721554174us][CH2-Pc    ] E1
[T+1721729172us][CH2-Pc    ] F0
[T+1721736768us][CH1-Dispenser] F0 E8
[T+1721807172us][CH2-Pc    ] F1
[T+1721815172us][CH1-Dispenser] F1 F9
[T+1721885172us][CH2-Pc    ] E1
[T+1721889172us][CH1-Dispenser] E1 E9
[T+1721964172us][CH2-Pc    ] F0
[T+1721970200us][CH1-Dispenser] F0 F8
[T+1722041307us][CH1-Dispenser] E0
[T+1722041173us][CH2-Pc    ] E0
[T+1722216306us][CH1-Dispenser] E1
[T+1722216173us][CH2-Pc    ] E1
[T+1722391172us][CH2-Pc    ] F0
[T+1722399172us][CH1-Dispenser] F0 F8
[T+1722469172us][CH2-Pc    ] F1
[T+1722474173us][CH1-Dispenser] F1 F9
[T+1722549172us][CH2-Pc    ] E1
[T+1722556172us][CH1-Dispenser] E1 E9
[T+1722627172us][CH2-Pc    ] F0
[T+1722637179us][CH1-Dispenser] F0 F8
[T+1722705320us][CH1-Dispenser] E0
[T+1722705180us][CH2-Pc    ] E0
[T+1722890308us][CH1-Dispenser] E1
[T+1722890173us][CH2-Pc    ] E1
[T+1723054172us][CH2-Pc    ] F0
[T+1723060200us][CH1-Dispenser] F0 F8
[T+1723133172us][CH2-Pc    ] F1
[T+1723139200us][CH1-Dispenser] F1 F9
[T+1723210172us][CH2-Pc    ] E1
[T+1723217172us][CH1-Dispenser] E1 E9
[T+1723288172us][CH2-Pc    ] F0
[T+1723298179us][CH1-Dispenser] F0 F8
[T+1723368171us][CH1-Dispenser] E0
[T+1723368041us][CH2-Pc    ] E0
[T+1723541305us][CH1-Dispenser] E1
[T+1723541173us][CH2-Pc    ] E1
[T+1723716172us][CH2-Pc    ] F0
[T+1723723172us][CH1-Dispenser] F0 F8
[T+1723794172us][CH2-Pc    ] F1
[T+1723799172us][CH1-Dispenser] F1 F9
[T+1723872172us][CH2-Pc    ] E1
[T+1723880816us][CH1-Dispenser] E1 E9
[T+1723951172us][CH2-Pc    ] F0
[T+1723956172us][CH1-Dispenser] F0 F8
[T+1724029307us][CH1-Dispenser] E0
[T+1724029173us][CH2-Pc    ] E0
[T+1724204305us][CH1-Dispenser] E1
[T+1724204173us][CH2-Pc    ] E1
[T+1724368172us][CH2-Pc    ] F0
[T+1724374202us][CH1-Dispenser] F0 F8
[T+1724446196us][CH2-Pc    ] F1
[T+1724455346us][CH1-Dispenser] F1 F9
[T+1724524172us][CH2-Pc    ] E1
[T+1724531172us][CH1-Dispenser] E1 E9
[T+1724602172us][CH2-Pc    ] F0
[T+1724610172us][CH1-Dispenser] F0 F8
[T+1724680306us][CH1-Dispenser] E0
[T+1724680173us][CH2-Pc    ] E0
[T+1724855305us][CH1-Dispenser] E1
[T+1724855173us][CH2-Pc    ] E1
[T+1725030172us][CH2-Pc    ] F0
[T+1725033172us][CH1-Dispenser] F0 F8
[T+1725097172us][CH2-Pc    ] F1
[T+1725103206us][CH1-Dispenser] F1 F9
[T+1725175172us][CH2-Pc    ] E1
[T+1725179172us][CH1-Dispenser] E1 E9
[T+1725249172us][CH1-Dispenser] F0 F8
[T+1725245172us][CH2-Pc    ] F0
[T+1725323304us][CH1-Dispenser] E0
[T+1725323173us][CH2-Pc    ] E0
[T+1725497306us][CH1-Dispenser] E1
[T+1725497173us][CH2-Pc    ] E1
[T+1725672172us][CH2-Pc    ] F0
[T+1725680172us][CH1-Dispenser] F0 F8
[T+1725751172us][CH2-Pc    ] F1
[T+1725759172us][CH1-Dispenser] F1 F9
[T+1725830172us][CH2-Pc    ] E1
[T+1725835172us][CH1-Dispenser] E1 E9
[T+1725908172us][CH2-Pc    ] F0
[T+1725916282us][CH1-Dispenser] F0 F8
[T+1725986309us][CH1-Dispenser] E0
[T+1725986173us][CH2-Pc    ] E0
[T+1726171306us][CH1-Dispenser] E1
[T+1726171173us][CH2-Pc    ] E1
[T+1726335172us][CH2-Pc    ] F0
[T+1726340173us][CH1-Dispenser] F0 E8
[T+1726413172us][CH2-Pc    ] F1
[T+1726419202us][CH1-Dispenser] F1 F9
[T+1726492172us][CH2-Pc    ] E1
[T+1726496172us][CH1-Dispenser] E1 E9
[T+1726570172us][CH2-Pc    ] F0
[T+1726577172us][CH1-Dispenser] F0 F8
[T+1726648308us][CH1-Dispenser] E0
[T+1726648173us][CH2-Pc    ] E0
[T+1726823309us][CH1-Dispenser] E1
[T+1726823173us][CH2-Pc    ] E1
[T+1726998172us][CH2-Pc    ] F0
[T+1727004200us][CH1-Dispenser] F0 F8
[T+1727076172us][CH2-Pc    ] F1
[T+1727080172us][CH1-Dispenser] F1 F9
[T+1727154172us][CH2-Pc    ] E1
[T+1727159172us][CH1-Dispenser] E1 E9
[T+1727232172us][CH2-Pc    ] F0
[T+1727242180us][CH1-Dispenser] F0 F8
[T+1727310305us][CH1-Dispenser] E0
[T+1727310173us][CH2-Pc    ] E0
[T+1727485308us][CH1-Dispenser] E1
[T+1727485174us][CH2-Pc    ] E1
[T+1727649172us][CH2-Pc    ] F0
[T+1727655202us][CH1-Dispenser] F0 F8
[T+1727727196us][CH2-Pc    ] F1
[T+1727734172us][CH1-Dispenser] F1 F9
[T+1727805172us][CH2-Pc    ] E1
[T+1727810172us][CH1-Dispenser] E1 E9
[T+1727883172us][CH2-Pc    ] F0
[T+1727889200us][CH1-Dispenser] F0 F8
[T+1727961305us][CH1-Dispenser] E0
[T+1727961173us][CH2-Pc    ] E0
[T+1728136305us][CH1-Dispenser] E1
[T+1728136173us][CH2-Pc    ] E1
[T+1728311172us][CH2-Pc    ] F0
[T+1728316174us][CH1-Dispenser] F0 F8
[T+1728389172us][CH2-Pc    ] F1
[T+1728394172us][CH1-Dispenser] F1 F9
[T+1728467172us][CH2-Pc    ] E1
[T+1728475175us][CH1-Dispenser] E1 E9
[T+1728545172us][CH2-Pc    ] F0
[T+1728550172us][CH1-Dispenser] F0 F8
[T+1728623304us][CH1-Dispenser] E0
[T+1728623173us][CH2-Pc    ] E0
[T+1728794306us][CH1-Dispenser] E1
[T+1728794173us][CH2-Pc    ] E1
[T+1728969172us][CH2-Pc    ] F0
[T+1728974172us][CH1-Dispenser] F0 F8
[T+1729047196us][CH2-Pc    ] F1
[T+1729055172us][CH1-Dispenser] F1 F9
[T+1729125172us][CH2-Pc    ] E1
[T+1729131200us][CH1-Dispenser] E1 E9
[T+1729203197us][CH2-Pc    ] F0
[T+1729212817us][CH1-Dispenser] F0 F8
[T+1729282305us][CH1-Dispenser] E0
[T+1729282173us][CH2-Pc    ] E0
[T+1729446306us][CH1-Dispenser] E1
[T+1729446173us][CH2-Pc    ] E1
[T+1729620172us][CH2-Pc    ] F0
[T+1729624172us][CH1-Dispenser] F0 F8
[T+1729698172us][CH2-Pc    ] F1
[T+1729704207us][CH1-Dispenser] F1 F9
[T+1729777172us][CH2-Pc    ] E1
[T+1729781172us][CH1-Dispenser] E1 E9
[T+1729855172us][CH2-Pc    ] F0
[T+1729860172us][CH1-Dispenser] F0 F8
[T+1729933305us][CH1-Dispenser] E0
[T+1729933173us][CH2-Pc    ] E0
[T+1730108304us][CH1-Dispenser] E1
[T+1730108173us][CH2-Pc    ] E1
[T+1730272172us][CH2-Pc    ] F0
[T+1730280172us][CH1-Dispenser] F0 F8
[T+1730351172us][CH2-Pc    ] F1
[T+1730360819us][CH1-Dispenser] F1 E9
[T+1730432197us][CH2-Pc    ] E1
[T+1730441172us][CH1-Dispenser] E1 E9
[T+1730510172us][CH2-Pc    ] F0
[T+1730516200us][CH1-Dispenser] F0 F8
[T+1730590306us][CH1-Dispenser] E0
[T+1730590173us][CH2-Pc    ] E0
[T+1730775305us][CH1-Dispenser] E1
[T+1730775173us][CH2-Pc    ] E1
[T+1730949172us][CH2-Pc    ] F0
[T+1730954174us][CH1-Dispenser] F0 F8
[T+1731028172us][CH2-Pc    ] F1
[T+1731035172us][CH1-Dispenser] F1 F9
[T+1731106172us][CH2-Pc    ] E1
[T+1731111172us][CH1-Dispenser] E1 E9
[T+1731184172us][CH2-Pc    ] F0
[T+1731192349us][CH1-Dispenser] F0 F8
[T+1731262305us][CH1-Dispenser] E0
[T+1731262173us][CH2-Pc    ] E0
[T+1731437305us][CH1-Dispenser] E1
[T+1731437173us][CH2-Pc    ] E1
[T+1731601172us][CH2-Pc    ] F0
[T+1731605172us][CH1-Dispenser] F0 F8
[T+1731683196us][CH2-Pc    ] F1
[T+1731691172us][CH1-Dispenser] F1 F9
[T+1731761172us][CH2-Pc    ] E1
[T+1731765172us][CH1-Dispenser] E1 E9
[T+1731839172us][CH2-Pc    ] F0
[T+1731848180us][CH1-Dispenser] F0 F8
[T+1731917306us][CH1-Dispenser] E0
[T+1731917174us][CH2-Pc    ] E0
[T+1732092307us][CH1-Dispenser] E1
[T+1732092173us][CH2-Pc    ] E1
[T+1732260173us][CH1-Dispenser] F0 F8
[T+1732256172us][CH2-Pc    ] F0
[T+1732334172us][CH2-Pc    ] F1
[T+1732342172us][CH1-Dispenser] F1 F9
[T+1732405172us][CH2-Pc    ] E1
[T+1732410172us][CH1-Dispenser] E1 E9
[T+1732484172us][CH2-Pc    ] F0
[T+1732491172us][CH1-Dispenser] F0 F8
[T+1732562304us][CH1-Dispenser] E0
[T+1732562173us][CH2-Pc    ] E0
[T+1732726306us][CH1-Dispenser] E1
[T+1732726173us][CH2-Pc    ] E1
[T+1732904172us][CH1-Dispenser] F0 F8
[T+1732901172us][CH2-Pc    ] F0
[T+1732969172us][CH2-Pc    ] F1
[T+1732974172us][CH1-Dispenser] F1 F9
[T+1733046172us][CH2-Pc    ] E1
[T+1733050172us][CH1-Dispenser] E1 E9
[T+1733113172us][CH2-Pc    ] F0
[T+1733120814us][CH1-Dispenser] F0 F8
[T+1733192476us][CH1-Dispenser] E0
[T+1733192337us][CH2-Pc    ] E0
[T+1733368305us][CH1-Dispenser] E1
[T+1733368174us][CH2-Pc    ] E1
[T+1733543172us][CH2-Pc    ] F0
[T+1733549200us][CH1-Dispenser] F0 F8
[T+1733621172us][CH2-Pc    ] F1
[T+1733624172us][CH1-Dispenser] F1 F9
[T+1733689172us][CH2-Pc    ] E1
[T+1733695206us][CH1-Dispenser] E1 E9
[T+1733767172us][CH2-Pc    ] F0
[T+1733772172us][CH1-Dispenser] F0 F8
[T+1733845304us][CH1-Dispenser] E0
[T+1733845173us][CH2-Pc    ] E0
[T+1734031307us][CH1-Dispenser] E1
[T+1734031173us][CH2-Pc    ] E1
[T+1734195172us][CH2-Pc    ] F0
[T+1734199172us][CH1-Dispenser] F0 F8
[T+1734273172us][CH2-Pc    ] F1
[T+1734280781us][CH1-Dispenser] F1 F9
[T+1734351172us][CH2-Pc    ] E1
[T+1734356172us][CH1-Dispenser] E1 E9
[T+1734429172us][CH2-Pc    ] F0
[T+1734435200us][CH1-Dispenser] F0 F8
[T+1734509304us][CH1-Dispenser] E0
[T+1734509173us][CH2-Pc    ] E0
[T+1734686307us][CH1-Dispenser] E1
[T+1734686173us][CH2-Pc    ] E1
[T+1734850172us][CH2-Pc    ] F0
[T+1734855172us][CH1-Dispenser] F0 F8
[T+1734928172us][CH2-Pc    ] F1
[T+1734934200us][CH1-Dispenser] F1 F9
[T+1735006172us][CH2-Pc    ] E1
[T+1735010172us][CH1-Dispenser] E1 E9
[T+1735084172us][CH2-Pc    ] F0
[T+1735091814us][CH1-Dispenser] F0 F8
[T+1735162306us][CH1-Dispenser] E0
[T+1735162173us][CH2-Pc    ] E0
[T+1735337307us][CH1-Dispenser] E1
[T+1735337173us][CH2-Pc    ] E1
[T+1735512172us][CH2-Pc    ] F0
[T+1735522172us][CH1-Dispenser] F0 F8
[T+1735590172us][CH2-Pc    ] F1
[T+1735594172us][CH1-Dispenser] F1 F9
[T+1735668172us][CH2-Pc    ] E1
[T+1735675172us][CH1-Dispenser] E1 E9
[T+1735747173us][CH2-Pc    ] F0
[T+1735752173us][CH1-Dispenser] F0 F8
[T+1735825304us][CH1-Dispenser] E0
[T+1735825173us][CH2-Pc    ] E0
[T+1736000307us][CH1-Dispenser] E1
[T+1736000173us][CH2-Pc    ] E1
[T+1736164172us][CH2-Pc    ] F0
[T+1736171824us][CH1-Dispenser] F0 F8
[T+1736242172us][CH2-Pc    ] F1
[T+1736250172us][CH1-Dispenser] F1 E9
[T+1736321172us][CH2-Pc    ] E1
[T+1736327202us][CH1-Dispenser] E1 E9
[T+1736399197us][CH2-Pc    ] F0
[T+1736406172us][CH1-Dispenser] F0 F8
[T+1736477305us][CH1-Dispenser] E0
[T+1736477173us][CH2-Pc    ] E0
[T+1736652173us][CH1-Dispenser] E1
[T+1736651172us][CH2-Pc    ] E1
[T+1736826172us][CH2-Pc    ] F0
[T+1736830172us][CH1-Dispenser] F0 F8
[T+1736894172us][CH2-Pc    ] F1
[T+1736900200us][CH1-Dispenser] F1 F9
[T+1736972173us][CH2-Pc    ] E1
[T+1736976174us][CH1-Dispenser] E1 E9
[T+1737050172us][CH2-Pc    ] F0
[T+1737055172us][CH1-Dispenser] F0 F8
[T+1737128305us][CH1-Dispenser] E0
[T+1737128173us][CH2-Pc    ] E0
[T+1737303308us][CH1-Dispenser] E1
[T+1737303174us][CH2-Pc    ] E1
[T+1737478172us][CH2-Pc    ] F0
[T+1737484200us][CH1-Dispenser] F0 F8
[T+1737556196us][CH2-Pc    ] F1
[T+1737562200us][CH1-Dispenser] F1 F9
[T+1737634196us][CH2-Pc    ] E1
[T+1737641813us][CH1-Dispenser] E1 E9
[T+1737716173us][CH1-Dispenser] F0 F8
[T+1737712172us][CH2-Pc    ] F0
[T+1737787303us][CH1-Dispenser] E0
[T+1737787173us][CH2-Pc    ] E0
[T+1737962305us][CH1-Dispenser] E1
[T+1737962173us][CH2-Pc    ] E1
[T+1738137172us][CH2-Pc    ] F0
[T+1738145813us][CH1-Dispenser] F0 F8
[T+1738215172us][CH2-Pc    ] F1
[T+1738221201us][CH1-Dispenser] F1 F9
[T+1738293197us][CH2-Pc    ] E1
[T+1738302172us][CH1-Dispenser] E1 E9
[T+1738371172us][CH2-Pc    ] F0
[T+1738378172us][CH1-Dispenser] F0 F8
[T+1738459305us][CH1-Dispenser] E0
[T+1738459173us][CH2-Pc    ] E0
[T+1738634305us][CH1-Dispenser] E1
[T+1738634173us][CH2-Pc    ] E1
[T+1738809172us][CH2-Pc    ] F0
[T+1738816172us][CH1-Dispenser] F0 F8
[T+1738887172us][CH2-Pc    ] F1
[T+1738895181us][CH1-Dispenser] F1 F9
[T+1738965173us][CH2-Pc    ] E1
[T+1738971200us][CH1-Dispenser] E1 E9
[T+1739043197us][CH2-Pc    ] F0
[T+1739051172us][CH1-Dispenser] F0 F8
[T+1739121304us][CH1-Dispenser] E0
[T+1739121173us][CH2-Pc    ] E0
[T+1739296308us][CH1-Dispenser] E1
[T+1739296173us][CH2-Pc    ] E1
[T+1739460172us][CH2-Pc    ] F0
[T+1739466200us][CH1-Dispenser] F0 F8
[T+1739538204us][CH2-Pc    ] F1
[T+1739547179us][CH1-Dispenser] F1 F9
[T+1739616172us][CH2-Pc    ] E1
[T+1739621173us][CH1-Dispenser] E1 E9
[T+1739695172us][CH2-Pc    ] F0
[T+1739700174us][CH1-Dispenser] F0 F8
[T+1739773304us][CH1-Dispenser] E0
[T+1739773173us][CH2-Pc    ] E0
[T+1739947315us][CH1-Dispenser] E1
[T+1739947175us][CH2-Pc    ] E1
[T+1740123172us][CH2-Pc    ] F0
[T+1740133179us][CH1-Dispenser] F0 F8
[T+1740201172us][CH2-Pc    ] F1
[T+1740205172us][CH1-Dispenser] F1 F9
[T+1740280172us][CH2-Pc    ] E1
[T+1740286200us][CH1-Dispenser] E1 E9
[T+1740358175us][CH2-Pc    ] F0
[T+1740365172us][CH1-Dispenser] F0 F8
[T+1740436305us][CH1-Dispenser] E0
[T+1740436173us][CH2-Pc    ] E0
[T+1740600306us][CH1-Dispenser] E1
[T+1740600173us][CH2-Pc    ] E1
[T+1740775172us][CH2-Pc    ] F0
[T+1740781200us][CH1-Dispenser] F0 F8
[T+1740853196us][CH2-Pc    ] F1
[T+1740880176us][CH2-Pc    ] E1
[T+1741002172us][CH2-Pc    ] EF FA FF F8 E8 F8 FF EB EC
[T+1741032196us][CH1-Dispenser] F1 ED E1 ED EF FA FF F8 E8 F8 FF EB EC 37 F5 8D 24 34 A3 12 13 2A 9C A2
[T+1741098196us][CH2-Pc    ] E1
[T+1741106179us][CH1-Dispenser] E1 E9
[T+1741176175us][CH2-Pc    ] F0
[T+1741183172us][CH1-Dispenser] F0 F8
[T+1741254306us][CH1-Dispenser] E0
[T+1741254173us][CH2-Pc    ] E0
[T+1741429304us][CH1-Dispenser] E1
[T+1741429173us][CH2-Pc    ] E1
[T+1741604172us][CH2-Pc    ] F0
[T+1741610200us][CH1-Dispenser] F0 F8
[T+1741682172us][CH2-Pc    ] F1
[T+1741686232us][CH1-Dispenser] F1 ED
[T+1741709172us][CH2-Pc    ] E1
[T+1741730172us][CH1-Dispenser] E1 ED EF
[T+1741731172us][CH2-Pc    ] EF
[T+1741840172us][CH2-Pc    ] FA FF F8 E8 F8 FF EB EC
[T+1741868172us][CH1-Dispenser] FA FF F8 E8 F8 FF EB EC 37 F5 8D 24 A3 A3 12 68 2A 9C A2
[T+1741933172us][CH2-Pc    ] E1
[T+1741942256us][CH1-Dispenser] E1 E9
[T+1742011172us][CH2-Pc    ] F0
[T+1742017200us][CH1-Dispenser] F0 F8
[T+1742089304us][CH1-Dispenser] E0
[T+1742089173us][CH2-Pc    ] E0
[T+1742264307us][CH1-Dispenser] E1
[T+1742264173us][CH2-Pc    ] E1
[T+1742434172us][CH2-Pc    ] F0
[T+1742441172us][CH1-Dispenser] F0 F8
[T+1742527172us][CH2-Pc    ] F1 E1
[T+1742549173us][CH1-Dispenser] F1 ED E1 ED EF
[T+1742550172us][CH2-Pc    ] EF
[T+1742659172us][CH2-Pc    ] FA FF F8 E8 F8 FF EB EC
[T+1742688172us][CH1-Dispenser] FA FF F8 E8 F8 FF EB EC 37 E5 8D 24 A3 C7 32 F4 60 76 CD
[T+1742762172us][CH2-Pc    ] E1
[T+1742767172us][CH1-Dispenser] E1 E9
[T+1742840172us][CH2-Pc    ] F0
[T+1742846201us][CH1-Dispenser] F0 F8
[T+1742918309us][CH1-Dispenser] E0
[T+1742918173us][CH2-Pc    ] E0
[T+1743094308us][CH1-Dispenser] E1
[T+1743094174us][CH2-Pc    ] E1
[T+1743258172us][CH2-Pc    ] F0
[T+1743266172us][CH1-Dispenser] F0 F8
[T+1743339172us][CH2-Pc    ] F1
[T+1743365172us][CH2-Pc    ] E1
[T+1743487172us][CH2-Pc    ] EF FA FF F8 E8 F8 FF EB EC
[T+1743518306us][CH1-Dispenser] F1 ED E1 ED EF FA FF F8 E8 F8 FF EB EC 37 F5 8D 24 A3 A3 22 13 2A 9C A2
[T+1743595172us][CH2-Pc    ] E1
[T+1743601200us][CH1-Dispenser] E1 E9
[T+1743673199us][CH2-Pc    ] F0
[T+1743680172us][CH1-Dispenser] F0 F8
[T+1743751305us][CH1-Dispenser] E0
[T+1743751173us][CH2-Pc    ] E0
[T+1743938307us][CH1-Dispenser] E1
[T+1743938174us][CH2-Pc    ] E1
[T+1744106172us][CH1-Dispenser] F0 F8
[T+1744102172us][CH2-Pc    ] F0
[T+1744180172us][CH2-Pc    ] F1
[T+1744185172us][CH1-Dispenser] F1 ED
[T+1744318172us][CH2-Pc    ] E1 EF FA FF F8 E8 F8 FF EB EC
[T+1744349172us][CH1-Dispenser] E1 ED EF FA FF F8 E8 F8 FF EB EC 37 E5 8D 24 A3 A3 12 E8 F0 F6 CD
[T+1744424172us][CH2-Pc    ] E1
[T+1744432172us][CH1-Dispenser] E1 E9
[T+1744503172us][CH2-Pc    ] F0
[T+1744511172us][CH1-Dispenser] F0 E8
[T+1744581305us][CH1-Dispenser] E0
[T+1744581173us][CH2-Pc    ] E0
[T+1744756311us][CH1-Dispenser] E1
[T+1744756173us][CH2-Pc    ] E1
[T+1744931172us][CH2-Pc    ] F0
[T+1744935172us][CH1-Dispenser] F0 F8
[T+1745009172us][CH2-Pc    ] F1
[T+1745036172us][CH2-Pc    ] E1
[T+1745158172us][CH2-Pc    ] EF FA FF F8 E8 F8 FF EB EC
[T+1745189172us][CH1-Dispenser] F1 ED E1 ED EF FA FF F8 E8 F8 FF EB EC 37 AB 8D 24 F1 E1 32 F4 F0 36 E2
[T+1745262172us][CH2-Pc    ] E1
[T+1745266172us][CH1-Dispenser] E1 E9
[T+1745340172us][CH2-Pc    ] F0
[T+1745345172us][CH1-Dispenser] F0 F8
[T+1745418307us][CH1-Dispenser] E0
[T+1745418174us][CH2-Pc    ] E0
[T+1745593175us][CH1-Dispenser] E1
[T+1745593314us][CH2-Pc    ] E1
[T+1745760172us][CH1-Dispenser] F0 F8
[T+1745757181us][CH2-Pc    ] F0
[T+1745825180us][CH2-Pc    ] F1
[T+1745830188us][CH1-Dispenser] F1 ED
[T+1745852172us][CH2-Pc    ] E1
[T+1745926509us][CH1-Dispenser] E1 ED EF FA FF F8 E8
[T+1745926334us][CH2-Pc    ] EF FA FF F8 E8
[T+1745949780us][CH1-Dispenser] F8
[T+1745949635us][CH2-Pc    ] F8
[T+1745994181us][CH2-Pc    ] FF EB EC
[T+1746024145us][CH1-Dispenser] FF EB EC 37 E5 8D 24 A3 A3 12 68 2A 3C CD FC
[T+1746098518us][CH2-Pc    ] E1
[T+1746102415us][CH1-Dispenser] E1 E9
[T+1746176174us][CH2-Pc    ] F0
[T+1746181172us][CH1-Dispenser] F0 F8
[T+1746254307us][CH1-Dispenser] E0
[T+1746254173us][CH2-Pc    ] E0
[T+1746429306us][CH1-Dispenser] E1
[T+1746429173us][CH2-Pc    ] E1
[T+1746604172us][CH2-Pc    ] F0
[T+1746612807us][CH1-Dispenser] F0 F8
[T+1746683172us][CH2-Pc    ] F1
[T+1746832172us][CH2-Pc    ] E1 EF FA FF F8 E8 F8 FF EB EC
[T+1746863172us][CH1-Dispenser] F1 ED E1 ED EF FA FF F8 E8 F8 FF EB EC 37 AB 8D 24 F1 F1 A2 F5 F0 AC 22
[T+1746935196us][CH2-Pc    ] E1
[T+1746942815us][CH1-Dispenser] E1 E9
[T+1747013174us][CH2-Pc    ] F0
[T+1747018172us][CH1-Dispenser] F0 F8
[T+1747091304us][CH1-Dispenser] E0
[T+1747091173us][CH2-Pc    ] E0
[T+1747266308us][CH1-Dispenser] E1
[T+1747266173us][CH2-Pc    ] E1
[T+1747430172us][CH2-Pc    ] F0
[T+1747436200us][CH1-Dispenser] F0 F8
[T+1747508196us][CH2-Pc    ] F1
[T+1747535172us][CH2-Pc    ] E1
[T+1747556172us][CH1-Dispenser] F1 ED E1 ED EF
[T+1747557172us][CH2-Pc    ] EF
[T+1747578304us][CH1-Dispenser] FA
[T+1747578173us][CH2-Pc    ] FA
[T+1747636305us][CH1-Dispenser] FF F8 E8 F8
[T+1747636173us][CH2-Pc    ] FF F8 E8 F8
[T+1747693295us][CH2-Pc    ] FF EB EC
[T+1747722176us][CH1-Dispenser] FF EB EC 37 F5 8D 24 A3 F1 A2 13 2A 9C A2
[T+1747746197us][CH2-Pc    ] E1
[T+1747919307us][CH1-Dispenser] E1 ED EF F8 FC ED E8 FD F8 F8 E8 E8 FF EA EC
[T+1747919174us][CH2-Pc    ] EF F8 FC ED E8 FD F8 F8 E8 E8 FF EA EC
[T+1748009196us][CH2-Pc    ] F1
[T+1748036174us][CH2-Pc    ] E1
[T+1748209307us][CH1-Dispenser] F1 ED E1 ED EF F8 FD FE F8 F8 F8 F8 F8 F8 FF E9 EC
[T+1748209173us][CH2-Pc    ] EF F8 FD FE F8 F8 F8 F8 F8 F8 FF E9 EC
[T+1748299172us][CH2-Pc    ] F1
[T+1748325172us][CH1-Dispenser] F1 ED E5
[T+1748326172us][CH2-Pc    ] E5
[T+1748413172us][CH2-Pc    ] F1
[T+1748420815us][CH1-Dispenser] F1 F5
[T+1748491172us][CH2-Pc    ] E1
[T+1748497200us][CH1-Dispenser] E1 E9
[T+1748569197us][CH2-Pc    ] F0
[T+1748578172us][CH1-Dispenser] F0 F8
[T+1748647585us][CH1-Dispenser] E0
[T+1748647449us][CH2-Pc    ] E0
[T+1748822308us][CH1-Dispenser] E1
[T+1748822173us][CH2-Pc    ] E1
[T+1748997172us][CH2-Pc    ] F0
[T+1749000173us][CH1-Dispenser] F0 F8
[T+1749064172us][CH2-Pc    ] F1
[T+1749070200us][CH1-Dispenser] F1 F5
[T+1749642172us][CH2-Pc    ] E1
[T+1749647176us][CH1-Dispenser] E1 E9
[T+1749721172us][CH2-Pc    ] F0
[T+1749726173us][CH1-Dispenser] F0 F8
[T+1749799304us][CH1-Dispenser] E0
[T+1749799173us][CH2-Pc    ] E0
[T+1749984313us][CH1-Dispenser] E1
[T+1749984174us][CH2-Pc    ] E1
[T+1750148172us][CH2-Pc    ] F0
[T+1750157172us][CH1-Dispenser] F0 F8
[T+1750227172us][CH2-Pc    ] F1
[T+1750230173us][CH1-Dispenser] F1 F5
[T+1750254196us][CH2-Pc    ] F9
[T+1750267173us][CH1-Dispenser] F9 78 38 38
[T+1750346172us][CH2-Pc    ] E1
[T+1750351172us][CH1-Dispenser] E1 E9
[T+1750424172us][CH2-Pc    ] F0
[T+1750432179us][CH1-Dispenser] F0 F8
[T+1750502309us][CH1-Dispenser] E0
[T+1750502174us][CH2-Pc    ] E0
[T+1750688307us][CH1-Dispenser] E1
[T+1750688173us][CH2-Pc    ] E1
[T+1750851173us][CH2-Pc    ] F0
[T+1750857200us][CH1-Dispenser] F0 E8
[T+1750930172us][CH2-Pc    ] F1
[T+1750957172us][CH2-Pc    ] F9
[T+1750966179us][CH1-Dispenser] F1 F5 F9 38 38 38
[T+1751039172us][CH2-Pc    ] E1
[T+1751047818us][CH1-Dispenser] E1 E9
[T+1751122172us][CH1-Dispenser] F0 F8
[T+1751118172us][CH2-Pc    ] F0
[T+1751196304us][CH1-Dispenser] E0
[T+1751196173us][CH2-Pc    ] E0
[T+1751374308us][CH1-Dispenser] E1
[T+1751374173us][CH2-Pc    ] E1
[T+1751538172us][CH2-Pc    ] F0
[T+1751547179us][CH1-Dispenser] F0 F8
[T+1751616172us][CH2-Pc    ] F1
[T+1751621175us][CH1-Dispenser] F1 F5
[T+1751643308us][CH2-Pc    ] F9
[T+1751659176us][CH1-Dispenser] F9 38 38 38
[T+1751732172us][CH2-Pc    ] E1
[T+1751737173us][CH1-Dispenser] E1 E9
[T+1751810172us][CH2-Pc    ] F0
[T+1751818777us][CH1-Dispenser] F0 F8
[T+1751890172us][CH1-Dispenser] E0
[T+1751889173us][CH2-Pc    ] E0
[T+1752056308us][CH1-Dispenser] E1
[T+1752056173us][CH2-Pc    ] E1
[T+1752230196us][CH2-Pc    ] F0
[T+1752236210us][CH1-Dispenser] F0 F8
[T+1752308196us][CH2-Pc    ] F1
[T+1752336176us][CH2-Pc    ] F9
[T+1752346172us][CH1-Dispenser] F1 F5 F9 B9 CF 38
[T+1752417172us][CH2-Pc    ] E1
[T+1752422172us][CH1-Dispenser] E1 E9
[T+1752495172us][CH2-Pc    ] F0
[T+1752504172us][CH1-Dispenser] F0 F8
[T+1752583304us][CH1-Dispenser] E0
[T+1752583173us][CH2-Pc    ] E0
[T+1752758308us][CH1-Dispenser] E1
[T+1752758173us][CH2-Pc    ] E1
[T+1752935172us][CH2-Pc    ] F0
[T+1752941201us][CH1-Dispenser] F0 F8
[T+1753013196us][CH2-Pc    ] F1
[T+1753040172us][CH2-Pc    ] F9
[T+1753053172us][CH1-Dispenser] F1 F5 F9 69 29 38
[T+1753119197us][CH2-Pc    ] E1
[T+1753128785us][CH1-Dispenser] E1 E9
[T+1753197172us][CH2-Pc    ] F0
[T+1753202173us][CH1-Dispenser] F0 F8
[T+1753275304us][CH1-Dispenser] E0
[T+1753275173us][CH2-Pc    ] E0
[T+1753450303us][CH1-Dispenser] E1
[T+1753450173us][CH2-Pc    ] E1
[T+1753625172us][CH2-Pc    ] F0
[T+1753634318us][CH1-Dispenser] F0 F8
[T+1753704172us][CH2-Pc    ] F1
[T+1753731172us][CH2-Pc    ] F9
[T+1753742262us][CH1-Dispenser] F1 F5 F9 79 39 38
[T+1753810172us][CH2-Pc    ] E1
[T+1753818179us][CH1-Dispenser] E1 E9
[T+1753889172us][CH2-Pc    ] F0
[T+1753897172us][CH1-Dispenser] F0 F8
[T+1753968305us][CH1-Dispenser] E0
[T+1753968173us][CH2-Pc    ] E0
[T+1754140305us][CH1-Dispenser] E1
[T+1754140173us][CH2-Pc    ] E1
[T+1754330172us][CH2-Pc    ] F0
[T+1754337172us][CH1-Dispenser] F0 F8
[T+1754408172us][CH2-Pc    ] F1
[T+1754436172us][CH2-Pc    ] F9
[T+1754447436us][CH1-Dispenser] F1 F5 F9 78 39 38
[T+1754519196us][CH2-Pc    ] E1
[T+1754528623us][CH1-Dispenser] E1 E9
[T+1754597172us][CH2-Pc    ] F0
[T+1754603200us][CH1-Dispenser] F0 F8
[T+1754676308us][CH1-Dispenser] E0
[T+1754676173us][CH2-Pc    ] E0
[T+1754863306us][CH1-Dispenser] E1
[T+1754863173us][CH2-Pc    ] E1
[T+1755040173us][CH2-Pc    ] F0
[T+1755046202us][CH1-Dispenser] F0 F8
[T+1755120172us][CH2-Pc    ] F1
[T+1755147172us][CH2-Pc    ] F9
[T+1755158180us][CH1-Dispenser] F1 F5 F9 39 2A 38
[T+1755226172us][CH2-Pc    ] E1
[T+1755232200us][CH1-Dispenser] E1 E9
[T+1755304197us][CH2-Pc    ] F0
[T+1755313809us][CH1-Dispenser] F0 F8
[T+1755402305us][CH1-Dispenser] E0
[T+1755402173us][CH2-Pc    ] E0
[T+1755577305us][CH1-Dispenser] E1
[T+1755577173us][CH2-Pc    ] E1
[T+1755765172us][CH2-Pc    ] F0
[T+1755772172us][CH1-Dispenser] F0 F8
[T+1755844196us][CH2-Pc    ] F1
[T+1755871172us][CH2-Pc    ] F9
[T+1755884172us][CH1-Dispenser] F1 F5 F9 38 28 71
[T+1755949172us][CH2-Pc    ] E1
[T+1755957172us][CH1-Dispenser] E1 E9
[T+1756029196us][CH2-Pc    ] F0
[T+1756038179us][CH1-Dispenser] F0 F8
[T+1756107304us][CH1-Dispenser] E0
[T+1756107173us][CH2-Pc    ] E0
[T+1756271304us][CH1-Dispenser] E1
[T+1756271173us][CH2-Pc    ] E1
[T+1756470172us][CH2-Pc    ] F0
[T+1756479179us][CH1-Dispenser] F0 F8
[T+1756549172us][CH2-Pc    ] F1
[T+1756570172us][CH2-Pc    ] F9
[T+1756582213us][CH1-Dispenser] F1 F5 F9 2A 28 70
[T+1756649172us][CH2-Pc    ] E1
[T+1756658814us][CH1-Dispenser] E1 E9
[T+1756727172us][CH2-Pc    ] F0
[T+1756731172us][CH1-Dispenser] F0 F8
[T+1756805304us][CH1-Dispenser] E0
[T+1756805173us][CH2-Pc    ] E0
[T+1756983307us][CH1-Dispenser] E1
[T+1756983173us][CH2-Pc    ] E1
[T+1757147172us][CH2-Pc    ] F0
[T+1757152172us][CH1-Dispenser] F0 F8
[T+1757225172us][CH2-Pc    ] F1
[T+1757231200us][CH1-Dispenser] F1 F5
[T+1757253173us][CH2-Pc    ] F9
[T+1757262183us][CH1-Dispenser] F9 B8 69 71
[T+1757335172us][CH2-Pc    ] E1
[T+1757342774us][CH1-Dispenser] E1 E9
[T+1757416172us][CH1-Dispenser] F0 F8
[T+1757413172us][CH2-Pc    ] F0
[T+1757480305us][CH1-Dispenser] E0
[T+1757480173us][CH2-Pc    ] E0
[T+1757655308us][CH1-Dispenser] E1
[T+1757655173us][CH2-Pc    ] E1
[T+1757819172us][CH2-Pc    ] F0
[T+1757826814us][CH1-Dispenser] F0 F8
[T+1757913172us][CH2-Pc    ] F1 F9
[T+1757931196us][CH1-Dispenser] F1 F5 F9 29 70 70
[T+1758003196us][CH2-Pc    ] E1
[T+1758009201us][CH1-Dispenser] E1 E9
[T+1758081172us][CH2-Pc    ] F0
[T+1758086172us][CH1-Dispenser] F0 F8
[T+1758159305us][CH1-Dispenser] E0
[T+1758159173us][CH2-Pc    ] E0
[T+1758335308us][CH1-Dispenser] E1
[T+1758335173us][CH2-Pc    ] E1
[T+1758509198us][CH2-Pc    ] F0
[T+1758517172us][CH1-Dispenser] F0 F8
[T+1758588172us][CH2-Pc    ] F1
[T+1758593172us][CH1-Dispenser] F1 F5
[T+1758615172us][CH2-Pc    ] F9
[T+1758627213us][CH1-Dispenser] F9 29 28 71
[T+1758727172us][CH2-Pc    ] E1
[T+1758732173us][CH1-Dispenser] E1 E9
[T+1758805172us][CH2-Pc    ] F0
[T+1758812172us][CH1-Dispenser] F0 F8
[T+1758884305us][CH1-Dispenser] E0
[T+1758884173us][CH2-Pc    ] E0
[T+1759059306us][CH1-Dispenser] E1
[T+1759059174us][CH2-Pc    ] E1
[T+1759234172us][CH2-Pc    ] F0
[T+1759242172us][CH1-Dispenser] F0 F8
[T+1759312172us][CH2-Pc    ] F1
[T+1759316172us][CH1-Dispenser] F1 F5
[T+1759340173us][CH2-Pc    ] F9
[T+1759352213us][CH1-Dispenser] F9 39 7B 71
[T+1759419172us][CH2-Pc    ] E1
[T+1759429172us][CH1-Dispenser] E1 E9
[T+1759498172us][CH2-Pc    ] F0
[T+1759503174us][CH1-Dispenser] F0 F8
[T+1759576304us][CH1-Dispenser] E0
[T+1759576173us][CH2-Pc    ] E0
[T+1759740306us][CH1-Dispenser] E1
[T+1759740173us][CH2-Pc    ] E1
[T+1759915174us][CH2-Pc    ] F0
[T+1759922172us][CH1-Dispenser] F0 F8
[T+1759993172us][CH2-Pc    ] F1
[T+1760020172us][CH2-Pc    ] F9
[T+1760033172us][CH1-Dispenser] F1 F5 F9 68 F7 8E F8
[T+1760099196us][CH2-Pc    ] E1
[T+1760108172us][CH1-Dispenser] E1 E9
[T+1760177172us][CH2-Pc    ] F0
[T+1760182172us][CH1-Dispenser] F0 F8
[T+1760258305us][CH1-Dispenser] E0
[T+1760258173us][CH2-Pc    ] E0
[T+1760433307us][CH1-Dispenser] E1
[T+1760433173us][CH2-Pc    ] E1
[T+1760608172us][CH2-Pc    ] F0
[T+1760613172us][CH1-Dispenser] F0 FE
[T+1760686172us][CH2-Pc    ] F1
[T+1760692201us][CH1-Dispenser] F1 F5
[T+1760714172us][CH2-Pc    ] F9
[T+1760728176us][CH1-Dispenser] F9 38 76 38
[T+1760802172us][CH2-Pc    ] E1
[T+1760809172us][CH1-Dispenser] E1 FD
[T+1760830172us][CH2-Pc    ] F1
[T+1760838830us][CH1-Dispenser] F1 FD
[T+1760930305us][CH1-Dispenser] EF FA FF F8 E8 F8
[T+1760930173us][CH2-Pc    ] EF FA FF F8 E8 F8
[T+1760977172us][CH2-Pc    ] FF EB EC
[T+1761006172us][CH1-Dispenser] FF EB EC 37 E5 8D 24 A3 A3 12 68 F0 9B 22
[T+1761081172us][CH2-Pc    ] F0
[T+1761086172us][CH1-Dispenser] F0 F8
[T+1761159306us][CH1-Dispenser] E0
[T+1761159174us][CH2-Pc    ] E0
[T+1761334307us][CH1-Dispenser] E1
[T+1761334174us][CH2-Pc    ] E1
[T+1761510172us][CH2-Pc    ] F0
[T+1761516201us][CH1-Dispenser] F0 F8
[T+1761592172us][CH1-Dispenser] F1 F5
[T+1761588172us][CH2-Pc    ] F1
[T+1761615172us][CH2-Pc    ] F9
[T+1761630172us][CH1-Dispenser] F9 78 A9 F1
[T+1761695172us][CH2-Pc    ] E1
[T+1761703819us][CH1-Dispenser] E1 FD
[T+1761724172us][CH2-Pc    ] F1
[T+1761833304us][CH1-Dispenser] F1 FD EF FA FF F8 E8 F8 FF EB
[T+1761833173us][CH2-Pc    ] EF FA FF F8 E8 F8 FF EB
[T+1761855172us][CH2-Pc    ] EC
[T+1761888172us][CH1-Dispenser] EC 37 AB 8D 24 F1 F1 12 68 F0 9B 22
[T+1761956172us][CH2-Pc    ] F0
[T+1761962211us][CH1-Dispenser] F0 F8
[T+1762034304us][CH1-Dispenser] E0
[T+1762034173us][CH2-Pc    ] E0
[T+1762210307us][CH1-Dispenser] E1
[T+1762210173us][CH2-Pc    ] E1
[T+1762385172us][CH2-Pc    ] F0
[T+1762392819us][CH1-Dispenser] F0 F8
[T+1762464197us][CH2-Pc    ] F1
[T+1762491172us][CH2-Pc    ] F9
[T+1762503213us][CH1-Dispenser] F1 F5 F9 2A 70 83 F8
[T+1762569196us][CH2-Pc    ] E1
[T+1762597172us][CH2-Pc    ] F1
[T+1762720172us][CH2-Pc    ] EF FA FF F8 E8 F8 FF EB EC
[T+1762749172us][CH1-Dispenser] E1 ED F1 FD EF FA FF F8 E8 F8 FF EB EC 37 AB 8D 24 F1 F1 12 68 C6 AB 22
[T+1762824172us][CH2-Pc    ] F0
[T+1762831810us][CH1-Dispenser] F0 F8
[T+1762902305us][CH1-Dispenser] E0
[T+1762902173us][CH2-Pc    ] E0
[T+1763077306us][CH1-Dispenser] E1
[T+1763077173us][CH2-Pc    ] E1
[T+1763241172us][CH2-Pc    ] F0
[T+1763247202us][CH1-Dispenser] F0 F8
[T+1763319197us][CH2-Pc    ] F1
[T+1763346172us][CH2-Pc    ] F9
[T+1763359172us][CH1-Dispenser] F1 F5 F9 AA 39 38
[T+1763424172us][CH2-Pc    ] E1
[T+1763452172us][CH2-Pc    ] F1
[T+1763524305us][CH1-Dispenser] E1 FD F1 FD EF FA FF F8 E8
[T+1763524173us][CH2-Pc    ] EF FA FF F8 E8
[T+1763584197us][CH2-Pc    ] F8 FF EB EC
[T+1763614196us][CH1-Dispenser] F8 FF EB EC 37 E5 8D 24 F1 F1 A2 13 2A 9B A2
[T+1763692172us][CH1-Dispenser] F0 F8
[T+1763688172us][CH2-Pc    ] F0
[T+1763766306us][CH1-Dispenser] E0
[T+1763766173us][CH2-Pc    ] E0
[T+1763953308us][CH1-Dispenser] E1
[T+1763953173us][CH2-Pc    ] E1
[T+1764119172us][CH2-Pc    ] F0
[T+1764127179us][CH1-Dispenser] F0 F8
[T+1764201172us][CH1-Dispenser] F1 F5
[T+1764197172us][CH2-Pc    ] F1
[T+1764224172us][CH2-Pc    ] F9
[T+1764239176us][CH1-Dispenser] F9 29 7A 38
[T+1764343305us][CH1-Dispenser] E1 FD F1 FD EF
[T+1764343173us][CH2-Pc    ] E1 F1 EF
[T+1764454172us][CH2-Pc    ] FA FF F8 E8 F8 FF EB EC
[T+1764485172us][CH1-Dispenser] FA FF F8 E8 F8 FF EB EC 37 AB 8D 24 A3 A3 12 68 F0 AB 22
[T+1764558172us][CH2-Pc    ] F0
[T+1764564200us][CH1-Dispenser] F0 E8
[T+1764637172us][CH1-Dispenser] E0
[T+1764636172us][CH2-Pc    ] E0
[T+1764812307us][CH1-Dispenser] E1
[T+1764812174us][CH2-Pc    ] E1
[T+1764978172us][CH2-Pc    ] F0
[T+1764983174us][CH1-Dispenser] F0 F8
[T+1765056172us][CH2-Pc    ] F1
[T+1765084172us][CH2-Pc    ] F9
[T+1765099172us][CH1-Dispenser] F1 F5 F9 BA 74 87 F8
[T+1765189197us][CH2-Pc    ] E1 F1
[T+1765225305us][CH1-Dispenser] E1 FD F1 FD EF FA
[T+1765225173us][CH2-Pc    ] EF FA
[T+1765322172us][CH2-Pc    ] FF F8 E8 F8 FF EB EC
[T+1765353172us][CH1-Dispenser] FF F8 E8 F8 FF EB EC 37 F5 8D 24 A3 F1 22 12 15 B3 D1
[T+1765426172us][CH2-Pc    ] F0
[T+1765432200us][CH1-Dispenser] F0 F8
[T+1765506308us][CH1-Dispenser] E0
[T+1765506174us][CH2-Pc    ] E0
[T+1765683307us][CH1-Dispenser] E1
[T+1765683173us][CH2-Pc    ] E1
[T+1765858172us][CH2-Pc    ] F0
[T+1765861172us][CH1-Dispenser] F0 F8
[T+1765925172us][CH2-Pc    ] F1
[T+1765932172us][CH1-Dispenser] F1 F5
[T+1765954173us][CH2-Pc    ] F9
[T+1765968176us][CH1-Dispenser] F9 38 70 83 F8
[T+1766042172us][CH2-Pc    ] E1
[T+1766047172us][CH1-Dispenser] E1 FD
[T+1766070172us][CH2-Pc    ] F1
[T+1766193339us][CH2-Pc    ] EF FA FF F8 E8 F8 FF EB EC
[T+1766222172us][CH1-Dispenser] F1 FD EF FA FF F8 E8 F8 FF EB EC 37 F5 8D 24 F1 F1 22 13 2A 9B A2
[T+1766287172us][CH2-Pc    ] F0
[T+1766294172us][CH1-Dispenser] F0 F8
[T+1766473307us][CH1-Dispenser] E0
[T+1766473173us][CH2-Pc    ] E0
[T+1766648308us][CH1-Dispenser] E1
[T+1766648173us][CH2-Pc    ] E1
[T+1766824172us][CH2-Pc    ] F0
[T+1766833814us][CH1-Dispenser] F0 F8
[T+1766902172us][CH2-Pc    ] F1
[T+1766929197us][CH2-Pc    ] F9
[T+1766944172us][CH1-Dispenser] F1 F5 F9 EA 75 0B F8
[T+1767009172us][CH2-Pc    ] E1
[T+1767037751us][CH2-Pc    ] F1
[T+1767159172us][CH2-Pc    ] EF FA FF F8 E8 F8 FF EB EC
[T+1767191172us][CH1-Dispenser] E1 FD F1 FD EF FA FF F8 E8 F8 FF EB EC 37 F5 8D 24 F1 F1 A2 13 56 76 CD FE
[T+1767262172us][CH2-Pc    ] F0
[T+1767269172us][CH1-Dispenser] F0 F8
[T+1767339305us][CH1-Dispenser] E0
[T+1767339173us][CH2-Pc    ] E0
[T+1767518308us][CH1-Dispenser] E1
[T+1767518173us][CH2-Pc    ] E1
[T+1767696173us][CH2-Pc    ] F0
[T+1767702200us][CH1-Dispenser] F0 F8
[T+1767774196us][CH2-Pc    ] F1
[T+1767782179us][CH1-Dispenser] F1 F5
[T+1767814172us][CH2-Pc    ] F9
[T+1767829172us][CH1-Dispenser] F9 39 72 C5 F8
[T+1767908172us][CH1-Dispenser] E1 ED
[T+1767904172us][CH2-Pc    ] E1
[T+1767931172us][CH2-Pc    ] F1
[T+1768053172us][CH2-Pc    ] EF FA FF F8 E8 F8 FF EB EC
[T+1768079172us][CH1-Dispenser] F1 FD EF FA FF F8 E8 F8 FF EB EC 37 AB 8D 24 A3 A3 12 68 60 AB 22
[T+1768147172us][CH2-Pc    ] F0
[T+1768153200us][CH1-Dispenser] F0 F8
[T+1768225308us][CH1-Dispenser] E0
[T+1768225173us][CH2-Pc    ] E0
[T+1768400305us][CH1-Dispenser] E1
[T+1768400173us][CH2-Pc    ] E1
[T+1768575172us][CH2-Pc    ] F0
[T+1768582818us][CH1-Dispenser] F0 F8
[T+1768653172us][CH2-Pc    ] F1
[T+1768658181us][CH1-Dispenser] F1 F5
[T+1768680177us][CH2-Pc    ] F9
[T+1768693464us][CH1-Dispenser] F9 2A 70 C5 F8
[T+1768758172us][CH2-Pc    ] E1
[T+1768764200us][CH1-Dispenser] E1 FD
[T+1768786172us][CH2-Pc    ] F1
[T+1768831306us][CH1-Dispenser] F1 FD EF FA FF
[T+1768831173us][CH2-Pc    ] EF FA FF
[T+1768854307us][CH1-Dispenser] F8
[T+1768854174us][CH2-Pc    ] F8
[T+1768875307us][CH1-Dispenser] E8
[T+1768875173us][CH2-Pc    ] E8
[T+1768897992us][CH1-Dispenser] F8
[T+1768897858us][CH2-Pc    ] F8
[T+1768943262us][CH2-Pc    ] FF EB EC
[T+1768971172us][CH1-Dispenser] FF EB EC 37 F5 8D 24 A3 A3 A2 68 2A 9B A2
[T+1769045172us][CH2-Pc    ] F0
[T+1769052172us][CH1-Dispenser] F0 F8
[T+1769124304us][CH1-Dispenser] E0
[T+1769124173us][CH2-Pc    ] E0
[T+1769289307us][CH1-Dispenser] E1
[T+1769289173us][CH2-Pc    ] E1
[T+1769463172us][CH2-Pc    ] F0
[T+1769468173us][CH1-Dispenser] F0 FE
[T+1769542172us][CH2-Pc    ] F1
[T+1769547172us][CH1-Dispenser] F1 F5
[T+1769569172us][CH2-Pc    ] F9
[T+1769585177us][CH1-Dispenser] F9 29 31 87 F8
[T+1769659172us][CH2-Pc    ] E1
[T+1769663173us][CH1-Dispenser] E1 FD
[T+1769687196us][CH2-Pc    ] F1
[T+1769772305us][CH1-Dispenser] F1 FD EF FA FF F8 E8 F8
[T+1769772173us][CH2-Pc    ] EF FA FF F8 E8 F8
[T+1769825172us][CH2-Pc    ] FF EB EC
[T+1769856172us][CH1-Dispenser] FF EB EC 37 F5 8D 24 A3 A3 12 E4 F0 F5 D1
[T+1769922197us][CH2-Pc    ] F0
[T+1769928200us][CH1-Dispenser] F0 F8
[T+1770001307us][CH1-Dispenser] E0
[T+1770001174us][CH2-Pc    ] E0
[T+1770187304us][CH1-Dispenser] E1
[T+1770187173us][CH2-Pc    ] E1
[T+1770351172us][CH2-Pc    ] F0
[T+1770357200us][CH1-Dispenser] F0 F8
[T+1770429196us][CH2-Pc    ] F1
[T+1770457685us][CH2-Pc    ] F9
[T+1770469214us][CH1-Dispenser] F1 F5 F9 B9 70 28
[T+1770537172us][CH2-Pc    ] E1
[T+1770564172us][CH2-Pc    ] F1
[T+1770585173us][CH1-Dispenser] E1 FD F1 FD EF
[T+1770585304us][CH2-Pc    ] EF
[T+1770631304us][CH1-Dispenser] FA FF F8
[T+1770631173us][CH2-Pc    ] FA FF F8
[T+1770654306us][CH1-Dispenser] E8
[T+1770654174us][CH2-Pc    ] E8
[T+1770675303us][CH1-Dispenser] F8
[T+1770675174us][CH2-Pc    ] F8
[T+1770723197us][CH2-Pc    ] FF EB EC
[T+1770751172us][CH1-Dispenser] FF EB EC 37 F5 8D 24 A3 A3 12 68 F0 AB 22
[T+1770936305us][CH1-Dispenser] F1 FD EF F8 FC ED E8 FD F8 F8 E8 E8 FF EA EC
[T+1770936173us][CH2-Pc    ] F1 EF F8 FC ED E8 FD F8 F8 E8 E8 FF EA EC
[T+1771026172us][CH2-Pc    ] E1
[T+1771053172us][CH2-Pc    ] F1
[T+1771124305us][CH1-Dispenser] E1 FD F1 FD EF F8 FD FE F8
[T+1771124173us][CH2-Pc    ] EF F8 FD FE F8
[T+1771147303us][CH1-Dispenser] F8
[T+1771147173us][CH2-Pc    ] F8
[T+1771168300us][CH1-Dispenser] F8
[T+1771168173us][CH2-Pc    ] F8
[T+1771190305us][CH1-Dispenser] E8
[T+1771190173us][CH2-Pc    ] E8
[T+1771232304us][CH1-Dispenser] E8 F8
[T+1771232173us][CH2-Pc    ] E8 F8
[T+1771279404us][CH1-Dispenser] FF F8 EC
[T+1771279267us][CH2-Pc    ] FF F8 EC
[T+1771369172us][CH2-Pc    ] E1
[T+1771373172us][CH1-Dispenser] E1 FD
[T+1771396311us][CH1-Dispenser] F5
[T+1771396173us][CH2-Pc    ] F5
[T+1771483174us][CH2-Pc    ] E1
[T+1771489207us][CH1-Dispenser] E1 E5
[T+1771561196us][CH2-Pc    ] F0
[T+1771568172us][CH1-Dispenser] F0 E8
[T+1771639304us][CH1-Dispenser] E0
[T+1771639173us][CH2-Pc    ] E0
[T+1771803306us][CH1-Dispenser] E1
[T+1771803173us][CH2-Pc    ] E1
[T+1771979172us][CH2-Pc    ] F0
[T+1771988172us][CH1-Dispenser] F0 F8
[T+1772057172us][CH2-Pc    ] F1
[T+1772084196us][CH2-Pc    ] F9
[T+1772098172us][CH1-Dispenser] F1 F5 F9 3A 29 70
[T+1772162172us][CH2-Pc    ] E1
[T+1772168200us][CH1-Dispenser] E1 E5
[T+1772741172us][CH2-Pc    ] F0
[T+1772748172us][CH1-Dispenser] F0 F8
[T+1772819311us][CH1-Dispenser] E0
[T+1772819175us][CH2-Pc    ] E0
[T+1772994173us][CH1-Dispenser] E1
[T+1772993173us][CH2-Pc    ] E1
[T+1773169172us][CH2-Pc    ] F0
[T+1773181235us][CH1-Dispenser] F0 F8
[T+1773248172us][CH2-Pc    ] F1
[T+1773253172us][CH1-Dispenser] F1 F5
[T+1773275172us][CH2-Pc    ] F9
[T+1773288172us][CH1-Dispenser] F9 A9 B8 70
[T+1773370172us][CH2-Pc    ] E1 E9
[T+1773385173us][CH1-Dispenser] E1 E5 E9 38 38 38
[T+1773460172us][CH2-Pc    ] F0
[T+1773468179us][CH1-Dispenser] F0 F8
[T+1773538305us][CH1-Dispenser] E0
[T+1773538173us][CH2-Pc    ] E0
[T+1773715306us][CH1-Dispenser] E1
[T+1773715173us][CH2-Pc    ] E1
[T+1773890172us][CH2-Pc    ] F0
[T+1773897172us][CH1-Dispenser] F0 F8
[T+1773968172us][CH2-Pc    ] F1
[T+1773973173us][CH1-Dispenser] F1 F5
[T+1773995172us][CH2-Pc    ] F9
[T+1774010172us][CH1-Dispenser] F9 28 38 33
[T+1774075172us][CH2-Pc    ] E1
[T+1774079172us][CH1-Dispenser] E1 E5
[T+1774102172us][CH2-Pc    ] E9
[T+1774115172us][CH1-Dispenser] E9 38 38 38
[T+1774181197us][CH2-Pc    ] F0
[T+1774187201us][CH1-Dispenser] F0 F8
[T+1774259305us][CH1-Dispenser] E0
[T+1774259173us][CH2-Pc    ] E0
[T+1774434305us][CH1-Dispenser] E1
[T+1774434173us][CH2-Pc    ] E1
[T+1774609172us][CH2-Pc    ] F0
[T+1774615200us][CH1-Dispenser] F0 F8
[T+1774687197us][CH2-Pc    ] F1
[T+1774714172us][CH2-Pc    ] F9
[T+1774729172us][CH1-Dispenser] F1 F5 F9 29 B8 28
[T+1774803172us][CH2-Pc    ] E1
[T+1774809201us][CH1-Dispenser] E1 E5
[T+1774831172us][CH2-Pc    ] E9
[T+1774845172us][CH1-Dispenser] E9 38 38 38
[T+1774919172us][CH2-Pc    ] F0
[T+1774923172us][CH1-Dispenser] F0 F8
[T+1774987306us][CH1-Dispenser] E0
[T+1774987173us][CH2-Pc    ] E0
[T+1775164305us][CH1-Dispenser] E1
[T+1775164173us][CH2-Pc    ] E1
[T+1775343172us][CH1-Dispenser] F0 F8
[T+1775339172us][CH2-Pc    ] F0
[T+1775417172us][CH2-Pc    ] F1
[T+1775423200us][CH1-Dispenser] F1 F5
[T+1775445172us][CH2-Pc    ] F9
[T+1775459172us][CH1-Dispenser] F9 E9 78 68
[T+1775533172us][CH2-Pc    ] E1
[T+1775539200us][CH1-Dispenser] E1 E5
[T+1775561177us][CH2-Pc    ] E9
[T+1775575172us][CH1-Dispenser] E9 3A 29 38
[T+1775650172us][CH2-Pc    ] F0
[T+1775659172us][CH1-Dispenser] F0 F8
[T+1775728306us][CH1-Dispenser] E0
[T+1775728173us][CH2-Pc    ] E0
[T+1775903307us][CH1-Dispenser] E1
[T+1775903175us][CH2-Pc    ] E1
[T+1776077198us][CH2-Pc    ] F0
[T+1776085172us][CH1-Dispenser] F0 F8
[T+1776156172us][CH2-Pc    ] F1
[T+1776162201us][CH1-Dispenser] F1 F5
[T+1776184172us][CH2-Pc    ] F9
[T+1776195600us][CH1-Dispenser] F9 38 71 9B F8
[T+1776263172us][CH2-Pc    ] E1
[T+1776290172us][CH2-Pc    ] E9
[T+1776304172us][CH1-Dispenser] E1 E5 E9 2A 39 38
[T+1776373172us][CH1-Dispenser] F0 F8
[T+1776369172us][CH2-Pc    ] F0
[T+1776437306us][CH1-Dispenser] E0
[T+1776437173us][CH2-Pc    ] E0
[T+1776602305us][CH1-Dispenser] E1
[T+1776602173us][CH2-Pc    ] E1
[T+1776778172us][CH2-Pc    ] F0
[T+1776782173us][CH1-Dispenser] F0 F8
[T+1776856172us][CH2-Pc    ] F1
[T+1776883172us][CH2-Pc    ] F9
[T+1776893172us][CH1-Dispenser] F1 F5 F9 29 74 83 F8
[T+1776961172us][CH2-Pc    ] E1
[T+1776968172us][CH1-Dispenser] E1 E5
[T+1776989172us][CH2-Pc    ] E9
[T+1777004172us][CH1-Dispenser] E9 68 38 38
[T+1777078172us][CH2-Pc    ] F0
[T+1777083172us][CH1-Dispenser] F0 F8
[T+1777157172us][CH1-Dispenser] E0
[T+1777156174us][CH2-Pc    ] E0
[T+1777362306us][CH1-Dispenser] E1
[T+1777362173us][CH2-Pc    ] E1
[T+1777537172us][CH2-Pc    ] F0
[T+1777543200us][CH1-Dispenser] F0 F8
[T+1777615196us][CH2-Pc    ] F1
[T+1777643324us][CH2-Pc    ] F9
[T+1777654179us][CH1-Dispenser] F1 F5 F9 3A 38 28
[T+1777721172us][CH2-Pc    ] E1
[T+1777749172us][CH2-Pc    ] E9
[T+1777759179us][CH1-Dispenser] E1 E5 E9 FA 3A 38
[T+1777827172us][CH2-Pc    ] F0
[T+1777833208us][CH1-Dispenser] F0 F8
[T+1777906305us][CH1-Dispenser] E0
[T+1777906173us][CH2-Pc    ] E0
[T+1778070306us][CH1-Dispenser] E1
[T+1778070173us][CH2-Pc    ] E1
[T+1778245172us][CH2-Pc    ] F0
[T+1778252172us][CH1-Dispenser] F0 F8
[T+1778322172us][CH2-Pc    ] F1
[T+1778328202us][CH1-Dispenser] F1 F5
[T+1778350172us][CH2-Pc    ] F9
[T+1778364172us][CH1-Dispenser] F9 B9 73 9F F8
[T+1778441172us][CH2-Pc    ] E1
[T+1778468172us][CH2-Pc    ] E9
[T+1778479181us][CH1-Dispenser] E1 E5 E9 39 39 70
[T+1778553173us][CH1-Dispenser] F0 F8
[T+1778549172us][CH2-Pc    ] F0
[T+1778628303us][CH1-Dispenser] E0
[T+1778628173us][CH2-Pc    ] E0
[T+1778803308us][CH1-Dispenser] E1
[T+1778803173us][CH2-Pc    ] E1
[T+1778978172us][CH2-Pc    ] F0
[T+1778983173us][CH1-Dispenser] F0 F8
[T+1779056172us][CH2-Pc    ] F1
[T+1779083172us][CH2-Pc    ] F9
[T+1779095213us][CH1-Dispenser] F1 F5 F9 B8 B8 28
[T+1779161196us][CH2-Pc    ] E1
[T+1779189172us][CH2-Pc    ] E9
[T+1779202172us][CH1-Dispenser] E1 E5 E9 29 37 71
[T+1779268173us][CH2-Pc    ] F0
[T+1779273179us][CH1-Dispenser] F0 F8
[T+1779346305us][CH1-Dispenser] E0
[T+1779346173us][CH2-Pc    ] E0
[T+1779521305us][CH1-Dispenser] E1
[T+1779521173us][CH2-Pc    ] E1
[T+1779695200us][CH2-Pc    ] F0
[T+1779704172us][CH1-Dispenser] F0 F8
[T+1779774172us][CH2-Pc    ] F1
[T+1779778172us][CH1-Dispenser] F1 F5
[T+1779801172us][CH2-Pc    ] F9
[T+1779814172us][CH1-Dispenser] F9 B9 B8 28
[T+1779880197us][CH2-Pc    ] E1
[T+1779907172us][CH2-Pc    ] E9
[T+1779920172us][CH1-Dispenser] E1 E5 E9 28 28 71
[T+1779986176us][CH2-Pc    ] F0
[T+1779994819us][CH1-Dispenser] F0 F8
[T+1780064308us][CH1-Dispenser] E0
[T+1780064173us][CH2-Pc    ] E0
[T+1780249306us][CH1-Dispenser] E1
[T+1780249173us][CH2-Pc    ] E1
[T+1780414172us][CH2-Pc    ] F0
[T+1780420200us][CH1-Dispenser] F0 F8
[T+1780492172us][CH2-Pc    ] F1
[T+1780497174us][CH1-Dispenser] F1 F5
[T+1780520172us][CH2-Pc    ] F9
[T+1780534172us][CH1-Dispenser] F9 AA F0 33
[T+1780599175us][CH2-Pc    ] E1
[T+1780625172us][CH2-Pc    ] E9
[T+1780639172us][CH1-Dispenser] E1 E5 E9 69 28 E1
[T+1780715172us][CH2-Pc    ] F0
[T+1780724816us][CH1-Dispenser] F0 F8
[T+1780793305us][CH1-Dispenser] E0
[T+1780793173us][CH2-Pc    ] E0
[T+1780968310us][CH1-Dispenser] E1
[T+1780968174us][CH2-Pc    ] E1
[T+1781133172us][CH2-Pc    ] F0
[T+1781138172us][CH1-Dispenser] F0 F8
[T+1781211172us][CH2-Pc    ] F1
[T+1781217204us][CH1-Dispenser] F1 F5
[T+1781238172us][CH2-Pc    ] F9
[T+1781250213us][CH1-Dispenser] F9 69 74 8B F8
[T+1781317172us][CH2-Pc    ] E1
[T+1781344172us][CH2-Pc    ] E9
[T+1781355179us][CH1-Dispenser] E1 E5 E9 29 70 70
[T+1781422172us][CH2-Pc    ] F0
[T+1781428200us][CH1-Dispenser] F0 F8
[T+1781499304us][CH1-Dispenser] E0
[T+1781499173us][CH2-Pc    ] E0
[T+1781668305us][CH1-Dispenser] E1
[T+1781668173us][CH2-Pc    ] E1
[T+1781842197us][CH2-Pc    ] F0
[T+1781848200us][CH1-Dispenser] F0 F8
[T+1781920196us][CH2-Pc    ] F1
[T+1781947172us][CH2-Pc    ] F9
[T+1781960172us][CH1-Dispenser] F1 F5 F9 79 BA 70
[T+1782026173us][CH2-Pc    ] E1
[T+1782053172us][CH2-Pc    ] E9
[T+1782066230us][CH1-Dispenser] E1 E5 E9 3A 35 38
[T+1782131172us][CH2-Pc    ] F0
[T+1782140172us][CH1-Dispenser] F0 F8
[T+1782209304us][CH1-Dispenser] E0
[T+1782209173us][CH2-Pc    ] E0
[T+1782384308us][CH1-Dispenser] E1
[T+1782384174us][CH2-Pc    ] E1
[T+1782559172us][CH2-Pc    ] F0
[T+1782570239us][CH1-Dispenser] F0 E8
[T+1782637172us][CH2-Pc    ] F1
[T+1782643358us][CH1-Dispenser] F1 F5
[T+1782664172us][CH2-Pc    ] F9
[T+1782674179us][CH1-Dispenser] F9 29 38 70
[T+1782756172us][CH2-Pc    ] E1
[T+1782783172us][CH2-Pc    ] E9
[T+1782794179us][CH1-Dispenser] E1 E5 E9 39 B9 38
[T+1782870172us][CH2-Pc    ] F0
[T+1782879269us][CH1-Dispenser] F0 F8
[T+1782948307us][CH1-Dispenser] E0
[T+1782948173us][CH2-Pc    ] E0
[T+1783124303us][CH1-Dispenser] E1
[T+1783124173us][CH2-Pc    ] E1
[T+1783292196us][CH2-Pc    ] F0
[T+1783300809us][CH1-Dispenser] F0 F8
[T+1783370172us][CH2-Pc    ] F1
[T+1783399172us][CH2-Pc    ] F9
[T+1783410181us][CH1-Dispenser] F1 F5 F9 3A 70 CF F8
[T+1783478172us][CH2-Pc    ] E1
[T+1783505172us][CH2-Pc    ] E9
[T+1783516787us][CH1-Dispenser] E1 E5 E9 39 28 F1
[T+1783583172us][CH2-Pc    ] F0
[T+1783588172us][CH1-Dispenser] F0 F8
[T+1783661308us][CH1-Dispenser] E0
[T+1783661173us][CH2-Pc    ] E0
[T+1783836307us][CH1-Dispenser] E1
[T+1783836173us][CH2-Pc    ] E1
[T+1784012172us][CH2-Pc    ] F0
[T+1784021370us][CH1-Dispenser] F0 F8
[T+1784090172us][CH2-Pc    ] F1
[T+1784117196us][CH2-Pc    ] F9
[T+1784130173us][CH1-Dispenser] F1 F5 F9 38 73 CF F8
[T+1784195174us][CH2-Pc    ] E1
[T+1784223172us][CH2-Pc    ] E9
[T+1784235213us][CH1-Dispenser] E1 E5 E9 7A A8 C3
[T+1784301197us][CH2-Pc    ] F0
[T+1784309172us][CH1-Dispenser] F0 F8
[T+1784379308us][CH1-Dispenser] E0
[T+1784379173us][CH2-Pc    ] E0
[T+1784555308us][CH1-Dispenser] E1
[T+1784555173us][CH2-Pc    ] E1
[T+1784741197us][CH2-Pc    ] F0
[T+1784748172us][CH1-Dispenser] F0 F8
[T+1784819172us][CH2-Pc    ] F1
[T+1784824172us][CH1-Dispenser] F1 F5
[T+1784847172us][CH2-Pc    ] F9
[T+1784860190us][CH1-Dispenser] F9 A8 38 29
[T+1784926196us][CH2-Pc    ] E1
[T+1784953172us][CH2-Pc    ] E9
[T+1784966172us][CH1-Dispenser] E1 E5 E9 28 E1 83 F8
[T+1785039172us][CH2-Pc    ] F0
[T+1785043172us][CH1-Dispenser] F0 F8
[T+1785117308us][CH1-Dispenser] E0
[T+1785117173us][CH2-Pc    ] E0
[T+1785292308us][CH1-Dispenser] E1
[T+1785292174us][CH2-Pc    ] E1
[T+1785467172us][CH2-Pc    ] F0
[T+1785473200us][CH1-Dispenser] F0 F8
[T+1785545196us][CH2-Pc    ] F1
[T+1785572172us][CH2-Pc    ] F9
[T+1785585172us][CH1-Dispenser] F1 F5 F9 2A 74 29
[T+1785651197us][CH2-Pc    ] E1
[T+1785678172us][CH2-Pc    ] E9
[T+1785690213us][CH1-Dispenser] E1 E5 E9 79 77 8F F8
[T+1785758172us][CH2-Pc    ] F0
[T+1785765816us][CH1-Dispenser] F0 F8
[T+1785836305us][CH1-Dispenser] E0
[T+1785836173us][CH2-Pc    ] E0
[T+1786028313us][CH1-Dispenser] E1
[T+1786028174us][CH2-Pc    ] E1
[T+1786192172us][CH2-Pc    ] F0
[T+1786198205us][CH1-Dispenser] F0 F8
[T+1786271172us][CH2-Pc    ] F1
[T+1786298176us][CH2-Pc    ] F9
[T+1786310213us][CH1-Dispenser] F1 F5 F9 28 38 72
[T+1786376197us][CH2-Pc    ] E1
[T+1786403172us][CH2-Pc    ] E9
[T+1786415298us][CH1-Dispenser] E1 E5 E9 6A F9 38
[T+1786482172us][CH2-Pc    ] F0
[T+1786490179us][CH1-Dispenser] F0 F8
[T+1786560305us][CH1-Dispenser] E0
[T+1786560173us][CH2-Pc    ] E0
[T+1786724305us][CH1-Dispenser] E1
[T+1786724173us][CH2-Pc    ] E1
[T+1786901172us][CH2-Pc    ] F0
[T+1786908172us][CH1-Dispenser] F0 F8
[T+1786980172us][CH2-Pc    ] F1
[T+1786984172us][CH1-Dispenser] F1 F5
[T+1787007172us][CH2-Pc    ] F9
[T+1787021172us][CH1-Dispenser] F9 6A 38 E1
[T+1787085172us][CH2-Pc    ] E1
[T+1787090172us][CH1-Dispenser] E1 E5
[T+1787112172us][CH2-Pc    ] E9
[T+1787126172us][CH1-Dispenser] E9 28 B8 38
[T+1787190172us][CH2-Pc    ] F0
[T+1787198172us][CH1-Dispenser] F0 F8
[T+1787269305us][CH1-Dispenser] E0
[T+1787269173us][CH2-Pc    ] E0
[T+1787443173us][CH2-Pc    ] E1
[T+1787444274us][CH1-Dispenser] E1
[T+1787619172us][CH2-Pc    ] F0
[T+1787624172us][CH1-Dispenser] F0 F8
[T+1787697172us][CH2-Pc    ] F1
[T+1787725172us][CH2-Pc    ] F9
[T+1787735815us][CH1-Dispenser] F1 F5 F9 A8 F1 2E F8
[T+1787804172us][CH2-Pc    ] E1
[T+1787809172us][CH1-Dispenser] E1 E5
[T+1787831172us][CH2-Pc    ] E9
[T+1787845172us][CH1-Dispenser] E9 78 A8 38
[T+1787921172us][CH2-Pc    ] F0
[T+1787930172us][CH1-Dispenser] F0 F8
[T+1787999307us][CH1-Dispenser] E0
[T+1787999174us][CH2-Pc    ] E0
[T+1788162308us][CH1-Dispenser] E1
[T+1788162174us][CH2-Pc    ] E1
[T+1788337172us][CH2-Pc    ] F0
[T+1788344172us][CH1-Dispenser] F0 F8
[T+1788415172us][CH2-Pc    ] F1
[T+1788444268us][CH2-Pc    ] F9
[T+1788456213us][CH1-Dispenser] F1 F5 F9 AA 74 72
[T+1788522196us][CH2-Pc    ] E1
[T+1788529172us][CH1-Dispenser] E1 E5
[T+1788551172us][CH2-Pc    ] E9
[T+1788565172us][CH1-Dispenser] E9 2A 3A 38
[T+1788644174us][CH1-Dispenser] F0 F8
[T+1788640172us][CH2-Pc    ] F0
[T+1788718304us][CH1-Dispenser] E0
[T+1788718173us][CH2-Pc    ] E0
[T+1788882306us][CH1-Dispenser] E1
[T+1788882173us][CH2-Pc    ] E1
[T+1789057172us][CH2-Pc    ] F0
[T+1789067172us][CH1-Dispenser] F0 F8
[T+1789135172us][CH2-Pc    ] F1
[T+1789139172us][CH1-Dispenser] F1 F5
[T+1789162172us][CH2-Pc    ] F9
[T+1789177622us][CH1-Dispenser] F9 39 71 29
[T+1789277172us][CH2-Pc    ] E1
[T+1789305172us][CH2-Pc    ] E9
[T+1789315811us][CH1-Dispenser] E1 E5 E9 28 F9 71
[T+1789383172us][CH2-Pc    ] F0
[T+1789389200us][CH1-Dispenser] F0 F8
[T+1789461310us][CH1-Dispenser] E0
[T+1789461173us][CH2-Pc    ] E0
[T+1789636305us][CH1-Dispenser] E1
[T+1789636173us][CH2-Pc    ] E1
[T+1789812172us][CH2-Pc    ] F0
[T+1789819172us][CH1-Dispenser] F0 F8
[T+1789905172us][CH2-Pc    ] F1 F9
[T+1789921177us][CH1-Dispenser] F1 F5 F9 A9 78 69
[T+1789996172us][CH2-Pc    ] E1
[T+1790023199us][CH2-Pc    ] E9
[T+1790035213us][CH1-Dispenser] E1 E5 E9 38 E9 F1
[T+1790102172us][CH2-Pc    ] F0
[T+1790109172us][CH1-Dispenser] F0 F8
[T+1790180305us][CH1-Dispenser] E0
[T+1790180173us][CH2-Pc    ] E0
[T+1790356305us][CH1-Dispenser] E1
[T+1790356173us][CH2-Pc    ] E1
[T+1790522172us][CH2-Pc    ] F0
[T+1790529173us][CH1-Dispenser] F0 F8
[T+1790601197us][CH2-Pc    ] F1
[T+1790610178us][CH1-Dispenser] F1 F5
[T+1790634206us][CH2-Pc    ] F9
[T+1790645180us][CH1-Dispenser] F9 AA B8 35
[T+1790712172us][CH2-Pc    ] E1
[T+1790739179us][CH2-Pc    ] E9
[T+1790751333us][CH1-Dispenser] E1 E5 E9 2A 70 85 F8
[T+1790819172us][CH2-Pc    ] F0
[T+1790825201us][CH1-Dispenser] F0 F8
[T+1790897305us][CH1-Dispenser] E0
[T+1790897173us][CH2-Pc    ] E0
[T+1791072305us][CH1-Dispenser] E1
[T+1791072173us][CH2-Pc    ] E1
[T+1791248173us][CH2-Pc    ] F0
[T+1791254200us][CH1-Dispenser] F0 F8
[T+1791327172us][CH2-Pc    ] F1
[T+1791354172us][CH2-Pc    ] F9
[T+1791365813us][CH1-Dispenser] F1 F5 F9 E8 73 AB F8
[T+1791433172us][CH2-Pc    ] E1
[T+1791439201us][CH1-Dispenser] E1 E5
[T+1791475197us][CH2-Pc    ] E9
[T+1791486480us][CH1-Dispenser] E9 68 74 C5
[T+1791553286us][CH2-Pc    ] F0
[T+1791559202us][CH1-Dispenser] F0 F8
[T+1791631306us][CH1-Dispenser] E0
[T+1791631173us][CH2-Pc    ] E0
[T+1791815306us][CH1-Dispenser] E1
[T+1791815173us][CH2-Pc    ] E1
[T+1791990173us][CH2-Pc    ] F0
[T+1791994172us][CH1-Dispenser] F0 F8
[T+1792058172us][CH2-Pc    ] F1
[T+1792085172us][CH2-Pc    ] F9
[T+1792095172us][CH1-Dispenser] F1 F5 F9 BA F8 29
[T+1792164172us][CH2-Pc    ] E1
[T+1792170208us][CH1-Dispenser] E1 E5
[T+1792191172us][CH2-Pc    ] E9
[T+1792206172us][CH1-Dispenser] E9 3A 2A 70
[T+1792280172us][CH2-Pc    ] F0
[T+1792284172us][CH1-Dispenser] F0 F8
[T+1792348308us][CH1-Dispenser] E0
[T+1792348173us][CH2-Pc    ] E0
[T+1792522307us][CH1-Dispenser] E1
[T+1792522174us][CH2-Pc    ] E1
[T+1792699172us][CH2-Pc    ] F0
[T+1792704173us][CH1-Dispenser] F0 F8
[T+1792777172us][CH2-Pc    ] F1
[T+1792805172us][CH2-Pc    ] F9
[T+1792815172us][CH1-Dispenser] F1 F5 F9 39 F3 97 F8
[T+1792883172us][CH2-Pc    ] E1
[T+1792889205us][CH1-Dispenser] E1 E5
[T+1792910172us][CH2-Pc    ] E9
[T+1792920785us][CH1-Dispenser] E9 78 69 38
[T+1792989172us][CH2-Pc    ] F0
[T+1792994172us][CH1-Dispenser] F0 F8
[T+1793067304us][CH1-Dispenser] E0
[T+1793067173us][CH2-Pc    ] E0
[T+1793243306us][CH1-Dispenser] E1
[T+1793243173us][CH2-Pc    ] E1
[T+1793419172us][CH2-Pc    ] F0
[T+1793424172us][CH1-Dispenser] F0 F8
[T+1793497172us][CH2-Pc    ] F1
[T+1793524172us][CH2-Pc    ] F9
[T+1793536214us][CH1-Dispenser] F1 F5 F9 28 70 97 F8
[T+1793621172us][CH2-Pc    ] E1 E9
[T+1793636172us][CH1-Dispenser] E1 E5 E9 39 76 C7 F8
[T+1793712172us][CH2-Pc    ] F0
[T+1793721179us][CH1-Dispenser] F0 F8
[T+1793790308us][CH1-Dispenser] E0
[T+1793790174us][CH2-Pc    ] E0
[T+1793965305us][CH1-Dispenser] E1
[T+1793965173us][CH2-Pc    ] E1
[T+1794140172us][CH2-Pc    ] F0
[T+1794145172us][CH1-Dispenser] F0 E8
[T+1794218172us][CH2-Pc    ] F1
[T+1794245172us][CH2-Pc    ] F9
[T+1794255179us][CH1-Dispenser] F1 F5 F9 29 73 97 F8
[T+1794323172us][CH2-Pc    ] E1
[T+1794351197us][CH2-Pc    ] E9
[T+1794366176us][CH1-Dispenser] E1 E5 E9 7A 28 28
[T+1794440172us][CH2-Pc    ] F0
[T+1794444272us][CH1-Dispenser] F0 F8
[T+1794508307us][CH1-Dispenser] E0
[T+1794508173us][CH2-Pc    ] E0
[T+1794682172us][CH2-Pc    ] E1
[T+1794683174us][CH1-Dispenser] E1
[T+1794857197us][CH2-Pc    ] F0
[T+1794865172us][CH1-Dispenser] F0 E8
[T+1794951172us][CH2-Pc    ] F1 F9
[T+1794964172us][CH1-Dispenser] F1 F5 F9 E8 71 2B F8
[T+1795030196us][CH2-Pc    ] E1
[T+1795057176us][CH2-Pc    ] E9
[T+1795072172us][CH1-Dispenser] E1 E5 E9 79 74 28
[T+1795137361us][CH2-Pc    ] F0
[T+1795144172us][CH1-Dispenser] F0 F8
[T+1795215304us][CH1-Dispenser] E0
[T+1795215174us][CH2-Pc    ] E0
[T+1795380304us][CH1-Dispenser] E1
[T+1795380173us][CH2-Pc    ] E1
[T+1795559172us][CH2-Pc    ] F0
[T+1795568172us][CH1-Dispenser] F0 F8
[T+1795637172us][CH2-Pc    ] F1
[T+1795664196us][CH2-Pc    ] F9
[T+1795675180us][CH1-Dispenser] F1 F5 F9 A9 74 93 F8
[T+1795743172us][CH2-Pc    ] E1
[T+1795749200us][CH1-Dispenser] E1 E5
[T+1795771172us][CH2-Pc    ] E9
[T+1795780172us][CH1-Dispenser] E9 69 39 28
[T+1795849172us][CH2-Pc    ] F0
[T+1795854172us][CH1-Dispenser] F0 F8
[T+1795931304us][CH1-Dispenser] E0
[T+1795931173us][CH2-Pc    ] E0
[T+1796106307us][CH1-Dispenser] E1
[T+1796106173us][CH2-Pc    ] E1
[T+1796271172us][CH2-Pc    ] F0
[T+1796279818us][CH1-Dispenser] F0 E8
[T+1796349172us][CH2-Pc    ] F1
[T+1796354172us][CH1-Dispenser] F1 F5
[T+1796377237us][CH2-Pc    ] F9
[T+1796391172us][CH1-Dispenser] F9 39 71 95 F8
[T+1796464172us][CH2-Pc    ] E1
[T+1796469176us][CH1-Dispenser] E1 E5
[T+1796491172us][CH2-Pc    ] E9
[T+1796505176us][CH1-Dispenser] E9 68 37 28
[T+1796581172us][CH2-Pc    ] F0
[T+1796587200us][CH1-Dispenser] F0 F8
[T+1796659306us][CH1-Dispenser] E0
[T+1796659173us][CH2-Pc    ] E0
[T+1796834305us][CH1-Dispenser] E1
[T+1796834173us][CH2-Pc    ] E1
[T+1797020172us][CH2-Pc    ] F0
[T+1797025173us][CH1-Dispenser] F0 F8
[T+1797099172us][CH2-Pc    ] F1
[T+1797126172us][CH2-Pc    ] F9
[T+1797141172us][CH1-Dispenser] F1 F5 F9 A8 75 95 F8
[T+1797215172us][CH2-Pc    ] E1
[T+1797221200us][CH1-Dispenser] E1 E5
[T+1797242172us][CH2-Pc    ] E9
[T+1797255172us][CH1-Dispenser] E9 29 2A 28
[T+1797321197us][CH2-Pc    ] F0
[T+1797331179us][CH1-Dispenser] F0 F8
[T+1797399306us][CH1-Dispenser] E0
[T+1797399174us][CH2-Pc    ] E0
[T+1797574307us][CH1-Dispenser] E1
[T+1797574173us][CH2-Pc    ] E1
[T+1797749172us][CH2-Pc    ] F0
[T+1797754173us][CH1-Dispenser] F0 F8
[T+1797827172us][CH2-Pc    ] F1
[T+1797854172us][CH2-Pc    ] F9
[T+1797866310us][CH1-Dispenser] F1 F5 F9 F8 68 29
[T+1797939172us][CH2-Pc    ] E1
[T+1797946812us][CH1-Dispenser] E1 E5
[T+1797968172us][CH2-Pc    ] E9
[T+1797982172us][CH1-Dispenser] E9 AA 2A 28
[T+1798073172us][CH2-Pc    ] F0
[T+1798081179us][CH1-Dispenser] F0 F8
[T+1798150305us][CH1-Dispenser] E0
[T+1798150173us][CH2-Pc    ] E0
[T+1798325305us][CH1-Dispenser] E1
[T+1798325173us][CH2-Pc    ] E1
[T+1798492172us][CH2-Pc    ] F0
[T+1798498202us][CH1-Dispenser] F0 F8
[T+1798571172us][CH2-Pc    ] F1
[T+1798600205us][CH2-Pc    ] F9
[T+1798611180us][CH1-Dispenser] F1 F5 F9 28 76 97 F8
[T+1798678172us][CH2-Pc    ] E1
[T+1798705172us][CH2-Pc    ] E9
[T+1798716180us][CH1-Dispenser] E1 E5 E9 68 3A 28
[T+1798783172us][CH2-Pc    ] F0
[T+1798790172us][CH1-Dispenser] F0 F8
[T+1798861305us][CH1-Dispenser] E0
[T+1798861173us][CH2-Pc    ] E0
[T+1799036310us][CH1-Dispenser] E1
[T+1799036174us][CH2-Pc    ] E1
[T+1799211172us][CH2-Pc    ] F0
[T+1799220172us][CH1-Dispenser] F0 F8
[T+1799289172us][CH2-Pc    ] F1
[T+1799316196us][CH2-Pc    ] F9
[T+1799330172us][CH1-Dispenser] F1 F5 F9 AA F2 39
[T+1799399172us][CH1-Dispenser] E1 E5
[T+1799395172us][CH2-Pc    ] E1
[T+1799423197us][CH2-Pc    ] E9
[T+1799436172us][CH1-Dispenser] E9 38 38 70
[T+1799502196us][CH2-Pc    ] F0
[T+1799510779us][CH1-Dispenser] F0 F8
[T+1799580305us][CH1-Dispenser] E0
[T+1799580173us][CH2-Pc    ] E0
[T+1799755308us][CH1-Dispenser] E1
[T+1799755174us][CH2-Pc    ] E1
[T+1799930172us][CH2-Pc    ] F0
[T+1799937812us][CH1-Dispenser] F0 F8
[T+1800008172us][CH2-Pc    ] F1
[T+1800035172us][CH2-Pc    ] F9
[T+1800046179us][CH1-Dispenser] F1 F5 F9 F9 29 39
[T+1800115172us][CH2-Pc    ] E1
[T+1800121201us][CH1-Dispenser] E1 E5
[T+1800143172us][CH2-Pc    ] E9
[T+1800157172us][CH1-Dispenser] E9 38 78 33
[T+1800232172us][CH2-Pc    ] F0
[T+1800240172us][CH1-Dispenser] F0 F8
[T+1800310306us][CH1-Dispenser] E0
[T+1800310174us][CH2-Pc    ] E0
[T+1800474306us][CH1-Dispenser] E1
[T+1800474173us][CH2-Pc    ] E1
[T+1800652172us][CH2-Pc    ] F0
[T+1800659172us][CH1-Dispenser] F0 F8
[T+1800730172us][CH2-Pc    ] F1
[T+1800736200us][CH1-Dispenser] F1 F5
[T+1800758176us][CH2-Pc    ] F9
[T+1800771173us][CH1-Dispenser] F9 68 C5 26 F8
[T+1800836172us][CH2-Pc    ] E1
[T+1800840172us][CH1-Dispenser] E1 E5
[T+1800871172us][CH2-Pc    ] E9
[T+1800880821us][CH1-Dispenser] E9 38 38 70
[T+1800949172us][CH2-Pc    ] F0
[T+1800954172us][CH1-Dispenser] F0 F8
[T+1801033306us][CH1-Dispenser] E0
[T+1801033173us][CH2-Pc    ] E0
[T+1801209305us][CH1-Dispenser] E1
[T+1801209173us][CH2-Pc    ] E1
[T+1801384172us][CH2-Pc    ] F0
[T+1801389173us][CH1-Dispenser] F0 F8
[T+1801462172us][CH2-Pc    ] F1
[T+1801489175us][CH2-Pc    ] F9
[T+1801502172us][CH1-Dispenser] F1 F5 F9 39 79 F7
[T+1801570172us][CH2-Pc    ] E1
[T+1801574172us][CH1-Dispenser] E1 E5
[T+1801597177us][CH2-Pc    ] E9
[T+1801613172us][CH1-Dispenser] E9 38 78 33
[T+1801687172us][CH2-Pc    ] F0
[T+1801695177us][CH1-Dispenser] F0 F8
[T+1801765307us][CH1-Dispenser] E0
[T+1801765173us][CH2-Pc    ] E0
[T+1801951305us][CH1-Dispenser] E1
[T+1801951173us][CH2-Pc    ] E1
[T+1802116172us][CH2-Pc    ] F0
[T+1802125192us][CH1-Dispenser] F0 F8
[T+1802194296us][CH2-Pc    ] F1
[T+1802199172us][CH1-Dispenser] F1 F5
[T+1802221172us][CH2-Pc    ] F9
[T+1802237173us][CH1-Dispenser] F9 39 39 77
[T+1802312172us][CH2-Pc    ] E1
[T+1802339197us][CH2-Pc    ] E9
[T+1802351213us][CH1-Dispenser] E1 E5 E9 38 78 33
[T+1802427172us][CH2-Pc    ] F0
[T+1802436172us][CH1-Dispenser] F0 F8
[T+1802517309us][CH1-Dispenser] E0
[T+1802517173us][CH2-Pc    ] E0
[T+1802694435us][CH1-Dispenser] E1
[T+1802694297us][CH2-Pc    ] E1
[T+1802869172us][CH2-Pc    ] F0
[T+1802875200us][CH1-Dispenser] F0 F8
[T+1802947199us][CH2-Pc    ] F1
[T+1802974172us][CH2-Pc    ] F9
[T+1802987172us][CH1-Dispenser] F1 F5 F9 39 39 72
[T+1803052172us][CH2-Pc    ] E1
[T+1803080172us][CH2-Pc    ] E9
[T+1803091212us][CH1-Dispenser] E1 E5 E9 38 F8 70
[T+1803159172us][CH2-Pc    ] F0
[T+1803165201us][CH1-Dispenser] F0 F8
[T+1803237306us][CH1-Dispenser] E0
[T+1803237174us][CH2-Pc    ] E0
[T+1803413305us][CH1-Dispenser] E1
[T+1803413173us][CH2-Pc    ] E1
[T+1803589172us][CH2-Pc    ] F0
[T+1803595200us][CH1-Dispenser] F0 F8
[T+1803667198us][CH2-Pc    ] F1
[T+1803694342us][CH2-Pc    ] F9
[T+1803707451us][CH1-Dispenser] F1 F5 F9 39 79 77
[T+1803772172us][CH2-Pc    ] E1
[T+1803800172us][CH2-Pc    ] E9
[T+1803810179us][CH1-Dispenser] E1 E5 E9 38 38 70
[T+1803879172us][CH2-Pc    ] F0
[T+1803884172us][CH1-Dispenser] F0 F8
[T+1803957307us][CH1-Dispenser] E0
[T+1803957174us][CH2-Pc    ] E0
[T+1804132172us][CH1-Dispenser] E1
[T+1804131172us][CH2-Pc    ] E1
[T+1804307172us][CH2-Pc    ] F0
[T+1804314172us][CH1-Dispenser] F0 F8
[T+1804385172us][CH2-Pc    ] F1
[T+1804390172us][CH1-Dispenser] F1 F5
[T+1804413172us][CH2-Pc    ] F9
[T+1804426172us][CH1-Dispenser] F9 39 79 77
[T+1804492197us][CH2-Pc    ] E1
[T+1804519172us][CH2-Pc    ] E9
[T+1804532172us][CH1-Dispenser] E1 E5 E9 38 78 33
[T+1804602172us][CH2-Pc    ] F0
[T+1804609172us][CH1-Dispenser] F0 F8
[T+1804680306us][CH1-Dispenser] E0
[T+1804680173us][CH2-Pc    ] E0
[T+1804855306us][CH1-Dispenser] E1
[T+1804855173us][CH2-Pc    ] E1
[T+1805030172us][CH2-Pc    ] F0
[T+1805036200us][CH1-Dispenser] F0 F8
[T+1805109172us][CH2-Pc    ] F1
[T+1805115200us][CH1-Dispenser] F1 F5
[T+1805136172us][CH2-Pc    ] F9
[T+1805153178us][CH1-Dispenser] F9 39 39 E5
[T+1805227172us][CH2-Pc    ] E1
[T+1805255173us][CH2-Pc    ] E9
[T+1805266179us][CH1-Dispenser] E1 E5 E9 38 38 70
[T+1805333172us][CH2-Pc    ] F0
[T+1805342784us][CH1-Dispenser] F0 F8
[T+1805411304us][CH1-Dispenser] E0
[T+1805411173us][CH2-Pc    ] E0
[T+1805589172us][CH1-Dispenser] E1
[T+1805588172us][CH2-Pc    ] E1
[T+1805763197us][CH2-Pc    ] F0
[T+1805770172us][CH1-Dispenser] F0 F8
[T+1805841172us][CH2-Pc    ] F1
[T+1805869172us][CH2-Pc    ] F9
[T+1805885172us][CH1-Dispenser] F1 F5 F9 39 39 72
[T+1805958172us][CH2-Pc    ] E1
[T+1805985172us][CH2-Pc    ] E9
[T+1805996179us][CH1-Dispenser] E1 E5 E9 38 38 70
[T+1806064172us][CH2-Pc    ] F0
[T+1806070202us][CH1-Dispenser] F0 F8
[T+1806142306us][CH1-Dispenser] E0
[T+1806142174us][CH2-Pc    ] E0
[T+1806317306us][CH1-Dispenser] E1
[T+1806317174us][CH2-Pc    ] E1
[T+1806497197us][CH2-Pc    ] F0
[T+1806505174us][CH1-Dispenser] F0 F8
[T+1806575172us][CH2-Pc    ] F1
[T+1806579172us][CH1-Dispenser] F1 F5
[T+1806602172us][CH2-Pc    ] F9
[T+1806615172us][CH1-Dispenser] F9 79 79 72
[T+1806680172us][CH2-Pc    ] E1
[T+1806686202us][CH1-Dispenser] E1 E5
[T+1806709176us][CH2-Pc    ] E9
[T+1806721213us][CH1-Dispenser] E9 38 38 70
[T+1806788172us][CH2-Pc    ] F0
[T+1806795172us][CH1-Dispenser] F0 F8
[T+1806867306us][CH1-Dispenser] E0
[T+1806867173us][CH2-Pc    ] E0
[T+1807042309us][CH1-Dispenser] E1
[T+1807042173us][CH2-Pc    ] E1
[T+1807217172us][CH2-Pc    ] F0
[T+1807225172us][CH1-Dispenser] F0 F8
[T+1807298172us][CH2-Pc    ] F1
[T+1807325174us][CH2-Pc    ] F9
[T+1807337213us][CH1-Dispenser] F1 F5 F9 39 39 72
[T+1807403196us][CH2-Pc    ] E1
[T+1807430172us][CH2-Pc    ] E9
[T+1807440179us][CH1-Dispenser] E1 E5 E9 38 38 70
[T+1807509172us][CH2-Pc    ] F0
[T+1807515201us][CH1-Dispenser] F0 F8
[T+1807587307us][CH1-Dispenser] E0
[T+1807587174us][CH2-Pc    ] E0
[T+1807762309us][CH1-Dispenser] E1
[T+1807762173us][CH2-Pc    ] E1
[T+1807927172us][CH2-Pc    ] F0
[T+1807935172us][CH1-Dispenser] F0 F8
[T+1808005172us][CH2-Pc    ] F1
[T+1808009172us][CH1-Dispenser] F1 F5
[T+1808033196us][CH2-Pc    ] F9
[T+1808046172us][CH1-Dispenser] F9 39 39 72
[T+1808111172us][CH2-Pc    ] E1
[T+1808115172us][CH1-Dispenser] E1 E5
[T+1808138176us][CH2-Pc    ] E9
[T+1808153172us][CH1-Dispenser] E9 38 38 70
[T+1808228172us][CH2-Pc    ] F0
[T+1808236172us][CH1-Dispenser] F0 F8
[T+1808306309us][CH1-Dispenser] E0
[T+1808306173us][CH2-Pc    ] E0
[T+1808483308us][CH1-Dispenser] E1
[T+1808483174us][CH2-Pc    ] E1
[T+1808647172us][CH2-Pc    ] F0
[T+1808657179us][CH1-Dispenser] F0 F8
[T+1808726172us][CH2-Pc    ] F1
[T+1808731172us][CH1-Dispenser] F1 F5
[T+1808753172us][CH2-Pc    ] F9
[T+1808767172us][CH1-Dispenser] F9 39 39 72
[T+1808832174us][CH2-Pc    ] E1
[T+1808836174us][CH1-Dispenser] E1 E5
[T+1808860212us][CH2-Pc    ] E9
[T+1808872213us][CH1-Dispenser] E9 38 38 70
[T+1808938196us][CH2-Pc    ] F0
[T+1808947179us][CH1-Dispenser] F0 F8
[T+1809016305us][CH1-Dispenser] E0
[T+1809016173us][CH2-Pc    ] E0
[T+1809202308us][CH1-Dispenser] E1
[T+1809202173us][CH2-Pc    ] E1
[T+1809369172us][CH1-Dispenser] F0 F8
[T+1809366172us][CH2-Pc    ] F0
[T+1809435172us][CH2-Pc    ] F1
[T+1809439172us][CH1-Dispenser] F1 F5
[T+1809462172us][CH2-Pc    ] F9
[T+1809478176us][CH1-Dispenser] F9 39 39 72
[T+1809551172us][CH2-Pc    ] E1
[T+1809556172us][CH1-Dispenser] E1 E5
[T+1809579179us][CH2-Pc    ] E9
[T+1809592176us][CH1-Dispenser] E9 38 38 E5
[T+1809657172us][CH2-Pc    ] F0
[T+1809661172us][CH1-Dispenser] F0 F8
[T+1809735305us][CH1-Dispenser] E0
[T+1809735173us][CH2-Pc    ] E0
[T+1809920305us][CH1-Dispenser] E1
[T+1809920173us][CH2-Pc    ] E1
[T+1810085172us][CH2-Pc    ] F0
[T+1810090173us][CH1-Dispenser] F0 F8
[T+1810163172us][CH2-Pc    ] F1
[T+1810190174us][CH2-Pc    ] F9
[T+1810201806us][CH1-Dispenser] F1 F5 F9 39 79 77
[T+1810268172us][CH2-Pc    ] E1
[T+1810295173us][CH2-Pc    ] E9
[T+1810306435us][CH1-Dispenser] E1 E5 E9 38 78 33
[T+1810374172us][CH2-Pc    ] F0
[T+1810380201us][CH1-Dispenser] F0 F8
[T+1810453305us][CH1-Dispenser] E0
[T+1810453173us][CH2-Pc    ] E0
[T+1810638307us][CH1-Dispenser] E1
[T+1810638174us][CH2-Pc    ] E1
[T+1810803172us][CH2-Pc    ] F0
[T+1810812777us][CH1-Dispenser] F0 F8
[T+1810882172us][CH2-Pc    ] F1
[T+1810885172us][CH1-Dispenser] F1 F5
[T+1810909201us][CH2-Pc    ] F9
[T+1810922172us][CH1-Dispenser] F9 39 39 72
[T+1810991172us][CH1-Dispenser] E1 E5
[T+1810987172us][CH2-Pc    ] E1
[T+1811014173us][CH2-Pc    ] E9
[T+1811028176us][CH1-Dispenser] E9 38 38 F0
[T+1811094196us][CH2-Pc    ] F0
[T+1811100200us][CH1-Dispenser] F0 F8
[T+1811171306us][CH1-Dispenser] E0
[T+1811171173us][CH2-Pc    ] E0
[T+1811357307us][CH1-Dispenser] E1
[T+1811357173us][CH2-Pc    ] E1
[T+1811522172us][CH2-Pc    ] F0
[T+1811531179us][CH1-Dispenser] F0 F8
[T+1811602172us][CH2-Pc    ] F1
[T+1811628172us][CH2-Pc    ] F9
[T+1811641191us][CH1-Dispenser] F1 F5 F9 39 39 72
[T+1811707172us][CH2-Pc    ] E1
[T+1811712172us][CH1-Dispenser] E1 E5
[T+1811734172us][CH2-Pc    ] E9
[T+1811749172us][CH1-Dispenser] E9 38 38 CF
[T+1811823172us][CH2-Pc    ] F0
[T+1811834775us][CH1-Dispenser] F0 F8
[T+1811901305us][CH1-Dispenser] E0
[T+1811901173us][CH2-Pc    ] E0
[T+1812076308us][CH1-Dispenser] E1
[T+1812076173us][CH2-Pc    ] E1
[T+1812240173us][CH2-Pc    ] F0
[T+1812245174us][CH1-Dispenser] F0 F8
[T+1812318172us][CH2-Pc    ] F1
[T+1812345172us][CH2-Pc    ] F9
[T+1812356180us][CH1-Dispenser] F1 F5 F9 39 79 E5
[T+1812423172us][CH2-Pc    ] E1
[T+1812451172us][CH2-Pc    ] E9
[T+1812461776us][CH1-Dispenser] E1 E5 E9 38 38 70
[T+1812530172us][CH2-Pc    ] F0
[T+1812537172us][CH1-Dispenser] F0 F8
[T+1812608304us][CH1-Dispenser] E0
[T+1812608173us][CH2-Pc    ] E0
[T+1812772307us][CH1-Dispenser] E1
[T+1812772173us][CH2-Pc    ] E1
[T+1812948172us][CH2-Pc    ] F0
[T+1812956181us][CH1-Dispenser] F0 F8
[T+1813030172us][CH1-Dispenser] F1 F5
[T+1813026172us][CH2-Pc    ] F1
[T+1813053172us][CH2-Pc    ] F9
[T+1813068176us][CH1-Dispenser] F9 39 39 72
[T+1813143172us][CH2-Pc    ] E1
[T+1813170196us][CH2-Pc    ] E9
[T+1813183172us][CH1-Dispenser] E1 E5 E9 38 38 70
[T+1813248172us][CH2-Pc    ] F0
[T+1813255172us][CH1-Dispenser] F0 F8
[T+1813327304us][CH1-Dispenser] E0
[T+1813327173us][CH2-Pc    ] E0
[T+1813491307us][CH1-Dispenser] E1
[T+1813491173us][CH2-Pc    ] E1
[T+1813667172us][CH2-Pc    ] F0
[T+1813675778us][CH1-Dispenser] F0 F8
[T+1813749172us][CH1-Dispenser] F1 F5
[T+1813746172us][CH2-Pc    ] F1
[T+1813773197us][CH2-Pc    ] F9
[T+1813787176us][CH1-Dispenser] F9 39 79 77
[T+1813864172us][CH2-Pc    ] E1
[T+1813890172us][CH2-Pc    ] E9
[T+1813902214us][CH1-Dispenser] E1 E5 E9 38 78 33
[T+1813968197us][CH2-Pc    ] F0
[T+1813976172us][CH1-Dispenser] F0 F8
[T+1814047172us][CH1-Dispenser] E0
[T+1814046172us][CH2-Pc    ] E0
[T+1814232309us][CH1-Dispenser] E1
[T+1814232174us][CH2-Pc    ] E1
[T+1814396172us][CH2-Pc    ] F0
[T+1814400172us][CH1-Dispenser] F0 F8
[T+1814474172us][CH2-Pc    ] F1
[T+1814480200us][CH1-Dispenser] F1 F5
[T+1814501172us][CH2-Pc    ] F9
[T+1814511547us][CH1-Dispenser] F9 39 39 72
[T+1814580172us][CH2-Pc    ] E1
[T+1814607196us][CH2-Pc    ] E9
[T+1814618179us][CH1-Dispenser] E1 E5 E9 38 38 70
[T+1814686172us][CH2-Pc    ] F0
[T+1814690172us][CH1-Dispenser] F0 F8
[T+1814764304us][CH1-Dispenser] E0
[T+1814764173us][CH2-Pc    ] E0
[T+1814928305us][CH1-Dispenser] E1
[T+1814928173us][CH2-Pc    ] E1
[T+1815104172us][CH2-Pc    ] F0
[T+1815111172us][CH1-Dispenser] F0 F8
[T+1815182172us][CH2-Pc    ] F1
[T+1815209172us][CH2-Pc    ] F9
[T+1815221213us][CH1-Dispenser] F1 F5 F9 39 79 72
[T+1815288172us][CH2-Pc    ] E1
[T+1815315181us][CH2-Pc    ] E9
[T+1815328172us][CH1-Dispenser] E1 E5 E9 38 78 70
[T+1815393172us][CH2-Pc    ] F0
[T+1815401172us][CH1-Dispenser] F0 F8
[T+1815471308us][CH1-Dispenser] E0
[T+1815471173us][CH2-Pc    ] E0
[T+1815647307us][CH1-Dispenser] E1
[T+1815647173us][CH2-Pc    ] E1
[T+1815823172us][CH2-Pc    ] F0
[T+1815830781us][CH1-Dispenser] F0 F8
[T+1815916172us][CH2-Pc    ] F1 F9
[T+1815932172us][CH1-Dispenser] F1 F5 F9 39 39 72
[T+1816006172us][CH2-Pc    ] E1
[T+1816012202us][CH1-Dispenser] E1 E5
[T+1816034172us][CH2-Pc    ] E9
[T+1816050172us][CH1-Dispenser] E9 38 38 70
[T+1816123172us][CH2-Pc    ] F0
[T+1816131233us][CH1-Dispenser] F0 F8
[T+1816202303us][CH1-Dispenser] E0
[T+1816202173us][CH2-Pc    ] E0
[T+1816367307us][CH1-Dispenser] E1
[T+1816367173us][CH2-Pc    ] E1
[T+1816546172us][CH2-Pc    ] F0
[T+1816550172us][CH1-Dispenser] F0 F8
[T+1816624172us][CH2-Pc    ] F1
[T+1816629172us][CH1-Dispenser] F1 F5
[T+1816652172us][CH2-Pc    ] F9
[T+1816666176us][CH1-Dispenser] F9 39 39 72
[T+1816731172us][CH2-Pc    ] E1
[T+1816737200us][CH1-Dispenser] E1 E5
[T+1816758172us][CH2-Pc    ] E9
[T+1816773172us][CH1-Dispenser] E9 38 78 70
[T+1816848174us][CH2-Pc    ] F0
[T+1816856172us][CH1-Dispenser] F0 F8
[T+1816926304us][CH1-Dispenser] E0
[T+1816926173us][CH2-Pc    ] E0
[T+1817102306us][CH1-Dispenser] E1
[T+1817102173us][CH2-Pc    ] E1
[T+1817277172us][CH2-Pc    ] F0
[T+1817280173us][CH1-Dispenser] F0 F8
[T+1817355172us][CH2-Pc    ] F1
[T+1817361207us][CH1-Dispenser] F1 F5
[T+1817382172us][CH2-Pc    ] F9
[T+1817396172us][CH1-Dispenser] F9 39 79 F7
[T+1817460175us][CH2-Pc    ] E1
[T+1817488172us][CH2-Pc    ] E9
[T+1817503172us][CH1-Dispenser] E1 E5 E9 38 38 70
[T+1817578172us][CH2-Pc    ] F0
[T+1817586172us][CH1-Dispenser] F0 F8
[T+1817657306us][CH1-Dispenser] E0
[T+1817657173us][CH2-Pc    ] E0
[T+1817841307us][CH1-Dispenser] E1
[T+1817841173us][CH2-Pc    ] E1
[T+1818007172us][CH2-Pc    ] F0
[T+1818011173us][CH1-Dispenser] F0 F8
[T+1818085172us][CH2-Pc    ] F1
[T+1818092172us][CH1-Dispenser] F1 F5
[T+1818113172us][CH2-Pc    ] F9
[T+1818126172us][CH1-Dispenser] F9 39 79 77
[T+1818195348us][CH1-Dispenser] E1 E5
[T+1818191172us][CH2-Pc    ] E1
[T+1818218175us][CH2-Pc    ] E9
[T+1818232172us][CH1-Dispenser] E9 38 78 70
[T+1818300172us][CH1-Dispenser] F0 F8
[T+1818297172us][CH2-Pc    ] F0
[T+1818365304us][CH1-Dispenser] E0
[T+1818365173us][CH2-Pc    ] E0
[T+1818540306us][CH1-Dispenser] E1
[T+1818540173us][CH2-Pc    ] E1
[T+1818717172us][CH2-Pc    ] F0
[T+1818725172us][CH1-Dispenser] F0 F8
[T+1818795172us][CH2-Pc    ] F1
[T+1818800172us][CH1-Dispenser] F1 F5
[T+1818823172us][CH2-Pc    ] F9
[T+1818837172us][CH1-Dispenser] F9 39 F9 72
[T+1818914172us][CH2-Pc    ] E1
[T+1818924777us][CH1-Dispenser] E1 E1
[T+1819492172us][CH2-Pc    ] F0
[T+1819495174us][CH1-Dispenser] F0 F8
[T+1819570306us][CH1-Dispenser] E0
[T+1819570173us][CH2-Pc    ] E0
[T+1819745308us][CH1-Dispenser] E1
[T+1819745173us][CH2-Pc    ] E1
[T+1819920173us][CH2-Pc    ] F0
[T+1819925172us][CH1-Dispenser] F0 F8
[T+1819999172us][CH2-Pc    ] F1
[T+1820005202us][CH1-Dispenser] F1 F5
[T+1820026172us][CH2-Pc    ] F9
[T+1820039172us][CH1-Dispenser] F9 39 F9 77
[T+1820104172us][CH2-Pc    ] E1
[T+1820111172us][CH1-Dispenser] E1 E9
[T+1820683172us][CH2-Pc    ] F0
[T+1820692815us][CH1-Dispenser] F0 F8
[T+1820761305us][CH1-Dispenser] E0
[T+1820761173us][CH2-Pc    ] E0
[T+1820926304us][CH1-Dispenser] E1
[T+1820926173us][CH2-Pc    ] E1
[T+1821106172us][CH1-Dispenser] F0 F8
[T+1821102172us][CH2-Pc    ] F0
[T+1821180172us][CH2-Pc    ] F1
[T+1821185172us][CH1-Dispenser] F1 F5
[T+1821207172us][CH2-Pc    ] F9
[T+1821222173us][CH1-Dispenser] F9 39 79 72
[T+1821298172us][CH2-Pc    ] E1
[T+1821326172us][CH2-Pc    ] F9
[T+1821397172us][CH1-Dispenser] E1 E9 F9 6F 7E 35 38 6D F1 87 78 33 71 38 28 2F 38 28 70 39 FF ED
[T+1821398172us][CH2-Pc    ] ED
[T+1821536197us][CH1-Dispenser] AF E1 47 2A 7B 69 A1 8F 29 68 72 AA 78 68 B3 38 B8 F0 F3 0E 28 39 28 77 39 CB 6A A8 38 68 FD 38 B8 B5 70 CD 28 71 9F 2F 74 97 A8 29 3C 39 70 83 38 78 38 FF
[T+1821608198us][CH2-Pc    ] F0
[T+1821617179us][CH1-Dispenser] F0 E8
[T+1821686305us][CH1-Dispenser] E0
[T+1821686173us][CH2-Pc    ] E0
[T+1821850307us][CH1-Dispenser] E1
[T+1821850173us][CH2-Pc    ] E1
[T+1822025172us][CH2-Pc    ] F0
[T+1822031200us][CH1-Dispenser] F0 F8
[T+1822103197us][CH2-Pc    ] F1
[T+1822130173us][CH2-Pc    ] F9
[T+1822143172us][CH1-Dispenser] F1 F5 F9 39 39 72
[T+1822240172us][CH2-Pc    ] E1
[T+1822245172us][CH1-Dispenser] E1 E9
[T+1822267172us][CH2-Pc    ] ED
[T+1822399197us][CH1-Dispenser] ED AF F0 76 95 3A 29 74 71 70 A3 29 AA B8 28 7C 38 B8 F0 73 74 83 39 A8 72 70 83 6A A8 38 28 7C 38 B8 72 70 CD A8 70 A7 6F 73 BF A8 29 3C 39 F0 E1 38 FF EC
[T+1822478174us][CH2-Pc    ] F0
[T+1822485172us][CH1-Dispenser] F0 F8
[T+1822556304us][CH1-Dispenser] E0
[T+1822556173us][CH2-Pc    ] E0
[T+1822731306us][CH1-Dispenser] E1
[T+1822731173us][CH2-Pc    ] E1
[T+1822895172us][CH2-Pc    ] F0
[T+1822900172us][CH1-Dispenser] F0 F8
[T+1822973172us][CH2-Pc    ] F1
[T+1823000172us][CH2-Pc    ] F9
[T+1823012219us][CH1-Dispenser] F1 F5 F9 39 39 72
[T+1823078197us][CH2-Pc    ] E1
[T+1823087172us][CH1-Dispenser] E1 E9
[T+1823157172us][CH2-Pc    ] F0
[T+1823161172us][CH1-Dispenser] F0 F8
[T+1823235306us][CH1-Dispenser] E0
[T+1823235173us][CH2-Pc    ] E0
[T+1823420305us][CH1-Dispenser] E1
[T+1823420173us][CH2-Pc    ] E1
[T+1823584172us][CH2-Pc    ] F0
[T+1823591172us][CH1-Dispenser] F0 F8
[T+1823663197us][CH2-Pc    ] F1
[T+1823670172us][CH1-Dispenser] F1 F5
[T+1823692172us][CH2-Pc    ] F9
[T+1823701773us][CH1-Dispenser] F9 39 79 72
[T+1823771172us][CH2-Pc    ] E1
[T+1823775172us][CH1-Dispenser] E1 E9
[T+1823849172us][CH2-Pc    ] F0
[T+1823856172us][CH1-Dispenser] F0 F8
[T+1823927305us][CH1-Dispenser] E0
[T+1823927173us][CH2-Pc    ] E0
[T+1824103309us][CH1-Dispenser] E1
[T+1824103175us][CH2-Pc    ] E1
[T+1824279172us][CH2-Pc    ] F0
[T+1824285200us][CH1-Dispenser] F0 F8
[T+1824358172us][CH2-Pc    ] F1
[T+1824385172us][CH2-Pc    ] F9
[T+1824397542us][CH1-Dispenser] F1 F5 F9 39 39 72
[T+1824468172us][CH2-Pc    ] E1
[T+1824476172us][CH1-Dispenser] E1 E9
[T+1824546172us][CH2-Pc    ] F0
[T+1824552200us][CH1-Dispenser] F0 F8
[T+1824625305us][CH1-Dispenser] E0
[T+1824625173us][CH2-Pc    ] E0
[T+1824815309us][CH1-Dispenser] E1
[T+1824815173us][CH2-Pc    ] E1
[T+1824990172us][CH2-Pc    ] F0
[T+1824996200us][CH1-Dispenser] F0 F8
[T+1825068197us][CH2-Pc    ] F1
[T+1825075172us][CH1-Dispenser] F1 F5
[T+1825096172us][CH2-Pc    ] F9
[T+1825108238us][CH1-Dispenser] F9 39 79 77
[T+1825175172us][CH2-Pc    ] E1
[T+1825181200us][CH1-Dispenser] E1 E9
[T+1825254172us][CH2-Pc    ] F0
[T+1825263172us][CH1-Dispenser] F0 F8
[T+1825332304us][CH1-Dispenser] E0
[T+1825332173us][CH2-Pc    ] E0
[T+1825507306us][CH1-Dispenser] E1
[T+1825507173us][CH2-Pc    ] E1
[T+1825683172us][CH2-Pc    ] F0
[T+1825692179us][CH1-Dispenser] F0 F8
[T+1825775172us][CH2-Pc    ] F1
[T+1825802172us][CH2-Pc    ] F9
[T+1825813180us][CH1-Dispenser] F1 F5 F9 39 79 77
[T+1825881172us][CH2-Pc    ] E1
[T+1825887200us][CH1-Dispenser] E1 E9
[T+1825959350us][CH2-Pc    ] F0
[T+1825966172us][CH1-Dispenser] F0 F8
[T+1826038305us][CH1-Dispenser] E0
[T+1826038173us][CH2-Pc    ] E0
[T+1826213173us][CH1-Dispenser] E1
[T+1826212172us][CH2-Pc    ] E1
[T+1826389172us][CH2-Pc    ] F0
[T+1826399800us][CH1-Dispenser] F0 F8
[T+1826467172us][CH2-Pc    ] F1
[T+1826471172us][CH1-Dispenser] F1 F5
[T+1826494172us][CH2-Pc    ] F9
[T+1826507176us][CH1-Dispenser] F9 79 79 77
[T+1826602172us][CH2-Pc    ] E1
[T+1826606172us][CH1-Dispenser] E1 E9
[T+1826669172us][CH2-Pc    ] F0
[T+1826676174us][CH1-Dispenser] F0 E8
[T+1826747304us][CH1-Dispenser] E0
[T+1826747173us][CH2-Pc    ] E0
[T+1826911307us][CH1-Dispenser] E1
[T+1826911174us][CH2-Pc    ] E1
[T+1827086172us][CH2-Pc    ] F0
[T+1827091172us][CH1-Dispenser] F0 F8
[T+1827164172us][CH2-Pc    ] F1
[T+1827192172us][CH2-Pc    ] F9
[T+1827202172us][CH1-Dispenser] F1 F5 F9 39 39 CF
[T+1827270172us][CH2-Pc    ] E1
[T+1827276200us][CH1-Dispenser] E1 E9
[T+1827349172us][CH2-Pc    ] F0
[T+1827357780us][CH1-Dispenser] F0 F8
[T+1827427305us][CH1-Dispenser] E0
[T+1827427173us][CH2-Pc    ] E0
[T+1827603309us][CH1-Dispenser] E1
[T+1827603173us][CH2-Pc    ] E1
[T+1827777173us][CH2-Pc    ] F0
[T+1827782174us][CH1-Dispenser] F0 F8
[T+1827857172us][CH2-Pc    ] F1
[T+1827861172us][CH1-Dispenser] F1 F5
[T+1827884172us][CH2-Pc    ] F9
[T+1827898172us][CH1-Dispenser] F9 39 39 72
[T+1827962172us][CH2-Pc    ] E1
[T+1827966172us][CH1-Dispenser] E1 E9
[T+1828040173us][CH2-Pc    ] F0
[T+1828046200us][CH1-Dispenser] F0 F8
[T+1828118305us][CH1-Dispenser] E0
[T+1828118173us][CH2-Pc    ] E0
[T+1828293306us][CH1-Dispenser] E1
[T+1828293173us][CH2-Pc    ] E1
[T+1828461198us][CH2-Pc    ] F0
[T+1828467200us][CH1-Dispenser] F0 F8
[T+1828539197us][CH2-Pc    ] F1
[T+1828567172us][CH2-Pc    ] F9
[T+1828578179us][CH1-Dispenser] F1 F5 F9 39 39 72
[T+1828645172us][CH2-Pc    ] E1
[T+1828653798us][CH1-Dispenser] E1 E9
[T+1828723172us][CH2-Pc    ] F0
[T+1828727173us][CH1-Dispenser] F0 F8
[T+1828802304us][CH1-Dispenser] E0
[T+1828802173us][CH2-Pc    ] E0
[T+1828981322us][CH1-Dispenser] E1
[T+1828981180us][CH2-Pc    ] E1
[T+1829145172us][CH2-Pc    ] F0
[T+1829153179us][CH1-Dispenser] F0 F8
[T+1829223172us][CH2-Pc    ] F1
[T+1829250172us][CH2-Pc    ] F9
[T+1829263176us][CH1-Dispenser] F1 F5 F9 39 79 77
[T+1829328172us][CH2-Pc    ] E1
[T+1829336172us][CH1-Dispenser] E1 E9
[T+1829406172us][CH2-Pc    ] F0
[T+1829413172us][CH1-Dispenser] F0 F8
[T+1829484305us][CH1-Dispenser] E0
[T+1829484173us][CH2-Pc    ] E0
[T+1829670309us][CH1-Dispenser] E1
[T+1829670173us][CH2-Pc    ] E1
[T+1829852172us][CH2-Pc    ] F0
[T+1829856173us][CH1-Dispenser] F0 F8
[T+1829930172us][CH2-Pc    ] F1
[T+1829957174us][CH2-Pc    ] F9
[T+1829968799us][CH1-Dispenser] F1 F5 F9 39 39 72
[T+1830035172us][CH2-Pc    ] E1
[T+1830042172us][CH1-Dispenser] E1 E9
[T+1830113172us][CH2-Pc    ] F0
[T+1830123179us][CH1-Dispenser] F0 F8
[T+1830192305us][CH1-Dispenser] E0
[T+1830192173us][CH2-Pc    ] E0
[T+1830370308us][CH1-Dispenser] E1
[T+1830370173us][CH2-Pc    ] E1
[T+1830544197us][CH2-Pc    ] F0
[T+1830550200us][CH1-Dispenser] F0 F8
[T+1830622172us][CH2-Pc    ] F1
[T+1830626172us][CH1-Dispenser] F1 F5
[T+1830650197us][CH2-Pc    ] F9
[T+1830666172us][CH1-Dispenser] F9 39 79 77
[T+1830739172us][CH2-Pc    ] E1
[T+1830747172us][CH1-Dispenser] E1 E9
[T+1830818172us][CH2-Pc    ] F0
[T+1830822172us][CH1-Dispenser] F0 F8
[T+1830896304us][CH1-Dispenser] E0
[T+1830896173us][CH2-Pc    ] E0
[T+1831070306us][CH1-Dispenser] E1
[T+1831070173us][CH2-Pc    ] E1
[T+1831245172us][CH2-Pc    ] F0
[T+1831252172us][CH1-Dispenser] F0 F8
[T+1831323172us][CH2-Pc    ] F1
[T+1831351172us][CH2-Pc    ] F9
[T+1831362821us][CH1-Dispenser] F1 F5 F9 39 39 F2
[T+1831431172us][CH2-Pc    ] E1
[T+1831437200us][CH1-Dispenser] E1 E9
[T+1831509196us][CH2-Pc    ] F0
[T+1831516803us][CH1-Dispenser] F0 F8
[T+1831587305us][CH1-Dispenser] E0
[T+1831587173us][CH2-Pc    ] E0
[T+1831763305us][CH1-Dispenser] E1
[T+1831763173us][CH2-Pc    ] E1
[T+1831927172us][CH2-Pc    ] F0
[T+1831932172us][CH1-Dispenser] F0 F8
[T+1832005172us][CH2-Pc    ] F1
[T+1832011200us][CH1-Dispenser] F1 F5
[T+1832032172us][CH2-Pc    ] F9
[T+1832042172us][CH1-Dispenser] F9 39 79 77
[T+1832111172us][CH2-Pc    ] E1
[T+1832116172us][CH1-Dispenser] E1 E9
[T+1832189172us][CH2-Pc    ] F0
[T+1832198109us][CH1-Dispenser] F0 F8
[T+1832267306us][CH1-Dispenser] E0
[T+1832267173us][CH2-Pc    ] E0
[T+1832443305us][CH1-Dispenser] E1
[T+1832443173us][CH2-Pc    ] E1
[T+1832617173us][CH2-Pc    ] F0
[T+1832622172us][CH1-Dispenser] F0 F8
[T+1832695172us][CH2-Pc    ] F1
[T+1832702172us][CH1-Dispenser] F1 F5
[T+1832723172us][CH2-Pc    ] F9
[T+1832733807us][CH1-Dispenser] F9 39 79 F7
[T+1832801172us][CH2-Pc    ] E1
[T+1832806172us][CH1-Dispenser] E1 E9
[T+1832879172us][CH2-Pc    ] F0
[T+1832887801us][CH1-Dispenser] F0 F8
[T+1832957306us][CH1-Dispenser] E0
[T+1832957173us][CH2-Pc    ] E0
[T+1833132308us][CH1-Dispenser] E1
[T+1833132173us][CH2-Pc    ] E1
[T+1833311173us][CH1-Dispenser] F0 F8
[T+1833307172us][CH2-Pc    ] F0
[T+1833385172us][CH2-Pc    ] F1
[T+1833391200us][CH1-Dispenser] F1 F5
[T+1833412172us][CH2-Pc    ] F9
[T+1833423179us][CH1-Dispenser] F9 39 39 72
[T+1833492172us][CH2-Pc    ] E1
[T+1833496172us][CH1-Dispenser] E1 E9
[T+1833571172us][CH2-Pc    ] F0
[T+1833577200us][CH1-Dispenser] F0 F8
[T+1833649308us][CH1-Dispenser] E0
[T+1833649173us][CH2-Pc    ] E0
[T+1833824305us][CH1-Dispenser] E1
[T+1833824173us][CH2-Pc    ] E1
[T+1833988172us][CH2-Pc    ] F0
[T+1833998796us][CH1-Dispenser] F0 F8
[T+1834066172us][CH2-Pc    ] F1
[T+1834072200us][CH1-Dispenser] F1 F5
[T+1834094172us][CH2-Pc    ] F9
[T+1834109172us][CH1-Dispenser] F9 39 79 77
[T+1834184172us][CH2-Pc    ] E1
[T+1834194806us][CH1-Dispenser] E1 E9
[T+1834262172us][CH2-Pc    ] F0
[T+1834267172us][CH1-Dispenser] F0 F8
[T+1834342307us][CH1-Dispenser] E0
[T+1834342173us][CH2-Pc    ] E0
[T+1834506304us][CH1-Dispenser] E1
[T+1834506173us][CH2-Pc    ] E1
[T+1834681172us][CH2-Pc    ] F0
[T+1834687200us][CH1-Dispenser] F0 F8
[T+1834759196us][CH2-Pc    ] F1
[T+1834786172us][CH2-Pc    ] F9
[T+1834798213us][CH1-Dispenser] F1 F5 F9 39 79 77
[T+1834865172us][CH2-Pc    ] E1
[T+1834871211us][CH1-Dispenser] E1 E9
[T+1834947255us][CH1-Dispenser] F0 F8
[T+1834943172us][CH2-Pc    ] F0
[T+1835012307us][CH1-Dispenser] E0
[T+1835012173us][CH2-Pc    ] E0
[T+1835176307us][CH1-Dispenser] E1
[T+1835176174us][CH2-Pc    ] E1
[T+1835351172us][CH2-Pc    ] F0
[T+1835356172us][CH1-Dispenser] F0 F8
[T+1835429172us][CH2-Pc    ] F1
[T+1835457172us][CH2-Pc    ] F9
[T+1835468778us][CH1-Dispenser] F1 F5 F9 39 79 77
[T+1835537172us][CH2-Pc    ] E1
[T+1835543200us][CH1-Dispenser] E1 E9
[T+1835615196us][CH2-Pc    ] F0
[T+1835624179us][CH1-Dispenser] F0 F8
[T+1835693312us][CH1-Dispenser] E0
[T+1835693174us][CH2-Pc    ] E0
[T+1835868304us][CH1-Dispenser] E1
[T+1835868173us][CH2-Pc    ] E1
[T+1836044172us][CH2-Pc    ] F0
[T+1836051172us][CH1-Dispenser] F0 F8
[T+1836122172us][CH2-Pc    ] F1
[T+1836126172us][CH1-Dispenser] F1 F5
[T+1836149172us][CH2-Pc    ] F9
[T+1836165172us][CH1-Dispenser] F9 68 79 72
[T+1836238173us][CH2-Pc    ] E1
[T+1836242173us][CH1-Dispenser] E1 E9
[T+1836316172us][CH2-Pc    ] F0
[T+1836321172us][CH1-Dispenser] F0 F8
[T+1836400305us][CH1-Dispenser] E0
[T+1836400173us][CH2-Pc    ] E0
[T+1836575306us][CH1-Dispenser] E1
[T+1836575173us][CH2-Pc    ] E1
[T+1836739172us][CH2-Pc    ] F0
[T+1836747172us][CH1-Dispenser] F0 F8
[T+1836817176us][CH2-Pc    ] F1
[T+1836823202us][CH1-Dispenser] F1 F5
[T+1836845172us][CH2-Pc    ] F9
[T+1836859172us][CH1-Dispenser] F9 BA 31 F7
[T+1836938172us][CH1-Dispenser] E1 E9
[T+1836934172us][CH2-Pc    ] E1
[T+1837012172us][CH2-Pc    ] F0
[T+1837017172us][CH1-Dispenser] F0 F8
[T+1837090307us][CH1-Dispenser] E0
[T+1837090173us][CH2-Pc    ] E0
[T+1837254305us][CH1-Dispenser] E1
[T+1837254173us][CH2-Pc    ] E1
[T+1837429172us][CH2-Pc    ] F0
[T+1837438808us][CH1-Dispenser] F0 F8
[T+1837507172us][CH2-Pc    ] F1
[T+1837511172us][CH1-Dispenser] F1 F5
[T+1837534172us][CH2-Pc    ] F9
[T+1837548172us][CH1-Dispenser] F9 F8 DF 26 F8
[T+1837612172us][CH2-Pc    ] E1
[T+1837617172us][CH1-Dispenser] E1 E9
[T+1837691172us][CH2-Pc    ] F0
[T+1837696172us][CH1-Dispenser] F0 F8
[T+1837771305us][CH1-Dispenser] E0
[T+1837771173us][CH2-Pc    ] E0
[T+1837946311us][CH1-Dispenser] E1
[T+1837946174us][CH2-Pc    ] E1
[T+1838122172us][CH2-Pc    ] F0
[T+1838127172us][CH1-Dispenser] F0 E8
[T+1838200172us][CH2-Pc    ] F1
[T+1838227172us][CH2-Pc    ] F9
[T+1838239213us][CH1-Dispenser] F1 F5 F9 79 B7 72
[T+1838306172us][CH2-Pc    ] E1
[T+1838313769us][CH1-Dispenser] E1 E9
[T+1838384172us][CH2-Pc    ] F0
[T+1838392172us][CH1-Dispenser] F0 F8
[T+1838462307us][CH1-Dispenser] E0
[T+1838462173us][CH2-Pc    ] E0
[T+1838637304us][CH1-Dispenser] E1
[T+1838637173us][CH2-Pc    ] E1
[T+1838801172us][CH2-Pc    ] F0
[T+1838806173us][CH1-Dispenser] F0 F8
[T+1838879172us][CH2-Pc    ] F1
[T+1838906172us][CH2-Pc    ] F9
[T+1838918213us][CH1-Dispenser] F1 F5 F9 A9 6A 77
[T+1838984197us][CH2-Pc    ] E1
[T+1838992179us][CH1-Dispenser] E1 E9
[T+1839062172us][CH2-Pc    ] F0
[T+1839067172us][CH1-Dispenser] F0 F8
[T+1839142306us][CH1-Dispenser] E0
[T+1839142173us][CH2-Pc    ] E0
[T+1839316307us][CH1-Dispenser] E1
[T+1839316173us][CH2-Pc    ] E1
[T+1839491172us][CH2-Pc    ] F0
[T+1839497200us][CH1-Dispenser] F0 F8
[T+1839569196us][CH2-Pc    ] F1
[T+1839597172us][CH2-Pc    ] F9
[T+1839608179us][CH1-Dispenser] F1 F5 F9 A8 FB 26 F8
[T+1839676172us][CH2-Pc    ] E1
[T+1839682206us][CH1-Dispenser] E1 E9
[T+1839765172us][CH2-Pc    ] F0
[T+1839772172us][CH1-Dispenser] F0 F8
[T+1839843305us][CH1-Dispenser] E0
[T+1839843173us][CH2-Pc    ] E0
[T+1840028308us][CH1-Dispenser] E1
[T+1840028173us][CH2-Pc    ] E1
[T+1840192172us][CH2-Pc    ] F0
[T+1840197348us][CH1-Dispenser] F0 F8
[T+1840270172us][CH2-Pc    ] F1
[T+1840298177us][CH2-Pc    ] F9
[T+1840309179us][CH1-Dispenser] F1 F5 F9 B9 7A 77
[T+1840377172us][CH2-Pc    ] E1
[T+1840385172us][CH1-Dispenser] E1 E9
[T+1840455172us][CH2-Pc    ] F0
[T+1840462172us][CH1-Dispenser] F0 F8
[T+1840533304us][CH1-Dispenser] E0
[T+1840533173us][CH2-Pc    ] E0
[T+1840710313us][CH1-Dispenser] E1
[T+1840710173us][CH2-Pc    ] E1
[T+1840886172us][CH2-Pc    ] F0
[T+1840891172us][CH1-Dispenser] F0 F8
[T+1840964172us][CH2-Pc    ] F1
[T+1840991172us][CH2-Pc    ] F9
[T+1841003213us][CH1-Dispenser] F1 F5 F9 28 71 77
[T+1841071172us][CH2-Pc    ] E1
[T+1841077202us][CH1-Dispenser] E1 E9
[T+1841149197us][CH2-Pc    ] F0
[T+1841158803us][CH1-Dispenser] F0 F8
[T+1841227304us][CH1-Dispenser] E0
[T+1841227173us][CH2-Pc    ] E0
[T+1841403305us][CH1-Dispenser] E1
[T+1841403173us][CH2-Pc    ] E1
[T+1841567172us][CH2-Pc    ] F0
[T+1841573201us][CH1-Dispenser] F0 F8
[T+1841645199us][CH2-Pc    ] F1
[T+1841673172us][CH2-Pc    ] F9
[T+1841683179us][CH1-Dispenser] F1 F5 F9 29 70 72
[T+1841752172us][CH2-Pc    ] E1
[T+1841761549us][CH1-Dispenser] E1 E9
[T+1841830172us][CH2-Pc    ] F0
[T+1841837172us][CH1-Dispenser] F0 F8
[T+1841908304us][CH1-Dispenser] E0
[T+1841908173us][CH2-Pc    ] E0
[T+1842083308us][CH1-Dispenser] E1
[T+1842083173us][CH2-Pc    ] E1
[T+1842258172us][CH2-Pc    ] F0
[T+1842262174us][CH1-Dispenser] F0 F8
[T+1842336172us][CH2-Pc    ] F1
[T+1842343172us][CH1-Dispenser] F1 F5
[T+1842370172us][CH2-Pc    ] F9
[T+1842385172us][CH1-Dispenser] F9 29 70 72
[T+1842462172us][CH1-Dispenser] E1 E9
[T+1842459172us][CH2-Pc    ] E1
[T+1842526172us][CH2-Pc    ] F0
[T+1842534172us][CH1-Dispenser] F0 F8
[T+1842605305us][CH1-Dispenser] E0
[T+1842605173us][CH2-Pc    ] E0
[T+1842769305us][CH1-Dispenser] E1
[T+1842769173us][CH2-Pc    ] E1
[T+1842945172us][CH2-Pc    ] F0
[T+1842952808us][CH1-Dispenser] F0 F8
[T+1843023172us][CH2-Pc    ] F1
[T+1843028172us][CH1-Dispenser] F1 F5
[T+1843051172us][CH2-Pc    ] F9
[T+1843063213us][CH1-Dispenser] F9 2A 29 77
[T+1843131172us][CH2-Pc    ] E1
[T+1843138777us][CH1-Dispenser] E1 E9
[T+1843212172us][CH1-Dispenser] F0 F8
[T+1843209172us][CH2-Pc    ] F0
[T+1843276305us][CH1-Dispenser] E0
[T+1843276173us][CH2-Pc    ] E0
[T+1843451310us][CH1-Dispenser] E1
[T+1843451173us][CH2-Pc    ] E1
[T+1843616198us][CH2-Pc    ] F0
[T+1843622173us][CH1-Dispenser] F0 F8
[T+1843694198us][CH2-Pc    ] F1
[T+1843721172us][CH2-Pc    ] F9
[T+1843734173us][CH1-Dispenser] F1 F5 F9 39 A9 77
[T+1843801193us][CH2-Pc    ] E1
[T+1843807173us][CH1-Dispenser] E1 E9
[T+1843879461us][CH2-Pc    ] F0
[T+1843882175us][CH1-Dispenser] F0 E8
[T+1843946305us][CH1-Dispenser] E0
[T+1843946173us][CH2-Pc    ] E0
[T+1844121308us][CH1-Dispenser] E1
[T+1844121174us][CH2-Pc    ] E1
[T+1844293173us][CH2-Pc    ] F0
[T+1844298173us][CH1-Dispenser] F0 F8
[T+1844371172us][CH2-Pc    ] F1
[T+1844377200us][CH1-Dispenser] F1 F5
[T+1844398172us][CH2-Pc    ] F9
[T+1844408172us][CH1-Dispenser] F9 38 72 72
[T+1844477172us][CH2-Pc    ] E1
[T+1844482172us][CH1-Dispenser] E1 E9
[T+1844556172us][CH2-Pc    ] F0
[T+1844563764us][CH1-Dispenser] F0 F8
[T+1844634305us][CH1-Dispenser] E0
[T+1844634173us][CH2-Pc    ] E0
[T+1844810306us][CH1-Dispenser] E1
[T+1844810173us][CH2-Pc    ] E1
[T+1844978173us][CH1-Dispenser] F0 F8
[T+1844974172us][CH2-Pc    ] F0
[T+1845052172us][CH2-Pc    ] F1
[T+1845057172us][CH1-Dispenser] F1 F5
[T+1845079172us][CH2-Pc    ] F9
[T+1845088179us][CH1-Dispenser] F9 3A 77 77
[T+1845158172us][CH2-Pc    ] E1
[T+1845165172us][CH1-Dispenser] E1 E9
[T+1845236172us][CH2-Pc    ] F0
[T+1845244172us][CH1-Dispenser] F0 F8
[T+1845314310us][CH1-Dispenser] E0
[T+1845314174us][CH2-Pc    ] E0
[T+1845489307us][CH1-Dispenser] E1
[T+1845489173us][CH2-Pc    ] E1
[T+1845665172us][CH2-Pc    ] F0
[T+1845676799us][CH1-Dispenser] F0 F8
[T+1845743172us][CH2-Pc    ] F1
[T+1845748172us][CH1-Dispenser] F1 F5
[T+1845770172us][CH2-Pc    ] F9
[T+1845784172us][CH1-Dispenser] F9 A9 B9 77
[T+1845849172us][CH2-Pc    ] E1
[T+1845857804us][CH1-Dispenser] E1 E9
[T+1845928174us][CH2-Pc    ] F0
[T+1845933172us][CH1-Dispenser] F0 F8
[T+1846007305us][CH1-Dispenser] E0
[T+1846007173us][CH2-Pc    ] E0
[T+1846183308us][CH1-Dispenser] E1
[T+1846183173us][CH2-Pc    ] E1
[T+1846348172us][CH2-Pc    ] F0
[T+1846354200us][CH1-Dispenser] F0 F8
[T+1846426173us][CH2-Pc    ] F1
[T+1846453172us][CH2-Pc    ] F9
[T+1846464797us][CH1-Dispenser] F1 F5 F9 29 74 72
[T+1846531172us][CH2-Pc    ] E1
[T+1846538172us][CH1-Dispenser] E1 E9
[T+1846610196us][CH2-Pc    ] F0
[T+1846617172us][CH1-Dispenser] F0 F8
[T+1846688308us][CH1-Dispenser] E0
[T+1846688173us][CH2-Pc    ] E0
[T+1846866304us][CH1-Dispenser] E1
[T+1846866173us][CH2-Pc    ] E1
[T+1847042172us][CH2-Pc    ] F0
[T+1847048202us][CH1-Dispenser] F0 F8
[T+1847120196us][CH2-Pc    ] F1
[T+1847148172us][CH2-Pc    ] F9
[T+1847160213us][CH1-Dispenser] F1 F5 F9 39 31 72
[T+1847227172us][CH2-Pc    ] E1
[T+1847234172us][CH1-Dispenser] E1 E9
[T+1847305172us][CH2-Pc    ] F0
[T+1847315179us][CH1-Dispenser] F0 F8
[T+1847384306us][CH1-Dispenser] E0
[T+1847384173us][CH2-Pc    ] E0
[T+1847559172us][CH1-Dispenser] E1
[T+1847558173us][CH2-Pc    ] E1
[T+1847723172us][CH2-Pc    ] F0
[T+1847728173us][CH1-Dispenser] F0 F8
[T+1847802172us][CH2-Pc    ] F1
[T+1847829172us][CH2-Pc    ] F9
[T+1847840179us][CH1-Dispenser] F1 F5 F9 6A B8 F7
[T+1847908172us][CH2-Pc    ] E1
[T+1847913172us][CH1-Dispenser] E1 E9
[T+1847986172us][CH2-Pc    ] F0
[T+1847992200us][CH1-Dispenser] F0 F8
[T+1848065307us][CH1-Dispenser] E0
[T+1848065173us][CH2-Pc    ] E0
[T+1848239306us][CH1-Dispenser] E1
[T+1848239173us][CH2-Pc    ] E1
[T+1848415172us][CH2-Pc    ] F0
[T+1848422172us][CH1-Dispenser] F0 F8
[T+1848493172us][CH2-Pc    ] F1
[T+1848498172us][CH1-Dispenser] F1 F5
[T+1848520172us][CH2-Pc    ] F9
[T+1848535172us][CH1-Dispenser] F9 28 39 E5
[T+1848616172us][CH2-Pc    ] E1
[T+1848623172us][CH1-Dispenser] E1 E9
[T+1848694172us][CH2-Pc    ] F0
[T+1848698174us][CH1-Dispenser] F0 F8
[T+1848772305us][CH1-Dispenser] E0
[T+1848772173us][CH2-Pc    ] E0
[T+1848947401us][CH1-Dispenser] E1
[T+1848947265us][CH2-Pc    ] E1
[T+1849122172us][CH2-Pc    ] F0
[T+1849127172us][CH1-Dispenser] F0 F8
[T+1849200172us][CH2-Pc    ] F1
[T+1849227172us][CH2-Pc    ] F9
[T+1849239422us][CH1-Dispenser] F1 F5 F9 39 75 77
[T+1849305196us][CH2-Pc    ] E1
[T+1849313172us][CH1-Dispenser] E1 E9
[T+1849383172us][CH2-Pc    ] F0
[T+1849387172us][CH1-Dispenser] F0 F8
[T+1849451306us][CH1-Dispenser] E0
[T+1849451173us][CH2-Pc    ] E0
[T+1849618307us][CH1-Dispenser] E1
[T+1849618173us][CH2-Pc    ] E1
[T+1849793172us][CH2-Pc    ] F0
[T+1849798173us][CH1-Dispenser] F0 F8
[T+1849871172us][CH2-Pc    ] F1
[T+1849898176us][CH2-Pc    ] F9
[T+1849909180us][CH1-Dispenser] F1 F5 F9 29 B9 72
[T+1849976172us][CH2-Pc    ] E1
[T+1849983172us][CH1-Dispenser] E1 E9
[T+1850055197us][CH2-Pc    ] F0
[T+1850062172us][CH1-Dispenser] F0 F8
[T+1850133307us][CH1-Dispenser] E0
[T+1850133173us][CH2-Pc    ] E0
[T+1850310307us][CH1-Dispenser] E1
[T+1850310174us][CH2-Pc    ] E1
[T+1850479172us][CH2-Pc    ] F0
[T+1850482173us][CH1-Dispenser] F0 F8
[T+1850547172us][CH2-Pc    ] F1
[T+1850574172us][CH2-Pc    ] F9
[T+1850585179us][CH1-Dispenser] F1 F5 F9 2A 29 72
[T+1850652172us][CH2-Pc    ] E1
[T+1850661803us][CH1-Dispenser] E1 E9
[T+1850730172us][CH2-Pc    ] F0
[T+1850738779us][CH1-Dispenser] F0 F8
[T+1850813305us][CH1-Dispenser] E0
[T+1850813173us][CH2-Pc    ] E0
[T+1850995306us][CH1-Dispenser] E1
[T+1850995173us][CH2-Pc    ] E1
[T+1851171172us][CH2-Pc    ] F0
[T+1851178172us][CH1-Dispenser] F0 F8
[T+1851249172us][CH2-Pc    ] F1
[T+1851254172us][CH1-Dispenser] F1 F5
[T+1851277176us][CH2-Pc    ] F9
[T+1851288179us][CH1-Dispenser] F9 68 29 77
[T+1851355175us][CH2-Pc    ] E1
[T+1851364172us][CH1-Dispenser] E1 E9
[T+1851433172us][CH2-Pc    ] F0
[T+1851437172us][CH1-Dispenser] F0 F8
[T+1851511306us][CH1-Dispenser] E0
[T+1851511173us][CH2-Pc    ] E0
[T+1851677306us][CH1-Dispenser] E1
[T+1851677173us][CH2-Pc    ] E1
[T+1851851198us][CH2-Pc    ] F0
[T+1851858172us][CH1-Dispenser] F0 F8
[T+1851929172us][CH2-Pc    ] F1
[T+1851933172us][CH1-Dispenser] F1 F5
[T+1851957197us][CH2-Pc    ] F9
[T+1851970172us][CH1-Dispenser] F9 39 F0 BE F8
[T+1852037172us][CH2-Pc    ] E1
[T+1852045768us][CH1-Dispenser] E1 E9
[T+1852115172us][CH2-Pc    ] F0
[T+1852124772us][CH1-Dispenser] F0 F8
[T+1852193305us][CH1-Dispenser] E0
[T+1852193173us][CH2-Pc    ] E0
[T+1852368305us][CH1-Dispenser] E1
[T+1852368173us][CH2-Pc    ] E1
[T+1852537172us][CH2-Pc    ] F0
[T+1852543200us][CH1-Dispenser] F0 F8
[T+1852615197us][CH2-Pc    ] F1
[T+1852642172us][CH2-Pc    ] F9
[T+1852653179us][CH1-Dispenser] F1 F5 F9 28 BA 72
[T+1852720172us][CH2-Pc    ] E1
[T+1852728791us][CH1-Dispenser] E1 E9
[T+1852798172us][CH2-Pc    ] F0
[T+1852803172us][CH1-Dispenser] F0 F8
[T+1852877305us][CH1-Dispenser] E0
[T+1852877173us][CH2-Pc    ] E0
[T+1853058308us][CH1-Dispenser] E1
[T+1853058173us][CH2-Pc    ] E1
[T+1853222172us][CH2-Pc    ] F0
[T+1853228200us][CH1-Dispenser] F0 F8
[T+1853300196us][CH2-Pc    ] F1
[T+1853328172us][CH2-Pc    ] F9
[T+1853339774us][CH1-Dispenser] F1 F5 F9 78 70 72
[T+1853407172us][CH2-Pc    ] E1
[T+1853414172us][CH1-Dispenser] E1 E9
[T+1853486196us][CH2-Pc    ] F0
[T+1853493775us][CH1-Dispenser] F0 F8
[T+1853564305us][CH1-Dispenser] E0
[T+1853564173us][CH2-Pc    ] E0
[T+1853740306us][CH1-Dispenser] E1
[T+1853740173us][CH2-Pc    ] E1
[T+1853916172us][CH2-Pc    ] F0
[T+1853923172us][CH1-Dispenser] F0 F8
[T+1853994172us][CH2-Pc    ] F1
[T+1853998172us][CH1-Dispenser] F1 F5
[T+1854021173us][CH2-Pc    ] F9
[T+1854035172us][CH1-Dispenser] F9 A9 7A 72
[T+1854115172us][CH2-Pc    ] E1
[T+1854126809us][CH1-Dispenser] E1 E9
[T+1854193172us][CH2-Pc    ] F0
[T+1854198173us][CH1-Dispenser] F0 F8
[T+1854271304us][CH1-Dispenser] E0
[T+1854271173us][CH2-Pc    ] E0
[T+1854446305us][CH1-Dispenser] E1
[T+1854446173us][CH2-Pc    ] E1
[T+1854621172us][CH2-Pc    ] F0
[T+1854628172us][CH1-Dispenser] F0 F8
[T+1854699172us][CH2-Pc    ] F1
[T+1854703172us][CH1-Dispenser] F1 F5
[T+1854726172us][CH2-Pc    ] F9
[T+1854740172us][CH1-Dispenser] F9 EA FB 3E F8
[T+1854805172us][CH2-Pc    ] E1
[T+1854812172us][CH1-Dispenser] E1 E9
[T+1854890197us][CH2-Pc    ] F0
[T+1854899179us][CH1-Dispenser] F0 F8
[T+1854968306us][CH1-Dispenser] E0
[T+1854968173us][CH2-Pc    ] E0
[T+1855154305us][CH1-Dispenser] E1
[T+1855154173us][CH2-Pc    ] E1
[T+1855322173us][CH1-Dispenser] F0 F8
[T+1855318172us][CH2-Pc    ] F0
[T+1855396172us][CH2-Pc    ] F1
[T+1855424197us][CH2-Pc    ] F9
[T+1855434801us][CH1-Dispenser] F1 F5 F9 38 78 39
[T+1855503172us][CH2-Pc    ] E1
[T+1855508172us][CH1-Dispenser] E1 E9
[T+1855582172us][CH2-Pc    ] F0
[T+1855589172us][CH1-Dispenser] F0 F8
[T+1855660313us][CH1-Dispenser] E0
[T+1855660175us][CH2-Pc    ] E0
[T+1855835307us][CH1-Dispenser] E1
[T+1855835173us][CH2-Pc    ] E1
[T+1856009172us][CH2-Pc    ] F0
[T+1856013172us][CH1-Dispenser] F0 F8
[T+1856092172us][CH1-Dispenser] F1 F5
[T+1856088172us][CH2-Pc    ] F1
[T+1856115172us][CH2-Pc    ] F9
[T+1856128177us][CH1-Dispenser] F9 38 78 39
[T+1856196172us][CH2-Pc    ] E1
[T+1856203786us][CH1-Dispenser] E1 E9
[T+1856277172us][CH1-Dispenser] F0 F8
[T+1856274174us][CH2-Pc    ] F0
[T+1856343304us][CH1-Dispenser] E0
[T+1856343173us][CH2-Pc    ] E0
[T+1856520309us][CH1-Dispenser] E1
[T+1856520174us][CH2-Pc    ] E1
[T+1856697299us][CH2-Pc    ] F0
[T+1856704172us][CH1-Dispenser] F0 F8
[T+1856775172us][CH2-Pc    ] F1
[T+1856802172us][CH2-Pc    ] F9
[T+1856814213us][CH1-Dispenser] F1 F5 F9 38 B8 39
[T+1856880196us][CH2-Pc    ] E1
[T+1856888181us][CH1-Dispenser] E1 E9
[T+1856959172us][CH2-Pc    ] F0
[T+1856964172us][CH1-Dispenser] F0 F8
[T+1857037305us][CH1-Dispenser] E0
[T+1857037173us][CH2-Pc    ] E0
[T+1857214305us][CH1-Dispenser] E1
[T+1857214173us][CH2-Pc    ] E1
[T+1857389173us][CH2-Pc    ] F0
[T+1857392172us][CH1-Dispenser] F0 F8
[T+1857466172us][CH2-Pc    ] F1
[T+1857494197us][CH2-Pc    ] F9
[T+1857504176us][CH1-Dispenser] F1 F5 F9 38 B8 39
[T+1857573172us][CH2-Pc    ] E1
[T+1857578172us][CH1-Dispenser] E1 E9
[T+1857651172us][CH2-Pc    ] F0
[T+1857659757us][CH1-Dispenser] F0 F8
[T+1857730310us][CH1-Dispenser] E0
[T+1857730174us][CH2-Pc    ] E0
[T+1857894305us][CH1-Dispenser] E1
[T+1857894173us][CH2-Pc    ] E1
[T+1858074172us][CH1-Dispenser] F0 F8
[T+1858070172us][CH2-Pc    ] F0
[T+1858148172us][CH2-Pc    ] F1
[T+1858153172us][CH1-Dispenser] F1 F5
[T+1858175838us][CH2-Pc    ] F9
[T+1858190173us][CH1-Dispenser] F9 38 78 39
[T+1858264172us][CH2-Pc    ] E1
[T+1858268172us][CH1-Dispenser] E1 E9
[T+1858347172us][CH1-Dispenser] F0 F8
[T+1858343172us][CH2-Pc    ] F0
[T+1858420399us][CH1-Dispenser] E0
[T+1858420268us][CH2-Pc    ] E0
[T+1858606308us][CH1-Dispenser] E1
[T+1858606174us][CH2-Pc    ] E1
[T+1858771172us][CH2-Pc    ] F0
[T+1858777200us][CH1-Dispenser] F0 F8
[T+1858849197us][CH2-Pc    ] F1
[T+1858855200us][CH1-Dispenser] F1 F5
[T+1858876172us][CH2-Pc    ] F9
[T+1858889172us][CH1-Dispenser] F9 38 78 39
[T+1858955173us][CH2-Pc    ] E1
[T+1858960173us][CH1-Dispenser] E1 E9
[T+1859033172us][CH2-Pc    ] F0
[T+1859041172us][CH1-Dispenser] F0 F8
[T+1859111308us][CH1-Dispenser] E0
[T+1859111173us][CH2-Pc    ] E0
[T+1859286307us][CH1-Dispenser] E1
[T+1859286173us][CH2-Pc    ] E1
[T+1859457172us][CH2-Pc    ] F0
[T+1859463200us][CH1-Dispenser] F0 F8
[T+1859536172us][CH2-Pc    ] F1
[T+1859542202us][CH1-Dispenser] F1 F5
[T+1859564172us][CH2-Pc    ] F9
[T+1859577172us][CH1-Dispenser] F9 38 F8 39
[T+1859643310us][CH2-Pc    ] E1
[T+1859648172us][CH1-Dispenser] E1 E9
[T+1859721172us][CH2-Pc    ] F0
[T+1859728172us][CH1-Dispenser] F0 F8
[T+1859799306us][CH1-Dispenser] E0
[T+1859799173us][CH2-Pc    ] E0
[T+1859980311us][CH1-Dispenser] E1
[T+1859980174us][CH2-Pc    ] E1
[T+1860144172us][CH2-Pc    ] F0
[T+1860148172us][CH1-Dispenser] F0 F8
[T+1860222172us][CH2-Pc    ] F1
[T+1860229172us][CH1-Dispenser] F1 E5
[T+1860800172us][CH2-Pc    ] E1
[T+1860809179us][CH1-Dispenser] E1 E9
[T+1860879173us][CH2-Pc    ] F0
[T+1860886172us][CH1-Dispenser] F0 F8
[T+1860956305us][CH1-Dispenser] E0
[T+1860956173us][CH2-Pc    ] E0
[T+1861131307us][CH1-Dispenser] E1
[T+1861131173us][CH2-Pc    ] E1
[T+1861306172us][CH2-Pc    ] F0
[T+1861314172us][CH1-Dispenser] F0 F8
[T+1861384172us][CH2-Pc    ] F1
[T+1861388172us][CH1-Dispenser] F1 F9
[T+1861962172us][CH2-Pc    ] E1
[T+1861969759us][CH1-Dispenser] E1 E9
[T+1862040172us][CH2-Pc    ] F0
[T+1862048172us][CH1-Dispenser] F0 F8
[T+1862119305us][CH1-Dispenser] E0
[T+1862119173us][CH2-Pc    ] E0
[T+1862294307us][CH1-Dispenser] E1
[T+1862294173us][CH2-Pc    ] E1
[T+1862472172us][CH2-Pc    ] F0
[T+1862480172us][CH1-Dispenser] F0 F8
[T+1862551172us][CH2-Pc    ] F1
[T+1862579172us][CH2-Pc    ] E9
[T+1862628172us][CH1-Dispenser] F1 F9 E9 2F BE 33 38 2D 7C 87 38 70 70 38 39 2F 38 79 78 28 FF
[T+1862651305us][CH1-Dispenser] FD
[T+1862651173us][CH2-Pc    ] FD
[T+1862785172us][CH1-Dispenser] AF 71 37 B8 29 29 7A 83 78 7A 37 E7 B8 68 7C 38 B8 33 75 B5 68 70 BF 2F A8 A9 76 87 3C 78 B3 83 38 B8 35 73 97 AA 74 87 AF 74 AA A8 70 87 39 F0 F1 38 3F F8
[T+1862851196us][CH2-Pc    ] E1
[T+1862859172us][CH1-Dispenser] E1 E9
[T+1862929172us][CH2-Pc    ] F0
[T+1862933172us][CH1-Dispenser] F0 F8
[T+1863007306us][CH1-Dispenser] E0
[T+1863007173us][CH2-Pc    ] E0
[T+1863176305us][CH1-Dispenser] E1
[T+1863176173us][CH2-Pc    ] E1
[T+1863351197us][CH2-Pc    ] F0
[T+1863358172us][CH1-Dispenser] F0 F8
[T+1863429172us][CH2-Pc    ] F1
[T+1863435202us][CH1-Dispenser] F1 F9
[T+1863456175us][CH2-Pc    ] E9
[T+1863529172us][CH2-Pc    ] FD
[T+1863656172us][CH1-Dispenser] E9 2F BE 70 38 2D 7C 87 78 A3 70 38 39 2F 38 B9 B8 28 FF FD AF 70 76 B8 29 A9 7A 83 78 3A 76 D5 78 68 7C 38 B8 70 76 D5 68 70 39 73 F7 93 A9 AA 38 68 33 38 B8 72 74 CF EA 31 87 AF E9 EA 28 70 78 68 33 38 B8 2A FF
[T+1863736172us][CH2-Pc    ] E1
[T+1863744179us][CH1-Dispenser] E1 E9
[T+1863814172us][CH2-Pc    ] F0
[T+1863820202us][CH1-Dispenser] F0 F8
[T+1863892305us][CH1-Dispenser] E0
[T+1863892173us][CH2-Pc    ] E0
[T+1864067306us][CH1-Dispenser] E1
[T+1864067173us][CH2-Pc    ] E1
[T+1864242172us][CH2-Pc    ] F0
[T+1864248200us][CH1-Dispenser] F0 F8
[T+1864320172us][CH2-Pc    ] F1
[T+1864322172us][CH1-Dispenser] F1 F9
[T+1864388196us][CH2-Pc    ] E1
[T+1864395775us][CH1-Dispenser] E1 E9
[T+1864465174us][CH2-Pc    ] F0
[T+1864474179us][CH1-Dispenser] F0 F8
[T+1864543307us][CH1-Dispenser] E0
[T+1864543173us][CH2-Pc    ] E0
[T+1864707306us][CH1-Dispenser] E1
[T+1864707173us][CH2-Pc    ] E1
[T+1864882196us][CH2-Pc    ] F0
[T+1864890770us][CH1-Dispenser] F0 F8
[T+1864960172us][CH2-Pc    ] F1
[T+1864969444us][CH1-Dispenser] F1 F9
[T+1865038172us][CH2-Pc    ] E1
[T+1865043172us][CH1-Dispenser] E1 E9
[T+1865122172us][CH2-Pc    ] F0
[T+1865128201us][CH1-Dispenser] F0 F8
[T+1865201309us][CH1-Dispenser] E0
[T+1865201175us][CH2-Pc    ] E0
[T+1865383305us][CH1-Dispenser] E1
[T+1865383173us][CH2-Pc    ] E1
[T+1865559172us][CH2-Pc    ] F0
[T+1865564172us][CH1-Dispenser] F0 F8
[T+1865637172us][CH2-Pc    ] F1
[T+1865643201us][CH1-Dispenser] F1 F9
[T+1865729172us][CH2-Pc    ] E1
[T+1865735202us][CH1-Dispenser] E1 E9
[T+1865806172us][CH2-Pc    ] F0
[T+1865814777us][CH1-Dispenser] F0 F8
[T+1865884304us][CH1-Dispenser] E0
[T+1865884173us][CH2-Pc    ] E0
[T+1866051306us][CH1-Dispenser] E1
[T+1866051173us][CH2-Pc    ] E1
[T+1866224172us][CH2-Pc    ] F0
[T+1866229173us][CH1-Dispenser] F0 F8
[T+1866292172us][CH2-Pc    ] F1
[T+1866299739us][CH1-Dispenser] F1 F9
[T+1866371196us][CH2-Pc    ] E1
[T+1866378172us][CH1-Dispenser] E1 E9
[T+1866449172us][CH2-Pc    ] F0
[T+1866454173us][CH1-Dispenser] F0 F8
[T+1866527305us][CH1-Dispenser] E0
[T+1866527173us][CH2-Pc    ] E0
[T+1866695306us][CH1-Dispenser] E1
[T+1866695174us][CH2-Pc    ] E1
[T+1866869174us][CH2-Pc    ] F0
[T+1866874172us][CH1-Dispenser] F0 F8
[T+1866948254us][CH2-Pc    ] F1
[T+1866955172us][CH1-Dispenser] F1 F9
[T+1867039197us][CH2-Pc    ] E1
[T+1867045202us][CH1-Dispenser] E1 E9
[T+1867117196us][CH2-Pc    ] F0
[T+1867124172us][CH1-Dispenser] F0 F8
[T+1867195304us][CH1-Dispenser] E0
[T+1867195173us][CH2-Pc    ] E0
[T+1867369305us][CH1-Dispenser] E1
[T+1867369173us][CH2-Pc    ] E1
[T+1867542172us][CH2-Pc    ] F0
[T+1867550179us][CH1-Dispenser] F0 F8
[T+1867621172us][CH2-Pc    ] F1
[T+1867629172us][CH1-Dispenser] F1 F9
[T+1867700172us][CH2-Pc    ] E1
[T+1867705172us][CH1-Dispenser] E1 E9
[T+1867778172us][CH2-Pc    ] F0
[T+1867784201us][CH1-Dispenser] F0 F8
[T+1867857306us][CH1-Dispenser] E0
[T+1867857174us][CH2-Pc    ] E0
[T+1868036306us][CH1-Dispenser] E1
[T+1868036173us][CH2-Pc    ] E1
[T+1868211172us][CH2-Pc    ] F0
[T+1868220172us][CH1-Dispenser] F0 F8
[T+1868289172us][CH2-Pc    ] F1
[T+1868294172us][CH1-Dispenser] F1 F9
[T+1868358172us][CH2-Pc    ] E1
[T+1868364202us][CH1-Dispenser] E1 E9
[T+1868437172us][CH2-Pc    ] F0
[T+1868443201us][CH1-Dispenser] F0 F8
[T+1868516304us][CH1-Dispenser] E0
[T+1868516173us][CH2-Pc    ] E0
[T+1868693306us][CH1-Dispenser] E1
[T+1868693173us][CH2-Pc    ] E1
[T+1868868172us][CH2-Pc    ] F0
[T+1868874200us][CH1-Dispenser] F0 F8
[T+1868946197us][CH2-Pc    ] F1
[T+1868953172us][CH1-Dispenser] F1 F9
[T+1869025172us][CH2-Pc    ] E1
[T+1869029172us][CH1-Dispenser] E1 E9
[T+1869103172us][CH2-Pc    ] F0
[T+1869110859us][CH1-Dispenser] F0 F8
[T+1869182305us][CH1-Dispenser] E0
[T+1869182173us][CH2-Pc    ] E0
[T+1869354308us][CH1-Dispenser] E1
[T+1869354173us][CH2-Pc    ] E1
[T+1869523172us][CH2-Pc    ] F0
[T+1869530172us][CH1-Dispenser] F0 F8
[T+1869601172us][CH2-Pc    ] F1
[T+1869609179us][CH1-Dispenser] F1 F9
[T+1869680172us][CH2-Pc    ] E1
[T+1869685172us][CH1-Dispenser] E1 E9
[T+1869758172us][CH2-Pc    ] F0
[T+1869766172us][CH1-Dispenser] F0 F8
[T+1869836306us][CH1-Dispenser] E0
[T+1869836174us][CH2-Pc    ] E0
[T+1870011306us][CH1-Dispenser] E1
[T+1870011173us][CH2-Pc    ] E1
[T+1870178172us][CH1-Dispenser] F0 F8
[T+1870175173us][CH2-Pc    ] F0
[T+1870242172us][CH2-Pc    ] F1
[T+1870251172us][CH1-Dispenser] F1 F9
[T+1870321172us][CH2-Pc    ] E1
[T+1870324172us][CH1-Dispenser] E1 E9
[T+1870399172us][CH2-Pc    ] F0
[T+1870404175us][CH1-Dispenser] F0 F8
[T+1870477305us][CH1-Dispenser] E0
[T+1870477173us][CH2-Pc    ] E0
[T+1870652306us][CH1-Dispenser] E1
[T+1870652173us][CH2-Pc    ] E1
[T+1870816172us][CH2-Pc    ] F0
[T+1870825172us][CH1-Dispenser] F0 F8
[T+1870894172us][CH2-Pc    ] F1
[T+1870899172us][CH1-Dispenser] F1 F9
[T+1870972172us][CH2-Pc    ] E1
[T+1870979172us][CH1-Dispenser] E1 E9
[T+1871050172us][CH2-Pc    ] F0
[T+1871054172us][CH1-Dispenser] F0 E8
[T+1871128304us][CH1-Dispenser] E0
[T+1871128173us][CH2-Pc    ] E0
[T+1871303305us][CH1-Dispenser] E1
[T+1871303174us][CH2-Pc    ] E1
[T+1871478172us][CH2-Pc    ] F0
[T+1871485172us][CH1-Dispenser] F0 F8
[T+1871556172us][CH2-Pc    ] F1
[T+1871564172us][CH1-Dispenser] F1 F9
[T+1871634173us][CH2-Pc    ] E1
[T+1871640201us][CH1-Dispenser] E1 E9
[T+1871712198us][CH2-Pc    ] F0
[T+1871719172us][CH1-Dispenser] F0 F8
[T+1871791305us][CH1-Dispenser] E0
[T+1871791173us][CH2-Pc    ] E0
[T+1871977306us][CH1-Dispenser] E1
[T+1871977173us][CH2-Pc    ] E1
[T+1872152172us][CH2-Pc    ] F0
[T+1872159172us][CH1-Dispenser] F0 F8
[T+1872233172us][CH2-Pc    ] F1
[T+1872240797us][CH1-Dispenser] F1 F9
[T+1872314172us][CH1-Dispenser] E1 E9
[T+1872311172us][CH2-Pc    ] E1
[T+1872378172us][CH2-Pc    ] F0
[T+1872384200us][CH1-Dispenser] F0 F8
[T+1872456307us][CH1-Dispenser] E0
[T+1872456173us][CH2-Pc    ] E0
[T+1872631305us][CH1-Dispenser] E1
[T+1872631174us][CH2-Pc    ] E1
[T+1872806172us][CH2-Pc    ] F0
[T+1872815817us][CH1-Dispenser] F0 F8
[T+1872884172us][CH2-Pc    ] F1
[T+1872888172us][CH1-Dispenser] F1 F9
[T+1872962174us][CH2-Pc    ] E1
[T+1872970179us][CH1-Dispenser] E1 E9
[T+1873043172us][CH1-Dispenser] F0 F8
[T+1873040172us][CH2-Pc    ] F0
[T+1873108305us][CH1-Dispenser] E0
[T+1873108173us][CH2-Pc    ] E0
[T+1873293309us][CH1-Dispenser] E1
[T+1873293173us][CH2-Pc    ] E1
[T+1873457172us][CH2-Pc    ] F0
[T+1873463200us][CH1-Dispenser] F0 F8
[T+1873535172us][CH2-Pc    ] F1
[T+1873539172us][CH1-Dispenser] F1 F9
[T+1873613172us][CH2-Pc    ] E1
[T+1873620172us][CH1-Dispenser] E1 E9
[T+1873692196us][CH2-Pc    ] F0
[T+1873699172us][CH1-Dispenser] F0 F8
[T+1873770306us][CH1-Dispenser] E0
[T+1873770173us][CH2-Pc    ] E0
[T+1873945306us][CH1-Dispenser] E1
[T+1873945173us][CH2-Pc    ] E1
[T+1874119172us][CH2-Pc    ] F0
[T+1874124172us][CH1-Dispenser] F0 F8
[T+1874198336us][CH2-Pc    ] F1
[T+1874204200us][CH1-Dispenser] F1 F9
[T+1874276172us][CH2-Pc    ] E1
[T+1874280172us][CH1-Dispenser] E1 E9
[T+1874354172us][CH2-Pc    ] F0
[T+1874360200us][CH1-Dispenser] F0 F8
[T+1874440305us][CH1-Dispenser] E0
[T+1874440173us][CH2-Pc    ] E0
[T+1874615172us][CH1-Dispenser] E1
[T+1874614173us][CH2-Pc    ] E1
[T+1874789197us][CH2-Pc    ] F0
[T+1874795200us][CH1-Dispenser] F0 F8
[T+1874867197us][CH2-Pc    ] F1
[T+1874874172us][CH1-Dispenser] F1 F9
[T+1874945172us][CH2-Pc    ] E1
[T+1874952172us][CH1-Dispenser] E1 E9
[T+1875024197us][CH2-Pc    ] F0
[T+1875033179us][CH1-Dispenser] F0 F8
[T+1875102309us][CH1-Dispenser] E0
[T+1875102173us][CH2-Pc    ] E0
[T+1875277306us][CH1-Dispenser] E1
[T+1875277173us][CH2-Pc    ] E1
[T+1875441172us][CH2-Pc    ] F0
[T+1875444172us][CH1-Dispenser] F0 E8
[T+1875508172us][CH2-Pc    ] F1
[T+1875514200us][CH1-Dispenser] F1 F9
[T+1875586196us][CH2-Pc    ] E1
[T+1875595272us][CH1-Dispenser] E1 E9
[T+1875667196us][CH2-Pc    ] F0
[T+1875674172us][CH1-Dispenser] F0 F8
[T+1875744307us][CH1-Dispenser] E0
[T+1875744173us][CH2-Pc    ] E0
[T+1875919305us][CH1-Dispenser] E1
[T+1875919173us][CH2-Pc    ] E1
[T+1876083172us][CH2-Pc    ] F0
[T+1876089200us][CH1-Dispenser] F0 F8
[T+1876161197us][CH2-Pc    ] F1
[T+1876170179us][CH1-Dispenser] F1 F9
[T+1876239284us][CH2-Pc    ] E1
[T+1876244173us][CH1-Dispenser] E1 E9
[T+1876318172us][CH2-Pc    ] F0
[T+1876324200us][CH1-Dispenser] F0 F8
[T+1876398304us][CH1-Dispenser] E0
[T+1876398173us][CH2-Pc    ] E0