connected
[T+3261245315us][CH1-Dispenser] 06
[T+3261245180us][CH2-Pc    ] 06
[T+3261419207us][CH2-Pc    ] 01
[T+3261428218us][CH1-Dispenser] 01 61
[T+3261498180us][CH2-Pc    ] 02
[T+3261504218us][CH1-Dispenser] 02 62
[T+3261576204us][CH2-Pc    ] 03
[T+3261585204us][CH1-Dispenser] 03 63
[T+3261654204us][CH2-Pc    ] 04
[T+3261659179us][CH1-Dispenser] 04 64
[T+3261732324us][CH1-Dispenser] 05
[T+3261732185us][CH2-Pc    ] 05
[T+3261907314us][CH1-Dispenser] 06
[T+3261907180us][CH2-Pc    ] 06
[T+3262071180us][CH2-Pc    ] 01
[T+3262078179us][CH1-Dispenser] 01 61
[T+3262149180us][CH2-Pc    ] 02
[T+3262158219us][CH1-Dispenser] 02 62
[T+3262227205us][CH2-Pc    ] 03
[T+3262234180us][CH1-Dispenser] 03 63
[T+3262305180us][CH2-Pc    ] 04
[T+3262315181us][CH1-Dispenser] 04 64
[T+3262383181us][CH1-Dispenser] 05
[T+3262383314us][CH2-Pc    ] 05
[T+3262558320us][CH1-Dispenser] 06
[T+3262558181us][CH2-Pc    ] 06
[T+3262733180us][CH2-Pc    ] 01
[T+3262738187us][CH1-Dispenser] 01 61
[T+3262811180us][CH2-Pc    ] 02
[T+3262819776us][CH1-Dispenser] 02 62
[T+3262889180us][CH2-Pc    ] 03
[T+3262894179us][CH1-Dispenser] 03 63
[T+3262957204us][CH2-Pc    ] 04
[T+3262964180us][CH1-Dispenser] 04 64
[T+3263035180us][CH1-Dispenser] 05
[T+3263035316us][CH2-Pc    ] 05
[T+3263220316us][CH1-Dispenser] 06
[T+3263220181us][CH2-Pc    ] 06
[T+3263386180us][CH2-Pc    ] 01
[T+3263394813us][CH1-Dispenser] 01 61
[T+3263464180us][CH2-Pc    ] 02
[T+3263473286us][CH1-Dispenser] 02 62
[T+3263543180us][CH2-Pc    ] 03
[T+3263549218us][CH1-Dispenser] 03 63
[T+3263621204us][CH2-Pc    ] 04
[T+3263630204us][CH1-Dispenser] 04 64
[T+3263699180us][CH1-Dispenser] 05
[T+3263699315us][CH2-Pc    ] 05
[T+3263874180us][CH1-Dispenser] 06
[T+3263874316us][CH2-Pc    ] 06
[T+3264048204us][CH2-Pc    ] 01
[T+3264053179us][CH1-Dispenser] 01 61
[T+3264126180us][CH2-Pc    ] 02
[T+3264133179us][CH1-Dispenser] 02 72
[T+3264154204us][CH2-Pc    ] 22
[T+3264159179us][CH1-Dispenser] 22 D2
[T+3264175180us][CH1-Dispenser] FF
[T+3264175315us][CH2-Pc    ] FF
[T+3264188423us][CH1-Dispenser] E9
[T+3264188290us][CH2-Pc    ] E9
[T+3264201920us][CH1-Dispenser] FE
[T+3264201779us][CH2-Pc    ] FE
[T+3264214323us][CH1-Dispenser] E0
[T+3264214184us][CH2-Pc    ] E0
[T+3264227184us][CH1-Dispenser] E1
[T+3264227323us][CH2-Pc    ] E1
[T+3264239322us][CH1-Dispenser] E0
[T+3264239185us][CH2-Pc    ] E0
[T+3264251322us][CH1-Dispenser] FB
[T+3264251186us][CH2-Pc    ] FB
[T+3264264327us][CH1-Dispenser] EE
[T+3264264186us][CH2-Pc    ] EE
[T+3264277180us][CH2-Pc    ] F0
[T+3264305180us][CH1-Dispenser] F0 BA B0 B3 B2 B0 B1 B0 B0 B0 B0 B1 B1 B1 B1 B2 C1 B9 8D 8A
[T+3264384179us][CH1-Dispenser] 03 63
[T+3264380180us][CH2-Pc    ] 03
[T+3264447205us][CH2-Pc    ] 04
[T+3264454179us][CH1-Dispenser] 04 64
[T+3264525180us][CH1-Dispenser] 05
[T+3264525314us][CH2-Pc    ] 05
[T+3264700180us][CH1-Dispenser] 06
[T+3264700316us][CH2-Pc    ] 06
[T+3264874204us][CH2-Pc    ] 01
[T+3264884180us][CH1-Dispenser] 01 61
[T+3264953204us][CH2-Pc    ] 02
[T+3264958179us][CH1-Dispenser] 02 72
[T+3264980693us][CH2-Pc    ] 22
[T+3264989212us][CH1-Dispenser] 22 D2
[T+3265003180us][CH1-Dispenser] FF
[T+3265003312us][CH2-Pc    ] FF
[T+3265015315us][CH1-Dispenser] E9
[T+3265015181us][CH2-Pc    ] E9
[T+3265028313us][CH1-Dispenser] FE
[T+3265028180us][CH2-Pc    ] FE
[T+3265041178us][CH1-Dispenser] E0
[T+3265041135us][CH2-Pc    ] E0
[T+3265053180us][CH1-Dispenser] E1
[T+3265053313us][CH2-Pc    ] E1
[T+3265066312us][CH1-Dispenser] E0
[T+3265066180us][CH2-Pc    ] E0
[T+3265079308us][CH1-Dispenser] FB
[T+3265079180us][CH2-Pc    ] FB
[T+3265091309us][CH1-Dispenser] EE
[T+3265091181us][CH2-Pc    ] EE
[T+3265105238us][CH2-Pc    ] F0
[T+3265136180us][CH1-Dispenser] F0 BA B0 B3 B2 B0 B1 B0 B0 B0 B0 B1 B1 B1 B1 B2 C1 B9 8D 8A
[T+3265206180us][CH2-Pc    ] 03
[T+3265214896us][CH1-Dispenser] 03 63
[T+3265288180us][CH2-Pc    ] 04
[T+3265294865us][CH1-Dispenser] 04 64
[T+3265366315us][CH1-Dispenser] 05
[T+3265366180us][CH2-Pc    ] 05
[T+3265541181us][CH1-Dispenser] 06
[T+3265541315us][CH2-Pc    ] 06
[T+3265715204us][CH2-Pc    ] 01
[T+3265724182us][CH1-Dispenser] 01 61
[T+3265794180us][CH2-Pc    ] 02
[T+3265799179us][CH1-Dispenser] 02 72
[T+3265821180us][CH2-Pc    ] 22
[T+3265828980us][CH1-Dispenser] 22 D2
[T+3265843180us][CH1-Dispenser] FF
[T+3265843315us][CH2-Pc    ] FF
[T+3265855313us][CH1-Dispenser] E9
[T+3265855181us][CH2-Pc    ] E9
[T+3265868319us][CH1-Dispenser] FE
[T+3265868182us][CH2-Pc    ] FE
[T+3265881133us][CH1-Dispenser] E0
[T+3265880996us][CH2-Pc    ] E0
[T+3265893312us][CH1-Dispenser] E1
[T+3265893180us][CH2-Pc    ] E1
[T+3265906313us][CH1-Dispenser] E0
[T+3265906180us][CH2-Pc    ] E0
[T+3265918481us][CH1-Dispenser] FB
[T+3265918351us][CH2-Pc    ] FB
[T+3265931180us][CH1-Dispenser] EE
[T+3265931315us][CH2-Pc    ] EE
[T+3265953180us][CH2-Pc    ] F0
[T+3265981180us][CH1-Dispenser] F0 BA B0 B3 B2 B0 B1 B0 B0 B0 B0 B1 B1 B1 B1 B2 C1 B9 8D 8A
[T+3266050204us][CH2-Pc    ] 03
[T+3266059206us][CH1-Dispenser] 03 63
[T+3266128204us][CH2-Pc    ] 04
[T+3266135179us][CH1-Dispenser] 04 64
[T+3266207181us][CH1-Dispenser] 05
[T+3266207319us][CH2-Pc    ] 05
[T+3266392181us][CH1-Dispenser] 06
[T+3266392315us][CH2-Pc    ] 06
[T+3266556180us][CH2-Pc    ] 01
[T+3266563180us][CH1-Dispenser] 01 61
[T+3266634180us][CH2-Pc    ] 02
[T+3266642180us][CH1-Dispenser] 02 72
[T+3266662180us][CH2-Pc    ] 22
[T+3266668861us][CH1-Dispenser] 22 D2
[T+3266683180us][CH1-Dispenser] FF
[T+3266683313us][CH2-Pc    ] FF
[T+3266696313us][CH1-Dispenser] E9
[T+3266696180us][CH2-Pc    ] E9
[T+3266708312us][CH1-Dispenser] FE
[T+3266708180us][CH2-Pc    ] FE
[T+3266721324us][CH1-Dispenser] E0
[T+3266721185us][CH2-Pc    ] E0
[T+3266734323us][CH1-Dispenser] E1
[T+3266734184us][CH2-Pc    ] E1
[T+3266747180us][CH1-Dispenser] E0
[T+3266746181us][CH2-Pc    ] E0
[T+3266759312us][CH1-Dispenser] FB
[T+3266759180us][CH2-Pc    ] FB
[T+3266772181us][CH1-Dispenser] EE
[T+3266772311us][CH2-Pc    ] EE
[T+3266785211us][CH2-Pc    ] F0
[T+3266815204us][CH1-Dispenser] F0 BA B0 B3 B2 B0 B1 B0 B0 B0 B0 B1 B1 B1 B1 B2 C1 B9 8D 8A
[T+3266886180us][CH2-Pc    ] 03
[T+3266896180us][CH1-Dispenser] 03 63
[T+3266964180us][CH2-Pc    ] 04
[T+3266971426us][CH1-Dispenser] 04 64
[T+3267042315us][CH1-Dispenser] 05
[T+3267042180us][CH2-Pc    ] 05
[T+3267217318us][CH1-Dispenser] 06
[T+3267217181us][CH2-Pc    ] 06
[T+3267392180us][CH2-Pc    ] 01
[T+3267399179us][CH1-Dispenser] 01 61
[T+3267470180us][CH2-Pc    ] 02
[T+3267478187us][CH1-Dispenser] 02 72
[T+3267498180us][CH2-Pc    ] 22
[T+3267506180us][CH1-Dispenser] 22 D2
[T+3267519180us][CH1-Dispenser] FF
[T+3267519317us][CH2-Pc    ] FF
[T+3267532314us][CH1-Dispenser] E9
[T+3267532181us][CH2-Pc    ] E9
[T+3267544311us][CH1-Dispenser] FE
[T+3267544180us][CH2-Pc    ] FE
[T+3267557312us][CH1-Dispenser] E0
[T+3267557181us][CH2-Pc    ] E0
[T+3267570183us][CH1-Dispenser] E1
[T+3267570366us][CH2-Pc    ] E1
[T+3267582321us][CH1-Dispenser] E0
[T+3267582183us][CH2-Pc    ] E0
[T+3267595320us][CH1-Dispenser] FB
[T+3267595184us][CH2-Pc    ] FB
[T+3267608319us][CH1-Dispenser] EE
[T+3267608182us][CH2-Pc    ] EE
[T+3267621180us][CH2-Pc    ] F0
[T+3267651207us][CH1-Dispenser] F0 BA B0 B3 B2 B0 B1 B0 B0 B0 B0 B1 B1 B1 B1 B2 C1 B9 8D 8A
[T+3267723204us][CH2-Pc    ] 03
[T+3267730180us][CH1-Dispenser] 03 63
[T+3267801180us][CH2-Pc    ] 04
[T+3267809180us][CH1-Dispenser] 04 64
[T+3267880181us][CH1-Dispenser] 05
[T+3267880315us][CH2-Pc    ] 05
[T+3268054180us][CH1-Dispenser] 06
[T+3268054317us][CH2-Pc    ] 06
[T+3268233179us][CH1-Dispenser] 01 61
[T+3268229180us][CH2-Pc    ] 01
[T+3268296204us][CH2-Pc    ] 02
[T+3268304183us][CH1-Dispenser] 02 72
[T+3268324180us][CH2-Pc    ] 22
[T+3268329179us][CH1-Dispenser] 22 D2
[T+3268345180us][CH1-Dispenser] FF
[T+3268345313us][CH2-Pc    ] FF
[T+3268358314us][CH1-Dispenser] E9
[T+3268358180us][CH2-Pc    ] E9
[T+3268371313us][CH1-Dispenser] FE
[T+3268371180us][CH2-Pc    ] FE
[T+3268383312us][CH1-Dispenser] E0
[T+3268383180us][CH2-Pc    ] E0
[T+3268397181us][CH1-Dispenser] E1
[T+3268397318us][CH2-Pc    ] E1
[T+3268410316us][CH1-Dispenser] E0
[T+3268410181us][CH2-Pc    ] E0
[T+3268422323us][CH1-Dispenser] FB
[T+3268422184us][CH2-Pc    ] FB
[T+3268435183us][CH1-Dispenser] EE
[T+3268435318us][CH2-Pc    ] EE
[T+3268448180us][CH2-Pc    ] F0
[T+3268477180us][CH1-Dispenser] F0 BA B0 B3 B2 B0 B1 B0 B0 B0 B0 B1 B1 B1 B1 B2 C1 B9 8D 8A
[T+3268549205us][CH2-Pc    ] 03
[T+3268555204us][CH1-Dispenser] 03 63
[T+3268627205us][CH2-Pc    ] 04
[T+3268634180us][CH1-Dispenser] 04 64
[T+3268706180us][CH1-Dispenser] 05
[T+3268706317us][CH2-Pc    ] 05
[T+3268891316us][CH1-Dispenser] 06
[T+3268891180us][CH2-Pc    ] 06
[T+3269055180us][CH2-Pc    ] 01
[T+3269064215us][CH1-Dispenser] 01 61
[T+3269133204us][CH2-Pc    ] 02
[T+3269138824us][CH1-Dispenser] 02 72
[T+3269161180us][CH2-Pc    ] 22
[T+3269169181us][CH1-Dispenser] 22 D2
[T+3269182321us][CH1-Dispenser] FF
[T+3269182187us][CH2-Pc    ] FF
[T+3269195314us][CH1-Dispenser] E9
[T+3269195180us][CH2-Pc    ] E9
[T+3269207183us][CH2-Pc    ] FE
[T+3269208179us][CH1-Dispenser] FE
[T+3269220313us][CH1-Dispenser] E0
[T+3269220180us][CH2-Pc    ] E0
[T+3269233318us][CH1-Dispenser] E1
[T+3269233183us][CH2-Pc    ] E1
[T+3269246335us][CH1-Dispenser] E0
[T+3269246184us][CH2-Pc    ] E0
[T+3269258312us][CH1-Dispenser] FB
[T+3269258180us][CH2-Pc    ] FB
[T+3269271180us][CH1-Dispenser] EE
[T+3269271314us][CH2-Pc    ] EE
[T+3269284180us][CH2-Pc    ] F0
[T+3269311206us][CH1-Dispenser] F0 BA B0 B3 B2 B0 B1 B0 B0 B0 B0 B1 B1 B1 B1 B2 C1 B9 8D 8A
[T+3269376180us][CH2-Pc    ] 03
[T+3269386180us][CH1-Dispenser] 03 63
[T+3269454180us][CH2-Pc    ] 04
[T+3269461179us][CH1-Dispenser] 04 64
[T+3269532314us][CH1-Dispenser] 05
[T+3269532180us][CH2-Pc    ] 05
[T+3269696180us][CH1-Dispenser] 06
[T+3269696317us][CH2-Pc    ] 06
[T+3269871180us][CH2-Pc    ] 01
[T+3269879187us][CH1-Dispenser] 01 61
[T+3269949180us][CH2-Pc    ] 02
[T+3269952207us][CH1-Dispenser] 02 72
[T+3269965181us][CH2-Pc    ] 22
[T+3269974344us][CH1-Dispenser] 22 D2
[T+3269987180us][CH1-Dispenser] FF
[T+3269987313us][CH2-Pc    ] FF
[T+3269999308us][CH1-Dispenser] E9
[T+3269999180us][CH2-Pc    ] E9
[T+3270012317us][CH1-Dispenser] FE
[T+3270012181us][CH2-Pc    ] FE
[T+3270025402us][CH1-Dispenser] E0
[T+3270025266us][CH2-Pc    ] E0
[T+3270038181us][CH1-Dispenser] E1
[T+3270038315us][CH2-Pc    ] E1
[T+3270059313us][CH1-Dispenser] E0
[T+3270059181us][CH2-Pc    ] E0
[T+3270076308us][CH1-Dispenser] FB
[T+3270076180us][CH2-Pc    ] FB
[T+3270089323us][CH1-Dispenser] EE
[T+3270089183us][CH2-Pc    ] EE
[T+3270102182us][CH2-Pc    ] F0
[T+3270131180us][CH1-Dispenser] F0 BA B0 B3 B2 B0 B1 B0 B0 B0 B0 B1 B1 B1 B1 B2 C1 B9 8D 8A
[T+3270203205us][CH2-Pc    ] 03
[T+3270209299us][CH1-Dispenser] 03 63
[T+3270286180us][CH2-Pc    ] 04
[T+3270292203us][CH1-Dispenser] 04 64
[T+3270364316us][CH1-Dispenser] 05
[T+3270364180us][CH2-Pc    ] 05
[T+3270539321us][CH1-Dispenser] 06
[T+3270539180us][CH2-Pc    ] 06
[T+3270713204us][CH2-Pc    ] 01
[T+3270718179us][CH1-Dispenser] 01 61
[T+3270792180us][CH2-Pc    ] 02
[T+3270799180us][CH1-Dispenser] 02 72
[T+3270830180us][CH1-Dispenser] 22 D2 FF
[T+3270830315us][CH2-Pc    ] 22 FF
[T+3270842312us][CH1-Dispenser] E9
[T+3270842180us][CH2-Pc    ] E9
[T+3270855311us][CH1-Dispenser] FE
[T+3270855181us][CH2-Pc    ] FE
[T+3270868327us][CH1-Dispenser] E0
[T+3270868188us][CH2-Pc    ] E0
[T+3270880326us][CH1-Dispenser] E1
[T+3270880188us][CH2-Pc    ] E1
[T+3270893315us][CH1-Dispenser] E0
[T+3270893181us][CH2-Pc    ] E0
[T+3270906312us][CH1-Dispenser] FB
[T+3270906180us][CH2-Pc    ] FB
[T+3270918366us][CH1-Dispenser] EE
[T+3270918503us][CH2-Pc    ] EE
[T+3270931180us][CH2-Pc    ] F0
[T+3270961204us][CH1-Dispenser] F0 BA B0 B3 B2 B0 B1 B0 B0 B0 B0 B1 B1 B1 B1 B2 C1 B9 8D 8A
[T+3271033204us][CH2-Pc    ] 03
[T+3271042181us][CH1-Dispenser] 03 63
[T+3271111180us][CH2-Pc    ] 04
[T+3271119186us][CH1-Dispenser] 04 64
[T+3271189180us][CH1-Dispenser] 05
[T+3271189316us][CH2-Pc    ] 05
[T+3271353315us][CH1-Dispenser] 06
[T+3271353181us][CH2-Pc    ] 06
[T+3271528180us][CH2-Pc    ] 01
[T+3271538238us][CH1-Dispenser] 01 61
[T+3271606180us][CH2-Pc    ] 02
[T+3271616181us][CH1-Dispenser] 02 72
[T+3271633180us][CH2-Pc    ] 22
[T+3271639204us][CH1-Dispenser] 22 D2
[T+3271655180us][CH1-Dispenser] FF
[T+3271655313us][CH2-Pc    ] FF
[T+3271668646us][CH1-Dispenser] E9
[T+3271668506us][CH2-Pc    ] E9
[T+3271680322us][CH1-Dispenser] FE
[T+3271680185us][CH2-Pc    ] FE
[T+3271693320us][CH1-Dispenser] E0
[T+3271693184us][CH2-Pc    ] E0
[T+3271706324us][CH1-Dispenser] E1
[T+3271706184us][CH2-Pc    ] E1
[T+3271719185us][CH1-Dispenser] E0
[T+3271719323us][CH2-Pc    ] E0
[T+3271732183us][CH1-Dispenser] FB
[T+3271732320us][CH2-Pc    ] FB
[T+3271752180us][CH1-Dispenser] EE
[T+3271752311us][CH2-Pc    ] EE
[T+3271765180us][CH2-Pc    ] F0
[T+3271796204us][CH1-Dispenser] F0 BA B0 B3 B2 B0 B1 B0 B0 B0 B0 B1 B1 B1 B1 B2 C1 B9 8D 8A
[T+3271867180us][CH2-Pc    ] 03
[T+3271876204us][CH1-Dispenser] 03 63
[T+3271945204us][CH2-Pc    ] 04
[T+3271953796us][CH1-Dispenser] 04 64
[T+3272023315us][CH1-Dispenser] 05
[T+3272023181us][CH2-Pc    ] 05
[T+3272198181us][CH1-Dispenser] 06
[T+3272198318us][CH2-Pc    ] 06
[T+3272372180us][CH2-Pc    ] 01
[T+3272378204us][CH1-Dispenser] 01 61
[T+3272451180us][CH2-Pc    ] 02
[T+3272459180us][CH1-Dispenser] 02 72
[T+3272478180us][CH2-Pc    ] 22
[T+3272484218us][CH1-Dispenser] 22 D2
[T+3272500181us][CH1-Dispenser] FF
[T+3272500316us][CH2-Pc    ] FF
[T+3272512313us][CH1-Dispenser] E9
[T+3272512180us][CH2-Pc    ] E9
[T+3272525312us][CH1-Dispenser] FE
[T+3272525181us][CH2-Pc    ] FE
[T+3272537423us][CH1-Dispenser] E0
[T+3272537181us][CH2-Pc    ] E0
[T+3272550315us][CH1-Dispenser] E1
[T+3272550181us][CH2-Pc    ] E1
[T+3272563314us][CH1-Dispenser] E0
[T+3272563181us][CH2-Pc    ] E0
[T+3272576179us][CH1-Dispenser] FB
[T+3272575180us][CH2-Pc    ] FB
[T+3272588180us][CH1-Dispenser] EE
[T+3272588313us][CH2-Pc    ] EE
[T+3272601180us][CH2-Pc    ] F0
[T+3272632180us][CH1-Dispenser] F0 BA B0 B3 B2 B0 B1 B0 B0 B0 B0 B1 B1 B1 B1 B2 C1 B9 8D 8A
[T+3272703180us][CH2-Pc    ] 03
[T+3272710180us][CH1-Dispenser] 03 63
[T+3272782205us][CH2-Pc    ] 04
[T+3272789179us][CH1-Dispenser] 04 64
[T+3272860314us][CH1-Dispenser] 05
[T+3272860180us][CH2-Pc    ] 05
[T+3273024319us][CH1-Dispenser] 06
[T+3273024180us][CH2-Pc    ] 06
[T+3273203179us][CH1-Dispenser] 01 61
[T+3273199180us][CH2-Pc    ] 01
[T+3273266204us][CH2-Pc    ] 02
[T+3273273181us][CH1-Dispenser] 02 72
[T+3273294205us][CH2-Pc    ] 22
[T+3273300203us][CH1-Dispenser] 22 D2
[T+3273315311us][CH1-Dispenser] FF
[T+3273315180us][CH2-Pc    ] FF
[T+3273327314us][CH1-Dispenser] E9
[T+3273327180us][CH2-Pc    ] E9
[T+3273340312us][CH1-Dispenser] FE
[T+3273340180us][CH2-Pc    ] FE
[T+3273353312us][CH1-Dispenser] E0
[T+3273353180us][CH2-Pc    ] E0
[T+3273365180us][CH2-Pc    ] E1
[T+3273366179us][CH1-Dispenser] E1
[T+3273378311us][CH1-Dispenser] E0
[T+3273378181us][CH2-Pc    ] E0
[T+3273391180us][CH1-Dispenser] FB
[T+3273392180us][CH2-Pc    ] FB
[T+3273404184us][CH1-Dispenser] EE
[T+3273404607us][CH2-Pc    ] EE
[T+3273417181us][CH2-Pc    ] F0
[T+3273446180us][CH1-Dispenser] F0 BA B0 B3 B2 B0 B1 B0 B0 B0 B0 B1 B1 B1 B1 B2 C1 B9 8D 8A
[T+3273511317us][CH1-Dispenser] 03
[T+3273511181us][CH2-Pc    ] 03
[T+3273523204us][CH1-Dispenser] 63
[T+3273589204us][CH2-Pc    ] 04
[T+3273595823us][CH1-Dispenser] 04 64
[T+3273668181us][CH1-Dispenser] 05
[T+3273668316us][CH2-Pc    ] 05
[T+3273842316us][CH1-Dispenser] 06
[T+3273842181us][CH2-Pc    ] 06
[T+3274017180us][CH2-Pc    ] 01
[T+3274025180us][CH1-Dispenser] 01 61
[T+3274095180us][CH2-Pc    ] 02
[T+3274104218us][CH1-Dispenser] 02 72
[T+3274122209us][CH2-Pc    ] 22
[T+3274131219us][CH1-Dispenser] 22 D2
[T+3274145312us][CH1-Dispenser] FF
[T+3274145180us][CH2-Pc    ] FF
[T+3274157313us][CH1-Dispenser] E9
[T+3274157180us][CH2-Pc    ] E9
[T+3274170317us][CH1-Dispenser] FE
[T+3274170181us][CH2-Pc    ] FE
[T+3274183314us][CH1-Dispenser] E0
[T+3274183181us][CH2-Pc    ] E0
[T+3274196181us][CH1-Dispenser] E1
[T+3274196313us][CH2-Pc    ] E1
[T+3274208311us][CH1-Dispenser] E0
[T+3274208181us][CH2-Pc    ] E0
[T+3274221314us][CH1-Dispenser] FB
[T+3274221180us][CH2-Pc    ] FB
[T+3274234321us][CH1-Dispenser] EE
[T+3274234183us][CH2-Pc    ] EE
[T+3274247180us][CH2-Pc    ] F0
[T+3274277204us][CH1-Dispenser] F0 BA B0 B3 B2 B0 B1 B0 B0 B0 B0 B1 B1 B1 B1 B2 C1 B9 8D 8A
[T+3274348180us][CH2-Pc    ] 03
[T+3274355179us][CH1-Dispenser] 03 63
[T+3274426180us][CH2-Pc    ] 04
[T+3274434187us][CH1-Dispenser] 04 64
[T+3274504181us][CH1-Dispenser] 05
[T+3274504316us][CH2-Pc    ] 05
[T+3274679180us][CH1-Dispenser] 06
[T+3274679317us][CH2-Pc    ] 06
[T+3274854180us][CH2-Pc    ] 01
[T+3274859818us][CH1-Dispenser] 01 61
[T+3274932180us][CH2-Pc    ] 02
[T+3274938269us][CH1-Dispenser] 02 72
[T+3274970315us][CH1-Dispenser] 22 D2 FF
[T+3274970180us][CH2-Pc    ] 22 FF
[T+3274983310us][CH1-Dispenser] E9
[T+3274983180us][CH2-Pc    ] E9
[T+3274996321us][CH1-Dispenser] FE
[T+3274996184us][CH2-Pc    ] FE
[T+3275009323us][CH1-Dispenser] E0
[T+3275009183us][CH2-Pc    ] E0
[T+3275022322us][CH1-Dispenser] E1
[T+3275022184us][CH2-Pc    ] E1
[T+3275033319us][CH1-Dispenser] E0
[T+3275033184us][CH2-Pc    ] E0
[T+3275046319us][CH1-Dispenser] FB
[T+3275046183us][CH2-Pc    ] FB
[T+3275059184us][CH1-Dispenser] EE
[T+3275059320us][CH2-Pc    ] EE
[T+3275072180us][CH2-Pc    ] F0
[T+3275102204us][CH1-Dispenser] F0 BA B0 B3 B2 B0 B1 B0 B0 B0 B0 B1 B1 B1 B1 B2 C1 B9 8D 8A
[T+3275173180us][CH2-Pc    ] 03
[T+3275180179us][CH1-Dispenser] 03 63
[T+3275251180us][CH2-Pc    ] 04
[T+3275260454us][CH1-Dispenser] 04 64
[T+3275330313us][CH1-Dispenser] 05
[T+3275330180us][CH2-Pc    ] 05
[T+3275493317us][CH1-Dispenser] 06
[T+3275493180us][CH2-Pc    ] 06
[T+3275668180us][CH2-Pc    ] 01
[T+3275673179us][CH1-Dispenser] 01 61
[T+3275746180us][CH2-Pc    ] 02
[T+3275755206us][CH1-Dispenser] 02 72
[T+3275774180us][CH2-Pc    ] 22
[T+3275789180us][CH1-Dispenser] 22 D2 FF
[T+3275789313us][CH2-Pc    ] FF
[T+3275802877us][CH1-Dispenser] E9
[T+3275802736us][CH2-Pc    ] E9
[T+3275815311us][CH1-Dispenser] FE
[T+3275815181us][CH2-Pc    ] FE
[T+3275827311us][CH1-Dispenser] E0
[T+3275827181us][CH2-Pc    ] E0
[T+3275841018us][CH1-Dispenser] E1
[T+3275841157us][CH2-Pc    ] E1
[T+3275853313us][CH1-Dispenser] E0
[T+3275853180us][CH2-Pc    ] E0
[T+3275866180us][CH1-Dispenser] FB
[T+3275865182us][CH2-Pc    ] FB
[T+3275878180us][CH1-Dispenser] EE
[T+3275878312us][CH2-Pc    ] EE
[T+3275891180us][CH2-Pc    ] F0
[T+3275924205us][CH1-Dispenser] F0 BA B0 B3 B2 B0 B1 B0 B0 B0 B0 B1 B1 B1 B1 B2 C1 B9 8D 8A
[T+3275993180us][CH2-Pc    ] 03
[T+3276000181us][CH1-Dispenser] 03 63
[T+3276071180us][CH2-Pc    ] 04
[T+3276076179us][CH1-Dispenser] 04 64
[T+3276149181us][CH1-Dispenser] 05
[T+3276149313us][CH2-Pc    ] 05
[T+3276324319us][CH1-Dispenser] 06
[T+3276324181us][CH2-Pc    ] 06
[T+3276498204us][CH2-Pc    ] 01
[T+3276506181us][CH1-Dispenser] 01 61
[T+3276576180us][CH2-Pc    ] 02
[T+3276587782us][CH1-Dispenser] 02 72
[T+3276604180us][CH2-Pc    ] 22
[T+3276609179us][CH1-Dispenser] 22 D2
[T+3276625180us][CH1-Dispenser] FF
[T+3276625313us][CH2-Pc    ] FF
[T+3276638323us][CH1-Dispenser] E9
[T+3276638184us][CH2-Pc    ] E9
[T+3276651325us][CH1-Dispenser] FE
[T+3276651184us][CH2-Pc    ] FE
[T+3276663319us][CH1-Dispenser] E0
[T+3276663187us][CH2-Pc    ] E0
[T+3276676344us][CH1-Dispenser] E1
[T+3276676207us][CH2-Pc    ] E1
[T+3276689327us][CH1-Dispenser] E0
[T+3276689188us][CH2-Pc    ] E0
[T+3276701318us][CH1-Dispenser] FB
[T+3276701183us][CH2-Pc    ] FB
[T+3276714319us][CH1-Dispenser] EE
[T+3276714183us][CH2-Pc    ] EE
[T+3276727180us][CH2-Pc    ] F0
[T+3276756180us][CH1-Dispenser] F0 BA B0 B3 B2 B0 B1 B0 B0 B0 B0 B1 B1 B1 B1 B2 C1 B9 8D 8A
[T+3276829180us][CH2-Pc    ] 03
[T+3276834179us][CH1-Dispenser] 03 63
[T+3276907180us][CH2-Pc    ] 04
[T+3276916204us][CH1-Dispenser] 04 64
[T+3276985180us][CH1-Dispenser] 05
[T+3276985313us][CH2-Pc    ] 05
[T+3277149317us][CH1-Dispenser] 06
[T+3277149180us][CH2-Pc    ] 06
[T+3277323205us][CH2-Pc    ] 01
[T+3277329856us][CH1-Dispenser] 01 61
[T+3277402180us][CH2-Pc    ] 02
[T+3277409180us][CH1-Dispenser] 02 72
[T+3277429180us][CH2-Pc    ] 22
[T+3277434187us][CH1-Dispenser] 22 D2
[T+3277451180us][CH1-Dispenser] FF
[T+3277451312us][CH2-Pc    ] FF
[T+3277463313us][CH1-Dispenser] E9
[T+3277463180us][CH2-Pc    ] E9
[T+3277476313us][CH1-Dispenser] FE
[T+3277476180us][CH2-Pc    ] FE
[T+3277489323us][CH1-Dispenser] E0
[T+3277489184us][CH2-Pc    ] E0
[T+3277501324us][CH1-Dispenser] E1
[T+3277501186us][CH2-Pc    ] E1
[T+3277514319us][CH1-Dispenser] E0
[T+3277514183us][CH2-Pc    ] E0
[T+3277527317us][CH1-Dispenser] FB
[T+3277527181us][CH2-Pc    ] FB
[T+3277539317us][CH1-Dispenser] EE
[T+3277539183us][CH2-Pc    ] EE
[T+3277552180us][CH2-Pc    ] F0
[T+3277581187us][CH1-Dispenser] F0 BA B0 B3 B2 B0 B1 B0 B0 B0 B0 B1 B1 B1 B1 B2 C1 B9 8D 8A
[T+3277654180us][CH2-Pc    ] 03
[T+3277660203us][CH1-Dispenser] 03 63
[T+3277733180us][CH2-Pc    ] 04
[T+3277741180us][CH1-Dispenser] 04 64
[T+3277811180us][CH1-Dispenser] 05
[T+3277811318us][CH2-Pc    ] 05
[T+3277986180us][CH1-Dispenser] 06
[T+3277986316us][CH2-Pc    ] 06
[T+3278164180us][CH2-Pc    ] 01
[T+3278169274us][CH1-Dispenser] 01 61
[T+3278232205us][CH2-Pc    ] 02
[T+3278239180us][CH1-Dispenser] 02 72
[T+3278259180us][CH2-Pc    ] 22
[T+3278264783us][CH1-Dispenser] 22 D2
[T+3278281313us][CH1-Dispenser] FF
[T+3278281181us][CH2-Pc    ] FF
[T+3278293311us][CH1-Dispenser] E9
[T+3278293180us][CH2-Pc    ] E9
[T+3278306314us][CH1-Dispenser] FE
[T+3278306181us][CH2-Pc    ] FE
[T+3278319420us][CH1-Dispenser] E0
[T+3278319287us][CH2-Pc    ] E0
[T+3278331317us][CH1-Dispenser] E1
[T+3278331180us][CH2-Pc    ] E1
[T+3278344308us][CH1-Dispenser] E0
[T+3278344180us][CH2-Pc    ] E0
[T+3278357311us][CH1-Dispenser] FB
[T+3278357180us][CH2-Pc    ] FB
[T+3278369188us][CH1-Dispenser] EE
[T+3278369327us][CH2-Pc    ] EE
[T+3278382180us][CH2-Pc    ] F0
[T+3278412204us][CH1-Dispenser] F0 BA B0 B3 B2 B0 B1 B0 B0 B0 B0 B1 B1 B1 B1 B2 C1 B9 8D 8A
[T+3278484204us][CH2-Pc    ] 03
[T+3278490203us][CH1-Dispenser] 03 63
[T+3278562204us][CH2-Pc    ] 04
[T+3278572180us][CH1-Dispenser] 04 64
[T+3278640314us][CH1-Dispenser] 05
[T+3278640181us][CH2-Pc    ] 05
[T+3278805318us][CH1-Dispenser] 06
[T+3278805180us][CH2-Pc    ] 06
[T+3278980180us][CH2-Pc    ] 01
[T+3278983208us][CH1-Dispenser] 01 61
[T+3279047180us][CH2-Pc    ] 02
[T+3279054180us][CH1-Dispenser] 02 72
[T+3279085314us][CH1-Dispenser] 22 D2 FF
[T+3279085180us][CH2-Pc    ] 22 FF
[T+3279098313us][CH1-Dispenser] E9
[T+3279098180us][CH2-Pc    ] E9
[T+3279111179us][CH1-Dispenser] FE
[T+3279110180us][CH2-Pc    ] FE
[T+3279123308us][CH1-Dispenser] E0
[T+3279123180us][CH2-Pc    ] E0
[T+3279136181us][CH1-Dispenser] E1
[T+3279136317us][CH2-Pc    ] E1
[T+3279149325us][CH1-Dispenser] E0
[T+3279149184us][CH2-Pc    ] E0
[T+3279162314us][CH1-Dispenser] FB
[T+3279162181us][CH2-Pc    ] FB
[T+3279174311us][CH1-Dispenser] EE
[T+3279174180us][CH2-Pc    ] EE
[T+3279187181us][CH2-Pc    ] F0
[T+3279217204us][CH1-Dispenser] F0 BA B0 B3 B2 B0 B1 B0 B0 B0 B0 B1 B1 B1 B1 B2 C1 B9 8D 8A
[T+3279288180us][CH2-Pc    ] 03
[T+3279296187us][CH1-Dispenser] 03 63
[T+3279366180us][CH2-Pc    ] 04
[T+3279377180us][CH1-Dispenser] 04 64
[T+3279457315us][CH1-Dispenser] 05
[T+3279457180us][CH2-Pc    ] 05
[T+3279632316us][CH1-Dispenser] 06
[T+3279632180us][CH2-Pc    ] 06
[T+3279807180us][CH2-Pc    ] 01
[T+3279814814us][CH1-Dispenser] 01 61
[T+3279885180us][CH2-Pc    ] 02
[T+3279895180us][CH1-Dispenser] 02 72
[T+3279912180us][CH2-Pc    ] 22
[T+3279921281us][CH1-Dispenser] 22 D2
[T+3279934182us][CH1-Dispenser] FF
[T+3279934318us][CH2-Pc    ] FF
[T+3279946325us][CH1-Dispenser] E9
[T+3279946185us][CH2-Pc    ] E9
[T+3279959317us][CH1-Dispenser] FE
[T+3279959181us][CH2-Pc    ] FE
[T+3279988314us][CH1-Dispenser] E0
[T+3279988181us][CH2-Pc    ] E0
[T+3280001313us][CH1-Dispenser] E1
[T+3280001180us][CH2-Pc    ] E1
[T+3280014313us][CH1-Dispenser] E0
[T+3280014180us][CH2-Pc    ] E0
[T+3280026180us][CH2-Pc    ] FB
[T+3280027179us][CH1-Dispenser] FB
[T+3280039180us][CH1-Dispenser] EE
[T+3280039308us][CH2-Pc    ] EE
[T+3280052733us][CH2-Pc    ] F0
[T+3280082204us][CH1-Dispenser] F0 BA B0 B3 B2 B0 B1 B0 B0 B0 B0 B1 B1 B1 B1 B2 C1 B9 8D 8A
[T+3280168180us][CH2-Pc    ] 03
[T+3280175179us][CH1-Dispenser] 03 63
[T+3280246180us][CH2-Pc    ] 04
[T+3280256180us][CH1-Dispenser] 04 64
[T+3280324181us][CH1-Dispenser] 05
[T+3280324314us][CH2-Pc    ] 05
[T+3280504181us][CH1-Dispenser] 06
[T+3280504314us][CH2-Pc    ] 06
[T+3280679180us][CH2-Pc    ] 01
[T+3280686180us][CH1-Dispenser] 01 61
[T+3280749204us][CH2-Pc    ] 02
[T+3280755204us][CH1-Dispenser] 02 72
[T+3280777180us][CH2-Pc    ] 22
[T+3280785246us][CH1-Dispenser] 22 D2
[T+3280798314us][CH1-Dispenser] FF
[T+3280798181us][CH2-Pc    ] FF
[T+3280811313us][CH1-Dispenser] E9
[T+3280811181us][CH2-Pc    ] E9
[T+3280824315us][CH1-Dispenser] FE
[T+3280824181us][CH2-Pc    ] FE
[T+3280836314us][CH1-Dispenser] E0
[T+3280836181us][CH2-Pc    ] E0
[T+3280849181us][CH1-Dispenser] E1
[T+3280849315us][CH2-Pc    ] E1
[T+3280861311us][CH1-Dispenser] E0
[T+3280861181us][CH2-Pc    ] E0
[T+3280874218us][CH1-Dispenser] FB
[T+3280874352us][CH2-Pc    ] FB
[T+3280887313us][CH1-Dispenser] EE
[T+3280887180us][CH2-Pc    ] EE
[T+3280900180us][CH2-Pc    ] F0
[T+3280927204us][CH1-Dispenser] F0 BA B0 B3 B2 B0 B1 B0 B0 B0 B0 B1 B1 B1 B1 B2 C1 B9 8D 8A
[T+3280991180us][CH2-Pc    ] 03
[T+3281000229us][CH1-Dispenser] 03 63
[T+3281069204us][CH2-Pc    ] 04
[T+3281076180us][CH1-Dispenser] 04 64
[T+3281148314us][CH1-Dispenser] 05
[T+3281148180us][CH2-Pc    ] 05
[T+3281326180us][CH1-Dispenser] 06
[T+3281327179us][CH2-Pc    ] 06
[T+3281491204us][CH2-Pc    ] 01
[T+3281499185us][CH1-Dispenser] 01 61
[T+3281569180us][CH2-Pc    ] 02
[T+3281576181us][CH1-Dispenser] 02 72
[T+3281597208us][CH2-Pc    ] 22
[T+3281607801us][CH1-Dispenser] 22 D2
[T+3281618180us][CH1-Dispenser] FF
[T+3281618315us][CH2-Pc    ] FF
[T+3281631316us][CH1-Dispenser] E9
[T+3281631180us][CH2-Pc    ] E9
[T+3281652316us][CH1-Dispenser] FE
[T+3281652180us][CH2-Pc    ] FE
[T+3281665314us][CH1-Dispenser] E0
[T+3281665180us][CH2-Pc    ] E0
[T+3281679183us][CH1-Dispenser] E1
[T+3281679321us][CH2-Pc    ] E1
[T+3281691319us][CH1-Dispenser] E0
[T+3281691183us][CH2-Pc    ] E0
[T+3281703313us][CH1-Dispenser] FB
[T+3281703181us][CH2-Pc    ] FB
[T+3281716183us][CH1-Dispenser] EE
[T+3281716319us][CH2-Pc    ] EE
[T+3281729180us][CH2-Pc    ] F0
[T+3281760180us][CH1-Dispenser] F0 BA B0 B3 B2 B0 B1 B0 B0 B0 B0 B1 B1 B1 B1 B2 C1 B9 8D 8A
[T+3281830180us][CH2-Pc    ] 03
[T+3281837180us][CH1-Dispenser] 03 63
[T+3281908180us][CH2-Pc    ] 04
[T+3281918180us][CH1-Dispenser] 04 64
[T+3281986316us][CH1-Dispenser] 05
[T+3281986180us][CH2-Pc    ] 05
[T+3282172322us][CH1-Dispenser] 06
[T+3282172181us][CH2-Pc    ] 06
[T+3282336180us][CH2-Pc    ] 01
[T+3282344851us][CH1-Dispenser] 01 61
[T+3282414180us][CH2-Pc    ] 02
[T+3282419179us][CH1-Dispenser] 02 72
[T+3282442180us][CH2-Pc    ] 22
[T+3282450180us][CH1-Dispenser] 22 D2
[T+3282463325us][CH1-Dispenser] FF
[T+3282463184us][CH2-Pc    ] FF
[T+3282476309us][CH1-Dispenser] E9
[T+3282476181us][CH2-Pc    ] E9
[T+3282488311us][CH1-Dispenser] FE
[T+3282488181us][CH2-Pc    ] FE
[T+3282501317us][CH1-Dispenser] E0
[T+3282501184us][CH2-Pc    ] E0
[T+3282514286us][CH1-Dispenser] E1
[T+3282514426us][CH2-Pc    ] E1
[T+3282526315us][CH1-Dispenser] E0
[T+3282526180us][CH2-Pc    ] E0
[T+3282539311us][CH1-Dispenser] FB
[T+3282539180us][CH2-Pc    ] FB
[T+3282552318us][CH1-Dispenser] EE
[T+3282552183us][CH2-Pc    ] EE
[T+3282565180us][CH2-Pc    ] F0
[T+3282592204us][CH1-Dispenser] F0 BA B0 B3 B2 B0 B1 B0 B0 B0 B0 B1 B1 B1 B1 B2 C1 B9 8D 8A
[T+3282656180us][CH2-Pc    ] 03
[T+3282667180us][CH1-Dispenser] 03 63
[T+3282734180us][CH2-Pc    ] 04
[T+3282741179us][CH1-Dispenser] 04 64
[T+3282813181us][CH1-Dispenser] 05
[T+3282813315us][CH2-Pc    ] 05
[T+3282977317us][CH1-Dispenser] 06
[T+3282977181us][CH2-Pc    ] 06
[T+3283152180us][CH2-Pc    ] 01
[T+3283160187us][CH1-Dispenser] 01 61
[T+3283230180us][CH2-Pc    ] 02
[T+3283234217us][CH1-Dispenser] 02 72
[T+3283247180us][CH2-Pc    ] 22
[T+3283256204us][CH1-Dispenser] 22 D2
[T+3283268180us][CH1-Dispenser] FF
[T+3283268312us][CH2-Pc    ] FF
[T+3283284312us][CH1-Dispenser] E9
[T+3283284180us][CH2-Pc    ] E9
[T+3283297323us][CH1-Dispenser] FE
[T+3283297184us][CH2-Pc    ] FE
[T+3283309189us][CH2-Pc    ] E0
[T+3283310179us][CH1-Dispenser] E0
[T+3283321180us][CH1-Dispenser] E1
[T+3283321313us][CH2-Pc    ] E1
[T+3283336313us][CH1-Dispenser] E0
[T+3283336181us][CH2-Pc    ] E0
[T+3283349315us][CH1-Dispenser] FB
[T+3283349181us][CH2-Pc    ] FB
[T+3283361313us][CH1-Dispenser] EE
[T+3283361180us][CH2-Pc    ] EE
[T+3283374180us][CH2-Pc    ] F0
[T+3283401212us][CH1-Dispenser] F0 BA B0 B3 B2 B0 B1 B0 B0 B0 B0 B1 B1 B1 B1 B2 C1 B9 8D 8A
[T+3283466180us][CH2-Pc    ] 03
[T+3283471179us][CH1-Dispenser] 03 63
[T+3283545180us][CH2-Pc    ] 04
[T+3283550187us][CH1-Dispenser] 04 64
[T+3283624181us][CH1-Dispenser] 05
[T+3283624315us][CH2-Pc    ] 05
[T+3283788180us][CH1-Dispenser] 06
[T+3283788317us][CH2-Pc    ] 06
[T+3283963180us][CH2-Pc    ] 01
[T+3283969204us][CH1-Dispenser] 01 61
[T+3284041204us][CH2-Pc    ] 02
[T+3284048180us][CH1-Dispenser] 02 72
[T+3284068180us][CH2-Pc    ] 22
[T+3284075180us][CH1-Dispenser] 22 D2
[T+3284090181us][CH1-Dispenser] FF
[T+3284090318us][CH2-Pc    ] FF
[T+3284103313us][CH1-Dispenser] E9
[T+3284103181us][CH2-Pc    ] E9
[T+3284115314us][CH1-Dispenser] FE
[T+3284115181us][CH2-Pc    ] FE
[T+3284128316us][CH1-Dispenser] E0
[T+3284128181us][CH2-Pc    ] E0
[T+3284141180us][CH1-Dispenser] E1
[T+3284141312us][CH2-Pc    ] E1
[T+3284153315us][CH1-Dispenser] E0
[T+3284153181us][CH2-Pc    ] E0
[T+3284166312us][CH1-Dispenser] FB
[T+3284166180us][CH2-Pc    ] FB
[T+3284179180us][CH1-Dispenser] EE
[T+3284179311us][CH2-Pc    ] EE
[T+3284192181us][CH2-Pc    ] F0
[T+3284221180us][CH1-Dispenser] F0 BA B0 B3 B2 B0 B1 B0 B0 B0 B0 B1 B1 B1 B1 B2 C1 B9 8D 8A
[T+3284293204us][CH2-Pc    ] 03
[T+3284301183us][CH1-Dispenser] 03 63
[T+3284374180us][CH2-Pc    ] 04
[T+3284381336us][CH1-Dispenser] 04 64
[T+3284453315us][CH1-Dispenser] 05
[T+3284453180us][CH2-Pc    ] 05
[T+3284617314us][CH1-Dispenser] 06
[T+3284617180us][CH2-Pc    ] 06
[T+3284792180us][CH2-Pc    ] 01
[T+3284801208us][CH1-Dispenser] 01 61
[T+3284870204us][CH2-Pc    ] 02
[T+3284875187us][CH1-Dispenser] 02 72
[T+3284898180us][CH2-Pc    ] 22
[T+3284904204us][CH1-Dispenser] 22 D2
[T+3284919315us][CH1-Dispenser] FF
[T+3284919180us][CH2-Pc    ] FF
[T+3284932312us][CH1-Dispenser] E9
[T+3284932180us][CH2-Pc    ] E9
[T+3284944311us][CH1-Dispenser] FE
[T+3284944180us][CH2-Pc    ] FE
[T+3284957312us][CH1-Dispenser] E0
[T+3284957180us][CH2-Pc    ] E0
[T+3284970184us][CH1-Dispenser] E1
[T+3284970322us][CH2-Pc    ] E1
[T+3284983326us][CH1-Dispenser] E0
[T+3284983185us][CH2-Pc    ] E0
[T+3284996179us][CH1-Dispenser] FB
[T+3284995180us][CH2-Pc    ] FB
[T+3285008180us][CH1-Dispenser] EE
[T+3285008311us][CH2-Pc    ] EE
[T+3285021180us][CH2-Pc    ] F0
[T+3285052180us][CH1-Dispenser] F0 BA B0 B3 B2 B0 B1 B0 B0 B0 B0 B1 B1 B1 B1 B2 C1 B9 8D 8A
[T+3285122180us][CH2-Pc    ] 03
[T+3285132180us][CH1-Dispenser] 03 63
[T+3285200180us][CH2-Pc    ] 04
[T+3285206818us][CH1-Dispenser] 04 64
[T+3285278314us][CH1-Dispenser] 05
[T+3285278180us][CH2-Pc    ] 05
[T+3285453180us][CH1-Dispenser] 06
[T+3285453319us][CH2-Pc    ] 06
[T+3285617180us][CH2-Pc    ] 01
[T+3285625187us][CH1-Dispenser] 01 61
[T+3285695180us][CH2-Pc    ] 02
[T+3285706323us][CH1-Dispenser] 02 72
[T+3285723180us][CH2-Pc    ] 22
[T+3285729807us][CH1-Dispenser] 22 D2
[T+3285745330us][CH1-Dispenser] FF
[T+3285745189us][CH2-Pc    ] FF
[T+3285758330us][CH1-Dispenser] E9
[T+3285758189us][CH2-Pc    ] E9
[T+3285770323us][CH1-Dispenser] FE
[T+3285770184us][CH2-Pc    ] FE
[T+3285782184us][CH1-Dispenser] E0
[T+3285782317us][CH2-Pc    ] E0
[T+3285795320us][CH1-Dispenser] E1
[T+3285795184us][CH2-Pc    ] E1
[T+3285808324us][CH1-Dispenser] E0
[T+3285808183us][CH2-Pc    ] E0
[T+3285820318us][CH1-Dispenser] FB
[T+3285820183us][CH2-Pc    ] FB
[T+3285833316us][CH1-Dispenser] EE
[T+3285833181us][CH2-Pc    ] EE
[T+3285846180us][CH2-Pc    ] F0
[T+3285877180us][CH1-Dispenser] F0 BA B0 B3 B2 B0 B1 B0 B0 B0 B0 B1 B1 B1 B1 B2 C1 B9 8D 8A
[T+3285948180us][CH2-Pc    ] 03
[T+3285956180us][CH1-Dispenser] 03 63
[T+3286026180us][CH2-Pc    ] 04
[T+3286031872us][CH1-Dispenser] 04 64
[T+3286105317us][CH1-Dispenser] 05
[T+3286105180us][CH2-Pc    ] 05
[T+3286280180us][CH1-Dispenser] 06
[T+3286280317us][CH2-Pc    ] 06
[T+3286454204us][CH2-Pc    ] 01
[T+3286459179us][CH1-Dispenser] 01 61
[T+3286532180us][CH2-Pc    ] 02
[T+3286540187us][CH1-Dispenser] 02 72
[T+3286560180us][CH2-Pc    ] 22
[T+3286566809us][CH1-Dispenser] 22 D2
[T+3286581326us][CH1-Dispenser] FF
[T+3286581188us][CH2-Pc    ] FF
[T+3286594317us][CH1-Dispenser] E9
[T+3286594182us][CH2-Pc    ] E9
[T+3286606320us][CH1-Dispenser] FE
[T+3286606185us][CH2-Pc    ] FE
[T+3286619315us][CH1-Dispenser] E0
[T+3286619180us][CH2-Pc    ] E0
[T+3286632311us][CH1-Dispenser] E1
[T+3286632180us][CH2-Pc    ] E1
[T+3286645314us][CH1-Dispenser] E0
[T+3286645180us][CH2-Pc    ] E0
[T+3286657325us][CH1-Dispenser] FB
[T+3286657187us][CH2-Pc    ] FB
[T+3286671321us][CH1-Dispenser] EE
[T+3286671183us][CH2-Pc    ] EE
[T+3286683204us][CH2-Pc    ] F0
[T+3286713204us][CH1-Dispenser] F0 BA B0 B3 B2 B0 B1 B0 B0 B0 B0 B1 B1 B1 B1 B2 C1 B9 8D 8A
[T+3286779205us][CH2-Pc    ] 03
[T+3286788218us][CH1-Dispenser] 03 63
[T+3286857204us][CH2-Pc    ] 04
[T+3286867180us][CH1-Dispenser] 04 64
[T+3286936317us][CH1-Dispenser] 05
[T+3286936181us][CH2-Pc    ] 05
[T+3287110315us][CH1-Dispenser] 06
[T+3287110180us][CH2-Pc    ] 06
[T+3287274180us][CH2-Pc    ] 01
[T+3287279179us][CH1-Dispenser] 01 61
[T+3287353180us][CH2-Pc    ] 02
[T+3287360437us][CH1-Dispenser] 02 72
[T+3287380180us][CH2-Pc    ] 22
[T+3287385782us][CH1-Dispenser] 22 D2
[T+3287401180us][CH1-Dispenser] FF
[T+3287402179us][CH2-Pc    ] FF
[T+3287418313us][CH1-Dispenser] E9
[T+3287418181us][CH2-Pc    ] E9
[T+3287431220us][CH1-Dispenser] FE
[T+3287431352us][CH2-Pc    ] FE
[T+3287450313us][CH1-Dispenser] E0
[T+3287450180us][CH2-Pc    ] E0
[T+3287462314us][CH1-Dispenser] E1
[T+3287462180us][CH2-Pc    ] E1
[T+3287475314us][CH1-Dispenser] E0
[T+3287475180us][CH2-Pc    ] E0
[T+3287487314us][CH1-Dispenser] FB
[T+3287487180us][CH2-Pc    ] FB
[T+3287500314us][CH1-Dispenser] EE
[T+3287500180us][CH2-Pc    ] EE
[T+3287513181us][CH2-Pc    ] F0
[T+3287542180us][CH1-Dispenser] F0 BA B0 B3 B2 B0 B1 B0 B0 B0 B0 B1 B1 B1 B1 B2 C1 B9 8D 8A
[T+3287615180us][CH2-Pc    ] 03
[T+3287620179us][CH1-Dispenser] 03 63
[T+3287693180us][CH2-Pc    ] 04
[T+3287703180us][CH1-Dispenser] 04 64
[T+3287772314us][CH1-Dispenser] 05
[T+3287772180us][CH2-Pc    ] 05
[T+3287947184us][CH1-Dispenser] 06
[T+3287947321us][CH2-Pc    ] 06
[T+3288121206us][CH2-Pc    ] 01
[T+3288130180us][CH1-Dispenser] 01 61
[T+3288199206us][CH2-Pc    ] 02
[T+3288205735us][CH1-Dispenser] 02 72
[T+3288227180us][CH2-Pc    ] 22
[T+3288236218us][CH1-Dispenser] 22 D2
[T+3288248180us][CH1-Dispenser] FF
[T+3288248301us][CH2-Pc    ] FF
[T+3288261313us][CH1-Dispenser] E9
[T+3288261180us][CH2-Pc    ] E9
[T+3288273314us][CH1-Dispenser] FE
[T+3288273180us][CH2-Pc    ] FE
[T+3288286313us][CH1-Dispenser] E0
[T+3288286180us][CH2-Pc    ] E0
[T+3288299316us][CH1-Dispenser] E1
[T+3288299180us][CH2-Pc    ] E1
[T+3288311315us][CH1-Dispenser] E0
[T+3288311180us][CH2-Pc    ] E0
[T+3288324313us][CH1-Dispenser] FB
[T+3288324180us][CH2-Pc    ] FB
[T+3288337180us][CH1-Dispenser] EE
[T+3288337313us][CH2-Pc    ] EE
[T+3288350180us][CH2-Pc    ] F0
[T+3288378180us][CH1-Dispenser] F0 BA B0 B3 B2 B0 B1 B0 B0 B0 B0 B1 B1 B1 B1 B2 C1 B9 8D 8A
[T+3288448180us][CH2-Pc    ] 03
[T+3288456188us][CH1-Dispenser] 03 63
[T+3288526180us][CH2-Pc    ] 04
[T+3288532819us][CH1-Dispenser] 04 64
[T+3288604313us][CH1-Dispenser] 05
[T+3288604180us][CH2-Pc    ] 05
[T+3288779180us][CH1-Dispenser] 06
[T+3288779317us][CH2-Pc    ] 06
[T+3288967180us][CH2-Pc    ] 01
[T+3288975187us][CH1-Dispenser] 01 61
[T+3289045180us][CH2-Pc    ] 02
[T+3289050179us][CH1-Dispenser] 02 72
[T+3289072183us][CH2-Pc    ] 22
[T+3289079180us][CH1-Dispenser] 22 D2
[T+3289094181us][CH1-Dispenser] FF
[T+3289094317us][CH2-Pc    ] FF
[T+3289106752us][CH1-Dispenser] E9
[T+3289106589us][CH2-Pc    ] E9
[T+3289121372us][CH1-Dispenser] FE
[T+3289121231us][CH2-Pc    ] FE
[T+3289132325us][CH1-Dispenser] E0
[T+3289132188us][CH2-Pc    ] E0
[T+3289153181us][CH1-Dispenser] E1
[T+3289153313us][CH2-Pc    ] E1
[T+3289166329us][CH1-Dispenser] E0
[T+3289166191us][CH2-Pc    ] E0
[T+3289181327us][CH1-Dispenser] FB
[T+3289181188us][CH2-Pc    ] FB
[T+3289195189us][CH1-Dispenser] EE
[T+3289195330us][CH2-Pc    ] EE
[T+3289205987us][CH2-Pc    ] F0
[T+3289232204us][CH1-Dispenser] F0 BA B0 B3 B2 B0 B1 B0 B0 B0 B0 B1 B1 B1 B1 B2 C1 B9 8D 8A
[T+3289302180us][CH2-Pc    ] 03
[T+3289311214us][CH1-Dispenser] 03 63
[T+3289380208us][CH2-Pc    ] 04
[T+3289386219us][CH1-Dispenser] 04 64
[T+3289458313us][CH1-Dispenser] 05
[T+3289458180us][CH2-Pc    ] 05
[T+3289633181us][CH1-Dispenser] 06
[T+3289633318us][CH2-Pc    ] 06
[T+3289808180us][CH2-Pc    ] 01
[T+3289816829us][CH1-Dispenser] 01 61
[T+3289890370us][CH2-Pc    ] 02
[T+3289899218us][CH1-Dispenser] 02 72
[T+3289917205us][CH2-Pc    ] 22
[T+3289924179us][CH1-Dispenser] 22 D2
[T+3289939315us][CH1-Dispenser] FF
[T+3289939180us][CH2-Pc    ] FF
[T+3289960313us][CH1-Dispenser] E9
[T+3289960180us][CH2-Pc    ] E9
[T+3289973314us][CH1-Dispenser] FE
[T+3289973180us][CH2-Pc    ] FE
[T+3289985322us][CH1-Dispenser] E0
[T+3289985185us][CH2-Pc    ] E0
[T+3289998871us][CH1-Dispenser] E1
[T+3289998722us][CH2-Pc    ] E1
[T+3290011314us][CH1-Dispenser] E0
[T+3290011181us][CH2-Pc    ] E0
[T+3290024316us][CH1-Dispenser] FB
[T+3290024181us][CH2-Pc    ] FB
[T+3290037183us][CH1-Dispenser] EE
[T+3290037323us][CH2-Pc    ] EE
[T+3290075180us][CH2-Pc    ] F0
[T+3290104180us][CH1-Dispenser] F0 BA B0 B3 B2 B0 B1 B0 B0 B0 B0 B1 B1 B1 B1 B2 C1 B9 8D 8A
[T+3290180180us][CH2-Pc    ] 03
[T+3290186203us][CH1-Dispenser] 03 63
[T+3290258204us][CH2-Pc    ] 04
[T+3290267471us][CH1-Dispenser] 04 64
[T+3290336317us][CH1-Dispenser] 05
[T+3290336181us][CH2-Pc    ] 05
[T+3290511314us][CH1-Dispenser] 06
[T+3290511180us][CH2-Pc    ] 06
[T+3290683180us][CH2-Pc    ] 01
[T+3290690180us][CH1-Dispenser] 01 61
[T+3290761180us][CH2-Pc    ] 02
[T+3290769180us][CH1-Dispenser] 02 72
[T+3290788180us][CH2-Pc    ] 22
[T+3290797181us][CH1-Dispenser] 22 D2
[T+3290810187us][CH1-Dispenser] FF
[T+3290810326us][CH2-Pc    ] FF
[T+3290822317us][CH1-Dispenser] E9
[T+3290822180us][CH2-Pc    ] E9
[T+3290835313us][CH1-Dispenser] FE
[T+3290835180us][CH2-Pc    ] FE
[T+3290856315us][CH1-Dispenser] E0
[T+3290856181us][CH2-Pc    ] E0
[T+3290878180us][CH1-Dispenser] E1
[T+3290878312us][CH2-Pc    ] E1
[T+3290891311us][CH1-Dispenser] E0
[T+3290891181us][CH2-Pc    ] E0
[T+3290905317us][CH1-Dispenser] FB
[T+3290905181us][CH2-Pc    ] FB
[T+3290918325us][CH1-Dispenser] EE
[T+3290918184us][CH2-Pc    ] EE
[T+3290931180us][CH2-Pc    ] F0
[T+3290958204us][CH1-Dispenser] F0 BA B0 B3 B2 B0 B1 B0 B0 B0 B0 B1 B1 B1 B1 B2 C1 B9 8D 8A
[T+3291023180us][CH2-Pc    ] 03
[T+3291032181us][CH1-Dispenser] 03 63
[T+3291101204us][CH2-Pc    ] 04
[T+3291107203us][CH1-Dispenser] 04 64
[T+3291180315us][CH1-Dispenser] 05
[T+3291180182us][CH2-Pc    ] 05
[T+3291355314us][CH1-Dispenser] 06
[T+3291355180us][CH2-Pc    ] 06
[T+3291530180us][CH2-Pc    ] 01
[T+3291539214us][CH1-Dispenser] 01 61
[T+3291608204us][CH2-Pc    ] 02
[T+3291618180us][CH1-Dispenser] 02 72
[T+3291647181us][CH1-Dispenser] 22 D2 FF
[T+3291647316us][CH2-Pc    ] 22 FF
[T+3291660324us][CH1-Dispenser] E9
[T+3291660185us][CH2-Pc    ] E9
[T+3291672182us][CH2-Pc    ] FE
[T+3291673184us][CH1-Dispenser] FE
[T+3291684313us][CH1-Dispenser] E0
[T+3291684180us][CH2-Pc    ] E0
[T+3291697181us][CH1-Dispenser] E1
[T+3291697316us][CH2-Pc    ] E1
[T+3291710312us][CH1-Dispenser] E0
[T+3291710180us][CH2-Pc    ] E0
[T+3291723308us][CH1-Dispenser] FB
[T+3291723180us][CH2-Pc    ] FB
[T+3291735180us][CH1-Dispenser] EE
[T+3291735317us][CH2-Pc    ] EE
[T+3291748204us][CH2-Pc    ] F0
[T+3291778204us][CH1-Dispenser] F0 BA B0 B3 B2 B0 B1 B0 B0 B0 B0 B1 B1 B1 B1 B2 C1 B9 8D 8A
[T+3291850204us][CH2-Pc    ] 03
[T+3291857181us][CH1-Dispenser] 03 63
[T+3291928180us][CH2-Pc    ] 04
[T+3291938180us][CH1-Dispenser] 04 64
[T+3292006314us][CH1-Dispenser] 05
[T+3292006180us][CH2-Pc    ] 05
[T+3292181314us][CH1-Dispenser] 06
[T+3292181180us][CH2-Pc    ] 06
[T+3292356367us][CH2-Pc    ] 01
[T+3292362868us][CH1-Dispenser] 01 61
[T+3292434204us][CH2-Pc    ] 02
[T+3292440218us][CH1-Dispenser] 02 72
[T+3292461204us][CH2-Pc    ] 22
[T+3292470209us][CH1-Dispenser] 22 D2
[T+3292482183us][CH1-Dispenser] FF
[T+3292482322us][CH2-Pc    ] FF
[T+3292495319us][CH1-Dispenser] E9
[T+3292495184us][CH2-Pc    ] E9
[T+3292508313us][CH1-Dispenser] FE
[T+3292508180us][CH2-Pc    ] FE
[T+3292521325us][CH1-Dispenser] E0
[T+3292521188us][CH2-Pc    ] E0
[T+3292533188us][CH1-Dispenser] E1
[T+3292533327us][CH2-Pc    ] E1
[T+3292555322us][CH1-Dispenser] E0
[T+3292555184us][CH2-Pc    ] E0
[T+3292567327us][CH1-Dispenser] FB
[T+3292567188us][CH2-Pc    ] FB
[T+3292580330us][CH1-Dispenser] EE
[T+3292580184us][CH2-Pc    ] EE
[T+3292593180us][CH2-Pc    ] F0
[T+3292623204us][CH1-Dispenser] F0 BA B0 B3 B2 B0 B1 B0 B0 B0 B0 B1 B1 B1 B1 B2 C1 B9 8D 8A
[T+3292694180us][CH2-Pc    ] 03
[T+3292702188us][CH1-Dispenser] 03 63
[T+3292772180us][CH2-Pc    ] 04
[T+3292781215us][CH1-Dispenser] 04 64
[T+3292851316us][CH1-Dispenser] 05
[T+3292851181us][CH2-Pc    ] 05
[T+3293025316us][CH1-Dispenser] 06
[T+3293025181us][CH2-Pc    ] 06
[T+3293200180us][CH2-Pc    ] 01
[T+3293205188us][CH1-Dispenser] 01 61
[T+3293280204us][CH2-Pc    ] 02
[T+3293285179us][CH1-Dispenser] 02 72
[T+3293299180us][CH2-Pc    ] 22
[T+3293306180us][CH1-Dispenser] 22 D2
[T+3293320180us][CH1-Dispenser] FF
[T+3293320314us][CH2-Pc    ] FF
[T+3293333313us][CH1-Dispenser] E9
[T+3293333180us][CH2-Pc    ] E9
[T+3293346312us][CH1-Dispenser] FE
[T+3293346180us][CH2-Pc    ] FE
[T+3293359179us][CH1-Dispenser] E0
[T+3293358189us][CH2-Pc    ] E0
[T+3293371182us][CH1-Dispenser] E1
[T+3293371318us][CH2-Pc    ] E1
[T+3293384325us][CH1-Dispenser] E0
[T+3293384186us][CH2-Pc    ] E0
[T+3293397314us][CH1-Dispenser] FB
[T+3293397181us][CH2-Pc    ] FB
[T+3293409325us][CH1-Dispenser] EE
[T+3293409184us][CH2-Pc    ] EE
[T+3293422183us][CH2-Pc    ] F0
[T+3293452204us][CH1-Dispenser] F0 BA B0 B3 B2 B0 B1 B0 B0 B0 B0 B1 B1 B1 B1 B2 C1 B9 8D 8A
[T+3293523180us][CH2-Pc    ] 03
[T+3293534180us][CH1-Dispenser] 03 63
[T+3293601180us][CH2-Pc    ] 04
[T+3293606179us][CH1-Dispenser] 04 64
[T+3293680180us][CH1-Dispenser] 05
[T+3293680316us][CH2-Pc    ] 05
[T+3293854181us][CH1-Dispenser] 06
[T+3293854316us][CH2-Pc    ] 06
[T+3294035204us][CH2-Pc    ] 01
[T+3294040179us][CH1-Dispenser] 01 61
[T+3294113180us][CH2-Pc    ] 02
[T+3294121235us][CH1-Dispenser] 02 72
[T+3294140180us][CH2-Pc    ] 22
[T+3294148311us][CH1-Dispenser] 22 D2
[T+3294162181us][CH1-Dispenser] FF
[T+3294162316us][CH2-Pc    ] FF
[T+3294175311us][CH1-Dispenser] E9
[T+3294175180us][CH2-Pc    ] E9
[T+3294188348us][CH1-Dispenser] FE
[T+3294188214us][CH2-Pc    ] FE
[T+3294200315us][CH1-Dispenser] E0
[T+3294200181us][CH2-Pc    ] E0
[T+3294213314us][CH1-Dispenser] E1
[T+3294213181us][CH2-Pc    ] E1
[T+3294225314us][CH1-Dispenser] E0
[T+3294225180us][CH2-Pc    ] E0
[T+3294238314us][CH1-Dispenser] FB
[T+3294238181us][CH2-Pc    ] FB
[T+3294251181us][CH1-Dispenser] EE
[T+3294251311us][CH2-Pc    ] EE
[T+3294264180us][CH2-Pc    ] F0
[T+3294294208us][CH1-Dispenser] F0 BA B0 B3 B2 B0 B1 B0 B0 B0 B0 B1 B1 B1 B1 B2 C1 B9 8D 8A
[T+3294314180us][CH2-Pc    ] 22
[T+3294321180us][CH1-Dispenser] 22 D2
[T+3294336181us][CH1-Dispenser] FF
[T+3294336317us][CH2-Pc    ] FF
[T+3294348313us][CH1-Dispenser] E5
[T+3294348180us][CH2-Pc    ] E5
[T+3294361311us][CH1-Dispenser] F4
[T+3294361181us][CH2-Pc    ] F4
[T+3294374311us][CH1-Dispenser] F6
[T+3294374181us][CH2-Pc    ] F6
[T+3294387182us][CH1-Dispenser] E1
[T+3294387318us][CH2-Pc    ] E1
[T+3294399322us][CH1-Dispenser] F7
[T+3294399183us][CH2-Pc    ] F7
[T+3294412316us][CH1-Dispenser] E0
[T+3294412182us][CH2-Pc    ] E0
[T+3294425315us][CH1-Dispenser] E0
[T+3294425181us][CH2-Pc    ] E0
[T+3294437180us][CH1-Dispenser] E1
[T+3294437313us][CH2-Pc    ] E1
[T+3294461181us][CH1-Dispenser] E1
[T+3294461316us][CH2-Pc    ] E1
[T+3294473313us][CH1-Dispenser] FB
[T+3294473180us][CH2-Pc    ] FB
[T+3294486311us][CH1-Dispenser] ED
[T+3294486181us][CH2-Pc    ] ED
[T+3294499180us][CH1-Dispenser] F0
[T+3294499314us][CH2-Pc    ] F0
[T+3294588180us][CH2-Pc    ] 02
[T+3294596180us][CH1-Dispenser] 02 72
[T+3294615180us][CH2-Pc    ] 22
[T+3294620776us][CH1-Dispenser] 22 D2
[T+3294637180us][CH1-Dispenser] FF
[T+3294637314us][CH2-Pc    ] FF
[T+3294649448us][CH1-Dispenser] E5
[T+3294649315us][CH2-Pc    ] E5
[T+3294662312us][CH1-Dispenser] F2
[T+3294662180us][CH2-Pc    ] F2
[T+3294675314us][CH1-Dispenser] F8
[T+3294675181us][CH2-Pc    ] F8
[T+3294690316us][CH1-Dispenser] E0
[T+3294690180us][CH2-Pc    ] E0
[T+3294702323us][CH1-Dispenser] E0
[T+3294702185us][CH2-Pc    ] E0
[T+3294715324us][CH1-Dispenser] E0
[T+3294715183us][CH2-Pc    ] E0
[T+3294729320us][CH1-Dispenser] E0
[T+3294729183us][CH2-Pc    ] E0
[T+3294741185us][CH1-Dispenser] E1
[T+3294741325us][CH2-Pc    ] E1
[T+3294753326us][CH1-Dispenser] E0
[T+3294753187us][CH2-Pc    ] E0
[T+3294766321us][CH1-Dispenser] FB
[T+3294766183us][CH2-Pc    ] FB
[T+3294778317us][CH1-Dispenser] E6
[T+3294778184us][CH2-Pc    ] E6
[T+3294791318us][CH1-Dispenser] F0
[T+3294791183us][CH2-Pc    ] F0
[T+3294880180us][CH2-Pc    ] 02
[T+3294885781us][CH1-Dispenser] 02 72
[T+3294907180us][CH1-Dispenser] 12
[T+3294907913us][CH2-Pc    ] 12
[T+3294994180us][CH2-Pc    ] 02
[T+3295002180us][CH1-Dispenser] 02 92
[T+3295072180us][CH2-Pc    ] 03
[T+3295082180us][CH1-Dispenser] 03 63
[T+3295153180us][CH2-Pc    ] 04
[T+3295163181us][CH1-Dispenser] 04 64
[T+3295231314us][CH1-Dispenser] 05
[T+3295231180us][CH2-Pc    ] 05
[T+3295400180us][CH1-Dispenser] 06
[T+3295400315us][CH2-Pc    ] 06
[T+3295575180us][CH2-Pc    ] 01
[T+3295582824us][CH1-Dispenser] 01 61
[T+3295653180us][CH2-Pc    ] 02
[T+3295661427us][CH1-Dispenser] 02 92
[T+3296236180us][CH2-Pc    ] 03
[T+3296242219us][CH1-Dispenser] 03 63
[T+3296314205us][CH2-Pc    ] 04
[T+3296322180us][CH1-Dispenser] 04 64
[T+3296392180us][CH1-Dispenser] 05
[T+3296392315us][CH2-Pc    ] 05
[T+3296578180us][CH1-Dispenser] 06
[T+3296578314us][CH2-Pc    ] 06
[T+3296742180us][CH2-Pc    ] 01
[T+3296749813us][CH1-Dispenser] 01 61
[T+3296820180us][CH2-Pc    ] 02
[T+3296825179us][CH1-Dispenser] 02 92
[T+3296847327us][CH2-Pc    ] 62
[T+3296862204us][CH1-Dispenser] 62 E0 E0 E0 E0 E0 E0
[T+3296926180us][CH2-Pc    ] 03
[T+3296932219us][CH1-Dispenser] 03 63
[T+3297004204us][CH2-Pc    ] 04
[T+3297012181us][CH1-Dispenser] 04 64
[T+3297082181us][CH1-Dispenser] 05
[T+3297082318us][CH2-Pc    ] 05
[T+3297258180us][CH1-Dispenser] 06
[T+3297258319us][CH2-Pc    ] 06
[T+3297433180us][CH2-Pc    ] 01
[T+3297440808us][CH1-Dispenser] 01 61
[T+3297512180us][CH2-Pc    ] 02
[T+3297520186us][CH1-Dispenser] 02 92
[T+3297539180us][CH2-Pc    ] 62
[T+3297552180us][CH1-Dispenser] 62 E0 E0 E0 E0 E0 E0
[T+3297617180us][CH2-Pc    ] 03
[T+3297623219us][CH1-Dispenser] 03 63
[T+3297696180us][CH2-Pc    ] 04
[T+3297702203us][CH1-Dispenser] 04 64
[T+3297774181us][CH1-Dispenser] 05
[T+3297774316us][CH2-Pc    ] 05
[T+3297949180us][CH1-Dispenser] 06
[T+3297949317us][CH2-Pc    ] 06
[T+3298124180us][CH2-Pc    ] 01
[T+3298131825us][CH1-Dispenser] 01 61
[T+3298202180us][CH2-Pc    ] 02
[T+3298210701us][CH1-Dispenser] 02 92
[T+3298229180us][CH2-Pc    ] 62
[T+3298243180us][CH1-Dispenser] 62 E0 E0 E0 E0 E0 E0
[T+3298308180us][CH2-Pc    ] 03
[T+3298317216us][CH1-Dispenser] 03 63
[T+3298387180us][CH2-Pc    ] 04
[T+3298392180us][CH1-Dispenser] 04 64
[T+3298456314us][CH1-Dispenser] 05
[T+3298456180us][CH2-Pc    ] 05
[T+3298642181us][CH1-Dispenser] 06
[T+3298643267us][CH2-Pc    ] 06
[T+3298805676us][CH2-Pc    ] 01
[T+3298812182us][CH1-Dispenser] 01 61
[T+3298884891us][CH2-Pc    ] 02
[T+3298890188us][CH1-Dispenser] 02 92
[T+3298912181us][CH2-Pc    ] 62
[T+3298922180us][CH1-Dispenser] 62 E8 E9 E1 E0 E0 E0
[T+3298989205us][CH2-Pc    ] 03
[T+3298998205us][CH1-Dispenser] 03 63
[T+3299067204us][CH2-Pc    ] 04
[T+3299071179us][CH1-Dispenser] 04 64
[T+3299135315us][CH1-Dispenser] 05
[T+3299135180us][CH2-Pc    ] 05
[T+3299309318us][CH1-Dispenser] 06
[T+3299309181us][CH2-Pc    ] 06
[T+3299485180us][CH2-Pc    ] 01
[T+3299491208us][CH1-Dispenser] 01 61
[T+3299563204us][CH2-Pc    ] 02
[T+3299570823us][CH1-Dispenser] 02 92
[T+3299591204us][CH2-Pc    ] 62
[T+3299601180us][CH1-Dispenser] 62 E9 E1 E3 E0 E0 E0
[T+3299670266us][CH2-Pc    ] 03
[T+3299677181us][CH1-Dispenser] 03 63
[T+3299748180us][CH2-Pc    ] 04
[T+3299756825us][CH1-Dispenser] 04 64
[T+3299826319us][CH1-Dispenser] 05
[T+3299826182us][CH2-Pc    ] 05
[T+3299995181us][CH1-Dispenser] 06
[T+3299995316us][CH2-Pc    ] 06
[T+3300170265us][CH2-Pc    ] 01
[T+3300176204us][CH1-Dispenser] 01 61
[T+3300248205us][CH2-Pc    ] 02
[T+3300255180us][CH1-Dispenser] 02 92
[T+3300275180us][CH2-Pc    ] 62
[T+3300290204us][CH1-Dispenser] 62 E8 E1 E4 E0 E0 E0
[T+3300354180us][CH2-Pc    ] 03
[T+3300361181us][CH1-Dispenser] 03 63
[T+3300432180us][CH2-Pc    ] 04
[T+3300443183us][CH1-Dispenser] 04 64
[T+3300511181us][CH1-Dispenser] 05
[T+3300511316us][CH2-Pc    ] 05
[T+3300685181us][CH1-Dispenser] 06
[T+3300685318us][CH2-Pc    ] 06
[T+3300860180us][CH2-Pc    ] 01
[T+3300869188us][CH1-Dispenser] 01 61
[T+3300938205us][CH2-Pc    ] 02
[T+3300946187us][CH1-Dispenser] 02 92
[T+3300966180us][CH2-Pc    ] 62
[T+3300977180us][CH1-Dispenser] 62 E5 E0 E6 E0 E0 E0
[T+3301044180us][CH2-Pc    ] 03
[T+3301053205us][CH1-Dispenser] 03 63
[T+3301122205us][CH2-Pc    ] 04
[T+3301127779us][CH1-Dispenser] 04 64
[T+3301200180us][CH1-Dispenser] 05
[T+3301200314us][CH2-Pc    ] 05
[T+3301376314us][CH1-Dispenser] 06
[T+3301376180us][CH2-Pc    ] 06
[T+3301540180us][CH2-Pc    ] 01
[T+3301547179us][CH1-Dispenser] 01 61
[T+3301618180us][CH2-Pc    ] 02
[T+3301626188us][CH1-Dispenser] 02 92
[T+3301645180us][CH2-Pc    ] 62
[T+3301661180us][CH1-Dispenser] 62 E2 E9 E7 E0 E0 E0
[T+3301735180us][CH2-Pc    ] 03
[T+3301742180us][CH1-Dispenser] 03 63
[T+3301813180us][CH2-Pc    ] 04
[T+3301823741us][CH1-Dispenser] 04 64
[T+3301891180us][CH1-Dispenser] 05
[T+3301891314us][CH2-Pc    ] 05
[T+3302055319us][CH1-Dispenser] 06
[T+3302055180us][CH2-Pc    ] 06
[T+3302230180us][CH2-Pc    ] 01
[T+3302237809us][CH1-Dispenser] 01 61
[T+3302308180us][CH2-Pc    ] 02
[T+3302317213us][CH1-Dispenser] 02 92
[T+3302336180us][CH2-Pc    ] 62
[T+3302348204us][CH1-Dispenser] 62 E7 E6 E0 E1 E0 E0
[T+3302414205us][CH2-Pc    ] 03
[T+3302423185us][CH1-Dispenser] 03 63
[T+3302492204us][CH2-Pc    ] 04
[T+3302497179us][CH1-Dispenser] 04 64
[T+3302559180us][CH1-Dispenser] 05
[T+3302559313us][CH2-Pc    ] 05
[T+3302734180us][CH1-Dispenser] 06
[T+3302734314us][CH2-Pc    ] 06
[T+3302898180us][CH2-Pc    ] 01
[T+3302906829us][CH1-Dispenser] 01 61
[T+3302976180us][CH2-Pc    ] 02
[T+3302986180us][CH1-Dispenser] 02 92
[T+3303004204us][CH2-Pc    ] 62
[T+3303018180us][CH1-Dispenser] 62 E3 E5 E3 E1 E0 E0
[T+3303082180us][CH2-Pc    ] 03
[T+3303088219us][CH1-Dispenser] 03 63
[T+3303174180us][CH2-Pc    ] 04
[T+3303181288us][CH1-Dispenser] 04 64
[T+3303252314us][CH1-Dispenser] 05
[T+3303252181us][CH2-Pc    ] 05
[T+3303437181us][CH1-Dispenser] 06
[T+3303437316us][CH2-Pc    ] 06
[T+3303601180us][CH2-Pc    ] 01
[T+3303608180us][CH1-Dispenser] 01 61
[T+3303679180us][CH2-Pc    ] 02
[T+3303687789us][CH1-Dispenser] 02 92
[T+3303707180us][CH2-Pc    ] 62
[T+3303722204us][CH1-Dispenser] 62 E4 E9 E6 E1 E0 E0
[T+3303797205us][CH2-Pc    ] 03
[T+3303803943us][CH1-Dispenser] 03 63
[T+3303875204us][CH2-Pc    ] 04
[T+3303882179us][CH1-Dispenser] 04 64
[T+3303961314us][CH1-Dispenser] 05
[T+3303961180us][CH2-Pc    ] 05
[T+3304135181us][CH1-Dispenser] 06
[T+3304135316us][CH2-Pc    ] 06
[T+3304323180us][CH2-Pc    ] 01
[T+3304331180us][CH1-Dispenser] 01 61
[T+3304401180us][CH2-Pc    ] 02
[T+3304407218us][CH1-Dispenser] 02 92
[T+3304429180us][CH2-Pc    ] 62
[T+3304441204us][CH1-Dispenser] 62 E8 E6 E0 E2 E0 E0
[T+3304510180us][CH2-Pc    ] 03
[T+3304516219us][CH1-Dispenser] 03 63
[T+3304588204us][CH2-Pc    ] 04
[T+3304598180us][CH1-Dispenser] 04 64
[T+3304674316us][CH1-Dispenser] 05
[T+3304674180us][CH2-Pc    ] 05
[T+3304859180us][CH1-Dispenser] 06
[T+3304859314us][CH2-Pc    ] 06
[T+3305023180us][CH2-Pc    ] 01
[T+3305033180us][CH1-Dispenser] 01 61
[T+3305101180us][CH2-Pc    ] 02
[T+3305108180us][CH1-Dispenser] 02 92
[T+3305129204us][CH2-Pc    ] 62
[T+3305141204us][CH1-Dispenser] 62 E4 E6 E4 E2 E0 E0
[T+3305208180us][CH2-Pc    ] 03
[T+3305217205us][CH1-Dispenser] 03 63
[T+3305290180us][CH2-Pc    ] 04
[T+3305297180us][CH1-Dispenser] 04 64
[T+3305368315us][CH1-Dispenser] 05
[T+3305368182us][CH2-Pc    ] 05
[T+3305547317us][CH1-Dispenser] 06
[T+3305547181us][CH2-Pc    ] 06
[T+3305712204us][CH2-Pc    ] 01
[T+3305716179us][CH1-Dispenser] 01 61
[T+3305779205us][CH2-Pc    ] 02
[T+3305786180us][CH1-Dispenser] 02 92
[T+3305806180us][CH2-Pc    ] 62
[T+3305817181us][CH1-Dispenser] 62 E7 E2 E8 E2 E0 E0
[T+3305886205us][CH2-Pc    ] 03
[T+3305891179us][CH1-Dispenser] 03 63
[T+3305963204us][CH2-Pc    ] 04
[T+3305973180us][CH1-Dispenser] 04 64
[T+3306042180us][CH1-Dispenser] 05
[T+3306042314us][CH2-Pc    ] 05
[T+3306217180us][CH1-Dispenser] 06
[T+3306217314us][CH2-Pc    ] 06
[T+3306391204us][CH2-Pc    ] 01
[T+3306396179us][CH1-Dispenser] 01 61
[T+3306459204us][CH2-Pc    ] 02
[T+3306468218us][CH1-Dispenser] 02 92
[T+3306486204us][CH2-Pc    ] 62
[T+3306497181us][CH1-Dispenser] 62 E2 E1 E2 E3 E0 E0
[T+3306564180us][CH2-Pc    ] 03
[T+3306572187us][CH1-Dispenser] 03 63
[T+3306642180us][CH2-Pc    ] 04
[T+3306648218us][CH1-Dispenser] 04 64
[T+3306721181us][CH1-Dispenser] 05
[T+3306721315us][CH2-Pc    ] 05
[T+3306906180us][CH1-Dispenser] 06
[T+3306906314us][CH2-Pc    ] 06
[T+3307070180us][CH2-Pc    ] 01
[T+3307078829us][CH1-Dispenser] 01 61
[T+3307148180us][CH2-Pc    ] 02
[T+3307159606us][CH1-Dispenser] 02 92
[T+3307175180us][CH2-Pc    ] 62
[T+3307188180us][CH1-Dispenser] 62 E0 E3 E6 E3 E0 E0
[T+3307254180us][CH2-Pc    ] 03
[T+3307263181us][CH1-Dispenser] 03 63
[T+3307334180us][CH2-Pc    ] 04
[T+3307342187us][CH1-Dispenser] 04 64
[T+3307412181us][CH1-Dispenser] 05
[T+3307412315us][CH2-Pc    ] 05
[T+3307590315us][CH1-Dispenser] 06
[T+3307590181us][CH2-Pc    ] 06
[T+3307764204us][CH2-Pc    ] 01
[T+3307770203us][CH1-Dispenser] 01 61
[T+3307842204us][CH2-Pc    ] 02
[T+3307851218us][CH1-Dispenser] 02 92
[T+3307870180us][CH2-Pc    ] 62
[T+3307882180us][CH1-Dispenser] 62 E7 E3 E0 E4 E0 E0
[T+3307948204us][CH2-Pc    ] 03
[T+3307953806us][CH1-Dispenser] 03 63
[T+3308026180us][CH2-Pc    ] 04
[T+3308032218us][CH1-Dispenser] 04 64
[T+3308104180us][CH1-Dispenser] 05
[T+3308104314us][CH2-Pc    ] 05
[T+3308279180us][CH1-Dispenser] 06
[T+3308279315us][CH2-Pc    ] 06
[T+3308454180us][CH2-Pc    ] 01
[T+3308463218us][CH1-Dispenser] 01 61
[T+3308532205us][CH2-Pc    ] 02
[T+3308538858us][CH1-Dispenser] 02 92
[T+3308559204us][CH2-Pc    ] 62
[T+3308573180us][CH1-Dispenser] 62 E3 E3 E4 E4 E0 E0
[T+3308638180us][CH2-Pc    ] 03
[T+3308648180us][CH1-Dispenser] 03 63
[T+3308716180us][CH2-Pc    ] 04
[T+3308722203us][CH1-Dispenser] 04 64
[T+3308799180us][CH1-Dispenser] 05
[T+3308799314us][CH2-Pc    ] 05
[T+3308984317us][CH1-Dispenser] 06
[T+3308984181us][CH2-Pc    ] 06
[T+3309148180us][CH2-Pc    ] 01
[T+3309155179us][CH1-Dispenser] 01 61
[T+3309220180us][CH2-Pc    ] 02
[T+3309227179us][CH1-Dispenser] 02 92
[T+3309248206us][CH2-Pc    ] 62
[T+3309264180us][CH1-Dispenser] 62 E3 E7 E8 E4 E0 E0
[T+3309341180us][CH2-Pc    ] 03
[T+3309347934us][CH1-Dispenser] 03 63
[T+3309419180us][CH2-Pc    ] 04
[T+3309428206us][CH1-Dispenser] 04 64
[T+3309497181us][CH1-Dispenser] 05
[T+3309497317us][CH2-Pc    ] 05
[T+3309672181us][CH1-Dispenser] 06
[T+3309672316us][CH2-Pc    ] 06
[T+3309835180us][CH2-Pc    ] 01
[T+3309841204us][CH1-Dispenser] 01 61
[T+3309913205us][CH2-Pc    ] 02
[T+3309922186us][CH1-Dispenser] 02 92
[T+3309940204us][CH2-Pc    ] 62
[T+3309954180us][CH1-Dispenser] 62 E1 E9 E2 E5 E0 E0
[T+3310019180us][CH2-Pc    ] 03
[T+3310027180us][CH1-Dispenser] 03 63
[T+3310097180us][CH2-Pc    ] 04
[T+3310102179us][CH1-Dispenser] 04 64
[T+3310175181us][CH1-Dispenser] 05
[T+3310175319us][CH2-Pc    ] 05
[T+3310350181us][CH1-Dispenser] 06
[T+3310350317us][CH2-Pc    ] 06
[T+3310531180us][CH2-Pc    ] 01
[T+3310539183us][CH1-Dispenser] 01 61
[T+3310609180us][CH2-Pc    ] 02
[T+3310618204us][CH1-Dispenser] 02 92
[T+3310636204us][CH2-Pc    ] 62
[T+3310647195us][CH1-Dispenser] 62 E0 E2 E7 E5 E0 E0
[T+3310716205us][CH2-Pc    ] 03
[T+3310722855us][CH1-Dispenser] 03 63
[T+3310794205us][CH2-Pc    ] 04
[T+3310803204us][CH1-Dispenser] 04 64
[T+3310873180us][CH1-Dispenser] 05
[T+3310873316us][CH2-Pc    ] 05
[T+3311047315us][CH1-Dispenser] 06
[T+3311047180us][CH2-Pc    ] 06
[T+3311211180us][CH2-Pc    ] 01
[T+3311217219us][CH1-Dispenser] 01 61
[T+3311290180us][CH2-Pc    ] 02
[T+3311296208us][CH1-Dispenser] 02 92
[T+3311317205us][CH2-Pc    ] 62
[T+3311327696us][CH1-Dispenser] 62 E0 E6 E1 E6 E0 E0
[T+3311395182us][CH2-Pc    ] 03
[T+3311403187us][CH1-Dispenser] 03 63
[T+3311473180us][CH2-Pc    ] 04
[T+3311482205us][CH1-Dispenser] 04 64
[T+3311551180us][CH1-Dispenser] 05
[T+3311551314us][CH2-Pc    ] 05
[T+3311726319us][CH1-Dispenser] 06
[T+3311726181us][CH2-Pc    ] 06
[T+3311923180us][CH2-Pc    ] 01
[T+3311934181us][CH1-Dispenser] 01 61
[T+3312001180us][CH2-Pc    ] 02
[T+3312006179us][CH1-Dispenser] 02 92
[T+3312029313us][CH1-Dispenser] 62
[T+3312029180us][CH2-Pc    ] 62
[T+3312047204us][CH1-Dispenser] E9 E8 E5 E6 E0 E0
[T+3312118180us][CH2-Pc    ] 03
[T+3312124219us][CH1-Dispenser] 03 63
[T+3312195180us][CH2-Pc    ] 04
[T+3312202180us][CH1-Dispenser] 04 64
[T+3312273180us][CH1-Dispenser] 05
[T+3312273315us][CH2-Pc    ] 05
[T+3312448313us][CH1-Dispenser] 06
[T+3312448180us][CH2-Pc    ] 06
[T+3312623180us][CH2-Pc    ] 01
[T+3312632218us][CH1-Dispenser] 01 61
[T+3312701204us][CH2-Pc    ] 02
[T+3312706179us][CH1-Dispenser] 02 92
[T+3312728180us][CH2-Pc    ] 62
[T+3312742180us][CH1-Dispenser] 62 E9 E2 E0 E7 E0 E0
[T+3312806180us][CH2-Pc    ] 03
[T+3312814571us][CH1-Dispenser] 03 63
[T+3312884180us][CH2-Pc    ] 04
[T+3312893204us][CH1-Dispenser] 04 64
[T+3312962180us][CH1-Dispenser] 05
[T+3312962314us][CH2-Pc    ] 05
[T+3313137181us][CH1-Dispenser] 06
[T+3313137318us][CH2-Pc    ] 06
[T+3313316179us][CH1-Dispenser] 01 61
[T+3313312180us][CH2-Pc    ] 01
[T+3313380180us][CH2-Pc    ] 02
[T+3313390180us][CH1-Dispenser] 02 92
[T+3313408205us][CH2-Pc    ] 62
[T+3313422180us][CH1-Dispenser] 62 E8 E5 E4 E7 E0 E0
[T+3313487180us][CH2-Pc    ] 03
[T+3313494180us][CH1-Dispenser] 03 63
[T+3313565180us][CH2-Pc    ] 04
[T+3313573784us][CH1-Dispenser] 04 64
[T+3313643180us][CH1-Dispenser] 05
[T+3313643317us][CH2-Pc    ] 05
[T+3313833319us][CH1-Dispenser] 06
[T+3313833182us][CH2-Pc    ] 06
[T+3314007204us][CH2-Pc    ] 01
[T+3314017180us][CH1-Dispenser] 01 61
[T+3314085180us][CH2-Pc    ] 02
[T+3314091203us][CH1-Dispenser] 02 92
[T+3314113180us][CH2-Pc    ] 62
[T+3314129180us][CH1-Dispenser] 62 E0 E2 E9 E7 E0 E0
[T+3314203180us][CH2-Pc    ] 03
[T+3314209395us][CH1-Dispenser] 03 63
[T+3314289180us][CH2-Pc    ] 04
[T+3314297180us][CH1-Dispenser] 04 64
[T+3314367318us][CH1-Dispenser] 05
[T+3314367182us][CH2-Pc    ] 05
[T+3314541314us][CH1-Dispenser] 06
[T+3314541181us][CH2-Pc    ] 06
[T+3314716180us][CH2-Pc    ] 01
[T+3314721772us][CH1-Dispenser] 01 61
[T+3314784204us][CH2-Pc    ] 02
[T+3314791181us][CH1-Dispenser] 02 92
[T+3314811180us][CH2-Pc    ] 62
[T+3314824180us][CH1-Dispenser] 62 E4 E0 E4 E8 E0 E0
[T+3314889314us][CH1-Dispenser] 03
[T+3314889180us][CH2-Pc    ] 03
[T+3314901217us][CH1-Dispenser] 63
[T+3314967205us][CH2-Pc    ] 04
[T+3314973203us][CH1-Dispenser] 04 64
[T+3315046315us][CH1-Dispenser] 05
[T+3315046181us][CH2-Pc    ] 05
[T+3315209180us][CH1-Dispenser] 06
[T+3315209314us][CH2-Pc    ] 06
[T+3315388180us][CH2-Pc    ] 01
[T+3315397209us][CH1-Dispenser] 01 61
[T+3315466206us][CH2-Pc    ] 02
[T+3315472203us][CH1-Dispenser] 02 92
[T+3315494180us][CH2-Pc    ] 62
[T+3315507180us][CH1-Dispenser] 62 E6 E6 E8 E8 E0 E0
[T+3315573205us][CH2-Pc    ] 03
[T+3315578736us][CH1-Dispenser] 03 63
[T+3315651180us][CH2-Pc    ] 04
[T+3315657225us][CH1-Dispenser] 04 64
[T+3315729314us][CH1-Dispenser] 05
[T+3315729180us][CH2-Pc    ] 05
[T+3315904181us][CH1-Dispenser] 06
[T+3315904319us][CH2-Pc    ] 06
[T+3316079180us][CH2-Pc    ] 01
[T+3316086179us][CH1-Dispenser] 01 61
[T+3316157180us][CH2-Pc    ] 02
[T+3316161179us][CH1-Dispenser] 02 92
[T+3316184180us][CH2-Pc    ] 62
[T+3316198180us][CH1-Dispenser] 62 E9 E3 E3 E9 E0 E0
[T+3316267204us][CH2-Pc    ] 03
[T+3316276204us][CH1-Dispenser] 03 63
[T+3316345204us][CH2-Pc    ] 04
[T+3316353185us][CH1-Dispenser] 04 64
[T+3316423181us][CH1-Dispenser] 05
[T+3316423315us][CH2-Pc    ] 05
[T+3316609180us][CH1-Dispenser] 06
[T+3316609316us][CH2-Pc    ] 06
[T+3316773180us][CH2-Pc    ] 01
[T+3316784185us][CH1-Dispenser] 01 61
[T+3316851180us][CH2-Pc    ] 02
[T+3316856179us][CH1-Dispenser] 02 92
[T+3316878180us][CH2-Pc    ] 62
[T+3316894180us][CH1-Dispenser] 62 E1 E9 E6 E9 E0 E0
[T+3316968180us][CH2-Pc    ] 03
[T+3316973793us][CH1-Dispenser] 03 63
[T+3317036205us][CH2-Pc    ] 04
[T+3317043180us][CH1-Dispenser] 04 64
[T+3317114180us][CH1-Dispenser] 05
[T+3317114315us][CH2-Pc    ] 05
[T+3317288180us][CH1-Dispenser] 06
[T+3317289179us][CH2-Pc    ] 06
[T+3317466180us][CH2-Pc    ] 01
[T+3317471179us][CH1-Dispenser] 01 61
[T+3317544180us][CH2-Pc    ] 02
[T+3317554181us][CH1-Dispenser] 02 92
[T+3317572204us][CH2-Pc    ] 62
[T+3317583180us][CH1-Dispenser] 62 E1 E9 E6 E9 E0 E0
[T+3317651181us][CH2-Pc    ] 03
[T+3317659768us][CH1-Dispenser] 03 63
[T+3317729180us][CH2-Pc    ] 04
[T+3317737188us][CH1-Dispenser] 04 64
[T+3317807313us][CH1-Dispenser] 05
[T+3317807180us][CH2-Pc    ] 05
[T+3317982180us][CH1-Dispenser] 06
[T+3317982314us][CH2-Pc    ] 06
[T+3318157180us][CH2-Pc    ] 01
[T+3318161179us][CH1-Dispenser] 01 61
[T+3318235180us][CH2-Pc    ] 02
[T+3318241219us][CH1-Dispenser] 02 92
[T+3318262204us][CH2-Pc    ] 62
[T+3318274180us][CH1-Dispenser] 62 E4 E2 E7 E9 E0 E0
[T+3318340204us][CH2-Pc    ] 03
[T+3318349205us][CH1-Dispenser] 03 63
[T+3318418204us][CH2-Pc    ] 04
[T+3318423179us][CH1-Dispenser] 04 64
[T+3318497180us][CH1-Dispenser] 05
[T+3318497318us][CH2-Pc    ] 05
[T+3318672317us][CH1-Dispenser] 06
[T+3318672181us][CH2-Pc    ] 06
[T+3318835180us][CH2-Pc    ] 01
[T+3318841219us][CH1-Dispenser] 01 61
[T+3318914180us][CH2-Pc    ] 02
[T+3318922758us][CH1-Dispenser] 02 92
[T+3318941180us][CH2-Pc    ] 62
[T+3318953204us][CH1-Dispenser] 62 E7 E5 E7 E9 E0 E0
[T+3319024180us][CH2-Pc    ] 03
[T+3319034180us][CH1-Dispenser] 03 63
[T+3319102180us][CH2-Pc    ] 04
[T+3319108815us][CH1-Dispenser] 04 64
[T+3319180321us][CH1-Dispenser] 05
[T+3319180181us][CH2-Pc    ] 05
[T+3319356181us][CH1-Dispenser] 06
[T+3319356315us][CH2-Pc    ] 06
[T+3319531180us][CH2-Pc    ] 01
[T+3319541181us][CH1-Dispenser] 01 61
[T+3319623180us][CH2-Pc    ] 02
[T+3319631180us][CH1-Dispenser] 02 92
[T+3319651180us][CH2-Pc    ] 62
[T+3319664180us][CH1-Dispenser] 62 E0 E9 E7 E9 E0 E0
[T+3319729180us][CH2-Pc    ] 03
[T+3319739180us][CH1-Dispenser] 03 63
[T+3319807180us][CH2-Pc    ] 04
[T+3319812179us][CH1-Dispenser] 04 64
[T+3319885180us][CH1-Dispenser] 05
[T+3319885313us][CH2-Pc    ] 05
[T+3320060181us][CH1-Dispenser] 06
[T+3320060317us][CH2-Pc    ] 06
[T+3320239180us][CH2-Pc    ] 01
[T+3320248205us][CH1-Dispenser] 01 61
[T+3320317204us][CH2-Pc    ] 02
[T+3320322179us][CH1-Dispenser] 02 92
[T+3320344180us][CH2-Pc    ] 62
[T+3320358180us][CH1-Dispenser] 62 E3 E2 E8 E9 E0 E0
[T+3320422180us][CH2-Pc    ] 03
[T+3320429179us][CH1-Dispenser] 03 63
[T+3320500180us][CH2-Pc    ] 04
[T+3320508187us][CH1-Dispenser] 04 64
[T+3320578315us][CH1-Dispenser] 05
[T+3320578181us][CH2-Pc    ] 05
[T+3320742317us][CH1-Dispenser] 06
[T+3320742181us][CH2-Pc    ] 06
[T+3320917180us][CH2-Pc    ] 01
[T+3320922179us][CH1-Dispenser] 01 61
[T+3320995180us][CH2-Pc    ] 02
[T+3321002180us][CH1-Dispenser] 02 92
[T+3321023208us][CH2-Pc    ] 62
[T+3321038204us][CH1-Dispenser] 62 E5 E4 E8 E9 E0 E0
[T+3321112180us][CH2-Pc    ] 03
[T+3321121317us][CH1-Dispenser] 03 63
[T+3321200180us][CH2-Pc    ] 04
[T+3321209290us][CH1-Dispenser] 04 64
[T+3321278181us][CH1-Dispenser] 05
[T+3321278314us][CH2-Pc    ] 05
[T+3321453182us][CH1-Dispenser] 06
[T+3321453317us][CH2-Pc    ] 06
[T+3321617180us][CH2-Pc    ] 01
[T+3321622179us][CH1-Dispenser] 01 61
[T+3321695180us][CH2-Pc    ] 02
[T+3321703187us][CH1-Dispenser] 02 92
[T+3321722180us][CH2-Pc    ] 62
[T+3321734204us][CH1-Dispenser] 62 E8 E7 E8 E9 E0 E0
[T+3321825180us][CH2-Pc    ] 03
[T+3321832180us][CH1-Dispenser] 03 63
[T+3321903180us][CH2-Pc    ] 04
[T+3321912204us][CH1-Dispenser] 04 64
[T+3321981180us][CH1-Dispenser] 05
[T+3321981315us][CH2-Pc    ] 05
[T+3322167181us][CH1-Dispenser] 06
[T+3322167317us][CH2-Pc    ] 06
[T+3322342180us][CH2-Pc    ] 01
[T+3322347778us][CH1-Dispenser] 01 61
[T+3322420334us][CH2-Pc    ] 02
[T+3322426556us][CH1-Dispenser] 02 92
[T+3322448180us][CH2-Pc    ] 62
[T+3322459888us][CH1-Dispenser] 62 E1 E1 E9 E9 E0 E0
[T+3322527180us][CH2-Pc    ] 03
[T+3322533817us][CH1-Dispenser] 03 63
[T+3322605205us][CH2-Pc    ] 04
[T+3322613180us][CH1-Dispenser] 04 64
[T+3322683180us][CH1-Dispenser] 05
[T+3322683317us][CH2-Pc    ] 05
[T+3322858319us][CH1-Dispenser] 06
[T+3322858181us][CH2-Pc    ] 06
[T+3323022180us][CH2-Pc    ] 01
[T+3323027187us][CH1-Dispenser] 01 61
[T+3323101180us][CH2-Pc    ] 02
[T+3323108820us][CH1-Dispenser] 02 92
[T+3323128180us][CH2-Pc    ] 62
[T+3323143204us][CH1-Dispenser] 62 E4 E4 E9 E9 E0 E0
[T+3323206204us][CH2-Pc    ] 03
[T+3323213180us][CH1-Dispenser] 03 63
[T+3323284180us][CH2-Pc    ] 04
[T+3323294181us][CH1-Dispenser] 04 64
[T+3323363180us][CH1-Dispenser] 05
[T+3323363313us][CH2-Pc    ] 05
[T+3323537317us][CH1-Dispenser] 06
[T+3323537181us][CH2-Pc    ] 06
[T+3323712180us][CH2-Pc    ] 01
[T+3323718203us][CH1-Dispenser] 01 61
[T+3323790204us][CH2-Pc    ] 02
[T+3323797826us][CH1-Dispenser] 02 92
[T+3323823314us][CH1-Dispenser] 62
[T+3323823181us][CH2-Pc    ] 62
[T+3323842180us][CH1-Dispenser] E7 E7 E9 E9 E0 E0
[T+3323913180us][CH2-Pc    ] 03
[T+3323919218us][CH1-Dispenser] 03 63
[T+3323990180us][CH2-Pc    ] 04
[T+3323998181us][CH1-Dispenser] 04 64
[T+3324069314us][CH1-Dispenser] 05
[T+3324069180us][CH2-Pc    ] 05
[T+3324243181us][CH1-Dispenser] 06
[T+3324243317us][CH2-Pc    ] 06
[T+3324419180us][CH2-Pc    ] 01
[T+3324426180us][CH1-Dispenser] 01 61
[T+3324496180us][CH2-Pc    ] 02
[T+3324502855us][CH1-Dispenser] 02 92
[T+3324524180us][CH2-Pc    ] 62
[T+3324538180us][CH1-Dispenser] 62 E0 E0 E0 E0 E1 E0
[T+3324603180us][CH2-Pc    ] 03
[T+3324609203us][CH1-Dispenser] 03 63
[T+3324681204us][CH2-Pc    ] 04
[T+3324690218us][CH1-Dispenser] 04 64
[T+3324760180us][CH1-Dispenser] 05
[T+3324760315us][CH2-Pc    ] 05
[T+3324934316us][CH1-Dispenser] 06
[T+3324934180us][CH2-Pc    ] 06
[T+3325109180us][CH2-Pc    ] 01
[T+3325117181us][CH1-Dispenser] 01 61
[T+3325187180us][CH2-Pc    ] 02
[T+3325193218us][CH1-Dispenser] 02 92
[T+3325214204us][CH2-Pc    ] 62
[T+3325229204us][CH1-Dispenser] 62 E0 E0 E0 E0 E1 E0
[T+3325303180us][CH2-Pc    ] 03
[T+3325310782us][CH1-Dispenser] 03 63
[T+3325381180us][CH2-Pc    ] 04
[T+3325387825us][CH1-Dispenser] 04 64
[T+3325459180us][CH1-Dispenser] 05
[T+3325459317us][CH2-Pc    ] 05
[T+3325634181us][CH1-Dispenser] 06
[T+3325634317us][CH2-Pc    ] 06
[T+3325809180us][CH2-Pc    ] 01
[T+3325817180us][CH1-Dispenser] 01 61
[T+3325887180us][CH2-Pc    ] 02
[T+3325893188us][CH1-Dispenser] 02 92
[T+3325914204us][CH2-Pc    ] 62
[T+3325929204us][CH1-Dispenser] 62 E0 E0 E0 E0 E1 E0
[T+3325992204us][CH2-Pc    ] 03
[T+3325998203us][CH1-Dispenser] 03 63
[T+3326071180us][CH2-Pc    ] 04
[T+3326077855us][CH1-Dispenser] 04 64
[T+3326149180us][CH1-Dispenser] 05
[T+3326149316us][CH2-Pc    ] 05
[T+3326324180us][CH1-Dispenser] 06
[T+3326324314us][CH2-Pc    ] 06
[T+3326498204us][CH2-Pc    ] 01
[T+3326508180us][CH1-Dispenser] 01 61
[T+3326576180us][CH2-Pc    ] 02
[T+3326583181us][CH1-Dispenser] 02 92
[T+3326604205us][CH2-Pc    ] 62
[T+3326620180us][CH1-Dispenser] 62 E0 E0 E0 E0 E1 E0
[T+3326693180us][CH2-Pc    ] 03
[T+3326697179us][CH1-Dispenser] 03 63
[T+3326771180us][CH2-Pc    ] 04
[T+3326781067us][CH1-Dispenser] 04 64
[T+3326849180us][CH1-Dispenser] 05
[T+3326849315us][CH2-Pc    ] 05
[T+3327024181us][CH1-Dispenser] 06
[T+3327024314us][CH2-Pc    ] 06
[T+3327198204us][CH2-Pc    ] 01
[T+3327207215us][CH1-Dispenser] 01 61
[T+3327277180us][CH2-Pc    ] 02
[T+3327281179us][CH1-Dispenser] 02 92
[T+3327305181us][CH2-Pc    ] 62
[T+3327319187us][CH1-Dispenser] 62 E0 E0 E0 E0 E1 E0
[T+3327393180us][CH2-Pc    ] 03
[T+3327398823us][CH1-Dispenser] 03 63
[T+3327471180us][CH2-Pc    ] 04
[T+3327478180us][CH1-Dispenser] 04 64
[T+3327549313us][CH1-Dispenser] 05
[T+3327549180us][CH2-Pc    ] 05
[T+3327735182us][CH1-Dispenser] 06
[T+3327735320us][CH2-Pc    ] 06
[T+3327899180us][CH2-Pc    ] 01
[T+3327907187us][CH1-Dispenser] 01 61
[T+3327977180us][CH2-Pc    ] 02
[T+3327983994us][CH1-Dispenser] 02 92
[T+3328004204us][CH2-Pc    ] 62
[T+3328019204us][CH1-Dispenser] 62 E0 E0 E0 E0 E1 E0
[T+3328093180us][CH2-Pc    ] 03
[T+3328099218us][CH1-Dispenser] 03 63
[T+3328171204us][CH2-Pc    ] 04
[T+3328178179us][CH1-Dispenser] 04 64
[T+3328249180us][CH1-Dispenser] 05
[T+3328249316us][CH2-Pc    ] 05
[T+3328413318us][CH1-Dispenser] 06
[T+3328413181us][CH2-Pc    ] 06
[T+3328588180us][CH2-Pc    ] 01
[T+3328598181us][CH1-Dispenser] 01 61
[T+3328666180us][CH2-Pc    ] 02
[T+3328673180us][CH1-Dispenser] 02 92
[T+3328694204us][CH2-Pc    ] 62
[T+3328708180us][CH1-Dispenser] 62 E0 E0 E0 E0 E1 E0
[T+3328773180us][CH2-Pc    ] 03
[T+3328779233us][CH1-Dispenser] 03 63
[T+3328851204us][CH2-Pc    ] 04
[T+3328860188us][CH1-Dispenser] 04 64
[T+3328931180us][CH1-Dispenser] 05
[T+3328931315us][CH2-Pc    ] 05
[T+3329106180us][CH1-Dispenser] 06
[T+3329106316us][CH2-Pc    ] 06
[T+3329280205us][CH2-Pc    ] 01
[T+3329287221us][CH1-Dispenser] 01 61
[T+3329359204us][CH2-Pc    ] 02
[T+3329368218us][CH1-Dispenser] 02 A2
[T+3329937180us][CH2-Pc    ] 03
[T+3329943204us][CH1-Dispenser] 03 63
[T+3330015205us][CH2-Pc    ] 04
[T+3330025180us][CH1-Dispenser] 04 64
[T+3330093315us][CH1-Dispenser] 05
[T+3330093180us][CH2-Pc    ] 05
[T+3330257181us][CH1-Dispenser] 06
[T+3330257319us][CH2-Pc    ] 06
[T+3330432180us][CH2-Pc    ] 01
[T+3330440180us][CH1-Dispenser] 01 61
[T+3330510180us][CH2-Pc    ] 02
[T+3330519207us][CH1-Dispenser] 02 62
[T+3331088180us][CH2-Pc    ] 03
[T+3331094203us][CH1-Dispenser] 03 63
[T+3331166204us][CH2-Pc    ] 04
[T+3331173806us][CH1-Dispenser] 04 64
[T+3331244314us][CH1-Dispenser] 05
[T+3331244181us][CH2-Pc    ] 05
[T+3331421318us][CH1-Dispenser] 06
[T+3331421182us][CH2-Pc    ] 06
[T+3331585180us][CH2-Pc    ] 01
[T+3331593180us][CH1-Dispenser] 01 61
[T+3331667179us][CH1-Dispenser] 02 62
[T+3331663180us][CH2-Pc    ] 02
[T+3331680312us][CH1-Dispenser] 42
[T+3331680180us][CH2-Pc    ] 42
[T+3331733180us][CH1-Dispenser] FF F1 F8 EB E1 E0 E0 E0 F6 E1 F4 F7 E0 E0 E1 E1 F9 E0 E9 E0 E9 E0 E0 FA E0 E0 E0 E0 E1 E0 FB E7 F0
[T+3331752310us][CH1-Dispenser] 52
[T+3331752180us][CH2-Pc    ] 52
[T+3331880187us][CH1-Dispenser] FF F6 E0 F9 E5 E9 E4 E9 E3 E8 E6 E2 FA E8 E0 E5 E1 E9 E0 E5 E8 F4 E0 E3 E1 E1 F5 E0 E0 E0 E0 F6 E1 F9 E8 E1 E1 E4 E2 E8 E5 E3 FA E6 E6 E0 E1 E3 E6 E4 E8 F4 E0 E0 E1 E1 F5 E0 E0 E0 E0 F6 E2 F9 E6 E7 E8 E9 E5 E4 E9 E9 FA E8 E2 E2 E3 E7 E8 E1 E8 F4 E0 E3 E4 E1 F5 E0 E0 E0 E0 FB EA F0
[T+3331950180us][CH2-Pc    ] 03
[T+3331959851us][CH1-Dispenser] 03 63
[T+3332028205us][CH2-Pc    ] 04
[T+3332033179us][CH1-Dispenser] 04 64
[T+3332096181us][CH1-Dispenser] 05
[T+3332096315us][CH2-Pc    ] 05
[T+3332290320us][CH1-Dispenser] 06
[T+3332290181us][CH2-Pc    ] 06
[T+3332465180us][CH2-Pc    ] 01
[T+3332473180us][CH1-Dispenser] 01 61
[T+3332543180us][CH2-Pc    ] 02
[T+3332547810us][CH1-Dispenser] 02 62
[T+3332560180us][CH1-Dispenser] 42
[T+3332560315us][CH2-Pc    ] 42
[T+3332613180us][CH1-Dispenser] FF F1 F8 EB E1 E0 E0 E0 F6 E1 F4 F7 E0 E0 E1 E1 F9 E0 E9 E0 E9 E0 E0 FA E0 E0 E0 E0 E1 E0 FB E7 F0
[T+3332632314us][CH1-Dispenser] 52
[T+3332632180us][CH2-Pc    ] 52
[T+3332762180us][CH1-Dispenser] FF F6 E0 F9 E5 E9 E4 E9 E3 E8 E6 E2 FA E8 E0 E5 E1 E9 E0 E5 E8 F4 E0 E3 E1 E1 F5 E0 E0 E0 E0 F6 E1 F9 E8 E1 E1 E4 E2 E8 E5 E3 FA E6 E6 E0 E1 E3 E6 E4 E8 F4 E0 E0 E1 E1 F5 E0 E0 E0 E0 F6 E2 F9 E6 E7 E8 E9 E5 E4 E9 E9 FA E8 E2 E2 E3 E7 E8 E1 E8 F4 E0 E3 E4 E1 F5 E0 E0 E0 E0 FB EA F0
[T+3332850315us][CH1-Dispenser] 03
[T+3332850181us][CH2-Pc    ] 03
[T+3332862204us][CH1-Dispenser] 63
[T+3332928204us][CH2-Pc    ] 04
[T+3332934846us][CH1-Dispenser] 04 64
[T+3333006181us][CH1-Dispenser] 05
[T+3333006317us][CH2-Pc    ] 05
[T+3333181181us][CH1-Dispenser] 06
[T+3333181316us][CH2-Pc    ] 06
[T+3333356180us][CH2-Pc    ] 01
[T+3333362219us][CH1-Dispenser] 01 61
[T+3333434204us][CH2-Pc    ] 02
[T+3333443218us][CH1-Dispenser] 02 62
[T+3333512205us][CH2-Pc    ] 03
[T+3333519837us][CH1-Dispenser] 03 63
[T+3333590180us][CH2-Pc    ] 04
[T+3333599205us][CH1-Dispenser] 04 64
[T+3333668180us][CH1-Dispenser] 05
[T+3333668315us][CH2-Pc    ] 05
[T+3333843180us][CH1-Dispenser] 06
[T+3333843316us][CH2-Pc    ] 06
[T+3334007180us][CH2-Pc    ] 01
[T+3334012846us][CH1-Dispenser] 01 61
[T+3334085180us][CH2-Pc    ] 02
[T+3334093180us][CH1-Dispenser] 02 62
[T+3334164180us][CH2-Pc    ] 03
[T+3334170303us][CH1-Dispenser] 03 63
[T+3334242205us][CH2-Pc    ] 04
[T+3334249180us][CH1-Dispenser] 04 64
[T+3334321180us][CH1-Dispenser] 05
[T+3334322179us][CH2-Pc    ] 05
[T+3334496182us][CH1-Dispenser] 06
[T+3334496318us][CH2-Pc    ] 06
[T+3334671180us][CH2-Pc    ] 01
[T+3334677203us][CH1-Dispenser] 01 61
[T+3334750180us][CH2-Pc    ] 02
[T+3334758288us][CH1-Dispenser] 02 62
[T+3334829180us][CH2-Pc    ] 03
[T+3334835225us][CH1-Dispenser] 03 63
[T+3334908180us][CH2-Pc    ] 04
[T+3334916188us][CH1-Dispenser] 04 64
[T+3334982180us][CH1-Dispenser] 05
[T+3334982315us][CH2-Pc    ] 05
[T+3335168315us][CH1-Dispenser] 06
[T+3335168180us][CH2-Pc    ] 06
[T+3335342206us][CH2-Pc    ] 01
[T+3335349180us][CH1-Dispenser] 01 61
[T+3335420302us][CH2-Pc    ] 02
[T+3335427180us][CH1-Dispenser] 02 62
[T+3335499204us][CH2-Pc    ] 03
[T+3335505204us][CH1-Dispenser] 03 63
[T+3335577204us][CH2-Pc    ] 04
[T+3335584180us][CH1-Dispenser] 04 64
[T+3335655180us][CH1-Dispenser] 05
[T+3335655313us][CH2-Pc    ] 05
[T+3335821181us][CH1-Dispenser] 06
[T+3335821317us][CH2-Pc    ] 06
[T+3335997180us][CH2-Pc    ] 01
[T+3336003204us][CH1-Dispenser] 01 61
[T+3336074182us][CH2-Pc    ] 02
[T+3336083218us][CH1-Dispenser] 02 62
[T+3336152204us][CH2-Pc    ] 03
[T+3336159180us][CH1-Dispenser] 03 63
[T+3336231204us][CH2-Pc    ] 04
[T+3336240204us][CH1-Dispenser] 04 64
[T+3336309180us][CH1-Dispenser] 05
[T+3336309315us][CH2-Pc    ] 05
[T+3336475180us][CH1-Dispenser] 06
[T+3336475316us][CH2-Pc    ] 06
[T+3336650181us][CH2-Pc    ] 01
[T+3336658180us][CH1-Dispenser] 01 61
[T+3336727205us][CH2-Pc    ] 02
[T+3336733866us][CH1-Dispenser] 02 62
[T+3336806180us][CH2-Pc    ] 03
[T+3336815205us][CH1-Dispenser] 03 63
[T+3336884463us][CH2-Pc    ] 04
[T+3336889179us][CH1-Dispenser] 04 64
[T+3336962180us][CH1-Dispenser] 05
[T+3336962314us][CH2-Pc    ] 05
[T+3337137315us][CH1-Dispenser] 06
[T+3337137181us][CH2-Pc    ] 06
[T+3337312180us][CH2-Pc    ] 01
[T+3337319836us][CH1-Dispenser] 01 61
[T+3337390180us][CH2-Pc    ] 02
[T+3337398239us][CH1-Dispenser] 02 62
[T+3337468205us][CH2-Pc    ] 03
[T+3337474218us][CH1-Dispenser] 03 63
[T+3337546204us][CH2-Pc    ] 04
[T+3337554180us][CH1-Dispenser] 04 64
[T+3337624316us][CH1-Dispenser] 05
[T+3337624180us][CH2-Pc    ] 05
[T+3337788181us][CH1-Dispenser] 06
[T+3337788316us][CH2-Pc    ] 06
[T+3337963180us][CH2-Pc    ] 01
[T+3337969203us][CH1-Dispenser] 01 61
[T+3338041204us][CH2-Pc    ] 02
[T+3338049187us][CH1-Dispenser] 02 62
[T+3338119180us][CH2-Pc    ] 03
[T+3338125835us][CH1-Dispenser] 03 63
[T+3338197205us][CH2-Pc    ] 04
[T+3338204261us][CH1-Dispenser] 04 64
[T+3338275318us][CH1-Dispenser] 05
[T+3338275182us][CH2-Pc    ] 05
[T+3338450181us][CH1-Dispenser] 06
[T+3338450314us][CH2-Pc    ] 06
[T+3338625180us][CH2-Pc    ] 01
[T+3338634287us][CH1-Dispenser] 01 61
[T+3338703204us][CH2-Pc    ] 02
[T+3338708179us][CH1-Dispenser] 02 62
[T+3338781180us][CH2-Pc    ] 03
[T+3338790185us][CH1-Dispenser] 03 63
[T+3338860180us][CH2-Pc    ] 04
[T+3338864783us][CH1-Dispenser] 04 64
[T+3338927180us][CH1-Dispenser] 05
[T+3338927316us][CH2-Pc    ] 05
[T+3339102180us][CH1-Dispenser] 06
[T+3339102316us][CH2-Pc    ] 06
[T+3339278180us][CH2-Pc    ] 01
[T+3339283179us][CH1-Dispenser] 01 61
[T+3339359180us][CH2-Pc    ] 02
[T+3339368204us][CH1-Dispenser] 02 62
[T+3339448180us][CH2-Pc    ] 03
[T+3339455808us][CH1-Dispenser] 03 63
[T+3339526180us][CH2-Pc    ] 04
[T+3339536180us][CH1-Dispenser] 04 64
[T+3339604313us][CH1-Dispenser] 05
[T+3339604180us][CH2-Pc    ] 05
[T+3339779182us][CH1-Dispenser] 06
[T+3339779318us][CH2-Pc    ] 06
[T+3339943180us][CH2-Pc    ] 01
[T+3339948776us][CH1-Dispenser] 01 61
[T+3340011204us][CH2-Pc    ] 02
[T+3340018180us][CH1-Dispenser] 02 62
[T+3340089180us][CH2-Pc    ] 03
[T+3340094179us][CH1-Dispenser] 03 63
[T+3340167180us][CH2-Pc    ] 04
[T+3340175187us][CH1-Dispenser] 04 64
[T+3340245181us][CH1-Dispenser] 05
[T+3340245315us][CH2-Pc    ] 05
[T+3340418180us][CH1-Dispenser] 06
[T+3340418316us][CH2-Pc    ] 06
[T+3340593180us][CH2-Pc    ] 01
[T+3340598179us][CH1-Dispenser] 01 61
[T+3340671180us][CH2-Pc    ] 02
[T+3340677203us][CH1-Dispenser] 02 62
[T+3340750180us][CH2-Pc    ] 03
[T+3340759213us][CH1-Dispenser] 03 63
[T+3340828204us][CH2-Pc    ] 04
[T+3340835564us][CH1-Dispenser] 04 64
[T+3340906316us][CH1-Dispenser] 05
[T+3340906180us][CH2-Pc    ] 05
[T+3341072181us][CH1-Dispenser] 06
[T+3341072316us][CH2-Pc    ] 06
[T+3341246204us][CH2-Pc    ] 01
[T+3341256180us][CH1-Dispenser] 01 61
[T+3341324180us][CH2-Pc    ] 02
[T+3341333204us][CH1-Dispenser] 02 62
[T+3341403180us][CH2-Pc    ] 03
[T+3341413180us][CH1-Dispenser] 03 63
[T+3341480180us][CH2-Pc    ] 04
[T+3341489220us][CH1-Dispenser] 04 64
[T+3341558180us][CH1-Dispenser] 05
[T+3341559179us][CH2-Pc    ] 05
[T+3341733181us][CH1-Dispenser] 06
[T+3341733317us][CH2-Pc    ] 06
[T+3341897180us][CH2-Pc    ] 01
[T+3341903205us][CH1-Dispenser] 01 61
[T+3341975204us][CH2-Pc    ] 02
[T+3341984187us][CH1-Dispenser] 02 62
[T+3342054180us][CH2-Pc    ] 03
[T+3342060218us][CH1-Dispenser] 03 63
[T+3342132204us][CH2-Pc    ] 04
[T+3342139179us][CH1-Dispenser] 04 64
[T+3342210180us][CH1-Dispenser] 05
[T+3342210314us][CH2-Pc    ] 05
[T+3342385181us][CH1-Dispenser] 06
[T+3342385316us][CH2-Pc    ] 06
[T+3342555179us][CH2-Pc    ] 01
[T+3342564204us][CH1-Dispenser] 01 61
[T+3342634179us][CH2-Pc    ] 02
[T+3342638179us][CH1-Dispenser] 02 62
[T+3342701204us][CH2-Pc    ] 03
[T+3342712179us][CH1-Dispenser] 03 63
[T+3342779179us][CH2-Pc    ] 04
[T+3342784179us][CH1-Dispenser] 04 64
[T+3342857316us][CH1-Dispenser] 05
[T+3342857181us][CH2-Pc    ] 05
[T+3343021180us][CH1-Dispenser] 06
[T+3343021316us][CH2-Pc    ] 06
[T+3343196180us][CH2-Pc    ] 01
[T+3343204187us][CH1-Dispenser] 01 61
[T+3343277180us][CH2-Pc    ] 02
[T+3343283203us][CH1-Dispenser] 02 62
[T+3343355204us][CH2-Pc    ] 03
[T+3343367181us][CH1-Dispenser] 03 63
[T+3343434180us][CH2-Pc    ] 04
[T+3343440218us][CH1-Dispenser] 04 64
[T+3343512180us][CH1-Dispenser] 05
[T+3343512313us][CH2-Pc    ] 05
[T+3343686317us][CH1-Dispenser] 06
[T+3343686181us][CH2-Pc    ] 06
[T+3343851204us][CH2-Pc    ] 01
[T+3343860180us][CH1-Dispenser] 01 61
[T+3343929180us][CH2-Pc    ] 02
[T+3343933179us][CH1-Dispenser] 02 62
[T+3344007180us][CH2-Pc    ] 03
[T+3344015181us][CH1-Dispenser] 03 63
[T+3344089179us][CH1-Dispenser] 04 64
[T+3344085180us][CH2-Pc    ] 04
[T+3344152180us][CH1-Dispenser] 05
[T+3344152314us][CH2-Pc    ] 05
[T+3344327314us][CH1-Dispenser] 06
[T+3344327180us][CH2-Pc    ] 06
[T+3344491180us][CH2-Pc    ] 01
[T+3344501471us][CH1-Dispenser] 01 61
[T+3344569180us][CH2-Pc    ] 02
[T+3344573179us][CH1-Dispenser] 02 62
[T+3344637180us][CH2-Pc    ] 03
[T+3344644180us][CH1-Dispenser] 03 63
[T+3344715180us][CH2-Pc    ] 04
[T+3344720791us][CH1-Dispenser] 04 64
[T+3344793314us][CH1-Dispenser] 05
[T+3344793180us][CH2-Pc    ] 05
[T+3344968317us][CH1-Dispenser] 06
[T+3344968181us][CH2-Pc    ] 06
[T+3345132180us][CH2-Pc    ] 01
[T+3345139181us][CH1-Dispenser] 01 61
[T+3345210180us][CH2-Pc    ] 02
[T+3345220523us][CH1-Dispenser] 02 62
[T+3345288180us][CH2-Pc    ] 03
[T+3345294204us][CH1-Dispenser] 03 63
[T+3345366204us][CH2-Pc    ] 04
[T+3345374180us][CH1-Dispenser] 04 64
[T+3345444317us][CH1-Dispenser] 05
[T+3345444181us][CH2-Pc    ] 05
[T+3345623319us][CH1-Dispenser] 06
[T+3345623181us][CH2-Pc    ] 06
[T+3345787180us][CH2-Pc    ] 01
[T+3345795799us][CH1-Dispenser] 01 61
[T+3345865316us][CH1-Dispenser] 02
[T+3345865180us][CH2-Pc    ] 02
[T+3345878180us][CH1-Dispenser] 62
[T+3345946180us][CH2-Pc    ] 03
[T+3345954180us][CH1-Dispenser] 03 63
[T+3346024180us][CH2-Pc    ] 04
[T+3346030188us][CH1-Dispenser] 04 64
[T+3346102180us][CH1-Dispenser] 05
[T+3346103180us][CH2-Pc    ] 05
[T+3346277181us][CH1-Dispenser] 06
[T+3346277317us][CH2-Pc    ] 06
[T+3346452180us][CH2-Pc    ] 01
[T+3346461218us][CH1-Dispenser] 01 61
[T+3346530315us][CH1-Dispenser] 02
[T+3346530180us][CH2-Pc    ] 02
[T+3346543180us][CH1-Dispenser] 62
[T+3346608180us][CH2-Pc    ] 03
[T+3346615179us][CH1-Dispenser] 03 63
[T+3346686180us][CH2-Pc    ] 04
[T+3346694187us][CH1-Dispenser] 04 64
[T+3346764181us][CH1-Dispenser] 05
[T+3346764314us][CH2-Pc    ] 05
[T+3346929185us][CH1-Dispenser] 06
[T+3346929322us][CH2-Pc    ] 06
[T+3347103205us][CH2-Pc    ] 01
[T+3347110180us][CH1-Dispenser] 01 61
[T+3347185204us][CH2-Pc    ] 02
[T+3347193180us][CH1-Dispenser] 02 62
[T+3347263180us][CH2-Pc    ] 03
[T+3347269219us][CH1-Dispenser] 03 63
[T+3347342180us][CH2-Pc    ] 04
[T+3347350829us][CH1-Dispenser] 04 64
[T+3347421523us][CH1-Dispenser] 05
[T+3347421671us][CH2-Pc    ] 05
[T+3347584181us][CH1-Dispenser] 06
[T+3347584315us][CH2-Pc    ] 06
[T+3347759180us][CH2-Pc    ] 01
[T+3347764179us][CH1-Dispenser] 01 61
[T+3347837180us][CH2-Pc    ] 02
[T+3347843204us][CH1-Dispenser] 02 62
[T+3347915206us][CH2-Pc    ] 03
[T+3347920179us][CH1-Dispenser] 03 63
[T+3347993180us][CH2-Pc    ] 04
[T+3347999826us][CH1-Dispenser] 04 64
[T+3348071180us][CH1-Dispenser] 05
[T+3348071315us][CH2-Pc    ] 05
[T+3348246318us][CH1-Dispenser] 06
[T+3348246181us][CH2-Pc    ] 06
[T+3348421347us][CH2-Pc    ] 01
[T+3348429181us][CH1-Dispenser] 01 61
[T+3348492204us][CH2-Pc    ] 02
[T+3348501209us][CH1-Dispenser] 02 62
[T+3348570204us][CH2-Pc    ] 03
[T+3348576756us][CH1-Dispenser] 03 63
[T+3348657204us][CH2-Pc    ] 04
[T+3348664180us][CH1-Dispenser] 04 64
[T+3348735180us][CH1-Dispenser] 05
[T+3348735313us][CH2-Pc    ] 05
[T+3348922326us][CH1-Dispenser] 06
[T+3348922188us][CH2-Pc    ] 06
[T+3349085180us][CH2-Pc    ] 01
[T+3349094219us][CH1-Dispenser] 01 61
[T+3349163205us][CH2-Pc    ] 02
[T+3349168179us][CH1-Dispenser] 02 62
[T+3349243204us][CH2-Pc    ] 03
[T+3349249219us][CH1-Dispenser] 03 63
[T+3349321204us][CH2-Pc    ] 04
[T+3349331180us][CH1-Dispenser] 04 64
[T+3349399314us][CH1-Dispenser] 05
[T+3349399180us][CH2-Pc    ] 05
[T+3349574180us][CH1-Dispenser] 06
[T+3349574316us][CH2-Pc    ] 06
[T+3349749180us][CH2-Pc    ] 01
[T+3349753179us][CH1-Dispenser] 01 61
[T+3349827180us][CH2-Pc    ] 02
[T+3349835221us][CH1-Dispenser] 02 62
[T+3349905180us][CH2-Pc    ] 03
[T+3349913181us][CH1-Dispenser] 03 63
[T+3349983180us][CH2-Pc    ] 04
[T+3349992218us][CH1-Dispenser] 04 64
[T+3350062316us][CH1-Dispenser] 05
[T+3350062181us][CH2-Pc    ] 05
[T+3350225181us][CH1-Dispenser] 06
[T+3350225317us][CH2-Pc    ] 06
[T+3350400180us][CH2-Pc    ] 01
[T+3350411181us][CH1-Dispenser] 01 61
[T+3350478180us][CH2-Pc    ] 02
[T+3350483179us][CH1-Dispenser] 02 62
[T+3350556180us][CH2-Pc    ] 03
[T+3350567180us][CH1-Dispenser] 03 63
[T+3350634180us][CH2-Pc    ] 04
[T+3350640219us][CH1-Dispenser] 04 64
[T+3350713180us][CH1-Dispenser] 05
[T+3350713316us][CH2-Pc    ] 05
[T+3350888179us][CH1-Dispenser] 06
[T+3350887180us][CH2-Pc    ] 06
[T+3351062204us][CH2-Pc    ] 01
[T+3351069180us][CH1-Dispenser] 01 61
[T+3351141204us][CH2-Pc    ] 02
[T+3351148826us][CH1-Dispenser] 02 62
[T+3351219180us][CH2-Pc    ] 03
[T+3351226180us][CH1-Dispenser] 03 63
[T+3351304204us][CH2-Pc    ] 04
[T+3351311179us][CH1-Dispenser] 04 64
[T+3351382180us][CH1-Dispenser] 05
[T+3351382314us][CH2-Pc    ] 05
[T+3351556180us][CH1-Dispenser] 06
[T+3351556316us][CH2-Pc    ] 06
[T+3351732180us][CH2-Pc    ] 01
[T+3351739180us][CH1-Dispenser] 01 61
[T+3351810180us][CH2-Pc    ] 02
[T+3351818182us][CH1-Dispenser] 02 62
[T+3351889180us][CH2-Pc    ] 03
[T+3351898218us][CH1-Dispenser] 03 63
[T+3351966180us][CH2-Pc    ] 04
[T+3351976180us][CH1-Dispenser] 04 64
[T+3352045314us][CH1-Dispenser] 05
[T+3352045181us][CH2-Pc    ] 05
[T+3352209180us][CH1-Dispenser] 06
[T+3352209316us][CH2-Pc    ] 06
[T+3352384180us][CH2-Pc    ] 01
[T+3352390872us][CH1-Dispenser] 01 61
[T+3352462180us][CH2-Pc    ] 02
[T+3352469731us][CH1-Dispenser] 02 62
[T+3352540180us][CH2-Pc    ] 03
[T+3352545187us][CH1-Dispenser] 03 63
[T+3352618180us][CH2-Pc    ] 04
[T+3352626794us][CH1-Dispenser] 04 64
[T+3352696181us][CH1-Dispenser] 05
[T+3352696318us][CH2-Pc    ] 05
[T+3352871314us][CH1-Dispenser] 06
[T+3352871180us][CH2-Pc    ] 06
[T+3353040180us][CH2-Pc    ] 01
[T+3353049257us][CH1-Dispenser] 01 61
[T+3353118204us][CH2-Pc    ] 02
[T+3353125181us][CH1-Dispenser] 02 62
[T+3353196180us][CH2-Pc    ] 03
[T+3353205209us][CH1-Dispenser] 03 63
[T+3353274205us][CH2-Pc    ] 04
[T+3353280308us][CH1-Dispenser] 04 64
[T+3353352316us][CH1-Dispenser] 05
[T+3353352180us][CH2-Pc    ] 05
[T+3353527316us][CH1-Dispenser] 06
[T+3353527181us][CH2-Pc    ] 06
[T+3353702180us][CH2-Pc    ] 01
[T+3353708203us][CH1-Dispenser] 01 61
[T+3353780205us][CH2-Pc    ] 02
[T+3353790577us][CH1-Dispenser] 02 62
[T+3353858180us][CH2-Pc    ] 03
[T+3353868181us][CH1-Dispenser] 03 63
[T+3353936180us][CH2-Pc    ] 04
[T+3353945205us][CH1-Dispenser] 04 64
[T+3354014180us][CH1-Dispenser] 05
[T+3354014314us][CH2-Pc    ] 05
[T+3354178180us][CH1-Dispenser] 06
[T+3354179181us][CH2-Pc    ] 06
[T+3354353180us][CH2-Pc    ] 01
[T+3354359218us][CH1-Dispenser] 01 61
[T+3354437204us][CH2-Pc    ] 02
[T+3354444813us][CH1-Dispenser] 02 62
[T+3354515180us][CH2-Pc    ] 03
[T+3354520179us][CH1-Dispenser] 03 63
[T+3354593180us][CH2-Pc    ] 04
[T+3354601180us][CH1-Dispenser] 04 64
[T+3354667315us][CH1-Dispenser] 05
[T+3354667180us][CH2-Pc    ] 05
[T+3354842316us][CH1-Dispenser] 06
[T+3354842180us][CH2-Pc    ] 06
[T+3355005180us][CH2-Pc    ] 01
[T+3355017207us][CH1-Dispenser] 01 61
[T+3355084180us][CH2-Pc    ] 02
[T+3355089179us][CH1-Dispenser] 02 62
[T+3355162180us][CH2-Pc    ] 03
[T+3355171303us][CH1-Dispenser] 03 63
[T+3355240204us][CH2-Pc    ] 04
[T+3355244179us][CH1-Dispenser] 04 64
[T+3355307180us][CH1-Dispenser] 05
[T+3355307315us][CH2-Pc    ] 05
[T+3355482180us][CH1-Dispenser] 06
[T+3355482317us][CH2-Pc    ] 06
[T+3355646180us][CH2-Pc    ] 01
[T+3355655231us][CH1-Dispenser] 01 61
[T+3355724204us][CH2-Pc    ] 02
[T+3355730219us][CH1-Dispenser] 02 62
[T+3355802204us][CH2-Pc    ] 03
[T+3355810791us][CH1-Dispenser] 03 63
[T+3355880180us][CH2-Pc    ] 04
[T+3355886204us][CH1-Dispenser] 04 64
[T+3355959182us][CH1-Dispenser] 05
[T+3355959317us][CH2-Pc    ] 05
[T+3356137317us][CH1-Dispenser] 06
[T+3356137180us][CH2-Pc    ] 06
[T+3356312180us][CH2-Pc    ] 01
[T+3356319834us][CH1-Dispenser] 01 61
[T+3356390315us][CH1-Dispenser] 02
[T+3356390182us][CH2-Pc    ] 02
[T+3356402204us][CH1-Dispenser] 62
[T+3356469180us][CH2-Pc    ] 03
[T+3356475218us][CH1-Dispenser] 03 63
[T+3356546180us][CH2-Pc    ] 04
[T+3356558205us][CH1-Dispenser] 04 64
[T+3356625180us][CH1-Dispenser] 05
[T+3356625313us][CH2-Pc    ] 05
[T+3356789181us][CH1-Dispenser] 06
[T+3356789319us][CH2-Pc    ] 06
[T+3356964180us][CH2-Pc    ] 01
[T+3356970203us][CH1-Dispenser] 01 61
[T+3357042180us][CH2-Pc    ] 02
[T+3357049798us][CH1-Dispenser] 02 62
[T+3357120180us][CH2-Pc    ] 03
[T+3357125179us][CH1-Dispenser] 03 63
[T+3357198180us][CH2-Pc    ] 04
[T+3357206180us][CH1-Dispenser] 04 64
[T+3357276315us][CH1-Dispenser] 05
[T+3357276180us][CH2-Pc    ] 05
[T+3357451181us][CH1-Dispenser] 06
[T+3357451312us][CH2-Pc    ] 06
[T+3357618180us][CH2-Pc    ] 01
[T+3357624204us][CH1-Dispenser] 01 61
[T+3357696205us][CH2-Pc    ] 02
[T+3357705185us][CH1-Dispenser] 02 62
[T+3357774204us][CH2-Pc    ] 03
[T+3357781311us][CH1-Dispenser] 03 63
[T+3357852180us][CH2-Pc    ] 04
[T+3357861216us][CH1-Dispenser] 04 64
[T+3357930180us][CH1-Dispenser] 05
[T+3357930314us][CH2-Pc    ] 05
[T+3358105180us][CH1-Dispenser] 06
[T+3358105315us][CH2-Pc    ] 06
[T+3358280180us][CH2-Pc    ] 01
[T+3358285179us][CH1-Dispenser] 01 61
[T+3358358180us][CH2-Pc    ] 02
[T+3358365179us][CH1-Dispenser] 02 62
[T+3358436180us][CH2-Pc    ] 03
[T+3358446180us][CH1-Dispenser] 03 63
[T+3358514180us][CH2-Pc    ] 04
[T+3358524254us][CH1-Dispenser] 04 64
[T+3358592180us][CH1-Dispenser] 05
[T+3358592314us][CH2-Pc    ] 05
[T+3358756315us][CH1-Dispenser] 06
[T+3358756181us][CH2-Pc    ] 06
[T+3358933180us][CH2-Pc    ] 01
[T+3358943177us][CH1-Dispenser] 01 61
[T+3359009204us][CH2-Pc    ] 02
[T+3359013183us][CH1-Dispenser] 02 62
[T+3359077180us][CH2-Pc    ] 03
[T+3359086220us][CH1-Dispenser] 03 63
[T+3359157181us][CH2-Pc    ] 04
[T+3359167882us][CH1-Dispenser] 04 64
[T+3359235315us][CH1-Dispenser] 05
[T+3359235181us][CH2-Pc    ] 05
[T+3359421180us][CH1-Dispenser] 06
[T+3359421318us][CH2-Pc    ] 06
[T+3359585180us][CH2-Pc    ] 01
[T+3359590836us][CH1-Dispenser] 01 61
[T+3359663180us][CH2-Pc    ] 02
[T+3359669717us][CH1-Dispenser] 02 62
[T+3359741204us][CH2-Pc    ] 03
[T+3359747203us][CH1-Dispenser] 03 63
[T+3359819205us][CH2-Pc    ] 04
[T+3359828219us][CH1-Dispenser] 04 64
[T+3359897313us][CH1-Dispenser] 05
[T+3359897180us][CH2-Pc    ] 05
[T+3360072180us][CH1-Dispenser] 06
[T+3360072316us][CH2-Pc    ] 06
[T+3360247180us][CH2-Pc    ] 01
[T+3360255840us][CH1-Dispenser] 01 61
[T+3360325180us][CH2-Pc    ] 02
[T+3360330789us][CH1-Dispenser] 02 62
[T+3360403180us][CH1-Dispenser] 03
[T+3360403315us][CH2-Pc    ] 03
[T+3360416180us][CH1-Dispenser] 63
[T+3360481180us][CH2-Pc    ] 04
[T+3360486187us][CH1-Dispenser] 04 64
[T+3360559314us][CH1-Dispenser] 05
[T+3360559180us][CH2-Pc    ] 05
[T+3360734180us][CH1-Dispenser] 06
[T+3360734315us][CH2-Pc    ] 06
[T+3360898180us][CH2-Pc    ] 01
[T+3360905179us][CH1-Dispenser] 01 61
[T+3360976180us][CH2-Pc    ] 02
[T+3360984188us][CH1-Dispenser] 02 62
[T+3361054180us][CH2-Pc    ] 03
[T+3361063622us][CH1-Dispenser] 03 63
[T+3361132204us][CH2-Pc    ] 04
[T+3361142180us][CH1-Dispenser] 04 64
[T+3361210180us][CH1-Dispenser] 05
[T+3361210320us][CH2-Pc    ] 05
[T+3361389180us][CH1-Dispenser] 06
[T+3361389316us][CH2-Pc    ] 06
[T+3361554204us][CH2-Pc    ] 01
[T+3361559841us][CH1-Dispenser] 01 61
[T+3361633180us][CH2-Pc    ] 02
[T+3361642218us][CH1-Dispenser] 02 62
[T+3361711180us][CH2-Pc    ] 03
[T+3361718829us][CH1-Dispenser] 03 63
[T+3361789180us][CH2-Pc    ] 04
[T+3361796180us][CH1-Dispenser] 04 64
[T+3361867314us][CH1-Dispenser] 05
[T+3361867180us][CH2-Pc    ] 05
[T+3362041180us][CH1-Dispenser] 06
[T+3362042179us][CH2-Pc    ] 06
[T+3362216180us][CH2-Pc    ] 01
[T+3362224180us][CH1-Dispenser] 01 61
[T+3362294180us][CH2-Pc    ] 02
[T+3362300218us][CH1-Dispenser] 02 62
[T+3362373180us][CH2-Pc    ] 03
[T+3362381188us][CH1-Dispenser] 03 63
[T+3362451180us][CH2-Pc    ] 04
[T+3362455179us][CH1-Dispenser] 04 64
[T+3362529180us][CH1-Dispenser] 05
[T+3362529316us][CH2-Pc    ] 05
[T+3362700183us][CH1-Dispenser] 06
[T+3362700324us][CH2-Pc    ] 06
[T+3362876180us][CH2-Pc    ] 01
[T+3362885218us][CH1-Dispenser] 01 61
[T+3362955180us][CH2-Pc    ] 02
[T+3362961849us][CH1-Dispenser] 02 62
[T+3363033205us][CH2-Pc    ] 03
[T+3363041185us][CH1-Dispenser] 03 63
[T+3363111180us][CH2-Pc    ] 04
[T+3363115825us][CH1-Dispenser] 04 64
[T+3363178180us][CH1-Dispenser] 05
[T+3363178316us][CH2-Pc    ] 05
[T+3363357181us][CH1-Dispenser] 06
[T+3363357315us][CH2-Pc    ] 06
[T+3363521180us][CH2-Pc    ] 01
[T+3363531180us][CH1-Dispenser] 01 61
[T+3363599180us][CH2-Pc    ] 02
[T+3363606181us][CH1-Dispenser] 02 62
[T+3363677180us][CH2-Pc    ] 03
[T+3363688183us][CH1-Dispenser] 03 63
[T+3363755180us][CH2-Pc    ] 04
[T+3363760179us][CH1-Dispenser] 04 64
[T+3363823183us][CH1-Dispenser] 05
[T+3363823319us][CH2-Pc    ] 05
[T+3363998316us][CH1-Dispenser] 06
[T+3363998181us][CH2-Pc    ] 06
[T+3364161180us][CH2-Pc    ] 01
[T+3364170204us][CH1-Dispenser] 01 61
[T+3364240180us][CH2-Pc    ] 02
[T+3364246204us][CH1-Dispenser] 02 62
[T+3364318204us][CH2-Pc    ] 03
[T+3364327206us][CH1-Dispenser] 03 63
[T+3364396204us][CH2-Pc    ] 04
[T+3364403180us][CH1-Dispenser] 04 64
[T+3364474180us][CH1-Dispenser] 05
[T+3364474315us][CH2-Pc    ] 05
[T+3364649334us][CH1-Dispenser] 06
[T+3364649473us][CH2-Pc    ] 06
[T+3364824180us][CH2-Pc    ] 01
[T+3364830218us][CH1-Dispenser] 01 61
[T+3364902204us][CH2-Pc    ] 02
[T+3364911205us][CH1-Dispenser] 02 62
[T+3364980205us][CH2-Pc    ] 03
[T+3364987179us][CH1-Dispenser] 03 63
[T+3365058180us][CH2-Pc    ] 04
[T+3365066187us][CH1-Dispenser] 04 64
[T+3365136181us][CH1-Dispenser] 05
[T+3365136315us][CH2-Pc    ] 05
[T+3365311180us][CH1-Dispenser] 06
[T+3365311316us][CH2-Pc    ] 06
[T+3365475180us][CH2-Pc    ] 01
[T+3365480179us][CH1-Dispenser] 01 61
[T+3365553180us][CH2-Pc    ] 02
[T+3365563181us][CH1-Dispenser] 02 62
[T+3365631180us][CH2-Pc    ] 03
[T+3365636187us][CH1-Dispenser] 03 63
[T+3365699204us][CH2-Pc    ] 04
[T+3365708218us][CH1-Dispenser] 04 64
[T+3365777180us][CH1-Dispenser] 05
[T+3365777314us][CH2-Pc    ] 05
[T+3365952180us][CH1-Dispenser] 06
[T+3365952312us][CH2-Pc    ] 06
[T+3366116180us][CH2-Pc    ] 01
[T+3366120831us][CH1-Dispenser] 01 61
[T+3366183205us][CH2-Pc    ] 02
[T+3366190181us][CH1-Dispenser] 02 62
[T+3366261180us][CH2-Pc    ] 03
[T+3366266179us][CH1-Dispenser] 03 63
[T+3366339180us][CH2-Pc    ] 04
[T+3366347838us][CH1-Dispenser] 04 64
[T+3366417315us][CH1-Dispenser] 05
[T+3366417181us][CH2-Pc    ] 05
[T+3366585315us][CH1-Dispenser] 06
[T+3366585181us][CH2-Pc    ] 06
[T+3366760180us][CH2-Pc    ] 01
[T+3366765187us][CH1-Dispenser] 01 61
[T+3366838180us][CH2-Pc    ] 02
[T+3366844203us][CH1-Dispenser] 02 62
[T+3366916204us][CH2-Pc    ] 03
[T+3366922373us][CH1-Dispenser] 03 63
[T+3366994204us][CH2-Pc    ] 04
[T+3367003180us][CH1-Dispenser] 04 64
[T+3367073316us][CH1-Dispenser] 05
[T+3367073180us][CH2-Pc    ] 05
[T+3367247316us][CH1-Dispenser] 06
[T+3367247181us][CH2-Pc    ] 06
[T+3367414181us][CH2-Pc    ] 01
[T+3367419180us][CH1-Dispenser] 01 61
[T+3367492180us][CH2-Pc    ] 02
[T+3367500240us][CH1-Dispenser] 02 62
[T+3367570180us][CH2-Pc    ] 03
[T+3367576219us][CH1-Dispenser] 03 63
[T+3367648205us][CH2-Pc    ] 04
[T+3367657204us][CH1-Dispenser] 04 64
[T+3367726181us][CH1-Dispenser] 05
[T+3367726313us][CH2-Pc    ] 05
[T+3367901181us][CH1-Dispenser] 06
[T+3367901316us][CH2-Pc    ] 06
[T+3368076180us][CH2-Pc    ] 01
[T+3368080179us][CH1-Dispenser] 01 61
[T+3368154180us][CH2-Pc    ] 02
[T+3368159179us][CH1-Dispenser] 02 62
[T+3368232180us][CH2-Pc    ] 03
[T+3368241212us][CH1-Dispenser] 03 63
[T+3368310204us][CH2-Pc    ] 04
[T+3368317180us][CH1-Dispenser] 04 64
[T+3368388310us][CH1-Dispenser] 05
[T+3368388180us][CH2-Pc    ] 05
[T+3368552315us][CH1-Dispenser] 06
[T+3368552181us][CH2-Pc    ] 06
[T+3368727180us][CH2-Pc    ] 01
[T+3368736205us][CH1-Dispenser] 01 61
[T+3368805204us][CH2-Pc    ] 02
[T+3368810179us][CH1-Dispenser] 02 62
[T+3368883180us][CH2-Pc    ] 03
[T+3368892272us][CH1-Dispenser] 03 63
[T+3368961205us][CH2-Pc    ] 04
[T+3368965179us][CH1-Dispenser] 04 64
[T+3369029180us][CH1-Dispenser] 05
[T+3369029317us][CH2-Pc    ] 05
[T+3369193315us][CH1-Dispenser] 06
[T+3369193180us][CH2-Pc    ] 06
[T+3369367205us][CH2-Pc    ] 01
[T+3369376180us][CH1-Dispenser] 01 61
[T+3369446180us][CH2-Pc    ] 02
[T+3369450795us][CH1-Dispenser] 02 62
[T+3369513204us][CH2-Pc    ] 03
[T+3369521181us][CH1-Dispenser] 03 63
[T+3369591180us][CH2-Pc    ] 04
[T+3369596179us][CH1-Dispenser] 04 64
[T+3369669181us][CH1-Dispenser] 05
[T+3369669317us][CH2-Pc    ] 05
[T+3369833180us][CH1-Dispenser] 06
[T+3369833317us][CH2-Pc    ] 06
[T+3370008180us][CH2-Pc    ] 01
[T+3370016181us][CH1-Dispenser] 01 61
[T+3370091204us][CH2-Pc    ] 02
[T+3370096179us][CH1-Dispenser] 02 62
[T+3370168204us][CH2-Pc    ] 03
[T+3370176183us][CH1-Dispenser] 03 63
[T+3370246180us][CH2-Pc    ] 04
[T+3370252203us][CH1-Dispenser] 04 64
[T+3370325315us][CH1-Dispenser] 05
[T+3370325181us][CH2-Pc    ] 05
[T+3370500180us][CH1-Dispenser] 06
[T+3370500315us][CH2-Pc    ] 06
[T+3370663180us][CH2-Pc    ] 01
[T+3370669203us][CH1-Dispenser] 01 61
[T+3370742180us][CH2-Pc    ] 02
[T+3370751181us][CH1-Dispenser] 02 62
[T+3370820205us][CH2-Pc    ] 03
[T+3370827180us][CH1-Dispenser] 03 63
[T+3370898180us][CH2-Pc    ] 04
[T+3370908180us][CH1-Dispenser] 04 64
[T+3370976314us][CH1-Dispenser] 05
[T+3370976180us][CH2-Pc    ] 05
[T+3371155314us][CH1-Dispenser] 06
[T+3371155181us][CH2-Pc    ] 06
[T+3371319180us][CH2-Pc    ] 01
[T+3371326180us][CH1-Dispenser] 01 61
[T+3371393180us][CH2-Pc    ] 02
[T+3371399204us][CH1-Dispenser] 02 62
[T+3371471204us][CH2-Pc    ] 03
[T+3371479408us][CH1-Dispenser] 03 63
[T+3371579180us][CH2-Pc    ] 04
[T+3371587180us][CH1-Dispenser] 04 64
[T+3371657180us][CH1-Dispenser] 05
[T+3371658179us][CH2-Pc    ] 05
[T+3371843180us][CH1-Dispenser] 06
[T+3371843316us][CH2-Pc    ] 06
[T+3372007180us][CH2-Pc    ] 01
[T+3372016214us][CH1-Dispenser] 01 61
[T+3372085204us][CH2-Pc    ] 02
[T+3372091219us][CH1-Dispenser] 02 62
[T+3372163204us][CH2-Pc    ] 03
[T+3372171832us][CH1-Dispenser] 03 63
[T+3372241180us][CH2-Pc    ] 04
[T+3372246179us][CH1-Dispenser] 04 64
[T+3372320180us][CH1-Dispenser] 05
[T+3372320314us][CH2-Pc    ] 05
[T+3372495180us][CH1-Dispenser] 06
[T+3372495314us][CH2-Pc    ] 06
[T+3372661316us][CH1-Dispenser] 01
[T+3372661180us][CH2-Pc    ] 01
[T+3372673274us][CH1-Dispenser] 61
[T+3372740180us][CH2-Pc    ] 02
[T+3372745187us][CH1-Dispenser] 02 62
[T+3372818180us][CH2-Pc    ] 03
[T+3372827219us][CH1-Dispenser] 03 63
[T+3372896204us][CH2-Pc    ] 04
[T+3372902203us][CH1-Dispenser] 04 64
[T+3372974180us][CH1-Dispenser] 05
[T+3372974317us][CH2-Pc    ] 05
[T+3373149180us][CH1-Dispenser] 06
[T+3373149317us][CH2-Pc    ] 06
[T+3373324180us][CH2-Pc    ] 01
[T+3373333180us][CH1-Dispenser] 01 61
[T+3373402204us][CH2-Pc    ] 02
[T+3373410761us][CH1-Dispenser] 02 62
[T+3373480180us][CH2-Pc    ] 03
[T+3373486218us][CH1-Dispenser] 03 63
[T+3373558205us][CH2-Pc    ] 04
[T+3373567219us][CH1-Dispenser] 04 64
[T+3373636180us][CH1-Dispenser] 05
[T+3373636315us][CH2-Pc    ] 05
[T+3373811181us][CH1-Dispenser] 06
[T+3373811316us][CH2-Pc    ] 06
[T+3373975180us][CH2-Pc    ] 01
[T+3373983823us][CH1-Dispenser] 01 61
[T+3374062180us][CH2-Pc    ] 02
[T+3374070843us][CH1-Dispenser] 02 62
[T+3374140205us][CH2-Pc    ] 03
[T+3374148188us][CH1-Dispenser] 03 63
[T+3374218180us][CH2-Pc    ] 04
[T+3374229180us][CH1-Dispenser] 04 64
[T+3374296181us][CH1-Dispenser] 05
[T+3374296314us][CH2-Pc    ] 05
[T+3374460315us][CH1-Dispenser] 06
[T+3374460180us][CH2-Pc    ] 06
[T+3374635180us][CH2-Pc    ] 01
[T+3374641219us][CH1-Dispenser] 01 61
[T+3374713206us][CH2-Pc    ] 02
[T+3374720180us][CH1-Dispenser] 02 62
[T+3374791180us][CH2-Pc    ] 03
[T+3374796179us][CH1-Dispenser] 03 63
[T+3374869180us][CH2-Pc    ] 04
[T+3374877187us][CH1-Dispenser] 04 64
[T+3374947315us][CH1-Dispenser] 05
[T+3374947181us][CH2-Pc    ] 05
[T+3375122315us][CH1-Dispenser] 06
[T+3375122180us][CH2-Pc    ] 06
[T+3375287206us][CH2-Pc    ] 01
[T+3375295236us][CH1-Dispenser] 01 61
[T+3375366180us][CH2-Pc    ] 02
[T+3375376180us][CH1-Dispenser] 02 62
[T+3375444180us][CH2-Pc    ] 03
[T+3375452812us][CH1-Dispenser] 03 63
[T+3375523180us][CH2-Pc    ] 04
[T+3375533180us][CH1-Dispenser] 04 64
[T+3375601183us][CH1-Dispenser] 05
[T+3375601321us][CH2-Pc    ] 05
[T+3375776318us][CH1-Dispenser] 06
[T+3375776182us][CH2-Pc    ] 06
[T+3375950180us][CH2-Pc    ] 01
[T+3375956218us][CH1-Dispenser] 01 61
[T+3376029180us][CH2-Pc    ] 02
[T+3376037823us][CH1-Dispenser] 02 62
[T+3376107180us][CH2-Pc    ] 03
[T+3376112182us][CH1-Dispenser] 03 63
[T+3376185180us][CH2-Pc    ] 04
[T+3376191838us][CH1-Dispenser] 04 64
[T+3376263181us][CH1-Dispenser] 05
[T+3376263316us][CH2-Pc    ] 05
[T+3376427320us][CH1-Dispenser] 06
[T+3376427181us][CH2-Pc    ] 06
[T+3376602180us][CH2-Pc    ] 01
[T+3376610180us][CH1-Dispenser] 01 61
[T+3376680180us][CH2-Pc    ] 02
[T+3376686219us][CH1-Dispenser] 02 62
[T+3376758204us][CH2-Pc    ] 03
[T+3376767219us][CH1-Dispenser] 03 63
[T+3376836204us][CH2-Pc    ] 04
[T+3376841179us][CH1-Dispenser] 04 64
[T+3376915180us][CH1-Dispenser] 05
[T+3376915317us][CH2-Pc    ] 05
[T+3377083181us][CH1-Dispenser] 06
[T+3377083316us][CH2-Pc    ] 06
[T+3377258180us][CH2-Pc    ] 01
[T+3377266851us][CH1-Dispenser] 01 61
[T+3377336180us][CH2-Pc    ] 02
[T+3377340180us][CH1-Dispenser] 02 62
[T+3377404180us][CH2-Pc    ] 03
[T+3377414181us][CH1-Dispenser] 03 63
[T+3377482180us][CH2-Pc    ] 04
[T+3377486837us][CH1-Dispenser] 04 64
[T+3377560181us][CH1-Dispenser] 05
[T+3377560315us][CH2-Pc    ] 05
[T+3377724317us][CH1-Dispenser] 06
[T+3377724181us][CH2-Pc    ] 06
[T+3377899180us][CH2-Pc    ] 01
[T+3377908218us][CH1-Dispenser] 01 61
[T+3377977206us][CH2-Pc    ] 02
[T+3377987180us][CH1-Dispenser] 02 62
[T+3378055180us][CH2-Pc    ] 03
[T+3378061879us][CH1-Dispenser] 03 63
[T+3378133180us][CH2-Pc    ] 04
[T+3378142211us][CH1-Dispenser] 04 64
[T+3378211180us][CH1-Dispenser] 05
[T+3378211315us][CH2-Pc    ] 05
[T+3378387180us][CH1-Dispenser] 06
[T+3378387315us][CH2-Pc    ] 06
[T+3378554180us][CH2-Pc    ] 01
[T+3378564181us][CH1-Dispenser] 01 61
[T+3378632180us][CH2-Pc    ] 02
[T+3378641204us][CH1-Dispenser] 02 62
[T+3378710204us][CH2-Pc    ] 03
[T+3378717179us][CH1-Dispenser] 03 63
[T+3378788180us][CH2-Pc    ] 04
[T+3378796187us][CH1-Dispenser] 04 64
[T+3378866311us][CH1-Dispenser] 05
[T+3378866181us][CH2-Pc    ] 05
[T+3379041181us][CH1-Dispenser] 06
[T+3379041320us][CH2-Pc    ] 06
[T+3379216180us][CH2-Pc    ] 01
[T+3379223180us][CH1-Dispenser] 01 61
[T+3379294180us][CH2-Pc    ] 02
[T+3379302186us][CH1-Dispenser] 02 62
[T+3379372180us][CH2-Pc    ] 03
[T+3379378203us][CH1-Dispenser] 03 63
[T+3379450204us][CH2-Pc    ] 04
[T+3379456204us][CH1-Dispenser] 04 64
[T+3379528181us][CH1-Dispenser] 05
[T+3379528317us][CH2-Pc    ] 05
[T+3379692180us][CH1-Dispenser] 06
[T+3379693180us][CH2-Pc    ] 06
[T+3379867314us][CH1-Dispenser] 01
[T+3379867181us][CH2-Pc    ] 01
[T+3379879209us][CH1-Dispenser] 61
[T+3379945204us][CH2-Pc    ] 02
[T+3379951848us][CH1-Dispenser] 02 62
[T+3380024180us][CH2-Pc    ] 03
[T+3380032181us][CH1-Dispenser] 03 63
[T+3380106179us][CH1-Dispenser] 04 64
[T+3380102180us][CH2-Pc    ] 04
[T+3380180180us][CH1-Dispenser] 05
[T+3380180314us][CH2-Pc    ] 05
[T+3380355180us][CH1-Dispenser] 06
[T+3380355317us][CH2-Pc    ] 06
[T+3380529205us][CH2-Pc    ] 01
[T+3380537188us][CH1-Dispenser] 01 61
[T+3380608180us][CH2-Pc    ] 02
[T+3380616186us][CH1-Dispenser] 02 62
[T+3380686180us][CH2-Pc    ] 03
[T+3380692252us][CH1-Dispenser] 03 63
[T+3380764204us][CH2-Pc    ] 04
[T+3380771179us][CH1-Dispenser] 04 64
[T+3380842315us][CH1-Dispenser] 05
[T+3380842180us][CH2-Pc    ] 05
[T+3381007181us][CH1-Dispenser] 06
[T+3381007319us][CH2-Pc    ] 06
[T+3381183180us][CH2-Pc    ] 01
[T+3381192204us][CH1-Dispenser] 01 61
[T+3381261204us][CH2-Pc    ] 02
[T+3381266825us][CH1-Dispenser] 02 62
[T+3381339180us][CH2-Pc    ] 03
[T+3381346180us][CH1-Dispenser] 03 63
[T+3381417180us][CH2-Pc    ] 04
[T+3381423342us][CH1-Dispenser] 04 64
[T+3381517314us][CH1-Dispenser] 05
[T+3381517180us][CH2-Pc    ] 05
[T+3381702316us][CH1-Dispenser] 06
[T+3381702180us][CH2-Pc    ] 06
[T+3381866180us][CH2-Pc    ] 01
[T+3381872861us][CH1-Dispenser] 01 61
[T+3381944204us][CH2-Pc    ] 02
[T+3381951180us][CH1-Dispenser] 02 62
[T+3382026204us][CH2-Pc    ] 03
[T+3382032219us][CH1-Dispenser] 03 63
[T+3382104204us][CH2-Pc    ] 04
[T+3382112180us][CH1-Dispenser] 04 64
[T+3382182316us][CH1-Dispenser] 05
[T+3382182180us][CH2-Pc    ] 05
[T+3382356180us][CH1-Dispenser] 06
[T+3382357180us][CH2-Pc    ] 06
[T+3382520180us][CH2-Pc    ] 01
[T+3382526789us][CH1-Dispenser] 01 61
[T+3382599180us][CH2-Pc    ] 02
[T+3382605204us][CH1-Dispenser] 02 62
[T+3382677205us][CH2-Pc    ] 03
[T+3382681179us][CH1-Dispenser] 03 63
[T+3382744204us][CH2-Pc    ] 04
[T+3382753204us][CH1-Dispenser] 04 64
[T+3382822314us][CH1-Dispenser] 05
[T+3382822181us][CH2-Pc    ] 05
[T+3382999317us][CH1-Dispenser] 06
[T+3382999182us][CH2-Pc    ] 06
[T+3383166180us][CH2-Pc    ] 01
[T+3383171179us][CH1-Dispenser] 01 61
[T+3383244180us][CH2-Pc    ] 02
[T+3383252186us][CH1-Dispenser] 02 62
[T+3383322180us][CH2-Pc    ] 03
[T+3383326837us][CH1-Dispenser] 03 63
[T+3383390180us][CH2-Pc    ] 04
[T+3383396203us][CH1-Dispenser] 04 64
[T+3383468315us][CH1-Dispenser] 05
[T+3383468181us][CH2-Pc    ] 05
[T+3383632180us][CH1-Dispenser] 06
[T+3383632316us][CH2-Pc    ] 06
[T+3383807180us][CH2-Pc    ] 01
[T+3383811179us][CH1-Dispenser] 01 61
[T+3383875180us][CH2-Pc    ] 02
[T+3383881204us][CH1-Dispenser] 02 62
[T+3383953206us][CH2-Pc    ] 03
[T+3383962210us][CH1-Dispenser] 03 63
[T+3384031204us][CH2-Pc    ] 04
[T+3384036832us][CH1-Dispenser] 04 64
[T+3384109181us][CH1-Dispenser] 05
[T+3384109315us][CH2-Pc    ] 05
[T+3384295180us][CH1-Dispenser] 06
[T+3384295315us][CH2-Pc    ] 06
[T+3384465180us][CH2-Pc    ] 01
[T+3384472817us][CH1-Dispenser] 01 61
[T+3384543180us][CH2-Pc    ] 02
[T+3384551180us][CH1-Dispenser] 02 62
[T+3384622180us][CH2-Pc    ] 03
[T+3384627187us][CH1-Dispenser] 03 63
[T+3384700180us][CH2-Pc    ] 04
[T+3384706203us][CH1-Dispenser] 04 64
[T+3384778314us][CH1-Dispenser] 05
[T+3384778180us][CH2-Pc    ] 05
[T+3384942315us][CH1-Dispenser] 06
[T+3384942180us][CH2-Pc    ] 06
[T+3385117180us][CH2-Pc    ] 01
[T+3385126218us][CH1-Dispenser] 01 61
[T+3385195207us][CH2-Pc    ] 02
[T+3385201836us][CH1-Dispenser] 02 62
[T+3385273205us][CH2-Pc    ] 03
[T+3385281180us][CH1-Dispenser] 03 63
[T+3385352180us][CH2-Pc    ] 04
[T+3385359179us][CH1-Dispenser] 04 64
[T+3385430317us][CH1-Dispenser] 05
[T+3385430183us][CH2-Pc    ] 05
[T+3385604314us][CH1-Dispenser] 06
[T+3385604180us][CH2-Pc    ] 06
[T+3385779180us][CH2-Pc    ] 01
[T+3385785204us][CH1-Dispenser] 01 61
[T+3385857204us][CH2-Pc    ] 02
[T+3385866204us][CH1-Dispenser] 02 62
[T+3385935204us][CH2-Pc    ] 03
[T+3385943180us][CH1-Dispenser] 03 63
[T+3386014180us][CH2-Pc    ] 04
[T+3386024180us][CH1-Dispenser] 04 64
[T+3386092316us][CH1-Dispenser] 05
[T+3386092180us][CH2-Pc    ] 05
[T+3386256318us][CH1-Dispenser] 06
[T+3386256181us][CH2-Pc    ] 06
[T+3386431180us][CH2-Pc    ] 01
[T+3386436179us][CH1-Dispenser] 01 61
[T+3386509180us][CH2-Pc    ] 02
[T+3386517180us][CH1-Dispenser] 02 62
[T+3386587180us][CH2-Pc    ] 03
[T+3386593218us][CH1-Dispenser] 03 63
[T+3386665210us][CH2-Pc    ] 04
[T+3386674221us][CH1-Dispenser] 04 64
[T+3386743316us][CH1-Dispenser] 05
[T+3386743180us][CH2-Pc    ] 05
[T+3386918315us][CH1-Dispenser] 06
[T+3386918181us][CH2-Pc    ] 06
[T+3387093180us][CH2-Pc    ] 01
[T+3387101832us][CH1-Dispenser] 01 61
[T+3387171180us][CH2-Pc    ] 02
[T+3387176179us][CH1-Dispenser] 02 62
[T+3387249180us][CH2-Pc    ] 03
[T+3387258654us][CH1-Dispenser] 03 63
[T+3387329180us][CH2-Pc    ] 04
[T+3387339438us][CH1-Dispenser] 04 64
[T+3387407314us][CH1-Dispenser] 05
[T+3387407181us][CH2-Pc    ] 05
[T+3387586181us][CH1-Dispenser] 06
[T+3387586315us][CH2-Pc    ] 06
[T+3387761180us][CH2-Pc    ] 01
[T+3387766179us][CH1-Dispenser] 01 61
[T+3387839180us][CH2-Pc    ] 02
[T+3387847188us][CH1-Dispenser] 02 62
[T+3387917180us][CH2-Pc    ] 03
[T+3387924221us][CH1-Dispenser] 03 63
[T+3387995180us][CH2-Pc    ] 04
[T+3388002745us][CH1-Dispenser] 04 64
[T+3388073315us][CH1-Dispenser] 05
[T+3388073180us][CH2-Pc    ] 05
[T+3388248181us][CH1-Dispenser] 06
[T+3388248314us][CH2-Pc    ] 06
[T+3388412180us][CH2-Pc    ] 01
[T+3388418218us][CH1-Dispenser] 01 61
[T+3388490207us][CH2-Pc    ] 02
[T+3388495179us][CH1-Dispenser] 02 62
[T+3388568180us][CH2-Pc    ] 03
[T+3388577218us][CH1-Dispenser] 03 63
[T+3388646204us][CH2-Pc    ] 04
[T+3388652205us][CH1-Dispenser] 04 64
[T+3388725181us][CH1-Dispenser] 05
[T+3388725317us][CH2-Pc    ] 05
[T+3388899316us][CH1-Dispenser] 06
[T+3388899181us][CH2-Pc    ] 06
[T+3389074180us][CH2-Pc    ] 01
[T+3389081180us][CH1-Dispenser] 01 61
[T+3389153204us][CH2-Pc    ] 02
[T+3389162218us][CH1-Dispenser] 02 62
[T+3389231204us][CH2-Pc    ] 03
[T+3389236179us][CH1-Dispenser] 03 63
[T+3389309180us][CH2-Pc    ] 04
[T+3389319181us][CH1-Dispenser] 04 64
[T+3389388180us][CH1-Dispenser] 05
[T+3389388313us][CH2-Pc    ] 05
[T+3389552316us][CH1-Dispenser] 06
[T+3389552180us][CH2-Pc    ] 06
[T+3389726205us][CH2-Pc    ] 01
[T+3389731823us][CH1-Dispenser] 01 61
[T+3389805180us][CH2-Pc    ] 02
[T+3389812179us][CH1-Dispenser] 02 62
[T+3389883180us][CH2-Pc    ] 03
[T+3389887179us][CH1-Dispenser] 03 63
[T+3389950207us][CH2-Pc    ] 04
[T+3389957833us][CH1-Dispenser] 04 64
[T+3390028181us][CH1-Dispenser] 05
[T+3390028314us][CH2-Pc    ] 05
[T+3390192318us][CH1-Dispenser] 06
[T+3390192180us][CH2-Pc    ] 06
[T+3390367180us][CH2-Pc    ] 01
[T+3390375180us][CH1-Dispenser] 01 61
[T+3390446180us][CH2-Pc    ] 02
[T+3390452218us][CH1-Dispenser] 02 62
[T+3390524204us][CH2-Pc    ] 03
[T+3390532793us][CH1-Dispenser] 03 63
[T+3390602180us][CH2-Pc    ] 04
[T+3390607179us][CH1-Dispenser] 04 64
[T+3390681180us][CH1-Dispenser] 05
[T+3390680180us][CH2-Pc    ] 05
[T+3390855181us][CH1-Dispenser] 06
[T+3390855316us][CH2-Pc    ] 06
[T+3391030180us][CH2-Pc    ] 01
[T+3391036219us][CH1-Dispenser] 01 61
[T+3391108204us][CH2-Pc    ] 02
[T+3391117181us][CH1-Dispenser] 02 62
[T+3391186205us][CH2-Pc    ] 03
[T+3391195218us][CH1-Dispenser] 03 63
[T+3391264205us][CH2-Pc    ] 04
[T+3391272188us][CH1-Dispenser] 04 64
[T+3391343181us][CH1-Dispenser] 05
[T+3391343317us][CH2-Pc    ] 05
[T+3391507181us][CH1-Dispenser] 06
[T+3391507316us][CH2-Pc    ] 06
[T+3391682180us][CH2-Pc    ] 01
[T+3391686179us][CH1-Dispenser] 01 61
[T+3391760180us][CH2-Pc    ] 02
[T+3391766218us][CH1-Dispenser] 02 62
[T+3391838205us][CH2-Pc    ] 03
[T+3391842830us][CH1-Dispenser] 03 63
[T+3391905205us][CH2-Pc    ] 04
[T+3391914204us][CH1-Dispenser] 04 64
[T+3391983181us][CH1-Dispenser] 05
[T+3391983320us][CH2-Pc    ] 05
[T+3392147181us][CH1-Dispenser] 06
[T+3392147316us][CH2-Pc    ] 06
[T+3392326179us][CH1-Dispenser] 01 61
[T+3392322180us][CH2-Pc    ] 01
[T+3392389204us][CH2-Pc    ] 02
[T+3392396180us][CH1-Dispenser] 02 62
[T+3392468204us][CH2-Pc    ] 03
[T+3392473179us][CH1-Dispenser] 03 63
[T+3392546244us][CH2-Pc    ] 04
[T+3392555284us][CH1-Dispenser] 04 64
[T+3392624180us][CH1-Dispenser] 05
[T+3392624317us][CH2-Pc    ] 05
[T+3392788181us][CH1-Dispenser] 06
[T+3392788317us][CH2-Pc    ] 06
[T+3392963180us][CH2-Pc    ] 01
[T+3392971815us][CH1-Dispenser] 01 61
[T+3393041180us][CH2-Pc    ] 02
[T+3393047204us][CH1-Dispenser] 02 62
[T+3393119204us][CH2-Pc    ] 03
[T+3393129181us][CH1-Dispenser] 03 63
[T+3393197180us][CH2-Pc    ] 04
[T+3393202793us][CH1-Dispenser] 04 64
[T+3393278315us][CH1-Dispenser] 05
[T+3393278181us][CH2-Pc    ] 05
[T+3393442180us][CH1-Dispenser] 06
[T+3393442317us][CH2-Pc    ] 06
[T+3393617204us][CH2-Pc    ] 01
[T+3393623208us][CH1-Dispenser] 01 61
[T+3393695204us][CH2-Pc    ] 02
[T+3393701841us][CH1-Dispenser] 02 62
[T+3393773204us][CH2-Pc    ] 03
[T+3393779218us][CH1-Dispenser] 03 63
[T+3393851204us][CH2-Pc    ] 04
[T+3393860208us][CH1-Dispenser] 04 64
[T+3393929343us][CH1-Dispenser] 05
[T+3393929207us][CH2-Pc    ] 05
[T+3394104180us][CH1-Dispenser] 06
[T+3394104315us][CH2-Pc    ] 06
[T+3394279180us][CH2-Pc    ] 01
[T+3394286822us][CH1-Dispenser] 01 61
[T+3394357180us][CH2-Pc    ] 02
[T+3394362179us][CH1-Dispenser] 02 62
[T+3394435180us][CH2-Pc    ] 03
[T+3394444204us][CH1-Dispenser] 03 63
[T+3394515180us][CH2-Pc    ] 04
[T+3394525180us][CH1-Dispenser] 04 64
[T+3394593181us][CH1-Dispenser] 05
[T+3394593314us][CH2-Pc    ] 05
[T+3394758317us][CH1-Dispenser] 06
[T+3394758181us][CH2-Pc    ] 06
[T+3394932204us][CH2-Pc    ] 01
[T+3394937179us][CH1-Dispenser] 01 61
[T+3395010180us][CH2-Pc    ] 02
[T+3395016219us][CH1-Dispenser] 02 62
[T+3395089180us][CH2-Pc    ] 03
[T+3395100180us][CH1-Dispenser] 03 63
[T+3395167180us][CH2-Pc    ] 04
[T+3395173302us][CH1-Dispenser] 04 64
[T+3395245314us][CH1-Dispenser] 05
[T+3395245181us][CH2-Pc    ] 05
[T+3395420181us][CH1-Dispenser] 06
[T+3395420316us][CH2-Pc    ] 06
[T+3395584180us][CH2-Pc    ] 01
[T+3395593204us][CH1-Dispenser] 01 61
[T+3395662204us][CH2-Pc    ] 02
[T+3395667797us][CH1-Dispenser] 02 62
[T+3395740180us][CH2-Pc    ] 03
[T+3395748180us][CH1-Dispenser] 03 63
[T+3395818180us][CH2-Pc    ] 04
[T+3395824203us][CH1-Dispenser] 04 64
[T+3395896180us][CH1-Dispenser] 05
[T+3395896315us][CH2-Pc    ] 05
[T+3396071180us][CH1-Dispenser] 06
[T+3396071316us][CH2-Pc    ] 06
[T+3396239204us][CH2-Pc    ] 01
[T+3396247827us][CH1-Dispenser] 01 61
[T+3396317180us][CH2-Pc    ] 02
[T+3396323204us][CH1-Dispenser] 02 62
[T+3396395205us][CH2-Pc    ] 03
[T+3396402180us][CH1-Dispenser] 03 63
[T+3396473180us][CH2-Pc    ] 04
[T+3396478811us][CH1-Dispenser] 04 64
[T+3396551180us][CH1-Dispenser] 05
[T+3396552179us][CH2-Pc    ] 05
[T+3396726180us][CH1-Dispenser] 06
[T+3396726320us][CH2-Pc    ] 06
[T+3396901180us][CH2-Pc    ] 01
[T+3396906187us][CH1-Dispenser] 01 61
[T+3396979180us][CH2-Pc    ] 02
[T+3396988190us][CH1-Dispenser] 02 62
[T+3397058180us][CH2-Pc    ] 03
[T+3397062179us][CH1-Dispenser] 03 63
[T+3397125205us][CH2-Pc    ] 04
[T+3397134181us][CH1-Dispenser] 04 64
[T+3397203180us][CH1-Dispenser] 05
[T+3397203316us][CH2-Pc    ] 05
[T+3397389180us][CH1-Dispenser] 06
[T+3397389314us][CH2-Pc    ] 06
[T+3397553180us][CH2-Pc    ] 01
[T+3397562204us][CH1-Dispenser] 01 61
[T+3397636179us][CH1-Dispenser] 02 62
[T+3397632180us][CH2-Pc    ] 02
[T+3397710180us][CH2-Pc    ] 03
[T+3397718187us][CH1-Dispenser] 03 63
[T+3397788204us][CH2-Pc    ] 04
[T+3397793179us][CH1-Dispenser] 04 64
[T+3397866180us][CH1-Dispenser] 05
[T+3397866315us][CH2-Pc    ] 05
[T+3398041180us][CH1-Dispenser] 06
[T+3398041317us][CH2-Pc    ] 06
[T+3398215204us][CH2-Pc    ] 01
[T+3398222832us][CH1-Dispenser] 01 61
[T+3398294204us][CH2-Pc    ] 02
[T+3398301774us][CH1-Dispenser] 02 62
[T+3398372180us][CH2-Pc    ] 03
[T+3398377187us][CH1-Dispenser] 03 63
[T+3398450180us][CH2-Pc    ] 04
[T+3398460180us][CH1-Dispenser] 04 64
[T+3398528180us][CH1-Dispenser] 05
[T+3398528316us][CH2-Pc    ] 05
[T+3398692315us][CH1-Dispenser] 06
[T+3398692181us][CH2-Pc    ] 06
[T+3398867180us][CH2-Pc    ] 01
[T+3398872187us][CH1-Dispenser] 01 61
[T+3398945180us][CH2-Pc    ] 02
[T+3398952180us][CH1-Dispenser] 02 62
[T+3399036204us][CH2-Pc    ] 03
[T+3399046180us][CH1-Dispenser] 03 63
[T+3399114180us][CH2-Pc    ] 04
[T+3399123219us][CH1-Dispenser] 04 64
[T+3399192316us][CH1-Dispenser] 05
[T+3399192180us][CH2-Pc    ] 05
[T+3399369181us][CH1-Dispenser] 06
[T+3399369319us][CH2-Pc    ] 06
[T+3399544180us][CH2-Pc    ] 01
[T+3399552180us][CH1-Dispenser] 01 61
[T+3399622180us][CH2-Pc    ] 02
[T+3399627179us][CH1-Dispenser] 02 62
[T+3399701180us][CH2-Pc    ] 03
[T+3399709288us][CH1-Dispenser] 03 63
[T+3399779180us][CH2-Pc    ] 04
[T+3399788205us][CH1-Dispenser] 04 64
[T+3399857180us][CH1-Dispenser] 05
[T+3399857314us][CH2-Pc    ] 05
[T+3400021180us][CH1-Dispenser] 06
[T+3400021314us][CH2-Pc    ] 06
[T+3400196180us][CH2-Pc    ] 01
[T+3400202220us][CH1-Dispenser] 01 61
[T+3400274204us][CH2-Pc    ] 02
[T+3400281179us][CH1-Dispenser] 02 62
[T+3400352180us][CH2-Pc    ] 03
[T+3400357179us][CH1-Dispenser] 03 63
[T+3400430180us][CH2-Pc    ] 04
[T+3400439205us][CH1-Dispenser] 04 64
[T+3400508180us][CH1-Dispenser] 05
[T+3400508316us][CH2-Pc    ] 05
[T+3400684181us][CH1-Dispenser] 06
[T+3400684318us][CH2-Pc    ] 06
[T+3400848180us][CH2-Pc    ] 01
[T+3400858180us][CH1-Dispenser] 01 61
[T+3400926180us][CH2-Pc    ] 02
[T+3400932203us][CH1-Dispenser] 02 62
[T+3401005180us][CH2-Pc    ] 03
[T+3401014214us][CH1-Dispenser] 03 63
[T+3401083204us][CH2-Pc    ] 04
[T+3401087179us][CH1-Dispenser] 04 64
[T+3401161317us][CH1-Dispenser] 05
[T+3401161180us][CH2-Pc    ] 05
[T+3401336181us][CH1-Dispenser] 06
[T+3401336314us][CH2-Pc    ] 06
[T+3401510209us][CH2-Pc    ] 01
[T+3401517181us][CH1-Dispenser] 01 61
[T+3401588180us][CH2-Pc    ] 02
[T+3401597218us][CH1-Dispenser] 02 62
[T+3401667180us][CH2-Pc    ] 03
[T+3401674048us][CH1-Dispenser] 03 63
[T+3401745180us][CH2-Pc    ] 04
[T+3401754204us][CH1-Dispenser] 04 64
[T+3401823316us][CH1-Dispenser] 05
[T+3401823180us][CH2-Pc    ] 05
[T+3402013179us][CH1-Dispenser] 06
[T+3402012180us][CH2-Pc    ] 06
[T+3402176180us][CH2-Pc    ] 01
[T+3402182219us][CH1-Dispenser] 01 61
[T+3402254204us][CH2-Pc    ] 02
[T+3402262180us][CH1-Dispenser] 02 62
[T+3402333180us][CH2-Pc    ] 03
[T+3402338179us][CH1-Dispenser] 03 63
[T+3402411180us][CH2-Pc    ] 04
[T+3402419185us][CH1-Dispenser] 04 64
[T+3402489181us][CH1-Dispenser] 05
[T+3402489317us][CH2-Pc    ] 05
[T+3402662181us][CH1-Dispenser] 06
[T+3402662317us][CH2-Pc    ] 06
[T+3402838180us][CH2-Pc    ] 01
[T+3402847204us][CH1-Dispenser] 01 61
[T+3402917180us][CH2-Pc    ] 02
[T+3402923395us][CH1-Dispenser] 02 62
[T+3402995204us][CH2-Pc    ] 03
[T+3403003823us][CH1-Dispenser] 03 63
[T+3403073180us][CH2-Pc    ] 04
[T+3403078179us][CH1-Dispenser] 04 64
[T+3403151181us][CH1-Dispenser] 05
[T+3403151315us][CH2-Pc    ] 05
[T+3403326180us][CH1-Dispenser] 06
[T+3403326315us][CH2-Pc    ] 06
[T+3403514180us][CH2-Pc    ] 01
[T+3403523913us][CH1-Dispenser] 01 61
[T+3403592205us][CH2-Pc    ] 02
[T+3403597179us][CH1-Dispenser] 02 62
[T+3403660208us][CH2-Pc    ] 03
[T+3403669209us][CH1-Dispenser] 03 63
[T+3403738205us][CH2-Pc    ] 04
[T+3403743187us][CH1-Dispenser] 04 64
[T+3403816180us][CH1-Dispenser] 05
[T+3403816314us][CH2-Pc    ] 05
[T+3403991315us][CH1-Dispenser] 06
[T+3403991181us][CH2-Pc    ] 06
[T+3404170180us][CH2-Pc    ] 01
[T+3404179219us][CH1-Dispenser] 01 61
[T+3404256180us][CH2-Pc    ] 02
[T+3404263180us][CH1-Dispenser] 02 62
[T+3404334180us][CH2-Pc    ] 03
[T+3404345180us][CH1-Dispenser] 03 63
[T+3404413180us][CH2-Pc    ] 04
[T+3404419859us][CH1-Dispenser] 04 64
[T+3404491315us][CH1-Dispenser] 05
[T+3404491180us][CH2-Pc    ] 05
[T+3404666314us][CH1-Dispenser] 06
[T+3404666180us][CH2-Pc    ] 06
[T+3404840204us][CH2-Pc    ] 01
[T+3404847180us][CH1-Dispenser] 01 61
[T+3404918315us][CH1-Dispenser] 02
[T+3404918180us][CH2-Pc    ] 02
[T+3404930205us][CH1-Dispenser] 62
[T+3404997180us][CH2-Pc    ] 03
[T+3405006204us][CH1-Dispenser] 03 63
[T+3405075204us][CH2-Pc    ] 04
[T+3405084218us][CH1-Dispenser] 04 64
[T+3405153316us][CH1-Dispenser] 05
[T+3405153180us][CH2-Pc    ] 05
[T+3405317181us][CH1-Dispenser] 06
[T+3405317318us][CH2-Pc    ] 06
[T+3405492180us][CH2-Pc    ] 01
[T+3405498204us][CH1-Dispenser] 01 61
[T+3405570205us][CH2-Pc    ] 02
[T+3405579269us][CH1-Dispenser] 02 62
[T+3405648204us][CH2-Pc    ] 03
[T+3405653179us][CH1-Dispenser] 03 63
[T+3405726180us][CH2-Pc    ] 04
[T+3405734180us][CH1-Dispenser] 04 64
[T+3405804180us][CH1-Dispenser] 05
[T+3405804315us][CH2-Pc    ] 05
[T+3405979180us][CH1-Dispenser] 06
[T+3405979317us][CH2-Pc    ] 06
[T+3406154180us][CH2-Pc    ] 01
[T+3406163210us][CH1-Dispenser] 01 61
[T+3406232205us][CH2-Pc    ] 02
[T+3406238203us][CH1-Dispenser] 02 62
[T+3406310205us][CH2-Pc    ] 03
[T+3406320181us][CH1-Dispenser] 03 63
[T+3406388180us][CH2-Pc    ] 04
[T+3406395180us][CH1-Dispenser] 04 64
[T+3406466181us][CH1-Dispenser] 05
[T+3406466318us][CH2-Pc    ] 05
[T+3406630318us][CH1-Dispenser] 06
[T+3406630180us][CH2-Pc    ] 06
[T+3406805180us][CH2-Pc    ] 01
[T+3406813180us][CH1-Dispenser] 01 61
[T+3406883180us][CH2-Pc    ] 02
[T+3406887179us][CH1-Dispenser] 02 62
[T+3406951180us][CH2-Pc    ] 03
[T+3406960181us][CH1-Dispenser] 03 63
[T+3407029205us][CH2-Pc    ] 04
[T+3407035203us][CH1-Dispenser] 04 64
[T+3407107314us][CH1-Dispenser] 05
[T+3407107180us][CH2-Pc    ] 05
[T+3407276180us][CH1-Dispenser] 06
[T+3407276319us][CH2-Pc    ] 06
[T+3407451180us][CH2-Pc    ] 01
[T+3407458826us][CH1-Dispenser] 01 61
[T+3407529180us][CH2-Pc    ] 02
[T+3407538205us][CH1-Dispenser] 02 62
[T+3407607204us][CH2-Pc    ] 03
[T+3407614858us][CH1-Dispenser] 03 63
[T+3407685180us][CH2-Pc    ] 04
[T+3407695180us][CH1-Dispenser] 04 64
[T+3407763316us][CH1-Dispenser] 05
[T+3407763180us][CH2-Pc    ] 05
[T+3407927181us][CH1-Dispenser] 06
[T+3407927316us][CH2-Pc    ] 06
[T+3408102179us][CH2-Pc    ] 01
[T+3408109179us][CH1-Dispenser] 01 61
[T+3408180179us][CH2-Pc    ] 02
[T+3408188187us][CH1-Dispenser] 02 62
[T+3408258180us][CH2-Pc    ] 03
[T+3408265129us][CH1-Dispenser] 03 63
[T+3408336180us][CH2-Pc    ] 04
[T+3408343825us][CH1-Dispenser] 04 64
[T+3408415180us][CH1-Dispenser] 05
[T+3408415313us][CH2-Pc    ] 05
[T+3408595181us][CH1-Dispenser] 06
[T+3408595317us][CH2-Pc    ] 06
[T+3408780180us][CH2-Pc    ] 01
[T+3408790180us][CH1-Dispenser] 01 61
[T+3408858180us][CH2-Pc    ] 02
[T+3408862179us][CH1-Dispenser] 02 62
[T+3408925207us][CH2-Pc    ] 03
[T+3408934244us][CH1-Dispenser] 03 63
[T+3409003205us][CH2-Pc    ] 04
[T+3409008179us][CH1-Dispenser] 04 64
[T+3409082179us][CH1-Dispenser] 05
[T+3409081180us][CH2-Pc    ] 05
[T+3409256317us][CH1-Dispenser] 06
[T+3409256180us][CH2-Pc    ] 06
[T+3409431180us][CH2-Pc    ] 01
[T+3409438269us][CH1-Dispenser] 01 61
[T+3409509180us][CH2-Pc    ] 02
[T+3409518218us][CH1-Dispenser] 02 62
[T+3409587205us][CH2-Pc    ] 03
[T+3409594800us][CH1-Dispenser] 03 63
[T+3409666204us][CH2-Pc    ] 04
[T+3409675206us][CH1-Dispenser] 04 64
[T+3409744180us][CH1-Dispenser] 05
[T+3409744314us][CH2-Pc    ] 05
[T+3409918180us][CH1-Dispenser] 06
[T+3409918316us][CH2-Pc    ] 06
[T+3410082180us][CH2-Pc    ] 01
[T+3410087835us][CH1-Dispenser] 01 61
[T+3410161180us][CH2-Pc    ] 02
[T+3410168179us][CH1-Dispenser] 02 62
[T+3410242180us][CH2-Pc    ] 03
[T+3410248237us][CH1-Dispenser] 03 63
[T+3410320205us][CH2-Pc    ] 04
[T+3410331180us][CH1-Dispenser] 04 64
[T+3410398316us][CH1-Dispenser] 05
[T+3410398180us][CH2-Pc    ] 05
[T+3410573181us][CH1-Dispenser] 06
[T+3410573317us][CH2-Pc    ] 06
[T+3410748180us][CH2-Pc    ] 01
[T+3410752179us][CH1-Dispenser] 01 61
[T+3410815205us][CH2-Pc    ] 02
[T+3410824182us][CH1-Dispenser] 02 62
[T+3410893204us][CH2-Pc    ] 03
[T+3410898789us][CH1-Dispenser] 03 63
[T+3410971180us][CH2-Pc    ] 04
[T+3410979181us][CH1-Dispenser] 04 64
[T+3411049180us][CH1-Dispenser] 05
[T+3411049316us][CH2-Pc    ] 05
[T+3411224181us][CH1-Dispenser] 06
[T+3411224318us][CH2-Pc    ] 06
[T+3411399180us][CH2-Pc    ] 01
[T+3411410180us][CH1-Dispenser] 01 61
[T+3411477180us][CH2-Pc    ] 02
[T+3411483855us][CH1-Dispenser] 02 62
[T+3411555205us][CH2-Pc    ] 03
[T+3411563185us][CH1-Dispenser] 03 63
[T+3411633180us][CH2-Pc    ] 04
[T+3411641180us][CH1-Dispenser] 04 64
[T+3411712313us][CH1-Dispenser] 05
[T+3411712180us][CH2-Pc    ] 05
[T+3411886180us][CH1-Dispenser] 06
[T+3411886314us][CH2-Pc    ] 06
[T+3412061180us][CH2-Pc    ] 01
[T+3412069833us][CH1-Dispenser] 01 61
[T+3412139180us][CH2-Pc    ] 02
[T+3412150180us][CH1-Dispenser] 02 62
[T+3412217180us][CH2-Pc    ] 03
[T+3412224798us][CH1-Dispenser] 03 63
[T+3412295180us][CH2-Pc    ] 04
[T+3412306180us][CH1-Dispenser] 04 64
[T+3412373181us][CH1-Dispenser] 05
[T+3412373315us][CH2-Pc    ] 05
[T+3412538314us][CH1-Dispenser] 06
[T+3412538180us][CH2-Pc    ] 06
[T+3412718179us][CH1-Dispenser] 01 61
[T+3412714180us][CH2-Pc    ] 01
[T+3412791180us][CH2-Pc    ] 02
[T+3412799835us][CH1-Dispenser] 02 62
[T+3412869180us][CH2-Pc    ] 03
[T+3412873180us][CH1-Dispenser] 03 63
[T+3412937180us][CH2-Pc    ] 04
[T+3412943854us][CH1-Dispenser] 04 64
[T+3413015180us][CH1-Dispenser] 05
[T+3413015315us][CH2-Pc    ] 05
[T+3413201318us][CH1-Dispenser] 06
[T+3413201181us][CH2-Pc    ] 06
[T+3413366204us][CH2-Pc    ] 01
[T+3413374839us][CH1-Dispenser] 01 61
[T+3413444180us][CH2-Pc    ] 02
[T+3413448179us][CH1-Dispenser] 02 62
[T+3413511205us][CH2-Pc    ] 03
[T+3413518826us][CH1-Dispenser] 03 63
[T+3413589180us][CH2-Pc    ] 04
[T+3413594181us][CH1-Dispenser] 04 64
[T+3413668313us][CH1-Dispenser] 05
[T+3413668180us][CH2-Pc    ] 05
[T+3413842319us][CH1-Dispenser] 06
[T+3413842181us][CH2-Pc    ] 06
[T+3414007180us][CH2-Pc    ] 01
[T+3414013250us][CH1-Dispenser] 01 61
[T+3414085205us][CH2-Pc    ] 02
[T+3414094234us][CH1-Dispenser] 02 62
[T+3414164204us][CH2-Pc    ] 03
[T+3414169179us][CH1-Dispenser] 03 63
[T+3414242180us][CH2-Pc    ] 04
[T+3414248204us][CH1-Dispenser] 04 64
[T+3414320314us][CH1-Dispenser] 05
[T+3414320181us][CH2-Pc    ] 05
[T+3414494315us][CH1-Dispenser] 06
[T+3414494180us][CH2-Pc    ] 06
[T+3414669180us][CH2-Pc    ] 01
[T+3414678222us][CH1-Dispenser] 01 61
[T+3414747204us][CH2-Pc    ] 02
[T+3414754180us][CH1-Dispenser] 02 62
[T+3414826204us][CH2-Pc    ] 03
[T+3414835219us][CH1-Dispenser] 03 63
[T+3414904205us][CH2-Pc    ] 04
[T+3414909179us][CH1-Dispenser] 04 64
[T+3414982181us][CH1-Dispenser] 05
[T+3414982315us][CH2-Pc    ] 05
[T+3415146180us][CH1-Dispenser] 06
[T+3415146318us][CH2-Pc    ] 06
[T+3415321180us][CH2-Pc    ] 01
[T+3415329237us][CH1-Dispenser] 01 61
[T+3415399180us][CH2-Pc    ] 02
[T+3415403179us][CH1-Dispenser] 02 62
[T+3415466205us][CH2-Pc    ] 03
[T+3415473688us][CH1-Dispenser] 03 63
[T+3415544180us][CH2-Pc    ] 04
[T+3415549187us][CH1-Dispenser] 04 64
[T+3415622180us][CH1-Dispenser] 05
[T+3415622315us][CH2-Pc    ] 05
[T+3415787180us][CH1-Dispenser] 06
[T+3415787316us][CH2-Pc    ] 06
[T+3415961204us][CH2-Pc    ] 01
[T+3415968179us][CH1-Dispenser] 01 61
[T+3416040181us][CH2-Pc    ] 02
[T+3416048180us][CH1-Dispenser] 02 62
[T+3416117204us][CH2-Pc    ] 03
[T+3416124180us][CH1-Dispenser] 03 63
[T+3416196204us][CH2-Pc    ] 04
[T+3416205209us][CH1-Dispenser] 04 64
[T+3416274181us][CH1-Dispenser] 05
[T+3416274315us][CH2-Pc    ] 05
[T+3416449181us][CH1-Dispenser] 06
[T+3416449317us][CH2-Pc    ] 06
[T+3416623204us][CH2-Pc    ] 01
[T+3416628836us][CH1-Dispenser] 01 61
[T+3416701180us][CH2-Pc    ] 02
[T+3416709180us][CH1-Dispenser] 02 62
[T+3416780180us][CH2-Pc    ] 03
[T+3416785179us][CH1-Dispenser] 03 63
[T+3416858180us][CH2-Pc    ] 04
[T+3416864822us][CH1-Dispenser] 04 64
[T+3416936180us][CH1-Dispenser] 05
[T+3416936314us][CH2-Pc    ] 05
[T+3417101180us][CH1-Dispenser] 06
[T+3417101316us][CH2-Pc    ] 06
[T+3417276180us][CH2-Pc    ] 01
[T+3417284180us][CH1-Dispenser] 01 61
[T+3417358179us][CH1-Dispenser] 02 62
[T+3417354180us][CH2-Pc    ] 02
[T+3417421204us][CH2-Pc    ] 03
[T+3417428179us][CH1-Dispenser] 03 63
[T+3417499180us][CH2-Pc    ] 04
[T+3417504179us][CH1-Dispenser] 04 64
[T+3417577181us][CH1-Dispenser] 05
[T+3417577316us][CH2-Pc    ] 05
[T+3417763316us][CH1-Dispenser] 06
[T+3417763180us][CH2-Pc    ] 06
[T+3417927180us][CH2-Pc    ] 01
[T+3417932179us][CH1-Dispenser] 01 61
[T+3418005180us][CH2-Pc    ] 02
[T+3418014204us][CH1-Dispenser] 02 62
[T+3418083204us][CH2-Pc    ] 03
[T+3418090180us][CH1-Dispenser] 03 63
[T+3418161180us][CH2-Pc    ] 04
[T+3418169180us][CH1-Dispenser] 04 64
[T+3418239315us][CH1-Dispenser] 05
[T+3418239180us][CH2-Pc    ] 05
[T+3418414181us][CH1-Dispenser] 06
[T+3418414315us][CH2-Pc    ] 06
[T+3418590180us][CH2-Pc    ] 01
[T+3418597180us][CH1-Dispenser] 01 61
[T+3418669204us][CH2-Pc    ] 02
[T+3418674051us][CH1-Dispenser] 02 62
[T+3418741180us][CH2-Pc    ] 03
[T+3418749180us][CH1-Dispenser] 03 63
[T+3418819180us][CH2-Pc    ] 04
[T+3418825223us][CH1-Dispenser] 04 64
[T+3418897313us][CH1-Dispenser] 05
[T+3418897180us][CH2-Pc    ] 05
[T+3419072181us][CH1-Dispenser] 06
[T+3419072314us][CH2-Pc    ] 06
[T+3419246206us][CH2-Pc    ] 01
[T+3419253181us][CH1-Dispenser] 01 61
[T+3419324181us][CH2-Pc    ] 02
[T+3419332796us][CH1-Dispenser] 02 62
[T+3419403180us][CH2-Pc    ] 03
[T+3419409792us][CH1-Dispenser] 03 63
[T+3419481206us][CH2-Pc    ] 04
[T+3419490183us][CH1-Dispenser] 04 64
[T+3419559315us][CH1-Dispenser] 05
[T+3419559180us][CH2-Pc    ] 05
[T+3419723181us][CH1-Dispenser] 06
[T+3419723317us][CH2-Pc    ] 06
[T+3419898180us][CH2-Pc    ] 01
[T+3419904218us][CH1-Dispenser] 01 61
[T+3419976204us][CH2-Pc    ] 02
[T+3419983185us][CH1-Dispenser] 02 62
[T+3420054180us][CH2-Pc    ] 03
[T+3420059179us][CH1-Dispenser] 03 63
[T+3420132180us][CH2-Pc    ] 04
[T+3420140187us][CH1-Dispenser] 04 64
[T+3420210315us][CH1-Dispenser] 05
[T+3420210181us][CH2-Pc    ] 05
[T+3420385181us][CH1-Dispenser] 06
[T+3420385318us][CH2-Pc    ] 06
[T+3420568205us][CH2-Pc    ] 01
[T+3420574203us][CH1-Dispenser] 01 61
[T+3420646204us][CH2-Pc    ] 02
[T+3420653755us][CH1-Dispenser] 02 62
[T+3420724180us][CH2-Pc    ] 03
[T+3420729179us][CH1-Dispenser] 03 63
[T+3420802180us][CH2-Pc    ] 04
[T+3420810185us][CH1-Dispenser] 04 64
[T+3420880316us][CH1-Dispenser] 05
[T+3420880180us][CH2-Pc    ] 05
[T+3421055314us][CH1-Dispenser] 06
[T+3421055180us][CH2-Pc    ] 06
[T+3421230180us][CH2-Pc    ] 01
[T+3421239213us][CH1-Dispenser] 01 61
[T+3421308204us][CH2-Pc    ] 02
[T+3421313179us][CH1-Dispenser] 02 62
[T+3421386180us][CH2-Pc    ] 03
[T+3421394187us][CH1-Dispenser] 03 63
[T+3421464180us][CH2-Pc    ] 04
[T+3421470803us][CH1-Dispenser] 04 64
[T+3421542180us][CH1-Dispenser] 05
[T+3421542317us][CH2-Pc    ] 05
[T+3421717180us][CH1-Dispenser] 06
[T+3421717316us][CH2-Pc    ] 06
[T+3421881180us][CH2-Pc    ] 01
[T+3421889220us][CH1-Dispenser] 01 61
[T+3421959180us][CH2-Pc    ] 02
[T+3421963179us][CH1-Dispenser] 02 62
[T+3422027180us][CH2-Pc    ] 03
[T+3422034180us][CH1-Dispenser] 03 63
[T+3422109179us][CH1-Dispenser] 04 64
[T+3422105180us][CH2-Pc    ] 04
[T+3422183180us][CH1-Dispenser] 05
[T+3422183314us][CH2-Pc    ] 05
[T+3422358180us][CH1-Dispenser] 06
[T+3422358319us][CH2-Pc    ] 06
[T+3422522180us][CH2-Pc    ] 01
[T+3422529179us][CH1-Dispenser] 01 61
[T+3422605180us][CH2-Pc    ] 02
[T+3422614218us][CH1-Dispenser] 02 62
[T+3422683204us][CH2-Pc    ] 03
[T+3422692252us][CH1-Dispenser] 03 63
[T+3422761205us][CH2-Pc    ] 04
[T+3422771180us][CH1-Dispenser] 04 64
[T+3422839180us][CH1-Dispenser] 05
[T+3422839315us][CH2-Pc    ] 05
[T+3423014182us][CH1-Dispenser] 06
[T+3423014317us][CH2-Pc    ] 06
[T+3423178180us][CH2-Pc    ] 01
[T+3423183188us][CH1-Dispenser] 01 61
[T+3423256180us][CH2-Pc    ] 02
[T+3423264791us][CH1-Dispenser] 02 62
[T+3423334180us][CH2-Pc    ] 03
[T+3423340204us][CH1-Dispenser] 03 63
[T+3423412204us][CH2-Pc    ] 04
[T+3423421316us][CH1-Dispenser] 04 64
[T+3423490181us][CH1-Dispenser] 05
[T+3423490315us][CH2-Pc    ] 05
[T+3423686318us][CH1-Dispenser] 06
[T+3423686182us][CH2-Pc    ] 06
[T+3423854205us][CH2-Pc    ] 01
[T+3423859179us][CH1-Dispenser] 01 61
[T+3423932183us][CH2-Pc    ] 02
[T+3423938833us][CH1-Dispenser] 02 62
[T+3424010205us][CH2-Pc    ] 03
[T+3424014179us][CH1-Dispenser] 03 63
[T+3424077204us][CH2-Pc    ] 04
[T+3424088180us][CH1-Dispenser] 04 64
[T+3424155180us][CH1-Dispenser] 05
[T+3424155314us][CH2-Pc    ] 05
[T+3424341181us][CH1-Dispenser] 06
[T+3424341315us][CH2-Pc    ] 06
[T+3424505180us][CH2-Pc    ] 01
[T+3424515180us][CH1-Dispenser] 01 61
[T+3424583180us][CH2-Pc    ] 02
[T+3424588187us][CH1-Dispenser] 02 62
[T+3424661180us][CH2-Pc    ] 03
[T+3424670219us][CH1-Dispenser] 03 63
[T+3424739205us][CH2-Pc    ] 04
[T+3424747187us][CH1-Dispenser] 04 64
[T+3424826180us][CH1-Dispenser] 05
[T+3424826314us][CH2-Pc    ] 05
[T+3424991180us][CH1-Dispenser] 06
[T+3424991312us][CH2-Pc    ] 06
[T+3425165207us][CH2-Pc    ] 01
[T+3425174204us][CH1-Dispenser] 01 61
[T+3425243204us][CH2-Pc    ] 02
[T+3425248179us][CH1-Dispenser] 02 62
[T+3425312180us][CH2-Pc    ] 03
[T+3425321210us][CH1-Dispenser] 03 63
[T+3425390204us][CH2-Pc    ] 04
[T+3425394179us][CH1-Dispenser] 04 64
[T+3425458180us][CH1-Dispenser] 05
[T+3425458313us][CH2-Pc    ] 05
[T+3425632316us][CH1-Dispenser] 06
[T+3425632180us][CH2-Pc    ] 06
[T+3425807180us][CH2-Pc    ] 01
[T+3425814180us][CH1-Dispenser] 01 61
[T+3425885180us][CH2-Pc    ] 02
[T+3425893792us][CH1-Dispenser] 02 62
[T+3425963180us][CH2-Pc    ] 03
[T+3425969204us][CH1-Dispenser] 03 63
[T+3426041205us][CH2-Pc    ] 04
[T+3426050204us][CH1-Dispenser] 04 64
[T+3426119314us][CH1-Dispenser] 05
[T+3426119180us][CH2-Pc    ] 05
[T+3426294180us][CH1-Dispenser] 06
[T+3426294315us][CH2-Pc    ] 06
[T+3426458180us][CH2-Pc    ] 01
[T+3426464218us][CH1-Dispenser] 01 61
[T+3426536204us][CH2-Pc    ] 02
[T+3426547180us][CH1-Dispenser] 02 62
[T+3426614180us][CH2-Pc    ] 03
[T+3426621179us][CH1-Dispenser] 03 63
[T+3426693204us][CH2-Pc    ] 04
[T+3426699834us][CH1-Dispenser] 04 64
[T+3426771180us][CH1-Dispenser] 05
[T+3426771317us][CH2-Pc    ] 05
[T+3426945180us][CH1-Dispenser] 06
[T+3426945315us][CH2-Pc    ] 06
[T+3427120180us][CH2-Pc    ] 01
[T+3427129180us][CH1-Dispenser] 01 61
[T+3427198204us][CH2-Pc    ] 02
[T+3427205187us][CH1-Dispenser] 02 62
[T+3427278180us][CH2-Pc    ] 03
[T+3427284204us][CH1-Dispenser] 03 63
[T+3427356179us][CH1-Dispenser] 04
[T+3427355180us][CH2-Pc    ] 04
[T+3427368180us][CH1-Dispenser] 64
[T+3427434312us][CH1-Dispenser] 05
[T+3427434180us][CH2-Pc    ] 05
[T+3427598315us][CH1-Dispenser] 06
[T+3427598180us][CH2-Pc    ] 06
[T+3427772205us][CH2-Pc    ] 01
[T+3427780790us][CH1-Dispenser] 01 61
[T+3427851180us][CH2-Pc    ] 02
[T+3427859180us][CH1-Dispenser] 02 62
[T+3427929180us][CH2-Pc    ] 03
[T+3427935218us][CH1-Dispenser] 03 63
[T+3428007204us][CH2-Pc    ] 04
[T+3428016204us][CH1-Dispenser] 04 64
[T+3428085180us][CH1-Dispenser] 05
[T+3428085315us][CH2-Pc    ] 05
[T+3428261316us][CH1-Dispenser] 06
[T+3428261180us][CH2-Pc    ] 06
[T+3428436180us][CH2-Pc    ] 01
[T+3428445184us][CH1-Dispenser] 01 61
[T+3428514204us][CH2-Pc    ] 02
[T+3428518179us][CH1-Dispenser] 02 62
[T+3428592180us][CH2-Pc    ] 03
[T+3428602180us][CH1-Dispenser] 03 63
[T+3428670180us][CH2-Pc    ] 04
[T+3428675179us][CH1-Dispenser] 04 64
[T+3428748183us][CH1-Dispenser] 05
[T+3428748321us][CH2-Pc    ] 05
[T+3428912180us][CH1-Dispenser] 06
[T+3428912315us][CH2-Pc    ] 06
[T+3429087206us][CH2-Pc    ] 01
[T+3429095185us][CH1-Dispenser] 01 61
[T+3429165180us][CH2-Pc    ] 02
[T+3429174204us][CH1-Dispenser] 02 62
[T+3429243204us][CH2-Pc    ] 03
[T+3429250179us][CH1-Dispenser] 03 63
[T+3429321180us][CH2-Pc    ] 04
[T+3429329791us][CH1-Dispenser] 04 64
[T+3429399315us][CH1-Dispenser] 05
[T+3429399180us][CH2-Pc    ] 05
[T+3429574180us][CH1-Dispenser] 06
[T+3429574317us][CH2-Pc    ] 06
[T+3429739180us][CH2-Pc    ] 01
[T+3429747188us][CH1-Dispenser] 01 61
[T+3429824180us][CH2-Pc    ] 02
[T+3429828835us][CH1-Dispenser] 02 62
[T+3429892180us][CH2-Pc    ] 03
[T+3429899179us][CH1-Dispenser] 03 63
[T+3429970180us][CH2-Pc    ] 04
[T+3429974182us][CH1-Dispenser] 04 64
[T+3430048181us][CH1-Dispenser] 05
[T+3430048314us][CH2-Pc    ] 05
[T+3430223316us][CH1-Dispenser] 06
[T+3430223180us][CH2-Pc    ] 06
[T+3430397205us][CH2-Pc    ] 01
[T+3430405180us][CH1-Dispenser] 01 61
[T+3430476180us][CH2-Pc    ] 02
[T+3430484181us][CH1-Dispenser] 02 62
[T+3430554180us][CH2-Pc    ] 03
[T+3430560203us][CH1-Dispenser] 03 63
[T+3430632204us][CH2-Pc    ] 04
[T+3430641894us][CH1-Dispenser] 04 64
[T+3430710182us][CH1-Dispenser] 05
[T+3430710317us][CH2-Pc    ] 05
[T+3430885180us][CH1-Dispenser] 06
[T+3430885318us][CH2-Pc    ] 06
[T+3431060180us][CH2-Pc    ] 01
[T+3431066218us][CH1-Dispenser] 01 61
[T+3431138204us][CH2-Pc    ] 02
[T+3431144937us][CH1-Dispenser] 02 62
[T+3431216204us][CH2-Pc    ] 03
[T+3431225219us][CH1-Dispenser] 03 63
[T+3431294205us][CH2-Pc    ] 04
[T+3431301789us][CH1-Dispenser] 04 64
[T+3431363313us][CH1-Dispenser] 05
[T+3431363180us][CH2-Pc    ] 05
[T+3431538180us][CH1-Dispenser] 06
[T+3431538315us][CH2-Pc    ] 06
[T+3431713180us][CH2-Pc    ] 01
[T+3431720180us][CH1-Dispenser] 01 61
[T+3431791180us][CH2-Pc    ] 02
[T+3431800188us][CH1-Dispenser] 02 62
[T+3431869205us][CH2-Pc    ] 03
[T+3431876790us][CH1-Dispenser] 03 63
[T+3431947180us][CH2-Pc    ] 04
[T+3431957180us][CH1-Dispenser] 04 64
[T+3432025181us][CH1-Dispenser] 05
[T+3432025317us][CH2-Pc    ] 05
[T+3432200317us][CH1-Dispenser] 06
[T+3432200181us][CH2-Pc    ] 06
[T+3432373180us][CH2-Pc    ] 01
[T+3432380180us][CH1-Dispenser] 01 61
[T+3432451180us][CH2-Pc    ] 02
[T+3432459186us][CH1-Dispenser] 02 62
[T+3432529180us][CH2-Pc    ] 03
[T+3432537180us][CH1-Dispenser] 03 63
[T+3432607180us][CH2-Pc    ] 04
[T+3432618180us][CH1-Dispenser] 04 64
[T+3432685180us][CH1-Dispenser] 05
[T+3432686179us][CH2-Pc    ] 05
[T+3432852180us][CH1-Dispenser] 06
[T+3432852317us][CH2-Pc    ] 06
[T+3433026204us][CH2-Pc    ] 01
[T+3433034180us][CH1-Dispenser] 01 61
[T+3433104180us][CH2-Pc    ] 02
[T+3433111697us][CH1-Dispenser] 02 62
[T+3433183180us][CH2-Pc    ] 03
[T+3433191817us][CH1-Dispenser] 03 63
[T+3433261180us][CH2-Pc    ] 04
[T+3433265179us][CH1-Dispenser] 04 64
[T+3433328181us][CH1-Dispenser] 05
[T+3433328317us][CH2-Pc    ] 05
[T+3433514180us][CH1-Dispenser] 06
[T+3433514316us][CH2-Pc    ] 06
[T+3433678180us][CH2-Pc    ] 01
[T+3433684857us][CH1-Dispenser] 01 61
[T+3433756180us][CH2-Pc    ] 02
[T+3433764181us][CH1-Dispenser] 02 62
[T+3433834180us][CH2-Pc    ] 03
[T+3433840275us][CH1-Dispenser] 03 63
[T+3433912206us][CH2-Pc    ] 04
[T+3433921218us][CH1-Dispenser] 04 64
[T+3433990180us][CH1-Dispenser] 05
[T+3433990314us][CH2-Pc    ] 05
[T+3434165182us][CH1-Dispenser] 06
[T+3434165317us][CH2-Pc    ] 06
[T+3434341180us][CH2-Pc    ] 01
[T+3434349181us][CH1-Dispenser] 01 61
[T+3434419180us][CH2-Pc    ] 02
[T+3434425935us][CH1-Dispenser] 02 62
[T+3434497204us][CH2-Pc    ] 03
[T+3434506219us][CH1-Dispenser] 03 63
[T+3434575204us][CH2-Pc    ] 04
[T+3434580179us][CH1-Dispenser] 04 64
[T+3434653181us][CH1-Dispenser] 05
[T+3434653316us][CH2-Pc    ] 05
[T+3434817181us][CH1-Dispenser] 06
[T+3434817319us][CH2-Pc    ] 06
[T+3434992180us][CH2-Pc    ] 01
[T+3435000180us][CH1-Dispenser] 01 61
[T+3435070180us][CH2-Pc    ] 02
[T+3435079205us][CH1-Dispenser] 02 62
[T+3435149180us][CH2-Pc    ] 03
[T+3435155203us][CH1-Dispenser] 03 63
[T+3435226180us][CH2-Pc    ] 04
[T+3435238204us][CH1-Dispenser] 04 64
[T+3435305182us][CH1-Dispenser] 05
[T+3435305315us][CH2-Pc    ] 05
[T+3435480180us][CH1-Dispenser] 06
[T+3435480319us][CH2-Pc    ] 06
[T+3435653180us][CH2-Pc    ] 01
[T+3435659204us][CH1-Dispenser] 01 61
[T+3435731204us][CH2-Pc    ] 02
[T+3435740187us][CH1-Dispenser] 02 62
[T+3435810182us][CH2-Pc    ] 03
[T+3435816273us][CH1-Dispenser] 03 63
[T+3435888204us][CH2-Pc    ] 04
[T+3435897219us][CH1-Dispenser] 04 64
[T+3435966180us][CH1-Dispenser] 05
[T+3435966314us][CH2-Pc    ] 05
[T+3436130180us][CH1-Dispenser] 06
[T+3436130317us][CH2-Pc    ] 06
[T+3436305180us][CH2-Pc    ] 01
[T+3436310179us][CH1-Dispenser] 01 61
[T+3436383180us][CH2-Pc    ] 02
[T+3436391219us][CH1-Dispenser] 02 62
[T+3436461180us][CH2-Pc    ] 03
[T+3436465179us][CH1-Dispenser] 03 63
[T+3436528210us][CH2-Pc    ] 04
[T+3436537209us][CH1-Dispenser] 04 64
[T+3436606180us][CH1-Dispenser] 05
[T+3436606314us][CH2-Pc    ] 05
[T+3436770187us][CH1-Dispenser] 06
[T+3436771179us][CH2-Pc    ] 06
[T+3436942180us][CH2-Pc    ] 01
[T+3436949826us][CH1-Dispenser] 01 61
[T+3437020180us][CH2-Pc    ] 02
[T+3437030180us][CH1-Dispenser] 02 62
[T+3437099205us][CH2-Pc    ] 03
[T+3437105218us][CH1-Dispenser] 03 63
[T+3437177205us][CH2-Pc    ] 04
[T+3437186218us][CH1-Dispenser] 04 64
[T+3437255180us][CH1-Dispenser] 05
[T+3437255315us][CH2-Pc    ] 05
[T+3437431316us][CH1-Dispenser] 06
[T+3437431180us][CH2-Pc    ] 06
[T+3437605204us][CH2-Pc    ] 01
[T+3437611835us][CH1-Dispenser] 01 61
[T+3437683180us][CH2-Pc    ] 02
[T+3437690180us][CH1-Dispenser] 02 62
[T+3437762204us][CH2-Pc    ] 03
[T+3437771218us][CH1-Dispenser] 03 63
[T+3437840204us][CH2-Pc    ] 04
[T+3437845179us][CH1-Dispenser] 04 64
[T+3437918181us][CH1-Dispenser] 05
[T+3437918316us][CH2-Pc    ] 05
[T+3438082180us][CH1-Dispenser] 06
[T+3438082315us][CH2-Pc    ] 06
[T+3438257205us][CH2-Pc    ] 01
[T+3438265806us][CH1-Dispenser] 01 61
[T+3438336180us][CH2-Pc    ] 02
[T+3438344180us][CH1-Dispenser] 02 62
[T+3438414180us][CH2-Pc    ] 03
[T+3438420203us][CH1-Dispenser] 03 63
[T+3438492204us][CH2-Pc    ] 04
[T+3438503180us][CH1-Dispenser] 04 64
[T+3438567180us][CH1-Dispenser] 05
[T+3438567314us][CH2-Pc    ] 05
[T+3438742319us][CH1-Dispenser] 06
[T+3438742181us][CH2-Pc    ] 06
[T+3438917180us][CH2-Pc    ] 01
[T+3438924179us][CH1-Dispenser] 01 61
[T+3438995180us][CH2-Pc    ] 02
[T+3439000179us][CH1-Dispenser] 02 62
[T+3439073180us][CH2-Pc    ] 03
[T+3439081220us][CH1-Dispenser] 03 63
[T+3439151180us][CH2-Pc    ] 04
[T+3439160215us][CH1-Dispenser] 04 64
[T+3439229319us][CH1-Dispenser] 05
[T+3439229181us][CH2-Pc    ] 05
[T+3439404181us][CH1-Dispenser] 06
[T+3439404319us][CH2-Pc    ] 06
[T+3439568180us][CH2-Pc    ] 01
[T+3439576604us][CH1-Dispenser] 01 61
[T+3439646180us][CH2-Pc    ] 02
[T+3439654820us][CH1-Dispenser] 02 62
[T+3439724180us][CH2-Pc    ] 03
[T+3439732187us][CH1-Dispenser] 03 63
[T+3439803180us][CH2-Pc    ] 04
[T+3439813180us][CH1-Dispenser] 04 64
[T+3439881180us][CH1-Dispenser] 05
[T+3439881316us][CH2-Pc    ] 05
[T+3440055316us][CH1-Dispenser] 06
[T+3440055180us][CH2-Pc    ] 06
[T+3440230180us][CH2-Pc    ] 01
[T+3440234825us][CH1-Dispenser] 01 61
[T+3440298180us][CH2-Pc    ] 02
[T+3440304203us][CH1-Dispenser] 02 62
[T+3440380179us][CH1-Dispenser] 03 63
[T+3440376204us][CH2-Pc    ] 03
[T+3440443204us][CH2-Pc    ] 04
[T+3440452218us][CH1-Dispenser] 04 64
[T+3440521182us][CH1-Dispenser] 05
[T+3440521318us][CH2-Pc    ] 05
[T+3440696180us][CH1-Dispenser] 06
[T+3440696316us][CH2-Pc    ] 06
[T+3440871180us][CH2-Pc    ] 01
[T+3440881181us][CH1-Dispenser] 01 61
[T+3440949180us][CH2-Pc    ] 02
[T+3440955218us][CH1-Dispenser] 02 62
[T+3441032180us][CH2-Pc    ] 03
[T+3441042180us][CH1-Dispenser] 03 63
[T+3441110180us][CH2-Pc    ] 04
[T+3441117179us][CH1-Dispenser] 04 64
[T+3441188315us][CH1-Dispenser] 05
[T+3441188181us][CH2-Pc    ] 05
[T+3441365181us][CH1-Dispenser] 06
[T+3441365317us][CH2-Pc    ] 06
[T+3441540180us][CH2-Pc    ] 01
[T+3441548216us][CH1-Dispenser] 01 61
[T+3441618180us][CH2-Pc    ] 02
[T+3441625180us][CH1-Dispenser] 02 62
[T+3441696180us][CH2-Pc    ] 03
[T+3441701187us][CH1-Dispenser] 03 63
[T+3441774180us][CH2-Pc    ] 04
[T+3441784180us][CH1-Dispenser] 04 64
[T+3441852180us][CH1-Dispenser] 05
[T+3441852548us][CH2-Pc    ] 05
[T+3442027180us][CH1-Dispenser] 06
[T+3442027314us][CH2-Pc    ] 06
[T+3442191180us][CH2-Pc    ] 01
[T+3442200275us][CH1-Dispenser] 01 61
[T+3442269205us][CH2-Pc    ] 02
[T+3442276179us][CH1-Dispenser] 02 62
[T+3442347180us][CH2-Pc    ] 03
[T+3442355180us][CH1-Dispenser] 03 63
[T+3442426180us][CH2-Pc    ] 04
[T+3442431179us][CH1-Dispenser] 04 64
[T+3442504180us][CH1-Dispenser] 05
[T+3442504314us][CH2-Pc    ] 05
[T+3442678181us][CH1-Dispenser] 06
[T+3442679180us][CH2-Pc    ] 06
[T+3442853180us][CH2-Pc    ] 01
[T+3442861833us][CH1-Dispenser] 01 61
[T+3442931180us][CH2-Pc    ] 02
[T+3442941180us][CH1-Dispenser] 02 62
[T+3443010205us][CH2-Pc    ] 03
[T+3443016218us][CH1-Dispenser] 03 63
[T+3443088204us][CH2-Pc    ] 04
[T+3443097204us][CH1-Dispenser] 04 64
[T+3443166180us][CH1-Dispenser] 05
[T+3443166314us][CH2-Pc    ] 05
[T+3443342180us][CH1-Dispenser] 06
[T+3443342314us][CH2-Pc    ] 06
[T+3443506180us][CH2-Pc    ] 01
[T+3443510179us][CH1-Dispenser] 01 61
[T+3443573205us][CH2-Pc    ] 02
[T+3443580794us][CH1-Dispenser] 02 62
[T+3443651180us][CH2-Pc    ] 03
[T+3443656179us][CH1-Dispenser] 03 63
[T+3443729180us][CH2-Pc    ] 04
[T+3443735219us][CH1-Dispenser] 04 64
[T+3443807180us][CH1-Dispenser] 05
[T+3443807315us][CH2-Pc    ] 05
[T+3443982181us][CH1-Dispenser] 06
[T+3443982317us][CH2-Pc    ] 06
[T+3444150204us][CH2-Pc    ] 01
[T+3444155829us][CH1-Dispenser] 01 61
[T+3444228180us][CH2-Pc    ] 02
[T+3444234218us][CH1-Dispenser] 02 62
[T+3444309204us][CH2-Pc    ] 03
[T+3444317182us][CH1-Dispenser] 03 63
[T+3444386204us][CH2-Pc    ] 04
[T+3444391793us][CH1-Dispenser] 04 64
[T+3444465317us][CH1-Dispenser] 05
[T+3444465181us][CH2-Pc    ] 05
[T+3444630180us][CH1-Dispenser] 06
[T+3444630314us][CH2-Pc    ] 06