connected
[T+679293286us][CH1-Dispenser] 22 D2 FF
[T+679293424us][CH2-Pc    ] FF
[T+679305777us][CH1-Dispenser] E9
[T+679305637us][CH2-Pc    ] E9
[T+679318413us][CH1-Dispenser] FE
[T+679318281us][CH2-Pc    ] FE
[T+679331430us][CH1-Dispenser] E0
[T+679331288us][CH2-Pc    ] E0
[T+679346288us][CH1-Dispenser] E1
[T+679346428us][CH2-Pc    ] E1
[T+679356428us][CH1-Dispenser] E0
[T+679356288us][CH2-Pc    ] E0
[T+679369415us][CH1-Dispenser] FB
[T+679369282us][CH2-Pc    ] FB
[T+679381415us][CH1-Dispenser] EE
[T+679381281us][CH2-Pc    ] EE
[T+679394280us][CH2-Pc    ] F0
[T+679422304us][CH1-Dispenser] F0 BA B0 B3 B2 B0 B1 B0 B0 B0 B0 B1 B1 B1 B1 B1 C1 C1 8D 8A
[T+679489283us][CH2-Pc    ] 03
[T+679498373us][CH1-Dispenser] 03 73
[T+679516280us][CH2-Pc    ] 23
[T+679523281us][CH1-Dispenser] 23 D3
[T+679550415us][CH1-Dispenser] FF E9
[T+679550281us][CH2-Pc    ] FF E9
[T+679563413us][CH1-Dispenser] FE
[T+679563281us][CH2-Pc    ] FE
[T+679576374us][CH1-Dispenser] E0
[T+679576281us][CH2-Pc    ] E0
[T+679588417us][CH1-Dispenser] E1
[T+679588282us][CH2-Pc    ] E1
[T+679601416us][CH1-Dispenser] E0
[T+679601282us][CH2-Pc    ] E0
[T+679614411us][CH1-Dispenser] FB
[T+679614281us][CH2-Pc    ] FB
[T+679627413us][CH1-Dispenser] EE
[T+679627281us][CH2-Pc    ] EE
[T+679640424us][CH2-Pc    ] F0
[T+679671280us][CH1-Dispenser] F0 BA B0 B3 B3 B0 B1 B0 B0 B0 B0 B1 B1 B1 B1 B1 B9 C1 8D 8A
[T+679741280us][CH2-Pc    ] 04
[T+679747288us][CH1-Dispenser] 04 64
[T+679819412us][CH1-Dispenser] 05
[T+679819281us][CH2-Pc    ] 05
[T+679994413us][CH1-Dispenser] 06
[T+679994281us][CH2-Pc    ] 06
[T+680169280us][CH2-Pc    ] 01
[T+680175288us][CH1-Dispenser] 01 61
[T+680247288us][CH2-Pc    ] 02
[T+680255705us][CH1-Dispenser] 02 72
[T+680274281us][CH2-Pc    ] 22
[T+680295281us][CH1-Dispenser] 22 D2 FF
[T+680296280us][CH2-Pc    ] FF
[T+680309198us][CH1-Dispenser] E9
[T+680309045us][CH2-Pc    ] E9
[T+680322428us][CH1-Dispenser] FE
[T+680322288us][CH2-Pc    ] FE
[T+680335430us][CH1-Dispenser] E0
[T+680335288us][CH2-Pc    ] E0
[T+680347424us][CH1-Dispenser] E1
[T+680347284us][CH2-Pc    ] E1
[T+680360425us][CH1-Dispenser] E0
[T+680360286us][CH2-Pc    ] E0
[T+680373280us][CH1-Dispenser] FB
[T+680372284us][CH2-Pc    ] FB
[T+680384428us][CH1-Dispenser] EE
[T+680384288us][CH2-Pc    ] EE
[T+680397280us][CH2-Pc    ] F0
[T+680428280us][CH1-Dispenser] F0 BA B0 B3 B2 B0 B1 B0 B0 B0 B0 B1 B1 B1 B1 B1 C1 C1 8D 8A
[T+680500304us][CH2-Pc    ] 03
[T+680509280us][CH1-Dispenser] 03 73
[T+680544280us][CH2-Pc    ] 23
[T+680565281us][CH1-Dispenser] 23 D3 FF
[T+680565417us][CH2-Pc    ] FF
[T+680578411us][CH1-Dispenser] E9
[T+680578281us][CH2-Pc    ] E9
[T+680591288us][CH1-Dispenser] FE
[T+680591423us][CH2-Pc    ] FE
[T+680606424us][CH1-Dispenser] E0
[T+680606286us][CH2-Pc    ] E0
[T+680616424us][CH1-Dispenser] E1
[T+680616288us][CH2-Pc    ] E1
[T+680629428us][CH1-Dispenser] E0
[T+680629289us][CH2-Pc    ] E0
[T+680641428us][CH1-Dispenser] FB
[T+680641289us][CH2-Pc    ] FB
[T+680654428us][CH1-Dispenser] EE
[T+680654288us][CH2-Pc    ] EE
[T+680667281us][CH2-Pc    ] F0
[T+680696280us][CH1-Dispenser] F0 BA B0 B3 B3 B0 B1 B0 B0 B0 B0 B1 B1 B1 B1 B1 B9 C1 8D 8A
[T+680768305us][CH2-Pc    ] 04
[T+680772309us][CH1-Dispenser] 04 64
[T+680836413us][CH1-Dispenser] 05
[T+680836281us][CH2-Pc    ] 05
[T+681011417us][CH1-Dispenser] 06
[T+681011281us][CH2-Pc    ] 06
[T+681179304us][CH2-Pc    ] 01
[T+681185280us][CH1-Dispenser] 01 61
[T+681257306us][CH2-Pc    ] 02
[T+681264281us][CH1-Dispenser] 02 72
[T+681295412us][CH1-Dispenser] 22 D2 FF
[T+681295281us][CH2-Pc    ] 22 FF
[T+681308417us][CH1-Dispenser] E9
[T+681308284us][CH2-Pc    ] E9
[T+681321423us][CH1-Dispenser] FE
[T+681321286us][CH2-Pc    ] FE
[T+681334421us][CH1-Dispenser] E0
[T+681334285us][CH2-Pc    ] E0
[T+681346615us][CH1-Dispenser] E1
[T+681346754us][CH2-Pc    ] E1
[T+681359428us][CH1-Dispenser] E0
[T+681359288us][CH2-Pc    ] E0
[T+681372428us][CH1-Dispenser] FB
[T+681372288us][CH2-Pc    ] FB
[T+681384428us][CH1-Dispenser] EE
[T+681384288us][CH2-Pc    ] EE
[T+681397281us][CH2-Pc    ] F0
[T+681428281us][CH1-Dispenser] F0 BA B0 B3 B2 B0 B1 B0 B0 B0 B0 B1 B1 B1 B1 B1 C1 C1 8D 8A
[T+681499282us][CH2-Pc    ] 03
[T+681507321us][CH1-Dispenser] 03 73
[T+681526281us][CH2-Pc    ] 23
[T+681534500us][CH1-Dispenser] 23 D3
[T+681560413us][CH1-Dispenser] FF E9
[T+681560281us][CH2-Pc    ] FF E9
[T+681573428us][CH1-Dispenser] FE
[T+681573288us][CH2-Pc    ] FE
[T+681586427us][CH1-Dispenser] E0
[T+681586288us][CH2-Pc    ] E0
[T+681598424us][CH1-Dispenser] E1
[T+681598288us][CH2-Pc    ] E1
[T+681611410us][CH1-Dispenser] E0
[T+681611281us][CH2-Pc    ] E0
[T+681624469us][CH1-Dispenser] FB
[T+681624321us][CH2-Pc    ] FB
[T+681636428us][CH1-Dispenser] EE
[T+681636288us][CH2-Pc    ] EE
[T+681649284us][CH2-Pc    ] F0
[T+681682280us][CH1-Dispenser] F0 BA B0 B3 B3 B0 B1 B0 B0 B0 B0 B1 B1 B1 B1 B1 B9 C1 8D 8A
[T+681751280us][CH2-Pc    ] 04
[T+681757280us][CH1-Dispenser] 04 64
[T+681829412us][CH1-Dispenser] 05
[T+681829281us][CH2-Pc    ] 05
[T+681993413us][CH1-Dispenser] 06
[T+681993281us][CH2-Pc    ] 06
[T+682168280us][CH2-Pc    ] 01
[T+682176979us][CH1-Dispenser] 01 61
[T+682246280us][CH2-Pc    ] 02
[T+682250309us][CH1-Dispenser] 02 72
[T+682263281us][CH2-Pc    ] 22
[T+682271321us][CH1-Dispenser] 22 D2
[T+682284412us][CH1-Dispenser] FF
[T+682284281us][CH2-Pc    ] FF
[T+682296427us][CH1-Dispenser] E9
[T+682296288us][CH2-Pc    ] E9
[T+682309428us][CH1-Dispenser] FE
[T+682309288us][CH2-Pc    ] FE
[T+682322424us][CH1-Dispenser] E0
[T+682322288us][CH2-Pc    ] E0
[T+682350414us][CH1-Dispenser] E1 E0
[T+682350282us][CH2-Pc    ] E1 E0
[T+682364287us][CH1-Dispenser] FB
[T+682364426us][CH2-Pc    ] FB
[T+682376427us][CH1-Dispenser] EE
[T+682376289us][CH2-Pc    ] EE
[T+682389280us][CH2-Pc    ] F0
[T+682417306us][CH1-Dispenser] F0 BA B0 B3 B2 B0 B1 B0 B0 B0 B0 B1 B1 B1 B1 B1 C1 C1 8D 8A
[T+682490280us][CH2-Pc    ] 03
[T+682500949us][CH1-Dispenser] 03 73
[T+682517280us][CH2-Pc    ] 23
[T+682523280us][CH1-Dispenser] 23 D3
[T+682539413us][CH1-Dispenser] FF
[T+682539281us][CH2-Pc    ] FF
[T+682556412us][CH1-Dispenser] E9
[T+682556281us][CH2-Pc    ] E9
[T+682570288us][CH1-Dispenser] FE
[T+682570428us][CH2-Pc    ] FE
[T+682582428us][CH1-Dispenser] E0
[T+682582288us][CH2-Pc    ] E0
[T+682594428us][CH1-Dispenser] E1
[T+682594288us][CH2-Pc    ] E1
[T+682608287us][CH1-Dispenser] E0
[T+682608425us][CH2-Pc    ] E0
[T+682620431us][CH1-Dispenser] FB
[T+682620281us][CH2-Pc    ] FB
[T+682632413us][CH1-Dispenser] EE
[T+682632282us][CH2-Pc    ] EE
[T+682645280us][CH2-Pc    ] F0
[T+682674280us][CH1-Dispenser] F0 BA B0 B3 B3 B0 B1 B0 B0 B0 B0 B1 B1 B1 B1 B1 B9 C1 8D 8A
[T+682748398us][CH2-Pc    ] 04
[T+682752309us][CH1-Dispenser] 04 64
[T+682815413us][CH1-Dispenser] 05
[T+682815281us][CH2-Pc    ] 05
[T+683001416us][CH1-Dispenser] 06
[T+683001282us][CH2-Pc    ] 06
[T+683165304us][CH2-Pc    ] 01
[T+683170280us][CH1-Dispenser] 01 61
[T+683249282us][CH2-Pc    ] 02
[T+683255288us][CH1-Dispenser] 02 72
[T+683276280us][CH2-Pc    ] 22
[T+683286281us][CH1-Dispenser] 22 D2
[T+683298416us][CH1-Dispenser] FF
[T+683298281us][CH2-Pc    ] FF
[T+683311410us][CH1-Dispenser] E9
[T+683311281us][CH2-Pc    ] E9
[T+683324412us][CH1-Dispenser] FE
[T+683324281us][CH2-Pc    ] FE
[T+683336415us][CH1-Dispenser] E0
[T+683336281us][CH2-Pc    ] E0
[T+683349417us][CH1-Dispenser] E1
[T+683349281us][CH2-Pc    ] E1
[T+683362425us][CH1-Dispenser] E0
[T+683362287us][CH2-Pc    ] E0
[T+683375410us][CH1-Dispenser] FB
[T+683375281us][CH2-Pc    ] FB
[T+683387414us][CH1-Dispenser] EE
[T+683387282us][CH2-Pc    ] EE
[T+683400281us][CH2-Pc    ] F0
[T+683428304us][CH1-Dispenser] F0 BA B0 B3 B2 B0 B1 B0 B0 B0 B0 B1 B1 B1 B1 B1 C1 C1 8D 8A
[T+683492305us][CH2-Pc    ] 03
[T+683499134us][CH1-Dispenser] 03 73
[T+683519281us][CH2-Pc    ] 23
[T+683541281us][CH1-Dispenser] 23 D3 FF
[T+683541416us][CH2-Pc    ] FF
[T+683554410us][CH1-Dispenser] E9
[T+683554281us][CH2-Pc    ] E9
[T+683567412us][CH1-Dispenser] FE
[T+683567281us][CH2-Pc    ] FE
[T+683580430us][CH1-Dispenser] E0
[T+683580290us][CH2-Pc    ] E0
[T+683593129us][CH1-Dispenser] E1
[T+683592974us][CH2-Pc    ] E1
[T+683606425us][CH1-Dispenser] E0
[T+683606285us][CH2-Pc    ] E0
[T+683618288us][CH1-Dispenser] FB
[T+683618428us][CH2-Pc    ] FB
[T+683630428us][CH1-Dispenser] EE
[T+683630288us][CH2-Pc    ] EE
[T+683643438us][CH2-Pc    ] F0
[T+683671304us][CH1-Dispenser] F0 BA B0 B3 B3 B0 B1 B0 B0 B0 B0 B1 B1 B1 B1 B1 B9 C1 8D 8A
[T+683735305us][CH2-Pc    ] 04
[T+683743672us][CH1-Dispenser] 04 64
[T+683813412us][CH1-Dispenser] 05
[T+683813281us][CH2-Pc    ] 05
[T+683977412us][CH1-Dispenser] 06
[T+683977281us][CH2-Pc    ] 06
[T+684152280us][CH2-Pc    ] 01
[T+684159288us][CH1-Dispenser] 01 61
[T+684230280us][CH2-Pc    ] 02
[T+684235280us][CH1-Dispenser] 02 72
[T+684257280us][CH2-Pc    ] 22
[T+684266895us][CH1-Dispenser] 22 D2
[T+684280413us][CH1-Dispenser] FF
[T+684280281us][CH2-Pc    ] FF
[T+684293422us][CH1-Dispenser] E9
[T+684293288us][CH2-Pc    ] E9
[T+684306428us][CH1-Dispenser] FE
[T+684306288us][CH2-Pc    ] FE
[T+684319424us][CH1-Dispenser] E0
[T+684319285us][CH2-Pc    ] E0
[T+684331427us][CH1-Dispenser] E1
[T+684331288us][CH2-Pc    ] E1
[T+684343428us][CH1-Dispenser] E0
[T+684343288us][CH2-Pc    ] E0
[T+684356427us][CH1-Dispenser] FB
[T+684356288us][CH2-Pc    ] FB
[T+684369424us][CH1-Dispenser] EE
[T+684369288us][CH2-Pc    ] EE
[T+684382428us][CH1-Dispenser] F0
[T+684382288us][CH2-Pc    ] F0
[T+684417455us][CH1-Dispenser] BA B0 B3 B2 B0 B1 B0 B0 B0 B0 B1 B1 B1 B1 B1 C1 C1 8D 8A
[T+684484280us][CH2-Pc    ] 03
[T+684494288us][CH1-Dispenser] 03 73
[T+684511280us][CH2-Pc    ] 23
[T+684518723us][CH1-Dispenser] 23 D3
[T+684533427us][CH1-Dispenser] FF
[T+684533288us][CH2-Pc    ] FF
[T+684554412us][CH1-Dispenser] E9
[T+684554281us][CH2-Pc    ] E9
[T+684583422us][CH1-Dispenser] FE E0
[T+684583284us][CH2-Pc    ] FE E0
[T+684596417us][CH1-Dispenser] E1
[T+684596282us][CH2-Pc    ] E1
[T+684610421us][CH1-Dispenser] E0
[T+684610284us][CH2-Pc    ] E0
[T+684622425us][CH1-Dispenser] FB
[T+684622287us][CH2-Pc    ] FB
[T+684634419us][CH1-Dispenser] EE
[T+684634282us][CH2-Pc    ] EE
[T+684647280us][CH2-Pc    ] F0
[T+684675281us][CH1-Dispenser] F0 BA B0 B3 B3 B0 B1 B0 B0 B0 B0 B1 B1 B1 B1 B1 B9 C1 8D 8A
[T+684739304us][CH2-Pc    ] 04
[T+684748394us][CH1-Dispenser] 04 64
[T+684819413us][CH1-Dispenser] 05
[T+684819281us][CH2-Pc    ] 05
[T+684994414us][CH1-Dispenser] 06
[T+684994281us][CH2-Pc    ] 06
[T+685168280us][CH2-Pc    ] 01
[T+685178280us][CH1-Dispenser] 01 61
[T+685247281us][CH2-Pc    ] 02
[T+685257281us][CH1-Dispenser] 02 72
[T+685274281us][CH2-Pc    ] 22
[T+685282524us][CH1-Dispenser] 22 D2
[T+685295426us][CH1-Dispenser] FF
[T+685295287us][CH2-Pc    ] FF
[T+685308424us][CH1-Dispenser] E9
[T+685308284us][CH2-Pc    ] E9
[T+685321473us][CH1-Dispenser] FE
[T+685321284us][CH2-Pc    ] FE
[T+685334416us][CH1-Dispenser] E0
[T+685334282us][CH2-Pc    ] E0
[T+685347280us][CH1-Dispenser] E1
[T+685346283us][CH2-Pc    ] E1
[T+685359420us][CH1-Dispenser] E0
[T+685359283us][CH2-Pc    ] E0
[T+685372410us][CH1-Dispenser] FB
[T+685372281us][CH2-Pc    ] FB
[T+685384412us][CH1-Dispenser] EE
[T+685384281us][CH2-Pc    ] EE
[T+685397280us][CH2-Pc    ] F0
[T+685428280us][CH1-Dispenser] F0 BA B0 B3 B2 B0 B1 B0 B0 B0 B0 B1 B1 B1 B1 B1 C1 C1 8D 8A
[T+685499280us][CH2-Pc    ] 03
[T+685503310us][CH1-Dispenser] 03 73
[T+685526280us][CH2-Pc    ] 23
[T+685534321us][CH1-Dispenser] 23 D3
[T+685559416us][CH1-Dispenser] FF E9
[T+685559281us][CH2-Pc    ] FF E9
[T+685574284us][CH1-Dispenser] FE
[T+685574423us][CH2-Pc    ] FE
[T+685585428us][CH1-Dispenser] E0
[T+685585288us][CH2-Pc    ] E0
[T+685598427us][CH1-Dispenser] E1
[T+685598288us][CH2-Pc    ] E1
[T+685611427us][CH1-Dispenser] E0
[T+685611288us][CH2-Pc    ] E0
[T+685624423us][CH1-Dispenser] FB
[T+685624288us][CH2-Pc    ] FB
[T+685639423us][CH1-Dispenser] EE
[T+685639284us][CH2-Pc    ] EE
[T+685652281us][CH2-Pc    ] F0
[T+685680304us][CH1-Dispenser] F0 BA B0 B3 B3 B0 B1 B0 B0 B0 B0 B1 B1 B1 B1 B1 B9 C1 8D 8A
[T+685753280us][CH2-Pc    ] 04
[T+685758280us][CH1-Dispenser] 04 64
[T+685821413us][CH1-Dispenser] 05
[T+685821281us][CH2-Pc    ] 05
[T+685996414us][CH1-Dispenser] 06
[T+685996281us][CH2-Pc    ] 06
[T+686170280us][CH2-Pc    ] 01
[T+686176281us][CH1-Dispenser] 01 61
[T+686250280us][CH2-Pc    ] 02
[T+686255280us][CH1-Dispenser] 02 72
[T+686277280us][CH2-Pc    ] 22
[T+686286281us][CH1-Dispenser] 22 D2
[T+686310412us][CH1-Dispenser] FF E9
[T+686310281us][CH2-Pc    ] FF E9
[T+686325424us][CH1-Dispenser] FE
[T+686325285us][CH2-Pc    ] FE
[T+686337423us][CH1-Dispenser] E0
[T+686337288us][CH2-Pc    ] E0
[T+686351288us][CH1-Dispenser] E1
[T+686351428us][CH2-Pc    ] E1
[T+686362427us][CH1-Dispenser] E0
[T+686362288us][CH2-Pc    ] E0
[T+686374592us][CH2-Pc    ] FB
[T+686375280us][CH1-Dispenser] FB
[T+686387410us][CH1-Dispenser] EE
[T+686387281us][CH2-Pc    ] EE
[T+686400280us][CH2-Pc    ] F0
[T+686428304us][CH1-Dispenser] F0 BA B0 B3 B2 B0 B1 B0 B0 B0 B0 B1 B1 B1 B1 B1 C1 C1 8D 8A
[T+686502280us][CH2-Pc    ] 03
[T+686509297us][CH1-Dispenser] 03 73
[T+686530280us][CH2-Pc    ] 23
[T+686563412us][CH1-Dispenser] 23 D3 FF E9
[T+686563281us][CH2-Pc    ] FF E9
[T+686577425us][CH1-Dispenser] FE
[T+686577287us][CH2-Pc    ] FE
[T+686590421us][CH1-Dispenser] E0
[T+686590283us][CH2-Pc    ] E0
[T+686602423us][CH1-Dispenser] E1
[T+686602287us][CH2-Pc    ] E1
[T+686615416us][CH1-Dispenser] E0
[T+686615282us][CH2-Pc    ] E0
[T+686628299us][CH1-Dispenser] FB
[T+686628440us][CH2-Pc    ] FB
[T+686640288us][CH1-Dispenser] EE
[T+686640430us][CH2-Pc    ] EE
[T+686653280us][CH2-Pc    ] F0
[T+686681523us][CH1-Dispenser] F0 BA B0 B3 B3 B0 B1 B0 B0 B0 B0 B1 B1 B1 B1 B1 B9 C1 8D 8A
[T+686745306us][CH2-Pc    ] 04
[T+686752288us][CH1-Dispenser] 04 64
[T+686836416us][CH1-Dispenser] 05
[T+686836281us][CH2-Pc    ] 05
[T+687011416us][CH1-Dispenser] 06
[T+687011282us][CH2-Pc    ] 06
[T+687186280us][CH2-Pc    ] 01
[T+687190309us][CH1-Dispenser] 01 61
[T+687253280us][CH2-Pc    ] 02
[T+687260479us][CH1-Dispenser] 02 72
[T+687281280us][CH2-Pc    ] 22
[T+687286280us][CH1-Dispenser] 22 D2
[T+687302411us][CH1-Dispenser] FF
[T+687302281us][CH2-Pc    ] FF
[T+687315416us][CH1-Dispenser] E9
[T+687315282us][CH2-Pc    ] E9
[T+687328410us][CH1-Dispenser] FE
[T+687328281us][CH2-Pc    ] FE
[T+687340424us][CH1-Dispenser] E0
[T+687340285us][CH2-Pc    ] E0
[T+687353415us][CH1-Dispenser] E1
[T+687353282us][CH2-Pc    ] E1
[T+687366414us][CH1-Dispenser] E0
[T+687366281us][CH2-Pc    ] E0
[T+687378425us][CH1-Dispenser] FB
[T+687378287us][CH2-Pc    ] FB
[T+687391283us][CH1-Dispenser] EE
[T+687392280us][CH2-Pc    ] EE
[T+687404281us][CH2-Pc    ] F0
[T+687435281us][CH1-Dispenser] F0 BA B0 B3 B2 B0 B1 B0 B0 B0 B0 B1 B1 B1 B1 B1 C1 C1 8D 8A
[T+687505280us][CH2-Pc    ] 03
[T+687512917us][CH1-Dispenser] 03 73
[T+687533281us][CH2-Pc    ] 23
[T+687537309us][CH1-Dispenser] 23 D3
[T+687554412us][CH1-Dispenser] FF
[T+687554281us][CH2-Pc    ] FF
[T+687568422us][CH1-Dispenser] E9
[T+687568284us][CH2-Pc    ] E9
[T+687580427us][CH1-Dispenser] FE
[T+687580287us][CH2-Pc    ] FE
[T+687593422us][CH1-Dispenser] E0
[T+687593284us][CH2-Pc    ] E0
[T+687605429us][CH1-Dispenser] E1
[T+687605286us][CH2-Pc    ] E1
[T+687618426us][CH1-Dispenser] E0
[T+687618285us][CH2-Pc    ] E0
[T+687630434us][CH1-Dispenser] FB
[T+687630288us][CH2-Pc    ] FB
[T+687644284us][CH1-Dispenser] EE
[T+687644423us][CH2-Pc    ] EE
[T+687656308us][CH2-Pc    ] F0
[T+687685280us][CH1-Dispenser] F0 BA B0 B3 B3 B0 B1 B0 B0 B0 B0 B1 B1 B1 B1 B1 B9 C1 8D 8A
[T+687758281us][CH2-Pc    ] 04
[T+687765288us][CH1-Dispenser] 04 64
[T+687836412us][CH1-Dispenser] 05
[T+687836281us][CH2-Pc    ] 05
[T+688011415us][CH1-Dispenser] 06
[T+688011281us][CH2-Pc    ] 06
[T+688186280us][CH2-Pc    ] 01
[T+688190309us][CH1-Dispenser] 01 61
[T+688253281us][CH2-Pc    ] 02
[T+688261321us][CH1-Dispenser] 02 72
[T+688281313us][CH2-Pc    ] 22
[T+688286884us][CH1-Dispenser] 22 D2
[T+688314412us][CH1-Dispenser] FF E9
[T+688314281us][CH2-Pc    ] FF E9
[T+688328427us][CH1-Dispenser] FE
[T+688328288us][CH2-Pc    ] FE
[T+688340435us][CH1-Dispenser] E0
[T+688340288us][CH2-Pc    ] E0
[T+688353428us][CH1-Dispenser] E1
[T+688353288us][CH2-Pc    ] E1
[T+688366427us][CH1-Dispenser] E0
[T+688366289us][CH2-Pc    ] E0
[T+688391412us][CH1-Dispenser] FB EE
[T+688391281us][CH2-Pc    ] FB EE
[T+688404281us][CH2-Pc    ] F0
[T+688437280us][CH1-Dispenser] F0 BA B0 B3 B2 B0 B1 B0 B0 B0 B0 B1 B1 B1 B1 B1 C1 C1 8D 8A
[T+688507280us][CH2-Pc    ] 03
[T+688513288us][CH1-Dispenser] 03 73
[T+688539280us][CH2-Pc    ] 23
[T+688545288us][CH1-Dispenser] 23 D3
[T+688560414us][CH1-Dispenser] FF
[T+688560281us][CH2-Pc    ] FF
[T+688573413us][CH1-Dispenser] E9
[T+688573281us][CH2-Pc    ] E9
[T+688585416us][CH1-Dispenser] FE
[T+688585282us][CH2-Pc    ] FE
[T+688598417us][CH1-Dispenser] E0
[T+688598284us][CH2-Pc    ] E0
[T+688611416us][CH1-Dispenser] E1
[T+688611282us][CH2-Pc    ] E1
[T+688624421us][CH1-Dispenser] E0
[T+688624283us][CH2-Pc    ] E0
[T+688636412us][CH1-Dispenser] FB
[T+688636281us][CH2-Pc    ] FB
[T+688649417us][CH1-Dispenser] EE
[T+688649282us][CH2-Pc    ] EE
[T+688662304us][CH2-Pc    ] F0
[T+688691280us][CH1-Dispenser] F0 BA B0 B3 B3 B0 B1 B0 B0 B0 B0 B1 B1 B1 B1 B1 B9 C1 8D 8A
[T+688763305us][CH2-Pc    ] 04
[T+688768281us][CH1-Dispenser] 04 64
[T+688841412us][CH1-Dispenser] 05
[T+688841281us][CH2-Pc    ] 05
[T+689016421us][CH1-Dispenser] 06
[T+689016281us][CH2-Pc    ] 06
[T+689180305us][CH2-Pc    ] 01
[T+689188450us][CH1-Dispenser] 01 61
[T+689258280us][CH2-Pc    ] 02
[T+689266321us][CH1-Dispenser] 02 72
[T+689296413us][CH1-Dispenser] 22 D2 FF
[T+689296281us][CH2-Pc    ] 22 FF
[T+689309428us][CH1-Dispenser] E9
[T+689309288us][CH2-Pc    ] E9
[T+689322317us][CH1-Dispenser] FE
[T+689322458us][CH2-Pc    ] FE
[T+689334427us][CH1-Dispenser] E0
[T+689334288us][CH2-Pc    ] E0
[T+689347606us][CH1-Dispenser] E1
[T+689347466us][CH2-Pc    ] E1
[T+689360288us][CH1-Dispenser] E0
[T+689360429us][CH2-Pc    ] E0
[T+689372428us][CH1-Dispenser] FB
[T+689372288us][CH2-Pc    ] FB
[T+689386421us][CH1-Dispenser] EE
[T+689386283us][CH2-Pc    ] EE
[T+689398304us][CH2-Pc    ] F0
[T+689428281us][CH1-Dispenser] F0 BA B0 B3 B2 B0 B1 B0 B0 B0 B0 B1 B1 B1 B1 B1 C1 C1 8D 8A
[T+689501280us][CH2-Pc    ] 03
[T+689509305us][CH1-Dispenser] 03 73
[T+689528281us][CH2-Pc    ] 23
[T+689556280us][CH1-Dispenser] 23 D3 FF E9
[T+689555280us][CH2-Pc    ] FF E9
[T+689569426us][CH1-Dispenser] FE
[T+689569286us][CH2-Pc    ] FE
[T+689582422us][CH1-Dispenser] E0
[T+689582284us][CH2-Pc    ] E0
[T+689594414us][CH1-Dispenser] E1
[T+689594281us][CH2-Pc    ] E1
[T+689607416us][CH1-Dispenser] E0
[T+689607282us][CH2-Pc    ] E0
[T+689620280us][CH1-Dispenser] FB
[T+689632428us][CH1-Dispenser] EE
[T+689632288us][CH2-Pc    ] FB EE
[T+689645280us][CH2-Pc    ] F0
[T+689676280us][CH1-Dispenser] F0 BA B0 B3 B3 B0 B1 B0 B0 B0 B0 B1 B1 B1 B1 B1 B9 C1 8D 8A
[T+689747280us][CH2-Pc    ] 04
[T+689752280us][CH1-Dispenser] 04 64
[T+689826416us][CH1-Dispenser] 05
[T+689826281us][CH2-Pc    ] 05
[T+690000417us][CH1-Dispenser] 06
[T+690000282us][CH2-Pc    ] 06
[T+690164304us][CH2-Pc    ] 01
[T+690170281us][CH1-Dispenser] 01 61
[T+690243280us][CH2-Pc    ] 02
[T+690250288us][CH1-Dispenser] 02 72
[T+690270304us][CH2-Pc    ] 22
[T+690275894us][CH1-Dispenser] 22 D2
[T+690301413us][CH1-Dispenser] FF E9
[T+690301281us][CH2-Pc    ] FF E9
[T+690314412us][CH1-Dispenser] FE
[T+690314281us][CH2-Pc    ] FE
[T+690327414us][CH1-Dispenser] E0
[T+690327282us][CH2-Pc    ] E0
[T+690339424us][CH1-Dispenser] E1
[T+690339287us][CH2-Pc    ] E1
[T+690352416us][CH1-Dispenser] E0
[T+690352282us][CH2-Pc    ] E0
[T+690365428us][CH1-Dispenser] FB
[T+690365288us][CH2-Pc    ] FB
[T+690377428us][CH1-Dispenser] EE
[T+690377288us][CH2-Pc    ] EE
[T+690390280us][CH2-Pc    ] F0
[T+690417281us][CH1-Dispenser] F0 BA B0 B3 B2 B0 B1 B0 B0 B0 B0 B1 B1 B1 B1 B1 C1 C1 8D 8A
[T+690482280us][CH2-Pc    ] 03
[T+690489917us][CH1-Dispenser] 03 73
[T+690509304us][CH2-Pc    ] 23
[T+690531281us][CH1-Dispenser] 23 D3 FF
[T+690531413us][CH2-Pc    ] FF
[T+690559412us][CH1-Dispenser] E9 FE
[T+690559281us][CH2-Pc    ] E9 FE
[T+690573410us][CH1-Dispenser] E0
[T+690573281us][CH2-Pc    ] E0
[T+690585744us][CH1-Dispenser] E1
[T+690585605us][CH2-Pc    ] E1
[T+690598412us][CH1-Dispenser] E0
[T+690598281us][CH2-Pc    ] E0
[T+690611407us][CH1-Dispenser] FB
[T+690611281us][CH2-Pc    ] FB
[T+690624288us][CH1-Dispenser] EE
[T+690624428us][CH2-Pc    ] EE
[T+690636321us][CH2-Pc    ] F0
[T+690666281us][CH1-Dispenser] F0 BA B0 B3 B3 B0 B1 B0 B0 B0 B0 B1 B1 B1 B1 B1 B9 C1 8D 8A
[T+690743309us][CH1-Dispenser] 04 64
[T+690739280us][CH2-Pc    ] 04
[T+690806412us][CH1-Dispenser] 05
[T+690806281us][CH2-Pc    ] 05
[T+690981413us][CH1-Dispenser] 06
[T+690981281us][CH2-Pc    ] 06
[T+691156281us][CH2-Pc    ] 01
[T+691160309us][CH1-Dispenser] 01 61
[T+691223281us][CH2-Pc    ] 02
[T+691230288us][CH1-Dispenser] 02 72
[T+691251280us][CH2-Pc    ] 22
[T+691257291us][CH1-Dispenser] 22 D2
[T+691272413us][CH1-Dispenser] FF
[T+691272281us][CH2-Pc    ] FF
[T+691285425us][CH1-Dispenser] E9
[T+691285286us][CH2-Pc    ] E9
[T+691309412us][CH1-Dispenser] FE E0
[T+691309281us][CH2-Pc    ] FE E0
[T+691323424us][CH1-Dispenser] E1
[T+691323284us][CH2-Pc    ] E1
[T+691335418us][CH1-Dispenser] E0
[T+691335283us][CH2-Pc    ] E0
[T+691348416us][CH1-Dispenser] FB
[T+691348282us][CH2-Pc    ] FB
[T+691361413us][CH1-Dispenser] EE
[T+691361281us][CH2-Pc    ] EE
[T+691374280us][CH2-Pc    ] F0
[T+691403280us][CH1-Dispenser] F0 BA B0 B3 B2 B0 B1 B0 B0 B0 B0 B1 B1 B1 B1 B1 C1 C1 8D 8A
[T+691475304us][CH2-Pc    ] 03
[T+691484909us][CH1-Dispenser] 03 73
[T+691502280us][CH2-Pc    ] 23
[T+691509280us][CH1-Dispenser] 23 D3
[T+691524421us][CH1-Dispenser] FF
[T+691524282us][CH2-Pc    ] FF
[T+691545413us][CH1-Dispenser] E9
[T+691545281us][CH2-Pc    ] E9
[T+691570418us][CH1-Dispenser] FE E0
[T+691570285us][CH2-Pc    ] FE E0
[T+691584280us][CH1-Dispenser] E1
[T+691583287us][CH2-Pc    ] E1
[T+691597288us][CH1-Dispenser] E0
[T+691597426us][CH2-Pc    ] E0
[T+691610284us][CH1-Dispenser] FB
[T+691610423us][CH2-Pc    ] FB
[T+691621427us][CH1-Dispenser] EE
[T+691621288us][CH2-Pc    ] EE
[T+691635280us][CH2-Pc    ] F0
[T+691666280us][CH1-Dispenser] F0 BA B0 B3 B3 B0 B1 B0 B0 B0 B0 B1 B1 B1 B1 B1 B9 C1 8D 8A
[T+691736280us][CH2-Pc    ] 04
[T+691743280us][CH1-Dispenser] 04 64
[T+691814413us][CH1-Dispenser] 05
[T+691814281us][CH2-Pc    ] 05
[T+691978416us][CH1-Dispenser] 06
[T+691978281us][CH2-Pc    ] 06
[T+692153280us][CH2-Pc    ] 01
[T+692161305us][CH1-Dispenser] 01 61
[T+692231280us][CH2-Pc    ] 02
[T+692235309us][CH1-Dispenser] 02 72
[T+692258280us][CH2-Pc    ] 22
[T+692266947us][CH1-Dispenser] 22 D2
[T+692280413us][CH1-Dispenser] FF
[T+692280281us][CH2-Pc    ] FF
[T+692305412us][CH1-Dispenser] E9 FE
[T+692305281us][CH2-Pc    ] E9 FE
[T+692319414us][CH1-Dispenser] E0
[T+692319283us][CH2-Pc    ] E0
[T+692331413us][CH1-Dispenser] E1
[T+692331281us][CH2-Pc    ] E1
[T+692344415us][CH1-Dispenser] E0
[T+692344282us][CH2-Pc    ] E0
[T+692357447us][CH1-Dispenser] FB
[T+692357315us][CH2-Pc    ] FB
[T+692382280us][CH2-Pc    ] EE F0
[T+692414305us][CH1-Dispenser] EE F0 BA B0 B3 B2 B0 B1 B0 B0 B0 B0 B1 B1 B1 B1 B1 C1 C1 8D 8A
[T+692484280us][CH2-Pc    ] 03
[T+692489280us][CH1-Dispenser] 03 73
[T+692511280us][CH2-Pc    ] 23
[T+692520280us][CH1-Dispenser] 23 D3
[T+692533412us][CH1-Dispenser] FF
[T+692533281us][CH2-Pc    ] FF
[T+692558411us][CH1-Dispenser] E9 FE
[T+692558281us][CH2-Pc    ] E9 FE
[T+692572414us][CH1-Dispenser] E0
[T+692572282us][CH2-Pc    ] E0
[T+692584411us][CH1-Dispenser] E1
[T+692584281us][CH2-Pc    ] E1
[T+692597417us][CH1-Dispenser] E0
[T+692597282us][CH2-Pc    ] E0
[T+692610428us][CH1-Dispenser] FB
[T+692610288us][CH2-Pc    ] FB
[T+692623288us][CH1-Dispenser] EE
[T+692623427us][CH2-Pc    ] EE
[T+692635375us][CH2-Pc    ] F0
[T+692666280us][CH1-Dispenser] F0 BA B0 B3 B3 B0 B1 B0 B0 B0 B0 B1 B1 B1 B1 B1 B9 C1 8D 8A
[T+692737280us][CH2-Pc    ] 04
[T+692743288us][CH1-Dispenser] 04 64
[T+692815413us][CH1-Dispenser] 05
[T+692815281us][CH2-Pc    ] 05
[T+693000417us][CH1-Dispenser] 06
[T+693000281us][CH2-Pc    ] 06
[T+693164305us][CH2-Pc    ] 01
[T+693172321us][CH1-Dispenser] 01 61
[T+693243280us][CH2-Pc    ] 02
[T+693252913us][CH1-Dispenser] 02 72
[T+693270280us][CH2-Pc    ] 22
[T+693275280us][CH1-Dispenser] 22 D2
[T+693291411us][CH1-Dispenser] FF
[T+693291282us][CH2-Pc    ] FF
[T+693316417us][CH1-Dispenser] E9 FE
[T+693316282us][CH2-Pc    ] E9 FE
[T+693350410us][CH1-Dispenser] E0 E1
[T+693350281us][CH2-Pc    ] E0 E1
[T+693363425us][CH1-Dispenser] E0
[T+693363285us][CH2-Pc    ] E0
[T+693375421us][CH1-Dispenser] FB
[T+693375286us][CH2-Pc    ] FB
[T+693388280us][CH2-Pc    ] EE
[T+693401280us][CH2-Pc    ] F0
[T+693428280us][CH1-Dispenser] EE F0 BA B0 B3 B2 B0 B1 B0 B0 B0 B0 B1 B1 B1 B1 B1 C1 C1 8D 8A
[T+693492305us][CH2-Pc    ] 03
[T+693498892us][CH1-Dispenser] 03 73
[T+693520281us][CH2-Pc    ] 23
[T+693529281us][CH1-Dispenser] 23 D3
[T+693542418us][CH1-Dispenser] FF
[T+693542283us][CH2-Pc    ] FF
[T+693554412us][CH1-Dispenser] E9
[T+693554281us][CH2-Pc    ] E9
[T+693567418us][CH1-Dispenser] FE
[T+693567283us][CH2-Pc    ] FE
[T+693579412us][CH1-Dispenser] E0
[T+693579281us][CH2-Pc    ] E0
[T+693592416us][CH1-Dispenser] E1
[T+693592282us][CH2-Pc    ] E1
[T+693605430us][CH1-Dispenser] E0
[T+693605298us][CH2-Pc    ] E0
[T+693617425us][CH1-Dispenser] FB
[T+693617286us][CH2-Pc    ] FB
[T+693630410us][CH1-Dispenser] EE
[T+693630282us][CH2-Pc    ] EE
[T+693643411us][CH2-Pc    ] F0
[T+693673280us][CH1-Dispenser] F0 BA B0 B3 B3 B0 B1 B0 B0 B0 B0 B1 B1 B1 B1 B1 B9 C1 8D 8A
[T+693745304us][CH2-Pc    ] 04
[T+693754913us][CH1-Dispenser] 04 64
[T+693823412us][CH1-Dispenser] 05
[T+693823281us][CH2-Pc    ] 05
[T+693998412us][CH1-Dispenser] 06
[T+693998281us][CH2-Pc    ] 06
[T+694172280us][CH2-Pc    ] 01
[T+694181930us][CH1-Dispenser] 01 61
[T+694250280us][CH2-Pc    ] 02
[T+694255280us][CH1-Dispenser] 02 72
[T+694278280us][CH2-Pc    ] 22
[T+694299281us][CH1-Dispenser] 22 D2 FF
[T+694299412us][CH2-Pc    ] FF
[T+694312418us][CH1-Dispenser] E9
[T+694312283us][CH2-Pc    ] E9
[T+694325281us][CH1-Dispenser] FE
[T+694324284us][CH2-Pc    ] FE
[T+694337427us][CH1-Dispenser] E0
[T+694337287us][CH2-Pc    ] E0
[T+694350427us][CH1-Dispenser] E1
[T+694350286us][CH2-Pc    ] E1
[T+694363428us][CH1-Dispenser] E0
[T+694363285us][CH2-Pc    ] E0
[T+694375426us][CH1-Dispenser] FB
[T+694375285us][CH2-Pc    ] FB
[T+694388416us][CH1-Dispenser] EE
[T+694388282us][CH2-Pc    ] EE
[T+694401280us][CH2-Pc    ] F0
[T+694430281us][CH1-Dispenser] F0 BA B0 B3 B2 B0 B1 B0 B0 B0 B0 B1 B1 B1 B1 B1 C1 C1 8D 8A
[T+694503280us][CH2-Pc    ] 03
[T+694509280us][CH1-Dispenser] 03 73
[T+694531280us][CH2-Pc    ] 23
[T+694541088us][CH1-Dispenser] 23 D3
[T+694552412us][CH1-Dispenser] FF
[T+694552281us][CH2-Pc    ] FF
[T+694565410us][CH1-Dispenser] E9
[T+694565281us][CH2-Pc    ] E9
[T+694577413us][CH1-Dispenser] FE
[T+694577281us][CH2-Pc    ] FE
[T+694603410us][CH1-Dispenser] E0 E1
[T+694603281us][CH2-Pc    ] E0 E1
[T+694617284us][CH1-Dispenser] E0
[T+694617421us][CH2-Pc    ] E0
[T+694628422us][CH1-Dispenser] FB
[T+694628288us][CH2-Pc    ] FB
[T+694641429us][CH1-Dispenser] EE
[T+694641288us][CH2-Pc    ] EE
[T+694655281us][CH2-Pc    ] F0
[T+694680280us][CH1-Dispenser] F0 BA B0 B3 B3 B0 B1 B0 B0 B0 B0 B1 B1 B1 B1 B1 B9 C1 8D 8A
[T+694745280us][CH2-Pc    ] 04
[T+694754280us][CH1-Dispenser] 04 64
[T+694827280us][CH1-Dispenser] 05
[T+694826280us][CH2-Pc    ] 05
[T+695001417us][CH1-Dispenser] 06
[T+695001281us][CH2-Pc    ] 06
[T+695165306us][CH2-Pc    ] 01
[T+695171280us][CH1-Dispenser] 01 61
[T+695244280us][CH2-Pc    ] 02
[T+695252321us][CH1-Dispenser] 02 72
[T+695272306us][CH2-Pc    ] 22
[T+695293281us][CH1-Dispenser] 22 D2 FF
[T+695293413us][CH2-Pc    ] FF
[T+695318413us][CH1-Dispenser] E9 FE
[T+695318281us][CH2-Pc    ] E9 FE
[T+695331428us][CH1-Dispenser] E0
[T+695331289us][CH2-Pc    ] E0
[T+695344421us][CH1-Dispenser] E1
[T+695344284us][CH2-Pc    ] E1
[T+695357886us][CH1-Dispenser] E0
[T+695357748us][CH2-Pc    ] E0
[T+695369409us][CH1-Dispenser] FB
[T+695369281us][CH2-Pc    ] FB
[T+695382410us][CH1-Dispenser] EE
[T+695382281us][CH2-Pc    ] EE
[T+695395280us][CH2-Pc    ] F0
[T+695423305us][CH1-Dispenser] F0 BA B0 B3 B2 B0 B1 B0 B0 B0 B0 B1 B1 B1 B1 B1 C1 C1 8D 8A
[T+695487305us][CH2-Pc    ] 03
[T+695493288us][CH1-Dispenser] 03 73
[T+695517304us][CH2-Pc    ] 23
[T+695523281us][CH1-Dispenser] 23 D3
[T+695538407us][CH1-Dispenser] FF
[T+695538281us][CH2-Pc    ] FF
[T+695560413us][CH1-Dispenser] E9
[T+695560281us][CH2-Pc    ] E9
[T+695588408us][CH1-Dispenser] FE E0
[T+695588281us][CH2-Pc    ] FE E0
[T+695601429us][CH1-Dispenser] E1
[T+695601288us][CH2-Pc    ] E1
[T+695614427us][CH1-Dispenser] E0
[T+695614288us][CH2-Pc    ] E0
[T+695626515us][CH1-Dispenser] FB
[T+695626376us][CH2-Pc    ] FB
[T+695639407us][CH1-Dispenser] EE
[T+695639281us][CH2-Pc    ] EE
[T+695652280us][CH2-Pc    ] F0
[T+695682280us][CH1-Dispenser] F0 BA B0 B3 B3 B0 B1 B0 B0 B0 B0 B1 B1 B1 B1 B1 B9 C1 8D 8A
[T+695753280us][CH2-Pc    ] 04
[T+695758280us][CH1-Dispenser] 04 64
[T+695831412us][CH1-Dispenser] 05
[T+695831281us][CH2-Pc    ] 05
[T+696017419us][CH1-Dispenser] 06
[T+696017282us][CH2-Pc    ] 06
[T+696188280us][CH2-Pc    ] 01
[T+696196321us][CH1-Dispenser] 01 61
[T+696266281us][CH2-Pc    ] 02
[T+696272895us][CH1-Dispenser] 02 72
[T+696293281us][CH2-Pc    ] 22
[T+696300288us][CH1-Dispenser] 22 D2
[T+696315417us][CH1-Dispenser] FF
[T+696315282us][CH2-Pc    ] FF
[T+696327429us][CH1-Dispenser] E9
[T+696327289us][CH2-Pc    ] E9
[T+696340426us][CH1-Dispenser] FE
[T+696340287us][CH2-Pc    ] FE
[T+696353411us][CH1-Dispenser] E0
[T+696353281us][CH2-Pc    ] E0
[T+696365413us][CH1-Dispenser] E1
[T+696365282us][CH2-Pc    ] E1
[T+696378412us][CH1-Dispenser] E0
[T+696378281us][CH2-Pc    ] E0
[T+696391415us][CH1-Dispenser] FB
[T+696391282us][CH2-Pc    ] FB
[T+696404410us][CH1-Dispenser] EE
[T+696404281us][CH2-Pc    ] EE
[T+696416307us][CH2-Pc    ] F0
[T+696443280us][CH1-Dispenser] F0 BA B0 B3 B2 B0 B1 B0 B0 B0 B0 B1 B1 B1 B1 B1 C1 C1 8D 8A
[T+696508281us][CH2-Pc    ] 03
[T+696513281us][CH1-Dispenser] 03 73
[T+696535281us][CH2-Pc    ] 23
[T+696543321us][CH1-Dispenser] 23 D3
[T+696567413us][CH1-Dispenser] FF E9
[T+696567281us][CH2-Pc    ] FF E9
[T+696580415us][CH1-Dispenser] FE
[T+696580282us][CH2-Pc    ] FE
[T+696593427us][CH1-Dispenser] E0
[T+696593288us][CH2-Pc    ] E0
[T+696606410us][CH1-Dispenser] E1
[T+696606281us][CH2-Pc    ] E1
[T+696618413us][CH1-Dispenser] E0
[T+696618281us][CH2-Pc    ] E0
[T+696651413us][CH1-Dispenser] FB EE
[T+696651281us][CH2-Pc    ] FB EE
[T+696663309us][CH2-Pc    ] F0
[T+696691304us][CH1-Dispenser] F0 BA B0 B3 B3 B0 B1 B0 B0 B0 B0 B1 B1 B1 B1 B1 B9 C1 8D 8A
[T+696755306us][CH2-Pc    ] 04
[T+696763408us][CH1-Dispenser] 04 64
[T+696833412us][CH1-Dispenser] 05
[T+696833281us][CH2-Pc    ] 05
[T+697008413us][CH1-Dispenser] 06
[T+697008281us][CH2-Pc    ] 06
[T+697183280us][CH2-Pc    ] 01
[T+697190288us][CH1-Dispenser] 01 61
[T+697261280us][CH2-Pc    ] 02
[T+697266919us][CH1-Dispenser] 02 72
[T+697289280us][CH2-Pc    ] 22
[T+697297305us][CH1-Dispenser] 22 D2
[T+697311425us][CH1-Dispenser] FF
[T+697311286us][CH2-Pc    ] FF
[T+697323427us][CH2-Pc    ] E9
[T+697324280us][CH1-Dispenser] E9
[T+697336412us][CH1-Dispenser] FE
[T+697336281us][CH2-Pc    ] FE
[T+697349427us][CH1-Dispenser] E0
[T+697349289us][CH2-Pc    ] E0
[T+697362428us][CH1-Dispenser] E1
[T+697362288us][CH2-Pc    ] E1
[T+697374428us][CH1-Dispenser] E0
[T+697374288us][CH2-Pc    ] E0
[T+697387429us][CH1-Dispenser] FB
[T+697387288us][CH2-Pc    ] FB
[T+697400428us][CH1-Dispenser] EE
[T+697400288us][CH2-Pc    ] EE
[T+697412321us][CH2-Pc    ] F0
[T+697444304us][CH1-Dispenser] F0 BA B0 B3 B2 B0 B1 B0 B0 B0 B0 B1 B1 B1 B1 B1 C1 C1 8D 8A
[T+697514281us][CH2-Pc    ] 03
[T+697520280us][CH1-Dispenser] 03 73
[T+697541280us][CH2-Pc    ] 23
[T+697549305us][CH1-Dispenser] 23 D3
[T+697563415us][CH1-Dispenser] FF
[T+697563282us][CH2-Pc    ] FF
[T+697575425us][CH1-Dispenser] E9
[T+697575288us][CH2-Pc    ] E9
[T+697588412us][CH1-Dispenser] FE
[T+697588281us][CH2-Pc    ] FE
[T+697601620us][CH1-Dispenser] E0
[T+697601481us][CH2-Pc    ] E0
[T+697613502us][CH1-Dispenser] E1
[T+697613364us][CH2-Pc    ] E1
[T+697626428us][CH1-Dispenser] E0
[T+697626288us][CH2-Pc    ] E0
[T+697640287us][CH1-Dispenser] FB
[T+697640425us][CH2-Pc    ] FB
[T+697652423us][CH1-Dispenser] EE
[T+697652286us][CH2-Pc    ] EE
[T+697665280us][CH2-Pc    ] F0
[T+697691280us][CH1-Dispenser] F0 BA B0 B3 B3 B0 B1 B0 B0 B0 B0 B1 B1 B1 B1 B1 B9 C1 8D 8A
[T+697756280us][CH2-Pc    ] 04
[T+697763288us][CH1-Dispenser] 04 64
[T+697834412us][CH1-Dispenser] 05
[T+697834281us][CH2-Pc    ] 05
[T+698009414us][CH1-Dispenser] 06
[T+698009281us][CH2-Pc    ] 06
[T+698184280us][CH2-Pc    ] 01
[T+698190280us][CH1-Dispenser] 01 61
[T+698262307us][CH2-Pc    ] 02
[T+698272548us][CH1-Dispenser] 02 72
[T+698289280us][CH2-Pc    ] 22
[T+698297963us][CH1-Dispenser] 22 D2
[T+698324412us][CH1-Dispenser] FF E9
[T+698324281us][CH2-Pc    ] FF E9
[T+698337416us][CH1-Dispenser] FE
[T+698337282us][CH2-Pc    ] FE
[T+698350410us][CH1-Dispenser] E0
[T+698350281us][CH2-Pc    ] E0
[T+698363280us][CH1-Dispenser] E1
[T+698362281us][CH2-Pc    ] E1
[T+698375412us][CH1-Dispenser] E0
[T+698375281us][CH2-Pc    ] E0
[T+698388416us][CH1-Dispenser] FB
[T+698388282us][CH2-Pc    ] FB
[T+698401407us][CH1-Dispenser] EE
[T+698401281us][CH2-Pc    ] EE
[T+698413304us][CH2-Pc    ] F0
[T+698443280us][CH1-Dispenser] F0 BA B0 B3 B2 B0 B1 B0 B0 B0 B0 B1 B1 B1 B1 B1 C1 C1 8D 8A
[T+698515307us][CH2-Pc    ] 03
[T+698524280us][CH1-Dispenser] 03 73
[T+698542281us][CH2-Pc    ] 23
[T+698549288us][CH1-Dispenser] 23 D3
[T+698576416us][CH1-Dispenser] FF E9
[T+698576281us][CH2-Pc    ] FF E9
[T+698589427us][CH1-Dispenser] FE
[T+698589288us][CH2-Pc    ] FE
[T+698602428us][CH1-Dispenser] E0
[T+698602288us][CH2-Pc    ] E0
[T+698615288us][CH1-Dispenser] E1
[T+698615427us][CH2-Pc    ] E1
[T+698627868us][CH1-Dispenser] E0
[T+698627729us][CH2-Pc    ] E0
[T+698640416us][CH1-Dispenser] FB
[T+698640281us][CH2-Pc    ] FB
[T+698653410us][CH1-Dispenser] EE
[T+698653281us][CH2-Pc    ] EE
[T+698665305us][CH2-Pc    ] F0
[T+698697281us][CH1-Dispenser] F0 BA B0 B3 B3 B0 B1 B0 B0 B0 B0 B1 B1 B1 B1 B1 B9 C1 8D 8A
[T+698768280us][CH2-Pc    ] 04
[T+698774288us][CH1-Dispenser] 04 64
[T+698846413us][CH1-Dispenser] 05
[T+698846282us][CH2-Pc    ] 05
[T+699031418us][CH1-Dispenser] 06
[T+699031281us][CH2-Pc    ] 06
[T+699196280us][CH2-Pc    ] 01
[T+699201931us][CH1-Dispenser] 01 61
[T+699274280us][CH2-Pc    ] 02
[T+699286321us][CH1-Dispenser] 02 72
[T+699302306us][CH2-Pc    ] 22
[T+699311281us][CH1-Dispenser] 22 D2
[T+699336415us][CH1-Dispenser] FF E9
[T+699336281us][CH2-Pc    ] FF E9
[T+699349414us][CH1-Dispenser] FE
[T+699349282us][CH2-Pc    ] FE
[T+699362280us][CH1-Dispenser] E0
[T+699361281us][CH2-Pc    ] E0
[T+699374413us][CH1-Dispenser] E1
[T+699374281us][CH2-Pc    ] E1
[T+699387416us][CH1-Dispenser] E0
[T+699387282us][CH2-Pc    ] E0
[T+699400416us][CH1-Dispenser] FB
[T+699400282us][CH2-Pc    ] FB
[T+699412412us][CH1-Dispenser] EE
[T+699412281us][CH2-Pc    ] EE
[T+699425281us][CH2-Pc    ] F0
[T+699453304us][CH1-Dispenser] F0 BA B0 B3 B2 B0 B1 B0 B0 B0 B0 B1 B1 B1 B1 B1 C1 C1 8D 8A
[T+699527281us][CH2-Pc    ] 03
[T+699533884us][CH1-Dispenser] 03 73
[T+699555699us][CH2-Pc    ] 23
[T+699575281us][CH1-Dispenser] 23 D3 FF
[T+699575415us][CH2-Pc    ] FF
[T+699588415us][CH1-Dispenser] E9
[T+699588282us][CH2-Pc    ] E9
[T+699601422us][CH1-Dispenser] FE
[T+699601286us][CH2-Pc    ] FE
[T+699614415us][CH1-Dispenser] E0
[T+699614282us][CH2-Pc    ] E0
[T+699626428us][CH1-Dispenser] E1
[T+699626288us][CH2-Pc    ] E1
[T+699639653us][CH1-Dispenser] E0
[T+699639511us][CH2-Pc    ] E0
[T+699652426us][CH1-Dispenser] FB
[T+699652289us][CH2-Pc    ] FB
[T+699665428us][CH1-Dispenser] EE
[T+699665288us][CH2-Pc    ] EE
[T+699677321us][CH2-Pc    ] F0
[T+699706280us][CH1-Dispenser] F0 BA B0 B3 B3 B0 B1 B0 B0 B0 B0 B1 B1 B1 B1 B1 B9 C1 8D 8A
[T+699782305us][CH2-Pc    ] 04
[T+699788280us][CH1-Dispenser] 04 64
[T+699860412us][CH1-Dispenser] 05
[T+699860281us][CH2-Pc    ] 05
[T+700024415us][CH1-Dispenser] 06
[T+700024281us][CH2-Pc    ] 06
[T+700198280us][CH2-Pc    ] 01
[T+700207281us][CH1-Dispenser] 01 61
[T+700277280us][CH2-Pc    ] 02
[T+700282280us][CH1-Dispenser] 02 72
[T+700304280us][CH2-Pc    ] 22
[T+700311281us][CH1-Dispenser] 22 D2
[T+700338413us][CH1-Dispenser] FF E9
[T+700338281us][CH2-Pc    ] FF E9
[T+700351414us][CH1-Dispenser] FE
[T+700351282us][CH2-Pc    ] FE
[T+700363413us][CH1-Dispenser] E0
[T+700363281us][CH2-Pc    ] E0
[T+700376427us][CH1-Dispenser] E1
[T+700376288us][CH2-Pc    ] E1
[T+700389409us][CH1-Dispenser] E0
[T+700389281us][CH2-Pc    ] E0
[T+700402410us][CH1-Dispenser] FB
[T+700402281us][CH2-Pc    ] FB
[T+700414426us][CH1-Dispenser] EE
[T+700414285us][CH2-Pc    ] EE
[T+700427281us][CH2-Pc    ] F0
[T+700454280us][CH1-Dispenser] F0 BA B0 B3 B2 B0 B1 B0 B0 B0 B0 B1 B1 B1 B1 B1 C1 C1 8D 8A
[T+700519280us][CH2-Pc    ] 03
[T+700524280us][CH1-Dispenser] 03 73
[T+700546280us][CH2-Pc    ] 23
[T+700554321us][CH1-Dispenser] 23 D3
[T+700580418us][CH1-Dispenser] FF E9
[T+700580285us][CH2-Pc    ] FF E9
[T+700593408us][CH1-Dispenser] FE
[T+700593281us][CH2-Pc    ] FE
[T+700606412us][CH1-Dispenser] E0
[T+700606281us][CH2-Pc    ] E0
[T+700618412us][CH1-Dispenser] E1
[T+700618281us][CH2-Pc    ] E1
[T+700631412us][CH1-Dispenser] E0
[T+700631281us][CH2-Pc    ] E0
[T+700644415us][CH1-Dispenser] FB
[T+700644282us][CH2-Pc    ] FB
[T+700657288us][CH1-Dispenser] EE
[T+700657428us][CH2-Pc    ] EE
[T+700669321us][CH2-Pc    ] F0
[T+700697305us][CH1-Dispenser] F0 BA B0 B3 B3 B0 B1 B0 B0 B0 B0 B1 B1 B1 B1 B1 B9 C1 8D 8A
[T+700761305us][CH2-Pc    ] 04
[T+700769321us][CH1-Dispenser] 04 64
[T+700841412us][CH1-Dispenser] 05
[T+700841281us][CH2-Pc    ] 05
[T+701016415us][CH1-Dispenser] 06
[T+701016281us][CH2-Pc    ] 06
[T+701180304us][CH2-Pc    ] 01
[T+701187281us][CH1-Dispenser] 01 61
[T+701258280us][CH2-Pc    ] 02
[T+701266321us][CH1-Dispenser] 02 72
[T+701285280us][CH2-Pc    ] 22
[T+701292873us][CH1-Dispenser] 22 D2
[T+701307412us][CH1-Dispenser] FF
[T+701307281us][CH2-Pc    ] FF
[T+701331411us][CH1-Dispenser] E9 FE
[T+701331281us][CH2-Pc    ] E9 FE
[T+701345414us][CH1-Dispenser] E0
[T+701345282us][CH2-Pc    ] E0
[T+701358415us][CH1-Dispenser] E1
[T+701358281us][CH2-Pc    ] E1
[T+701370413us][CH1-Dispenser] E0
[T+701370281us][CH2-Pc    ] E0
[T+701383413us][CH1-Dispenser] FB
[T+701383281us][CH2-Pc    ] FB
[T+701396411us][CH1-Dispenser] EE
[T+701396281us][CH2-Pc    ] EE
[T+701409280us][CH2-Pc    ] F0
[T+701439281us][CH1-Dispenser] F0 BA B0 B3 B2 B0 B1 B0 B0 B0 B0 B1 B1 B1 B1 B1 C1 C1 8D 8A
[T+701510281us][CH2-Pc    ] 03
[T+701518321us][CH1-Dispenser] 03 73
[T+701537281us][CH2-Pc    ] 23
[T+701545448us][CH1-Dispenser] 23 D3
[T+701560421us][CH1-Dispenser] FF
[T+701560283us][CH2-Pc    ] FF
[T+701584410us][CH1-Dispenser] E9 FE
[T+701584281us][CH2-Pc    ] E9 FE
[T+701598292us][CH1-Dispenser] E0
[T+701598431us][CH2-Pc    ] E0
[T+701611288us][CH1-Dispenser] E1
[T+701611428us][CH2-Pc    ] E1
[T+701624424us][CH1-Dispenser] E0
[T+701624284us][CH2-Pc    ] E0
[T+701637425us][CH1-Dispenser] FB
[T+701637286us][CH2-Pc    ] FB
[T+701649427us][CH1-Dispenser] EE
[T+701649288us][CH2-Pc    ] EE
[T+701661321us][CH2-Pc    ] F0
[T+701691280us][CH1-Dispenser] F0 BA B0 B3 B3 B0 B1 B0 B0 B0 B0 B1 B1 B1 B1 B1 B9 C1 8D 8A
[T+701763304us][CH2-Pc    ] 04
[T+701771911us][CH1-Dispenser] 04 64
[T+701841413us][CH1-Dispenser] 05
[T+701841281us][CH2-Pc    ] 05
[T+702016490us][CH1-Dispenser] 06
[T+702016281us][CH2-Pc    ] 06
[T+702203281us][CH2-Pc    ] 01
[T+702210288us][CH1-Dispenser] 01 61
[T+702282305us][CH2-Pc    ] 02
[T+702288280us][CH1-Dispenser] 02 72
[T+702309280us][CH2-Pc    ] 22
[T+702317305us][CH1-Dispenser] 22 D2
[T+702331422us][CH1-Dispenser] FF
[T+702331283us][CH2-Pc    ] FF
[T+702343410us][CH1-Dispenser] E9
[T+702343281us][CH2-Pc    ] E9
[T+702356426us][CH1-Dispenser] FE
[T+702356287us][CH2-Pc    ] FE
[T+702368412us][CH1-Dispenser] E0
[T+702368281us][CH2-Pc    ] E0
[T+702381416us][CH1-Dispenser] E1
[T+702381282us][CH2-Pc    ] E1
[T+702394281us][CH1-Dispenser] E0
[T+702394412us][CH2-Pc    ] E0
[T+702406413us][CH1-Dispenser] FB
[T+702406281us][CH2-Pc    ] FB
[T+702419413us][CH1-Dispenser] EE
[T+702419281us][CH2-Pc    ] EE
[T+702432280us][CH2-Pc    ] F0
[T+702459280us][CH1-Dispenser] F0 BA B0 B3 B2 B0 B1 B0 B0 B0 B0 B1 B1 B1 B1 B1 C1 C1 8D 8A
[T+702524280us][CH2-Pc    ] 03
[T+702529923us][CH1-Dispenser] 03 73
[T+702552280us][CH2-Pc    ] 23
[T+702560289us][CH1-Dispenser] 23 D3
[T+702573415us][CH1-Dispenser] FF
[T+702573282us][CH2-Pc    ] FF
[T+702586410us][CH1-Dispenser] E9
[T+702586281us][CH2-Pc    ] E9
[T+702599415us][CH1-Dispenser] FE
[T+702599281us][CH2-Pc    ] FE
[T+702612424us][CH1-Dispenser] E0
[T+702612288us][CH2-Pc    ] E0
[T+702624428us][CH1-Dispenser] E1
[T+702624288us][CH2-Pc    ] E1
[T+702637428us][CH1-Dispenser] E0
[T+702637288us][CH2-Pc    ] E0
[T+702650427us][CH1-Dispenser] FB
[T+702650288us][CH2-Pc    ] FB
[T+702663425us][CH1-Dispenser] EE
[T+702663288us][CH2-Pc    ] EE
[T+702675288us][CH2-Pc    ] F0
[T+702706280us][CH1-Dispenser] F0 BA B0 B3 B3 B0 B1 B0 B0 B0 B0 B1 B1 B1 B1 B1 B9 C1 8D 8A
[T+702777280us][CH2-Pc    ] 04
[T+702783280us][CH1-Dispenser] 04 64
[T+702862412us][CH1-Dispenser] 05
[T+702862281us][CH2-Pc    ] 05
[T+703048415us][CH1-Dispenser] 06
[T+703048283us][CH2-Pc    ] 06
[T+703212306us][CH2-Pc    ] 01
[T+703218281us][CH1-Dispenser] 01 61
[T+703293280us][CH2-Pc    ] 02
[T+703301945us][CH1-Dispenser] 02 72
[T+703320280us][CH2-Pc    ] 22
[T+703326280us][CH1-Dispenser] 22 D2
[T+703342427us][CH1-Dispenser] FF
[T+703342288us][CH2-Pc    ] FF
[T+703355424us][CH1-Dispenser] E9
[T+703355288us][CH2-Pc    ] E9
[T+703368280us][CH1-Dispenser] FE
[T+703367288us][CH2-Pc    ] FE
[T+703380288us][CH1-Dispenser] E0
[T+703380422us][CH2-Pc    ] E0
[T+703394422us][CH1-Dispenser] E1
[T+703394283us][CH2-Pc    ] E1
[T+703406289us][CH1-Dispenser] E0
[T+703406428us][CH2-Pc    ] E0
[T+703418288us][CH1-Dispenser] FB
[T+703418427us][CH2-Pc    ] FB
[T+703431422us][CH1-Dispenser] EE
[T+703431288us][CH2-Pc    ] EE
[T+703443321us][CH2-Pc    ] F0
[T+703473280us][CH1-Dispenser] F0 BA B0 B3 B2 B0 B1 B0 B0 B0 B0 B1 B1 B1 B1 B1 C1 C1 8D 8A
[T+703545306us][CH2-Pc    ] 03
[T+703554318us][CH1-Dispenser] 03 73
[T+703576280us][CH2-Pc    ] 23
[T+703585929us][CH1-Dispenser] 23 D3
[T+703598412us][CH1-Dispenser] FF
[T+703598281us][CH2-Pc    ] FF
[T+703611434us][CH1-Dispenser] E9
[T+703611294us][CH2-Pc    ] E9
[T+703623429us][CH1-Dispenser] FE
[T+703623288us][CH2-Pc    ] FE
[T+703636418us][CH1-Dispenser] E0
[T+703636283us][CH2-Pc    ] E0
[T+703650424us][CH1-Dispenser] E1
[T+703650284us][CH2-Pc    ] E1
[T+703662424us][CH1-Dispenser] E0
[T+703662284us][CH2-Pc    ] E0
[T+703674417us][CH1-Dispenser] FB
[T+703674284us][CH2-Pc    ] FB
[T+703687416us][CH1-Dispenser] EE
[T+703687284us][CH2-Pc    ] EE
[T+703700022us][CH2-Pc    ] F0
[T+703727304us][CH1-Dispenser] F0 BA B0 B3 B3 B0 B1 B0 B0 B0 B0 B1 B1 B1 B1 B1 B9 C1 8D 8A
[T+703791306us][CH2-Pc    ] 04
[T+703799321us][CH1-Dispenser] 04 64
[T+703869412us][CH1-Dispenser] 05
[T+703869281us][CH2-Pc    ] 05
[T+704044414us][CH1-Dispenser] 06
[T+704044281us][CH2-Pc    ] 06
[T+704219280us][CH2-Pc    ] 01
[T+704228927us][CH1-Dispenser] 01 61
[T+704304306us][CH2-Pc    ] 02
[T+704313281us][CH1-Dispenser] 02 72
[T+704331281us][CH2-Pc    ] 22
[T+704337889us][CH1-Dispenser] 22 D2
[T+704353408us][CH1-Dispenser] FF
[T+704353281us][CH2-Pc    ] FF
[T+704366427us][CH1-Dispenser] E9
[T+704366284us][CH2-Pc    ] E9
[T+704379284us][CH1-Dispenser] FE
[T+704379422us][CH2-Pc    ] FE
[T+704391285us][CH1-Dispenser] E0
[T+704391425us][CH2-Pc    ] E0
[T+704405281us][CH1-Dispenser] E1
[T+704404282us][CH2-Pc    ] E1
[T+704417423us][CH1-Dispenser] E0
[T+704417285us][CH2-Pc    ] E0
[T+704430284us][CH1-Dispenser] FB
[T+704430424us][CH2-Pc    ] FB
[T+704441427us][CH1-Dispenser] EE
[T+704441288us][CH2-Pc    ] EE
[T+704454280us][CH2-Pc    ] F0
[T+704484280us][CH1-Dispenser] F0 BA B0 B3 B2 B0 B1 B0 B0 B0 B0 B1 B1 B1 B1 B1 C1 C1 8D 8A
[T+704556306us][CH2-Pc    ] 03
[T+704565280us][CH1-Dispenser] 03 73
[T+704584280us][CH2-Pc    ] 23
[T+704590281us][CH1-Dispenser] 23 D3
[T+704618412us][CH1-Dispenser] FF E9
[T+704618281us][CH2-Pc    ] FF E9
[T+704631410us][CH1-Dispenser] FE
[T+704631281us][CH2-Pc    ] FE
[T+704644413us][CH1-Dispenser] E0
[T+704644281us][CH2-Pc    ] E0
[T+704668410us][CH1-Dispenser] E1 E0
[T+704668281us][CH2-Pc    ] E1 E0
[T+704682427us][CH1-Dispenser] FB
[T+704682288us][CH2-Pc    ] FB
[T+704695414us][CH1-Dispenser] EE
[T+704695282us][CH2-Pc    ] EE
[T+704707282us][CH2-Pc    ] F0
[T+704736280us][CH1-Dispenser] F0 BA B0 B3 B3 B0 B1 B0 B0 B0 B0 B1 B1 B1 B1 B1 B9 C1 8D 8A
[T+704809280us][CH2-Pc    ] 04
[T+704814280us][CH1-Dispenser] 04 64
[T+704887418us][CH1-Dispenser] 05
[T+704887282us][CH2-Pc    ] 05
[T+705062413us][CH1-Dispenser] 06
[T+705062281us][CH2-Pc    ] 06
[T+705226305us][CH2-Pc    ] 01
[T+705232281us][CH1-Dispenser] 01 61
[T+705318280us][CH2-Pc    ] 02
[T+705326321us][CH1-Dispenser] 02 72
[T+705345280us][CH2-Pc    ] 22
[T+705351281us][CH1-Dispenser] 22 D2
[T+705366410us][CH1-Dispenser] FF
[T+705366281us][CH2-Pc    ] FF
[T+705380577us][CH1-Dispenser] E9
[T+705380718us][CH2-Pc    ] E9
[T+705393431us][CH1-Dispenser] FE
[T+705393285us][CH2-Pc    ] FE
[T+705405280us][CH1-Dispenser] E0
[T+705404288us][CH2-Pc    ] E0
[T+705417288us][CH1-Dispenser] E1
[T+705417427us][CH2-Pc    ] E1
[T+705450410us][CH1-Dispenser] E0 FB
[T+705450281us][CH2-Pc    ] E0 FB
[T+705463428us][CH1-Dispenser] EE
[T+705463288us][CH2-Pc    ] EE
[T+705476280us][CH2-Pc    ] F0
[T+705504308us][CH1-Dispenser] F0 BA B0 B3 B2 B0 B1 B0 B0 B0 B0 B1 B1 B1 B1 B1 C1 C1 8D 8A
[T+705577280us][CH2-Pc    ] 03
[T+705583280us][CH1-Dispenser] 03 73
[T+705615412us][CH1-Dispenser] 23 D3 FF
[T+705615281us][CH2-Pc    ] 23 FF
[T+705629424us][CH1-Dispenser] E9
[T+705629284us][CH2-Pc    ] E9
[T+705641431us][CH1-Dispenser] FE
[T+705641291us][CH2-Pc    ] FE
[T+705653428us][CH1-Dispenser] E0
[T+705653288us][CH2-Pc    ] E0
[T+705666425us][CH1-Dispenser] E1
[T+705666285us][CH2-Pc    ] E1
[T+705679665us][CH1-Dispenser] E0
[T+705679526us][CH2-Pc    ] E0
[T+705691412us][CH1-Dispenser] FB
[T+705691281us][CH2-Pc    ] FB
[T+705704412us][CH1-Dispenser] EE
[T+705704281us][CH2-Pc    ] EE
[T+705717280us][CH2-Pc    ] F0
[T+705747280us][CH1-Dispenser] F0 BA B0 B3 B3 B0 B1 B0 B0 B0 B0 B1 B1 B1 B1 B1 B9 C1 8D 8A
[T+705818280us][CH2-Pc    ] 04
[T+705825501us][CH1-Dispenser] 04 64
[T+705897414us][CH1-Dispenser] 05
[T+705897281us][CH2-Pc    ] 05
[T+706072281us][CH1-Dispenser] 06
[T+706071280us][CH2-Pc    ] 06
[T+706246280us][CH2-Pc    ] 01
[T+706254308us][CH1-Dispenser] 01 61
[T+706324280us][CH2-Pc    ] 02
[T+706333280us][CH1-Dispenser] 02 72
[T+706352280us][CH2-Pc    ] 22
[T+706356309us][CH1-Dispenser] 22 D2
[T+706373412us][CH1-Dispenser] FF
[T+706373281us][CH2-Pc    ] FF
[T+706386283us][CH1-Dispenser] E9
[T+706386422us][CH2-Pc    ] E9
[T+706398425us][CH1-Dispenser] FE
[T+706398286us][CH2-Pc    ] FE
[T+706411426us][CH1-Dispenser] E0
[T+706411285us][CH2-Pc    ] E0
[T+706424425us][CH1-Dispenser] E1
[T+706424287us][CH2-Pc    ] E1
[T+706437426us][CH1-Dispenser] E0
[T+706437287us][CH2-Pc    ] E0
[T+706450424us][CH1-Dispenser] FB
[T+706450285us][CH2-Pc    ] FB
[T+706463424us][CH1-Dispenser] EE
[T+706463284us][CH2-Pc    ] EE
[T+706475321us][CH2-Pc    ] F0
[T+706504280us][CH1-Dispenser] F0 BA B0 B3 B2 B0 B1 B0 B0 B0 B0 B1 B1 B1 B1 B1 C1 C1 8D 8A
[T+706577280us][CH2-Pc    ] 03
[T+706585958us][CH1-Dispenser] 03 73
[T+706615412us][CH1-Dispenser] 23 D3 FF
[T+706615281us][CH2-Pc    ] 23 FF
[T+706628426us][CH1-Dispenser] E9
[T+706628285us][CH2-Pc    ] E9
[T+706641423us][CH1-Dispenser] FE
[T+706641287us][CH2-Pc    ] FE
[T+706654417us][CH1-Dispenser] E0
[T+706654282us][CH2-Pc    ] E0
[T+706666433us][CH1-Dispenser] E1
[T+706666293us][CH2-Pc    ] E1
[T+706679428us][CH1-Dispenser] E0
[T+706679288us][CH2-Pc    ] E0
[T+706692280us][CH1-Dispenser] FB
[T+706691288us][CH2-Pc    ] FB
[T+706704428us][CH1-Dispenser] EE
[T+706704288us][CH2-Pc    ] EE
[T+706718281us][CH2-Pc    ] F0
[T+706747280us][CH1-Dispenser] F0 BA B0 B3 B3 B0 B1 B0 B0 B0 B0 B1 B1 B1 B1 B1 B9 C1 8D 8A
[T+706819304us][CH2-Pc    ] 04
[T+706825281us][CH1-Dispenser] 04 64
[T+706897413us][CH1-Dispenser] 05
[T+706897281us][CH2-Pc    ] 05
[T+707071413us][CH1-Dispenser] 06
[T+707071281us][CH2-Pc    ] 06
[T+707246280us][CH2-Pc    ] 01
[T+707252284us][CH1-Dispenser] 01 61
[T+707324305us][CH2-Pc    ] 02
[T+707331288us][CH1-Dispenser] 02 72
[T+707352280us][CH2-Pc    ] 22
[T+707357925us][CH1-Dispenser] 22 D2
[T+707373413us][CH1-Dispenser] FF
[T+707373281us][CH2-Pc    ] FF
[T+707386416us][CH1-Dispenser] E9
[T+707386282us][CH2-Pc    ] E9
[T+707398412us][CH1-Dispenser] FE
[T+707398281us][CH2-Pc    ] FE
[T+707411421us][CH1-Dispenser] E0
[T+707411284us][CH2-Pc    ] E0
[T+707424416us][CH1-Dispenser] E1
[T+707424282us][CH2-Pc    ] E1
[T+707448281us][CH2-Pc    ] E0 FB
[T+707449280us][CH1-Dispenser] E0 FB
[T+707462410us][CH1-Dispenser] EE
[T+707462281us][CH2-Pc    ] EE
[T+707475281us][CH2-Pc    ] F0
[T+707504281us][CH1-Dispenser] F0 BA B0 B3 B2 B0 B1 B0 B0 B0 B0 B1 B1 B1 B1 B1 C1 C1 8D 8A
[T+707576305us][CH2-Pc    ] 03
[T+707585280us][CH1-Dispenser] 03 73
[T+707608310us][CH1-Dispenser] 23 D3
[T+707604280us][CH2-Pc    ] 23
[T+707625411us][CH1-Dispenser] FF
[T+707625281us][CH2-Pc    ] FF
[T+707649417us][CH1-Dispenser] E9 FE
[T+707649284us][CH2-Pc    ] E9 FE
[T+707663427us][CH1-Dispenser] E0
[T+707663288us][CH2-Pc    ] E0
[T+707676424us][CH1-Dispenser] E1
[T+707676285us][CH2-Pc    ] E1
[T+707689427us][CH1-Dispenser] E0
[T+707689288us][CH2-Pc    ] E0
[T+707702423us][CH1-Dispenser] FB
[T+707702285us][CH2-Pc    ] FB
[T+707714423us][CH1-Dispenser] EE
[T+707714284us][CH2-Pc    ] EE
[T+707727280us][CH2-Pc    ] F0
[T+707756280us][CH1-Dispenser] F0 BA B0 B3 B3 B0 B1 B0 B0 B0 B0 B1 B1 B1 B1 B1 B9 C1 8D 8A
[T+707830281us][CH2-Pc    ] 04
[T+707841287us][CH1-Dispenser] 04 64
[T+707908414us][CH1-Dispenser] 05
[T+707908282us][CH2-Pc    ] 05
[T+708094419us][CH1-Dispenser] 06
[T+708094283us][CH2-Pc    ] 06
[T+708258306us][CH2-Pc    ] 01
[T+708268281us][CH1-Dispenser] 01 61
[T+708336304us][CH2-Pc    ] 02
[T+708342288us][CH1-Dispenser] 02 72
[T+708363280us][CH2-Pc    ] 22
[T+708385281us][CH1-Dispenser] 22 D2 FF
[T+708385412us][CH2-Pc    ] FF
[T+708398289us][CH1-Dispenser] E9
[T+708398427us][CH2-Pc    ] E9
[T+708410720us][CH1-Dispenser] FE
[T+708410581us][CH2-Pc    ] FE
[T+708423429us][CH1-Dispenser] E0
[T+708423288us][CH2-Pc    ] E0
[T+708436424us][CH1-Dispenser] E1
[T+708436288us][CH2-Pc    ] E1
[T+708460412us][CH1-Dispenser] E0 FB
[T+708460281us][CH2-Pc    ] E0 FB
[T+708474422us][CH1-Dispenser] EE
[T+708474284us][CH2-Pc    ] EE
[T+708487281us][CH2-Pc    ] F0
[T+708515307us][CH1-Dispenser] F0 BA B0 B3 B2 B0 B1 B0 B0 B0 B0 B1 B1 B1 B1 B1 C1 C1 8D 8A
[T+708589281us][CH2-Pc    ] 03
[T+708596288us][CH1-Dispenser] 03 73
[T+708616306us][CH2-Pc    ] 23
[T+708638281us][CH1-Dispenser] 23 D3 FF
[T+708638412us][CH2-Pc    ] FF
[T+708650412us][CH1-Dispenser] E9
[T+708650281us][CH2-Pc    ] E9
[T+708663413us][CH1-Dispenser] FE
[T+708663281us][CH2-Pc    ] FE
[T+708676426us][CH1-Dispenser] E0
[T+708676288us][CH2-Pc    ] E0
[T+708689414us][CH1-Dispenser] E1
[T+708689282us][CH2-Pc    ] E1
[T+708702281us][CH1-Dispenser] E0
[T+708701282us][CH2-Pc    ] E0
[T+708714425us][CH1-Dispenser] FB
[T+708714286us][CH2-Pc    ] FB
[T+708735412us][CH1-Dispenser] EE
[T+708735281us][CH2-Pc    ] EE
[T+708749281us][CH2-Pc    ] F0
[T+708780281us][CH1-Dispenser] F0 BA B0 B3 B3 B0 B1 B0 B0 B0 B0 B1 B1 B1 B1 B1 B9 C1 8D 8A
[T+708850280us][CH2-Pc    ] 04
[T+708854309us][CH1-Dispenser] 04 64
[T+708917414us][CH1-Dispenser] 05
[T+708917282us][CH2-Pc    ] 05
[T+709092416us][CH1-Dispenser] 06
[T+709092281us][CH2-Pc    ] 06
[T+709267280us][CH2-Pc    ] 01
[T+709272280us][CH1-Dispenser] 01 61
[T+709345281us][CH2-Pc    ] 02
[T+709351921us][CH1-Dispenser] 02 72
[T+709372281us][CH2-Pc    ] 22
[T+709377281us][CH1-Dispenser] 22 D2
[T+709406412us][CH1-Dispenser] FF E9
[T+709406281us][CH2-Pc    ] FF E9
[T+709419427us][CH1-Dispenser] FE
[T+709419288us][CH2-Pc    ] FE
[T+709432428us][CH1-Dispenser] E0
[T+709432288us][CH2-Pc    ] E0
[T+709444426us][CH1-Dispenser] E1
[T+709444288us][CH2-Pc    ] E1
[T+709457411us][CH1-Dispenser] E0
[T+709457281us][CH2-Pc    ] E0
[T+709470428us][CH1-Dispenser] FB
[T+709470288us][CH2-Pc    ] FB
[T+709483288us][CH1-Dispenser] EE
[T+709483427us][CH2-Pc    ] EE
[T+709495529us][CH2-Pc    ] F0
[T+709524280us][CH1-Dispenser] F0 BA B0 B3 B2 B0 B1 B0 B0 B0 B0 B1 B1 B1 B1 B1 C1 C1 8D 8A
[T+709597281us][CH2-Pc    ] 03
[T+709605321us][CH1-Dispenser] 03 73
[T+709647415us][CH1-Dispenser] 23 D3 FF E9
[T+709647281us][CH2-Pc    ] 23 FF E9
[T+709660425us][CH1-Dispenser] FE
[T+709660286us][CH2-Pc    ] FE
[T+709673423us][CH1-Dispenser] E0
[T+709673284us][CH2-Pc    ] E0
[T+709686280us][CH1-Dispenser] E1
[T+709685281us][CH2-Pc    ] E1
[T+709698426us][CH1-Dispenser] E0
[T+709698288us][CH2-Pc    ] E0
[T+709711413us][CH1-Dispenser] FB
[T+709711281us][CH2-Pc    ] FB
[T+709724414us][CH1-Dispenser] EE
[T+709724282us][CH2-Pc    ] EE
[T+709737281us][CH2-Pc    ] F0
[T+709767280us][CH1-Dispenser] F0 BA B0 B3 B3 B0 B1 B0 B0 B0 B0 B1 B1 B1 B1 B1 B9 C1 8D 8A
[T+709839306us][CH2-Pc    ] 04
[T+709845920us][CH1-Dispenser] 04 64
[T+709917414us][CH1-Dispenser] 05
[T+709917281us][CH2-Pc    ] 05
[T+710092416us][CH1-Dispenser] 06
[T+710092281us][CH2-Pc    ] 06
[T+710268304us][CH2-Pc    ] 01
[T+710272309us][CH1-Dispenser] 01 61
[T+710335280us][CH2-Pc    ] 02
[T+710342281us][CH1-Dispenser] 02 72
[T+710362304us][CH2-Pc    ] 22
[T+710367280us][CH1-Dispenser] 22 D2
[T+710384412us][CH1-Dispenser] FF
[T+710384281us][CH2-Pc    ] FF
[T+710397424us][CH1-Dispenser] E9
[T+710397288us][CH2-Pc    ] E9
[T+710410256us][CH1-Dispenser] FE
[T+710409283us][CH2-Pc    ] FE
[T+710423422us][CH1-Dispenser] E0
[T+710423284us][CH2-Pc    ] E0
[T+710436283us][CH1-Dispenser] E1
[T+710436421us][CH2-Pc    ] E1
[T+710447425us][CH1-Dispenser] E0
[T+710447285us][CH2-Pc    ] E0
[T+710461421us][CH1-Dispenser] FB
[T+710461284us][CH2-Pc    ] FB
[T+710473281us][CH1-Dispenser] EE
[T+710473408us][CH2-Pc    ] EE
[T+710486283us][CH2-Pc    ] F0
[T+710515477us][CH1-Dispenser] F0 BA B0 B3 B2 B0 B1 B0 B0 B0 B0 B1 B1 B1 B1 B1 C1 C1 8D 8A
[T+710587304us][CH2-Pc    ] 03
[T+710594886us][CH1-Dispenser] 03 73
[T+710614304us][CH2-Pc    ] 23
[T+710619324us][CH1-Dispenser] 23 D3
[T+710648415us][CH1-Dispenser] FF E9
[T+710648281us][CH2-Pc    ] FF E9
[T+710661534us][CH1-Dispenser] FE
[T+710661393us][CH2-Pc    ] FE
[T+710674423us][CH1-Dispenser] E0
[T+710674287us][CH2-Pc    ] E0
[T+710686423us][CH1-Dispenser] E1
[T+710686286us][CH2-Pc    ] E1
[T+710699412us][CH1-Dispenser] E0
[T+710699281us][CH2-Pc    ] E0
[T+710712428us][CH1-Dispenser] FB
[T+710712288us][CH2-Pc    ] FB
[T+710725288us][CH1-Dispenser] EE
[T+710725428us][CH2-Pc    ] EE
[T+710738280us][CH2-Pc    ] F0
[T+710769280us][CH1-Dispenser] F0 BA B0 B3 B3 B0 B1 B0 B0 B0 B0 B1 B1 B1 B1 B1 B9 C1 8D 8A
[T+710839280us][CH2-Pc    ] 04
[T+710845288us][CH1-Dispenser] 04 64
[T+710917412us][CH1-Dispenser] 05
[T+710917281us][CH2-Pc    ] 05
[T+711092413us][CH1-Dispenser] 06
[T+711092281us][CH2-Pc    ] 06
[T+711267280us][CH2-Pc    ] 01
[T+711272280us][CH1-Dispenser] 01 61
[T+711345280us][CH2-Pc    ] 02
[T+711353321us][CH1-Dispenser] 02 72
[T+711372280us][CH2-Pc    ] 22
[T+711377280us][CH1-Dispenser] 22 D2
[T+711394412us][CH1-Dispenser] FF
[T+711394281us][CH2-Pc    ] FF
[T+711407425us][CH1-Dispenser] E9
[T+711407287us][CH2-Pc    ] E9
[T+711420284us][CH1-Dispenser] FE
[T+711420420us][CH2-Pc    ] FE
[T+711432284us][CH1-Dispenser] E0
[T+711432421us][CH2-Pc    ] E0
[T+711444284us][CH1-Dispenser] E1
[T+711444419us][CH2-Pc    ] E1
[T+711457425us][CH1-Dispenser] E0
[T+711457287us][CH2-Pc    ] E0
[T+711470415us][CH1-Dispenser] FB
[T+711470282us][CH2-Pc    ] FB
[T+711483416us][CH1-Dispenser] EE
[T+711483282us][CH2-Pc    ] EE
[T+711495281us][CH2-Pc    ] F0
[T+711524280us][CH1-Dispenser] F0 BA B0 B3 B2 B0 B1 B0 B0 B0 B0 B1 B1 B1 B1 B1 C1 C1 8D 8A
[T+711597281us][CH2-Pc    ] 03
[T+711605370us][CH1-Dispenser] 03 73
[T+711624280us][CH2-Pc    ] 23
[T+711630281us][CH1-Dispenser] 23 D3
[T+711646281us][CH1-Dispenser] FF
[T+711645282us][CH2-Pc    ] FF
[T+711659423us][CH1-Dispenser] E9
[T+711659285us][CH2-Pc    ] E9
[T+711672423us][CH1-Dispenser] FE
[T+711672284us][CH2-Pc    ] FE
[T+711684427us][CH1-Dispenser] E0
[T+711684288us][CH2-Pc    ] E0
[T+711696428us][CH1-Dispenser] E1
[T+711696288us][CH2-Pc    ] E1
[T+711709427us][CH1-Dispenser] E0
[T+711709288us][CH2-Pc    ] E0
[T+711722422us][CH1-Dispenser] FB
[T+711722288us][CH2-Pc    ] FB
[T+711734428us][CH1-Dispenser] EE
[T+711734289us][CH2-Pc    ] EE
[T+711747287us][CH2-Pc    ] F0
[T+711780280us][CH1-Dispenser] F0 BA B0 B3 B3 B0 B1 B0 B0 B0 B0 B1 B1 B1 B1 B1 B9 C1 8D 8A
[T+711849280us][CH2-Pc    ] 04
[T+711855280us][CH1-Dispenser] 04 64
[T+711927412us][CH1-Dispenser] 05
[T+711927281us][CH2-Pc    ] 05
[T+712102282us][CH1-Dispenser] 06
[T+712101280us][CH2-Pc    ] 06
[T+712276280us][CH2-Pc    ] 01
[T+712286288us][CH1-Dispenser] 01 61
[T+712354304us][CH2-Pc    ] 02
[T+712362954us][CH1-Dispenser] 02 72
[T+712382304us][CH2-Pc    ] 22
[T+712387280us][CH1-Dispenser] 22 D2
[T+712403416us][CH1-Dispenser] FF
[T+712403281us][CH2-Pc    ] FF
[T+712417280us][CH2-Pc    ] E9
[T+712428286us][CH1-Dispenser] E9 FE
[T+712429281us][CH2-Pc    ] FE
[T+712441416us][CH1-Dispenser] E0
[T+712441281us][CH2-Pc    ] E0
[T+712454414us][CH1-Dispenser] E1
[T+712454281us][CH2-Pc    ] E1
[T+712479412us][CH1-Dispenser] E0 FB
[T+712479281us][CH2-Pc    ] E0 FB
[T+712506280us][CH2-Pc    ] EE F0
[T+712535280us][CH1-Dispenser] EE F0 BA B0 B3 B2 B0 B1 B0 B0 B0 B0 B1 B1 B1 B1 B1 C1 C1 8D 8A
[T+712608280us][CH2-Pc    ] 03
[T+712618280us][CH1-Dispenser] 03 73
[T+712636280us][CH2-Pc    ] 23
[T+712644321us][CH1-Dispenser] 23 D3
[T+712657412us][CH1-Dispenser] FF
[T+712657281us][CH2-Pc    ] FF
[T+712671280us][CH1-Dispenser] E9
[T+712670284us][CH2-Pc    ] E9
[T+712683427us][CH1-Dispenser] FE
[T+712683288us][CH2-Pc    ] FE
[T+712695428us][CH1-Dispenser] E0
[T+712695288us][CH2-Pc    ] E0
[T+712708427us][CH1-Dispenser] E1
[T+712708288us][CH2-Pc    ] E1
[T+712723284us][CH1-Dispenser] E0
[T+712723421us][CH2-Pc    ] E0
[T+712742407us][CH1-Dispenser] FB
[T+712742281us][CH2-Pc    ] FB
[T+712774304us][CH2-Pc    ] EE F0
[T+712801280us][CH1-Dispenser] EE F0 BA B0 B3 B3 B0 B1 B0 B0 B0 B0 B1 B1 B1 B1 B1 B9 C1 8D 8A
[T+712866280us][CH2-Pc    ] 04
[T+712875281us][CH1-Dispenser] 04 64
[T+712944412us][CH1-Dispenser] 05
[T+712944281us][CH2-Pc    ] 05
[T+713119416us][CH1-Dispenser] 06
[T+713119282us][CH2-Pc    ] 06
[T+713294280us][CH2-Pc    ] 01
[T+713303280us][CH1-Dispenser] 01 61
[T+713372280us][CH2-Pc    ] 02
[T+713377280us][CH1-Dispenser] 02 72
[T+713399280us][CH2-Pc    ] 22
[T+713407321us][CH1-Dispenser] 22 D2
[T+713421412us][CH1-Dispenser] FF
[T+713421281us][CH2-Pc    ] FF
[T+713434423us][CH1-Dispenser] E9
[T+713434285us][CH2-Pc    ] E9
[T+713447425us][CH1-Dispenser] FE
[T+713447284us][CH2-Pc    ] FE
[T+713460281us][CH1-Dispenser] E0
[T+713459282us][CH2-Pc    ] E0
[T+713472416us][CH1-Dispenser] E1
[T+713472281us][CH2-Pc    ] E1
[T+713496413us][CH1-Dispenser] E0 FB
[T+713496281us][CH2-Pc    ] E0 FB
[T+713510414us][CH1-Dispenser] EE
[T+713510283us][CH2-Pc    ] EE
[T+713522305us][CH2-Pc    ] F0
[T+713551280us][CH1-Dispenser] F0 BA B0 B3 B2 B0 B1 B0 B0 B0 B0 B1 B1 B1 B1 B1 C1 C1 8D 8A
[T+713624281us][CH2-Pc    ] 03
[T+713630914us][CH1-Dispenser] 03 73
[T+713651281us][CH2-Pc    ] 23
[T+713659478us][CH1-Dispenser] 23 D3
[T+713673422us][CH1-Dispenser] FF
[T+713673284us][CH2-Pc    ] FF
[T+713686414us][CH1-Dispenser] E9
[T+713686282us][CH2-Pc    ] E9
[T+713698424us][CH1-Dispenser] FE
[T+713698284us][CH2-Pc    ] FE
[T+713711424us][CH1-Dispenser] E0
[T+713711284us][CH2-Pc    ] E0
[T+713724424us][CH1-Dispenser] E1
[T+713724284us][CH2-Pc    ] E1
[T+713745412us][CH1-Dispenser] E0
[T+713745281us][CH2-Pc    ] E0
[T+713758422us][CH1-Dispenser] FB
[T+713758284us][CH2-Pc    ] FB
[T+713771422us][CH1-Dispenser] EE
[T+713771284us][CH2-Pc    ] EE
[T+713784281us][CH2-Pc    ] F0
[T+713813280us][CH1-Dispenser] F0 BA B0 B3 B3 B0 B1 B0 B0 B0 B0 B1 B1 B1 B1 B1 B9 C1 8D 8A
[T+713885305us][CH2-Pc    ] 04
[T+713890281us][CH1-Dispenser] 04 64
[T+713963416us][CH1-Dispenser] 05
[T+713963281us][CH2-Pc    ] 05
[T+714138413us][CH1-Dispenser] 06
[T+714138281us][CH2-Pc    ] 06
[T+714312281us][CH2-Pc    ] 01
[T+714317280us][CH1-Dispenser] 01 61
[T+714391280us][CH2-Pc    ] 02
[T+714396881us][CH1-Dispenser] 02 72
[T+714429412us][CH1-Dispenser] 22 D2 FF
[T+714429281us][CH2-Pc    ] 22 FF
[T+714441618us][CH1-Dispenser] E9
[T+714441480us][CH2-Pc    ] E9
[T+714454426us][CH1-Dispenser] FE
[T+714454287us][CH2-Pc    ] FE
[T+714467427us][CH1-Dispenser] E0
[T+714467288us][CH2-Pc    ] E0
[T+714480289us][CH1-Dispenser] E1
[T+714480427us][CH2-Pc    ] E1
[T+714493283us][CH1-Dispenser] E0
[T+714493418us][CH2-Pc    ] E0
[T+714506285us][CH1-Dispenser] FB
[T+714506425us][CH2-Pc    ] FB
[T+714518685us][CH1-Dispenser] EE
[T+714518546us][CH2-Pc    ] EE
[T+714530288us][CH2-Pc    ] F0
[T+714560280us][CH1-Dispenser] F0 BA B0 B3 B2 B0 B1 B0 B0 B0 B0 B1 B1 B1 B1 B1 C1 C1 8D 8A
[T+714632306us][CH2-Pc    ] 03
[T+714639280us][CH1-Dispenser] 03 73
[T+714659304us][CH2-Pc    ] 23
[T+714664280us][CH1-Dispenser] 23 D3
[T+714681831us][CH1-Dispenser] FF
[T+714681673us][CH2-Pc    ] FF
[T+714693410us][CH1-Dispenser] E9
[T+714693281us][CH2-Pc    ] E9
[T+714718429us][CH1-Dispenser] FE E0
[T+714718287us][CH2-Pc    ] FE E0
[T+714751413us][CH1-Dispenser] E1 E0
[T+714751281us][CH2-Pc    ] E1 E0
[T+714765428us][CH1-Dispenser] FB
[T+714765288us][CH2-Pc    ] FB
[T+714777422us][CH1-Dispenser] EE
[T+714777288us][CH2-Pc    ] EE
[T+714790281us][CH2-Pc    ] F0
[T+714818308us][CH1-Dispenser] F0 BA B0 B3 B3 B0 B1 B0 B0 B0 B0 B1 B1 B1 B1 B1 B9 C1 8D 8A
[T+714882306us][CH2-Pc    ] 04
[T+714890321us][CH1-Dispenser] 04 64
[T+714960412us][CH1-Dispenser] 05
[T+714960281us][CH2-Pc    ] 05
[T+715135414us][CH1-Dispenser] 06
[T+715135281us][CH2-Pc    ] 06
[T+715310281us][CH2-Pc    ] 01
[T+715319280us][CH1-Dispenser] 01 61
[T+715388305us][CH2-Pc    ] 02
[T+715393888us][CH1-Dispenser] 02 72
[T+715415280us][CH2-Pc    ] 22
[T+715422396us][CH1-Dispenser] 22 D2
[T+715437425us][CH1-Dispenser] FF
[T+715437287us][CH2-Pc    ] FF
[T+715474411us][CH1-Dispenser] E9 FE
[T+715474281us][CH2-Pc    ] E9 FE
[T+715487412us][CH1-Dispenser] E0
[T+715487281us][CH2-Pc    ] E0
[T+715500413us][CH1-Dispenser] E1
[T+715500281us][CH2-Pc    ] E1
[T+715513424us][CH1-Dispenser] E0
[T+715513288us][CH2-Pc    ] E0
[T+715525428us][CH1-Dispenser] FB
[T+715525288us][CH2-Pc    ] FB
[T+715539429us][CH1-Dispenser] EE
[T+715539288us][CH2-Pc    ] EE
[T+715551288us][CH2-Pc    ] F0
[T+715580281us][CH1-Dispenser] F0 BA B0 B3 B2 B0 B1 B0 B0 B0 B0 B1 B1 B1 B1 B1 C1 C1 8D 8A
[T+715652305us][CH2-Pc    ] 03
[T+715659644us][CH1-Dispenser] 03 73
[T+715680280us][CH2-Pc    ] 23
[T+715686280us][CH1-Dispenser] 23 D3
[T+715713412us][CH1-Dispenser] FF E9
[T+715713281us][CH2-Pc    ] FF E9
[T+715727423us][CH1-Dispenser] FE
[T+715727285us][CH2-Pc    ] FE
[T+715740427us][CH1-Dispenser] E0
[T+715740287us][CH2-Pc    ] E0
[T+715753280us][CH1-Dispenser] E1
[T+715752403us][CH2-Pc    ] E1
[T+715765280us][CH1-Dispenser] E0
[T+715764288us][CH2-Pc    ] E0
[T+715777428us][CH1-Dispenser] FB
[T+715777288us][CH2-Pc    ] FB
[T+715790427us][CH1-Dispenser] EE
[T+715790288us][CH2-Pc    ] EE
[T+715803280us][CH2-Pc    ] F0
[T+715832281us][CH1-Dispenser] F0 BA B0 B3 B3 B0 B1 B0 B0 B0 B0 B1 B1 B1 B1 B1 B9 C1 8D 8A
[T+715904304us][CH2-Pc    ] 04
[T+715910288us][CH1-Dispenser] 04 64
[T+715982412us][CH1-Dispenser] 05
[T+715982281us][CH2-Pc    ] 05
[T+716157416us][CH1-Dispenser] 06
[T+716157281us][CH2-Pc    ] 06
[T+716322280us][CH2-Pc    ] 01
[T+716328280us][CH1-Dispenser] 01 61
[T+716400305us][CH2-Pc    ] 02
[T+716407917us][CH1-Dispenser] 02 72
[T+716428281us][CH2-Pc    ] 22
[T+716434883us][CH1-Dispenser] 22 D2
[T+716449414us][CH1-Dispenser] FF
[T+716449281us][CH2-Pc    ] FF
[T+716476412us][CH1-Dispenser] E9 FE
[T+716476281us][CH2-Pc    ] E9 FE
[T+716490425us][CH1-Dispenser] E0
[T+716490285us][CH2-Pc    ] E0
[T+716503423us][CH1-Dispenser] E1
[T+716503284us][CH2-Pc    ] E1
[T+716515420us][CH1-Dispenser] E0
[T+716515283us][CH2-Pc    ] E0
[T+716528417us][CH1-Dispenser] FB
[T+716528283us][CH2-Pc    ] FB
[T+716541426us][CH1-Dispenser] EE
[T+716541285us][CH2-Pc    ] EE
[T+716554281us][CH2-Pc    ] F0
[T+716587280us][CH1-Dispenser] F0 BA B0 B3 B2 B0 B1 B0 B0 B0 B0 B1 B1 B1 B1 B1 C1 C1 8D 8A
[T+716656281us][CH2-Pc    ] 03
[T+716665281us][CH1-Dispenser] 03 73
[T+716683281us][CH2-Pc    ] 23
[T+716690288us][CH1-Dispenser] 23 D3
[T+716705416us][CH1-Dispenser] FF
[T+716705281us][CH2-Pc    ] FF
[T+716718895us][CH1-Dispenser] E9
[T+716718281us][CH2-Pc    ] E9
[T+716730412us][CH1-Dispenser] FE
[T+716730281us][CH2-Pc    ] FE
[T+716743415us][CH1-Dispenser] E0
[T+716743282us][CH2-Pc    ] E0
[T+716756417us][CH1-Dispenser] E1
[T+716756281us][CH2-Pc    ] E1
[T+716768412us][CH1-Dispenser] E0
[T+716768281us][CH2-Pc    ] E0
[T+716781414us][CH1-Dispenser] FB
[T+716781282us][CH2-Pc    ] FB
[T+716794427us][CH1-Dispenser] EE
[T+716794288us][CH2-Pc    ] EE
[T+716806321us][CH2-Pc    ] F0
[T+716839285us][CH1-Dispenser] F0 BA B0 B3 B3 B0 B1 B0 B0 B0 B0 B1 B1 B1 B1 B1 B9 C1 8D 8A
[T+716909280us][CH2-Pc    ] 04
[T+716915280us][CH1-Dispenser] 04 64
[T+716989412us][CH1-Dispenser] 05
[T+716989281us][CH2-Pc    ] 05
[T+717165416us][CH1-Dispenser] 06
[T+717165282us][CH2-Pc    ] 06
[T+717340280us][CH2-Pc    ] 01
[T+717348321us][CH1-Dispenser] 01 61
[T+717418280us][CH2-Pc    ] 02
[T+717425280us][CH1-Dispenser] 02 72
[T+717445304us][CH2-Pc    ] 22
[T+717452280us][CH1-Dispenser] 22 D2
[T+717479416us][CH1-Dispenser] FF E9
[T+717479284us][CH2-Pc    ] FF E9
[T+717493420us][CH1-Dispenser] FE
[T+717493283us][CH2-Pc    ] FE
[T+717505417us][CH1-Dispenser] E0
[T+717505282us][CH2-Pc    ] E0
[T+717518414us][CH1-Dispenser] E1
[T+717518282us][CH2-Pc    ] E1
[T+717548412us][CH1-Dispenser] E0 FB
[T+717548281us][CH2-Pc    ] E0 FB
[T+717561428us][CH1-Dispenser] EE
[T+717561288us][CH2-Pc    ] EE
[T+717574280us][CH2-Pc    ] F0
[T+717605280us][CH1-Dispenser] F0 BA B0 B3 B2 B0 B1 B0 B0 B0 B0 B1 B1 B1 B1 B1 C1 C1 8D 8A
[T+717679281us][CH1-Dispenser] 03 73
[T+717676280us][CH2-Pc    ] 03
[T+717693280us][CH2-Pc    ] 23
[T+717699288us][CH1-Dispenser] 23 D3
[T+717714413us][CH1-Dispenser] FF
[T+717714281us][CH2-Pc    ] FF
[T+717727418us][CH1-Dispenser] E9
[T+717727283us][CH2-Pc    ] E9
[T+717739412us][CH1-Dispenser] FE
[T+717739281us][CH2-Pc    ] FE
[T+717752539us][CH1-Dispenser] E0
[T+717752403us][CH2-Pc    ] E0
[T+717764407us][CH1-Dispenser] E1
[T+717764281us][CH2-Pc    ] E1
[T+717777412us][CH1-Dispenser] E0
[T+717777281us][CH2-Pc    ] E0
[T+717790428us][CH1-Dispenser] FB
[T+717790288us][CH2-Pc    ] FB
[T+717803427us][CH1-Dispenser] EE
[T+717803288us][CH2-Pc    ] EE
[T+717815599us][CH2-Pc    ] F0
[T+717843304us][CH1-Dispenser] F0 BA B0 B3 B3 B0 B1 B0 B0 B0 B0 B1 B1 B1 B1 B1 B9 C1 8D 8A
[T+717907305us][CH2-Pc    ] 04
[T+717915321us][CH1-Dispenser] 04 64
[T+717985415us][CH1-Dispenser] 05
[T+717985281us][CH2-Pc    ] 05
[T+718149415us][CH1-Dispenser] 06
[T+718149281us][CH2-Pc    ] 06
[T+718319280us][CH2-Pc    ] 01
[T+718330280us][CH1-Dispenser] 01 61
[T+718398306us][CH2-Pc    ] 02
[T+718409498us][CH1-Dispenser] 02 72
[T+718426280us][CH2-Pc    ] 22
[T+718433887us][CH1-Dispenser] 22 D2
[T+718447414us][CH1-Dispenser] FF
[T+718447281us][CH2-Pc    ] FF
[T+718460523us][CH1-Dispenser] E9
[T+718460376us][CH2-Pc    ] E9
[T+718473425us][CH1-Dispenser] FE
[T+718473287us][CH2-Pc    ] FE
[T+718486422us][CH1-Dispenser] E0
[T+718486284us][CH2-Pc    ] E0
[T+718499280us][CH1-Dispenser] E1
[T+718498282us][CH2-Pc    ] E1
[T+718511429us][CH1-Dispenser] E0
[T+718511288us][CH2-Pc    ] E0
[T+718525286us][CH1-Dispenser] FB
[T+718525425us][CH2-Pc    ] FB
[T+718536437us][CH1-Dispenser] EE
[T+718536298us][CH2-Pc    ] EE
[T+718549281us][CH2-Pc    ] F0
[T+718580284us][CH1-Dispenser] F0 BA B0 B3 B2 B0 B1 B0 B0 B0 B0 B1 B1 B1 B1 B1 C1 C1 8D 8A
[T+718651280us][CH2-Pc    ] 03
[T+718659305us][CH1-Dispenser] 03 73
[T+718679281us][CH2-Pc    ] 23
[T+718686281us][CH1-Dispenser] 23 D3
[T+718700418us][CH1-Dispenser] FF
[T+718700285us][CH2-Pc    ] FF
[T+718713428us][CH1-Dispenser] E9
[T+718713288us][CH2-Pc    ] E9
[T+718726288us][CH1-Dispenser] FE
[T+718726427us][CH2-Pc    ] FE
[T+718738427us][CH1-Dispenser] E0
[T+718738288us][CH2-Pc    ] E0
[T+718751427us][CH1-Dispenser] E1
[T+718751288us][CH2-Pc    ] E1
[T+718764627us][CH1-Dispenser] E0
[T+718764487us][CH2-Pc    ] E0
[T+718776778us][CH1-Dispenser] FB
[T+718776638us][CH2-Pc    ] FB
[T+718789412us][CH1-Dispenser] EE
[T+718789281us][CH2-Pc    ] EE
[T+718802280us][CH2-Pc    ] F0
[T+718832280us][CH1-Dispenser] F0 BA B0 B3 B3 B0 B1 B0 B0 B0 B0 B1 B1 B1 B1 B1 B9 C1 8D 8A
[T+718905280us][CH2-Pc    ] 04
[T+718910280us][CH1-Dispenser] 04 64
[T+718983414us][CH1-Dispenser] 05
[T+718983281us][CH2-Pc    ] 05
[T+719147280us][CH2-Pc    ] 06
[T+719148280us][CH1-Dispenser] 06
[T+719327280us][CH2-Pc    ] 01
[T+719332280us][CH1-Dispenser] 01 61
[T+719405281us][CH2-Pc    ] 02
[T+719413321us][CH1-Dispenser] 02 72
[T+719432281us][CH2-Pc    ] 22
[T+719438897us][CH1-Dispenser] 22 D2
[T+719454415us][CH1-Dispenser] FF
[T+719454281us][CH2-Pc    ] FF
[T+719467411us][CH1-Dispenser] E9
[T+719467281us][CH2-Pc    ] E9
[T+719479424us][CH1-Dispenser] FE
[T+719479285us][CH2-Pc    ] FE
[T+719492415us][CH1-Dispenser] E0
[T+719492282us][CH2-Pc    ] E0
[T+719505415us][CH1-Dispenser] E1
[T+719505282us][CH2-Pc    ] E1
[T+719517407us][CH1-Dispenser] E0
[T+719517281us][CH2-Pc    ] E0
[T+719530426us][CH1-Dispenser] FB
[T+719530287us][CH2-Pc    ] FB
[T+719544288us][CH1-Dispenser] EE
[T+719544428us][CH2-Pc    ] EE
[T+719557288us][CH2-Pc    ] F0
[T+719587280us][CH1-Dispenser] F0 BA B0 B3 B2 B0 B1 B0 B0 B0 B0 B1 B1 B1 B1 B1 C1 C1 8D 8A
[T+719658280us][CH2-Pc    ] 03
[T+719665280us][CH1-Dispenser] 03 73
[T+719685306us][CH2-Pc    ] 23
[T+719690280us][CH1-Dispenser] 23 D3
[T+719707412us][CH1-Dispenser] FF
[T+719707281us][CH2-Pc    ] FF
[T+719720428us][CH1-Dispenser] E9
[T+719720288us][CH2-Pc    ] E9
[T+719737412us][CH1-Dispenser] FE
[T+719737281us][CH2-Pc    ] FE
[T+719750426us][CH1-Dispenser] E0
[T+719750288us][CH2-Pc    ] E0
[T+719763281us][CH1-Dispenser] E1
[T+719762289us][CH2-Pc    ] E1
[T+719787415us][CH1-Dispenser] E0 FB
[T+719787281us][CH2-Pc    ] E0 FB
[T+719801421us][CH1-Dispenser] EE
[T+719801284us][CH2-Pc    ] EE
[T+719814280us][CH2-Pc    ] F0
[T+719843280us][CH1-Dispenser] F0 BA B0 B3 B3 B0 B1 B0 B0 B0 B0 B1 B1 B1 B1 B1 B9 C1 8D 8A
[T+719913280us][CH2-Pc    ] 04
[T+719922972us][CH1-Dispenser] 04 64
[T+719991413us][CH1-Dispenser] 05
[T+719991281us][CH2-Pc    ] 05
[T+720166412us][CH1-Dispenser] 06
[T+720166281us][CH2-Pc    ] 06
[T+720341280us][CH2-Pc    ] 01
[T+720348283us][CH1-Dispenser] 01 61
[T+720419280us][CH2-Pc    ] 02
[T+720427321us][CH1-Dispenser] 02 72
[T+720446280us][CH2-Pc    ] 22
[T+720452281us][CH1-Dispenser] 22 D2
[T+720468412us][CH1-Dispenser] FF
[T+720468281us][CH2-Pc    ] FF
[T+720480427us][CH1-Dispenser] E9
[T+720480286us][CH2-Pc    ] E9
[T+720493420us][CH1-Dispenser] FE
[T+720493284us][CH2-Pc    ] FE
[T+720506420us][CH1-Dispenser] E0
[T+720506283us][CH2-Pc    ] E0
[T+720518410us][CH1-Dispenser] E1
[T+720518281us][CH2-Pc    ] E1
[T+720531416us][CH1-Dispenser] E0
[T+720531282us][CH2-Pc    ] E0
[T+720544452us][CH1-Dispenser] FB
[T+720544314us][CH2-Pc    ] FB
[T+720556431us][CH1-Dispenser] EE
[T+720556291us][CH2-Pc    ] EE
[T+720569337us][CH2-Pc    ] F0
[T+720600280us][CH1-Dispenser] F0 BA B0 B3 B2 B0 B1 B0 B0 B0 B0 B1 B1 B1 B1 B1 C1 C1 8D 8A
[T+720673281us][CH2-Pc    ] 03
[T+720681321us][CH1-Dispenser] 03 73
[T+720700281us][CH2-Pc    ] 23
[T+720706877us][CH1-Dispenser] 23 D3
[T+720722281us][CH1-Dispenser] FF
[T+720721280us][CH2-Pc    ] FF
[T+720734416us][CH1-Dispenser] E9
[T+720734282us][CH2-Pc    ] E9
[T+720747416us][CH1-Dispenser] FE
[T+720747282us][CH2-Pc    ] FE
[T+720760282us][CH1-Dispenser] E0
[T+720759285us][CH2-Pc    ] E0
[T+720772419us][CH1-Dispenser] E1
[T+720772284us][CH2-Pc    ] E1
[T+720785423us][CH1-Dispenser] E0
[T+720785285us][CH2-Pc    ] E0
[T+720800424us][CH1-Dispenser] FB
[T+720800283us][CH2-Pc    ] FB
[T+720812305us][CH2-Pc    ] EE
[T+720825280us][CH2-Pc    ] F0
[T+720852280us][CH1-Dispenser] EE F0 BA B0 B3 B3 B0 B1 B0 B0 B0 B0 B1 B1 B1 B1 B1 B9 C1 8D 8A
[T+720926281us][CH2-Pc    ] 04
[T+720930310us][CH1-Dispenser] 04 64
[T+720993414us][CH1-Dispenser] 05
[T+720993281us][CH2-Pc    ] 05
[T+721169418us][CH1-Dispenser] 06
[T+721169282us][CH2-Pc    ] 06
[T+721344280us][CH2-Pc    ] 01
[T+721350288us][CH1-Dispenser] 01 61
[T+721422305us][CH2-Pc    ] 02
[T+721427280us][CH1-Dispenser] 02 72
[T+721449280us][CH2-Pc    ] 22
[T+721459699us][CH1-Dispenser] 22 D2
[T+721470282us][CH2-Pc    ] FF
[T+721471280us][CH1-Dispenser] FF
[T+721483412us][CH1-Dispenser] E9
[T+721483281us][CH2-Pc    ] E9
[T+721496429us][CH1-Dispenser] FE
[T+721496288us][CH2-Pc    ] FE
[T+721509428us][CH1-Dispenser] E0
[T+721509288us][CH2-Pc    ] E0
[T+721521547us][CH1-Dispenser] E1
[T+721521409us][CH2-Pc    ] E1
[T+721534426us][CH1-Dispenser] E0
[T+721534287us][CH2-Pc    ] E0
[T+721547423us][CH1-Dispenser] FB
[T+721547286us][CH2-Pc    ] FB
[T+721559413us][CH1-Dispenser] EE
[T+721559281us][CH2-Pc    ] EE
[T+721572280us][CH2-Pc    ] F0
[T+721600304us][CH1-Dispenser] F0 BA B0 B3 B2 B0 B1 B0 B0 B0 B0 B1 B1 B1 B1 B1 C1 C1 8D 8A
[T+721675280us][CH2-Pc    ] 03
[T+721681280us][CH1-Dispenser] 03 73
[T+721702280us][CH2-Pc    ] 23
[T+721723281us][CH1-Dispenser] 23 D3 FF
[T+721723417us][CH2-Pc    ] FF
[T+721736417us][CH1-Dispenser] E9
[T+721736283us][CH2-Pc    ] E9
[T+721749423us][CH1-Dispenser] FE
[T+721749284us][CH2-Pc    ] FE
[T+721761425us][CH1-Dispenser] E0
[T+721761287us][CH2-Pc    ] E0
[T+721774417us][CH1-Dispenser] E1
[T+721774282us][CH2-Pc    ] E1
[T+721787422us][CH1-Dispenser] E0
[T+721787285us][CH2-Pc    ] E0
[T+721800412us][CH1-Dispenser] FB
[T+721800281us][CH2-Pc    ] FB
[T+721837412us][CH1-Dispenser] EE
[T+721837281us][CH2-Pc    ] EE
[T+721849321us][CH2-Pc    ] F0
[T+721877304us][CH1-Dispenser] F0 BA B0 B3 B3 B0 B1 B0 B0 B0 B0 B1 B1 B1 B1 B1 B9 C1 8D 8A
[T+721942280us][CH2-Pc    ] 04
[T+721949281us][CH1-Dispenser] 04 64
[T+722020413us][CH1-Dispenser] 05
[T+722020281us][CH2-Pc    ] 05
[T+722195417us][CH1-Dispenser] 06
[T+722195281us][CH2-Pc    ] 06
[T+722371304us][CH2-Pc    ] 01
[T+722380280us][CH1-Dispenser] 01 61
[T+722449281us][CH2-Pc    ] 02
[T+722458280us][CH1-Dispenser] 02 72
[T+722476281us][CH2-Pc    ] 22
[T+722483288us][CH1-Dispenser] 22 D2
[T+722510415us][CH1-Dispenser] FF E9
[T+722510281us][CH2-Pc    ] FF E9
[T+722523427us][CH1-Dispenser] FE
[T+722523288us][CH2-Pc    ] FE
[T+722536633us][CH1-Dispenser] E0
[T+722536772us][CH2-Pc    ] E0
[T+722549427us][CH1-Dispenser] E1
[T+722549288us][CH2-Pc    ] E1
[T+722561458us][CH1-Dispenser] E0
[T+722561319us][CH2-Pc    ] E0
[T+722574410us][CH1-Dispenser] FB
[T+722574281us][CH2-Pc    ] FB
[T+722587408us][CH1-Dispenser] EE
[T+722587281us][CH2-Pc    ] EE
[T+722599321us][CH2-Pc    ] F0
[T+722631304us][CH1-Dispenser] F0 BA B0 B3 B2 B0 B1 B0 B0 B0 B0 B1 B1 B1 B1 B1 C1 C1 8D 8A
[T+722701280us][CH2-Pc    ] 03
[T+722706929us][CH1-Dispenser] 03 73
[T+722728280us][CH2-Pc    ] 23
[T+722737281us][CH1-Dispenser] 23 D3
[T+722750420us][CH1-Dispenser] FF
[T+722750283us][CH2-Pc    ] FF
[T+722762413us][CH1-Dispenser] E9
[T+722762281us][CH2-Pc    ] E9
[T+722787412us][CH1-Dispenser] FE E0
[T+722787281us][CH2-Pc    ] FE E0
[T+722801424us][CH1-Dispenser] E1
[T+722801285us][CH2-Pc    ] E1
[T+722814422us][CH1-Dispenser] E0
[T+722814286us][CH2-Pc    ] E0
[T+722847410us][CH1-Dispenser] FB EE
[T+722847281us][CH2-Pc    ] FB EE
[T+722861281us][CH2-Pc    ] F0
[T+722890280us][CH1-Dispenser] F0 BA B0 B3 B3 B0 B1 B0 B0 B0 B0 B1 B1 B1 B1 B1 B9 C1 8D 8A
[T+722962280us][CH2-Pc    ] 04
[T+722971280us][CH1-Dispenser] 04 64
[T+723040414us][CH1-Dispenser] 05
[T+723040282us][CH2-Pc    ] 05
[T+723215418us][CH1-Dispenser] 06
[T+723215282us][CH2-Pc    ] 06
[T+723389280us][CH2-Pc    ] 01
[T+723397305us][CH1-Dispenser] 01 61
[T+723467280us][CH2-Pc    ] 02
[T+723472280us][CH1-Dispenser] 02 72
[T+723495280us][CH2-Pc    ] 22
[T+723503321us][CH1-Dispenser] 22 D2
[T+723537413us][CH1-Dispenser] FF E9
[T+723537281us][CH2-Pc    ] FF E9
[T+723551420us][CH1-Dispenser] FE
[T+723551283us][CH2-Pc    ] FE
[T+723563413us][CH1-Dispenser] E0
[T+723563281us][CH2-Pc    ] E0
[T+723576426us][CH1-Dispenser] E1
[T+723576288us][CH2-Pc    ] E1
[T+723589416us][CH1-Dispenser] E0
[T+723589282us][CH2-Pc    ] E0
[T+723614413us][CH1-Dispenser] FB EE
[T+723614281us][CH2-Pc    ] FB EE
[T+723627321us][CH2-Pc    ] F0
[T+723654280us][CH1-Dispenser] F0 BA B0 B3 B2 B0 B1 B0 B0 B0 B0 B1 B1 B1 B1 B1 C1 C1 8D 8A
[T+723718306us][CH2-Pc    ] 03
[T+723726309us][CH1-Dispenser] 03 73
[T+723769413us][CH1-Dispenser] 23 D3 FF E9
[T+723769281us][CH2-Pc    ] 23 FF E9
[T+723782417us][CH1-Dispenser] FE
[T+723782282us][CH2-Pc    ] FE
[T+723795413us][CH1-Dispenser] E0
[T+723795281us][CH2-Pc    ] E0
[T+723807416us][CH1-Dispenser] E1
[T+723807282us][CH2-Pc    ] E1
[T+723820416us][CH1-Dispenser] E0
[T+723820282us][CH2-Pc    ] E0
[T+723833677us][CH1-Dispenser] FB
[T+723833537us][CH2-Pc    ] FB
[T+723846452us][CH1-Dispenser] EE
[T+723846606us][CH2-Pc    ] EE
[T+723858384us][CH2-Pc    ] F0
[T+723888280us][CH1-Dispenser] F0 BA B0 B3 B3 B0 B1 B0 B0 B0 B0 B1 B1 B1 B1 B1 B9 C1 8D 8A
[T+723960304us][CH2-Pc    ] 04
[T+723966280us][CH1-Dispenser] 04 64
[T+724038413us][CH1-Dispenser] 05
[T+724038281us][CH2-Pc    ] 05
[T+724213414us][CH1-Dispenser] 06
[T+724213282us][CH2-Pc    ] 06
[T+724388280us][CH2-Pc    ] 01
[T+724393280us][CH1-Dispenser] 01 61
[T+724466280us][CH2-Pc    ] 02
[T+724472280us][CH1-Dispenser] 02 72
[T+724493280us][CH2-Pc    ] 22
[T+724499280us][CH1-Dispenser] 22 D2
[T+724527281us][CH1-Dispenser] FF E9
[T+724526280us][CH2-Pc    ] FF E9
[T+724540295us][CH1-Dispenser] FE
[T+724540433us][CH2-Pc    ] FE
[T+724553413us][CH1-Dispenser] E0
[T+724553282us][CH2-Pc    ] E0
[T+724565424us][CH1-Dispenser] E1
[T+724565284us][CH2-Pc    ] E1
[T+724578424us][CH1-Dispenser] E0
[T+724578285us][CH2-Pc    ] E0
[T+724591427us][CH1-Dispenser] FB
[T+724591289us][CH2-Pc    ] FB
[T+724603416us][CH1-Dispenser] EE
[T+724603284us][CH2-Pc    ] EE
[T+724616281us][CH2-Pc    ] F0
[T+724645280us][CH1-Dispenser] F0 BA B0 B3 B2 B0 B1 B0 B0 B0 B0 B1 B1 B1 B1 B1 C1 C1 8D 8A
[T+724729305us][CH2-Pc    ] 03
[T+724735288us][CH1-Dispenser] 03 73
[T+724757280us][CH2-Pc    ] 23
[T+724767288us][CH1-Dispenser] 23 D3
[T+724794412us][CH1-Dispenser] FF E9
[T+724794281us][CH2-Pc    ] FF E9
[T+724807422us][CH1-Dispenser] FE
[T+724807288us][CH2-Pc    ] FE
[T+724821427us][CH1-Dispenser] E0
[T+724821287us][CH2-Pc    ] E0
[T+724834424us][CH1-Dispenser] E1
[T+724834285us][CH2-Pc    ] E1
[T+724845428us][CH1-Dispenser] E0
[T+724845288us][CH2-Pc    ] E0
[T+724858427us][CH1-Dispenser] FB
[T+724858288us][CH2-Pc    ] FB
[T+724871427us][CH1-Dispenser] EE
[T+724871289us][CH2-Pc    ] EE
[T+724883321us][CH2-Pc    ] F0
[T+724913280us][CH1-Dispenser] F0 BA B0 B3 B3 B0 B1 B0 B0 B0 B0 B1 B1 B1 B1 B1 B9 C1 8D 8A
[T+724985305us][CH2-Pc    ] 04
[T+724991280us][CH1-Dispenser] 04 64
[T+725063413us][CH1-Dispenser] 05
[T+725063281us][CH2-Pc    ] 05
[T+725228414us][CH1-Dispenser] 06
[T+725228282us][CH2-Pc    ] 06
[T+725403280us][CH2-Pc    ] 01
[T+725407309us][CH1-Dispenser] 01 61
[T+725481280us][CH2-Pc    ] 02
[T+725489321us][CH1-Dispenser] 02 72
[T+725508280us][CH2-Pc    ] 22
[T+725516321us][CH1-Dispenser] 22 D2
[T+725530405us][CH1-Dispenser] FF
[T+725530281us][CH2-Pc    ] FF
[T+725544425us][CH1-Dispenser] E9
[T+725544287us][CH2-Pc    ] E9
[T+725555427us][CH1-Dispenser] FE
[T+725555289us][CH2-Pc    ] FE
[T+725568445us][CH1-Dispenser] E0
[T+725568306us][CH2-Pc    ] E0
[T+725581426us][CH1-Dispenser] E1
[T+725581285us][CH2-Pc    ] E1
[T+725594414us][CH1-Dispenser] E0
[T+725594282us][CH2-Pc    ] E0
[T+725606426us][CH1-Dispenser] FB
[T+725606286us][CH2-Pc    ] FB
[T+725619426us][CH1-Dispenser] EE
[T+725619287us][CH2-Pc    ] EE
[T+725632281us][CH2-Pc    ] F0
[T+725660312us][CH1-Dispenser] F0 BA B0 B3 B2 B0 B1 B0 B0 B0 B0 B1 B1 B1 B1 B1 C1 C1 8D 8A
[T+725733280us][CH2-Pc    ] 03
[T+725740281us][CH1-Dispenser] 03 73
[T+725760304us][CH2-Pc    ] 23
[T+725766280us][CH1-Dispenser] 23 D3
[T+725782412us][CH1-Dispenser] FF
[T+725782281us][CH2-Pc    ] FF
[T+725795428us][CH1-Dispenser] E9
[T+725795288us][CH2-Pc    ] E9
[T+725807427us][CH1-Dispenser] FE
[T+725807289us][CH2-Pc    ] FE
[T+725820427us][CH1-Dispenser] E0
[T+725820288us][CH2-Pc    ] E0
[T+725833427us][CH1-Dispenser] E1
[T+725833288us][CH2-Pc    ] E1
[T+725846428us][CH1-Dispenser] E0
[T+725846288us][CH2-Pc    ] E0
[T+725858427us][CH1-Dispenser] FB
[T+725858288us][CH2-Pc    ] FB
[T+725871426us][CH1-Dispenser] EE
[T+725871288us][CH2-Pc    ] EE
[T+725884280us][CH2-Pc    ] F0
[T+725913280us][CH1-Dispenser] F0 BA B0 B3 B3 B0 B1 B0 B0 B0 B0 B1 B1 B1 B1 B1 B9 C1 8D 8A
[T+725989309us][CH1-Dispenser] 04 64
[T+725985304us][CH2-Pc    ] 04
[T+726053412us][CH1-Dispenser] 05
[T+726053281us][CH2-Pc    ] 05
[T+726230412us][CH1-Dispenser] 06
[T+726230281us][CH2-Pc    ] 06
[T+726405280us][CH2-Pc    ] 01
[T+726413321us][CH1-Dispenser] 01 61
[T+726483280us][CH2-Pc    ] 02
[T+726489280us][CH1-Dispenser] 02 72
[T+726511280us][CH2-Pc    ] 22
[T+726517280us][CH1-Dispenser] 22 D2
[T+726544416us][CH1-Dispenser] FF E9
[T+726544281us][CH2-Pc    ] FF E9
[T+726557423us][CH1-Dispenser] FE
[T+726557284us][CH2-Pc    ] FE
[T+726570416us][CH1-Dispenser] E0
[T+726570282us][CH2-Pc    ] E0
[T+726583415us][CH1-Dispenser] E1
[T+726583282us][CH2-Pc    ] E1
[T+726595427us][CH1-Dispenser] E0
[T+726595285us][CH2-Pc    ] E0
[T+726608424us][CH1-Dispenser] FB
[T+726608285us][CH2-Pc    ] FB
[T+726621416us][CH1-Dispenser] EE
[T+726621282us][CH2-Pc    ] EE
[T+726634281us][CH2-Pc    ] F0
[T+726661280us][CH1-Dispenser] F0 BA B0 B3 B2 B0 B1 B0 B0 B0 B0 B1 B1 B1 B1 B1 C1 C1 8D 8A
[T+726676281us][CH2-Pc    ] 22
[T+726683288us][CH1-Dispenser] 22 D2
[T+726710412us][CH1-Dispenser] FF E5
[T+726710281us][CH2-Pc    ] FF E5
[T+726724285us][CH1-Dispenser] F4
[T+726723288us][CH2-Pc    ] F4
[T+726736288us][CH1-Dispenser] F6
[T+726736428us][CH2-Pc    ] F6
[T+726749428us][CH1-Dispenser] E0
[T+726749288us][CH2-Pc    ] E0
[T+726761919us][CH1-Dispenser] F7
[T+726761288us][CH2-Pc    ] F7
[T+726774412us][CH1-Dispenser] E0
[T+726774281us][CH2-Pc    ] E0
[T+726802413us][CH1-Dispenser] E3 E1
[T+726802282us][CH2-Pc    ] E3 E1
[T+726827412us][CH1-Dispenser] E1 FB
[T+726827281us][CH2-Pc    ] E1 FB
[T+726840416us][CH1-Dispenser] EB
[T+726840282us][CH2-Pc    ] EB
[T+726853413us][CH1-Dispenser] F0
[T+726853281us][CH2-Pc    ] F0
[T+726942280us][CH2-Pc    ] 02
[T+726948289us][CH1-Dispenser] 02 72
[T+726969280us][CH2-Pc    ] 22
[T+726977321us][CH1-Dispenser] 22 D2
[T+726991420us][CH1-Dispenser] FF
[T+726991283us][CH2-Pc    ] FF
[T+727004420us][CH1-Dispenser] E5
[T+727004281us][CH2-Pc    ] E5
[T+727016427us][CH1-Dispenser] F2
[T+727016288us][CH2-Pc    ] F2
[T+727029412us][CH1-Dispenser] F8
[T+727029281us][CH2-Pc    ] F8
[T+727042410us][CH1-Dispenser] E0
[T+727042281us][CH2-Pc    ] E0
[T+727054413us][CH1-Dispenser] E0
[T+727054281us][CH2-Pc    ] E0
[T+727067416us][CH1-Dispenser] E9
[T+727067282us][CH2-Pc    ] E9
[T+727080411us][CH1-Dispenser] E3
[T+727080281us][CH2-Pc    ] E3
[T+727092413us][CH1-Dispenser] E3
[T+727092282us][CH2-Pc    ] E3
[T+727105283us][CH1-Dispenser] E0
[T+727105497us][CH2-Pc    ] E0
[T+727118428us][CH1-Dispenser] FB
[T+727118289us][CH2-Pc    ] FB
[T+727131281us][CH1-Dispenser] E8
[T+727131413us][CH2-Pc    ] E8
[T+727143412us][CH1-Dispenser] F0
[T+727143281us][CH2-Pc    ] F0
[T+727232280us][CH2-Pc    ] 02
[T+727238280us][CH1-Dispenser] 02 72
[T+727260411us][CH1-Dispenser] 12
[T+727260281us][CH2-Pc    ] 12
[T+727346280us][CH2-Pc    ] 02
[T+727353280us][CH1-Dispenser] 02 92
[T+727424280us][CH2-Pc    ] 03
[T+727431281us][CH1-Dispenser] 03 73
[T+727452280us][CH2-Pc    ] 23
[T+727461280us][CH1-Dispenser] 23 D3
[T+727474428us][CH1-Dispenser] FF
[T+727474287us][CH2-Pc    ] FF
[T+727495412us][CH1-Dispenser] E9
[T+727495281us][CH2-Pc    ] E9
[T+727516419us][CH1-Dispenser] FE
[T+727516283us][CH2-Pc    ] FE
[T+727530428us][CH1-Dispenser] E0
[T+727530288us][CH2-Pc    ] E0
[T+727592412us][CH1-Dispenser] E1
[T+727592281us][CH2-Pc    ] E1
[T+727606424us][CH1-Dispenser] E0
[T+727606285us][CH2-Pc    ] E0
[T+727618427us][CH1-Dispenser] FB
[T+727618289us][CH2-Pc    ] FB
[T+727630426us][CH1-Dispenser] EE
[T+727630287us][CH2-Pc    ] EE
[T+727643438us][CH2-Pc    ] F0
[T+727674280us][CH1-Dispenser] F0 BA B0 B3 B3 B0 B1 B0 B0 B0 B0 B1 B1 B1 B1 B1 B9 C1 8D 8A
[T+727747280us][CH2-Pc    ] 04
[T+727755957us][CH1-Dispenser] 04 64
[T+727825416us][CH1-Dispenser] 05
[T+727825281us][CH2-Pc    ] 05
[T+728000413us][CH1-Dispenser] 06
[T+728000281us][CH2-Pc    ] 06
[T+728164304us][CH2-Pc    ] 01
[T+728173280us][CH1-Dispenser] 01 61
[T+728242280us][CH2-Pc    ] 02
[T+728249923us][CH1-Dispenser] 02 92
[T+728820281us][CH2-Pc    ] 03
[T+728825281us][CH1-Dispenser] 03 73
[T+728847281us][CH2-Pc    ] 23
[T+728856281us][CH1-Dispenser] 23 D3
[T+728869422us][CH1-Dispenser] FF
[T+728869284us][CH2-Pc    ] FF
[T+728882417us][CH1-Dispenser] E9
[T+728882282us][CH2-Pc    ] E9
[T+728906412us][CH1-Dispenser] FE E0
[T+728906281us][CH2-Pc    ] FE E0
[T+728919281us][CH2-Pc    ] E1
[T+728920280us][CH1-Dispenser] E1
[T+728932412us][CH1-Dispenser] E0
[T+728932281us][CH2-Pc    ] E0
[T+728945418us][CH1-Dispenser] FB
[T+728945285us][CH2-Pc    ] FB
[T+728958427us][CH1-Dispenser] EE
[T+728958288us][CH2-Pc    ] EE
[T+728970722us][CH2-Pc    ] F0
[T+728998304us][CH1-Dispenser] F0 BA B0 B3 B3 B0 B1 B0 B0 B0 B0 B1 B1 B1 B1 B1 B9 C1 8D 8A
[T+729062304us][CH2-Pc    ] 04
[T+729070321us][CH1-Dispenser] 04 64
[T+729140413us][CH1-Dispenser] 05
[T+729140281us][CH2-Pc    ] 05
[T+729304413us][CH1-Dispenser] 06
[T+729304282us][CH2-Pc    ] 06
[T+729479280us][CH2-Pc    ] 01
[T+729489737us][CH1-Dispenser] 01 61
[T+729557307us][CH2-Pc    ] 02
[T+729562280us][CH1-Dispenser] 02 92
[T+729585280us][CH2-Pc    ] 62
[T+729599281us][CH1-Dispenser] 62 E0 E0 E0 E0 E0 E0
[T+729663304us][CH2-Pc    ] 03
[T+729672280us][CH1-Dispenser] 03 73
[T+729690280us][CH2-Pc    ] 23
[T+729695280us][CH1-Dispenser] 23 D3
[T+729712412us][CH1-Dispenser] FF
[T+729712281us][CH2-Pc    ] FF
[T+729725288us][CH1-Dispenser] E9
[T+729725423us][CH2-Pc    ] E9
[T+729746413us][CH1-Dispenser] FE
[T+729746281us][CH2-Pc    ] FE
[T+729767413us][CH1-Dispenser] E0
[T+729767282us][CH2-Pc    ] E0
[T+729789415us][CH1-Dispenser] E1
[T+729789281us][CH2-Pc    ] E1
[T+729820411us][CH1-Dispenser] E0 FB
[T+729820281us][CH2-Pc    ] E0 FB
[T+729834424us][CH1-Dispenser] EE
[T+729834284us][CH2-Pc    ] EE
[T+729846305us][CH2-Pc    ] F0
[T+729874280us][CH1-Dispenser] F0 BA B0 B3 B3 B0 B1 B0 B0 B0 B0 B1 B1 B1 B1 B1 B9 C1 8D 8A
[T+729941280us][CH2-Pc    ] 04
[T+729948281us][CH1-Dispenser] 04 64
[T+730019417us][CH1-Dispenser] 05
[T+730019281us][CH2-Pc    ] 05
[T+730194413us][CH1-Dispenser] 06
[T+730194281us][CH2-Pc    ] 06
[T+730369280us][CH2-Pc    ] 01
[T+730374280us][CH1-Dispenser] 01 61
[T+730447281us][CH2-Pc    ] 02
[T+730453888us][CH1-Dispenser] 02 92
[T+730474281us][CH2-Pc    ] 62
[T+730490305us][CH1-Dispenser] 62 E0 E0 E0 E0 E0 E0
[T+730563280us][CH2-Pc    ] 03
[T+730571305us][CH1-Dispenser] 03 73
[T+730613413us][CH1-Dispenser] 23 D3 FF E9
[T+730613281us][CH2-Pc    ] 23 FF E9
[T+730636412us][CH1-Dispenser] FE
[T+730636281us][CH2-Pc    ] FE
[T+730649424us][CH1-Dispenser] E0
[T+730649287us][CH2-Pc    ] E0
[T+730674412us][CH1-Dispenser] E1 E0
[T+730674281us][CH2-Pc    ] E1 E0
[T+730687428us][CH1-Dispenser] FB
[T+730687287us][CH2-Pc    ] FB
[T+730700417us][CH1-Dispenser] EE
[T+730700285us][CH2-Pc    ] EE
[T+730713280us][CH2-Pc    ] F0
[T+730746280us][CH1-Dispenser] F0 BA B0 B3 B3 B0 B1 B0 B0 B0 B0 B1 B1 B1 B1 B1 B9 C1 8D 8A
[T+730814305us][CH2-Pc    ] 04
[T+730820288us][CH1-Dispenser] 04 64
[T+730892412us][CH1-Dispenser] 05
[T+730892281us][CH2-Pc    ] 05
[T+731078417us][CH1-Dispenser] 06
[T+731078282us][CH2-Pc    ] 06
[T+731242305us][CH2-Pc    ] 01
[T+731248288us][CH1-Dispenser] 01 61
[T+731320304us][CH2-Pc    ] 02
[T+731331413us][CH1-Dispenser] 02 92
[T+731352280us][CH2-Pc    ] 62
[T+731364321us][CH1-Dispenser] 62 E1 E8 E1 E0 E0 E0
[T+731435280us][CH2-Pc    ] 03
[T+731442281us][CH1-Dispenser] 03 73
[T+731463280us][CH2-Pc    ] 23
[T+731484281us][CH1-Dispenser] 23 D3 FF
[T+731484417us][CH2-Pc    ] FF
[T+731497425us][CH1-Dispenser] E9
[T+731497285us][CH2-Pc    ] E9
[T+731510287us][CH1-Dispenser] FE
[T+731509283us][CH2-Pc    ] FE
[T+731522287us][CH1-Dispenser] E0
[T+731522425us][CH2-Pc    ] E0
[T+731535422us][CH1-Dispenser] E1
[T+731535286us][CH2-Pc    ] E1
[T+731548283us][CH1-Dispenser] E0
[T+731548418us][CH2-Pc    ] E0
[T+731560428us][CH1-Dispenser] FB
[T+731560288us][CH2-Pc    ] FB
[T+731573428us][CH1-Dispenser] EE
[T+731573289us][CH2-Pc    ] EE
[T+731585321us][CH2-Pc    ] F0
[T+731613312us][CH1-Dispenser] F0 BA B0 B3 B3 B0 B1 B0 B0 B0 B0 B1 B1 B1 B1 B1 B9 C1 8D 8A
[T+731677306us][CH2-Pc    ] 04
[T+731685305us][CH1-Dispenser] 04 64
[T+731755418us][CH1-Dispenser] 05
[T+731755283us][CH2-Pc    ] 05
[T+731950413us][CH1-Dispenser] 06
[T+731950281us][CH2-Pc    ] 06
[T+732125280us][CH2-Pc    ] 01
[T+732134928us][CH1-Dispenser] 01 61
[T+732203280us][CH2-Pc    ] 02
[T+732208280us][CH1-Dispenser] 02 92
[T+732230280us][CH2-Pc    ] 62
[T+732246306us][CH1-Dispenser] 62 E0 E5 E3 E0 E0 E0
[T+732320280us][CH2-Pc    ] 03
[T+732326288us][CH1-Dispenser] 03 73
[T+732347280us][CH2-Pc    ] 23
[T+732355321us][CH1-Dispenser] 23 D3
[T+732369420us][CH1-Dispenser] FF
[T+732369283us][CH2-Pc    ] FF
[T+732381412us][CH1-Dispenser] E9
[T+732381281us][CH2-Pc    ] E9
[T+732394416us][CH1-Dispenser] FE
[T+732394282us][CH2-Pc    ] FE
[T+732407416us][CH1-Dispenser] E0
[T+732407282us][CH2-Pc    ] E0
[T+732419413us][CH1-Dispenser] E1
[T+732419281us][CH2-Pc    ] E1
[T+732432424us][CH1-Dispenser] E0
[T+732432287us][CH2-Pc    ] E0
[T+732445416us][CH1-Dispenser] FB
[T+732445282us][CH2-Pc    ] FB
[T+732457280us][CH2-Pc    ] EE
[T+732458281us][CH1-Dispenser] EE
[T+732470305us][CH2-Pc    ] F0
[T+732497280us][CH1-Dispenser] F0 BA B0 B3 B3 B0 B1 B0 B0 B0 B0 B1 B1 B1 B1 B1 B9 C1 8D 8A
[T+732562280us][CH2-Pc    ] 04
[T+732571909us][CH1-Dispenser] 04 64
[T+732640412us][CH1-Dispenser] 05
[T+732640281us][CH2-Pc    ] 05
[T+732804414us][CH1-Dispenser] 06
[T+732804282us][CH2-Pc    ] 06
[T+732979280us][CH2-Pc    ] 01
[T+732983309us][CH1-Dispenser] 01 61
[T+733047282us][CH2-Pc    ] 02
[T+733053281us][CH1-Dispenser] 02 92
[T+733074280us][CH2-Pc    ] 62
[T+733084285us][CH1-Dispenser] 62 E7 E5 E7 E0 E0 E0
[T+733153321us][CH2-Pc    ] 03
[T+733161288us][CH1-Dispenser] 03 73
[T+733182385us][CH2-Pc    ] 23
[T+733187185us][CH1-Dispenser] 23 D3
[T+733202425us][CH1-Dispenser] FF
[T+733202288us][CH2-Pc    ] FF
[T+733215422us][CH1-Dispenser] E9
[T+733215283us][CH2-Pc    ] E9
[T+733228223us][CH1-Dispenser] FE
[T+733227288us][CH2-Pc    ] FE
[T+733240288us][CH1-Dispenser] E0
[T+733240427us][CH2-Pc    ] E0
[T+733252428us][CH1-Dispenser] E1
[T+733252288us][CH2-Pc    ] E1
[T+733277408us][CH1-Dispenser] E0 FB
[T+733277281us][CH2-Pc    ] E0 FB
[T+733291280us][CH1-Dispenser] EE
[T+733290282us][CH2-Pc    ] EE
[T+733303305us][CH2-Pc    ] F0
[T+733333280us][CH1-Dispenser] F0 BA B0 B3 B3 B0 B1 B0 B0 B0 B0 B1 B1 B1 B1 B1 B9 C1 8D 8A
[T+733405306us][CH2-Pc    ] 04
[T+733413516us][CH1-Dispenser] 04 64
[T+733483413us][CH1-Dispenser] 05
[T+733483281us][CH2-Pc    ] 05
[T+733647415us][CH1-Dispenser] 06
[T+733647282us][CH2-Pc    ] 06
[T+733822281us][CH2-Pc    ] 01
[T+733829288us][CH1-Dispenser] 01 61
[T+733900280us][CH2-Pc    ] 02
[T+733908321us][CH1-Dispenser] 02 92
[T+733927280us][CH2-Pc    ] 62
[T+733939317us][CH1-Dispenser] 62 E4 E5 E2 E1 E0 E0
[T+734005280us][CH2-Pc    ] 03
[T+734011280us][CH1-Dispenser] 03 73
[T+734035305us][CH2-Pc    ] 23
[T+734040281us][CH1-Dispenser] 23 D3
[T+734068412us][CH1-Dispenser] FF E9
[T+734068281us][CH2-Pc    ] FF E9
[T+734082414us][CH1-Dispenser] FE
[T+734082282us][CH2-Pc    ] FE
[T+734107412us][CH1-Dispenser] E0 E1
[T+734107281us][CH2-Pc    ] E0 E1
[T+734120415us][CH1-Dispenser] E0
[T+734120282us][CH2-Pc    ] E0
[T+734151412us][CH1-Dispenser] FB EE
[T+734151281us][CH2-Pc    ] FB EE
[T+734164280us][CH2-Pc    ] F0
[T+734193280us][CH1-Dispenser] F0 BA B0 B3 B3 B0 B1 B0 B0 B0 B0 B1 B1 B1 B1 B1 B9 C1 8D 8A
[T+734265306us][CH2-Pc    ] 04
[T+734271280us][CH1-Dispenser] 04 64
[T+734343413us][CH1-Dispenser] 05
[T+734343281us][CH2-Pc    ] 05
[T+734511414us][CH1-Dispenser] 06
[T+734511281us][CH2-Pc    ] 06
[T+734686280us][CH2-Pc    ] 01
[T+734694305us][CH1-Dispenser] 01 61
[T+734764280us][CH2-Pc    ] 02
[T+734768310us][CH1-Dispenser] 02 92
[T+734783280us][CH2-Pc    ] 62
[T+734795317us][CH1-Dispenser] 62 E3 E6 E7 E1 E0 E0
[T+734862280us][CH2-Pc    ] 03
[T+734871280us][CH1-Dispenser] 03 73
[T+734889281us][CH2-Pc    ] 23
[T+734896288us][CH1-Dispenser] 23 D3
[T+734911411us][CH1-Dispenser] FF
[T+734911281us][CH2-Pc    ] FF
[T+734923404us][CH1-Dispenser] E9
[T+734923281us][CH2-Pc    ] E9
[T+734936412us][CH1-Dispenser] FE
[T+734936281us][CH2-Pc    ] FE
[T+734949413us][CH1-Dispenser] E0
[T+734949281us][CH2-Pc    ] E0
[T+734961421us][CH2-Pc    ] E1
[T+734963288us][CH1-Dispenser] E1
[T+734974917us][CH1-Dispenser] E0
[T+734974776us][CH2-Pc    ] E0
[T+734987366us][CH1-Dispenser] FB
[T+734987500us][CH2-Pc    ] FB
[T+735000386us][CH1-Dispenser] EE
[T+735000526us][CH2-Pc    ] EE
[T+735012345us][CH2-Pc    ] F0
[T+735043280us][CH1-Dispenser] F0 BA B0 B3 B3 B0 B1 B0 B0 B0 B0 B1 B1 B1 B1 B1 B9 C1 8D 8A
[T+735114280us][CH2-Pc    ] 04
[T+735121280us][CH1-Dispenser] 04 64
[T+735192416us][CH1-Dispenser] 05
[T+735192281us][CH2-Pc    ] 05
[T+735367415us][CH1-Dispenser] 06
[T+735367282us][CH2-Pc    ] 06
[T+735541280us][CH2-Pc    ] 01
[T+735551288us][CH1-Dispenser] 01 61
[T+735620280us][CH2-Pc    ] 02
[T+735630281us][CH1-Dispenser] 02 92
[T+735647280us][CH2-Pc    ] 62
[T+735660280us][CH1-Dispenser] 62 E3 E8 E2 E2 E0 E0
[T+735725281us][CH2-Pc    ] 03
[T+735730281us][CH1-Dispenser] 03 73
[T+735752281us][CH2-Pc    ] 23
[T+735774281us][CH1-Dispenser] 23 D3 FF
[T+735774417us][CH2-Pc    ] FF
[T+735787413us][CH1-Dispenser] E9
[T+735787281us][CH2-Pc    ] E9
[T+735800428us][CH1-Dispenser] FE
[T+735800288us][CH2-Pc    ] FE
[T+735822414us][CH1-Dispenser] E0
[T+735822281us][CH2-Pc    ] E0
[T+735840412us][CH1-Dispenser] E1
[T+735840281us][CH2-Pc    ] E1
[T+735854426us][CH1-Dispenser] E0
[T+735854285us][CH2-Pc    ] E0
[T+735866287us][CH1-Dispenser] FB
[T+735866427us][CH2-Pc    ] FB
[T+735878287us][CH1-Dispenser] EE
[T+735878433us][CH2-Pc    ] EE
[T+735891280us][CH2-Pc    ] F0
[T+735920303us][CH1-Dispenser] F0 BA B0 B3 B3 B0 B1 B0 B0 B0 B0 B1 B1 B1 B1 B1 B9 C1 8D 8A
[T+735983281us][CH2-Pc    ] 04
[T+735991957us][CH1-Dispenser] 04 64
[T+736063413us][CH1-Dispenser] 05
[T+736063281us][CH2-Pc    ] 05
[T+736226412us][CH1-Dispenser] 06
[T+736226281us][CH2-Pc    ] 06
[T+736402305us][CH2-Pc    ] 01
[T+736409281us][CH1-Dispenser] 01 61
[T+736480280us][CH2-Pc    ] 02
[T+736488322us][CH1-Dispenser] 02 92
[T+736507280us][CH2-Pc    ] 62
[T+736521285us][CH1-Dispenser] 62 E5 E2 E8 E2 E0 E0
[T+736585305us][CH2-Pc    ] 03
[T+736591891us][CH1-Dispenser] 03 73
[T+736613280us][CH2-Pc    ] 23
[T+736634281us][CH1-Dispenser] 23 D3 FF
[T+736634413us][CH2-Pc    ] FF
[T+736647416us][CH1-Dispenser] E9
[T+736647282us][CH2-Pc    ] E9
[T+736660416us][CH1-Dispenser] FE
[T+736660282us][CH2-Pc    ] FE
[T+736673603us][CH1-Dispenser] E0
[T+736685284us][CH1-Dispenser] E1
[T+736685421us][CH2-Pc    ] E0 E1
[T+736698931us][CH1-Dispenser] E0
[T+736698791us][CH2-Pc    ] E0
[T+736711414us][CH1-Dispenser] FB
[T+736711282us][CH2-Pc    ] FB
[T+736723421us][CH1-Dispenser] EE
[T+736723284us][CH2-Pc    ] EE
[T+736736309us][CH2-Pc    ] F0
[T+736764304us][CH1-Dispenser] F0 BA B0 B3 B3 B0 B1 B0 B0 B0 B0 B1 B1 B1 B1 B1 B9 C1 8D 8A
[T+736840304us][CH2-Pc    ] 04
[T+736847376us][CH1-Dispenser] 04 64
[T+736919412us][CH1-Dispenser] 05
[T+736919281us][CH2-Pc    ] 05
[T+737093416us][CH1-Dispenser] 06
[T+737093282us][CH2-Pc    ] 06
[T+737257306us][CH2-Pc    ] 01
[T+737264280us][CH1-Dispenser] 01 61
[T+737336304us][CH2-Pc    ] 02
[T+737345280us][CH1-Dispenser] 02 92
[T+737363280us][CH2-Pc    ] 62
[T+737376280us][CH1-Dispenser] 62 E0 E9 E3 E3 E0 E0
[T+737441281us][CH2-Pc    ] 03
[T+737447919us][CH1-Dispenser] 03 73
[T+737468281us][CH2-Pc    ] 23
[T+737490281us][CH1-Dispenser] 23 D3 FF
[T+737490413us][CH2-Pc    ] FF
[T+737502412us][CH1-Dispenser] E9
[T+737502281us][CH2-Pc    ] E9
[T+737515413us][CH1-Dispenser] FE
[T+737515281us][CH2-Pc    ] FE
[T+737528428us][CH1-Dispenser] E0
[T+737528289us][CH2-Pc    ] E0
[T+737541428us][CH1-Dispenser] E1
[T+737541288us][CH2-Pc    ] E1
[T+737554481us][CH1-Dispenser] E0
[T+737554289us][CH2-Pc    ] E0
[T+737568284us][CH1-Dispenser] FB
[T+737568423us][CH2-Pc    ] FB
[T+737579428us][CH1-Dispenser] EE
[T+737579288us][CH2-Pc    ] EE
[T+737591321us][CH2-Pc    ] F0
[T+737620281us][CH1-Dispenser] F0 BA B0 B3 B3 B0 B1 B0 B0 B0 B0 B1 B1 B1 B1 B1 B9 C1 8D 8A
[T+737694280us][CH2-Pc    ] 04
[T+737701281us][CH1-Dispenser] 04 64
[T+737772413us][CH1-Dispenser] 05
[T+737772281us][CH2-Pc    ] 05
[T+737947412us][CH1-Dispenser] 06
[T+737947281us][CH2-Pc    ] 06
[T+738122280us][CH2-Pc    ] 01
[T+738129930us][CH1-Dispenser] 01 61
[T+738200281us][CH2-Pc    ] 02
[T+738208537us][CH1-Dispenser] 02 92
[T+738227281us][CH2-Pc    ] 62
[T+738241280us][CH1-Dispenser] 62 E4 E4 E9 E3 E0 E0
[T+738306280us][CH2-Pc    ] 03
[T+738323280us][CH2-Pc    ] 23
[T+738344281us][CH1-Dispenser] 03 73 23 D3 FF
[T+738344415us][CH2-Pc    ] FF
[T+738357283us][CH1-Dispenser] E9
[T+738358280us][CH2-Pc    ] E9
[T+738370486us][CH1-Dispenser] FE
[T+738370347us][CH2-Pc    ] FE
[T+738382429us][CH1-Dispenser] E0
[T+738382288us][CH2-Pc    ] E0
[T+738395428us][CH1-Dispenser] E1
[T+738395288us][CH2-Pc    ] E1
[T+738408428us][CH1-Dispenser] E0
[T+738408288us][CH2-Pc    ] E0
[T+738420428us][CH1-Dispenser] FB
[T+738420288us][CH2-Pc    ] FB
[T+738433423us][CH1-Dispenser] EE
[T+738433284us][CH2-Pc    ] EE
[T+738446280us][CH2-Pc    ] F0
[T+738474308us][CH1-Dispenser] F0 BA B0 B3 B3 B0 B1 B0 B0 B0 B0 B1 B1 B1 B1 B1 B9 C1 8D 8A
[T+738548280us][CH2-Pc    ] 04
[T+738555288us][CH1-Dispenser] 04 64
[T+738640412us][CH1-Dispenser] 05
[T+738640281us][CH2-Pc    ] 05
[T+738804412us][CH1-Dispenser] 06
[T+738804281us][CH2-Pc    ] 06
[T+738979281us][CH2-Pc    ] 01
[T+738984281us][CH1-Dispenser] 01 61
[T+739057280us][CH2-Pc    ] 02
[T+739063289us][CH1-Dispenser] 02 92
[T+739084280us][CH2-Pc    ] 62
[T+739096310us][CH1-Dispenser] 62 E0 E2 E5 E4 E0 E0
[T+739162280us][CH2-Pc    ] 03
[T+739171884us][CH1-Dispenser] 03 73
[T+739190282us][CH2-Pc    ] 23
[T+739197281us][CH1-Dispenser] 23 D3
[T+739211412us][CH1-Dispenser] FF
[T+739211281us][CH2-Pc    ] FF
[T+739224427us][CH1-Dispenser] E9
[T+739224288us][CH2-Pc    ] E9
[T+739246412us][CH1-Dispenser] FE
[T+739246281us][CH2-Pc    ] FE
[T+739261412us][CH1-Dispenser] E0
[T+739261281us][CH2-Pc    ] E0
[T+739274418us][CH1-Dispenser] E1
[T+739274284us][CH2-Pc    ] E1
[T+739287416us][CH1-Dispenser] E0
[T+739287282us][CH2-Pc    ] E0
[T+739299417us][CH1-Dispenser] FB
[T+739299285us][CH2-Pc    ] FB
[T+739312424us][CH1-Dispenser] EE
[T+739312285us][CH2-Pc    ] EE
[T+739326281us][CH2-Pc    ] F0
[T+739355280us][CH1-Dispenser] F0 BA B0 B3 B3 B0 B1 B0 B0 B0 B0 B1 B1 B1 B1 B1 B9 C1 8D 8A
[T+739427304us][CH2-Pc    ] 04
[T+739436608us][CH1-Dispenser] 04 64
[T+739505416us][CH1-Dispenser] 05
[T+739505281us][CH2-Pc    ] 05
[T+739680414us][CH1-Dispenser] 06
[T+739680281us][CH2-Pc    ] 06
[T+739856280us][CH2-Pc    ] 01
[T+739864321us][CH1-Dispenser] 01 61
[T+739934280us][CH2-Pc    ] 02
[T+739939280us][CH1-Dispenser] 02 92
[T+739962280us][CH2-Pc    ] 62
[T+739976281us][CH1-Dispenser] 62 E8 E0 E1 E5 E0 E0
[T+740040304us][CH2-Pc    ] 03
[T+740047281us][CH1-Dispenser] 03 73
[T+740068280us][CH2-Pc    ] 23
[T+740076321us][CH1-Dispenser] 23 D3
[T+740089412us][CH1-Dispenser] FF
[T+740089281us][CH2-Pc    ] FF
[T+740103280us][CH1-Dispenser] E9
[T+740102283us][CH2-Pc    ] E9
[T+740115653us][CH1-Dispenser] FE
[T+740115514us][CH2-Pc    ] FE
[T+740127427us][CH1-Dispenser] E0
[T+740127289us][CH2-Pc    ] E0
[T+740140428us][CH1-Dispenser] E1
[T+740140288us][CH2-Pc    ] E1
[T+740153427us][CH1-Dispenser] E0
[T+740153288us][CH2-Pc    ] E0
[T+740166288us][CH1-Dispenser] FB
[T+740166422us][CH2-Pc    ] FB
[T+740178964us][CH1-Dispenser] EE
[T+740179103us][CH2-Pc    ] EE
[T+740192280us][CH2-Pc    ] F0
[T+740218280us][CH1-Dispenser] F0 BA B0 B3 B3 B0 B1 B0 B0 B0 B0 B1 B1 B1 B1 B1 B9 C1 8D 8A
[T+740283280us][CH2-Pc    ] 04
[T+740292280us][CH1-Dispenser] 04 64
[T+740361415us][CH1-Dispenser] 05
[T+740361282us][CH2-Pc    ] 05
[T+740541414us][CH1-Dispenser] 06
[T+740541281us][CH2-Pc    ] 06
[T+740716280us][CH2-Pc    ] 01
[T+740726288us][CH1-Dispenser] 01 61
[T+740794304us][CH2-Pc    ] 02
[T+740799280us][CH1-Dispenser] 02 92
[T+740822785us][CH2-Pc    ] 62
[T+740834311us][CH1-Dispenser] 62 E7 E0 E7 E5 E0 E0
[T+740900281us][CH2-Pc    ] 03
[T+740907288us][CH1-Dispenser] 03 73
[T+740927305us][CH2-Pc    ] 23
[T+740932281us][CH1-Dispenser] 23 D3
[T+740949415us][CH1-Dispenser] FF
[T+740949281us][CH2-Pc    ] FF
[T+740962284us][CH1-Dispenser] E9
[T+740962421us][CH2-Pc    ] E9
[T+740974285us][CH1-Dispenser] FE
[T+740974425us][CH2-Pc    ] FE
[T+740988421us][CH1-Dispenser] E0
[T+740988284us][CH2-Pc    ] E0
[T+741000421us][CH1-Dispenser] E1
[T+741000284us][CH2-Pc    ] E1
[T+741013412us][CH1-Dispenser] E0
[T+741013281us][CH2-Pc    ] E0
[T+741026426us][CH1-Dispenser] FB
[T+741026288us][CH2-Pc    ] FB
[T+741039281us][CH1-Dispenser] EE
[T+741039413us][CH2-Pc    ] EE
[T+741051305us][CH2-Pc    ] F0
[T+741080280us][CH1-Dispenser] F0 BA B0 B3 B3 B0 B1 B0 B0 B0 B0 B1 B1 B1 B1 B1 B9 C1 8D 8A
[T+741153280us][CH2-Pc    ] 04
[T+741161321us][CH1-Dispenser] 04 64
[T+741231415us][CH1-Dispenser] 05
[T+741231281us][CH2-Pc    ] 05
[T+741406415us][CH1-Dispenser] 06
[T+741406281us][CH2-Pc    ] 06
[T+741570304us][CH2-Pc    ] 01
[T+741575280us][CH1-Dispenser] 01 61
[T+741648280us][CH2-Pc    ] 02
[T+741654280us][CH1-Dispenser] 02 92
[T+741675280us][CH2-Pc    ] 62
[T+741691304us][CH1-Dispenser] 62 E8 E2 E3 E6 E0 E0
[T+741764281us][CH2-Pc    ] 03
[T+741774280us][CH1-Dispenser] 03 73
[T+741791281us][CH2-Pc    ] 23
[T+741797882us][CH1-Dispenser] 23 D3
[T+741813416us][CH1-Dispenser] FF
[T+741813281us][CH2-Pc    ] FF
[T+741826414us][CH1-Dispenser] E9
[T+741826282us][CH2-Pc    ] E9
[T+741850283us][CH1-Dispenser] FE
[T+741850423us][CH2-Pc    ] FE
[T+741863427us][CH1-Dispenser] E0
[T+741863289us][CH2-Pc    ] E0
[T+741876288us][CH1-Dispenser] E1
[T+741876428us][CH2-Pc    ] E1
[T+741888636us][CH1-Dispenser] E0
[T+741888498us][CH2-Pc    ] E0
[T+741901412us][CH1-Dispenser] FB
[T+741901281us][CH2-Pc    ] FB
[T+741913407us][CH1-Dispenser] EE
[T+741913281us][CH2-Pc    ] EE
[T+741926281us][CH2-Pc    ] F0
[T+741957281us][CH1-Dispenser] F0 BA B0 B3 B3 B0 B1 B0 B0 B0 B0 B1 B1 B1 B1 B1 B9 C1 8D 8A
[T+742029306us][CH2-Pc    ] 04
[T+742036288us][CH1-Dispenser] 04 64
[T+742107412us][CH1-Dispenser] 05
[T+742107281us][CH2-Pc    ] 05
[T+742282412us][CH1-Dispenser] 06
[T+742282281us][CH2-Pc    ] 06
[T+742446305us][CH2-Pc    ] 01
[T+742457281us][CH1-Dispenser] 01 61
[T+742524280us][CH2-Pc    ] 02
[T+742528309us][CH1-Dispenser] 02 92
[T+742551280us][CH2-Pc    ] 62
[T+742565280us][CH1-Dispenser] 62 E8 E3 E9 E6 E0 E0
[T+742629306us][CH2-Pc    ] 03
[T+742637281us][CH1-Dispenser] 03 73
[T+742657304us][CH2-Pc    ] 23
[T+742662280us][CH1-Dispenser] 23 D3
[T+742678412us][CH1-Dispenser] FF
[T+742678281us][CH2-Pc    ] FF
[T+742691427us][CH1-Dispenser] E9
[T+742691288us][CH2-Pc    ] E9
[T+742704288us][CH1-Dispenser] FE
[T+742704428us][CH2-Pc    ] FE
[T+742716560us][CH1-Dispenser] E0
[T+742716422us][CH2-Pc    ] E0
[T+742729412us][CH1-Dispenser] E1
[T+742729281us][CH2-Pc    ] E1
[T+742741407us][CH1-Dispenser] E0
[T+742741281us][CH2-Pc    ] E0
[T+742754409us][CH1-Dispenser] FB
[T+742754281us][CH2-Pc    ] FB
[T+742767428us][CH1-Dispenser] EE
[T+742767289us][CH2-Pc    ] EE
[T+742782284us][CH2-Pc    ] F0
[T+742813280us][CH1-Dispenser] F0 BA B0 B3 B3 B0 B1 B0 B0 B0 B0 B1 B1 B1 B1 B1 B9 C1 8D 8A
[T+742882280us][CH2-Pc    ] 04
[T+742887280us][CH1-Dispenser] 04 64
[T+742985419us][CH1-Dispenser] 05
[T+742985281us][CH2-Pc    ] 05
[T+743149413us][CH1-Dispenser] 06
[T+743149281us][CH2-Pc    ] 06
[T+743324280us][CH2-Pc    ] 01
[T+743329280us][CH1-Dispenser] 01 61
[T+743402280us][CH2-Pc    ] 02
[T+743408280us][CH1-Dispenser] 02 92
[T+743429280us][CH2-Pc    ] 62
[T+743441317us][CH1-Dispenser] 62 E5 E0 E6 E7 E0 E0
[T+743507280us][CH2-Pc    ] 03
[T+743514913us][CH1-Dispenser] 03 73
[T+743534304us][CH2-Pc    ] 23
[T+743541879us][CH1-Dispenser] 23 D3
[T+743556414us][CH1-Dispenser] FF
[T+743556281us][CH2-Pc    ] FF
[T+743570287us][CH1-Dispenser] E9
[T+743570425us][CH2-Pc    ] E9
[T+743581422us][CH1-Dispenser] FE
[T+743581284us][CH2-Pc    ] FE
[T+743594428us][CH1-Dispenser] E0
[T+743594288us][CH2-Pc    ] E0
[T+743607423us][CH1-Dispenser] E1
[T+743607286us][CH2-Pc    ] E1
[T+743620417us][CH1-Dispenser] E0
[T+743620283us][CH2-Pc    ] E0
[T+743632431us][CH1-Dispenser] FB
[T+743632292us][CH2-Pc    ] FB
[T+743645561us][CH1-Dispenser] EE
[T+743645421us][CH2-Pc    ] EE
[T+743658516us][CH2-Pc    ] F0
[T+743689280us][CH1-Dispenser] F0 BA B0 B3 B3 B0 B1 B0 B0 B0 B0 B1 B1 B1 B1 B1 B9 C1 8D 8A
[T+743754280us][CH2-Pc    ] 04
[T+743761281us][CH1-Dispenser] 04 64
[T+743832412us][CH1-Dispenser] 05
[T+743832281us][CH2-Pc    ] 05
[T+744007420us][CH1-Dispenser] 06
[T+744007282us][CH2-Pc    ] 06
[T+744182280us][CH2-Pc    ] 01
[T+744189281us][CH1-Dispenser] 01 61
[T+744260280us][CH2-Pc    ] 02
[T+744268321us][CH1-Dispenser] 02 92
[T+744287280us][CH2-Pc    ] 62
[T+744301280us][CH1-Dispenser] 62 E6 E2 E2 E8 E0 E0
[T+744366280us][CH2-Pc    ] 03
[T+744372288us][CH1-Dispenser] 03 73
[T+744394280us][CH2-Pc    ] 23
[T+744400288us][CH1-Dispenser] 23 D3
[T+744415414us][CH1-Dispenser] FF
[T+744415282us][CH2-Pc    ] FF
[T+744428415us][CH1-Dispenser] E9
[T+744428282us][CH2-Pc    ] E9
[T+744441417us][CH1-Dispenser] FE
[T+744441282us][CH2-Pc    ] FE
[T+744454414us][CH1-Dispenser] E0
[T+744454282us][CH2-Pc    ] E0
[T+744466425us][CH1-Dispenser] E1
[T+744466285us][CH2-Pc    ] E1
[T+744479422us][CH1-Dispenser] E0
[T+744479284us][CH2-Pc    ] E0
[T+744491417us][CH1-Dispenser] FB
[T+744491282us][CH2-Pc    ] FB
[T+744504427us][CH1-Dispenser] EE
[T+744504287us][CH2-Pc    ] EE
[T+744517319us][CH2-Pc    ] F0
[T+744545281us][CH1-Dispenser] F0 BA B0 B3 B3 B0 B1 B0 B0 B0 B0 B1 B1 B1 B1 B1 B9 C1 8D 8A
[T+744609304us][CH2-Pc    ] 04
[T+744617321us][CH1-Dispenser] 04 64
[T+744687412us][CH1-Dispenser] 05
[T+744687281us][CH2-Pc    ] 05
[T+744851416us][CH1-Dispenser] 06
[T+744851281us][CH2-Pc    ] 06
[T+745026281us][CH2-Pc    ] 01
[T+745035589us][CH1-Dispenser] 01 61
[T+745104281us][CH2-Pc    ] 02
[T+745111288us][CH1-Dispenser] 02 92
[T+745131310us][CH2-Pc    ] 62
[T+745145280us][CH1-Dispenser] 62 E7 E3 E8 E8 E0 E0
[T+745210280us][CH2-Pc    ] 03
[T+745217280us][CH1-Dispenser] 03 73
[T+745238280us][CH2-Pc    ] 23
[T+745259281us][CH1-Dispenser] 23 D3 FF
[T+745259413us][CH2-Pc    ] FF
[T+745273423us][CH1-Dispenser] E9
[T+745273284us][CH2-Pc    ] E9
[T+745284429us][CH1-Dispenser] FE
[T+745284288us][CH2-Pc    ] FE
[T+745297428us][CH1-Dispenser] E0
[T+745297288us][CH2-Pc    ] E0
[T+745310426us][CH1-Dispenser] E1
[T+745310285us][CH2-Pc    ] E1
[T+745323280us][CH1-Dispenser] E0
[T+745322281us][CH2-Pc    ] E0
[T+745335419us][CH1-Dispenser] FB
[T+745335285us][CH2-Pc    ] FB
[T+745348414us][CH1-Dispenser] EE
[T+745348282us][CH2-Pc    ] EE
[T+745361281us][CH2-Pc    ] F0
[T+745390280us][CH1-Dispenser] F0 BA B0 B3 B3 B0 B1 B0 B0 B0 B0 B1 B1 B1 B1 B1 B9 C1 8D 8A
[T+745463281us][CH2-Pc    ] 04
[T+745473281us][CH1-Dispenser] 04 64
[T+745541417us][CH1-Dispenser] 05
[T+745541281us][CH2-Pc    ] 05
[T+745716416us][CH1-Dispenser] 06
[T+745716281us][CH2-Pc    ] 06
[T+745891281us][CH2-Pc    ] 01
[T+745899321us][CH1-Dispenser] 01 61
[T+745969280us][CH2-Pc    ] 02
[T+745974916us][CH1-Dispenser] 02 92
[T+745996280us][CH2-Pc    ] 62
[T+746011281us][CH1-Dispenser] 62 E8 E5 E4 E9 E0 E0
[T+746075306us][CH2-Pc    ] 03
[T+746082281us][CH1-Dispenser] 03 73
[T+746103280us][CH2-Pc    ] 23
[T+746124281us][CH1-Dispenser] 23 D3 FF
[T+746124412us][CH2-Pc    ] FF
[T+746150570us][CH1-Dispenser] E9 FE
[T+746150439us][CH2-Pc    ] E9 FE
[T+746163798us][CH1-Dispenser] E0
[T+746163657us][CH2-Pc    ] E0
[T+746176426us][CH1-Dispenser] E1
[T+746176285us][CH2-Pc    ] E1
[T+746189416us][CH1-Dispenser] E0
[T+746189282us][CH2-Pc    ] E0
[T+746201412us][CH1-Dispenser] FB
[T+746201281us][CH2-Pc    ] FB
[T+746214410us][CH1-Dispenser] EE
[T+746214281us][CH2-Pc    ] EE
[T+746248280us][CH2-Pc    ] F0
[T+746280305us][CH1-Dispenser] F0 BA B0 B3 B3 B0 B1 B0 B0 B0 B0 B1 B1 B1 B1 B1 B9 C1 8D 8A
[T+746350280us][CH2-Pc    ] 04
[T+746358032us][CH1-Dispenser] 04 64
[T+746428414us][CH1-Dispenser] 05
[T+746428281us][CH2-Pc    ] 05
[T+746606416us][CH1-Dispenser] 06
[T+746606281us][CH2-Pc    ] 06
[T+746782149us][CH2-Pc    ] 01
[T+746792280us][CH1-Dispenser] 01 61
[T+746859660us][CH2-Pc    ] 02
[T+746866307us][CH1-Dispenser] 02 92
[T+746887321us][CH2-Pc    ] 62
[T+746900548us][CH1-Dispenser] 62 E4 E1 E1 E0 E1 E0
[T+746964304us][CH2-Pc    ] 03
[T+746974288us][CH1-Dispenser] 03 73
[T+746991280us][CH2-Pc    ] 23
[T+746999305us][CH1-Dispenser] 23 D3
[T+747013419us][CH1-Dispenser] FF
[T+747013282us][CH2-Pc    ] FF
[T+747026428us][CH1-Dispenser] E9
[T+747026288us][CH2-Pc    ] E9
[T+747039280us][CH1-Dispenser] FE
[T+747038295us][CH2-Pc    ] FE
[T+747051428us][CH1-Dispenser] E0
[T+747051288us][CH2-Pc    ] E0
[T+747064423us][CH1-Dispenser] E1
[T+747064284us][CH2-Pc    ] E1
[T+747088412us][CH1-Dispenser] E0 FB
[T+747088281us][CH2-Pc    ] E0 FB
[T+747102288us][CH1-Dispenser] EE
[T+747102428us][CH2-Pc    ] EE
[T+747114321us][CH2-Pc    ] F0
[T+747145280us][CH1-Dispenser] F0 BA B0 B3 B3 B0 B1 B0 B0 B0 B0 B1 B1 B1 B1 B1 B9 C1 8D 8A
[T+747217306us][CH2-Pc    ] 04
[T+747222281us][CH1-Dispenser] 04 64
[T+747296415us][CH1-Dispenser] 05
[T+747296281us][CH2-Pc    ] 05
[T+747463416us][CH1-Dispenser] 06
[T+747463282us][CH2-Pc    ] 06
[T+747638280us][CH2-Pc    ] 01
[T+747644281us][CH1-Dispenser] 01 61
[T+747716306us][CH2-Pc    ] 02
[T+747723288us][CH1-Dispenser] 02 92
[T+747744280us][CH2-Pc    ] 62
[T+747756304us][CH1-Dispenser] 62 E6 E4 E7 E0 E1 E0
[T+747822280us][CH2-Pc    ] 03
[T+747828280us][CH1-Dispenser] 03 73
[T+747849280us][CH2-Pc    ] 23
[T+747856280us][CH1-Dispenser] 23 D3
[T+747883416us][CH1-Dispenser] FF E9
[T+747883281us][CH2-Pc    ] FF E9
[T+747897427us][CH1-Dispenser] FE
[T+747897288us][CH2-Pc    ] FE
[T+747909417us][CH1-Dispenser] E0
[T+747909284us][CH2-Pc    ] E0
[T+747922425us][CH1-Dispenser] E1
[T+747922287us][CH2-Pc    ] E1
[T+747935415us][CH1-Dispenser] E0
[T+747935282us][CH2-Pc    ] E0
[T+747947419us][CH1-Dispenser] FB
[T+747947285us][CH2-Pc    ] FB
[T+747960422us][CH1-Dispenser] EE
[T+747960284us][CH2-Pc    ] EE
[T+747973280us][CH2-Pc    ] F0
[T+748004282us][CH1-Dispenser] F0 BA B0 B3 B3 B0 B1 B0 B0 B0 B0 B1 B1 B1 B1 B1 B9 C1 8D 8A
[T+748074280us][CH2-Pc    ] 04
[T+748082321us][CH1-Dispenser] 04 64
[T+748153412us][CH1-Dispenser] 05
[T+748153281us][CH2-Pc    ] 05
[T+748327414us][CH1-Dispenser] 06
[T+748327282us][CH2-Pc    ] 06
[T+748492413us][CH1-Dispenser] 01
[T+748492281us][CH2-Pc    ] 01
[T+748504320us][CH1-Dispenser] 61
[T+748570281us][CH2-Pc    ] 02
[T+748574309us][CH1-Dispenser] 02 92
[T+748597281us][CH2-Pc    ] 62
[T+748611282us][CH1-Dispenser] 62 E0 E9 E3 E1 E1 E0
[T+748676280us][CH2-Pc    ] 03
[T+748682280us][CH1-Dispenser] 03 73
[T+748703280us][CH2-Pc    ] 23
[T+748713028us][CH1-Dispenser] 23 D3
[T+748725412us][CH1-Dispenser] FF
[T+748725281us][CH2-Pc    ] FF
[T+748737462us][CH1-Dispenser] E9
[T+748738280us][CH2-Pc    ] E9
[T+748750412us][CH1-Dispenser] FE
[T+748750281us][CH2-Pc    ] FE
[T+748763410us][CH1-Dispenser] E0
[T+748763281us][CH2-Pc    ] E0
[T+748776412us][CH1-Dispenser] E1
[T+748776281us][CH2-Pc    ] E1
[T+748789410us][CH1-Dispenser] E0
[T+748789281us][CH2-Pc    ] E0
[T+748802412us][CH1-Dispenser] FB
[T+748802281us][CH2-Pc    ] FB
[T+748815961us][CH1-Dispenser] EE
[T+748815820us][CH2-Pc    ] EE
[T+748836281us][CH2-Pc    ] F0
[T+748866280us][CH1-Dispenser] F0 BA B0 B3 B3 B0 B1 B0 B0 B0 B0 B1 B1 B1 B1 B1 B9 C1 8D 8A
[T+748938306us][CH2-Pc    ] 04
[T+748948280us][CH1-Dispenser] 04 64
[T+749016414us][CH1-Dispenser] 05
[T+749016281us][CH2-Pc    ] 05
[T+749180412us][CH1-Dispenser] 06
[T+749180281us][CH2-Pc    ] 06
[T+749355280us][CH2-Pc    ] 01
[T+749361281us][CH1-Dispenser] 01 61
[T+749433306us][CH2-Pc    ] 02
[T+749440288us][CH1-Dispenser] 02 92
[T+749461280us][CH2-Pc    ] 62
[T+749476291us][CH1-Dispenser] 62 E2 E1 E0 E2 E1 E0
[T+749550280us][CH2-Pc    ] 03
[T+749557281us][CH1-Dispenser] 03 73
[T+749588414us][CH1-Dispenser] 23 D3 FF
[T+749588281us][CH2-Pc    ] 23 FF
[T+749601428us][CH1-Dispenser] E9
[T+749601289us][CH2-Pc    ] E9
[T+749614287us][CH1-Dispenser] FE
[T+749614425us][CH2-Pc    ] FE
[T+749626290us][CH2-Pc    ] E0
[T+749627280us][CH1-Dispenser] E0
[T+749639287us][CH1-Dispenser] E1
[T+749639424us][CH2-Pc    ] E1
[T+749652417us][CH1-Dispenser] E0
[T+749652282us][CH2-Pc    ] E0
[T+749664427us][CH1-Dispenser] FB
[T+749664288us][CH2-Pc    ] FB
[T+749677683us][CH1-Dispenser] EE
[T+749677541us][CH2-Pc    ] EE
[T+749690281us][CH2-Pc    ] F0
[T+749719504us][CH1-Dispenser] F0 BA B0 B3 B3 B0 B1 B0 B0 B0 B0 B1 B1 B1 B1 B1 B9 C1 8D 8A
[T+749791304us][CH2-Pc    ] 04
[T+749797280us][CH1-Dispenser] 04 64
[T+749869412us][CH1-Dispenser] 05
[T+749869281us][CH2-Pc    ] 05
[T+750044423us][CH1-Dispenser] 06
[T+750044282us][CH2-Pc    ] 06
[T+750219280us][CH2-Pc    ] 01
[T+750224280us][CH1-Dispenser] 01 61
[T+750297281us][CH2-Pc    ] 02
[T+750304288us][CH1-Dispenser] 02 92
[T+750325280us][CH2-Pc    ] 62
[T+750336280us][CH1-Dispenser] 62 E3 E3 E6 E2 E1 E0
[T+750402280us][CH2-Pc    ] 03
[T+750408288us][CH1-Dispenser] 03 73
[T+750430280us][CH2-Pc    ] 23
[T+750436280us][CH1-Dispenser] 23 D3
[T+750451421us][CH1-Dispenser] FF
[T+750451283us][CH2-Pc    ] FF
[T+750464424us][CH1-Dispenser] E9
[T+750464287us][CH2-Pc    ] E9
[T+750477427us][CH1-Dispenser] FE
[T+750477288us][CH2-Pc    ] FE
[T+750503484us][CH1-Dispenser] E0 E1
[T+750503353us][CH2-Pc    ] E0 E1
[T+750516416us][CH1-Dispenser] E0
[T+750516282us][CH2-Pc    ] E0
[T+750537412us][CH1-Dispenser] FB
[T+750537281us][CH2-Pc    ] FB
[T+750559418us][CH1-Dispenser] EE
[T+750559283us][CH2-Pc    ] EE
[T+750580280us][CH2-Pc    ] F0
[T+750613280us][CH1-Dispenser] F0 BA B0 B3 B3 B0 B1 B0 B0 B0 B0 B1 B1 B1 B1 B1 B9 C1 8D 8A
[T+750681306us][CH2-Pc    ] 04
[T+750687922us][CH1-Dispenser] 04 64
[T+750761420us][CH1-Dispenser] 05
[T+750761283us][CH2-Pc    ] 05
[T+750936416us][CH1-Dispenser] 06
[T+750936281us][CH2-Pc    ] 06
[T+751100304us][CH2-Pc    ] 01
[T+751106288us][CH1-Dispenser] 01 61
[T+751178305us][CH2-Pc    ] 02
[T+751185280us][CH1-Dispenser] 02 92
[T+751205304us][CH2-Pc    ] 62
[T+751222280us][CH1-Dispenser] 62 E1 E1 E3 E3 E1 E0
[T+751295281us][CH2-Pc    ] 03
[T+751303526us][CH1-Dispenser] 03 73
[T+751322281us][CH2-Pc    ] 23
[T+751327281us][CH1-Dispenser] 23 D3
[T+751344412us][CH1-Dispenser] FF
[T+751344281us][CH2-Pc    ] FF
[T+751357414us][CH1-Dispenser] E9
[T+751357282us][CH2-Pc    ] E9
[T+751369419us][CH1-Dispenser] FE
[T+751369285us][CH2-Pc    ] FE
[T+751382424us][CH1-Dispenser] E0
[T+751382286us][CH2-Pc    ] E0
[T+751395424us][CH1-Dispenser] E1
[T+751395284us][CH2-Pc    ] E1
[T+751408285us][CH1-Dispenser] E0
[T+751408424us][CH2-Pc    ] E0
[T+751420285us][CH1-Dispenser] FB
[T+751420425us][CH2-Pc    ] FB
[T+751442411us][CH1-Dispenser] EE
[T+751442281us][CH2-Pc    ] EE
[T+751463412us][CH1-Dispenser] F0
[T+751463281us][CH2-Pc    ] F0
[T+751498281us][CH1-Dispenser] BA B0 B3 B3 B0 B1 B0 B0 B0 B0 B1 B1 B1 B1 B1 B9 C1 8D 8A
[T+751565280us][CH2-Pc    ] 04
[T+751572288us][CH1-Dispenser] 04 64
[T+751643548us][CH1-Dispenser] 05
[T+751643415us][CH2-Pc    ] 05
[T+751827413us][CH1-Dispenser] 06
[T+751827281us][CH2-Pc    ] 06
[T+751992280us][CH2-Pc    ] 01
[T+752001281us][CH1-Dispenser] 01 61
[T+752069306us][CH2-Pc    ] 02
[T+752074892us][CH1-Dispenser] 02 92
[T+752096280us][CH2-Pc    ] 62
[T+752111281us][CH1-Dispenser] 62 E3 E3 E9 E3 E1 E0
[T+752185280us][CH2-Pc    ] 03
[T+752194162us][CH1-Dispenser] 03 73
[T+752212280us][CH2-Pc    ] 23
[T+752217280us][CH1-Dispenser] 23 D3
[T+752246412us][CH1-Dispenser] FF E9
[T+752246281us][CH2-Pc    ] FF E9
[T+752259421us][CH1-Dispenser] FE
[T+752259285us][CH2-Pc    ] FE
[T+752272411us][CH1-Dispenser] E0
[T+752272282us][CH2-Pc    ] E0
[T+752284413us][CH1-Dispenser] E1
[T+752284281us][CH2-Pc    ] E1
[T+752298428us][CH1-Dispenser] E0
[T+752298288us][CH2-Pc    ] E0
[T+752311500us][CH1-Dispenser] FB
[T+752311282us][CH2-Pc    ] FB
[T+752323427us][CH1-Dispenser] EE
[T+752323288us][CH2-Pc    ] EE
[T+752335288us][CH2-Pc    ] F0
[T+752366280us][CH1-Dispenser] F0 BA B0 B3 B3 B0 B1 B0 B0 B0 B0 B1 B1 B1 B1 B1 B9 C1 8D 8A
[T+752444280us][CH2-Pc    ] 04
[T+752451923us][CH1-Dispenser] 04 64
[T+752522414us][CH1-Dispenser] 05
[T+752522281us][CH2-Pc    ] 05
[T+752697413us][CH1-Dispenser] 06
[T+752697281us][CH2-Pc    ] 06
[T+752874306us][CH2-Pc    ] 01
[T+752880280us][CH1-Dispenser] 01 61
[T+752953280us][CH2-Pc    ] 02
[T+752963285us][CH1-Dispenser] 02 92
[T+752980280us][CH2-Pc    ] 62
[T+752991280us][CH1-Dispenser] 62 E6 E6 E5 E4 E1 E0
[T+753058281us][CH2-Pc    ] 03
[T+753064922us][CH1-Dispenser] 03 73
[T+753085281us][CH2-Pc    ] 23
[T+753092288us][CH1-Dispenser] 23 D3
[T+753107416us][CH1-Dispenser] FF
[T+753107281us][CH2-Pc    ] FF
[T+753119425us][CH1-Dispenser] E9
[T+753119286us][CH2-Pc    ] E9
[T+753132423us][CH1-Dispenser] FE
[T+753132284us][CH2-Pc    ] FE
[T+753145425us][CH1-Dispenser] E0
[T+753145284us][CH2-Pc    ] E0
[T+753158422us][CH1-Dispenser] E1
[T+753158284us][CH2-Pc    ] E1
[T+753171421us][CH1-Dispenser] E0
[T+753171284us][CH2-Pc    ] E0
[T+753183282us][CH1-Dispenser] FB
[T+753183414us][CH2-Pc    ] FB
[T+753195414us][CH1-Dispenser] EE
[T+753195281us][CH2-Pc    ] EE
[T+753209280us][CH2-Pc    ] F0
[T+753240280us][CH1-Dispenser] F0 BA B0 B3 B3 B0 B1 B0 B0 B0 B0 B1 B1 B1 B1 B1 B9 C1 8D 8A
[T+753316280us][CH1-Dispenser] 04 64
[T+753313280us][CH2-Pc    ] 04
[T+753380409us][CH1-Dispenser] 05
[T+753380281us][CH2-Pc    ] 05
[T+753555417us][CH1-Dispenser] 06
[T+753555282us][CH2-Pc    ] 06
[T+753730280us][CH2-Pc    ] 01
[T+753735280us][CH1-Dispenser] 01 61
[T+753808280us][CH2-Pc    ] 02
[T+753818356us][CH1-Dispenser] 02 92
[T+753835280us][CH2-Pc    ] 62
[T+753847318us][CH1-Dispenser] 62 E1 E2 E2 E5 E1 E0
[T+753913280us][CH2-Pc    ] 03
[T+753923284us][CH1-Dispenser] 03 73
[T+753951306us][CH2-Pc    ] 23
[T+753957878us][CH1-Dispenser] 23 D3
[T+753985416us][CH1-Dispenser] FF E9
[T+753985281us][CH2-Pc    ] FF E9
[T+753998427us][CH1-Dispenser] FE
[T+753998288us][CH2-Pc    ] FE
[T+754011428us][CH1-Dispenser] E0
[T+754011289us][CH2-Pc    ] E0
[T+754024428us][CH1-Dispenser] E1
[T+754024289us][CH2-Pc    ] E1
[T+754037427us][CH1-Dispenser] E0
[T+754037289us][CH2-Pc    ] E0
[T+754049567us][CH1-Dispenser] FB
[T+754049427us][CH2-Pc    ] FB
[T+754062410us][CH1-Dispenser] EE
[T+754062281us][CH2-Pc    ] EE
[T+754074305us][CH2-Pc    ] F0
[T+754105281us][CH1-Dispenser] F0 BA B0 B3 B3 B0 B1 B0 B0 B0 B0 B1 B1 B1 B1 B1 B9 C1 8D 8A
[T+754176281us][CH2-Pc    ] 04
[T+754183288us][CH1-Dispenser] 04 64
[T+754254419us][CH1-Dispenser] 05
[T+754254281us][CH2-Pc    ] 05
[T+754429415us][CH1-Dispenser] 06
[T+754429281us][CH2-Pc    ] 06
[T+754604280us][CH2-Pc    ] 01
[T+754611363us][CH1-Dispenser] 01 61
[T+754682287us][CH2-Pc    ] 02
[T+754689325us][CH1-Dispenser] 02 92
[T+754716280us][CH2-Pc    ] 62
[T+754730280us][CH1-Dispenser] 62 E3 E4 E8 E5 E1 E0
[T+754796280us][CH2-Pc    ] 03
[T+754803280us][CH1-Dispenser] 03 73
[T+754823305us][CH2-Pc    ] 23
[T+754831305us][CH1-Dispenser] 23 D3
[T+754845415us][CH1-Dispenser] FF
[T+754845282us][CH2-Pc    ] FF
[T+754857288us][CH2-Pc    ] E9
[T+754859284us][CH1-Dispenser] E9
[T+754870599us][CH1-Dispenser] FE
[T+754870458us][CH2-Pc    ] FE
[T+754883427us][CH1-Dispenser] E0
[T+754883288us][CH2-Pc    ] E0
[T+754896428us][CH1-Dispenser] E1
[T+754896288us][CH2-Pc    ] E1
[T+754920412us][CH1-Dispenser] E0 FB
[T+754920281us][CH2-Pc    ] E0 FB
[T+754943414us][CH1-Dispenser] EE
[T+754943282us][CH2-Pc    ] EE
[T+754957281us][CH2-Pc    ] F0
[T+754985304us][CH1-Dispenser] F0 BA B0 B3 B3 B0 B1 B0 B0 B0 B0 B1 B1 B1 B1 B1 B9 C1 8D 8A
[T+755058280us][CH2-Pc    ] 04
[T+755062317us][CH1-Dispenser] 04 64
[T+755136412us][CH1-Dispenser] 05
[T+755136281us][CH2-Pc    ] 05
[T+755311414us][CH1-Dispenser] 06
[T+755311281us][CH2-Pc    ] 06
[T+755475304us][CH2-Pc    ] 01
[T+755480280us][CH1-Dispenser] 01 61
[T+755553281us][CH2-Pc    ] 02
[T+755559893us][CH1-Dispenser] 02 92
[T+755580281us][CH2-Pc    ] 62
[T+755592304us][CH1-Dispenser] 62 E5 E7 E4 E6 E1 E0
[T+755658280us][CH2-Pc    ] 03
[T+755668281us][CH1-Dispenser] 03 73
[T+755689281us][CH2-Pc    ] 23
[T+755696289us][CH1-Dispenser] 23 D3
[T+755722416us][CH1-Dispenser] FF E9
[T+755722281us][CH2-Pc    ] FF E9
[T+755735410us][CH1-Dispenser] FE
[T+755735281us][CH2-Pc    ] FE
[T+755748410us][CH1-Dispenser] E0
[T+755748281us][CH2-Pc    ] E0
[T+755761422us][CH1-Dispenser] E1
[T+755761288us][CH2-Pc    ] E1
[T+755774428us][CH1-Dispenser] E0
[T+755774288us][CH2-Pc    ] E0
[T+755786427us][CH1-Dispenser] FB
[T+755786288us][CH2-Pc    ] FB
[T+755799428us][CH1-Dispenser] EE
[T+755799288us][CH2-Pc    ] EE
[T+755812280us][CH2-Pc    ] F0
[T+755840304us][CH1-Dispenser] F0 BA B0 B3 B3 B0 B1 B0 B0 B0 B0 B1 B1 B1 B1 B1 B9 C1 8D 8A
[T+755913280us][CH2-Pc    ] 04
[T+755923281us][CH1-Dispenser] 04 64
[T+755991412us][CH1-Dispenser] 05
[T+755991281us][CH2-Pc    ] 05
[T+756166416us][CH1-Dispenser] 06
[T+756166281us][CH2-Pc    ] 06
[T+756342305us][CH2-Pc    ] 01
[T+756349281us][CH1-Dispenser] 01 61
[T+756420280us][CH2-Pc    ] 02
[T+756427915us][CH1-Dispenser] 02 92
[T+756447304us][CH2-Pc    ] 62
[T+756461280us][CH1-Dispenser] 62 E3 E5 E1 E7 E1 E0
[T+756525306us][CH2-Pc    ] 03
[T+756534281us][CH1-Dispenser] 03 73
[T+756553280us][CH2-Pc    ] 23
[T+756557310us][CH1-Dispenser] 23 D3
[T+756574413us][CH1-Dispenser] FF
[T+756574281us][CH2-Pc    ] FF
[T+756587410us][CH1-Dispenser] E9
[T+756587281us][CH2-Pc    ] E9
[T+756600413us][CH1-Dispenser] FE
[T+756600281us][CH2-Pc    ] FE
[T+756612412us][CH1-Dispenser] E0
[T+756612281us][CH2-Pc    ] E0
[T+756625416us][CH1-Dispenser] E1
[T+756625282us][CH2-Pc    ] E1
[T+756657411us][CH1-Dispenser] E0 FB
[T+756657281us][CH2-Pc    ] E0 FB
[T+756671407us][CH1-Dispenser] EE
[T+756671281us][CH2-Pc    ] EE
[T+756684283us][CH2-Pc    ] F0
[T+756714280us][CH1-Dispenser] F0 BA B0 B3 B3 B0 B1 B0 B0 B0 B0 B1 B1 B1 B1 B1 B9 C1 8D 8A
[T+756788280us][CH2-Pc    ] 04
[T+756794281us][CH1-Dispenser] 04 64
[T+756868413us][CH1-Dispenser] 05
[T+756868281us][CH2-Pc    ] 05
[T+757042417us][CH1-Dispenser] 06
[T+757042283us][CH2-Pc    ] 06
[T+757217281us][CH2-Pc    ] 01
[T+757226281us][CH1-Dispenser] 01 61
[T+757303280us][CH2-Pc    ] 02
[T+757310905us][CH1-Dispenser] 02 92
[T+757330304us][CH2-Pc    ] 62
[T+757341285us][CH1-Dispenser] 62 E5 E7 E7 E7 E1 E0
[T+757409304us][CH2-Pc    ] 03
[T+757417557us][CH1-Dispenser] 03 73
[T+757437281us][CH2-Pc    ] 23
[T+757442280us][CH1-Dispenser] 23 D3
[T+757470412us][CH1-Dispenser] FF E9
[T+757470281us][CH2-Pc    ] FF E9
[T+757484421us][CH1-Dispenser] FE
[T+757484283us][CH2-Pc    ] FE
[T+757496424us][CH1-Dispenser] E0
[T+757496286us][CH2-Pc    ] E0
[T+757509422us][CH1-Dispenser] E1
[T+757509284us][CH2-Pc    ] E1
[T+757521420us][CH1-Dispenser] E0
[T+757521285us][CH2-Pc    ] E0
[T+757534424us][CH1-Dispenser] FB
[T+757534285us][CH2-Pc    ] FB
[T+757547423us][CH1-Dispenser] EE
[T+757547284us][CH2-Pc    ] EE
[T+757560281us][CH2-Pc    ] F0
[T+757590280us][CH1-Dispenser] F0 BA B0 B3 B3 B0 B1 B0 B0 B0 B0 B1 B1 B1 B1 B1 B9 C1 8D 8A
[T+757654305us][CH2-Pc    ] 04
[T+757662321us][CH1-Dispenser] 04 64
[T+757732412us][CH1-Dispenser] 05
[T+757732281us][CH2-Pc    ] 05
[T+757897416us][CH1-Dispenser] 06
[T+757897282us][CH2-Pc    ] 06
[T+758071280us][CH2-Pc    ] 01
[T+758080281us][CH1-Dispenser] 01 61
[T+758149280us][CH2-Pc    ] 02
[T+758154280us][CH1-Dispenser] 02 92
[T+758177280us][CH2-Pc    ] 62
[T+758192280us][CH1-Dispenser] 62 E9 E1 E4 E8 E1 E0
[T+758267281us][CH2-Pc    ] 03
[T+758273915us][CH1-Dispenser] 03 73
[T+758294281us][CH2-Pc    ] 23
[T+758315281us][CH1-Dispenser] 23 D3 FF
[T+758315414us][CH2-Pc    ] FF
[T+758337418us][CH1-Dispenser] E9
[T+758337283us][CH2-Pc    ] E9
[T+758371412us][CH1-Dispenser] FE E0
[T+758371281us][CH2-Pc    ] FE E0
[T+758384415us][CH1-Dispenser] E1
[T+758384282us][CH2-Pc    ] E1
[T+758397289us][CH1-Dispenser] E0
[T+758397428us][CH2-Pc    ] E0
[T+758409289us][CH1-Dispenser] FB
[T+758409428us][CH2-Pc    ] FB
[T+758424425us][CH1-Dispenser] EE
[T+758424286us][CH2-Pc    ] EE
[T+758435295us][CH2-Pc    ] F0
[T+758466280us][CH1-Dispenser] F0 BA B0 B3 B3 B0 B1 B0 B0 B0 B0 B1 B1 B1 B1 B1 B9 C1 8D 8A
[T+758541350us][CH1-Dispenser] 04 64
[T+758538281us][CH2-Pc    ] 04
[T+758605412us][CH1-Dispenser] 05
[T+758605281us][CH2-Pc    ] 05
[T+758784414us][CH1-Dispenser] 06
[T+758784281us][CH2-Pc    ] 06
[T+758969280us][CH2-Pc    ] 01
[T+758976281us][CH1-Dispenser] 01 61
[T+759047280us][CH2-Pc    ] 02
[T+759056280us][CH1-Dispenser] 02 92
[T+759074280us][CH2-Pc    ] 62
[T+759087280us][CH1-Dispenser] 62 E3 E6 E0 E9 E1 E0
[T+759153280us][CH2-Pc    ] 03
[T+759165304us][CH1-Dispenser] 03 73
[T+759181311us][CH2-Pc    ] 23
[T+759186280us][CH1-Dispenser] 23 D3
[T+759202416us][CH1-Dispenser] FF
[T+759202281us][CH2-Pc    ] FF
[T+759215417us][CH1-Dispenser] E9
[T+759215285us][CH2-Pc    ] E9
[T+759228288us][CH1-Dispenser] FE
[T+759228422us][CH2-Pc    ] FE
[T+759240512us][CH1-Dispenser] E0
[T+759240288us][CH2-Pc    ] E0
[T+759254280us][CH1-Dispenser] E1
[T+759253457us][CH2-Pc    ] E1
[T+759266424us][CH1-Dispenser] E0
[T+759266288us][CH2-Pc    ] E0
[T+759279280us][CH1-Dispenser] FB
[T+759278288us][CH2-Pc    ] FB
[T+759291288us][CH1-Dispenser] EE
[T+759291427us][CH2-Pc    ] EE
[T+759304280us][CH2-Pc    ] F0
[T+759336305us][CH1-Dispenser] F0 BA B0 B3 B3 B0 B1 B0 B0 B0 B0 B1 B1 B1 B1 B1 B9 C1 8D 8A
[T+759406280us][CH2-Pc    ] 04
[T+759414305us][CH1-Dispenser] 04 64
[T+759484412us][CH1-Dispenser] 05
[T+759484281us][CH2-Pc    ] 05
[T+759648418us][CH1-Dispenser] 06
[T+759648281us][CH2-Pc    ] 06
[T+759823280us][CH2-Pc    ] 01
[T+759829280us][CH1-Dispenser] 01 61
[T+759901305us][CH2-Pc    ] 02
[T+759910304us][CH1-Dispenser] 02 92
[T+759929280us][CH2-Pc    ] 62
[T+759942280us][CH1-Dispenser] 62 E6 E9 E6 E9 E1 E0
[T+760008280us][CH2-Pc    ] 03
[T+760017281us][CH1-Dispenser] 03 73
[T+760035280us][CH2-Pc    ] 23
[T+760042441us][CH1-Dispenser] 23 D3
[T+760057420us][CH1-Dispenser] FF
[T+760057283us][CH2-Pc    ] FF
[T+760069415us][CH1-Dispenser] E9
[T+760069282us][CH2-Pc    ] E9
[T+760082425us][CH1-Dispenser] FE
[T+760082285us][CH2-Pc    ] FE
[T+760095414us][CH1-Dispenser] E0
[T+760095282us][CH2-Pc    ] E0
[T+760108416us][CH1-Dispenser] E1
[T+760108282us][CH2-Pc    ] E1
[T+760120424us][CH1-Dispenser] E0
[T+760120285us][CH2-Pc    ] E0
[T+760133425us][CH1-Dispenser] FB
[T+760133284us][CH2-Pc    ] FB
[T+760146281us][CH1-Dispenser] EE
[T+760145283us][CH2-Pc    ] EE
[T+760158490us][CH2-Pc    ] F0
[T+760185280us][CH1-Dispenser] F0 BA B0 B3 B3 B0 B1 B0 B0 B0 B0 B1 B1 B1 B1 B1 B9 C1 8D 8A
[T+760250281us][CH2-Pc    ] 04
[T+760257288us][CH1-Dispenser] 04 64
[T+760328413us][CH1-Dispenser] 05
[T+760328281us][CH2-Pc    ] 05
[T+760492413us][CH1-Dispenser] 06
[T+760492282us][CH2-Pc    ] 06
[T+760667281us][CH2-Pc    ] 01
[T+760675362us][CH1-Dispenser] 01 61
[T+760745280us][CH2-Pc    ] 02
[T+760751288us][CH1-Dispenser] 02 92
[T+760772280us][CH2-Pc    ] 62
[T+760787281us][CH1-Dispenser] 62 E9 E2 E3 E0 E2 E0
[T+760851281us][CH2-Pc    ] 03
[T+760860280us][CH1-Dispenser] 03 73
[T+760901413us][CH1-Dispenser] 23 D3 FF E9
[T+760901282us][CH2-Pc    ] 23 FF E9
[T+760914412us][CH1-Dispenser] FE
[T+760914281us][CH2-Pc    ] FE
[T+760927417us][CH1-Dispenser] E0
[T+760927283us][CH2-Pc    ] E0
[T+760940428us][CH1-Dispenser] E1
[T+760940288us][CH2-Pc    ] E1
[T+760952714us][CH1-Dispenser] E0
[T+760952570us][CH2-Pc    ] E0
[T+760965288us][CH1-Dispenser] FB
[T+760965428us][CH2-Pc    ] FB
[T+760978422us][CH1-Dispenser] EE
[T+760978284us][CH2-Pc    ] EE
[T+760990305us][CH2-Pc    ] F0
[T+761021281us][CH1-Dispenser] F0 BA B0 B3 B3 B0 B1 B0 B0 B0 B0 B1 B1 B1 B1 B1 B9 C1 8D 8A
[T+761092281us][CH2-Pc    ] 04
[T+761098888us][CH1-Dispenser] 04 64
[T+761170416us][CH1-Dispenser] 05
[T+761170281us][CH2-Pc    ] 05
[T+761334413us][CH1-Dispenser] 06
[T+761334282us][CH2-Pc    ] 06
[T+761509280us][CH2-Pc    ] 01
[T+761515288us][CH1-Dispenser] 01 61
[T+761587306us][CH2-Pc    ] 02
[T+761595281us][CH1-Dispenser] 02 92
[T+761614284us][CH2-Pc    ] 62
[T+761629280us][CH1-Dispenser] 62 E5 E0 E9 E0 E2 E0
[T+761704281us][CH2-Pc    ] 03
[T+761713280us][CH1-Dispenser] 03 73
[T+761731281us][CH2-Pc    ] 23
[T+761738288us][CH1-Dispenser] 23 D3
[T+761753537us][CH1-Dispenser] FF
[T+761753406us][CH2-Pc    ] FF
[T+761777412us][CH1-Dispenser] E9 FE
[T+761777281us][CH2-Pc    ] E9 FE
[T+761791428us][CH1-Dispenser] E0
[T+761791288us][CH2-Pc    ] E0
[T+761804427us][CH1-Dispenser] E1
[T+761804287us][CH2-Pc    ] E1
[T+761816601us][CH1-Dispenser] E0
[T+761816463us][CH2-Pc    ] E0
[T+761829425us][CH1-Dispenser] FB
[T+761829285us][CH2-Pc    ] FB
[T+761842416us][CH1-Dispenser] EE
[T+761842282us][CH2-Pc    ] EE
[T+761855306us][CH2-Pc    ] F0
[T+761886280us][CH1-Dispenser] F0 BA B0 B3 B3 B0 B1 B0 B0 B0 B0 B1 B1 B1 B1 B1 B9 C1 8D 8A
[T+761956280us][CH2-Pc    ] 04
[T+761963280us][CH1-Dispenser] 04 64
[T+762034415us][CH1-Dispenser] 05
[T+762034281us][CH2-Pc    ] 05
[T+762209413us][CH1-Dispenser] 06
[T+762209281us][CH2-Pc    ] 06
[T+762384280us][CH2-Pc    ] 01
[T+762392963us][CH1-Dispenser] 01 61
[T+762462280us][CH2-Pc    ] 02
[T+762473281us][CH1-Dispenser] 02 92
[T+762489304us][CH2-Pc    ] 62
[T+762502280us][CH1-Dispenser] 62 E8 E3 E5 E1 E2 E0
[T+762567281us][CH2-Pc    ] 03
[T+762574288us][CH1-Dispenser] 03 73
[T+762595280us][CH2-Pc    ] 23
[T+762603321us][CH1-Dispenser] 23 D3
[T+762616413us][CH1-Dispenser] FF
[T+762616281us][CH2-Pc    ] FF
[T+762644417us][CH1-Dispenser] E9 FE
[T+762644283us][CH2-Pc    ] E9 FE
[T+762658410us][CH1-Dispenser] E0
[T+762658281us][CH2-Pc    ] E0
[T+762671425us][CH1-Dispenser] E1
[T+762671288us][CH2-Pc    ] E1
[T+762685283us][CH1-Dispenser] E0
[T+762685422us][CH2-Pc    ] E0
[T+762696427us][CH1-Dispenser] FB
[T+762696288us][CH2-Pc    ] FB
[T+762709427us][CH1-Dispenser] EE
[T+762709288us][CH2-Pc    ] EE
[T+762722280us][CH2-Pc    ] F0
[T+762750305us][CH1-Dispenser] F0 BA B0 B3 B3 B0 B1 B0 B0 B0 B0 B1 B1 B1 B1 B1 B9 C1 8D 8A
[T+762821281us][CH2-Pc    ] 04
[T+762828288us][CH1-Dispenser] 04 64
[T+762899412us][CH1-Dispenser] 05
[T+762899281us][CH2-Pc    ] 05
[T+763074414us][CH1-Dispenser] 06
[T+763074281us][CH2-Pc    ] 06
[T+763249280us][CH2-Pc    ] 01
[T+763257305us][CH1-Dispenser] 01 61
[T+763327280us][CH2-Pc    ] 02
[T+763338285us][CH1-Dispenser] 02 92
[T+763354309us][CH2-Pc    ] 62
[T+763368280us][CH1-Dispenser] 62 E3 E9 E1 E2 E2 E0
[T+763433281us][CH2-Pc    ] 03
[T+763437310us][CH1-Dispenser] 03 73
[T+763450281us][CH2-Pc    ] 23
[T+763457289us][CH1-Dispenser] 23 D3
[T+763476415us][CH1-Dispenser] FF
[T+763476281us][CH2-Pc    ] FF
[T+763489426us][CH1-Dispenser] E9
[T+763489287us][CH2-Pc    ] E9
[T+763502419us][CH1-Dispenser] FE
[T+763502284us][CH2-Pc    ] FE
[T+763515280us][CH1-Dispenser] E0
[T+763514281us][CH2-Pc    ] E0
[T+763527414us][CH1-Dispenser] E1
[T+763527281us][CH2-Pc    ] E1
[T+763540412us][CH1-Dispenser] E0
[T+763540281us][CH2-Pc    ] E0
[T+763553407us][CH1-Dispenser] FB
[T+763553281us][CH2-Pc    ] FB
[T+763565413us][CH1-Dispenser] EE
[T+763565281us][CH2-Pc    ] EE
[T+763578518us][CH2-Pc    ] F0
[T+763604280us][CH1-Dispenser] F0 BA B0 B3 B3 B0 B1 B0 B0 B0 B0 B1 B1 B1 B1 B1 B9 C1 8D 8A
[T+763670280us][CH2-Pc    ] 04
[T+763677280us][CH1-Dispenser] 04 64
[T+763748416us][CH1-Dispenser] 05
[T+763748281us][CH2-Pc    ] 05
[T+763912415us][CH1-Dispenser] 06
[T+763912281us][CH2-Pc    ] 06
[T+764087280us][CH2-Pc    ] 01
[T+764096927us][CH1-Dispenser] 01 61
[T+764165280us][CH2-Pc    ] 02
[T+764171280us][CH1-Dispenser] 02 92
[T+764193280us][CH2-Pc    ] 62
[T+764209304us][CH1-Dispenser] 62 E6 E2 E8 E2 E2 E0
[T+764281306us][CH2-Pc    ] 03
[T+764288288us][CH1-Dispenser] 03 73
[T+764319280us][CH1-Dispenser] 23 D3 FF
[T+764332280us][CH1-Dispenser] E9
[T+764331280us][CH2-Pc    ] 23 FF E9
[T+764345428us][CH1-Dispenser] FE
[T+764345288us][CH2-Pc    ] FE
[T+764370412us][CH1-Dispenser] E0 E1
[T+764370281us][CH2-Pc    ] E0 E1
[T+764383420us][CH1-Dispenser] E0
[T+764383283us][CH2-Pc    ] E0
[T+764395407us][CH1-Dispenser] FB
[T+764395281us][CH2-Pc    ] FB
[T+764408414us][CH1-Dispenser] EE
[T+764408281us][CH2-Pc    ] EE
[T+764424309us][CH2-Pc    ] F0
[T+764450280us][CH1-Dispenser] F0 BA B0 B3 B3 B0 B1 B0 B0 B0 B0 B1 B1 B1 B1 B1 B9 C1 8D 8A
[T+764520280us][CH2-Pc    ] 04
[T+764529280us][CH1-Dispenser] 04 64
[T+764599281us][CH1-Dispenser] 05
[T+764598281us][CH2-Pc    ] 05
[T+764777412us][CH1-Dispenser] 06
[T+764777281us][CH2-Pc    ] 06
[T+764952280us][CH2-Pc    ] 01
[T+764961932us][CH1-Dispenser] 01 61
[T+765030280us][CH2-Pc    ] 02
[T+765037281us][CH1-Dispenser] 02 92
[T+765057304us][CH2-Pc    ] 62
[T+765073304us][CH1-Dispenser] 62 E9 E5 E4 E3 E2 E0
[T+765147280us][CH2-Pc    ] 03
[T+765152921us][CH1-Dispenser] 03 73
[T+765175280us][CH2-Pc    ] 23
[T+765183305us][CH1-Dispenser] 23 D3
[T+765209413us][CH1-Dispenser] FF E9
[T+765209281us][CH2-Pc    ] FF E9
[T+765223421us][CH1-Dispenser] FE
[T+765223284us][CH2-Pc    ] FE
[T+765235407us][CH1-Dispenser] E0
[T+765235281us][CH2-Pc    ] E0
[T+765248409us][CH1-Dispenser] E1
[T+765248281us][CH2-Pc    ] E1
[T+765261415us][CH1-Dispenser] E0
[T+765261282us][CH2-Pc    ] E0
[T+765286411us][CH1-Dispenser] FB EE
[T+765286281us][CH2-Pc    ] FB EE
[T+765299430us][CH2-Pc    ] F0
[T+765331306us][CH1-Dispenser] F0 BA B0 B3 B3 B0 B1 B0 B0 B0 B0 B1 B1 B1 B1 B1 B9 C1 8D 8A
[T+765401415us][CH2-Pc    ] 04
[T+765408912us][CH1-Dispenser] 04 64
[T+765479412us][CH1-Dispenser] 05
[T+765479281us][CH2-Pc    ] 05
[T+765654415us][CH1-Dispenser] 06
[T+765654281us][CH2-Pc    ] 06
[T+765818306us][CH2-Pc    ] 01
[T+765826334us][CH1-Dispenser] 01 61
[T+765897280us][CH2-Pc    ] 02
[T+765908288us][CH1-Dispenser] 02 92
[T+765924304us][CH2-Pc    ] 62
[T+765937280us][CH1-Dispenser] 62 E2 E9 E0 E4 E2 E0
[T+766002280us][CH2-Pc    ] 03
[T+766008280us][CH1-Dispenser] 03 73
[T+766029280us][CH2-Pc    ] 23
[T+766046281us][CH1-Dispenser] 23 D3 FF
[T+766046412us][CH2-Pc    ] FF
[T+766058425us][CH1-Dispenser] E9
[T+766058288us][CH2-Pc    ] E9
[T+766071429us][CH1-Dispenser] FE
[T+766071290us][CH2-Pc    ] FE
[T+766084290us][CH1-Dispenser] E0
[T+766084427us][CH2-Pc    ] E0
[T+766098588us][CH1-Dispenser] E1
[T+766098447us][CH2-Pc    ] E1
[T+766110281us][CH1-Dispenser] E0
[T+766109284us][CH2-Pc    ] E0
[T+766122427us][CH1-Dispenser] FB
[T+766122285us][CH2-Pc    ] FB
[T+766143413us][CH1-Dispenser] EE
[T+766143281us][CH2-Pc    ] EE
[T+766165280us][CH2-Pc    ] F0
[T+766197306us][CH1-Dispenser] F0 BA B0 B3 B3 B0 B1 B0 B0 B0 B0 B1 B1 B1 B1 B1 B9 C1 8D 8A
[T+766266280us][CH2-Pc    ] 04
[T+766273288us][CH1-Dispenser] 04 64
[T+766345414us][CH1-Dispenser] 05
[T+766345281us][CH2-Pc    ] 05
[T+766530422us][CH1-Dispenser] 06
[T+766530282us][CH2-Pc    ] 06
[T+766694304us][CH2-Pc    ] 01
[T+766703281us][CH1-Dispenser] 01 61
[T+766772280us][CH2-Pc    ] 02
[T+766782288us][CH1-Dispenser] 02 92
[T+766803280us][CH2-Pc    ] 62
[T+766817986us][CH1-Dispenser] 62 E6 E3 E7 E4 E2 E0
[T+766881304us][CH2-Pc    ] 03
[T+766888280us][CH1-Dispenser] 03 73
[T+766908304us][CH2-Pc    ] 23
[T+766914280us][CH1-Dispenser] 23 D3
[T+766930407us][CH1-Dispenser] FF
[T+766930281us][CH2-Pc    ] FF
[T+766942800us][CH1-Dispenser] E9
[T+766942288us][CH2-Pc    ] E9
[T+766955407us][CH1-Dispenser] FE
[T+766955281us][CH2-Pc    ] FE
[T+766968428us][CH1-Dispenser] E0
[T+766968289us][CH2-Pc    ] E0
[T+766980425us][CH1-Dispenser] E1
[T+766980288us][CH2-Pc    ] E1
[T+766993429us][CH1-Dispenser] E0
[T+766993288us][CH2-Pc    ] E0
[T+767006428us][CH1-Dispenser] FB
[T+767006288us][CH2-Pc    ] FB
[T+767018352us][CH2-Pc    ] EE
[T+767019280us][CH1-Dispenser] EE
[T+767031305us][CH2-Pc    ] F0
[T+767060280us][CH1-Dispenser] F0 BA B0 B3 B3 B0 B1 B0 B0 B0 B0 B1 B1 B1 B1 B1 B9 C1 8D 8A
[T+767133280us][CH2-Pc    ] 04
[T+767138870us][CH1-Dispenser] 04 64
[T+767211412us][CH1-Dispenser] 05
[T+767211281us][CH2-Pc    ] 05
[T+767386415us][CH1-Dispenser] 06
[T+767386281us][CH2-Pc    ] 06
[T+767560280us][CH2-Pc    ] 01
[T+767568305us][CH1-Dispenser] 01 61
[T+767639280us][CH2-Pc    ] 02
[T+767647321us][CH1-Dispenser] 02 92
[T+767666280us][CH2-Pc    ] 62
[T+767677286us][CH1-Dispenser] 62 E5 E3 E3 E5 E2 E0
[T+767744281us][CH2-Pc    ] 03
[T+767754280us][CH1-Dispenser] 03 73
[T+767771281us][CH2-Pc    ] 23
[T+767778775us][CH1-Dispenser] 23 D3
[T+767793416us][CH1-Dispenser] FF
[T+767793281us][CH2-Pc    ] FF
[T+767805421us][CH1-Dispenser] E9
[T+767805285us][CH2-Pc    ] E9
[T+767818422us][CH1-Dispenser] FE
[T+767818284us][CH2-Pc    ] FE
[T+767831412us][CH1-Dispenser] E0
[T+767831281us][CH2-Pc    ] E0
[T+767844417us][CH1-Dispenser] E1
[T+767844282us][CH2-Pc    ] E1
[T+767868413us][CH1-Dispenser] E0 FB
[T+767868281us][CH2-Pc    ] E0 FB
[T+767882413us][CH1-Dispenser] EE
[T+767882281us][CH2-Pc    ] EE
[T+767895280us][CH2-Pc    ] F0
[T+767927305us][CH1-Dispenser] F0 BA B0 B3 B3 B0 B1 B0 B0 B0 B0 B1 B1 B1 B1 B1 B9 C1 8D 8A
[T+767996280us][CH2-Pc    ] 04
[T+768003380us][CH1-Dispenser] 04 64
[T+768074412us][CH1-Dispenser] 05
[T+768074281us][CH2-Pc    ] 05
[T+768251412us][CH1-Dispenser] 06
[T+768251281us][CH2-Pc    ] 06
[T+768436280us][CH2-Pc    ] 01
[T+768441932us][CH1-Dispenser] 01 61
[T+768514280us][CH2-Pc    ] 02
[T+768520280us][CH1-Dispenser] 02 92
[T+768542280us][CH2-Pc    ] 62
[T+768558316us][CH1-Dispenser] 62 E9 E7 E9 E5 E2 E0
[T+768640280us][CH2-Pc    ] 03
[T+768648321us][CH1-Dispenser] 03 73
[T+768668305us][CH2-Pc    ] 23
[T+768675288us][CH1-Dispenser] 23 D3
[T+768701413us][CH1-Dispenser] FF E9
[T+768701281us][CH2-Pc    ] FF E9
[T+768715407us][CH1-Dispenser] FE
[T+768715281us][CH2-Pc    ] FE
[T+768727429us][CH1-Dispenser] E0
[T+768727290us][CH2-Pc    ] E0
[T+768740429us][CH1-Dispenser] E1
[T+768740288us][CH2-Pc    ] E1
[T+768753533us][CH1-Dispenser] E0
[T+768753397us][CH2-Pc    ] E0
[T+768766427us][CH1-Dispenser] FB
[T+768766288us][CH2-Pc    ] FB
[T+768794305us][CH2-Pc    ] EE F0
[T+768821280us][CH1-Dispenser] EE F0 BA B0 B3 B3 B0 B1 B0 B0 B0 B0 B1 B1 B1 B1 B1 B9 C1 8D 8A
[T+768886280us][CH2-Pc    ] 04
[T+768893281us][CH1-Dispenser] 04 64
[T+768964412us][CH1-Dispenser] 05
[T+768964281us][CH2-Pc    ] 05
[T+769138415us][CH1-Dispenser] 06
[T+769138281us][CH2-Pc    ] 06
[T+769302305us][CH2-Pc    ] 01
[T+769312288us][CH1-Dispenser] 01 61
[T+769381280us][CH2-Pc    ] 02
[T+769386280us][CH1-Dispenser] 02 92
[T+769408280us][CH2-Pc    ] 62
[T+769422280us][CH1-Dispenser] 62 E7 E5 E6 E6 E2 E0
[T+769486305us][CH2-Pc    ] 03
[T+769493288us][CH1-Dispenser] 03 73
[T+769513306us][CH2-Pc    ] 23
[T+769520288us][CH1-Dispenser] 23 D3
[T+769535415us][CH1-Dispenser] FF
[T+769535281us][CH2-Pc    ] FF
[T+769548412us][CH1-Dispenser] E9
[T+769548281us][CH2-Pc    ] E9
[T+769560410us][CH1-Dispenser] FE
[T+769560281us][CH2-Pc    ] FE
[T+769573412us][CH1-Dispenser] E0
[T+769573281us][CH2-Pc    ] E0
[T+769586428us][CH1-Dispenser] E1
[T+769586289us][CH2-Pc    ] E1
[T+769599288us][CH1-Dispenser] E0
[T+769599427us][CH2-Pc    ] E0
[T+769611422us][CH1-Dispenser] FB
[T+769611288us][CH2-Pc    ] FB
[T+769624423us][CH1-Dispenser] EE
[T+769624288us][CH2-Pc    ] EE
[T+769636321us][CH2-Pc    ] F0
[T+769666280us][CH1-Dispenser] F0 BA B0 B3 B3 B0 B1 B0 B0 B0 B0 B1 B1 B1 B1 B1 B9 C1 8D 8A
[T+769738305us][CH2-Pc    ] 04
[T+769744280us][CH1-Dispenser] 04 64
[T+769816414us][CH1-Dispenser] 05
[T+769816281us][CH2-Pc    ] 05
[T+769991415us][CH1-Dispenser] 06
[T+769991281us][CH2-Pc    ] 06
[T+770166280us][CH2-Pc    ] 01
[T+770172281us][CH1-Dispenser] 01 61
[T+770244306us][CH2-Pc    ] 02
[T+770251288us][CH1-Dispenser] 02 92
[T+770271305us][CH2-Pc    ] 62
[T+770282281us][CH1-Dispenser] 62 E3 E3 E2 E7 E2 E0
[T+770350304us][CH2-Pc    ] 03
[T+770360288us][CH1-Dispenser] 03 73
[T+770378280us][CH2-Pc    ] 23
[T+770383280us][CH1-Dispenser] 23 D3
[T+770399414us][CH1-Dispenser] FF
[T+770399281us][CH2-Pc    ] FF
[T+770412456us][CH1-Dispenser] E9
[T+770412288us][CH2-Pc    ] E9
[T+770425288us][CH1-Dispenser] FE
[T+770425428us][CH2-Pc    ] FE
[T+770446411us][CH1-Dispenser] E0
[T+770446281us][CH2-Pc    ] E0
[T+770459414us][CH1-Dispenser] E1
[T+770459281us][CH2-Pc    ] E1
[T+770471602us][CH1-Dispenser] E0
[T+770471464us][CH2-Pc    ] E0
[T+770484424us][CH1-Dispenser] FB
[T+770484284us][CH2-Pc    ] FB
[T+770497421us][CH1-Dispenser] EE
[T+770497283us][CH2-Pc    ] EE
[T+770510280us][CH2-Pc    ] F0
[T+770542305us][CH1-Dispenser] F0 BA B0 B3 B3 B0 B1 B0 B0 B0 B0 B1 B1 B1 B1 B1 B9 C1 8D 8A
[T+770611280us][CH2-Pc    ] 04
[T+770619321us][CH1-Dispenser] 04 64
[T+770689414us][CH1-Dispenser] 05
[T+770689281us][CH2-Pc    ] 05
[T+770875414us][CH1-Dispenser] 06
[T+770875281us][CH2-Pc    ] 06
[T+771039305us][CH2-Pc    ] 01
[T+771046281us][CH1-Dispenser] 01 61
[T+771117280us][CH2-Pc    ] 02
[T+771126280us][CH1-Dispenser] 02 92
[T+771144280us][CH2-Pc    ] 62
[T+771158280us][CH1-Dispenser] 62 E1 E1 E9 E7 E2 E0
[T+771222305us][CH2-Pc    ] 03
[T+771228887us][CH1-Dispenser] 03 73
[T+771250280us][CH2-Pc    ] 23
[T+771259280us][CH1-Dispenser] 23 D3
[T+771272418us][CH1-Dispenser] FF
[T+771272283us][CH2-Pc    ] FF
[T+771296413us][CH1-Dispenser] E9 FE
[T+771296281us][CH2-Pc    ] E9 FE
[T+771310288us][CH1-Dispenser] E0
[T+771310428us][CH2-Pc    ] E0
[T+771322428us][CH1-Dispenser] E1
[T+771322288us][CH2-Pc    ] E1
[T+771335428us][CH1-Dispenser] E0
[T+771335289us][CH2-Pc    ] E0
[T+771347425us][CH1-Dispenser] FB
[T+771347288us][CH2-Pc    ] FB
[T+771360411us][CH1-Dispenser] EE
[T+771360281us][CH2-Pc    ] EE
[T+771373280us][CH2-Pc    ] F0
[T+771401281us][CH1-Dispenser] F0 BA B0 B3 B3 B0 B1 B0 B0 B0 B0 B1 B1 B1 B1 B1 B9 C1 8D 8A
[T+771475280us][CH2-Pc    ] 04
[T+771484281us][CH1-Dispenser] 04 64
[T+771554281us][CH1-Dispenser] 05
[T+771553280us][CH2-Pc    ] 05
[T+771728415us][CH1-Dispenser] 06
[T+771728281us][CH2-Pc    ] 06
[T+771903280us][CH2-Pc    ] 01
[T+771912280us][CH1-Dispenser] 01 61
[T+771982280us][CH2-Pc    ] 02
[T+771986309us][CH1-Dispenser] 02 92
[T+772009280us][CH2-Pc    ] 62
[T+772022280us][CH1-Dispenser] 62 E1 E2 E5 E8 E2 E0
[T+772088280us][CH2-Pc    ] 03
[T+772093280us][CH1-Dispenser] 03 73
[T+772115280us][CH2-Pc    ] 23
[T+772124280us][CH1-Dispenser] 23 D3
[T+772137280us][CH1-Dispenser] FF
[T+772136280us][CH2-Pc    ] FF
[T+772149426us][CH1-Dispenser] E9
[T+772149288us][CH2-Pc    ] E9
[T+772162428us][CH1-Dispenser] FE
[T+772162288us][CH2-Pc    ] FE
[T+772175289us][CH1-Dispenser] E0
[T+772175428us][CH2-Pc    ] E0
[T+772187427us][CH1-Dispenser] E1
[T+772187288us][CH2-Pc    ] E1
[T+772200413us][CH1-Dispenser] E0
[T+772200281us][CH2-Pc    ] E0
[T+772213428us][CH1-Dispenser] FB
[T+772213288us][CH2-Pc    ] FB
[T+772225732us][CH1-Dispenser] EE
[T+772225593us][CH2-Pc    ] EE
[T+772238280us][CH2-Pc    ] F0
[T+772266311us][CH1-Dispenser] F0 BA B0 B3 B3 B0 B1 B0 B0 B0 B0 B1 B1 B1 B1 B1 B9 C1 8D 8A
[T+772341280us][CH2-Pc    ] 04
[T+772349305us][CH1-Dispenser] 04 64
[T+772419412us][CH1-Dispenser] 05
[T+772419281us][CH2-Pc    ] 05
[T+772593416us][CH1-Dispenser] 06
[T+772593281us][CH2-Pc    ] 06
[T+772756281us][CH2-Pc    ] 01
[T+772761281us][CH1-Dispenser] 01 61
[T+772834280us][CH2-Pc    ] 02
[T+772840288us][CH1-Dispenser] 02 92
[T+772861280us][CH2-Pc    ] 62
[T+772871281us][CH1-Dispenser] 62 E5 E6 E1 E9 E2 E0
[T+772940280us][CH2-Pc    ] 03
[T+772949280us][CH1-Dispenser] 03 73
[T+772967280us][CH2-Pc    ] 23
[T+772989280us][CH1-Dispenser] 23 D3 FF
[T+773002280us][CH1-Dispenser] E9
[T+773001287us][CH2-Pc    ] FF E9
[T+773014414us][CH1-Dispenser] FE
[T+773014281us][CH2-Pc    ] FE
[T+773027415us][CH1-Dispenser] E0
[T+773027282us][CH2-Pc    ] E0
[T+773040407us][CH1-Dispenser] E1
[T+773040281us][CH2-Pc    ] E1
[T+773052413us][CH1-Dispenser] E0
[T+773052281us][CH2-Pc    ] E0
[T+773065418us][CH1-Dispenser] FB
[T+773065282us][CH2-Pc    ] FB
[T+773078415us][CH1-Dispenser] EE
[T+773078282us][CH2-Pc    ] EE
[T+773090304us][CH2-Pc    ] F0
[T+773122305us][CH1-Dispenser] F0 BA B0 B3 B3 B0 B1 B0 B0 B0 B0 B1 B1 B1 B1 B1 B9 C1 8D 8A
[T+773192280us][CH2-Pc    ] 04
[T+773199917us][CH1-Dispenser] 04 64
[T+773270411us][CH1-Dispenser] 05
[T+773270281us][CH2-Pc    ] 05
[T+773445412us][CH1-Dispenser] 06
[T+773445281us][CH2-Pc    ] 06
[T+773631280us][CH2-Pc    ] 01
[T+773636280us][CH1-Dispenser] 01 61
[T+773699280us][CH2-Pc    ] 02
[T+773706281us][CH1-Dispenser] 02 92
[T+773726305us][CH2-Pc    ] 62
[T+773737285us][CH1-Dispenser] 62 E8 E9 E7 E9 E2 E0
[T+773806280us][CH2-Pc    ] 03
[T+773814321us][CH1-Dispenser] 03 73
[T+773834304us][CH2-Pc    ] 23
[T+773841280us][CH1-Dispenser] 23 D3
[T+773855420us][CH1-Dispenser] FF
[T+773855283us][CH2-Pc    ] FF
[T+773868412us][CH1-Dispenser] E9
[T+773868281us][CH2-Pc    ] E9
[T+773881412us][CH1-Dispenser] FE
[T+773881281us][CH2-Pc    ] FE
[T+773893429us][CH1-Dispenser] E0
[T+773893290us][CH2-Pc    ] E0
[T+773906428us][CH1-Dispenser] E1
[T+773906288us][CH2-Pc    ] E1
[T+773919427us][CH1-Dispenser] E0
[T+773919288us][CH2-Pc    ] E0
[T+773931422us][CH1-Dispenser] FB
[T+773931288us][CH2-Pc    ] FB
[T+773944422us][CH1-Dispenser] EE
[T+773944288us][CH2-Pc    ] EE
[T+773958388us][CH2-Pc    ] F0
[T+773987280us][CH1-Dispenser] F0 BA B0 B3 B3 B0 B1 B0 B0 B0 B0 B1 B1 B1 B1 B1 B9 C1 8D 8A
[T+774059304us][CH2-Pc    ] 04
[T+774068392us][CH1-Dispenser] 04 64
[T+774137413us][CH1-Dispenser] 05
[T+774137281us][CH2-Pc    ] 05
[T+774312419us][CH1-Dispenser] 06
[T+774312283us][CH2-Pc    ] 06
[T+774476304us][CH2-Pc    ] 01
[T+774481280us][CH1-Dispenser] 01 61
[T+774554281us][CH2-Pc    ] 02
[T+774561288us][CH1-Dispenser] 02 92
[T+774582280us][CH2-Pc    ] 62
[T+774592281us][CH1-Dispenser] 62 E0 E2 E4 E0 E3 E0
[T+774660305us][CH2-Pc    ] 03
[T+774668305us][CH1-Dispenser] 03 73
[T+774687280us][CH2-Pc    ] 23
[T+774695305us][CH1-Dispenser] 23 D3
[T+774721418us][CH1-Dispenser] FF E9
[T+774721282us][CH2-Pc    ] FF E9
[T+774743410us][CH1-Dispenser] FE
[T+774743281us][CH2-Pc    ] FE
[T+774756281us][CH1-Dispenser] E0
[T+774755281us][CH2-Pc    ] E0
[T+774768285us][CH1-Dispenser] E1
[T+774768419us][CH2-Pc    ] E1
[T+774781423us][CH1-Dispenser] E0
[T+774781284us][CH2-Pc    ] E0
[T+774794416us][CH1-Dispenser] FB
[T+774794281us][CH2-Pc    ] FB
[T+774807416us][CH1-Dispenser] EE
[T+774807282us][CH2-Pc    ] EE
[T+774819309us][CH2-Pc    ] F0
[T+774846280us][CH1-Dispenser] F0 BA B0 B3 B3 B0 B1 B0 B0 B0 B0 B1 B1 B1 B1 B1 B9 C1 8D 8A
[T+774918305us][CH2-Pc    ] 04
[T+774924280us][CH1-Dispenser] 04 64
[T+774996412us][CH1-Dispenser] 05
[T+774996281us][CH2-Pc    ] 05
[T+775171414us][CH1-Dispenser] 06
[T+775171281us][CH2-Pc    ] 06
[T+775335280us][CH2-Pc    ] 01
[T+775341288us][CH1-Dispenser] 01 61
[T+775413305us][CH2-Pc    ] 02
[T+775421305us][CH1-Dispenser] 02 92
[T+775440280us][CH2-Pc    ] 62
[T+775452321us][CH1-Dispenser] 62 E1 E4 E0 E1 E3 E0
[T+775518280us][CH2-Pc    ] 03
[T+775526921us][CH1-Dispenser] 03 73
[T+775546281us][CH2-Pc    ] 23
[T+775552281us][CH1-Dispenser] 23 D3
[T+775567413us][CH1-Dispenser] FF
[T+775567281us][CH2-Pc    ] FF
[T+775580429us][CH1-Dispenser] E9
[T+775580288us][CH2-Pc    ] E9
[T+775593425us][CH1-Dispenser] FE
[T+775593287us][CH2-Pc    ] FE
[T+775606422us][CH1-Dispenser] E0
[T+775606284us][CH2-Pc    ] E0
[T+775618286us][CH1-Dispenser] E1
[T+775618424us][CH2-Pc    ] E1
[T+775631423us][CH1-Dispenser] E0
[T+775631284us][CH2-Pc    ] E0
[T+775644430us][CH1-Dispenser] FB
[T+775644287us][CH2-Pc    ] FB
[T+775657422us][CH1-Dispenser] EE
[T+775657284us][CH2-Pc    ] EE
[T+775669321us][CH2-Pc    ] F0
[T+775695280us][CH1-Dispenser] F0 BA B0 B3 B3 B0 B1 B0 B0 B0 B0 B1 B1 B1 B1 B1 B9 C1 8D 8A
[T+775762281us][CH2-Pc    ] 04
[T+775769288us][CH1-Dispenser] 04 64
[T+775840412us][CH1-Dispenser] 05
[T+775840281us][CH2-Pc    ] 05
[T+776015414us][CH1-Dispenser] 06
[T+776015281us][CH2-Pc    ] 06
[T+776179304us][CH2-Pc    ] 01
[T+776187321us][CH1-Dispenser] 01 61
[T+776258283us][CH2-Pc    ] 02
[T+776267379us][CH1-Dispenser] 02 92
[T+776285280us][CH2-Pc    ] 62
[T+776297783us][CH1-Dispenser] 62 E4 E7 E6 E1 E3 E0
[T+776364280us][CH2-Pc    ] 03
[T+776371281us][CH1-Dispenser] 03 73
[T+776392280us][CH2-Pc    ] 23
[T+776397280us][CH1-Dispenser] 23 D3
[T+776413413us][CH1-Dispenser] FF
[T+776413281us][CH2-Pc    ] FF
[T+776425428us][CH1-Dispenser] E9
[T+776425288us][CH2-Pc    ] E9
[T+776438295us][CH1-Dispenser] FE
[T+776438435us][CH2-Pc    ] FE
[T+776451422us][CH1-Dispenser] E0
[T+776451288us][CH2-Pc    ] E0
[T+776465420us][CH1-Dispenser] E1
[T+776465284us][CH2-Pc    ] E1
[T+776478464us][CH1-Dispenser] E0
[T+776478323us][CH2-Pc    ] E0
[T+776491425us][CH1-Dispenser] FB
[T+776491287us][CH2-Pc    ] FB
[T+776504495us][CH1-Dispenser] EE
[T+776504355us][CH2-Pc    ] EE
[T+776516316us][CH2-Pc    ] F0
[T+776545280us][CH1-Dispenser] F0 BA B0 B3 B3 B0 B1 B0 B0 B0 B0 B1 B1 B1 B1 B1 B9 C1 8D 8A
[T+776618280us][CH2-Pc    ] 04
[T+776623280us][CH1-Dispenser] 04 64
[T+776696413us][CH1-Dispenser] 05
[T+776696281us][CH2-Pc    ] 05
[T+776871417us][CH1-Dispenser] 06
[T+776871281us][CH2-Pc    ] 06
[T+777046280us][CH2-Pc    ] 01
[T+777051917us][CH1-Dispenser] 01 61
[T+777124280us][CH2-Pc    ] 02
[T+777146280us][CH2-Pc    ] 62
[T+777159281us][CH1-Dispenser] 02 92 62 E5 E9 E2 E2 E3 E0
[T+777224280us][CH2-Pc    ] 03
[T+777241281us][CH2-Pc    ] 23
[T+777248288us][CH1-Dispenser] 03 73 23 D3
[T+777274412us][CH1-Dispenser] FF E9
[T+777274281us][CH2-Pc    ] FF E9
[T+777288415us][CH1-Dispenser] FE
[T+777288282us][CH2-Pc    ] FE
[T+777301422us][CH1-Dispenser] E0
[T+777301288us][CH2-Pc    ] E0
[T+777313422us][CH1-Dispenser] E1
[T+777313288us][CH2-Pc    ] E1
[T+777327425us][CH1-Dispenser] E0
[T+777327286us][CH2-Pc    ] E0
[T+777338428us][CH1-Dispenser] FB
[T+777338289us][CH2-Pc    ] FB
[T+777351428us][CH1-Dispenser] EE
[T+777351288us][CH2-Pc    ] EE
[T+777364280us][CH2-Pc    ] F0
[T+777390280us][CH1-Dispenser] F0 BA B0 B3 B3 B0 B1 B0 B0 B0 B0 B1 B1 B1 B1 B1 B9 C1 8D 8A
[T+777456280us][CH2-Pc    ] 04
[T+777463280us][CH1-Dispenser] 04 64
[T+777534413us][CH1-Dispenser] 05
[T+777534281us][CH2-Pc    ] 05
[T+777709413us][CH1-Dispenser] 06
[T+777709281us][CH2-Pc    ] 06
[T+777884280us][CH2-Pc    ] 01
[T+777891922us][CH1-Dispenser] 01 61
[T+777962281us][CH2-Pc    ] 02
[T+777967281us][CH1-Dispenser] 02 92
[T+777989281us][CH2-Pc    ] 62
[T+778004347us][CH1-Dispenser] 62 E8 E2 E9 E2 E3 E0
[T+778068306us][CH2-Pc    ] 03
[T+778075280us][CH1-Dispenser] 03 73
[T+778095305us][CH2-Pc    ] 23
[T+778104994us][CH1-Dispenser] 23 D3
[T+778117412us][CH1-Dispenser] FF
[T+778117281us][CH2-Pc    ] FF
[T+778147413us][CH1-Dispenser] E9 FE
[T+778147281us][CH2-Pc    ] E9 FE
[T+778161420us][CH1-Dispenser] E0
[T+778161283us][CH2-Pc    ] E0
[T+778174391us][CH1-Dispenser] E1
[T+778174530us][CH2-Pc    ] E1
[T+778186600us][CH1-Dispenser] E0
[T+778186462us][CH2-Pc    ] E0
[T+778199413us][CH1-Dispenser] FB
[T+778199281us][CH2-Pc    ] FB
[T+778212428us][CH1-Dispenser] EE
[T+778212288us][CH2-Pc    ] EE
[T+778224618us][CH2-Pc    ] F0
[T+778252304us][CH1-Dispenser] F0 BA B0 B3 B3 B0 B1 B0 B0 B0 B0 B1 B1 B1 B1 B1 B9 C1 8D 8A
[T+778316305us][CH2-Pc    ] 04
[T+778324321us][CH1-Dispenser] 04 64
[T+778394415us][CH1-Dispenser] 05
[T+778394281us][CH2-Pc    ] 05
[T+778569417us][CH1-Dispenser] 06
[T+778569282us][CH2-Pc    ] 06
[T+778744280us][CH2-Pc    ] 01
[T+778751281us][CH1-Dispenser] 01 61
[T+778822280us][CH2-Pc    ] 02
[T+778827285us][CH1-Dispenser] 02 92
[T+778849280us][CH2-Pc    ] 62
[T+778863280us][CH1-Dispenser] 62 E0 E5 E5 E3 E3 E0
[T+778927305us][CH2-Pc    ] 03
[T+778935322us][CH1-Dispenser] 03 73
[T+778955304us][CH2-Pc    ] 23
[T+778976281us][CH1-Dispenser] 23 D3 FF
[T+778976412us][CH2-Pc    ] FF
[T+778989413us][CH1-Dispenser] E9
[T+778989281us][CH2-Pc    ] E9
[T+779002539us][CH1-Dispenser] FE
[T+779002393us][CH2-Pc    ] FE
[T+779015428us][CH1-Dispenser] E0
[T+779015288us][CH2-Pc    ] E0
[T+779027288us][CH1-Dispenser] E1
[T+779028280us][CH2-Pc    ] E1
[T+779040427us][CH1-Dispenser] E0
[T+779040289us][CH2-Pc    ] E0
[T+779053423us][CH1-Dispenser] FB
[T+779053284us][CH2-Pc    ] FB
[T+779066424us][CH1-Dispenser] EE
[T+779066284us][CH2-Pc    ] EE
[T+779079280us][CH2-Pc    ] F0
[T+779109280us][CH1-Dispenser] F0 BA B0 B3 B3 B0 B1 B0 B0 B0 B0 B1 B1 B1 B1 B1 B9 C1 8D 8A
[T+779179280us][CH2-Pc    ] 04
[T+779183309us][CH1-Dispenser] 04 64
[T+779252412us][CH1-Dispenser] 05
[T+779252281us][CH2-Pc    ] 05
[T+779437414us][CH1-Dispenser] 06
[T+779437281us][CH2-Pc    ] 06
[T+779606280us][CH2-Pc    ] 01
[T+779613834us][CH1-Dispenser] 01 61
[T+779684280us][CH2-Pc    ] 02
[T+779691280us][CH1-Dispenser] 02 92
[T+779711304us][CH2-Pc    ] 62
[T+779723321us][CH1-Dispenser] 62 E5 E9 E5 E3 E3 E0
[T+779790280us][CH2-Pc    ] 03
[T+779800285us][CH1-Dispenser] 03 73
[T+779817280us][CH2-Pc    ] 23
[T+779823281us][CH1-Dispenser] 23 D3
[T+779851412us][CH1-Dispenser] FF E9
[T+779851281us][CH2-Pc    ] FF E9
[T+779864410us][CH1-Dispenser] FE
[T+779864281us][CH2-Pc    ] FE
[T+779876409us][CH1-Dispenser] E0
[T+779876281us][CH2-Pc    ] E0
[T+779889413us][CH1-Dispenser] E1
[T+779889281us][CH2-Pc    ] E1
[T+779902428us][CH1-Dispenser] E0
[T+779902288us][CH2-Pc    ] E0
[T+779915427us][CH1-Dispenser] FB
[T+779915288us][CH2-Pc    ] FB
[T+779927428us][CH1-Dispenser] EE
[T+779927288us][CH2-Pc    ] EE
[T+779940280us][CH2-Pc    ] F0
[T+779971280us][CH1-Dispenser] F0 BA B0 B3 B3 B0 B1 B0 B0 B0 B0 B1 B1 B1 B1 B1 B9 C1 8D 8A
[T+780043306us][CH2-Pc    ] 04
[T+780048280us][CH1-Dispenser] 04 64
[T+780121412us][CH1-Dispenser] 05
[T+780121281us][CH2-Pc    ] 05
[T+780295417us][CH1-Dispenser] 06
[T+780295281us][CH2-Pc    ] 06
[T+780460281us][CH2-Pc    ] 01
[T+780466925us][CH1-Dispenser] 01 61
[T+780538306us][CH2-Pc    ] 02
[T+780547280us][CH1-Dispenser] 02 92
[T+780565280us][CH2-Pc    ] 62
[T+780578280us][CH1-Dispenser] 62 E0 E4 E6 E3 E3 E0
[T+780644280us][CH2-Pc    ] 03
[T+780648309us][CH1-Dispenser] 03 73
[T+780661280us][CH2-Pc    ] 23
[T+780668281us][CH1-Dispenser] 23 D3
[T+780694413us][CH1-Dispenser] FF E9
[T+780694281us][CH2-Pc    ] FF E9
[T+780708421us][CH1-Dispenser] FE
[T+780708284us][CH2-Pc    ] FE
[T+780720414us][CH1-Dispenser] E0
[T+780720282us][CH2-Pc    ] E0
[T+780733409us][CH1-Dispenser] E1
[T+780733281us][CH2-Pc    ] E1
[T+780746428us][CH1-Dispenser] E0
[T+780746289us][CH2-Pc    ] E0
[T+780758413us][CH1-Dispenser] FB
[T+780758281us][CH2-Pc    ] FB
[T+780771413us][CH1-Dispenser] EE
[T+780771282us][CH2-Pc    ] EE
[T+780784281us][CH2-Pc    ] F0
[T+780812304us][CH1-Dispenser] F0 BA B0 B3 B3 B0 B1 B0 B0 B0 B0 B1 B1 B1 B1 B1 B9 C1 8D 8A
[T+780876306us][CH2-Pc    ] 04
[T+780885011us][CH1-Dispenser] 04 64
[T+780955413us][CH1-Dispenser] 05
[T+780955281us][CH2-Pc    ] 05
[T+781140413us][CH1-Dispenser] 06
[T+781140281us][CH2-Pc    ] 06
[T+781304306us][CH2-Pc    ] 01
[T+781312321us][CH1-Dispenser] 01 61
[T+781383280us][CH2-Pc    ] 02
[T+781391964us][CH1-Dispenser] 02 92
[T+781411304us][CH2-Pc    ] 62
[T+781424281us][CH1-Dispenser] 62 E5 E8 E6 E3 E3 E0
[T+781503280us][CH2-Pc    ] 03
[T+781510281us][CH1-Dispenser] 03 73
[T+781531280us][CH2-Pc    ] 23
[T+781552281us][CH1-Dispenser] 23 D3 FF
[T+781552412us][CH2-Pc    ] FF
[T+781565417us][CH1-Dispenser] E9
[T+781565284us][CH2-Pc    ] E9
[T+781595412us][CH1-Dispenser] FE E0
[T+781595281us][CH2-Pc    ] FE E0
[T+781608428us][CH1-Dispenser] E1
[T+781608288us][CH2-Pc    ] E1
[T+781621427us][CH1-Dispenser] E0
[T+781621288us][CH2-Pc    ] E0
[T+781633464us][CH1-Dispenser] FB
[T+781633290us][CH2-Pc    ] FB
[T+781647424us][CH1-Dispenser] EE
[T+781647285us][CH2-Pc    ] EE
[T+781660284us][CH2-Pc    ] F0
[T+781686281us][CH1-Dispenser] F0 BA B0 B3 B3 B0 B1 B0 B0 B0 B0 B1 B1 B1 B1 B1 B9 C1 8D 8A
[T+781751280us][CH2-Pc    ] 04
[T+781758281us][CH1-Dispenser] 04 64
[T+781829412us][CH1-Dispenser] 05
[T+781829281us][CH2-Pc    ] 05
[T+782014414us][CH1-Dispenser] 06
[T+782014282us][CH2-Pc    ] 06
[T+782178304us][CH2-Pc    ] 01
[T+782186972us][CH1-Dispenser] 01 61
[T+782256280us][CH2-Pc    ] 02
[T+782262281us][CH1-Dispenser] 02 92
[T+782284281us][CH2-Pc    ] 62
[T+782298288us][CH1-Dispenser] 62 E1 E3 E7 E3 E3 E0
[T+782367280us][CH2-Pc    ] 03
[T+782374288us][CH1-Dispenser] 03 73
[T+782394305us][CH2-Pc    ] 23
[T+782400289us][CH1-Dispenser] 23 D3
[T+782416408us][CH1-Dispenser] FF
[T+782416281us][CH2-Pc    ] FF
[T+782433413us][CH1-Dispenser] E9
[T+782433281us][CH2-Pc    ] E9
[T+782446414us][CH1-Dispenser] FE
[T+782446282us][CH2-Pc    ] FE
[T+782458280us][CH2-Pc    ] E0
[T+782459280us][CH1-Dispenser] E0
[T+782471413us][CH1-Dispenser] E1
[T+782471281us][CH2-Pc    ] E1
[T+782484428us][CH1-Dispenser] E0
[T+782484288us][CH2-Pc    ] E0
[T+782497428us][CH1-Dispenser] FB
[T+782497288us][CH2-Pc    ] FB
[T+782510421us][CH1-Dispenser] EE
[T+782510284us][CH2-Pc    ] EE
[T+782523281us][CH2-Pc    ] F0
[T+782551304us][CH1-Dispenser] F0 BA B0 B3 B3 B0 B1 B0 B0 B0 B0 B1 B1 B1 B1 B1 B9 C1 8D 8A
[T+782622280us][CH2-Pc    ] 04
[T+782630320us][CH1-Dispenser] 04 64
[T+782700413us][CH1-Dispenser] 05
[T+782700281us][CH2-Pc    ] 05
[T+782884413us][CH1-Dispenser] 06
[T+782884281us][CH2-Pc    ] 06
[T+783059280us][CH2-Pc    ] 01
[T+783066280us][CH1-Dispenser] 01 61
[T+783137280us][CH2-Pc    ] 02
[T+783142280us][CH1-Dispenser] 02 92
[T+783165280us][CH2-Pc    ] 62
[T+783182281us][CH1-Dispenser] 62 E7 E8 E7 E3 E3 E0
[T+783254469us][CH2-Pc    ] 03
[T+783259920us][CH1-Dispenser] 03 73
[T+783282280us][CH2-Pc    ] 23
[T+783290305us][CH1-Dispenser] 23 D3
[T+783304407us][CH1-Dispenser] FF
[T+783304281us][CH2-Pc    ] FF
[T+783328412us][CH1-Dispenser] E9 FE
[T+783328281us][CH2-Pc    ] E9 FE
[T+783341427us][CH1-Dispenser] E0
[T+783341287us][CH2-Pc    ] E0
[T+783354419us][CH1-Dispenser] E1
[T+783354284us][CH2-Pc    ] E1
[T+783367416us][CH1-Dispenser] E0
[T+783367282us][CH2-Pc    ] E0
[T+783379427us][CH1-Dispenser] FB
[T+783379286us][CH2-Pc    ] FB
[T+783392424us][CH1-Dispenser] EE
[T+783392284us][CH2-Pc    ] EE
[T+783405280us][CH2-Pc    ] F0
[T+783432281us][CH1-Dispenser] F0 BA B0 B3 B3 B0 B1 B0 B0 B0 B0 B1 B1 B1 B1 B1 B9 C1 8D 8A
[T+783497280us][CH2-Pc    ] 04
[T+783504970us][CH1-Dispenser] 04 64
[T+783575413us][CH1-Dispenser] 05
[T+783575281us][CH2-Pc    ] 05
[T+783750415us][CH1-Dispenser] 06
[T+783750281us][CH2-Pc    ] 06
[T+783914304us][CH2-Pc    ] 01
[T+783921924us][CH1-Dispenser] 01 61
[T+783992281us][CH2-Pc    ] 02
[T+783996309us][CH1-Dispenser] 02 92
[T+784019281us][CH2-Pc    ] 62
[T+784035305us][CH1-Dispenser] 62 E2 E3 E8 E3 E3 E0
[T+784109280us][CH2-Pc    ] 03
[T+784126280us][CH2-Pc    ] 23
[T+784147281us][CH1-Dispenser] 03 73 23 D3 FF
[T+784147413us][CH2-Pc    ] FF
[T+784160426us][CH1-Dispenser] E9
[T+784160287us][CH2-Pc    ] E9
[T+784173414us][CH1-Dispenser] FE
[T+784173282us][CH2-Pc    ] FE
[T+784185425us][CH1-Dispenser] E0
[T+784185285us][CH2-Pc    ] E0
[T+784198417us][CH1-Dispenser] E1
[T+784198284us][CH2-Pc    ] E1
[T+784210410us][CH1-Dispenser] E0
[T+784210281us][CH2-Pc    ] E0
[T+784223423us][CH1-Dispenser] FB
[T+784223285us][CH2-Pc    ] FB
[T+784236425us][CH1-Dispenser] EE
[T+784236287us][CH2-Pc    ] EE
[T+784249280us][CH2-Pc    ] F0
[T+784277497us][CH1-Dispenser] F0 BA B0 B3 B3 B0 B1 B0 B0 B0 B0 B1 B1 B1 B1 B1 B9 C1 8D 8A
[T+784358280us][CH2-Pc    ] 04
[T+784364288us][CH1-Dispenser] 04 64
[T+784436412us][CH1-Dispenser] 05
[T+784436281us][CH2-Pc    ] 05
[T+784602415us][CH1-Dispenser] 06
[T+784602281us][CH2-Pc    ] 06
[T+784777280us][CH2-Pc    ] 01
[T+784781310us][CH1-Dispenser] 01 61
[T+784844280us][CH2-Pc    ] 02
[T+784851281us][CH1-Dispenser] 02 92
[T+784872280us][CH2-Pc    ] 62
[T+784884316us][CH1-Dispenser] 62 E0 E0 E9 E3 E3 E0
[T+784951280us][CH2-Pc    ] 03
[T+784960349us][CH1-Dispenser] 03 73
[T+784978280us][CH2-Pc    ] 23
[T+784983917us][CH1-Dispenser] 23 D3
[T+785000427us][CH1-Dispenser] FF
[T+785000286us][CH2-Pc    ] FF
[T+785022412us][CH1-Dispenser] E9
[T+785022281us][CH2-Pc    ] E9
[T+785052407us][CH1-Dispenser] FE E0
[T+785052281us][CH2-Pc    ] FE E0
[T+785066285us][CH1-Dispenser] E1
[T+785066426us][CH2-Pc    ] E1
[T+785078289us][CH1-Dispenser] E0
[T+785078427us][CH2-Pc    ] E0
[T+785090418us][CH1-Dispenser] FB
[T+785090283us][CH2-Pc    ] FB
[T+785103418us][CH1-Dispenser] EE
[T+785103284us][CH2-Pc    ] EE
[T+785116280us][CH2-Pc    ] F0
[T+785147280us][CH1-Dispenser] F0 BA B0 B3 B3 B0 B1 B0 B0 B0 B0 B1 B1 B1 B1 B1 B9 C1 8D 8A
[T+785217281us][CH2-Pc    ] 04
[T+785223885us][CH1-Dispenser] 04 64
[T+785295413us][CH1-Dispenser] 05
[T+785295281us][CH2-Pc    ] 05
[T+785459415us][CH1-Dispenser] 06
[T+785459281us][CH2-Pc    ] 06
[T+785634281us][CH2-Pc    ] 01
[T+785643453us][CH1-Dispenser] 01 61
[T+785712280us][CH2-Pc    ] 02
[T+785718288us][CH1-Dispenser] 02 92
[T+785740280us][CH2-Pc    ] 62
[T+785753281us][CH1-Dispenser] 62 E0 E0 E9 E3 E3 E0
[T+785825305us][CH2-Pc    ] 03
[T+785829309us][CH1-Dispenser] 03 73
[T+785842319us][CH2-Pc    ] 23
[T+785848281us][CH1-Dispenser] 23 D3
[T+785863412us][CH1-Dispenser] FF
[T+785863281us][CH2-Pc    ] FF
[T+785875422us][CH1-Dispenser] E9
[T+785875288us][CH2-Pc    ] E9
[T+785889422us][CH1-Dispenser] FE
[T+785889284us][CH2-Pc    ] FE
[T+785903287us][CH1-Dispenser] E0
[T+785903428us][CH2-Pc    ] E0
[T+785914280us][CH1-Dispenser] E1
[T+785913604us][CH2-Pc    ] E1
[T+785926510us][CH1-Dispenser] E0
[T+785926371us][CH2-Pc    ] E0
[T+785940284us][CH1-Dispenser] FB
[T+785940421us][CH2-Pc    ] FB
[T+785952424us][CH1-Dispenser] EE
[T+785952287us][CH2-Pc    ] EE
[T+785966281us][CH2-Pc    ] F0
[T+785992281us][CH1-Dispenser] F0 BA B0 B3 B3 B0 B1 B0 B0 B0 B0 B1 B1 B1 B1 B1 B9 C1 8D 8A
[T+786066280us][CH2-Pc    ] 04
[T+786075280us][CH1-Dispenser] 04 64
[T+786144416us][CH1-Dispenser] 05
[T+786144282us][CH2-Pc    ] 05
[T+786319415us][CH1-Dispenser] 06
[T+786319281us][CH2-Pc    ] 06
[T+786494280us][CH2-Pc    ] 01
[T+786505288us][CH1-Dispenser] 01 61
[T+786572280us][CH2-Pc    ] 02
[T+786577280us][CH1-Dispenser] 02 92
[T+786599280us][CH2-Pc    ] 62
[T+786613280us][CH1-Dispenser] 62 E0 E0 E9 E3 E3 E0
[T+786677306us][CH2-Pc    ] 03
[T+786684288us][CH1-Dispenser] 03 73
[T+786705280us][CH2-Pc    ] 23
[T+786709309us][CH1-Dispenser] 23 D3
[T+786726407us][CH1-Dispenser] FF
[T+786726281us][CH2-Pc    ] FF
[T+786739428us][CH1-Dispenser] E9
[T+786739287us][CH2-Pc    ] E9
[T+786752414us][CH1-Dispenser] FE
[T+786752282us][CH2-Pc    ] FE
[T+786765284us][CH1-Dispenser] E0
[T+786765422us][CH2-Pc    ] E0
[T+786777415us][CH1-Dispenser] E1
[T+786777282us][CH2-Pc    ] E1
[T+786790411us][CH1-Dispenser] E0
[T+786790281us][CH2-Pc    ] E0
[T+786802412us][CH1-Dispenser] FB
[T+786802281us][CH2-Pc    ] FB
[T+786815415us][CH1-Dispenser] EE
[T+786815282us][CH2-Pc    ] EE
[T+786836280us][CH2-Pc    ] F0
[T+786866280us][CH1-Dispenser] F0 BA B0 B3 B3 B0 B1 B0 B0 B0 B0 B1 B1 B1 B1 B1 B9 C1 8D 8A
[T+786934305us][CH2-Pc    ] 04
[T+786939280us][CH1-Dispenser] 04 64
[T+787012421us][CH1-Dispenser] 05
[T+787012282us][CH2-Pc    ] 05
[T+787181414us][CH1-Dispenser] 06
[T+787181281us][CH2-Pc    ] 06
[T+787356281us][CH2-Pc    ] 01
[T+787363288us][CH1-Dispenser] 01 61
[T+787439304us][CH2-Pc    ] 02
[T+787448281us][CH1-Dispenser] 02 92
[T+787496304us][CH2-Pc    ] 62
[T+787511281us][CH1-Dispenser] 62 E0 E0 E9 E3 E3 E0
[T+787585280us][CH2-Pc    ] 03
[T+787591280us][CH1-Dispenser] 03 73
[T+787612280us][CH2-Pc    ] 23
[T+787619280us][CH1-Dispenser] 23 D3
[T+787645415us][CH1-Dispenser] FF E9
[T+787645283us][CH2-Pc    ] FF E9
[T+787659423us][CH1-Dispenser] FE
[T+787659284us][CH2-Pc    ] FE
[T+787684408us][CH1-Dispenser] E0 E1
[T+787684281us][CH2-Pc    ] E0 E1
[T+787698023us][CH1-Dispenser] E0
[T+787697884us][CH2-Pc    ] E0
[T+787709858us][CH1-Dispenser] FB
[T+787709719us][CH2-Pc    ] FB
[T+787722410us][CH1-Dispenser] EE
[T+787722281us][CH2-Pc    ] EE
[T+787735280us][CH2-Pc    ] F0
[T+787762280us][CH1-Dispenser] F0 BA B0 B3 B3 B0 B1 B0 B0 B0 B0 B1 B1 B1 B1 B1 B9 C1 8D 8A
[T+787827280us][CH2-Pc    ] 04
[T+787834280us][CH1-Dispenser] 04 64
[T+787905414us][CH1-Dispenser] 05
[T+787905281us][CH2-Pc    ] 05
[T+788069414us][CH1-Dispenser] 06
[T+788069281us][CH2-Pc    ] 06
[T+788244280us][CH2-Pc    ] 01
[T+788252305us][CH1-Dispenser] 01 61
[T+788322280us][CH2-Pc    ] 02
[T+788327280us][CH1-Dispenser] 02 92
[T+788349408us][CH1-Dispenser] 62
[T+788349281us][CH2-Pc    ] 62
[T+788367280us][CH1-Dispenser] E0 E0 E9 E3 E3 E0
[T+788439304us][CH2-Pc    ] 03
[T+788445281us][CH1-Dispenser] 03 73
[T+788466280us][CH2-Pc    ] 23
[T+788488281us][CH1-Dispenser] 23 D3 FF
[T+788488412us][CH2-Pc    ] FF
[T+788501284us][CH1-Dispenser] E9
[T+788501424us][CH2-Pc    ] E9
[T+788514415us][CH1-Dispenser] FE
[T+788514281us][CH2-Pc    ] FE
[T+788535413us][CH1-Dispenser] E0
[T+788535281us][CH2-Pc    ] E0
[T+788556415us][CH1-Dispenser] E1
[T+788556281us][CH2-Pc    ] E1
[T+788583412us][CH1-Dispenser] E0
[T+788583281us][CH2-Pc    ] E0
[T+788596430us][CH1-Dispenser] FB
[T+788596290us][CH2-Pc    ] FB
[T+788610425us][CH1-Dispenser] EE
[T+788610284us][CH2-Pc    ] EE
[T+788622288us][CH2-Pc    ] F0
[T+788654304us][CH1-Dispenser] F0 BA B0 B3 B3 B0 B1 B0 B0 B0 B0 B1 B1 B1 B1 B1 B9 C1 8D 8A
[T+788723280us][CH2-Pc    ] 04
[T+788731305us][CH1-Dispenser] 04 64
[T+788814413us][CH1-Dispenser] 05
[T+788814281us][CH2-Pc    ] 05
[T+789000281us][CH1-Dispenser] 06
[T+788999280us][CH2-Pc    ] 06
[T+789164305us][CH2-Pc    ] 01
[T+789171280us][CH1-Dispenser] 01 61
[T+789242280us][CH2-Pc    ] 02
[T+789247280us][CH1-Dispenser] 02 92
[T+789269280us][CH2-Pc    ] 62
[T+789284280us][CH1-Dispenser] 62 E0 E0 E9 E3 E3 E0
[T+789347280us][CH2-Pc    ] 03
[T+789355924us][CH1-Dispenser] 03 73
[T+789385412us][CH1-Dispenser] 23 D3 FF
[T+789385281us][CH2-Pc    ] 23 FF
[T+789398423us][CH1-Dispenser] E9
[T+789398284us][CH2-Pc    ] E9
[T+789410419us][CH1-Dispenser] FE
[T+789410286us][CH2-Pc    ] FE
[T+789423417us][CH1-Dispenser] E0
[T+789423284us][CH2-Pc    ] E0
[T+789436416us][CH1-Dispenser] E1
[T+789436281us][CH2-Pc    ] E1
[T+789449412us][CH1-Dispenser] E0
[T+789449281us][CH2-Pc    ] E0
[T+789461412us][CH1-Dispenser] FB
[T+789461281us][CH2-Pc    ] FB
[T+789474416us][CH1-Dispenser] EE
[T+789474281us][CH2-Pc    ] EE
[T+789487280us][CH2-Pc    ] F0
[T+789517281us][CH1-Dispenser] F0 BA B0 B3 B3 B0 B1 B0 B0 B0 B0 B1 B1 B1 B1 B1 B9 C1 8D 8A
[T+789589305us][CH2-Pc    ] 04
[T+789594923us][CH1-Dispenser] 04 64
[T+789668280us][CH1-Dispenser] 05
[T+789667280us][CH2-Pc    ] 05
[T+789846412us][CH1-Dispenser] 06
[T+789846281us][CH2-Pc    ] 06
[T+790021280us][CH2-Pc    ] 01
[T+790028288us][CH1-Dispenser] 01 61
[T+790099280us][CH2-Pc    ] 02
[T+790107321us][CH1-Dispenser] 02 92
[T+790126280us][CH2-Pc    ] 62
[T+790138305us][CH1-Dispenser] 62 E0 E0 E9 E3 E3 E0
[T+790205280us][CH2-Pc    ] 03
[T+790214280us][CH1-Dispenser] 03 73
[T+790260280us][CH2-Pc    ] 23
[T+790282281us][CH1-Dispenser] 23 D3 FF
[T+790282415us][CH2-Pc    ] FF
[T+790294683us][CH1-Dispenser] E9
[T+790294546us][CH2-Pc    ] E9
[T+790307412us][CH1-Dispenser] FE
[T+790307281us][CH2-Pc    ] FE
[T+790320429us][CH1-Dispenser] E0
[T+790320288us][CH2-Pc    ] E0
[T+790332425us][CH1-Dispenser] E1
[T+790332288us][CH2-Pc    ] E1
[T+790345428us][CH1-Dispenser] E0
[T+790345288us][CH2-Pc    ] E0
[T+790358638us][CH1-Dispenser] FB
[T+790358335us][CH2-Pc    ] FB
[T+790371427us][CH1-Dispenser] EE
[T+790371289us][CH2-Pc    ] EE
[T+790383288us][CH2-Pc    ] F0
[T+790414280us][CH1-Dispenser] F0 BA B0 B3 B3 B0 B1 B0 B0 B0 B0 B1 B1 B1 B1 B1 B9 C1 8D 8A
[T+790485280us][CH2-Pc    ] 04
[T+790490281us][CH1-Dispenser] 04 64
[T+790563410us][CH1-Dispenser] 05
[T+790563281us][CH2-Pc    ] 05
[T+790749412us][CH1-Dispenser] 06
[T+790749281us][CH2-Pc    ] 06
[T+790915280us][CH2-Pc    ] 01
[T+790922288us][CH1-Dispenser] 01 61
[T+790994305us][CH2-Pc    ] 02
[T+791003280us][CH1-Dispenser] 02 A2
[T+791572280us][CH2-Pc    ] 03
[T+791580351us][CH1-Dispenser] 03 73
[T+791599284us][CH2-Pc    ] 23
[T+791605281us][CH1-Dispenser] 23 D3
[T+791620417us][CH1-Dispenser] FF
[T+791620282us][CH2-Pc    ] FF
[T+791633418us][CH1-Dispenser] E9
[T+791633283us][CH2-Pc    ] E9
[T+791646422us][CH1-Dispenser] FE
[T+791646283us][CH2-Pc    ] FE
[T+791659428us][CH1-Dispenser] E0
[T+791659288us][CH2-Pc    ] E0
[T+791671424us][CH1-Dispenser] E1
[T+791671287us][CH2-Pc    ] E1
[T+791684424us][CH1-Dispenser] E0
[T+791684285us][CH2-Pc    ] E0
[T+791697412us][CH1-Dispenser] FB
[T+791697284us][CH2-Pc    ] FB
[T+791709407us][CH1-Dispenser] EE
[T+791709281us][CH2-Pc    ] EE
[T+791722287us][CH2-Pc    ] F0
[T+791751280us][CH1-Dispenser] F0 BA B0 B3 B3 B0 B1 B0 B0 B0 B0 B1 B1 B1 B1 B1 B9 C1 8D 8A
[T+791824280us][CH2-Pc    ] 04
[T+791832320us][CH1-Dispenser] 04 64
[T+791902412us][CH1-Dispenser] 05
[T+791902281us][CH2-Pc    ] 05
[T+792076416us][CH1-Dispenser] 06
[T+792076281us][CH2-Pc    ] 06
[T+792241280us][CH2-Pc    ] 01
[T+792247288us][CH1-Dispenser] 01 61
[T+792319307us][CH2-Pc    ] 02
[T+792328894us][CH1-Dispenser] 02 62
[T+792897280us][CH2-Pc    ] 03
[T+792904281us][CH1-Dispenser] 03 73
[T+792924304us][CH2-Pc    ] 23
[T+792930280us][CH1-Dispenser] 23 D3
[T+792958416us][CH1-Dispenser] FF E9
[T+792958282us][CH2-Pc    ] FF E9
[T+792971288us][CH1-Dispenser] FE
[T+792971422us][CH2-Pc    ] FE
[T+792985282us][CH1-Dispenser] E0
[T+792985414us][CH2-Pc    ] E0
[T+793010280us][CH1-Dispenser] E1 E0
[T+793009280us][CH2-Pc    ] E1 E0
[T+793023283us][CH1-Dispenser] FB
[T+793023416us][CH2-Pc    ] FB
[T+793036424us][CH1-Dispenser] EE
[T+793036284us][CH2-Pc    ] EE
[T+793049549us][CH2-Pc    ] F0
[T+793077304us][CH1-Dispenser] F0 BA B0 B3 B3 B0 B1 B0 B0 B0 B0 B1 B1 B1 B1 B1 B9 C1 8D 8A
[T+793150280us][CH2-Pc    ] 04
[T+793155280us][CH1-Dispenser] 04 64
[T+793228412us][CH1-Dispenser] 05
[T+793228281us][CH2-Pc    ] 05
[T+793403414us][CH1-Dispenser] 06
[T+793403282us][CH2-Pc    ] 06
[T+793577280us][CH2-Pc    ] 01
[T+793582280us][CH1-Dispenser] 01 61
[T+793645280us][CH2-Pc    ] 02
[T+793654288us][CH1-Dispenser] 02 62
[T+793672280us][CH2-Pc    ] 42
[T+793721280us][CH1-Dispenser] 42 FF F1 F8 EB E1 E0 E0 E0 F6 E0 F4 F7 E0 E3 E1 E1 F9 E0 E0 E0 E0 E3 E0 FA E0 E0 E9 E3 E3 E0 FB E6 F0
[T+793744411us][CH1-Dispenser] 52
[T+793744281us][CH2-Pc    ] 52
[T+793880306us][CH1-Dispenser] FF F6 E0 F9 E4 E4 E8 E5 E5 E0 E7 E2 FA E6 E1 E3 E6 E3 E5 E7 E8 F4 E0 E3 E1 E1 F5 E0 E0 E0 E0 F6 E1 F9 E6 E9 E8 E0 E4 E0 E6 E3 FA E2 E4 E6 E5 E1 E0 E7 E8 F4 E0 E0 E1 E1 F5 E0 E0 E0 E0 F6 E2 F9 E2 E1 E3 E5 E8 E4 E9 E9 FA E0 E5 E9 E6 E3 E2 E2 E8 F4 E0 E3 E4 E1 F5 E0 E0 E0 E0 FB E3 F0
[T+793953280us][CH2-Pc    ] 03
[T+793960281us][CH1-Dispenser] 03 73
[T+793981280us][CH2-Pc    ] 23
[T+793989321us][CH1-Dispenser] 23 D3
[T+794002415us][CH1-Dispenser] FF
[T+794002282us][CH2-Pc    ] FF
[T+794015427us][CH1-Dispenser] E9
[T+794015288us][CH2-Pc    ] E9
[T+794028425us][CH1-Dispenser] FE
[T+794028285us][CH2-Pc    ] FE
[T+794042422us][CH1-Dispenser] E0
[T+794042283us][CH2-Pc    ] E0
[T+794067412us][CH1-Dispenser] E1 E0
[T+794067281us][CH2-Pc    ] E1 E0
[T+794080427us][CH1-Dispenser] FB
[T+794080286us][CH2-Pc    ] FB
[T+794093421us][CH1-Dispenser] EE
[T+794093284us][CH2-Pc    ] EE
[T+794106280us][CH2-Pc    ] F0
[T+794139280us][CH1-Dispenser] F0 BA B0 B3 B3 B0 B1 B0 B0 B0 B0 B1 B1 B1 B1 B1 B9 C1 8D 8A
[T+794207306us][CH2-Pc    ] 04
[T+794214288us][CH1-Dispenser] 04 64
[T+794285282us][CH2-Pc    ] 05
[T+794286281us][CH1-Dispenser] 05
[T+794468413us][CH1-Dispenser] 06
[T+794468281us][CH2-Pc    ] 06
[T+794632305us][CH2-Pc    ] 01
[T+794638280us][CH1-Dispenser] 01 61
[T+794710305us][CH2-Pc    ] 02
[T+794719879us][CH1-Dispenser] 02 62
[T+794738281us][CH2-Pc    ] 42
[T+794788280us][CH1-Dispenser] 42 FF F1 F8 EB E1 E0 E0 E0 F6 E0 F4 F7 E0 E3 E1 E1 F9 E0 E0 E0 E0 E3 E0 FA E0 E0 E9 E3 E3 E0 FB E6 F0
[T+794810415us][CH1-Dispenser] 52
[T+794810281us][CH2-Pc    ] 52
[T+794942305us][CH1-Dispenser] FF F6 E0 F9 E4 E4 E8 E5 E5 E0 E7 E2 FA E6 E1 E3 E6 E3 E5 E7 E8 F4 E0 E3 E1 E1 F5 E0 E0 E0 E0 F6 E1 F9 E6 E9 E8 E0 E4 E0 E6 E3 FA E2 E4 E6 E5 E1 E0 E7 E8 F4 E0 E0 E1 E1 F5 E0 E0 E0 E0 F6 E2 F9 E2 E1 E3 E5 E8 E4 E9 E9 FA E0 E5 E9 E6 E3 E2 E2 E8 F4 E0 E3 E4 E1 F5 E0 E0 E0 E0 FB E3 F0
[T+795021280us][CH2-Pc    ] 03
[T+795032280us][CH1-Dispenser] 03 73
[T+795048306us][CH2-Pc    ] 23
[T+795054288us][CH1-Dispenser] 23 D3
[T+795070410us][CH1-Dispenser] FF
[T+795070281us][CH2-Pc    ] FF
[T+795091413us][CH1-Dispenser] E9
[T+795091281us][CH2-Pc    ] E9
[T+795113280us][CH1-Dispenser] FE
[T+795112280us][CH2-Pc    ] FE
[T+795134408us][CH1-Dispenser] E0
[T+795134281us][CH2-Pc    ] E0
[T+795155412us][CH1-Dispenser] E1
[T+795155281us][CH2-Pc    ] E1
[T+795177412us][CH1-Dispenser] E0
[T+795177281us][CH2-Pc    ] E0
[T+795199420us][CH1-Dispenser] FB
[T+795199285us][CH2-Pc    ] FB
[T+795220412us][CH1-Dispenser] EE
[T+795220281us][CH2-Pc    ] EE
[T+795242280us][CH2-Pc    ] F0
[T+795272280us][CH1-Dispenser] F0 BA B0 B3 B3 B0 B1 B0 B0 B0 B0 B1 B1 B1 B1 B1 B9 C1 8D 8A
[T+795291280us][CH2-Pc    ] 23
[T+795299321us][CH1-Dispenser] 23 D3
[T+795313414us][CH1-Dispenser] FF
[T+795313281us][CH2-Pc    ] FF
[T+795334412us][CH1-Dispenser] E5
[T+795334281us][CH2-Pc    ] E5
[T+795356410us][CH1-Dispenser] F4
[T+795356281us][CH2-Pc    ] F4
[T+795377451us][CH1-Dispenser] F6
[T+795377317us][CH2-Pc    ] F6
[T+795399412us][CH1-Dispenser] E0
[T+795399281us][CH2-Pc    ] E0
[T+795420410us][CH1-Dispenser] F7
[T+795420281us][CH2-Pc    ] F7
[T+795442421us][CH1-Dispenser] E0
[T+795442282us][CH2-Pc    ] E0
[T+795463412us][CH1-Dispenser] E3
[T+795463281us][CH2-Pc    ] E3
[T+795485412us][CH1-Dispenser] E1
[T+795485281us][CH2-Pc    ] E1
[T+795506419us][CH1-Dispenser] E1
[T+795506282us][CH2-Pc    ] E1
[T+795528410us][CH1-Dispenser] FB
[T+795528281us][CH2-Pc    ] FB
[T+795549408us][CH1-Dispenser] EB
[T+795549281us][CH2-Pc    ] EB
[T+795571412us][CH1-Dispenser] F0
[T+795571281us][CH2-Pc    ] F0
[T+795668280us][CH2-Pc    ] 03
[T+795676305us][CH1-Dispenser] 03 73
[T+795696304us][CH2-Pc    ] 23
[T+795717281us][CH1-Dispenser] 23 D3 FF
[T+795717417us][CH2-Pc    ] FF
[T+795739418us][CH1-Dispenser] E5
[T+795739285us][CH2-Pc    ] E5
[T+795760412us][CH1-Dispenser] F2
[T+795760281us][CH2-Pc    ] F2
[T+795782413us][CH1-Dispenser] F8
[T+795782281us][CH2-Pc    ] F8
[T+795803413us][CH1-Dispenser] E0
[T+795803281us][CH2-Pc    ] E0
[T+795825414us][CH1-Dispenser] E0
[T+795825281us][CH2-Pc    ] E0
[T+795846408us][CH1-Dispenser] E0
[T+795846281us][CH2-Pc    ] E0
[T+795868280us][CH1-Dispenser] E0
[T+795867280us][CH2-Pc    ] E0
[T+795889410us][CH1-Dispenser] E1
[T+795889281us][CH2-Pc    ] E1
[T+795911411us][CH1-Dispenser] E0
[T+795911281us][CH2-Pc    ] E0
[T+795932412us][CH1-Dispenser] FB
[T+795932281us][CH2-Pc    ] FB
[T+795953410us][CH1-Dispenser] E6
[T+795953281us][CH2-Pc    ] E6
[T+795975407us][CH1-Dispenser] F0
[T+795975281us][CH2-Pc    ] F0
[T+796072281us][CH2-Pc    ] 03
[T+796081280us][CH1-Dispenser] 03 73
[T+796101421us][CH1-Dispenser] 13
[T+796101284us][CH2-Pc    ] 13
[T+796187280us][CH2-Pc    ] 03
[T+796195321us][CH1-Dispenser] 03 93
[T+796265280us][CH2-Pc    ] 04
[T+796270280us][CH1-Dispenser] 04 64
[T+796343416us][CH1-Dispenser] 05
[T+796343283us][CH2-Pc    ] 05
[T+796507418us][CH1-Dispenser] 06
[T+796507282us][CH2-Pc    ] 06
[T+796682280us][CH2-Pc    ] 01
[T+796687920us][CH1-Dispenser] 01 61
[T+796760280us][CH2-Pc    ] 02
[T+796770288us][CH1-Dispenser] 02 62
[T+796838567us][CH2-Pc    ] 03
[T+796847280us][CH1-Dispenser] 03 93
[T+797419280us][CH2-Pc    ] 04
[T+797425280us][CH1-Dispenser] 04 64
[T+797496412us][CH1-Dispenser] 05
[T+797496281us][CH2-Pc    ] 05
[T+797672413us][CH1-Dispenser] 06
[T+797672281us][CH2-Pc    ] 06
[T+797835280us][CH2-Pc    ] 01
[T+797842288us][CH1-Dispenser] 01 61
[T+797913280us][CH2-Pc    ] 02
[T+797918280us][CH1-Dispenser] 02 62
[T+797992280us][CH2-Pc    ] 03
[T+798000971us][CH1-Dispenser] 03 93
[T+798019280us][CH2-Pc    ] 63
[T+798033280us][CH1-Dispenser] 63 E0 E0 E0 E0 E0 E0
[T+798104280us][CH2-Pc    ] 04
[T+798111321us][CH1-Dispenser] 04 64
[T+798182412us][CH1-Dispenser] 05
[T+798182281us][CH2-Pc    ] 05
[T+798358413us][CH1-Dispenser] 06
[T+798358281us][CH2-Pc    ] 06
[T+798525281us][CH2-Pc    ] 01
[T+798533345us][CH1-Dispenser] 01 61
[T+798604280us][CH2-Pc    ] 02
[T+798612305us][CH1-Dispenser] 02 62
[T+798683282us][CH2-Pc    ] 03
[T+798691321us][CH1-Dispenser] 03 93
[T+798710280us][CH2-Pc    ] 63
[T+798724280us][CH1-Dispenser] 63 E0 E0 E0 E0 E0 E0
[T+798789280us][CH2-Pc    ] 04
[T+798796599us][CH1-Dispenser] 04 64
[T+798867417us][CH1-Dispenser] 05
[T+798867281us][CH2-Pc    ] 05
[T+799042416us][CH1-Dispenser] 06
[T+799042282us][CH2-Pc    ] 06
[T+799219280us][CH2-Pc    ] 01
[T+799228280us][CH1-Dispenser] 01 61
[T+799297280us][CH2-Pc    ] 02
[T+799302280us][CH1-Dispenser] 02 62
[T+799375281us][CH2-Pc    ] 03
[T+799380281us][CH1-Dispenser] 03 93
[T+799403280us][CH2-Pc    ] 63
[T+799418281us][CH1-Dispenser] 63 E0 E0 E0 E0 E0 E0
[T+799491280us][CH2-Pc    ] 04
[T+799501486us][CH1-Dispenser] 04 64
[T+799570280us][CH1-Dispenser] 05
[T+799569280us][CH2-Pc    ] 05
[T+799744417us][CH1-Dispenser] 06
[T+799744281us][CH2-Pc    ] 06
[T+799921280us][CH2-Pc    ] 01
[T+799927281us][CH1-Dispenser] 01 61
[T+799999305us][CH2-Pc    ] 02
[T+800009280us][CH1-Dispenser] 02 62
[T+800077304us][CH2-Pc    ] 03
[T+800085321us][CH1-Dispenser] 03 93
[T+800136280us][CH2-Pc    ] 63
[T+800152304us][CH1-Dispenser] 63 E6 E2 E2 E0 E0 E0
[T+800238280us][CH2-Pc    ] 04
[T+800246960us][CH1-Dispenser] 04 64
[T+800317411us][CH1-Dispenser] 05
[T+800317281us][CH2-Pc    ] 05
[T+800491413us][CH1-Dispenser] 06
[T+800491281us][CH2-Pc    ] 06
[T+800666280us][CH2-Pc    ] 01
[T+800673923us][CH1-Dispenser] 01 61
[T+800744281us][CH2-Pc    ] 02
[T+800752321us][CH1-Dispenser] 02 62
[T+800822280us][CH2-Pc    ] 03
[T+800833280us][CH1-Dispenser] 03 93
[T+800850280us][CH2-Pc    ] 63
[T+800861815us][CH1-Dispenser] 63 E6 E9 E3 E0 E0 E0
[T+800929304us][CH2-Pc    ] 04
[T+800935281us][CH1-Dispenser] 04 64
[T+801007418us][CH1-Dispenser] 05
[T+801007281us][CH2-Pc    ] 05
[T+801182412us][CH1-Dispenser] 06
[T+801182281us][CH2-Pc    ] 06
[T+801357280us][CH2-Pc    ] 01
[T+801363288us][CH1-Dispenser] 01 61
[T+801435306us][CH2-Pc    ] 02
[T+801444878us][CH1-Dispenser] 02 62
[T+801513280us][CH2-Pc    ] 03
[T+801520281us][CH1-Dispenser] 03 93
[T+801540304us][CH2-Pc    ] 63
[T+801553319us][CH1-Dispenser] 63 E3 E3 E6 E0 E0 E0
[T+801619280us][CH2-Pc    ] 04
[T+801627321us][CH1-Dispenser] 04 64
[T+801696413us][CH1-Dispenser] 05
[T+801696283us][CH2-Pc    ] 05
[T+801871414us][CH1-Dispenser] 06
[T+801871281us][CH2-Pc    ] 06
[T+802046281us][CH2-Pc    ] 01
[T+802053288us][CH1-Dispenser] 01 61
[T+802124280us][CH2-Pc    ] 02
[T+802133281us][CH1-Dispenser] 02 62
[T+802202280us][CH2-Pc    ] 03
[T+802213892us][CH1-Dispenser] 03 93
[T+802230280us][CH2-Pc    ] 63
[T+802242319us][CH1-Dispenser] 63 E2 E6 E0 E1 E0 E0
[T+802309281us][CH2-Pc    ] 04
[T+802314281us][CH1-Dispenser] 04 64
[T+802387412us][CH1-Dispenser] 05
[T+802387281us][CH2-Pc    ] 05
[T+802562414us][CH1-Dispenser] 06
[T+802562282us][CH2-Pc    ] 06
[T+802726304us][CH2-Pc    ] 01
[T+802735280us][CH1-Dispenser] 01 61
[T+802804280us][CH2-Pc    ] 02
[T+802816321us][CH1-Dispenser] 02 62
[T+802882280us][CH2-Pc    ] 03
[T+802891285us][CH1-Dispenser] 03 93
[T+802909280us][CH2-Pc    ] 63
[T+802922281us][CH1-Dispenser] 63 E6 E2 E5 E1 E0 E0
[T+802988281us][CH2-Pc    ] 04
[T+802996321us][CH1-Dispenser] 04 64
[T+803067412us][CH1-Dispenser] 05
[T+803067281us][CH2-Pc    ] 05
[T+803241412us][CH1-Dispenser] 06
[T+803241281us][CH2-Pc    ] 06
[T+803416280us][CH2-Pc    ] 01
[T+803423280us][CH1-Dispenser] 01 61
[T+803494280us][CH2-Pc    ] 02
[T+803502983us][CH1-Dispenser] 02 62
[T+803572280us][CH2-Pc    ] 03
[T+803582280us][CH1-Dispenser] 03 93
[T+803600281us][CH2-Pc    ] 63
[T+803611281us][CH1-Dispenser] 63 E4 E4 E9 E1 E0 E0
[T+803679305us][CH2-Pc    ] 04
[T+803685280us][CH1-Dispenser] 04 64
[T+803757418us][CH1-Dispenser] 05
[T+803757281us][CH2-Pc    ] 05
[T+803928412us][CH1-Dispenser] 06
[T+803928281us][CH2-Pc    ] 06
[T+804099280us][CH2-Pc    ] 01
[T+804104918us][CH1-Dispenser] 01 61
[T+804177280us][CH2-Pc    ] 02
[T+804185305us][CH1-Dispenser] 02 62
[T+804255280us][CH2-Pc    ] 03
[T+804260280us][CH1-Dispenser] 03 93
[T+804285280us][CH2-Pc    ] 63
[T+804296280us][CH1-Dispenser] 63 E3 E7 E3 E2 E0 E0
[T+804363280us][CH2-Pc    ] 04
[T+804372923us][CH1-Dispenser] 04 64
[T+804454412us][CH1-Dispenser] 05
[T+804454281us][CH2-Pc    ] 05
[T+804640413us][CH1-Dispenser] 06
[T+804640281us][CH2-Pc    ] 06
[T+804806280us][CH2-Pc    ] 01
[T+804814955us][CH1-Dispenser] 01 61
[T+804880281us][CH2-Pc    ] 02
[T+804888321us][CH1-Dispenser] 02 62
[T+804958280us][CH2-Pc    ] 03
[T+804967281us][CH1-Dispenser] 03 93
[T+804985280us][CH2-Pc    ] 63
[T+804998280us][CH1-Dispenser] 63 E8 E4 E8 E2 E0 E0
[T+805067280us][CH2-Pc    ] 04
[T+805075321us][CH1-Dispenser] 04 64
[T+805146412us][CH1-Dispenser] 05
[T+805146281us][CH2-Pc    ] 05
[T+805320412us][CH1-Dispenser] 06
[T+805320281us][CH2-Pc    ] 06
[T+805496304us][CH2-Pc    ] 01
[T+805505063us][CH1-Dispenser] 01 61
[T+805573305us][CH2-Pc    ] 02
[T+805580281us][CH1-Dispenser] 02 62
[T+805651280us][CH2-Pc    ] 03
[T+805661285us][CH1-Dispenser] 03 93
[T+805679281us][CH2-Pc    ] 63
[T+805692280us][CH1-Dispenser] 63 E0 E0 E3 E3 E0 E0
[T+805757280us][CH2-Pc    ] 04
[T+805766281us][CH1-Dispenser] 04 64
[T+805835414us][CH1-Dispenser] 05
[T+805835281us][CH2-Pc    ] 05
[T+806010418us][CH1-Dispenser] 06
[T+806010282us][CH2-Pc    ] 06
[T+806185280us][CH2-Pc    ] 01
[T+806192583us][CH1-Dispenser] 01 61
[T+806263280us][CH2-Pc    ] 02
[T+806270280us][CH1-Dispenser] 02 62
[T+806341280us][CH2-Pc    ] 03
[T+806346280us][CH1-Dispenser] 03 93
[T+806368280us][CH2-Pc    ] 63
[T+806383280us][CH1-Dispenser] 63 E0 E4 E7 E3 E0 E0
[T+806447305us][CH2-Pc    ] 04
[T+806455419us][CH1-Dispenser] 04 64
[T+806526412us][CH1-Dispenser] 05
[T+806526281us][CH2-Pc    ] 05
[T+806700414us][CH1-Dispenser] 06
[T+806700282us][CH2-Pc    ] 06
[T+806867280us][CH2-Pc    ] 01
[T+806876067us][CH1-Dispenser] 01 61
[T+806945280us][CH2-Pc    ] 02
[T+806954280us][CH1-Dispenser] 02 62
[T+807023281us][CH2-Pc    ] 03
[T+807030288us][CH1-Dispenser] 03 93
[T+807051280us][CH2-Pc    ] 63
[T+807062280us][CH1-Dispenser] 63 E8 E3 E2 E4 E0 E0
[T+807129280us][CH2-Pc    ] 04
[T+807138917us][CH1-Dispenser] 04 64
[T+807207413us][CH1-Dispenser] 05
[T+807207281us][CH2-Pc    ] 05
[T+807382415us][CH1-Dispenser] 06
[T+807382282us][CH2-Pc    ] 06
[T+807557280us][CH2-Pc    ] 01
[T+807564280us][CH1-Dispenser] 01 61
[T+807635280us][CH2-Pc    ] 02
[T+807644224us][CH1-Dispenser] 02 62
[T+807713280us][CH2-Pc    ] 03
[T+807722656us][CH1-Dispenser] 03 93
[T+807740280us][CH2-Pc    ] 63
[T+807751285us][CH1-Dispenser] 63 E0 E9 E6 E4 E0 E0
[T+807860280us][CH2-Pc    ] 04
[T+807867280us][CH1-Dispenser] 04 64
[T+807938412us][CH1-Dispenser] 05
[T+807938281us][CH2-Pc    ] 05
[T+808145416us][CH1-Dispenser] 06
[T+808145281us][CH2-Pc    ] 06
[T+808328280us][CH2-Pc    ] 01
[T+808333280us][CH1-Dispenser] 01 61
[T+808406280us][CH2-Pc    ] 02
[T+808414311us][CH1-Dispenser] 02 62
[T+808485280us][CH2-Pc    ] 03
[T+808492888us][CH1-Dispenser] 03 93
[T+808512317us][CH2-Pc    ] 63
[T+808527280us][CH1-Dispenser] 63 E3 E4 E2 E5 E0 E0
[T+808602280us][CH2-Pc    ] 04
[T+808610305us][CH1-Dispenser] 04 64
[T+808680414us][CH1-Dispenser] 05
[T+808680281us][CH2-Pc    ] 05
[T+808855414us][CH1-Dispenser] 06
[T+808855281us][CH2-Pc    ] 06
[T+809030280us][CH2-Pc    ] 01
[T+809039432us][CH1-Dispenser] 01 61
[T+809108281us][CH2-Pc    ] 02
[T+809115288us][CH1-Dispenser] 02 62
[T+809187305us][CH2-Pc    ] 03
[T+809197288us][CH1-Dispenser] 03 93
[T+809214280us][CH2-Pc    ] 63
[T+809230311us][CH1-Dispenser] 63 E8 E1 E7 E5 E0 E0
[T+809318304us][CH2-Pc    ] 04
[T+809326321us][CH1-Dispenser] 04 64
[T+809396412us][CH1-Dispenser] 05
[T+809396281us][CH2-Pc    ] 05
[T+809571415us][CH1-Dispenser] 06
[T+809571281us][CH2-Pc    ] 06
[T+809746280us][CH2-Pc    ] 01
[T+809753288us][CH1-Dispenser] 01 61
[T+809824280us][CH2-Pc    ] 02
[T+809834288us][CH1-Dispenser] 02 62
[T+809902305us][CH2-Pc    ] 03
[T+809912280us][CH1-Dispenser] 03 93
[T+809930280us][CH2-Pc    ] 63
[T+809944280us][CH1-Dispenser] 63 E8 E1 E7 E5 E0 E0
[T+810008305us][CH2-Pc    ] 04
[T+810018281us][CH1-Dispenser] 04 64
[T+810086412us][CH1-Dispenser] 05
[T+810086281us][CH2-Pc    ] 05
[T+810261419us][CH1-Dispenser] 06
[T+810261282us][CH2-Pc    ] 06
[T+810433281us][CH2-Pc    ] 01
[T+810439280us][CH1-Dispenser] 01 61
[T+810511305us][CH2-Pc    ] 02
[T+810519325us][CH1-Dispenser] 02 62
[T+810589281us][CH2-Pc    ] 03
[T+810597321us][CH1-Dispenser] 03 93
[T+810616987us][CH2-Pc    ] 63
[T+810628304us][CH1-Dispenser] 63 E8 E1 E7 E5 E0 E0
[T+810696281us][CH2-Pc    ] 04
[T+810700309us][CH1-Dispenser] 04 64
[T+810774415us][CH1-Dispenser] 05
[T+810774281us][CH2-Pc    ] 05
[T+810949412us][CH1-Dispenser] 06
[T+810949281us][CH2-Pc    ] 06
[T+811123280us][CH2-Pc    ] 01
[T+811129281us][CH1-Dispenser] 01 61
[T+811201305us][CH2-Pc    ] 02
[T+811209321us][CH1-Dispenser] 02 62
[T+811279283us][CH2-Pc    ] 03
[T+811288281us][CH1-Dispenser] 03 93
[T+811307280us][CH2-Pc    ] 63
[T+811317288us][CH1-Dispenser] 63 E8 E1 E7 E5 E0 E0
[T+811385306us][CH2-Pc    ] 04
[T+811391280us][CH1-Dispenser] 04 64
[T+811463412us][CH1-Dispenser] 05
[T+811463281us][CH2-Pc    ] 05
[T+811638416us][CH1-Dispenser] 06
[T+811638282us][CH2-Pc    ] 06
[T+811802304us][CH2-Pc    ] 01
[T+811809281us][CH1-Dispenser] 01 61
[T+811880280us][CH2-Pc    ] 02
[T+811890281us][CH1-Dispenser] 02 62
[T+811958307us][CH2-Pc    ] 03
[T+811967280us][CH1-Dispenser] 03 93
[T+811985280us][CH2-Pc    ] 63
[T+811997319us][CH1-Dispenser] 63 E8 E1 E7 E5 E0 E0
[T+812064280us][CH2-Pc    ] 04
[T+812073281us][CH1-Dispenser] 04 64
[T+812142413us][CH1-Dispenser] 05
[T+812142281us][CH2-Pc    ] 05
[T+812323415us][CH1-Dispenser] 06
[T+812323281us][CH2-Pc    ] 06
[T+812491304us][CH2-Pc    ] 01
[T+812499305us][CH1-Dispenser] 01 61
[T+812569280us][CH2-Pc    ] 02
[T+812573309us][CH1-Dispenser] 02 62
[T+812637280us][CH2-Pc    ] 03
[T+812640280us][CH1-Dispenser] 03 93
[T+812653280us][CH2-Pc    ] 63
[T+812668280us][CH1-Dispenser] 63 E8 E1 E7 E5 E0 E0
[T+812731280us][CH2-Pc    ] 04
[T+812736280us][CH1-Dispenser] 04 64
[T+812810419us][CH1-Dispenser] 05
[T+812810282us][CH2-Pc    ] 05
[T+812974412us][CH1-Dispenser] 06
[T+812974281us][CH2-Pc    ] 06
[T+813149281us][CH2-Pc    ] 01
[T+813155930us][CH1-Dispenser] 01 61
[T+813227309us][CH2-Pc    ] 02
[T+813234288us][CH1-Dispenser] 02 62
[T+813306304us][CH2-Pc    ] 03
[T+813311280us][CH1-Dispenser] 03 93
[T+813333280us][CH2-Pc    ] 63
[T+813347280us][CH1-Dispenser] 63 E8 E1 E7 E5 E0 E0
[T+813412281us][CH2-Pc    ] 04
[T+813423281us][CH1-Dispenser] 04 64
[T+813490413us][CH1-Dispenser] 05
[T+813490281us][CH2-Pc    ] 05
[T+813665413us][CH1-Dispenser] 06
[T+813665281us][CH2-Pc    ] 06
[T+813843282us][CH1-Dispenser] 01 61
[T+813840280us][CH2-Pc    ] 01
[T+813909280us][CH2-Pc    ] 02
[T+813915281us][CH1-Dispenser] 02 62
[T+813987306us][CH2-Pc    ] 03
[T+813997285us][CH1-Dispenser] 03 93
[T+814015280us][CH2-Pc    ] 63
[T+814027304us][CH1-Dispenser] 63 E8 E1 E7 E5 E0 E0
[T+814094280us][CH2-Pc    ] 04
[T+814101280us][CH1-Dispenser] 04 64
[T+814172413us][CH1-Dispenser] 05
[T+814172281us][CH2-Pc    ] 05
[T+814357280us][CH2-Pc    ] 06
[T+814358280us][CH1-Dispenser] 06
[T+814521280us][CH2-Pc    ] 01
[T+814528281us][CH1-Dispenser] 01 61
[T+814600281us][CH2-Pc    ] 02
[T+814603280us][CH1-Dispenser] 02 62
[T+814667306us][CH2-Pc    ] 03
[T+814676281us][CH1-Dispenser] 03 93
[T+814694281us][CH2-Pc    ] 63
[T+814707280us][CH1-Dispenser] 63 E8 E1 E7 E5 E0 E0
[T+814775306us][CH2-Pc    ] 04
[T+814781281us][CH1-Dispenser] 04 64
[T+814854412us][CH1-Dispenser] 05
[T+814854281us][CH2-Pc    ] 05
[T+815028413us][CH1-Dispenser] 06
[T+815028281us][CH2-Pc    ] 06
[T+815192304us][CH2-Pc    ] 01
[T+815198281us][CH1-Dispenser] 01 61
[T+815270305us][CH2-Pc    ] 02
[T+815279280us][CH1-Dispenser] 02 62
[T+815348280us][CH2-Pc    ] 03
[T+815356789us][CH1-Dispenser] 03 93
[T+815376312us][CH2-Pc    ] 63
[T+815389280us][CH1-Dispenser] 63 E8 E1 E7 E5 E0 E0
[T+815454280us][CH2-Pc    ] 04
[T+815463280us][CH1-Dispenser] 04 64
[T+815532413us][CH1-Dispenser] 05
[T+815532281us][CH2-Pc    ] 05
[T+815718416us][CH1-Dispenser] 06
[T+815718281us][CH2-Pc    ] 06
[T+815882304us][CH2-Pc    ] 01
[T+815888281us][CH1-Dispenser] 01 61
[T+815960305us][CH2-Pc    ] 02
[T+815969280us][CH1-Dispenser] 02 62
[T+816038280us][CH2-Pc    ] 03
[T+816047281us][CH1-Dispenser] 03 93
[T+816065280us][CH2-Pc    ] 63
[T+816078280us][CH1-Dispenser] 63 E8 E1 E7 E5 E0 E0
[T+816151281us][CH2-Pc    ] 04
[T+816157906us][CH1-Dispenser] 04 64
[T+816229412us][CH1-Dispenser] 05
[T+816229281us][CH2-Pc    ] 05
[T+816404416us][CH1-Dispenser] 06
[T+816404281us][CH2-Pc    ] 06
[T+816568305us][CH2-Pc    ] 01
[T+816573916us][CH1-Dispenser] 01 61
[T+816646280us][CH2-Pc    ] 02
[T+816654305us][CH1-Dispenser] 02 62
[T+816725280us][CH2-Pc    ] 03
[T+816730280us][CH1-Dispenser] 03 93
[T+816752280us][CH2-Pc    ] 63
[T+816763285us][CH1-Dispenser] 63 E8 E1 E7 E5 E0 E0
[T+816831304us][CH2-Pc    ] 04
[T+816839321us][CH1-Dispenser] 04 64
[T+816909416us][CH1-Dispenser] 05
[T+816909283us][CH2-Pc    ] 05
[T+817084415us][CH1-Dispenser] 06
[T+817084282us][CH2-Pc    ] 06
[T+817259280us][CH2-Pc    ] 01
[T+817265280us][CH1-Dispenser] 01 61
[T+817337305us][CH2-Pc    ] 02
[T+817344281us][CH1-Dispenser] 02 62
[T+817415280us][CH2-Pc    ] 03
[T+817423350us][CH1-Dispenser] 03 93
[T+817442280us][CH2-Pc    ] 63
[T+817457284us][CH1-Dispenser] 63 E8 E0 E8 E5 E0 E0
[T+817540281us][CH2-Pc    ] 04
[T+817548321us][CH1-Dispenser] 04 64
[T+817618412us][CH1-Dispenser] 05
[T+817618281us][CH2-Pc    ] 05
[T+817793412us][CH1-Dispenser] 06
[T+817793281us][CH2-Pc    ] 06
[T+817968280us][CH2-Pc    ] 01
[T+817975280us][CH1-Dispenser] 01 61
[T+818046280us][CH2-Pc    ] 02
[T+818054963us][CH1-Dispenser] 02 62
[T+818130305us][CH2-Pc    ] 03
[T+818137430us][CH1-Dispenser] 03 93
[T+818157306us][CH2-Pc    ] 63
[T+818173305us][CH1-Dispenser] 63 E0 E7 E1 E6 E0 E0
[T+818246280us][CH2-Pc    ] 04
[T+818251280us][CH1-Dispenser] 04 64
[T+818324412us][CH1-Dispenser] 05
[T+818324281us][CH2-Pc    ] 05
[T+818499413us][CH1-Dispenser] 06
[T+818499281us][CH2-Pc    ] 06
[T+818663305us][CH2-Pc    ] 01
[T+818670280us][CH1-Dispenser] 01 61
[T+818741280us][CH2-Pc    ] 02
[T+818749917us][CH1-Dispenser] 02 62
[T+818819280us][CH2-Pc    ] 03
[T+818826893us][CH1-Dispenser] 03 93
[T+818844280us][CH2-Pc    ] 63
[T+818857281us][CH1-Dispenser] 63 E5 E7 E4 E6 E0 E0
[T+818922280us][CH2-Pc    ] 04
[T+818926310us][CH1-Dispenser] 04 64
[T+818989412us][CH1-Dispenser] 05
[T+818989281us][CH2-Pc    ] 05
[T+819164417us][CH1-Dispenser] 06
[T+819164281us][CH2-Pc    ] 06
[T+819339280us][CH2-Pc    ] 01
[T+819344280us][CH1-Dispenser] 01 61
[T+819417281us][CH2-Pc    ] 02
[T+819423882us][CH1-Dispenser] 02 62
[T+819495305us][CH2-Pc    ] 03
[T+819502288us][CH1-Dispenser] 03 93
[T+819522304us][CH2-Pc    ] 63
[T+819539280us][CH1-Dispenser] 63 E0 E8 E7 E6 E0 E0
[T+819612280us][CH2-Pc    ] 04
[T+819622285us][CH1-Dispenser] 04 64
[T+819690417us][CH1-Dispenser] 05
[T+819690281us][CH2-Pc    ] 05
[T+819865415us][CH1-Dispenser] 06
[T+819865281us][CH2-Pc    ] 06
[T+820040281us][CH2-Pc    ] 01
[T+820045281us][CH1-Dispenser] 01 61
[T+820118280us][CH2-Pc    ] 02
[T+820124288us][CH1-Dispenser] 02 62
[T+820196305us][CH2-Pc    ] 03
[T+820202280us][CH1-Dispenser] 03 93
[T+820224280us][CH2-Pc    ] 63
[T+820240306us][CH1-Dispenser] 63 E9 E1 E1 E7 E0 E0
[T+820313281us][CH2-Pc    ] 04
[T+820321321us][CH1-Dispenser] 04 64
[T+820391417us][CH1-Dispenser] 05
[T+820391282us][CH2-Pc    ] 05
[T+820577419us][CH1-Dispenser] 06
[T+820577281us][CH2-Pc    ] 06
[T+820741304us][CH2-Pc    ] 01
[T+820750280us][CH1-Dispenser] 01 61
[T+820819280us][CH2-Pc    ] 02
[T+820825280us][CH1-Dispenser] 02 62
[T+820897304us][CH2-Pc    ] 03
[T+820907281us][CH1-Dispenser] 03 93
[T+820925280us][CH2-Pc    ] 63
[T+820938280us][CH1-Dispenser] 63 E5 E3 E4 E7 E0 E0
[T+821004280us][CH2-Pc    ] 04
[T+821012321us][CH1-Dispenser] 04 64
[T+821082417us][CH1-Dispenser] 05
[T+821082281us][CH2-Pc    ] 05
[T+821257418us][CH1-Dispenser] 06
[T+821257281us][CH2-Pc    ] 06
[T+821431280us][CH2-Pc    ] 01
[T+821440281us][CH1-Dispenser] 01 61
[T+821510280us][CH2-Pc    ] 02
[T+821514310us][CH1-Dispenser] 02 62
[T+821577280us][CH2-Pc    ] 03
[T+821582280us][CH1-Dispenser] 03 93
[T+821604280us][CH2-Pc    ] 63
[T+821620306us][CH1-Dispenser] 63 E2 E5 E7 E7 E0 E0
[T+821693281us][CH2-Pc    ] 04
[T+821701321us][CH1-Dispenser] 04 64
[T+821771414us][CH1-Dispenser] 05
[T+821771281us][CH2-Pc    ] 05
[T+821946414us][CH1-Dispenser] 06
[T+821946281us][CH2-Pc    ] 06
[T+822121280us][CH2-Pc    ] 01
[T+822130927us][CH1-Dispenser] 01 61
[T+822199304us][CH2-Pc    ] 02
[T+822207305us][CH1-Dispenser] 02 62
[T+822277280us][CH2-Pc    ] 03
[T+822283280us][CH1-Dispenser] 03 93
[T+822304280us][CH2-Pc    ] 63
[T+822318288us][CH1-Dispenser] 63 E1 E9 E0 E8 E0 E0
[T+822384280us][CH2-Pc    ] 04
[T+822392321us][CH1-Dispenser] 04 64
[T+822462412us][CH1-Dispenser] 05
[T+822462281us][CH2-Pc    ] 05
[T+822636413us][CH1-Dispenser] 06
[T+822636281us][CH2-Pc    ] 06
[T+822812305us][CH2-Pc    ] 01
[T+822820305us][CH1-Dispenser] 01 61
[T+822889280us][CH2-Pc    ] 02
[T+822894280us][CH1-Dispenser] 02 62
[T+822967280us][CH2-Pc    ] 03
[T+822979315us][CH1-Dispenser] 03 93
[T+822995304us][CH2-Pc    ] 63
[T+823010280us][CH1-Dispenser] 63 E6 E9 E3 E8 E0 E0
[T+823085280us][CH2-Pc    ] 04
[T+823093305us][CH1-Dispenser] 04 64
[T+823163412us][CH1-Dispenser] 05
[T+823163281us][CH2-Pc    ] 05
[T+823338416us][CH1-Dispenser] 06
[T+823338281us][CH2-Pc    ] 06
[T+823512280us][CH2-Pc    ] 01
[T+823519280us][CH1-Dispenser] 01 61
[T+823583304us][CH2-Pc    ] 02
[T+823591321us][CH1-Dispenser] 02 62
[T+823661280us][CH2-Pc    ] 03
[T+823666280us][CH1-Dispenser] 03 93
[T+823688280us][CH2-Pc    ] 63
[T+823703281us][CH1-Dispenser] 63 E4 E2 E7 E8 E0 E0
[T+823767305us][CH2-Pc    ] 04
[T+823771314us][CH1-Dispenser] 04 64
[T+823835412us][CH1-Dispenser] 05
[T+823835281us][CH2-Pc    ] 05
[T+824009420us][CH1-Dispenser] 06
[T+824009284us][CH2-Pc    ] 06
[T+824184281us][CH2-Pc    ] 01
[T+824189280us][CH1-Dispenser] 01 61
[T+824262280us][CH2-Pc    ] 02
[T+824269281us][CH1-Dispenser] 02 62
[T+824340280us][CH2-Pc    ] 03
[T+824346281us][CH1-Dispenser] 03 93
[T+824364280us][CH2-Pc    ] 63
[T+824377280us][CH1-Dispenser] 63 E1 E5 E0 E9 E0 E0
[T+824446309us][CH1-Dispenser] 04 64
[T+824442280us][CH2-Pc    ] 04
[T+824509417us][CH1-Dispenser] 05
[T+824509281us][CH2-Pc    ] 05
[T+824684413us][CH1-Dispenser] 06
[T+824684281us][CH2-Pc    ] 06
[T+824849280us][CH2-Pc    ] 01
[T+824854280us][CH1-Dispenser] 01 61
[T+824926304us][CH2-Pc    ] 02
[T+824933288us][CH1-Dispenser] 02 62
[T+825005281us][CH2-Pc    ] 03
[T+825012281us][CH1-Dispenser] 03 93
[T+825032305us][CH2-Pc    ] 63
[T+825043286us][CH1-Dispenser] 63 E8 E6 E3 E9 E0 E0
[T+825110280us][CH2-Pc    ] 04
[T+825117911us][CH1-Dispenser] 04 64
[T+825188413us][CH1-Dispenser] 05
[T+825188282us][CH2-Pc    ] 05
[T+825374414us][CH1-Dispenser] 06
[T+825374281us][CH2-Pc    ] 06
[T+825538281us][CH2-Pc    ] 01
[T+825546321us][CH1-Dispenser] 01 61
[T+825616280us][CH2-Pc    ] 02
[T+825625284us][CH1-Dispenser] 02 62
[T+825694280us][CH2-Pc    ] 03
[T+825702305us][CH1-Dispenser] 03 93
[T+825721280us][CH2-Pc    ] 63
[T+825733321us][CH1-Dispenser] 63 E3 E7 E6 E9 E0 E0
[T+825801305us][CH2-Pc    ] 04
[T+825806281us][CH1-Dispenser] 04 64
[T+825879414us][CH1-Dispenser] 05
[T+825879281us][CH2-Pc    ] 05
[T+826053416us][CH1-Dispenser] 06
[T+826053281us][CH2-Pc    ] 06
[T+826228280us][CH2-Pc    ] 01
[T+826234293us][CH1-Dispenser] 01 61
[T+826306304us][CH2-Pc    ] 02
[T+826314306us][CH1-Dispenser] 02 62
[T+826386306us][CH2-Pc    ] 03
[T+826391281us][CH1-Dispenser] 03 93
[T+826413281us][CH2-Pc    ] 63
[T+826429306us][CH1-Dispenser] 63 E7 E0 E7 E9 E0 E0
[T+826502280us][CH2-Pc    ] 04
[T+826507280us][CH1-Dispenser] 04 64
[T+826580412us][CH1-Dispenser] 05
[T+826580281us][CH2-Pc    ] 05
[T+826754414us][CH1-Dispenser] 06
[T+826754281us][CH2-Pc    ] 06
[T+826929280us][CH2-Pc    ] 01
[T+826937967us][CH1-Dispenser] 01 61
[T+827008281us][CH2-Pc    ] 02
[T+827015288us][CH1-Dispenser] 02 62
[T+827086280us][CH2-Pc    ] 03
[T+827093288us][CH1-Dispenser] 03 93
[T+827113304us][CH2-Pc    ] 63
[T+827131280us][CH1-Dispenser] 63 E3 E6 E7 E9 E0 E0
[T+827203304us][CH2-Pc    ] 04
[T+827212280us][CH1-Dispenser] 04 64
[T+827281415us][CH1-Dispenser] 05
[T+827281282us][CH2-Pc    ] 05
[T+827466414us][CH1-Dispenser] 06
[T+827466281us][CH2-Pc    ] 06
[T+827630305us][CH2-Pc    ] 01
[T+827634309us][CH1-Dispenser] 01 61
[T+827698306us][CH2-Pc    ] 02
[T+827706371us][CH1-Dispenser] 02 62
[T+827776281us][CH2-Pc    ] 03
[T+827782929us][CH1-Dispenser] 03 93
[T+827803281us][CH2-Pc    ] 63
[T+827818280us][CH1-Dispenser] 63 E1 E3 E8 E9 E0 E0
[T+827883280us][CH2-Pc    ] 04
[T+827892293us][CH1-Dispenser] 04 64
[T+827961418us][CH1-Dispenser] 05
[T+827961282us][CH2-Pc    ] 05
[T+828136414us][CH1-Dispenser] 06
[T+828136282us][CH2-Pc    ] 06
[T+828311280us][CH2-Pc    ] 01
[T+828319321us][CH1-Dispenser] 01 61
[T+828401280us][CH2-Pc    ] 02
[T+828409305us][CH1-Dispenser] 02 62
[T+828479280us][CH2-Pc    ] 03
[T+828487965us][CH1-Dispenser] 03 93
[T+828506349us][CH2-Pc    ] 63
[T+828519281us][CH1-Dispenser] 63 E6 E7 E8 E9 E0 E0
[T+828586281us][CH2-Pc    ] 04
[T+828594321us][CH1-Dispenser] 04 64
[T+828664412us][CH1-Dispenser] 05
[T+828664281us][CH2-Pc    ] 05
[T+828839282us][CH1-Dispenser] 06
[T+828838280us][CH2-Pc    ] 06
[T+829013280us][CH2-Pc    ] 01
[T+829020280us][CH1-Dispenser] 01 61
[T+829098282us][CH2-Pc    ] 02
[T+829105288us][CH1-Dispenser] 02 62
[T+829179280us][CH2-Pc    ] 03
[T+829187288us][CH1-Dispenser] 03 93
[T+829207306us][CH2-Pc    ] 63
[T+829219315us][CH1-Dispenser] 63 E3 E3 E9 E9 E0 E0
[T+829285280us][CH2-Pc    ] 04
[T+829293321us][CH1-Dispenser] 04 64
[T+829363414us][CH1-Dispenser] 05
[T+829363281us][CH2-Pc    ] 05
[T+829538414us][CH1-Dispenser] 06
[T+829538281us][CH2-Pc    ] 06
[T+829712280us][CH2-Pc    ] 01
[T+829719280us][CH1-Dispenser] 01 61
[T+829791304us][CH2-Pc    ] 02
[T+829795310us][CH1-Dispenser] 02 62
[T+829858280us][CH2-Pc    ] 03
[T+829868280us][CH1-Dispenser] 03 93
[T+829888280us][CH2-Pc    ] 63
[T+829904306us][CH1-Dispenser] 63 E0 E0 E0 E0 E1 E0
[T+829976304us][CH2-Pc    ] 04
[T+829982280us][CH1-Dispenser] 04 64
[T+830054414us][CH1-Dispenser] 05
[T+830054281us][CH2-Pc    ] 05
[T+830229418us][CH1-Dispenser] 06
[T+830229282us][CH2-Pc    ] 06
[T+830404280us][CH2-Pc    ] 01
[T+830409280us][CH1-Dispenser] 01 61
[T+830482280us][CH2-Pc    ] 02
[T+830490321us][CH1-Dispenser] 02 62
[T+830560281us][CH2-Pc    ] 03
[T+830568322us][CH1-Dispenser] 03 93
[T+830588304us][CH2-Pc    ] 63
[T+830601280us][CH1-Dispenser] 63 E0 E0 E0 E0 E1 E0
[T+830667280us][CH2-Pc    ] 04
[T+830673280us][CH1-Dispenser] 04 64
[T+830745412us][CH1-Dispenser] 05
[T+830745281us][CH2-Pc    ] 05
[T+830919412us][CH1-Dispenser] 06
[T+830919281us][CH2-Pc    ] 06
[T+831083305us][CH2-Pc    ] 01
[T+831092280us][CH1-Dispenser] 01 61
[T+831162281us][CH2-Pc    ] 02
[T+831170321us][CH1-Dispenser] 02 62
[T+831240280us][CH2-Pc    ] 03
[T+831248321us][CH1-Dispenser] 03 93
[T+831267281us][CH2-Pc    ] 63
[T+831279305us][CH1-Dispenser] 63 E0 E0 E0 E0 E1 E0
[T+831345280us][CH2-Pc    ] 04
[T+831351288us][CH1-Dispenser] 04 64
[T+831424412us][CH1-Dispenser] 05
[T+831424281us][CH2-Pc    ] 05
[T+831598417us][CH1-Dispenser] 06
[T+831598283us][CH2-Pc    ] 06
[T+831773280us][CH2-Pc    ] 01
[T+831781961us][CH1-Dispenser] 01 61
[T+831851280us][CH2-Pc    ] 02
[T+831860280us][CH1-Dispenser] 02 62
[T+831929280us][CH2-Pc    ] 03
[T+831937322us][CH1-Dispenser] 03 93
[T+831957305us][CH2-Pc    ] 63
[T+831969304us][CH1-Dispenser] 63 E0 E0 E0 E0 E1 E0
[T+832035280us][CH2-Pc    ] 04
[T+832044280us][CH1-Dispenser] 04 64
[T+832113413us][CH1-Dispenser] 05
[T+832113281us][CH2-Pc    ] 05
[T+832288412us][CH1-Dispenser] 06
[T+832288281us][CH2-Pc    ] 06
[T+832462281us][CH2-Pc    ] 01
[T+832471281us][CH1-Dispenser] 01 61
[T+832541280us][CH2-Pc    ] 02
[T+832546280us][CH1-Dispenser] 02 62
[T+832619280us][CH2-Pc    ] 03
[T+832627934us][CH1-Dispenser] 03 93
[T+832646280us][CH2-Pc    ] 63
[T+832658315us][CH1-Dispenser] 63 E0 E0 E0 E0 E1 E0
[T+832725281us][CH2-Pc    ] 04
[T+832732288us][CH1-Dispenser] 04 64
[T+832803416us][CH1-Dispenser] 05
[T+832803281us][CH2-Pc    ] 05
[T+832978412us][CH1-Dispenser] 06
[T+832978281us][CH2-Pc    ] 06
[T+833153280us][CH2-Pc    ] 01
[T+833161321us][CH1-Dispenser] 01 61
[T+833231280us][CH2-Pc    ] 02
[T+833240923us][CH1-Dispenser] 02 62
[T+833309280us][CH2-Pc    ] 03
[T+833316281us][CH1-Dispenser] 03 93
[T+833336304us][CH2-Pc    ] 63
[T+833349281us][CH1-Dispenser] 63 E0 E0 E0 E0 E1 E0
[T+833414280us][CH2-Pc    ] 04
[T+833421281us][CH1-Dispenser] 04 64
[T+833495415us][CH1-Dispenser] 05
[T+833495281us][CH2-Pc    ] 05
[T+833670413us][CH1-Dispenser] 06
[T+833670281us][CH2-Pc    ] 06
[T+833834280us][CH2-Pc    ] 01
[T+833840280us][CH1-Dispenser] 01 61
[T+833912307us][CH2-Pc    ] 02
[T+833919281us][CH1-Dispenser] 02 62
[T+833990280us][CH2-Pc    ] 03
[T+833998322us][CH1-Dispenser] 03 A3
[T+834568281us][CH2-Pc    ] 04
[T+834573393us][CH1-Dispenser] 04 64
[T+834646417us][CH1-Dispenser] 05
[T+834646281us][CH2-Pc    ] 05
[T+834826414us][CH1-Dispenser] 06
[T+834826281us][CH2-Pc    ] 06
[T+834990305us][CH2-Pc    ] 01
[T+834995916us][CH1-Dispenser] 01 61
[T+835068280us][CH2-Pc    ] 02
[T+835074280us][CH1-Dispenser] 02 62
[T+835146305us][CH2-Pc    ] 03
[T+835153281us][CH1-Dispenser] 03 63
[T+835724280us][CH2-Pc    ] 04
[T+835731923us][CH1-Dispenser] 04 64
[T+835802412us][CH1-Dispenser] 05
[T+835802281us][CH2-Pc    ] 05
[T+835977413us][CH1-Dispenser] 06
[T+835977281us][CH2-Pc    ] 06
[T+836152280us][CH2-Pc    ] 01
[T+836161280us][CH1-Dispenser] 01 61
[T+836230280us][CH2-Pc    ] 02
[T+836235280us][CH1-Dispenser] 02 62
[T+836308280us][CH2-Pc    ] 03
[T+836313280us][CH1-Dispenser] 03 63
[T+836335412us][CH1-Dispenser] 43
[T+836335281us][CH2-Pc    ] 43
[T+836388280us][CH1-Dispenser] FF F1 F8 EB E2 E0 E0 E0 F6 E0 F4 F7 E0 E3 E1 E1 F9 E0 E5 E8 E8 E0 E0 FA E0 E0 E0 E0 E1 E0 FB E1 F0
[T+836408411us][CH1-Dispenser] 53
[T+836408281us][CH2-Pc    ] 53
[T+836541280us][CH1-Dispenser] FF F6 E0 F9 E8 E6 E2 E3 E3 E2 E1 E4 FA E1 E1 E9 E5 E1 E5 E0 E8 F4 E0 E3 E1 E1 F5 E0 E0 E0 E0 F6 E1 F9 E5 E2 E6 E8 E0 E6 E0 E4 FA E3 E1 E0 E1 E3 E9 E3 E4 F4 E0 E0 E1 E1 F5 E0 E0 E0 E0 F6 E2 F9 E1 E4 E5 E1 E3 E0 E6 E5 FA E1 E5 E0 E6 E4 E7 E7 E0 F4 E0 E3 E4 E1 F5 E0 E0 E0 E0 FB E5 F0
[T+836617304us][CH2-Pc    ] 04
[T+836624280us][CH1-Dispenser] 04 64
[T+836695413us][CH1-Dispenser] 05
[T+836695281us][CH2-Pc    ] 05
[T+836865415us][CH1-Dispenser] 06
[T+836865281us][CH2-Pc    ] 06
[T+837040280us][CH2-Pc    ] 01
[T+837046281us][CH1-Dispenser] 01 61
[T+837118306us][CH2-Pc    ] 02
[T+837125288us][CH1-Dispenser] 02 62
[T+837196280us][CH2-Pc    ] 03
[T+837202288us][CH1-Dispenser] 03 63
[T+837223280us][CH2-Pc    ] 43
[T+837271304us][CH1-Dispenser] 43 FF F1 F8 EB E2 E0 E0 E0 F6 E0 F4 F7 E0 E3 E1 E1 F9 E0 E5 E8 E8 E0 E0 FA E0 E0 E0 E0 E1 E0 FB E1 F0
[T+837289417us][CH1-Dispenser] 53
[T+837289281us][CH2-Pc    ] 53
[T+837425304us][CH1-Dispenser] FF F6 E0 F9 E8 E6 E2 E3 E3 E2 E1 E4 FA E1 E1 E9 E5 E1 E5 E0 E8 F4 E0 E3 E1 E1 F5 E0 E0 E0 E0 F6 E1 F9 E5 E2 E6 E8 E0 E6 E0 E4 FA E3 E1 E0 E1 E3 E9 E3 E4 F4 E0 E0 E1 E1 F5 E0 E0 E0 E0 F6 E2 F9 E1 E4 E5 E1 E3 E0 E6 E5 FA E1 E5 E0 E6 E4 E7 E7 E0 F4 E0 E3 E4 E1 F5 E0 E0 E0 E0 FB E5 F0
[T+837507281us][CH2-Pc    ] 04
[T+837513281us][CH1-Dispenser] 04 64
[T+837585413us][CH1-Dispenser] 05
[T+837585281us][CH2-Pc    ] 05
[T+837760417us][CH1-Dispenser] 06
[T+837760282us][CH2-Pc    ] 06
[T+837936321us][CH2-Pc    ] 01
[T+837941280us][CH1-Dispenser] 01 61
[T+838013280us][CH2-Pc    ] 02
[T+838020288us][CH1-Dispenser] 02 62
[T+838091280us][CH2-Pc    ] 03
[T+838097288us][CH1-Dispenser] 03 63
[T+838170280us][CH2-Pc    ] 04
[T+838180281us][CH1-Dispenser] 04 64
[T+838248422us][CH1-Dispenser] 05
[T+838248283us][CH2-Pc    ] 05
[T+838411416us][CH1-Dispenser] 06
[T+838411281us][CH2-Pc    ] 06
[T+838586280us][CH2-Pc    ] 01
[T+838597733us][CH1-Dispenser] 01 61
[T+838664280us][CH2-Pc    ] 02
[T+838671281us][CH1-Dispenser] 02 62
[T+838743281us][CH2-Pc    ] 03
[T+838747309us][CH1-Dispenser] 03 63
[T+838821281us][CH2-Pc    ] 04
[T+838828288us][CH1-Dispenser] 04 64
[T+838899412us][CH1-Dispenser] 05
[T+838899281us][CH2-Pc    ] 05
[T+839074412us][CH1-Dispenser] 06
[T+839074281us][CH2-Pc    ] 06
[T+839248281us][CH2-Pc    ] 01
[T+839257281us][CH1-Dispenser] 01 61
[T+839332280us][CH2-Pc    ] 02
[T+839339281us][CH1-Dispenser] 02 62
[T+839412281us][CH2-Pc    ] 03
[T+839417281us][CH1-Dispenser] 03 63
[T+839495280us][CH2-Pc    ] 04
[T+839502462us][CH1-Dispenser] 04 64
[T+839574412us][CH1-Dispenser] 05
[T+839574281us][CH2-Pc    ] 05
[T+839746417us][CH1-Dispenser] 06
[T+839746281us][CH2-Pc    ] 06
[T+839921280us][CH2-Pc    ] 01
[T+839925309us][CH1-Dispenser] 01 61
[T+839989305us][CH2-Pc    ] 02
[T+839995280us][CH1-Dispenser] 02 62
[T+840067305us][CH2-Pc    ] 03
[T+840073280us][CH1-Dispenser] 03 63
[T+840145304us][CH2-Pc    ] 04
[T+840153288us][CH1-Dispenser] 04 64
[T+840223412us][CH1-Dispenser] 05
[T+840223281us][CH2-Pc    ] 05
[T+840399413us][CH1-Dispenser] 06
[T+840399281us][CH2-Pc    ] 06
[T+840575304us][CH2-Pc    ] 01
[T+840581280us][CH1-Dispenser] 01 61
[T+840654281us][CH2-Pc    ] 02
[T+840660883us][CH1-Dispenser] 02 62
[T+840755280us][CH2-Pc    ] 03
[T+840763321us][CH1-Dispenser] 03 63
[T+840833281us][CH2-Pc    ] 04
[T+840837310us][CH1-Dispenser] 04 64
[T+840901413us][CH1-Dispenser] 05
[T+840901281us][CH2-Pc    ] 05
[T+841072416us][CH1-Dispenser] 06
[T+841072281us][CH2-Pc    ] 06
[T+841241280us][CH2-Pc    ] 01
[T+841246280us][CH1-Dispenser] 01 61
[T+841319280us][CH2-Pc    ] 02
[T+841325280us][CH1-Dispenser] 02 62
[T+841397304us][CH2-Pc    ] 03
[T+841403280us][CH1-Dispenser] 03 63
[T+841475304us][CH2-Pc    ] 04
[T+841482885us][CH1-Dispenser] 04 64
[T+841553415us][CH1-Dispenser] 05
[T+841553281us][CH2-Pc    ] 05
[T+841728416us][CH1-Dispenser] 06
[T+841728281us][CH2-Pc    ] 06
[T+841903280us][CH2-Pc    ] 01