connected
[T+248137307us][CH2-Pc    ] 02
[T+248142168us][CH1-Dispenser] 02 62
[T+248215168us][CH2-Pc    ] 03
[T+248223209us][CH1-Dispenser] 03 63
[T+248293168us][CH2-Pc    ] 04
[T+248299168us][CH1-Dispenser] 04 64
[T+248371301us][CH1-Dispenser] 05
[T+248371168us][CH2-Pc    ] 05
[T+248546302us][CH1-Dispenser] 06
[T+248546168us][CH2-Pc    ] 06
[T+248721168us][CH2-Pc    ] 01
[T+248727168us][CH1-Dispenser] 01 61
[T+248799194us][CH2-Pc    ] 02
[T+248808168us][CH1-Dispenser] 02 62
[T+248877168us][CH2-Pc    ] 03
[T+248882168us][CH1-Dispenser] 03 63
[T+248956168us][CH2-Pc    ] 04
[T+248963177us][CH1-Dispenser] 04 64
[T+249034300us][CH1-Dispenser] 05
[T+249034168us][CH2-Pc    ] 05
[T+249198302us][CH1-Dispenser] 06
[T+249198168us][CH2-Pc    ] 06
[T+249372168us][CH2-Pc    ] 01
[T+249379175us][CH1-Dispenser] 01 61
[T+249450168us][CH2-Pc    ] 02
[T+249457242us][CH1-Dispenser] 02 62
[T+249529194us][CH2-Pc    ] 03
[T+249538168us][CH1-Dispenser] 03 63
[T+249607168us][CH2-Pc    ] 04
[T+249614960us][CH1-Dispenser] 04 64
[T+249685303us][CH1-Dispenser] 05
[T+249685169us][CH2-Pc    ] 05
[T+249860300us][CH1-Dispenser] 06
[T+249860168us][CH2-Pc    ] 06
[T+250024197us][CH2-Pc    ] 01
[T+250032818us][CH1-Dispenser] 01 61
[T+250102168us][CH2-Pc    ] 02
[T+250108168us][CH1-Dispenser] 02 62
[T+250180193us][CH2-Pc    ] 03
[T+250187193us][CH1-Dispenser] 03 63
[T+250258168us][CH2-Pc    ] 04
[T+250263778us][CH1-Dispenser] 04 64
[T+250325300us][CH1-Dispenser] 05
[T+250325168us][CH2-Pc    ] 05
[T+250501303us][CH1-Dispenser] 06
[T+250501169us][CH2-Pc    ] 06
[T+250664302us][CH1-Dispenser] 01
[T+250664168us][CH2-Pc    ] 01
[T+250677168us][CH1-Dispenser] 61
[T+250747197us][CH1-Dispenser] 02 62
[T+250743168us][CH2-Pc    ] 02
[T+250821168us][CH2-Pc    ] 03
[T+250828168us][CH1-Dispenser] 03 63
[T+250899168us][CH2-Pc    ] 04
[T+250908168us][CH1-Dispenser] 04 64
[T+250977301us][CH1-Dispenser] 05
[T+250977170us][CH2-Pc    ] 05
[T+251152307us][CH1-Dispenser] 06
[T+251152170us][CH2-Pc    ] 06
[T+251327168us][CH2-Pc    ] 01
[T+251333168us][CH1-Dispenser] 01 61
[T+251405193us][CH2-Pc    ] 02
[T+251412175us][CH1-Dispenser] 02 62
[T+251483168us][CH2-Pc    ] 03
[T+251488777us][CH1-Dispenser] 03 63
[T+251561168us][CH2-Pc    ] 04
[T+251569193us][CH1-Dispenser] 04 64
[T+251639300us][CH1-Dispenser] 05
[T+251639168us][CH2-Pc    ] 05
[T+251814300us][CH1-Dispenser] 06
[T+251814168us][CH2-Pc    ] 06
[T+251978193us][CH2-Pc    ] 01
[T+251983168us][CH1-Dispenser] 01 61
[T+252056168us][CH2-Pc    ] 02
[T+252063723us][CH1-Dispenser] 02 62
[T+252134168us][CH2-Pc    ] 03
[T+252142208us][CH1-Dispenser] 03 63
[T+252212168us][CH2-Pc    ] 04
[T+252218175us][CH1-Dispenser] 04 64
[T+252290301us][CH1-Dispenser] 05
[T+252290168us][CH2-Pc    ] 05
[T+252466302us][CH1-Dispenser] 06
[T+252466169us][CH2-Pc    ] 06
[T+252661168us][CH2-Pc    ] 01
[T+252668168us][CH1-Dispenser] 01 61
[T+252739168us][CH2-Pc    ] 02
[T+252742168us][CH1-Dispenser] 02 62
[T+252806192us][CH2-Pc    ] 03
[T+252814210us][CH1-Dispenser] 03 63
[T+252884168us][CH2-Pc    ] 04
[T+252895523us][CH1-Dispenser] 04 64
[T+252962299us][CH1-Dispenser] 05
[T+252962168us][CH2-Pc    ] 05
[T+253137302us][CH1-Dispenser] 06
[T+253137168us][CH2-Pc    ] 06
[T+253312168us][CH2-Pc    ] 01
[T+253319168us][CH1-Dispenser] 01 61
[T+253390168us][CH2-Pc    ] 02
[T+253398802us][CH1-Dispenser] 02 62
[T+253468168us][CH2-Pc    ] 03
[T+253474168us][CH1-Dispenser] 03 63
[T+253546193us][CH2-Pc    ] 04
[T+253555168us][CH1-Dispenser] 04 64
[T+253626302us][CH1-Dispenser] 05
[T+253626168us][CH2-Pc    ] 05
[T+253789300us][CH1-Dispenser] 06
[T+253789168us][CH2-Pc    ] 06
[T+253964168us][CH2-Pc    ] 01
[T+253973168us][CH1-Dispenser] 01 61
[T+254048168us][CH2-Pc    ] 02
[T+254052196us][CH1-Dispenser] 02 62
[T+254115168us][CH2-Pc    ] 03
[T+254122169us][CH1-Dispenser] 03 63
[T+254194193us][CH2-Pc    ] 04
[T+254198197us][CH1-Dispenser] 04 64
[T+254261771us][CH1-Dispenser] 05
[T+254261636us][CH2-Pc    ] 05
[T+254436302us][CH1-Dispenser] 06
[T+254436168us][CH2-Pc    ] 06
[T+254611168us][CH2-Pc    ] 01
[T+254618168us][CH1-Dispenser] 01 61
[T+254689168us][CH2-Pc    ] 02
[T+254693197us][CH1-Dispenser] 02 62
[T+254767168us][CH2-Pc    ] 03
[T+254773773us][CH1-Dispenser] 03 63
[T+254845194us][CH2-Pc    ] 04
[T+254854168us][CH1-Dispenser] 04 64
[T+254923299us][CH1-Dispenser] 05
[T+254923168us][CH2-Pc    ] 05
[T+255089303us][CH1-Dispenser] 06
[T+255089170us][CH2-Pc    ] 06
[T+255264168us][CH2-Pc    ] 01
[T+255274175us][CH1-Dispenser] 01 61
[T+255342192us][CH2-Pc    ] 02
[T+255347170us][CH1-Dispenser] 02 62
[T+255420168us][CH2-Pc    ] 03
[T+255429168us][CH1-Dispenser] 03 63
[T+255498168us][CH2-Pc    ] 04
[T+255504767us][CH1-Dispenser] 04 64
[T+255576303us][CH1-Dispenser] 05
[T+255576169us][CH2-Pc    ] 05
[T+255751301us][CH1-Dispenser] 06
[T+255751168us][CH2-Pc    ] 06
[T+255915192us][CH2-Pc    ] 01
[T+255924168us][CH1-Dispenser] 01 61
[T+255993168us][CH2-Pc    ] 02
[T+255998168us][CH1-Dispenser] 02 62
[T+256071168us][CH2-Pc    ] 03
[T+256079209us][CH1-Dispenser] 03 63
[T+256150168us][CH2-Pc    ] 04
[T+256158789us][CH1-Dispenser] 04 64
[T+256228303us][CH1-Dispenser] 05
[T+256228168us][CH2-Pc    ] 05
[T+256403299us][CH1-Dispenser] 06
[T+256403168us][CH2-Pc    ] 06
[T+256578233us][CH2-Pc    ] 01
[T+256584175us][CH1-Dispenser] 01 61
[T+256656194us][CH2-Pc    ] 02
[T+256665785us][CH1-Dispenser] 02 62
[T+256735168us][CH2-Pc    ] 03
[T+256742809us][CH1-Dispenser] 03 63
[T+256813168us][CH2-Pc    ] 04
[T+256818168us][CH1-Dispenser] 04 64
[T+256891302us][CH1-Dispenser] 05
[T+256891170us][CH2-Pc    ] 05
[T+257055301us][CH1-Dispenser] 06
[T+257055168us][CH2-Pc    ] 06
[T+257230168us][CH2-Pc    ] 01
[T+257238208us][CH1-Dispenser] 01 61
[T+257308168us][CH2-Pc    ] 02
[T+257313806us][CH1-Dispenser] 02 62
[T+257386168us][CH2-Pc    ] 03
[T+257393168us][CH1-Dispenser] 03 63
[T+257464168us][CH2-Pc    ] 04
[T+257474168us][CH1-Dispenser] 04 64
[T+257542299us][CH1-Dispenser] 05
[T+257542168us][CH2-Pc    ] 05
[T+257717301us][CH1-Dispenser] 06
[T+257717169us][CH2-Pc    ] 06
[T+257892168us][CH2-Pc    ] 01
[T+257899810us][CH1-Dispenser] 01 61
[T+257970168us][CH2-Pc    ] 02
[T+257978242us][CH1-Dispenser] 02 62
[T+258048168us][CH2-Pc    ] 03
[T+258054175us][CH1-Dispenser] 03 63
[T+258126192us][CH2-Pc    ] 04
[T+258133168us][CH1-Dispenser] 04 64
[T+258204299us][CH1-Dispenser] 05
[T+258204168us][CH2-Pc    ] 05
[T+258368300us][CH1-Dispenser] 06
[T+258368168us][CH2-Pc    ] 06
[T+258543168us][CH2-Pc    ] 01
[T+258549168us][CH1-Dispenser] 01 61
[T+258626169us][CH2-Pc    ] 02
[T+258632168us][CH1-Dispenser] 02 62
[T+258705168us][CH2-Pc    ] 03
[T+258713884us][CH1-Dispenser] 03 63
[T+258782168us][CH2-Pc    ] 04
[T+258789175us][CH1-Dispenser] 04 64
[T+258861299us][CH1-Dispenser] 05
[T+258861168us][CH2-Pc    ] 05
[T+259025300us][CH1-Dispenser] 06
[T+259025168us][CH2-Pc    ] 06
[T+259200168us][CH2-Pc    ] 01
[T+259209168us][CH1-Dispenser] 01 61
[T+259278168us][CH2-Pc    ] 02
[T+259283812us][CH1-Dispenser] 02 62
[T+259356168us][CH2-Pc    ] 03
[T+259366175us][CH1-Dispenser] 03 63
[T+259434192us][CH2-Pc    ] 04
[T+259438197us][CH1-Dispenser] 04 64
[T+259501302us][CH1-Dispenser] 05
[T+259501168us][CH2-Pc    ] 05
[T+259665304us][CH1-Dispenser] 06
[T+259665170us][CH2-Pc    ] 06
[T+259840168us][CH2-Pc    ] 01
[T+259849820us][CH1-Dispenser] 01 61
[T+259918168us][CH2-Pc    ] 02
[T+259922197us][CH1-Dispenser] 02 62
[T+259996168us][CH2-Pc    ] 03
[T+260004176us][CH1-Dispenser] 03 63
[T+260076193us][CH2-Pc    ] 04
[T+260083168us][CH1-Dispenser] 04 64
[T+260154304us][CH1-Dispenser] 05
[T+260154170us][CH2-Pc    ] 05
[T+260329299us][CH1-Dispenser] 06
[T+260329169us][CH2-Pc    ] 06
[T+260493194us][CH2-Pc    ] 01
[T+260499168us][CH1-Dispenser] 01 61
[T+260575193us][CH2-Pc    ] 02
[T+260584802us][CH1-Dispenser] 02 62
[T+260653168us][CH2-Pc    ] 03
[T+260659168us][CH1-Dispenser] 03 63
[T+260732193us][CH2-Pc    ] 04
[T+260739175us][CH1-Dispenser] 04 64
[T+260810301us][CH1-Dispenser] 05
[T+260810168us][CH2-Pc    ] 05
[T+260985304us][CH1-Dispenser] 06
[T+260985170us][CH2-Pc    ] 06
[T+261148175us][CH2-Pc    ] 01
[T+261153168us][CH1-Dispenser] 01 61
[T+261227168us][CH2-Pc    ] 02
[T+261236168us][CH1-Dispenser] 02 62
[T+261323168us][CH2-Pc    ] 03
[T+261328168us][CH1-Dispenser] 03 63
[T+261401168us][CH2-Pc    ] 04
[T+261409465us][CH1-Dispenser] 04 64
[T+261480300us][CH1-Dispenser] 05
[T+261480168us][CH2-Pc    ] 05
[T+261654301us][CH1-Dispenser] 06
[T+261654168us][CH2-Pc    ] 06
[T+261829168us][CH2-Pc    ] 01
[T+261834168us][CH1-Dispenser] 01 61
[T+261907168us][CH2-Pc    ] 02
[T+261914168us][CH1-Dispenser] 02 62
[T+261985168us][CH2-Pc    ] 03
[T+261993835us][CH1-Dispenser] 03 63
[T+262064168us][CH2-Pc    ] 04
[T+262068196us][CH1-Dispenser] 04 64
[T+262142303us][CH1-Dispenser] 05
[T+262142168us][CH2-Pc    ] 05
[T+262306299us][CH1-Dispenser] 06
[T+262306168us][CH2-Pc    ] 06
[T+262502194us][CH2-Pc    ] 01
[T+262508168us][CH1-Dispenser] 01 61
[T+262580192us][CH2-Pc    ] 02
[T+262589169us][CH1-Dispenser] 02 62
[T+262658168us][CH2-Pc    ] 03
[T+262663168us][CH1-Dispenser] 03 63
[T+262736168us][CH2-Pc    ] 04
[T+262744209us][CH1-Dispenser] 04 64
[T+262814168us][CH2-Pc    ] 05
[T+262815168us][CH1-Dispenser] 05
[T+262979302us][CH1-Dispenser] 06
[T+262979168us][CH2-Pc    ] 06
[T+263154168us][CH2-Pc    ] 01
[T+263160168us][CH1-Dispenser] 01 61
[T+263231168us][CH2-Pc    ] 02
[T+263238168us][CH1-Dispenser] 02 62
[T+263310193us][CH2-Pc    ] 03
[T+263321173us][CH1-Dispenser] 03 63
[T+263388168us][CH2-Pc    ] 04
[T+263393168us][CH1-Dispenser] 04 64
[T+263466300us][CH1-Dispenser] 05
[T+263466168us][CH2-Pc    ] 05
[T+263641301us][CH1-Dispenser] 06
[T+263641168us][CH2-Pc    ] 06
[T+263805193us][CH2-Pc    ] 01
[T+263814168us][CH1-Dispenser] 01 61
[T+263883168us][CH2-Pc    ] 02
[T+263888168us][CH1-Dispenser] 02 62
[T+263961168us][CH2-Pc    ] 03
[T+263969847us][CH1-Dispenser] 03 63
[T+264039168us][CH2-Pc    ] 04
[T+264045168us][CH1-Dispenser] 04 64
[T+264118300us][CH1-Dispenser] 05
[T+264118168us][CH2-Pc    ] 05
[T+264292300us][CH1-Dispenser] 06
[T+264292168us][CH2-Pc    ] 06
[T+264467168us][CH2-Pc    ] 01
[T+264474223us][CH1-Dispenser] 01 61
[T+264545168us][CH2-Pc    ] 02
[T+264553193us][CH1-Dispenser] 02 62
[T+264635168us][CH2-Pc    ] 03
[T+264643537us][CH1-Dispenser] 03 63
[T+264713168us][CH2-Pc    ] 04
[T+264719175us][CH1-Dispenser] 04 64
[T+264791299us][CH1-Dispenser] 05
[T+264791168us][CH2-Pc    ] 05
[T+264966301us][CH1-Dispenser] 06
[T+264966169us][CH2-Pc    ] 06
[T+265141168us][CH2-Pc    ] 01
[T+265150809us][CH1-Dispenser] 01 61
[T+265219168us][CH2-Pc    ] 02
[T+265225168us][CH1-Dispenser] 02 62
[T+265297192us][CH2-Pc    ] 03
[T+265305208us][CH1-Dispenser] 03 63
[T+265375168us][CH2-Pc    ] 04
[T+265384168us][CH1-Dispenser] 04 64
[T+265453300us][CH1-Dispenser] 05
[T+265453168us][CH2-Pc    ] 05
[T+265617299us][CH1-Dispenser] 06
[T+265617168us][CH2-Pc    ] 06
[T+265792168us][CH2-Pc    ] 01
[T+265800209us][CH1-Dispenser] 01 61
[T+265870168us][CH2-Pc    ] 02
[T+265880160us][CH1-Dispenser] 02 62
[T+265948193us][CH2-Pc    ] 03
[T+265953168us][CH1-Dispenser] 03 63
[T+266027168us][CH2-Pc    ] 04
[T+266034175us][CH1-Dispenser] 04 64
[T+266105303us][CH1-Dispenser] 05
[T+266105170us][CH2-Pc    ] 05
[T+266280300us][CH1-Dispenser] 06
[T+266280168us][CH2-Pc    ] 06
[T+266455168us][CH2-Pc    ] 01
[T+266465169us][CH1-Dispenser] 01 61
[T+266533193us][CH2-Pc    ] 02
[T+266539168us][CH1-Dispenser] 02 62
[T+266612171us][CH2-Pc    ] 03
[T+266618168us][CH1-Dispenser] 03 63
[T+266690192us][CH2-Pc    ] 04
[T+266699168us][CH1-Dispenser] 04 64
[T+266769301us][CH1-Dispenser] 05
[T+266769168us][CH2-Pc    ] 05
[T+266954298us][CH1-Dispenser] 06
[T+266954168us][CH2-Pc    ] 06
[T+267118193us][CH2-Pc    ] 01
[T+267124175us][CH1-Dispenser] 01 61
[T+267196192us][CH2-Pc    ] 02
[T+267204193us][CH1-Dispenser] 02 62
[T+267275168us][CH2-Pc    ] 03
[T+267283208us][CH1-Dispenser] 03 63
[T+267355192us][CH2-Pc    ] 04
[T+267366175us][CH1-Dispenser] 04 64
[T+267434168us][CH1-Dispenser] 05
[T+267434306us][CH2-Pc    ] 05
[T+267608302us][CH1-Dispenser] 06
[T+267608168us][CH2-Pc    ] 06
[T+267783168us][CH2-Pc    ] 01
[T+267789168us][CH1-Dispenser] 01 61
[T+267861193us][CH2-Pc    ] 02
[T+267869742us][CH1-Dispenser] 02 62
[T+267939168us][CH2-Pc    ] 03
[T+267944888us][CH1-Dispenser] 03 63
[T+268018168us][CH2-Pc    ] 04
[T+268023168us][CH1-Dispenser] 04 64
[T+268096301us][CH1-Dispenser] 05
[T+268096170us][CH2-Pc    ] 05
[T+268260302us][CH1-Dispenser] 06
[T+268260170us][CH2-Pc    ] 06
[T+268436194us][CH2-Pc    ] 01
[T+268443177us][CH1-Dispenser] 01 61
[T+268514168us][CH2-Pc    ] 02
[T+268519733us][CH1-Dispenser] 02 62
[T+268592168us][CH2-Pc    ] 03
[T+268598168us][CH1-Dispenser] 03 63
[T+268670193us][CH2-Pc    ] 04
[T+268681168us][CH1-Dispenser] 04 64
[T+268748306us][CH1-Dispenser] 05
[T+268748169us][CH2-Pc    ] 05
[T+268923300us][CH1-Dispenser] 06
[T+268923168us][CH2-Pc    ] 06
[T+269087192us][CH2-Pc    ] 01
[T+269094773us][CH1-Dispenser] 01 61
[T+269165168us][CH2-Pc    ] 02
[T+269177193us][CH1-Dispenser] 02 62
[T+269243168us][CH2-Pc    ] 03
[T+269249175us][CH1-Dispenser] 03 63
[T+269321193us][CH2-Pc    ] 04
[T+269328168us][CH1-Dispenser] 04 64
[T+269399304us][CH1-Dispenser] 05
[T+269399169us][CH2-Pc    ] 05
[T+269574300us][CH1-Dispenser] 06
[T+269574168us][CH2-Pc    ] 06
[T+269749168us][CH2-Pc    ] 01
[T+269755168us][CH1-Dispenser] 01 61
[T+269827193us][CH2-Pc    ] 02
[T+269834728us][CH1-Dispenser] 02 62
[T+269905168us][CH2-Pc    ] 03
[T+269914168us][CH1-Dispenser] 03 63
[T+269984168us][CH2-Pc    ] 04
[T+269989168us][CH1-Dispenser] 04 64
[T+270062299us][CH1-Dispenser] 05
[T+270062168us][CH2-Pc    ] 05
[T+270236304us][CH1-Dispenser] 06
[T+270236168us][CH2-Pc    ] 06
[T+270400195us][CH2-Pc    ] 01
[T+270409168us][CH1-Dispenser] 01 61
[T+270478168us][CH2-Pc    ] 02
[T+270485168us][CH1-Dispenser] 02 62
[T+270557192us][CH2-Pc    ] 03
[T+270566168us][CH1-Dispenser] 03 63
[T+270635168us][CH2-Pc    ] 04
[T+270642175us][CH1-Dispenser] 04 64
[T+270713307us][CH1-Dispenser] 05
[T+270713169us][CH2-Pc    ] 05
[T+270889300us][CH1-Dispenser] 06
[T+270889168us][CH2-Pc    ] 06
[T+271063168us][CH2-Pc    ] 01
[T+271069175us][CH1-Dispenser] 01 61
[T+271142168us][CH2-Pc    ] 02
[T+271150810us][CH1-Dispenser] 02 62
[T+271220170us][CH2-Pc    ] 03
[T+271224201us][CH1-Dispenser] 03 63
[T+271287168us][CH2-Pc    ] 04
[T+271296172us][CH1-Dispenser] 04 64
[T+271365302us][CH1-Dispenser] 05
[T+271365170us][CH2-Pc    ] 05
[T+271540300us][CH1-Dispenser] 06
[T+271540168us][CH2-Pc    ] 06
[T+271715168us][CH2-Pc    ] 01
[T+271719196us][CH1-Dispenser] 01 61
[T+271793168us][CH2-Pc    ] 02
[T+271798168us][CH1-Dispenser] 02 62
[T+271871168us][CH2-Pc    ] 03
[T+271880168us][CH1-Dispenser] 03 63
[T+271949168us][CH2-Pc    ] 04
[T+271953197us][CH1-Dispenser] 04 64
[T+272018300us][CH1-Dispenser] 05
[T+272018168us][CH2-Pc    ] 05
[T+272182302us][CH1-Dispenser] 06
[T+272182169us][CH2-Pc    ] 06
[T+272356168us][CH2-Pc    ] 01
[T+272364209us][CH1-Dispenser] 01 61
[T+272434168us][CH2-Pc    ] 02
[T+272438197us][CH1-Dispenser] 02 62
[T+272502192us][CH2-Pc    ] 03
[T+272508168us][CH1-Dispenser] 03 63
[T+272580193us][CH2-Pc    ] 04
[T+272584196us][CH1-Dispenser] 04 64
[T+272647300us][CH1-Dispenser] 05
[T+272647168us][CH2-Pc    ] 05
[T+272822301us][CH1-Dispenser] 06
[T+272822169us][CH2-Pc    ] 06
[T+272997168us][CH2-Pc    ] 01
[T+273004168us][CH1-Dispenser] 01 61
[T+273075168us][CH2-Pc    ] 02
[T+273083209us][CH1-Dispenser] 02 62
[T+273153168us][CH2-Pc    ] 03
[T+273159168us][CH1-Dispenser] 03 63
[T+273231193us][CH2-Pc    ] 04
[T+273238175us][CH1-Dispenser] 04 64
[T+273310300us][CH1-Dispenser] 05
[T+273310168us][CH2-Pc    ] 05
[T+273485303us][CH1-Dispenser] 06
[T+273485169us][CH2-Pc    ] 06
[T+273649193us][CH2-Pc    ] 01
[T+273654168us][CH1-Dispenser] 01 61
[T+273727168us][CH2-Pc    ] 02
[T+273736168us][CH1-Dispenser] 02 72
[T+273778300us][CH1-Dispenser] 22 D2 FF E9
[T+273778168us][CH2-Pc    ] 22 FF E9
[T+273804301us][CH1-Dispenser] FE E0
[T+273804168us][CH2-Pc    ] FE E0
[T+273817314us][CH1-Dispenser] E1
[T+273817176us][CH2-Pc    ] E1
[T+273830298us][CH1-Dispenser] E0
[T+273830168us][CH2-Pc    ] E0
[T+273843300us][CH1-Dispenser] FB
[T+273843169us][CH2-Pc    ] FB
[T+273855297us][CH1-Dispenser] EE
[T+273855168us][CH2-Pc    ] EE
[T+273868743us][CH2-Pc    ] F0
[T+273898168us][CH1-Dispenser] F0 BA B0 B3 B2 B0 B1 B0 B0 B0 B0 B1 B1 B1 B1 B1 C1 C1 8D 8A
[T+273971168us][CH2-Pc    ] 03
[T+273979796us][CH1-Dispenser] 03 63
[T+274049168us][CH2-Pc    ] 04
[T+274054168us][CH1-Dispenser] 04 64
[T+274127303us][CH1-Dispenser] 05
[T+274127169us][CH2-Pc    ] 05
[T+274291301us][CH1-Dispenser] 06
[T+274291168us][CH2-Pc    ] 06
[T+274508168us][CH2-Pc    ] 01
[T+274516210us][CH1-Dispenser] 01 61
[T+274586168us][CH2-Pc    ] 02
[T+274595727us][CH1-Dispenser] 02 72
[T+274613168us][CH2-Pc    ] 22
[T+274620168us][CH1-Dispenser] 22 D2
[T+274647301us][CH1-Dispenser] FF E9
[T+274647168us][CH2-Pc    ] FF E9
[T+274661168us][CH1-Dispenser] FE
[T+274660171us][CH2-Pc    ] FE
[T+274673313us][CH1-Dispenser] E0
[T+274673174us][CH2-Pc    ] E0
[T+274685310us][CH1-Dispenser] E1
[T+274685172us][CH2-Pc    ] E1
[T+274698253us][CH1-Dispenser] E0
[T+274698171us][CH2-Pc    ] E0
[T+274711316us][CH1-Dispenser] FB
[T+274711174us][CH2-Pc    ] FB
[T+274724302us][CH1-Dispenser] EE
[T+274724170us][CH2-Pc    ] EE
[T+274736197us][CH2-Pc    ] F0
[T+274766168us][CH1-Dispenser] F0 BA B0 B3 B2 B0 B1 B0 B0 B0 B0 B1 B1 B1 B1 B1 C1 C1 8D 8A
[T+274833168us][CH2-Pc    ] 03
[T+274840175us][CH1-Dispenser] 03 63
[T+274911168us][CH2-Pc    ] 04
[T+274919210us][CH1-Dispenser] 04 64
[T+274989302us][CH1-Dispenser] 05
[T+274989168us][CH2-Pc    ] 05
[T+275164302us][CH1-Dispenser] 06
[T+275164170us][CH2-Pc    ] 06
[T+275339168us][CH2-Pc    ] 01
[T+275345168us][CH1-Dispenser] 01 61
[T+275417192us][CH2-Pc    ] 02
[T+275424168us][CH1-Dispenser] 02 72
[T+275444192us][CH2-Pc    ] 22
[T+275451168us][CH1-Dispenser] 22 D2
[T+275466298us][CH1-Dispenser] FF
[T+275466168us][CH2-Pc    ] FF
[T+275490309us][CH1-Dispenser] E9 FE
[T+275490172us][CH2-Pc    ] E9 FE
[T+275504314us][CH1-Dispenser] E0
[T+275504174us][CH2-Pc    ] E0
[T+275525303us][CH1-Dispenser] E1
[T+275525169us][CH2-Pc    ] E1
[T+275538301us][CH1-Dispenser] E0
[T+275538168us][CH2-Pc    ] E0
[T+275551306us][CH1-Dispenser] FB
[T+275551172us][CH2-Pc    ] FB
[T+275563309us][CH1-Dispenser] EE
[T+275563172us][CH2-Pc    ] EE
[T+275576168us][CH2-Pc    ] F0
[T+275607168us][CH1-Dispenser] F0 BA B0 B3 B2 B0 B1 B0 B0 B0 B0 B1 B1 B1 B1 B1 C1 C1 8D 8A
[T+275678168us][CH2-Pc    ] 03
[T+275687810us][CH1-Dispenser] 03 63
[T+275756168us][CH2-Pc    ] 04
[T+275764853us][CH1-Dispenser] 04 64
[T+275834300us][CH1-Dispenser] 05
[T+275834170us][CH2-Pc    ] 05
[T+276009303us][CH1-Dispenser] 06
[T+276009168us][CH2-Pc    ] 06
[T+276183168us][CH2-Pc    ] 01
[T+276190798us][CH1-Dispenser] 01 61
[T+276263168us][CH2-Pc    ] 02
[T+276269168us][CH1-Dispenser] 02 72
[T+276294196us][CH1-Dispenser] 22 D2
[T+276290168us][CH2-Pc    ] 22
[T+276311299us][CH1-Dispenser] FF
[T+276311168us][CH2-Pc    ] FF
[T+276324302us][CH1-Dispenser] E9
[T+276324168us][CH2-Pc    ] E9
[T+276337315us][CH1-Dispenser] FE
[T+276337176us][CH2-Pc    ] FE
[T+276349383us][CH1-Dispenser] E0
[T+276349248us][CH2-Pc    ] E0
[T+276362299us][CH1-Dispenser] E1
[T+276362168us][CH2-Pc    ] E1
[T+276375300us][CH1-Dispenser] E0
[T+276375168us][CH2-Pc    ] E0
[T+276388582us][CH1-Dispenser] FB
[T+276388721us][CH2-Pc    ] FB
[T+276400400us][CH1-Dispenser] EE
[T+276400540us][CH2-Pc    ] EE
[T+276413168us][CH2-Pc    ] F0
[T+276445197us][CH1-Dispenser] F0 BA B0 B3 B2 B0 B1 B0 B0 B0 B0 B1 B1 B1 B1 B1 C1 C1 8D 8A
[T+276514168us][CH2-Pc    ] 03
[T+276519168us][CH1-Dispenser] 03 63
[T+276598175us][CH1-Dispenser] 04 64
[T+276595170us][CH2-Pc    ] 04
[T+276662303us][CH1-Dispenser] 05
[T+276662169us][CH2-Pc    ] 05
[T+276837310us][CH1-Dispenser] 06
[T+276837171us][CH2-Pc    ] 06
[T+277011168us][CH2-Pc    ] 01
[T+277020168us][CH1-Dispenser] 01 61
[T+277090168us][CH2-Pc    ] 02
[T+277094196us][CH1-Dispenser] 02 72
[T+277117168us][CH2-Pc    ] 22
[T+277125814us][CH1-Dispenser] 22 D2
[T+277151300us][CH1-Dispenser] FF E9
[T+277151169us][CH2-Pc    ] FF E9
[T+277164294us][CH1-Dispenser] FE
[T+277164168us][CH2-Pc    ] FE
[T+277177581us][CH1-Dispenser] E0
[T+277176784us][CH2-Pc    ] E0
[T+277189300us][CH1-Dispenser] E1
[T+277189169us][CH2-Pc    ] E1
[T+277202300us][CH1-Dispenser] E0
[T+277202170us][CH2-Pc    ] E0
[T+277215302us][CH1-Dispenser] FB
[T+277215170us][CH2-Pc    ] FB
[T+277227302us][CH1-Dispenser] EE
[T+277227170us][CH2-Pc    ] EE
[T+277240168us][CH2-Pc    ] F0
[T+277267168us][CH1-Dispenser] F0 BA B0 B3 B2 B0 B1 B0 B0 B0 B0 B1 B1 B1 B1 B1 C1 C1 8D 8A
[T+277334168us][CH2-Pc    ] 03
[T+277341168us][CH1-Dispenser] 03 63
[T+277412168us][CH2-Pc    ] 04
[T+277420804us][CH1-Dispenser] 04 64
[T+277490300us][CH1-Dispenser] 05
[T+277490168us][CH2-Pc    ] 05
[T+277665301us][CH1-Dispenser] 06
[T+277665168us][CH2-Pc    ] 06
[T+277840168us][CH2-Pc    ] 01
[T+277845168us][CH1-Dispenser] 01 61
[T+277918168us][CH2-Pc    ] 02
[T+277927170us][CH1-Dispenser] 02 72
[T+277945168us][CH2-Pc    ] 22
[T+277950168us][CH1-Dispenser] 22 D2
[T+277967302us][CH1-Dispenser] FF
[T+277967169us][CH2-Pc    ] FF
[T+277979308us][CH1-Dispenser] E9
[T+277979172us][CH2-Pc    ] E9
[T+277992306us][CH1-Dispenser] FE
[T+277992171us][CH2-Pc    ] FE
[T+278017298us][CH1-Dispenser] E0 E1
[T+278017168us][CH2-Pc    ] E0 E1
[T+278032310us][CH1-Dispenser] E0
[T+278032171us][CH2-Pc    ] E0
[T+278043178us][CH1-Dispenser] FB
[T+278043313us][CH2-Pc    ] FB
[T+278056168us][CH1-Dispenser] EE
[T+278055169us][CH2-Pc    ] EE
[T+278068927us][CH2-Pc    ] F0
[T+278098168us][CH1-Dispenser] F0 BA B0 B3 B2 B0 B1 B0 B0 B0 B0 B1 B1 B1 B1 B1 C1 C1 8D 8A
[T+278170195us][CH2-Pc    ] 03
[T+278175168us][CH1-Dispenser] 03 63
[T+278248169us][CH2-Pc    ] 04
[T+278256209us][CH1-Dispenser] 04 64
[T+278326302us][CH1-Dispenser] 05
[T+278326170us][CH2-Pc    ] 05
[T+278502301us][CH1-Dispenser] 06
[T+278502169us][CH2-Pc    ] 06
[T+278666192us][CH2-Pc    ] 01
[T+278678192us][CH1-Dispenser] 01 61
[T+278744168us][CH2-Pc    ] 02
[T+278750168us][CH1-Dispenser] 02 72
[T+278771168us][CH2-Pc    ] 22
[T+278793170us][CH1-Dispenser] 22 D2 FF
[T+278793301us][CH2-Pc    ] FF
[T+278806314us][CH1-Dispenser] E9
[T+278806176us][CH2-Pc    ] E9
[T+278818315us][CH1-Dispenser] FE
[T+278818176us][CH2-Pc    ] FE
[T+278831315us][CH1-Dispenser] E0
[T+278831176us][CH2-Pc    ] E0
[T+278844314us][CH1-Dispenser] E1
[T+278844176us][CH2-Pc    ] E1
[T+278858527us][CH1-Dispenser] E0
[T+278858670us][CH2-Pc    ] E0
[T+278869309us][CH1-Dispenser] FB
[T+278869176us][CH2-Pc    ] FB
[T+278882315us][CH1-Dispenser] EE
[T+278882176us][CH2-Pc    ] EE
[T+278894212us][CH2-Pc    ] F0
[T+278923172us][CH1-Dispenser] F0 BA B0 B3 B2 B0 B1 B0 B0 B0 B0 B1 B1 B1 B1 B1 C1 C1 8D 8A
[T+278997168us][CH2-Pc    ] 03
[T+279004173us][CH1-Dispenser] 03 63
[T+279075168us][CH2-Pc    ] 04
[T+279080168us][CH1-Dispenser] 04 64
[T+279153303us][CH1-Dispenser] 05
[T+279153170us][CH2-Pc    ] 05
[T+279327300us][CH1-Dispenser] 06
[T+279327168us][CH2-Pc    ] 06
[T+279502168us][CH2-Pc    ] 01
[T+279509168us][CH1-Dispenser] 01 61
[T+279580168us][CH2-Pc    ] 02
[T+279584197us][CH1-Dispenser] 02 72
[T+279607168us][CH2-Pc    ] 22
[T+279615209us][CH1-Dispenser] 22 D2
[T+279629377us][CH1-Dispenser] FF
[T+279629240us][CH2-Pc    ] FF
[T+279650298us][CH1-Dispenser] E9
[T+279650168us][CH2-Pc    ] E9
[T+279668295us][CH1-Dispenser] FE
[T+279668168us][CH2-Pc    ] FE
[T+279680314us][CH1-Dispenser] E0
[T+279680176us][CH2-Pc    ] E0
[T+279694315us][CH1-Dispenser] E1
[T+279694176us][CH2-Pc    ] E1
[T+279706314us][CH1-Dispenser] E0
[T+279706176us][CH2-Pc    ] E0
[T+279718175us][CH2-Pc    ] FB
[T+279719168us][CH1-Dispenser] FB
[T+279731299us][CH1-Dispenser] EE
[T+279731168us][CH2-Pc    ] EE
[T+279744168us][CH2-Pc    ] F0
[T+279775168us][CH1-Dispenser] F0 BA B0 B3 B2 B0 B1 B0 B0 B0 B0 B1 B1 B1 B1 B1 C1 C1 8D 8A
[T+279845168us][CH2-Pc    ] 03
[T+279849197us][CH1-Dispenser] 03 63
[T+279923170us][CH2-Pc    ] 04
[T+279930168us][CH1-Dispenser] 04 64
[T+280001300us][CH1-Dispenser] 05
[T+280001168us][CH2-Pc    ] 05
[T+280165304us][CH1-Dispenser] 06
[T+280165170us][CH2-Pc    ] 06
[T+280340168us][CH2-Pc    ] 01
[T+280345778us][CH1-Dispenser] 01 61
[T+280418168us][CH2-Pc    ] 02
[T+280424168us][CH1-Dispenser] 02 72
[T+280445168us][CH2-Pc    ] 22
[T+280451168us][CH1-Dispenser] 22 D2
[T+280479305us][CH1-Dispenser] FF E9
[T+280479170us][CH2-Pc    ] FF E9
[T+280492313us][CH1-Dispenser] FE
[T+280492172us][CH2-Pc    ] FE
[T+280505306us][CH1-Dispenser] E0
[T+280505171us][CH2-Pc    ] E0
[T+280529306us][CH1-Dispenser] E1 E0
[T+280529172us][CH2-Pc    ] E1 E0
[T+280550168us][CH1-Dispenser] FB
[T+280549168us][CH2-Pc    ] FB
[T+280562299us][CH1-Dispenser] EE
[T+280562170us][CH2-Pc    ] EE
[T+280575168us][CH2-Pc    ] F0
[T+280602168us][CH1-Dispenser] F0 BA B0 B3 B2 B0 B1 B0 B0 B0 B0 B1 B1 B1 B1 B1 C1 C1 8D 8A
[T+280670193us][CH2-Pc    ] 03
[T+280674196us][CH1-Dispenser] 03 63
[T+280748169us][CH2-Pc    ] 04
[T+280754769us][CH1-Dispenser] 04 64
[T+280826300us][CH1-Dispenser] 05
[T+280826168us][CH2-Pc    ] 05
[T+281001301us][CH1-Dispenser] 06
[T+281001168us][CH2-Pc    ] 06
[T+281165193us][CH2-Pc    ] 01
[T+281170168us][CH1-Dispenser] 01 61
[T+281243168us][CH2-Pc    ] 02
[T+281251344us][CH1-Dispenser] 02 72
[T+281281168us][CH2-Pc    ] 22 FF
[T+281282168us][CH1-Dispenser] 22 D2 FF
[T+281295297us][CH1-Dispenser] E9
[T+281295168us][CH2-Pc    ] E9
[T+281316299us][CH1-Dispenser] FE
[T+281316168us][CH2-Pc    ] FE
[T+281331315us][CH1-Dispenser] E0
[T+281331175us][CH2-Pc    ] E0
[T+281343304us][CH1-Dispenser] E1
[T+281343171us][CH2-Pc    ] E1
[T+281356304us][CH1-Dispenser] E0
[T+281356171us][CH2-Pc    ] E0
[T+281369849us][CH1-Dispenser] FB
[T+281369701us][CH2-Pc    ] FB
[T+281382168us][CH1-Dispenser] EE
[T+281381172us][CH2-Pc    ] EE
[T+281394660us][CH2-Pc    ] F0
[T+281422193us][CH1-Dispenser] F0 BA B0 B3 B2 B0 B1 B0 B0 B0 B0 B1 B1 B1 B1 B1 C1 C1 8D 8A
[T+281435168us][CH2-Pc    ] 22
[T+281440168us][CH1-Dispenser] 22 D2
[T+281469302us][CH1-Dispenser] FF E5
[T+281469168us][CH2-Pc    ] FF E5
[T+281482309us][CH1-Dispenser] F4
[T+281482176us][CH2-Pc    ] F4
[T+281496169us][CH1-Dispenser] F6
[T+281495171us][CH2-Pc    ] F6
[T+281507314us][CH1-Dispenser] E0
[T+281507176us][CH2-Pc    ] E0
[T+281520318us][CH1-Dispenser] F7
[T+281520181us][CH2-Pc    ] F7
[T+281535307us][CH1-Dispenser] E0
[T+281535171us][CH2-Pc    ] E0
[T+281548820us][CH1-Dispenser] E3
[T+281548679us][CH2-Pc    ] E3
[T+281560569us][CH1-Dispenser] E1
[T+281560431us][CH2-Pc    ] E1
[T+281573298us][CH1-Dispenser] E1
[T+281573168us][CH2-Pc    ] E1
[T+281586294us][CH1-Dispenser] FB
[T+281586168us][CH2-Pc    ] FB
[T+281598309us][CH1-Dispenser] EB
[T+281598176us][CH2-Pc    ] EB
[T+281614174us][CH1-Dispenser] F0
[T+281614313us][CH2-Pc    ] F0
[T+281700168us][CH2-Pc    ] 02
[T+281705168us][CH1-Dispenser] 02 72
[T+281727168us][CH2-Pc    ] 22
[T+281734168us][CH1-Dispenser] 22 D2
[T+281749308us][CH1-Dispenser] FF
[T+281749171us][CH2-Pc    ] FF
[T+281762176us][CH1-Dispenser] E5
[T+281762309us][CH2-Pc    ] E5
[T+281774176us][CH1-Dispenser] F2
[T+281774313us][CH2-Pc    ] F2
[T+281787306us][CH1-Dispenser] F8
[T+281787171us][CH2-Pc    ] F8
[T+281800313us][CH1-Dispenser] E0
[T+281800173us][CH2-Pc    ] E0
[T+281821298us][CH1-Dispenser] E0
[T+281821168us][CH2-Pc    ] E0
[T+281834310us][CH1-Dispenser] E0
[T+281834176us][CH2-Pc    ] E0
[T+281847310us][CH1-Dispenser] E0
[T+281847176us][CH2-Pc    ] E0
[T+281871306us][CH1-Dispenser] E0 E0
[T+281871168us][CH2-Pc    ] E0 E0
[T+281884305us][CH1-Dispenser] FB
[T+281884170us][CH2-Pc    ] FB
[T+281897314us][CH1-Dispenser] E7
[T+281897173us][CH2-Pc    ] E7
[T+281910315us][CH1-Dispenser] F0
[T+281910176us][CH2-Pc    ] F0
[T+281999168us][CH2-Pc    ] 02
[T+282004768us][CH1-Dispenser] 02 72
[T+282026299us][CH1-Dispenser] 12
[T+282026168us][CH2-Pc    ] 12
[T+282113168us][CH2-Pc    ] 02
[T+282119175us][CH1-Dispenser] 02 92
[T+282195192us][CH2-Pc    ] 03
[T+282199198us][CH1-Dispenser] 03 63
[T+282262168us][CH2-Pc    ] 04
[T+282269176us][CH1-Dispenser] 04 64
[T+282341303us][CH1-Dispenser] 05
[T+282341168us][CH2-Pc    ] 05
[T+282515303us][CH1-Dispenser] 06
[T+282515170us][CH2-Pc    ] 06
[T+282679192us][CH2-Pc    ] 01
[T+282685175us][CH1-Dispenser] 01 61
[T+282758168us][CH2-Pc    ] 02
[T+282764168us][CH1-Dispenser] 02 92
[T+283336193us][CH2-Pc    ] 03
[T+283343773us][CH1-Dispenser] 03 63
[T+283414168us][CH2-Pc    ] 04
[T+283420761us][CH1-Dispenser] 04 64
[T+283492301us][CH1-Dispenser] 05
[T+283492168us][CH2-Pc    ] 05
[T+283671304us][CH1-Dispenser] 06
[T+283671169us][CH2-Pc    ] 06
[T+283845168us][CH2-Pc    ] 01
[T+283849196us][CH1-Dispenser] 01 61
[T+283913192us][CH2-Pc    ] 02
[T+283921209us][CH1-Dispenser] 02 92
[T+283940168us][CH2-Pc    ] 62
[T+283951168us][CH1-Dispenser] 62 E0 E0 E0 E0 E0 E0
[T+284019192us][CH2-Pc    ] 03
[T+284024168us][CH1-Dispenser] 03 63
[T+284087168us][CH2-Pc    ] 04
[T+284094735us][CH1-Dispenser] 04 64
[T+284165302us][CH1-Dispenser] 05
[T+284165169us][CH2-Pc    ] 05
[T+284340301us][CH1-Dispenser] 06
[T+284340168us][CH2-Pc    ] 06
[T+284540194us][CH2-Pc    ] 01
[T+284545168us][CH1-Dispenser] 01 61
[T+284618168us][CH2-Pc    ] 02
[T+284625575us][CH1-Dispenser] 02 92
[T+284646303us][CH1-Dispenser] 62
[T+284646169us][CH2-Pc    ] 62
[T+284665168us][CH1-Dispenser] E0 E0 E0 E0 E0 E0
[T+284731168us][CH2-Pc    ] 03
[T+284739815us][CH1-Dispenser] 03 63
[T+284809168us][CH2-Pc    ] 04
[T+284815168us][CH1-Dispenser] 04 64
[T+284887303us][CH1-Dispenser] 05
[T+284887169us][CH2-Pc    ] 05
[T+285062302us][CH1-Dispenser] 06
[T+285062170us][CH2-Pc    ] 06
[T+285227168us][CH2-Pc    ] 01
[T+285234175us][CH1-Dispenser] 01 61
[T+285305168us][CH2-Pc    ] 02
[T+285322192us][CH2-Pc    ] 62
[T+285336168us][CH1-Dispenser] 02 92 62 E0 E0 E0 E0 E0 E0
[T+285400192us][CH2-Pc    ] 03
[T+285404197us][CH1-Dispenser] 03 63
[T+285468193us][CH2-Pc    ] 04
[T+285474168us][CH1-Dispenser] 04 64
[T+285546300us][CH1-Dispenser] 05
[T+285546169us][CH2-Pc    ] 05
[T+285720302us][CH1-Dispenser] 06
[T+285720170us][CH2-Pc    ] 06
[T+285898168us][CH2-Pc    ] 01
[T+285905168us][CH1-Dispenser] 01 61
[T+285975169us][CH2-Pc    ] 02
[T+285981168us][CH1-Dispenser] 02 92
[T+286003168us][CH2-Pc    ] 62
[T+286017168us][CH1-Dispenser] 62 E4 E2 E1 E0 E0 E0
[T+286081192us][CH2-Pc    ] 03
[T+286085196us][CH1-Dispenser] 03 63
[T+286159168us][CH2-Pc    ] 04
[T+286165774us][CH1-Dispenser] 04 64
[T+286237300us][CH1-Dispenser] 05
[T+286237168us][CH2-Pc    ] 05
[T+286414300us][CH1-Dispenser] 06
[T+286414168us][CH2-Pc    ] 06
[T+286591168us][CH2-Pc    ] 01
[T+286602168us][CH1-Dispenser] 01 61
[T+286670192us][CH2-Pc    ] 02
[T+286681172us][CH1-Dispenser] 02 92
[T+286697207us][CH2-Pc    ] 62
[T+286712168us][CH1-Dispenser] 62 E8 E2 E3 E0 E0 E0
[T+286776193us][CH2-Pc    ] 03
[T+286785168us][CH1-Dispenser] 03 63
[T+286854168us][CH2-Pc    ] 04
[T+286860190us][CH1-Dispenser] 04 64
[T+286932299us][CH1-Dispenser] 05
[T+286932168us][CH2-Pc    ] 05
[T+287107300us][CH1-Dispenser] 06
[T+287107169us][CH2-Pc    ] 06
[T+287282168us][CH2-Pc    ] 01
[T+287290859us][CH1-Dispenser] 01 61
[T+287360168us][CH2-Pc    ] 02
[T+287364197us][CH1-Dispenser] 02 92
[T+287381168us][CH2-Pc    ] 62
[T+287397192us][CH1-Dispenser] 62 E0 E2 E5 E0 E0 E0
[T+287470168us][CH2-Pc    ] 03
[T+287475168us][CH1-Dispenser] 03 63
[T+287538168us][CH2-Pc    ] 04
[T+287547168us][CH1-Dispenser] 04 64
[T+287616300us][CH1-Dispenser] 05
[T+287616168us][CH2-Pc    ] 05
[T+287793304us][CH1-Dispenser] 06
[T+287793170us][CH2-Pc    ] 06
[T+287969193us][CH2-Pc    ] 01
[T+287976806us][CH1-Dispenser] 01 61
[T+288049168us][CH2-Pc    ] 02
[T+288057193us][CH1-Dispenser] 02 92
[T+288076168us][CH2-Pc    ] 62
[T+288088177us][CH1-Dispenser] 62 E4 E0 E9 E0 E0 E0
[T+288154168us][CH2-Pc    ] 03
[T+288159168us][CH1-Dispenser] 03 63
[T+288232168us][CH2-Pc    ] 04
[T+288240209us][CH1-Dispenser] 04 64
[T+288310300us][CH1-Dispenser] 05
[T+288310169us][CH2-Pc    ] 05
[T+288488303us][CH1-Dispenser] 06
[T+288488170us][CH2-Pc    ] 06
[T+288674168us][CH2-Pc    ] 01
[T+288681804us][CH1-Dispenser] 01 61
[T+288752168us][CH2-Pc    ] 02
[T+288760209us][CH1-Dispenser] 02 92
[T+288779168us][CH2-Pc    ] 62
[T+288791194us][CH1-Dispenser] 62 E2 E2 E3 E1 E0 E0
[T+288858168us][CH2-Pc    ] 03
[T+288866193us][CH1-Dispenser] 03 63
[T+288936168us][CH2-Pc    ] 04
[T+288945168us][CH1-Dispenser] 04 64
[T+289015413us][CH1-Dispenser] 05
[T+289015250us][CH2-Pc    ] 05
[T+289181300us][CH1-Dispenser] 06
[T+289181168us][CH2-Pc    ] 06
[T+289355168us][CH2-Pc    ] 01
[T+289361815us][CH1-Dispenser] 01 61
[T+289433193us][CH2-Pc    ] 02
[T+289440177us][CH1-Dispenser] 02 92
[T+289460192us][CH2-Pc    ] 62
[T+289471168us][CH1-Dispenser] 62 E0 E4 E7 E1 E0 E0
[T+289540168us][CH2-Pc    ] 03
[T+289547774us][CH1-Dispenser] 03 63
[T+289618168us][CH2-Pc    ] 04
[T+289628168us][CH1-Dispenser] 04 64
[T+289696301us][CH1-Dispenser] 05
[T+289696168us][CH2-Pc    ] 05
[T+289871300us][CH1-Dispenser] 06
[T+289871168us][CH2-Pc    ] 06
[T+290046168us][CH2-Pc    ] 01
[T+290049168us][CH1-Dispenser] 01 61
[T+290113168us][CH2-Pc    ] 02
[T+290120175us][CH1-Dispenser] 02 92
[T+290141168us][CH2-Pc    ] 62
[T+290156168us][CH1-Dispenser] 62 E0 E7 E1 E2 E0 E0
[T+290230168us][CH2-Pc    ] 03
[T+290235168us][CH1-Dispenser] 03 63
[T+290308168us][CH2-Pc    ] 04
[T+290314168us][CH1-Dispenser] 04 64
[T+290386302us][CH1-Dispenser] 05
[T+290386170us][CH2-Pc    ] 05
[T+290562301us][CH1-Dispenser] 06
[T+290562168us][CH2-Pc    ] 06
[T+290736168us][CH2-Pc    ] 01
[T+290742802us][CH1-Dispenser] 01 61
[T+290815209us][CH2-Pc    ] 02
[T+290819939us][CH1-Dispenser] 02 92
[T+290842168us][CH2-Pc    ] 62
[T+290856168us][CH1-Dispenser] 62 E0 E1 E6 E2 E0 E0
[T+290939168us][CH2-Pc    ] 03
[T+290945804us][CH1-Dispenser] 03 63
[T+291018168us][CH2-Pc    ] 04
[T+291024168us][CH1-Dispenser] 04 64
[T+291096300us][CH1-Dispenser] 05
[T+291096168us][CH2-Pc    ] 05
[T+291282303us][CH1-Dispenser] 06
[T+291282170us][CH2-Pc    ] 06
[T+291446192us][CH2-Pc    ] 01
[T+291453168us][CH1-Dispenser] 01 61
[T+291524168us][CH2-Pc    ] 02
[T+291532209us][CH1-Dispenser] 02 92
[T+291551168us][CH2-Pc    ] 62
[T+291566168us][CH1-Dispenser] 62 E2 E6 E0 E3 E0 E0
[T+291642193us][CH2-Pc    ] 03
[T+291651168us][CH1-Dispenser] 03 63
[T+291720168us][CH2-Pc    ] 04
[T+291727810us][CH1-Dispenser] 04 64
[T+291798300us][CH1-Dispenser] 05
[T+291798169us][CH2-Pc    ] 05
[T+291962298us][CH1-Dispenser] 06
[T+291962168us][CH2-Pc    ] 06
[T+292137168us][CH2-Pc    ] 01
[T+292147172us][CH1-Dispenser] 01 61
[T+292217168us][CH2-Pc    ] 02
[T+292226807us][CH1-Dispenser] 02 92
[T+292244168us][CH2-Pc    ] 62
[T+292257168us][CH1-Dispenser] 62 E3 E0 E5 E3 E0 E0
[T+292322168us][CH2-Pc    ] 03
[T+292331168us][CH1-Dispenser] 03 63
[T+292401168us][CH2-Pc    ] 04
[T+292404168us][CH1-Dispenser] 04 64
[T+292468300us][CH1-Dispenser] 05
[T+292468169us][CH2-Pc    ] 05
[T+292634301us][CH1-Dispenser] 06
[T+292634168us][CH2-Pc    ] 06
[T+292811168us][CH2-Pc    ] 01
[T+292816168us][CH1-Dispenser] 01 61
[T+292889168us][CH2-Pc    ] 02
[T+292897193us][CH1-Dispenser] 02 92
[T+292916168us][CH2-Pc    ] 62
[T+292933168us][CH1-Dispenser] 62 E6 E6 E9 E3 E0 E0
[T+293005192us][CH2-Pc    ] 03
[T+293010168us][CH1-Dispenser] 03 63
[T+293084168us][CH2-Pc    ] 04
[T+293091218us][CH1-Dispenser] 04 64
[T+293162301us][CH1-Dispenser] 05
[T+293162169us][CH2-Pc    ] 05
[T+293336300us][CH1-Dispenser] 06
[T+293336168us][CH2-Pc    ] 06
[T+293511168us][CH2-Pc    ] 01
[T+293516822us][CH1-Dispenser] 01 61
[T+293589168us][CH2-Pc    ] 02
[T+293595168us][CH1-Dispenser] 02 92
[T+293617168us][CH2-Pc    ] 62
[T+293633194us][CH1-Dispenser] 62 E8 E1 E4 E4 E0 E0
[T+293706168us][CH2-Pc    ] 03
[T+293714209us][CH1-Dispenser] 03 63
[T+293784168us][CH2-Pc    ] 04
[T+293792209us][CH1-Dispenser] 04 64
[T+293862301us][CH1-Dispenser] 05
[T+293862168us][CH2-Pc    ] 05
[T+294047301us][CH1-Dispenser] 06
[T+294047169us][CH2-Pc    ] 06
[T+294241168us][CH2-Pc    ] 01
[T+294246815us][CH1-Dispenser] 01 61
[T+294319168us][CH2-Pc    ] 02
[T+294327193us][CH1-Dispenser] 02 92
[T+294346168us][CH2-Pc    ] 62
[T+294356175us][CH1-Dispenser] 62 E1 E6 E9 E4 E0 E0
[T+294426168us][CH2-Pc    ] 03
[T+294433175us][CH1-Dispenser] 03 63
[T+294505192us][CH2-Pc    ] 04
[T+294513193us][CH1-Dispenser] 04 64
[T+294584300us][CH1-Dispenser] 05
[T+294584169us][CH2-Pc    ] 05
[T+294760301us][CH1-Dispenser] 06
[T+294760168us][CH2-Pc    ] 06
[T+294935168us][CH2-Pc    ] 01
[T+294942399us][CH1-Dispenser] 01 61
[T+295013168us][CH2-Pc    ] 02
[T+295023175us][CH1-Dispenser] 02 92
[T+295040168us][CH2-Pc    ] 62
[T+295053168us][CH1-Dispenser] 62 E3 E1 E4 E5 E0 E0
[T+295120168us][CH2-Pc    ] 03
[T+295127175us][CH1-Dispenser] 03 63
[T+295198168us][CH2-Pc    ] 04
[T+295204177us][CH1-Dispenser] 04 64
[T+295276301us][CH1-Dispenser] 05
[T+295276168us][CH2-Pc    ] 05
[T+295453302us][CH1-Dispenser] 06
[T+295453168us][CH2-Pc    ] 06
[T+295618168us][CH2-Pc    ] 01
[T+295627441us][CH1-Dispenser] 01 61
[T+295697168us][CH2-Pc    ] 02
[T+295707172us][CH1-Dispenser] 02 92
[T+295724168us][CH2-Pc    ] 62
[T+295738168us][CH1-Dispenser] 62 E1 E2 E9 E5 E0 E0
[T+295803168us][CH2-Pc    ] 03
[T+295812168us][CH1-Dispenser] 03 63
[T+295881168us][CH2-Pc    ] 04
[T+295891172us][CH1-Dispenser] 04 64
[T+295960299us][CH1-Dispenser] 05
[T+295960168us][CH2-Pc    ] 05
[T+296134302us][CH1-Dispenser] 06
[T+296134168us][CH2-Pc    ] 06
[T+296309168us][CH2-Pc    ] 01
[T+296316175us][CH1-Dispenser] 01 61
[T+296388193us][CH2-Pc    ] 02
[T+296396169us][CH1-Dispenser] 02 92
[T+296444194us][CH2-Pc    ] 62
[T+296457168us][CH1-Dispenser] 62 E0 E3 E4 E6 E0 E0
[T+296522168us][CH2-Pc    ] 03
[T+296533175us][CH1-Dispenser] 03 63
[T+296600168us][CH2-Pc    ] 04
[T+296605168us][CH1-Dispenser] 04 64
[T+296678303us][CH1-Dispenser] 05
[T+296678168us][CH2-Pc    ] 05
[T+296853309us][CH1-Dispenser] 06
[T+296853171us][CH2-Pc    ] 06
[T+297029193us][CH2-Pc    ] 01
[T+297036818us][CH1-Dispenser] 01 61
[T+297107168us][CH2-Pc    ] 02
[T+297117168us][CH1-Dispenser] 02 92
[T+297134168us][CH2-Pc    ] 62
[T+297146193us][CH1-Dispenser] 62 E4 E0 E9 E6 E0 E0
[T+297213168us][CH2-Pc    ] 03
[T+297221193us][CH1-Dispenser] 03 63
[T+297292168us][CH2-Pc    ] 04
[T+297302169us][CH1-Dispenser] 04 64
[T+297372299us][CH1-Dispenser] 05
[T+297372168us][CH2-Pc    ] 05
[T+297547300us][CH1-Dispenser] 06
[T+297547169us][CH2-Pc    ] 06
[T+297711192us][CH2-Pc    ] 01
[T+297716168us][CH1-Dispenser] 01 61
[T+297779168us][CH2-Pc    ] 02
[T+297788168us][CH1-Dispenser] 02 92
[T+297806168us][CH2-Pc    ] 62
[T+297817173us][CH1-Dispenser] 62 E0 E9 E3 E7 E0 E0
[T+297885193us][CH2-Pc    ] 03
[T+297891799us][CH1-Dispenser] 03 63
[T+297963193us][CH2-Pc    ] 04
[T+297970175us][CH1-Dispenser] 04 64
[T+298041300us][CH1-Dispenser] 05
[T+298041168us][CH2-Pc    ] 05
[T+298216302us][CH1-Dispenser] 06
[T+298216169us][CH2-Pc    ] 06
[T+298393168us][CH2-Pc    ] 01
[T+298401209us][CH1-Dispenser] 01 61
[T+298471168us][CH2-Pc    ] 02
[T+298477810us][CH1-Dispenser] 02 92
[T+298500168us][CH2-Pc    ] 62
[T+298513168us][CH1-Dispenser] 62 E0 E1 E9 E7 E0 E0
[T+298579168us][CH2-Pc    ] 03
[T+298585168us][CH1-Dispenser] 03 63
[T+298657193us][CH2-Pc    ] 04
[T+298666168us][CH1-Dispenser] 04 64
[T+298735300us][CH1-Dispenser] 05
[T+298735168us][CH2-Pc    ] 05
[T+298899306us][CH1-Dispenser] 06
[T+298899169us][CH2-Pc    ] 06
[T+299075197us][CH2-Pc    ] 01
[T+299083193us][CH1-Dispenser] 01 61
[T+299153168us][CH2-Pc    ] 02
[T+299162168us][CH1-Dispenser] 02 92
[T+299180168us][CH2-Pc    ] 62
[T+299193168us][CH1-Dispenser] 62 E6 E9 E3 E8 E0 E0
[T+299258168us][CH2-Pc    ] 03
[T+299266209us][CH1-Dispenser] 03 63
[T+299336168us][CH2-Pc    ] 04
[T+299340196us][CH1-Dispenser] 04 64
[T+299404303us][CH1-Dispenser] 05
[T+299404170us][CH2-Pc    ] 05
[T+299580300us][CH1-Dispenser] 06
[T+299580169us][CH2-Pc    ] 06
[T+299743168us][CH2-Pc    ] 01
[T+299752168us][CH1-Dispenser] 01 61
[T+299822168us][CH2-Pc    ] 02
[T+299826196us][CH1-Dispenser] 02 92
[T+299839168us][CH2-Pc    ] 62
[T+299853168us][CH1-Dispenser] 62 E2 E8 E8 E8 E0 E0
[T+299917193us][CH2-Pc    ] 03
[T+299927172us][CH1-Dispenser] 03 63
[T+299995195us][CH2-Pc    ] 04
[T+300001809us][CH1-Dispenser] 04 64
[T+300074303us][CH1-Dispenser] 05
[T+300074168us][CH2-Pc    ] 05
[T+300249303us][CH1-Dispenser] 06
[T+300249169us][CH2-Pc    ] 06
[T+300414168us][CH2-Pc    ] 01
[T+300421168us][CH1-Dispenser] 01 61
[T+300493194us][CH2-Pc    ] 02
[T+300500175us][CH1-Dispenser] 02 92
[T+300520193us][CH2-Pc    ] 62
[T+300533168us][CH1-Dispenser] 62 E2 E0 E4 E9 E0 E0
[T+300599168us][CH2-Pc    ] 03
[T+300607193us][CH1-Dispenser] 03 63
[T+300677168us][CH2-Pc    ] 04
[T+300689203us][CH1-Dispenser] 04 64
[T+300755301us][CH1-Dispenser] 05
[T+300755168us][CH2-Pc    ] 05
[T+300931302us][CH1-Dispenser] 06
[T+300931168us][CH2-Pc    ] 06
[T+301108168us][CH2-Pc    ] 01
[T+301119538us][CH1-Dispenser] 01 61
[T+301187192us][CH2-Pc    ] 02
[T+301196464us][CH1-Dispenser] 02 92
[T+301214168us][CH2-Pc    ] 62
[T+301227692us][CH1-Dispenser] 62 E0 E1 E9 E9 E0 E0
[T+301293168us][CH2-Pc    ] 03
[T+301302168us][CH1-Dispenser] 03 63
[T+301374193us][CH2-Pc    ] 04
[T+301381175us][CH1-Dispenser] 04 64
[T+301453300us][CH1-Dispenser] 05
[T+301453168us][CH2-Pc    ] 05
[T+301617299us][CH1-Dispenser] 06
[T+301617168us][CH2-Pc    ] 06
[T+301792168us][CH2-Pc    ] 01
[T+301801802us][CH1-Dispenser] 01 61
[T+301871168us][CH2-Pc    ] 02
[T+301876168us][CH1-Dispenser] 02 92
[T+301898299us][CH1-Dispenser] 62
[T+301898168us][CH2-Pc    ] 62
[T+301916168us][CH1-Dispenser] E7 E0 E4 E0 E1 E0
[T+301988194us][CH2-Pc    ] 03
[T+301999168us][CH1-Dispenser] 03 63
[T+302066168us][CH2-Pc    ] 04
[T+302072168us][CH1-Dispenser] 04 64
[T+302144306us][CH1-Dispenser] 05
[T+302144172us][CH2-Pc    ] 05
[T+302329299us][CH1-Dispenser] 06
[T+302329168us][CH2-Pc    ] 06
[T+302499168us][CH2-Pc    ] 01
[T+302506819us][CH1-Dispenser] 01 61
[T+302577168us][CH2-Pc    ] 02
[T+302587168us][CH1-Dispenser] 02 92
[T+302605168us][CH2-Pc    ] 62
[T+302618168us][CH1-Dispenser] 62 E8 E3 E9 E0 E1 E0
[T+302683168us][CH2-Pc    ] 03
[T+302691193us][CH1-Dispenser] 03 63
[T+302761168us][CH2-Pc    ] 04
[T+302765197us][CH1-Dispenser] 04 64
[T+302828300us][CH1-Dispenser] 05
[T+302828168us][CH2-Pc    ] 05
[T+302993301us][CH1-Dispenser] 06
[T+302993168us][CH2-Pc    ] 06
[T+303170168us][CH2-Pc    ] 01
[T+303178209us][CH1-Dispenser] 01 61
[T+303249168us][CH2-Pc    ] 02
[T+303256168us][CH1-Dispenser] 02 92
[T+303277168us][CH2-Pc    ] 62
[T+303289207us][CH1-Dispenser] 62 E3 E1 E4 E1 E1 E0
[T+303356168us][CH2-Pc    ] 03
[T+303362175us][CH1-Dispenser] 03 63
[T+303434193us][CH2-Pc    ] 04
[T+303441168us][CH1-Dispenser] 04 64
[T+303512300us][CH1-Dispenser] 05
[T+303512168us][CH2-Pc    ] 05
[T+303681327us][CH1-Dispenser] 06
[T+303681170us][CH2-Pc    ] 06
[T+303857192us][CH2-Pc    ] 01
[T+303862168us][CH1-Dispenser] 01 61
[T+303935168us][CH2-Pc    ] 02
[T+303941168us][CH1-Dispenser] 02 92
[T+303962168us][CH2-Pc    ] 62
[T+303979168us][CH1-Dispenser] 62 E3 E3 E9 E1 E1 E0
[T+304053168us][CH2-Pc    ] 03
[T+304061851us][CH1-Dispenser] 03 63
[T+304132168us][CH2-Pc    ] 04
[T+304140209us][CH1-Dispenser] 04 64
[T+304210299us][CH1-Dispenser] 05
[T+304210168us][CH2-Pc    ] 05
[T+304386302us][CH1-Dispenser] 06
[T+304386169us][CH2-Pc    ] 06
[T+304563168us][CH2-Pc    ] 01
[T+304573168us][CH1-Dispenser] 01 61
[T+304641193us][CH2-Pc    ] 02
[T+304646802us][CH1-Dispenser] 02 92
[T+304669168us][CH2-Pc    ] 62
[T+304686168us][CH1-Dispenser] 62 E3 E5 E4 E2 E1 E0
[T+304759168us][CH2-Pc    ] 03
[T+304765764us][CH1-Dispenser] 03 63
[T+304837192us][CH2-Pc    ] 04
[T+304846168us][CH1-Dispenser] 04 64
[T+304915305us][CH1-Dispenser] 05
[T+304915168us][CH2-Pc    ] 05
[T+305090300us][CH1-Dispenser] 06
[T+305090169us][CH2-Pc    ] 06
[T+305265168us][CH2-Pc    ] 01
[T+305272168us][CH1-Dispenser] 01 61
[T+305343168us][CH2-Pc    ] 02
[T+305351209us][CH1-Dispenser] 02 92
[T+305371169us][CH2-Pc    ] 62
[T+305382168us][CH1-Dispenser] 62 E4 E8 E9 E2 E1 E0
[T+305449168us][CH2-Pc    ] 03
[T+305457209us][CH1-Dispenser] 03 63
[T+305531196us][CH1-Dispenser] 04 64
[T+305527168us][CH2-Pc    ] 04
[T+305606300us][CH1-Dispenser] 05
[T+305606168us][CH2-Pc    ] 05
[T+305782302us][CH1-Dispenser] 06
[T+305782168us][CH2-Pc    ] 06
[T+305946192us][CH2-Pc    ] 01
[T+305952168us][CH1-Dispenser] 01 61
[T+306026168us][CH2-Pc    ] 02
[T+306031168us][CH1-Dispenser] 02 92
[T+306053168us][CH2-Pc    ] 62
[T+306068168us][CH1-Dispenser] 62 E1 E8 E4 E3 E1 E0
[T+306132192us][CH2-Pc    ] 03
[T+306142191us][CH1-Dispenser] 03 63
[T+306215168us][CH2-Pc    ] 04
[T+306221168us][CH1-Dispenser] 04 64
[T+306293300us][CH1-Dispenser] 05
[T+306293170us][CH2-Pc    ] 05
[T+306469301us][CH1-Dispenser] 06
[T+306469168us][CH2-Pc    ] 06
[T+306632168us][CH2-Pc    ] 01
[T+306635169us][CH1-Dispenser] 01 61
[T+306700168us][CH2-Pc    ] 02
[T+306706175us][CH1-Dispenser] 02 92
[T+306727168us][CH2-Pc    ] 62
[T+306738168us][CH1-Dispenser] 62 E7 E6 E9 E3 E1 E0
[T+306808168us][CH2-Pc    ] 03
[T+306816769us][CH1-Dispenser] 03 63
[T+306886168us][CH2-Pc    ] 04
[T+306891808us][CH1-Dispenser] 04 64
[T+306964299us][CH1-Dispenser] 05
[T+306964168us][CH2-Pc    ] 05
[T+307139302us][CH1-Dispenser] 06
[T+307139169us][CH2-Pc    ] 06
[T+307304168us][CH2-Pc    ] 01
[T+307312848us][CH1-Dispenser] 01 61
[T+307382168us][CH2-Pc    ] 02
[T+307391185us][CH1-Dispenser] 02 92
[T+307409168us][CH2-Pc    ] 62
[T+307426168us][CH1-Dispenser] 62 E8 E9 E4 E4 E1 E0
[T+307499168us][CH2-Pc    ] 03
[T+307506168us][CH1-Dispenser] 03 63
[T+307577168us][CH2-Pc    ] 04
[T+307587410us][CH1-Dispenser] 04 64
[T+307656300us][CH1-Dispenser] 05
[T+307656169us][CH2-Pc    ] 05
[T+307820168us][CH2-Pc    ] 06
[T+307821168us][CH1-Dispenser] 06
[T+307995168us][CH2-Pc    ] 01
[T+308004168us][CH1-Dispenser] 01 61
[T+308073168us][CH2-Pc    ] 02
[T+308082263us][CH1-Dispenser] 02 92
[T+308101168us][CH2-Pc    ] 62
[T+308113192us][CH1-Dispenser] 62 E4 E8 E9 E4 E1 E0
[T+308179168us][CH2-Pc    ] 03
[T+308191202us][CH1-Dispenser] 03 63
[T+308261196us][CH1-Dispenser] 04 64
[T+308257168us][CH2-Pc    ] 04
[T+308324300us][CH1-Dispenser] 05
[T+308324168us][CH2-Pc    ] 05
[T+308500302us][CH1-Dispenser] 06
[T+308500168us][CH2-Pc    ] 06
[T+308664192us][CH2-Pc    ] 01
[T+308673200us][CH1-Dispenser] 01 61
[T+308742168us][CH2-Pc    ] 02
[T+308753174us][CH1-Dispenser] 02 92
[T+308770168us][CH2-Pc    ] 62
[T+308784168us][CH1-Dispenser] 62 E2 E9 E4 E5 E1 E0
[T+308851168us][CH2-Pc    ] 03
[T+308859209us][CH1-Dispenser] 03 63
[T+308929168us][CH2-Pc    ] 04
[T+308938168us][CH1-Dispenser] 04 64
[T+309009303us][CH1-Dispenser] 05
[T+309009168us][CH2-Pc    ] 05
[T+309184301us][CH1-Dispenser] 06
[T+309184168us][CH2-Pc    ] 06
[T+309359168us][CH2-Pc    ] 01
[T+309368168us][CH1-Dispenser] 01 61
[T+309437168us][CH2-Pc    ] 02
[T+309441196us][CH1-Dispenser] 02 92
[T+309464168us][CH2-Pc    ] 62
[T+309478168us][CH1-Dispenser] 62 E8 E7 E9 E5 E1 E0
[T+309546193us][CH2-Pc    ] 03
[T+309551168us][CH1-Dispenser] 03 63
[T+309624168us][CH2-Pc    ] 04
[T+309632209us][CH1-Dispenser] 04 64
[T+309702300us][CH1-Dispenser] 05
[T+309702168us][CH2-Pc    ] 05
[T+309866299us][CH1-Dispenser] 06
[T+309866168us][CH2-Pc    ] 06
[T+310042193us][CH2-Pc    ] 01
[T+310048168us][CH1-Dispenser] 01 61
[T+310120192us][CH2-Pc    ] 02
[T+310127766us][CH1-Dispenser] 02 92
[T+310148168us][CH2-Pc    ] 62
[T+310163168us][CH1-Dispenser] 62 E4 E6 E4 E6 E1 E0
[T+310236168us][CH2-Pc    ] 03
[T+310241806us][CH1-Dispenser] 03 63
[T+310305192us][CH2-Pc    ] 04
[T+310313813us][CH1-Dispenser] 04 64
[T+310383300us][CH1-Dispenser] 05
[T+310383168us][CH2-Pc    ] 05
[T+310561300us][CH1-Dispenser] 06
[T+310561169us][CH2-Pc    ] 06
[T+310736168us][CH2-Pc    ] 01
[T+310742168us][CH1-Dispenser] 01 61
[T+310814192us][CH2-Pc    ] 02
[T+310821772us][CH1-Dispenser] 02 92
[T+310841193us][CH2-Pc    ] 62
[T+310852175us][CH1-Dispenser] 62 E7 E0 E0 E7 E1 E0
[T+310917168us][CH2-Pc    ] 03
[T+310922168us][CH1-Dispenser] 03 63
[T+310995168us][CH2-Pc    ] 04
[T+311001168us][CH1-Dispenser] 04 64
[T+311073303us][CH1-Dispenser] 05
[T+311073170us][CH2-Pc    ] 05
[T+311248302us][CH1-Dispenser] 06
[T+311248169us][CH2-Pc    ] 06
[T+311423168us][CH2-Pc    ] 01
[T+311433172us][CH1-Dispenser] 01 61
[T+311502168us][CH2-Pc    ] 02
[T+311506197us][CH1-Dispenser] 02 92
[T+311529168us][CH2-Pc    ] 62
[T+311543168us][CH1-Dispenser] 62 E2 E9 E4 E7 E1 E0
[T+311611193us][CH2-Pc    ] 03
[T+311618240us][CH1-Dispenser] 03 63
[T+311689168us][CH2-Pc    ] 04
[T+311697193us][CH1-Dispenser] 04 64
[T+311793299us][CH1-Dispenser] 05
[T+311793168us][CH2-Pc    ] 05
[T+311969298us][CH1-Dispenser] 06
[T+311969168us][CH2-Pc    ] 06
[T+312133193us][CH2-Pc    ] 01
[T+312143168us][CH1-Dispenser] 01 61
[T+312212168us][CH2-Pc    ] 02
[T+312217168us][CH1-Dispenser] 02 92
[T+312239168us][CH2-Pc    ] 62
[T+312254168us][CH1-Dispenser] 62 E0 E9 E9 E7 E1 E0
[T+312320168us][CH2-Pc    ] 03
[T+312326168us][CH1-Dispenser] 03 63
[T+312396168us][CH2-Pc    ] 04
[T+312401168us][CH1-Dispenser] 04 64
[T+312474299us][CH1-Dispenser] 05
[T+312474168us][CH2-Pc    ] 05
[T+312650303us][CH1-Dispenser] 06
[T+312650168us][CH2-Pc    ] 06
[T+312826193us][CH2-Pc    ] 01
[T+312832168us][CH1-Dispenser] 01 61
[T+312904193us][CH2-Pc    ] 02
[T+312911168us][CH1-Dispenser] 02 92
[T+312932168us][CH2-Pc    ] 62
[T+312945168us][CH1-Dispenser] 62 E1 E2 E5 E8 E1 E0
[T+313010168us][CH2-Pc    ] 03
[T+313016811us][CH1-Dispenser] 03 63
[T+313088193us][CH2-Pc    ] 04
[T+313097168us][CH1-Dispenser] 04 64
[T+313166301us][CH1-Dispenser] 05
[T+313166170us][CH2-Pc    ] 05
[T+313341300us][CH1-Dispenser] 06
[T+313341169us][CH2-Pc    ] 06
[T+313516168us][CH2-Pc    ] 01
[T+313525820us][CH1-Dispenser] 01 61
[T+313594168us][CH2-Pc    ] 02
[T+313602809us][CH1-Dispenser] 02 92
[T+313621168us][CH2-Pc    ] 62
[T+313633192us][CH1-Dispenser] 62 E5 E9 E9 E8 E1 E0
[T+313700168us][CH2-Pc    ] 03
[T+313706762us][CH1-Dispenser] 03 63
[T+313778192us][CH2-Pc    ] 04
[T+313789168us][CH1-Dispenser] 04 64
[T+313857301us][CH1-Dispenser] 05
[T+313857168us][CH2-Pc    ] 05
[T+314030300us][CH1-Dispenser] 06
[T+314030168us][CH2-Pc    ] 06
[T+314205168us][CH2-Pc    ] 01
[T+314212175us][CH1-Dispenser] 01 61
[T+314282168us][CH2-Pc    ] 02
[T+314287168us][CH1-Dispenser] 02 92
[T+314310175us][CH2-Pc    ] 62
[T+314324498us][CH1-Dispenser] 62 E4 E0 E5 E9 E1 E0
[T+314389168us][CH2-Pc    ] 03
[T+314396168us][CH1-Dispenser] 03 63
[T+314467168us][CH2-Pc    ] 04
[T+314472168us][CH1-Dispenser] 04 64
[T+314545299us][CH1-Dispenser] 05
[T+314545168us][CH2-Pc    ] 05
[T+314710303us][CH1-Dispenser] 06
[T+314710169us][CH2-Pc    ] 06
[T+314886193us][CH2-Pc    ] 01
[T+314892794us][CH1-Dispenser] 01 61
[T+314964300us][CH1-Dispenser] 02
[T+314964168us][CH2-Pc    ] 02
[T+314977168us][CH1-Dispenser] 92
[T+314992168us][CH2-Pc    ] 62
[T+315004192us][CH1-Dispenser] 62 E1 E0 E0 E0 E2 E0
[T+315069168us][CH2-Pc    ] 03
[T+315077209us][CH1-Dispenser] 03 63
[T+315149193us][CH2-Pc    ] 04
[T+315158428us][CH1-Dispenser] 04 64
[T+315227300us][CH1-Dispenser] 05
[T+315227169us][CH2-Pc    ] 05
[T+315401300us][CH1-Dispenser] 06
[T+315401168us][CH2-Pc    ] 06
[T+315577193us][CH2-Pc    ] 01
[T+315582168us][CH1-Dispenser] 01 61
[T+315657168us][CH2-Pc    ] 02
[T+315661201us][CH1-Dispenser] 02 92
[T+315675168us][CH2-Pc    ] 62
[T+315689168us][CH1-Dispenser] 62 E1 E2 E5 E0 E2 E0
[T+315753193us][CH2-Pc    ] 03
[T+315764170us][CH1-Dispenser] 03 63
[T+315831168us][CH2-Pc    ] 04
[T+315836779us][CH1-Dispenser] 04 64
[T+315910298us][CH1-Dispenser] 05
[T+315910168us][CH2-Pc    ] 05
[T+316085300us][CH1-Dispenser] 06
[T+316085168us][CH2-Pc    ] 06
[T+316265193us][CH2-Pc    ] 01
[T+316271168us][CH1-Dispenser] 01 61
[T+316343194us][CH2-Pc    ] 02
[T+316347196us][CH1-Dispenser] 02 92
[T+316359203us][CH2-Pc    ] 62
[T+316374168us][CH1-Dispenser] 62 E5 E9 E9 E0 E2 E0
[T+316449168us][CH2-Pc    ] 03
[T+316457193us][CH1-Dispenser] 03 63
[T+316528170us][CH2-Pc    ] 04
[T+316532075us][CH1-Dispenser] 04 64
[T+316596300us][CH1-Dispenser] 05
[T+316596168us][CH2-Pc    ] 05
[T+316781301us][CH1-Dispenser] 06
[T+316781168us][CH2-Pc    ] 06
[T+316945192us][CH2-Pc    ] 01
[T+316953193us][CH1-Dispenser] 01 61
[T+317023168us][CH2-Pc    ] 02
[T+317032168us][CH1-Dispenser] 02 92
[T+317051168us][CH2-Pc    ] 62
[T+317063193us][CH1-Dispenser] 62 E7 E2 E5 E1 E2 E0
[T+317129168us][CH2-Pc    ] 03
[T+317137488us][CH1-Dispenser] 03 63
[T+317207168us][CH2-Pc    ] 04
[T+317212815us][CH1-Dispenser] 04 64
[T+317285301us][CH1-Dispenser] 05
[T+317285168us][CH2-Pc    ] 05
[T+317460304us][CH1-Dispenser] 06
[T+317460170us][CH2-Pc    ] 06
[T+317640193us][CH2-Pc    ] 01
[T+317647168us][CH1-Dispenser] 01 61
[T+317718168us][CH2-Pc    ] 02
[T+317721168us][CH1-Dispenser] 02 92
[T+317735168us][CH2-Pc    ] 62
[T+317749168us][CH1-Dispenser] 62 E4 E2 E0 E2 E2 E0
[T+317813200us][CH2-Pc    ] 03
[T+317821209us][CH1-Dispenser] 03 63
[T+317892168us][CH2-Pc    ] 04
[T+317899175us][CH1-Dispenser] 04 64
[T+317970300us][CH1-Dispenser] 05
[T+317970168us][CH2-Pc    ] 05
[T+318134303us][CH1-Dispenser] 06
[T+318134168us][CH2-Pc    ] 06
[T+318347168us][CH2-Pc    ] 01
[T+318352168us][CH1-Dispenser] 01 61
[T+318425168us][CH2-Pc    ] 02
[T+318432175us][CH1-Dispenser] 02 92
[T+318453168us][CH2-Pc    ] 62
[T+318468168us][CH1-Dispenser] 62 E2 E3 E5 E2 E2 E0
[T+318538168us][CH2-Pc    ] 03
[T+318548168us][CH1-Dispenser] 03 63
[T+318616193us][CH2-Pc    ] 04
[T+318621168us][CH1-Dispenser] 04 64
[T+318695304us][CH1-Dispenser] 05
[T+318695168us][CH2-Pc    ] 05
[T+318871302us][CH1-Dispenser] 06
[T+318871169us][CH2-Pc    ] 06
[T+319046168us][CH2-Pc    ] 01
[T+319054916us][CH1-Dispenser] 01 61
[T+319124168us][CH2-Pc    ] 02
[T+319133844us][CH1-Dispenser] 02 92
[T+319151168us][CH2-Pc    ] 62
[T+319164168us][CH1-Dispenser] 62 E6 E8 E0 E3 E2 E0
[T+319231168us][CH2-Pc    ] 03
[T+319238168us][CH1-Dispenser] 03 63
[T+319310192us][CH2-Pc    ] 04
[T+319317779us][CH1-Dispenser] 04 64
[T+319390299us][CH1-Dispenser] 05
[T+319390168us][CH2-Pc    ] 05
[T+319557302us][CH1-Dispenser] 06
[T+319557168us][CH2-Pc    ] 06
[T+319732168us][CH2-Pc    ] 01
[T+319737168us][CH1-Dispenser] 01 61
[T+319811168us][CH2-Pc    ] 02
[T+319818168us][CH1-Dispenser] 02 92
[T+319838168us][CH2-Pc    ] 62
[T+319849168us][CH1-Dispenser] 62 E9 E4 E5 E3 E2 E0
[T+319918168us][CH2-Pc    ] 03
[T+319928168us][CH1-Dispenser] 03 63
[T+319996193us][CH2-Pc    ] 04
[T+320002808us][CH1-Dispenser] 04 64
[T+320074300us][CH1-Dispenser] 05
[T+320074168us][CH2-Pc    ] 05
[T+320251301us][CH1-Dispenser] 06
[T+320251168us][CH2-Pc    ] 06
[T+320415192us][CH2-Pc    ] 01
[T+320423193us][CH1-Dispenser] 01 61
[T+320493168us][CH2-Pc    ] 02
[T+320498168us][CH1-Dispenser] 02 92
[T+320520168us][CH2-Pc    ] 62
[T+320533168us][CH1-Dispenser] 62 E9 E6 E0 E4 E2 E0
[T+320601193us][CH2-Pc    ] 03
[T+320607168us][CH1-Dispenser] 03 63
[T+320679208us][CH2-Pc    ] 04
[T+320689249us][CH1-Dispenser] 04 64
[T+320757300us][CH1-Dispenser] 05
[T+320757168us][CH2-Pc    ] 05
[T+320932304us][CH1-Dispenser] 06
[T+320932170us][CH2-Pc    ] 06
[T+321107168us][CH2-Pc    ] 01
[T+321115834us][CH1-Dispenser] 01 61
[T+321186168us][CH2-Pc    ] 02
[T+321193175us][CH1-Dispenser] 02 92
[T+321213193us][CH2-Pc    ] 62
[T+321224173us][CH1-Dispenser] 62 E5 E5 E5 E4 E2 E0
[T+321291168us][CH2-Pc    ] 03
[T+321297175us][CH1-Dispenser] 03 63
[T+321369193us][CH2-Pc    ] 04
[T+321376168us][CH1-Dispenser] 04 64
[T+321448300us][CH1-Dispenser] 05
[T+321448168us][CH2-Pc    ] 05
[T+321650301us][CH1-Dispenser] 06
[T+321650168us][CH2-Pc    ] 06
[T+321825168us][CH2-Pc    ] 01
[T+321833193us][CH1-Dispenser] 01 61
[T+321906168us][CH2-Pc    ] 02
[T+321914209us][CH1-Dispenser] 02 92
[T+321934168us][CH2-Pc    ] 62
[T+321949168us][CH1-Dispenser] 62 E9 E0 E1 E5 E2 E0
[T+322022168us][CH2-Pc    ] 03
[T+322027168us][CH1-Dispenser] 03 63
[T+322100168us][CH2-Pc    ] 04
[T+322106168us][CH1-Dispenser] 04 64
[T+322179304us][CH1-Dispenser] 05
[T+322179168us][CH2-Pc    ] 05
[T+322353302us][CH1-Dispenser] 06
[T+322353168us][CH2-Pc    ] 06
[T+322529193us][CH2-Pc    ] 01
[T+322538168us][CH1-Dispenser] 01 61
[T+322607168us][CH2-Pc    ] 02
[T+322612781us][CH1-Dispenser] 02 92
[T+322636192us][CH2-Pc    ] 62
[T+322648174us][CH1-Dispenser] 62 E3 E8 E5 E5 E2 E0
[T+322740168us][CH2-Pc    ] 03
[T+322748210us][CH1-Dispenser] 03 63
[T+322818168us][CH2-Pc    ] 04
[T+322827174us][CH1-Dispenser] 04 64
[T+322896300us][CH1-Dispenser] 05
[T+322896168us][CH2-Pc    ] 05
[T+323086302us][CH1-Dispenser] 06
[T+323086169us][CH2-Pc    ] 06
[T+323265168us][CH2-Pc    ] 01
[T+323272168us][CH1-Dispenser] 01 61
[T+323343170us][CH2-Pc    ] 02
[T+323347197us][CH1-Dispenser] 02 92
[T+323371168us][CH2-Pc    ] 62
[T+323386168us][CH1-Dispenser] 62 E7 E3 E1 E6 E2 E0
[T+323459168us][CH2-Pc    ] 03
[T+323469168us][CH1-Dispenser] 03 63
[T+323550168us][CH2-Pc    ] 04
[T+323557805us][CH1-Dispenser] 04 64
[T+323639299us][CH1-Dispenser] 05
[T+323639168us][CH2-Pc    ] 05
[T+323814299us][CH1-Dispenser] 06
[T+323814168us][CH2-Pc    ] 06
[T+323977176us][CH2-Pc    ] 01
[T+323983168us][CH1-Dispenser] 01 61
[T+324056175us][CH2-Pc    ] 02
[T+324063178us][CH1-Dispenser] 02 92
[T+324083192us][CH2-Pc    ] 62
[T+324097289us][CH1-Dispenser] 62 E5 E4 E6 E6 E2 E0
[T+324162217us][CH2-Pc    ] 03
[T+324168168us][CH1-Dispenser] 03 63
[T+324240192us][CH2-Pc    ] 04
[T+324247168us][CH1-Dispenser] 04 64
[T+324319301us][CH1-Dispenser] 05
[T+324319169us][CH2-Pc    ] 05
[T+324499299us][CH1-Dispenser] 06
[T+324499168us][CH2-Pc    ] 06
[T+324664168us][CH2-Pc    ] 01
[T+324675168us][CH1-Dispenser] 01 61
[T+324742168us][CH2-Pc    ] 02
[T+324747168us][CH1-Dispenser] 02 92
[T+324770168us][CH2-Pc    ] 62
[T+324785168us][CH1-Dispenser] 62 E7 E7 E1 E7 E2 E0
[T+324858168us][CH2-Pc    ] 03
[T+324863168us][CH1-Dispenser] 03 63
[T+324937168us][CH2-Pc    ] 04
[T+324942168us][CH1-Dispenser] 04 64
[T+325015300us][CH1-Dispenser] 05
[T+325015169us][CH2-Pc    ] 05
[T+325180301us][CH1-Dispenser] 06
[T+325180168us][CH2-Pc    ] 06
[T+325356192us][CH2-Pc    ] 01
[T+325362168us][CH1-Dispenser] 01 61
[T+325434194us][CH2-Pc    ] 02
[T+325443168us][CH1-Dispenser] 02 92
[T+325462168us][CH2-Pc    ] 62
[T+325474199us][CH1-Dispenser] 62 E4 E7 E6 E7 E2 E0
[T+325541168us][CH2-Pc    ] 03
[T+325550168us][CH1-Dispenser] 03 63
[T+325619168us][CH2-Pc    ] 04
[T+325627193us][CH1-Dispenser] 04 64
[T+325697302us][CH1-Dispenser] 05
[T+325697171us][CH2-Pc    ] 05
[T+325872300us][CH1-Dispenser] 06
[T+325872168us][CH2-Pc    ] 06
[T+326045168us][CH2-Pc    ] 01
[T+326053193us][CH1-Dispenser] 01 61
[T+326124168us][CH2-Pc    ] 02
[T+326132209us][CH1-Dispenser] 02 92
[T+326152193us][CH2-Pc    ] 62
[T+326165168us][CH1-Dispenser] 62 E4 E9 E1 E8 E2 E0
[T+326232168us][CH2-Pc    ] 03
[T+326238168us][CH1-Dispenser] 03 63
[T+326311171us][CH2-Pc    ] 04
[T+326317168us][CH1-Dispenser] 04 64
[T+326389301us][CH1-Dispenser] 05
[T+326389170us][CH2-Pc    ] 05
[T+326564301us][CH1-Dispenser] 06
[T+326564170us][CH2-Pc    ] 06
[T+326730168us][CH2-Pc    ] 01
[T+326738209us][CH1-Dispenser] 01 61
[T+326812168us][CH1-Dispenser] 02 92
[T+326809168us][CH2-Pc    ] 02
[T+326825169us][CH2-Pc    ] 62
[T+326839168us][CH1-Dispenser] 62 E9 E7 E6 E8 E2 E0
[T+326903168us][CH2-Pc    ] 03
[T+326912168us][CH1-Dispenser] 03 63
[T+326981168us][CH2-Pc    ] 04
[T+326987168us][CH1-Dispenser] 04 64
[T+327073300us][CH1-Dispenser] 05
[T+327073168us][CH2-Pc    ] 05
[T+327248302us][CH1-Dispenser] 06
[T+327248169us][CH2-Pc    ] 06
[T+327423168us][CH2-Pc    ] 01
[T+327427196us][CH1-Dispenser] 01 61
[T+327501168us][CH2-Pc    ] 02
[T+327508175us][CH1-Dispenser] 02 92
[T+327528192us][CH2-Pc    ] 62
[T+327539254us][CH1-Dispenser] 62 E8 E8 E1 E9 E2 E0
[T+327606168us][CH2-Pc    ] 03
[T+327613168us][CH1-Dispenser] 03 63
[T+327684168us][CH2-Pc    ] 04
[T+327692843us][CH1-Dispenser] 04 64
[T+327763301us][CH1-Dispenser] 05
[T+327763169us][CH2-Pc    ] 05
[T+327937298us][CH1-Dispenser] 06
[T+327937168us][CH2-Pc    ] 06
[T+328133195us][CH2-Pc    ] 01
[T+328139175us][CH1-Dispenser] 01 61
[T+328211192us][CH2-Pc    ] 02
[T+328217168us][CH1-Dispenser] 02 92
[T+328238168us][CH2-Pc    ] 62
[T+328250192us][CH1-Dispenser] 62 E9 E1 E7 E9 E2 E0
[T+328318192us][CH2-Pc    ] 03
[T+328323168us][CH1-Dispenser] 03 63
[T+328395193us][CH2-Pc    ] 04
[T+328402799us][CH1-Dispenser] 04 64
[T+328474300us][CH1-Dispenser] 05
[T+328474168us][CH2-Pc    ] 05
[T+328655301us][CH1-Dispenser] 06
[T+328655169us][CH2-Pc    ] 06
[T+328819193us][CH2-Pc    ] 01
[T+328828168us][CH1-Dispenser] 01 61
[T+328898168us][CH2-Pc    ] 02
[T+328904168us][CH1-Dispenser] 02 92
[T+328926168us][CH2-Pc    ] 62
[T+328940168us][CH1-Dispenser] 62 E0 E5 E2 E0 E3 E0
[T+329005168us][CH2-Pc    ] 03
[T+329013209us][CH1-Dispenser] 03 63
[T+329084168us][CH2-Pc    ] 04
[T+329094595us][CH1-Dispenser] 04 64
[T+329162301us][CH1-Dispenser] 05
[T+329162168us][CH2-Pc    ] 05
[T+329342299us][CH1-Dispenser] 06
[T+329342168us][CH2-Pc    ] 06
[T+329516168us][CH2-Pc    ] 01
[T+329524209us][CH1-Dispenser] 01 61
[T+329596192us][CH2-Pc    ] 02
[T+329604193us][CH1-Dispenser] 02 92
[T+329623168us][CH2-Pc    ] 62
[T+329635209us][CH1-Dispenser] 62 E3 E3 E5 E0 E3 E0
[T+329701168us][CH2-Pc    ] 03
[T+329708168us][CH1-Dispenser] 03 63
[T+329779168us][CH2-Pc    ] 04
[T+329787209us][CH1-Dispenser] 04 64
[T+329857300us][CH1-Dispenser] 05
[T+329857169us][CH2-Pc    ] 05
[T+330022304us][CH1-Dispenser] 06
[T+330022168us][CH2-Pc    ] 06
[T+330198192us][CH2-Pc    ] 01
[T+330204175us][CH1-Dispenser] 01 61
[T+330276192us][CH2-Pc    ] 02
[T+330283168us][CH1-Dispenser] 02 92
[T+330303192us][CH2-Pc    ] 62
[T+330314175us][CH1-Dispenser] 62 E3 E3 E5 E0 E3 E0
[T+330400168us][CH2-Pc    ] 03
[T+330407169us][CH1-Dispenser] 03 63
[T+330483192us][CH2-Pc    ] 04
[T+330488168us][CH1-Dispenser] 04 64
[T+330560299us][CH1-Dispenser] 05
[T+330560168us][CH2-Pc    ] 05
[T+330727302us][CH1-Dispenser] 06
[T+330727168us][CH2-Pc    ] 06
[T+330905168us][CH2-Pc    ] 01
[T+330913209us][CH1-Dispenser] 01 61
[T+330982168us][CH2-Pc    ] 02
[T+330989777us][CH1-Dispenser] 02 92
[T+331010168us][CH2-Pc    ] 62
[T+331027168us][CH1-Dispenser] 62 E3 E3 E5 E0 E3 E0
[T+331103196us][CH1-Dispenser] 03 63
[T+331099168us][CH2-Pc    ] 03
[T+331177168us][CH2-Pc    ] 04
[T+331182168us][CH1-Dispenser] 04 64
[T+331255302us][CH1-Dispenser] 05
[T+331255168us][CH2-Pc    ] 05
[T+331430407us][CH1-Dispenser] 06
[T+331430168us][CH2-Pc    ] 06
[T+331606193us][CH2-Pc    ] 01
[T+331613176us][CH1-Dispenser] 01 61
[T+331687168us][CH2-Pc    ] 02
[T+331692168us][CH1-Dispenser] 02 92
[T+331714168us][CH2-Pc    ] 62
[T+331725168us][CH1-Dispenser] 62 E3 E3 E5 E0 E3 E0
[T+331792168us][CH2-Pc    ] 03
[T+331798175us][CH1-Dispenser] 03 63
[T+331870192us][CH2-Pc    ] 04
[T+331878193us][CH1-Dispenser] 04 64
[T+331948305us][CH1-Dispenser] 05
[T+331948168us][CH2-Pc    ] 05
[T+332123301us][CH1-Dispenser] 06
[T+332123170us][CH2-Pc    ] 06
[T+332298168us][CH2-Pc    ] 01
[T+332303168us][CH1-Dispenser] 01 61
[T+332376168us][CH2-Pc    ] 02
[T+332383175us][CH1-Dispenser] 02 92
[T+332403193us][CH2-Pc    ] 62
[T+332417168us][CH1-Dispenser] 62 E3 E3 E5 E0 E3 E0
[T+332481192us][CH2-Pc    ] 03
[T+332489209us][CH1-Dispenser] 03 63
[T+332561169us][CH2-Pc    ] 04
[T+332570686us][CH1-Dispenser] 04 64
[T+332638309us][CH1-Dispenser] 05
[T+332638171us][CH2-Pc    ] 05
[T+332813300us][CH1-Dispenser] 06
[T+332813170us][CH2-Pc    ] 06
[T+332977192us][CH2-Pc    ] 01
[T+332983168us][CH1-Dispenser] 01 61
[T+333055193us][CH2-Pc    ] 02
[T+333062175us][CH1-Dispenser] 02 92
[T+333083168us][CH2-Pc    ] 62
[T+333095192us][CH1-Dispenser] 62 E3 E3 E5 E0 E3 E0
[T+333164168us][CH2-Pc    ] 03
[T+333173427us][CH1-Dispenser] 03 63
[T+333247198us][CH1-Dispenser] 04 64
[T+333243168us][CH2-Pc    ] 04
[T+333310299us][CH1-Dispenser] 05
[T+333310168us][CH2-Pc    ] 05
[T+333476302us][CH1-Dispenser] 06
[T+333476169us][CH2-Pc    ] 06
[T+333649168us][CH2-Pc    ] 01
[T+333660175us][CH1-Dispenser] 01 61
[T+333728192us][CH2-Pc    ] 02
[T+333733168us][CH1-Dispenser] 02 92
[T+333765192us][CH2-Pc    ] 62
[T+333781192us][CH1-Dispenser] 62 E5 E5 E5 E0 E3 E0
[T+333854168us][CH2-Pc    ] 03
[T+333863168us][CH1-Dispenser] 03 63
[T+333933168us][CH2-Pc    ] 04
[T+333937196us][CH1-Dispenser] 04 64
[T+334001301us][CH1-Dispenser] 05
[T+334001170us][CH2-Pc    ] 05
[T+334165301us][CH1-Dispenser] 06
[T+334165169us][CH2-Pc    ] 06
[T+334344168us][CH2-Pc    ] 01
[T+334354169us][CH1-Dispenser] 01 61
[T+334423168us][CH2-Pc    ] 02
[T+334431854us][CH1-Dispenser] 02 92
[T+334450168us][CH2-Pc    ] 62
[T+334464168us][CH1-Dispenser] 62 E4 E3 E6 E0 E3 E0
[T+334528192us][CH2-Pc    ] 03
[T+334534168us][CH1-Dispenser] 03 63
[T+334606197us][CH2-Pc    ] 04
[T+334613175us][CH1-Dispenser] 04 64
[T+334684301us][CH1-Dispenser] 05
[T+334684168us][CH2-Pc    ] 05
[T+334858300us][CH1-Dispenser] 06
[T+334858168us][CH2-Pc    ] 06
[T+335022193us][CH2-Pc    ] 01
[T+335032168us][CH1-Dispenser] 01 61
[T+335101168us][CH2-Pc    ] 02
[T+335109193us][CH1-Dispenser] 02 92
[T+335129200us][CH2-Pc    ] 62
[T+335139663us][CH1-Dispenser] 62 E3 E1 E7 E0 E3 E0
[T+335207193us][CH2-Pc    ] 03
[T+335213168us][CH1-Dispenser] 03 63
[T+335285193us][CH2-Pc    ] 04
[T+335294168us][CH1-Dispenser] 04 64
[T+335363300us][CH1-Dispenser] 05
[T+335363168us][CH2-Pc    ] 05
[T+335540299us][CH1-Dispenser] 06
[T+335540169us][CH2-Pc    ] 06
[T+335714168us][CH2-Pc    ] 01
[T+335723805us][CH1-Dispenser] 01 61
[T+335794168us][CH2-Pc    ] 02
[T+335798196us][CH1-Dispenser] 02 92
[T+335840168us][CH2-Pc    ] 62
[T+335855168us][CH1-Dispenser] 62 E6 E3 E7 E0 E3 E0
[T+335919194us][CH2-Pc    ] 03
[T+335923198us][CH1-Dispenser] 03 63
[T+335986168us][CH2-Pc    ] 04
[T+335993535us][CH1-Dispenser] 04 64
[T+336064300us][CH1-Dispenser] 05
[T+336064168us][CH2-Pc    ] 05
[T+336251305us][CH1-Dispenser] 06
[T+336251168us][CH2-Pc    ] 06
[T+336416168us][CH2-Pc    ] 01
[T+336424209us][CH1-Dispenser] 01 61
[T+336494168us][CH2-Pc    ] 02
[T+336498197us][CH1-Dispenser] 02 92
[T+336521168us][CH2-Pc    ] 62
[T+336536168us][CH1-Dispenser] 62 E9 E5 E7 E0 E3 E0
[T+336611168us][CH2-Pc    ] 03
[T+336618770us][CH1-Dispenser] 03 63
[T+336690192us][CH2-Pc    ] 04
[T+336698209us][CH1-Dispenser] 04 64
[T+336769300us][CH1-Dispenser] 05
[T+336769168us][CH2-Pc    ] 05
[T+336944298us][CH1-Dispenser] 06
[T+336944168us][CH2-Pc    ] 06
[T+337119168us][CH2-Pc    ] 01
[T+337124168us][CH1-Dispenser] 01 61
[T+337197168us][CH2-Pc    ] 02
[T+337203807us][CH1-Dispenser] 02 92
[T+337224168us][CH2-Pc    ] 62
[T+337238168us][CH1-Dispenser] 62 E3 E8 E8 E0 E3 E0
[T+337304168us][CH2-Pc    ] 03
[T+337309168us][CH1-Dispenser] 03 63
[T+337381195us][CH2-Pc    ] 04
[T+337388168us][CH1-Dispenser] 04 64
[T+337460303us][CH1-Dispenser] 05
[T+337460169us][CH2-Pc    ] 05
[T+337635301us][CH1-Dispenser] 06
[T+337635168us][CH2-Pc    ] 06
[T+337810168us][CH2-Pc    ] 01
[T+337820168us][CH1-Dispenser] 01 61
[T+337889168us][CH2-Pc    ] 02
[T+337896467us][CH1-Dispenser] 02 92
[T+337917168us][CH2-Pc    ] 62
[T+337930168us][CH1-Dispenser] 62 E9 E1 E0 E1 E3 E0
[T+337995168us][CH2-Pc    ] 03
[T+338002168us][CH1-Dispenser] 03 63
[T+338073168us][CH2-Pc    ] 04
[T+338078168us][CH1-Dispenser] 04 64
[T+338151301us][CH1-Dispenser] 05
[T+338151169us][CH2-Pc    ] 05
[T+338326299us][CH1-Dispenser] 06
[T+338326168us][CH2-Pc    ] 06
[T+338501168us][CH2-Pc    ] 01
[T+338511168us][CH1-Dispenser] 01 61
[T+338602169us][CH2-Pc    ] 02
[T+338608809us][CH1-Dispenser] 02 92
[T+338629168us][CH2-Pc    ] 62
[T+338644322us][CH1-Dispenser] 62 E8 E9 E0 E1 E3 E0
[T+338718168us][CH2-Pc    ] 03
[T+338723168us][CH1-Dispenser] 03 63
[T+338787192us][CH2-Pc    ] 04
[T+338793168us][CH1-Dispenser] 04 64
[T+338865300us][CH1-Dispenser] 05
[T+338865169us][CH2-Pc    ] 05
[T+339040301us][CH1-Dispenser] 06
[T+339040170us][CH2-Pc    ] 06
[T+339212192us][CH2-Pc    ] 01
[T+339220862us][CH1-Dispenser] 01 61
[T+339291168us][CH2-Pc    ] 02
[T+339299209us][CH1-Dispenser] 02 92
[T+339319194us][CH2-Pc    ] 62
[T+339332168us][CH1-Dispenser] 62 E8 E9 E0 E1 E3 E0
[T+339398168us][CH2-Pc    ] 03
[T+339402196us][CH1-Dispenser] 03 63
[T+339466192us][CH2-Pc    ] 04
[T+339474209us][CH1-Dispenser] 04 64
[T+339545300us][CH1-Dispenser] 05
[T+339545168us][CH2-Pc    ] 05
[T+339713301us][CH1-Dispenser] 06
[T+339713168us][CH2-Pc    ] 06
[T+339890168us][CH2-Pc    ] 01
[T+339898193us][CH1-Dispenser] 01 61
[T+339968168us][CH2-Pc    ] 02
[T+339973168us][CH1-Dispenser] 02 92
[T+339996168us][CH2-Pc    ] 62
[T+340010168us][CH1-Dispenser] 62 E8 E9 E0 E1 E3 E0
[T+340075168us][CH2-Pc    ] 03
[T+340084168us][CH1-Dispenser] 03 63
[T+340157196us][CH1-Dispenser] 04 64
[T+340153168us][CH2-Pc    ] 04
[T+340220301us][CH1-Dispenser] 05
[T+340220168us][CH2-Pc    ] 05
[T+340406301us][CH1-Dispenser] 06
[T+340406169us][CH2-Pc    ] 06
[T+340571168us][CH2-Pc    ] 01
[T+340579193us][CH1-Dispenser] 01 61
[T+340653196us][CH1-Dispenser] 02 92
[T+340649169us][CH2-Pc    ] 02
[T+340666168us][CH2-Pc    ] 62
[T+340681168us][CH1-Dispenser] 62 E7 E7 E1 E1 E3 E0
[T+340763168us][CH2-Pc    ] 03
[T+340768808us][CH1-Dispenser] 03 63
[T+340841168us][CH2-Pc    ] 04
[T+340849193us][CH1-Dispenser] 04 64
[T+340920304us][CH1-Dispenser] 05
[T+340920168us][CH2-Pc    ] 05
[T+341095299us][CH1-Dispenser] 06
[T+341095168us][CH2-Pc    ] 06
[T+341258168us][CH2-Pc    ] 01
[T+341265168us][CH1-Dispenser] 01 61
[T+341336168us][CH2-Pc    ] 02
[T+341344822us][CH1-Dispenser] 02 92
[T+341364193us][CH2-Pc    ] 62
[T+341377168us][CH1-Dispenser] 62 E1 E0 E3 E1 E3 E0
[T+341442168us][CH2-Pc    ] 03
[T+341449175us][CH1-Dispenser] 03 63
[T+341521192us][CH2-Pc    ] 04
[T+341528168us][CH1-Dispenser] 04 64
[T+341599300us][CH1-Dispenser] 05
[T+341599169us][CH2-Pc    ] 05
[T+341774304us][CH1-Dispenser] 06
[T+341774170us][CH2-Pc    ] 06
[T+341950193us][CH2-Pc    ] 01
[T+341959168us][CH1-Dispenser] 01 61
[T+342028168us][CH2-Pc    ] 02
[T+342034168us][CH1-Dispenser] 02 92
[T+342055168us][CH2-Pc    ] 62
[T+342069168us][CH1-Dispenser] 62 E7 E3 E4 E1 E3 E0
[T+342133193us][CH2-Pc    ] 03
[T+342139777us][CH1-Dispenser] 03 63
[T+342211193us][CH2-Pc    ] 04
[T+342219177us][CH1-Dispenser] 04 64
[T+342290305us][CH1-Dispenser] 05
[T+342290168us][CH2-Pc    ] 05
[T+342492304us][CH1-Dispenser] 06
[T+342492168us][CH2-Pc    ] 06
[T+342667168us][CH2-Pc    ] 01
[T+342675209us][CH1-Dispenser] 01 61
[T+342745168us][CH2-Pc    ] 02
[T+342754813us][CH1-Dispenser] 02 92
[T+342772168us][CH2-Pc    ] 62
[T+342785168us][CH1-Dispenser] 62 E0 E5 E5 E1 E3 E0
[T+342851168us][CH2-Pc    ] 03
[T+342858778us][CH1-Dispenser] 03 63
[T+342929168us][CH2-Pc    ] 04
[T+342934168us][CH1-Dispenser] 04 64
[T+343007302us][CH1-Dispenser] 05
[T+343007168us][CH2-Pc    ] 05
[T+343184301us][CH1-Dispenser] 06
[T+343184169us][CH2-Pc    ] 06
[T+343359168us][CH2-Pc    ] 01
[T+343364168us][CH1-Dispenser] 01 61
[T+343438168us][CH2-Pc    ] 02
[T+343445168us][CH1-Dispenser] 02 92
[T+343466731us][CH2-Pc    ] 62
[T+343483168us][CH1-Dispenser] 62 E2 E7 E5 E1 E3 E0
[T+343554168us][CH2-Pc    ] 03
[T+343559168us][CH1-Dispenser] 03 63
[T+343634168us][CH2-Pc    ] 04
[T+343638196us][CH1-Dispenser] 04 64
[T+343711299us][CH1-Dispenser] 05
[T+343711168us][CH2-Pc    ] 05
[T+343887301us][CH1-Dispenser] 06
[T+343887168us][CH2-Pc    ] 06
[T+344062168us][CH2-Pc    ] 01
[T+344069891us][CH1-Dispenser] 01 61
[T+344140168us][CH2-Pc    ] 02
[T+344148750us][CH1-Dispenser] 02 92
[T+344167168us][CH2-Pc    ] 62
[T+344181168us][CH1-Dispenser] 62 E5 E8 E6 E1 E3 E0
[T+344246168us][CH2-Pc    ] 03
[T+344255810us][CH1-Dispenser] 03 63
[T+344324168us][CH2-Pc    ] 04
[T+344330168us][CH1-Dispenser] 04 64
[T+344402302us][CH1-Dispenser] 05
[T+344402170us][CH2-Pc    ] 05
[T+344579300us][CH1-Dispenser] 06
[T+344579168us][CH2-Pc    ] 06
[T+344746168us][CH2-Pc    ] 01
[T+344754209us][CH1-Dispenser] 01 61
[T+344824168us][CH2-Pc    ] 02
[T+344830777us][CH1-Dispenser] 02 92
[T+344851168us][CH2-Pc    ] 62
[T+344866168us][CH1-Dispenser] 62 E4 E6 E7 E1 E3 E0
[T+344940168us][CH2-Pc    ] 03
[T+344950175us][CH1-Dispenser] 03 63
[T+345018192us][CH2-Pc    ] 04
[T+345024168us][CH1-Dispenser] 04 64
[T+345096301us][CH1-Dispenser] 05
[T+345096168us][CH2-Pc    ] 05
[T+345272300us][CH1-Dispenser] 06
[T+345272168us][CH2-Pc    ] 06
[T+345447168us][CH2-Pc    ] 01
[T+345454813us][CH1-Dispenser] 01 61
[T+345526192us][CH2-Pc    ] 02
[T+345533510us][CH1-Dispenser] 02 92
[T+345553192us][CH2-Pc    ] 62
[T+345566690us][CH1-Dispenser] 62 E0 E1 E8 E1 E3 E0
[T+345632170us][CH2-Pc    ] 03
[T+345639168us][CH1-Dispenser] 03 63
[T+345740168us][CH2-Pc    ] 04
[T+345748209us][CH1-Dispenser] 04 64
[T+345818302us][CH1-Dispenser] 05
[T+345818170us][CH2-Pc    ] 05
[T+345993300us][CH1-Dispenser] 06
[T+345993168us][CH2-Pc    ] 06
[T+346168168us][CH2-Pc    ] 01
[T+346173168us][CH1-Dispenser] 01 61
[T+346247168us][CH2-Pc    ] 02
[T+346254168us][CH1-Dispenser] 02 92
[T+346274193us][CH2-Pc    ] 62
[T+346287168us][CH1-Dispenser] 62 E5 E5 E8 E1 E3 E0
[T+346363193us][CH2-Pc    ] 03
[T+346370777us][CH1-Dispenser] 03 63
[T+346442193us][CH2-Pc    ] 04
[T+346449175us][CH1-Dispenser] 04 64
[T+346520300us][CH1-Dispenser] 05
[T+346520168us][CH2-Pc    ] 05
[T+346695307us][CH1-Dispenser] 06
[T+346695169us][CH2-Pc    ] 06
[T+346870168us][CH2-Pc    ] 01
[T+346877168us][CH1-Dispenser] 01 61
[T+346948168us][CH2-Pc    ] 02
[T+346956209us][CH1-Dispenser] 02 92
[T+346975168us][CH2-Pc    ] 62
[T+346991193us][CH1-Dispenser] 62 E0 E0 E9 E1 E3 E0
[T+347075194us][CH2-Pc    ] 03
[T+347084765us][CH1-Dispenser] 03 63
[T+347153168us][CH2-Pc    ] 04
[T+347161845us][CH1-Dispenser] 04 64
[T+347231299us][CH1-Dispenser] 05
[T+347231168us][CH2-Pc    ] 05
[T+347406383us][CH1-Dispenser] 06
[T+347406173us][CH2-Pc    ] 06
[T+347571168us][CH2-Pc    ] 01
[T+347580238us][CH1-Dispenser] 01 61
[T+347649168us][CH2-Pc    ] 02
[T+347654168us][CH1-Dispenser] 02 92
[T+347677168us][CH2-Pc    ] 62
[T+347690168us][CH1-Dispenser] 62 E9 E7 E9 E1 E3 E0
[T+347755168us][CH2-Pc    ] 03
[T+347763193us][CH1-Dispenser] 03 63
[T+347845168us][CH2-Pc    ] 04
[T+347853599us][CH1-Dispenser] 04 64
[T+347922302us][CH1-Dispenser] 05
[T+347922170us][CH2-Pc    ] 05
[T+348088301us][CH1-Dispenser] 06
[T+348088168us][CH2-Pc    ] 06
[T+348263168us][CH2-Pc    ] 01
[T+348269168us][CH1-Dispenser] 01 61
[T+348341193us][CH2-Pc    ] 02
[T+348350168us][CH1-Dispenser] 02 92
[T+348369168us][CH2-Pc    ] 62
[T+348381374us][CH1-Dispenser] 62 E8 E5 E0 E2 E3 E0
[T+348447168us][CH2-Pc    ] 03
[T+348457168us][CH1-Dispenser] 03 63
[T+348525192us][CH2-Pc    ] 04
[T+348534168us][CH1-Dispenser] 04 64
[T+348603303us][CH1-Dispenser] 05
[T+348603168us][CH2-Pc    ] 05
[T+348778301us][CH1-Dispenser] 06
[T+348778169us][CH2-Pc    ] 06
[T+348954168us][CH2-Pc    ] 01
[T+348960168us][CH1-Dispenser] 01 61
[T+349038168us][CH2-Pc    ] 02
[T+349044177us][CH1-Dispenser] 02 92
[T+349066300us][CH1-Dispenser] 62
[T+349066168us][CH2-Pc    ] 62
[T+349084168us][CH1-Dispenser] E3 E0 E1 E2 E3 E0
[T+349155168us][CH2-Pc    ] 03
[T+349165168us][CH1-Dispenser] 03 63
[T+349233192us][CH2-Pc    ] 04
[T+349238168us][CH1-Dispenser] 04 64
[T+349311300us][CH1-Dispenser] 05
[T+349311169us][CH2-Pc    ] 05
[T+349475303us][CH1-Dispenser] 06
[T+349475168us][CH2-Pc    ] 06
[T+349650168us][CH2-Pc    ] 01
[T+349656802us][CH1-Dispenser] 01 61
[T+349729168us][CH2-Pc    ] 02
[T+349735168us][CH1-Dispenser] 02 92
[T+349756168us][CH2-Pc    ] 62
[T+349771179us][CH1-Dispenser] 62 E1 E7 E1 E2 E3 E0
[T+349846168us][CH2-Pc    ] 03
[T+349855168us][CH1-Dispenser] 03 63
[T+349924168us][CH2-Pc    ] 04
[T+349929778us][CH1-Dispenser] 04 64
[T+349993299us][CH1-Dispenser] 05
[T+349993168us][CH2-Pc    ] 05
[T+350168169us][CH1-Dispenser] 06
[T+350167168us][CH2-Pc    ] 06
[T+350344193us][CH2-Pc    ] 01
[T+350348196us][CH1-Dispenser] 01 61
[T+350412192us][CH2-Pc    ] 02
[T+350419175us][CH1-Dispenser] 02 92
[T+350439192us][CH2-Pc    ] 62
[T+350451192us][CH1-Dispenser] 62 E6 E1 E2 E2 E3 E0
[T+350518168us][CH2-Pc    ] 03
[T+350523168us][CH1-Dispenser] 03 63
[T+350596168us][CH2-Pc    ] 04
[T+350606453us][CH1-Dispenser] 04 64
[T+350674302us][CH1-Dispenser] 05
[T+350674169us][CH2-Pc    ] 05
[T+350860300us][CH1-Dispenser] 06
[T+350860168us][CH2-Pc    ] 06
[T+351024193us][CH2-Pc    ] 01
[T+351030806us][CH1-Dispenser] 01 61
[T+351105168us][CH2-Pc    ] 02
[T+351109196us][CH1-Dispenser] 02 92
[T+351132168us][CH2-Pc    ] 62
[T+351146566us][CH1-Dispenser] 62 E2 E6 E2 E2 E3 E0
[T+351238192us][CH2-Pc    ] 03
[T+351244168us][CH1-Dispenser] 03 63
[T+351316192us][CH2-Pc    ] 04
[T+351325168us][CH1-Dispenser] 04 64
[T+351394298us][CH1-Dispenser] 05
[T+351394169us][CH2-Pc    ] 05
[T+351569302us][CH1-Dispenser] 06
[T+351569170us][CH2-Pc    ] 06
[T+351745193us][CH2-Pc    ] 01
[T+351750798us][CH1-Dispenser] 01 61
[T+351823168us][CH2-Pc    ] 02
[T+351831193us][CH1-Dispenser] 02 92
[T+351850168us][CH2-Pc    ] 62
[T+351862209us][CH1-Dispenser] 62 E8 E1 E3 E2 E3 E0
[T+351930193us][CH2-Pc    ] 03
[T+351940168us][CH1-Dispenser] 03 63
[T+352008192us][CH2-Pc    ] 04
[T+352015175us][CH1-Dispenser] 04 64
[T+352086299us][CH1-Dispenser] 05
[T+352086168us][CH2-Pc    ] 05
[T+352261304us][CH1-Dispenser] 06
[T+352261170us][CH2-Pc    ] 06
[T+352436168us][CH2-Pc    ] 01
[T+352444851us][CH1-Dispenser] 01 61
[T+352515168us][CH2-Pc    ] 02
[T+352519197us][CH1-Dispenser] 02 92
[T+352543193us][CH2-Pc    ] 62
[T+352556168us][CH1-Dispenser] 62 E3 E6 E3 E2 E3 E0
[T+352622168us][CH2-Pc    ] 03
[T+352632168us][CH1-Dispenser] 03 63
[T+352701168us][CH2-Pc    ] 04
[T+352711173us][CH1-Dispenser] 04 64
[T+352779299us][CH1-Dispenser] 05
[T+352779168us][CH2-Pc    ] 05
[T+352954301us][CH1-Dispenser] 06
[T+352954168us][CH2-Pc    ] 06
[T+353141168us][CH2-Pc    ] 01
[T+353153200us][CH1-Dispenser] 01 61
[T+353219168us][CH2-Pc    ] 02
[T+353225769us][CH1-Dispenser] 02 92
[T+353246523us][CH2-Pc    ] 62
[T+353261168us][CH1-Dispenser] 62 E8 E0 E4 E2 E3 E0
[T+353326168us][CH2-Pc    ] 03
[T+353336168us][CH1-Dispenser] 03 63
[T+353404193us][CH2-Pc    ] 04
[T+353410168us][CH1-Dispenser] 04 64
[T+353482300us][CH1-Dispenser] 05
[T+353482169us][CH2-Pc    ] 05
[T+353653307us][CH1-Dispenser] 06
[T+353653169us][CH2-Pc    ] 06
[T+353825192us][CH2-Pc    ] 01
[T+353829196us][CH1-Dispenser] 01 61
[T+353892168us][CH2-Pc    ] 02
[T+353899168us][CH1-Dispenser] 02 92
[T+353919192us][CH2-Pc    ] 62
[T+353930313us][CH1-Dispenser] 62 E5 E6 E4 E2 E3 E0
[T+353997168us][CH2-Pc    ] 03
[T+354005819us][CH1-Dispenser] 03 63
[T+354076168us][CH2-Pc    ] 04
[T+354084209us][CH1-Dispenser] 04 64
[T+354154299us][CH1-Dispenser] 05
[T+354154168us][CH2-Pc    ] 05
[T+354328299us][CH1-Dispenser] 06
[T+354328168us][CH2-Pc    ] 06
[T+354494168us][CH2-Pc    ] 01
[T+354500168us][CH1-Dispenser] 01 61
[T+354573258us][CH2-Pc    ] 02
[T+354581209us][CH1-Dispenser] 02 92
[T+354600168us][CH2-Pc    ] 62
[T+354610168us][CH1-Dispenser] 62 E0 E1 E5 E2 E3 E0
[T+354680168us][CH2-Pc    ] 03
[T+354691838us][CH1-Dispenser] 03 63
[T+354758168us][CH2-Pc    ] 04
[T+354763168us][CH1-Dispenser] 04 64
[T+354836299us][CH1-Dispenser] 05
[T+354836168us][CH2-Pc    ] 05
[T+355014302us][CH1-Dispenser] 06
[T+355014169us][CH2-Pc    ] 06
[T+355178193us][CH2-Pc    ] 01
[T+355187866us][CH1-Dispenser] 01 61
[T+355256168us][CH2-Pc    ] 02
[T+355266168us][CH1-Dispenser] 02 92
[T+355284168us][CH2-Pc    ] 62
[T+355296198us][CH1-Dispenser] 62 E7 E6 E5 E2 E3 E0
[T+355363168us][CH2-Pc    ] 03
[T+355368760us][CH1-Dispenser] 03 63
[T+355441168us][CH2-Pc    ] 04
[T+355450773us][CH1-Dispenser] 04 64
[T+355520299us][CH1-Dispenser] 05
[T+355520168us][CH2-Pc    ] 05
[T+355696300us][CH1-Dispenser] 06
[T+355696168us][CH2-Pc    ] 06
[T+355872192us][CH2-Pc    ] 01
[T+355879264us][CH1-Dispenser] 01 61
[T+355949168us][CH2-Pc    ] 02
[T+355955175us][CH1-Dispenser] 02 92
[T+355977168us][CH2-Pc    ] 62
[T+355991169us][CH1-Dispenser] 62 E3 E2 E6 E2 E3 E0
[T+356055193us][CH2-Pc    ] 03
[T+356059196us][CH1-Dispenser] 03 63
[T+356123192us][CH2-Pc    ] 04
[T+356131302us][CH1-Dispenser] 04 64
[T+356202299us][CH1-Dispenser] 05
[T+356202168us][CH2-Pc    ] 05
[T+356367300us][CH1-Dispenser] 06
[T+356367168us][CH2-Pc    ] 06
[T+356541168us][CH2-Pc    ] 01
[T+356550168us][CH1-Dispenser] 01 61
[T+356622195us][CH2-Pc    ] 02
[T+356629207us][CH1-Dispenser] 02 92
[T+356649193us][CH2-Pc    ] 62
[T+356662168us][CH1-Dispenser] 62 E8 E6 E6 E2 E3 E0
[T+356728168us][CH2-Pc    ] 03
[T+356734168us][CH1-Dispenser] 03 63
[T+356806193us][CH2-Pc    ] 04
[T+356817175us][CH1-Dispenser] 04 64
[T+356885300us][CH1-Dispenser] 05
[T+356885169us][CH2-Pc    ] 05
[T+357060299us][CH1-Dispenser] 06
[T+357060168us][CH2-Pc    ] 06
[T+357226168us][CH2-Pc    ] 01
[T+357236171us][CH1-Dispenser] 01 61
[T+357305168us][CH2-Pc    ] 02
[T+357309197us][CH1-Dispenser] 02 92
[T+357332168us][CH2-Pc    ] 62
[T+357349168us][CH1-Dispenser] 62 E4 E1 E7 E2 E3 E0
[T+357422168us][CH2-Pc    ] 03
[T+357430209us][CH1-Dispenser] 03 63
[T+357500168us][CH2-Pc    ] 04
[T+357511293us][CH1-Dispenser] 04 64
[T+357578302us][CH1-Dispenser] 05
[T+357578169us][CH2-Pc    ] 05
[T+357743303us][CH1-Dispenser] 06
[T+357743169us][CH2-Pc    ] 06
[T+357918168us][CH2-Pc    ] 01
[T+357924168us][CH1-Dispenser] 01 61
[T+357996193us][CH2-Pc    ] 02
[T+358006172us][CH1-Dispenser] 02 92
[T+358024168us][CH2-Pc    ] 62
[T+358037168us][CH1-Dispenser] 62 E1 E8 E7 E2 E3 E0
[T+358102168us][CH2-Pc    ] 03
[T+358109175us][CH1-Dispenser] 03 63
[T+358180168us][CH2-Pc    ] 04
[T+358185806us][CH1-Dispenser] 04 64
[T+358258303us][CH1-Dispenser] 05
[T+358258168us][CH2-Pc    ] 05
[T+358433304us][CH1-Dispenser] 06
[T+358433169us][CH2-Pc    ] 06
[T+358610168us][CH2-Pc    ] 01
[T+358615168us][CH1-Dispenser] 01 61
[T+358688168us][CH2-Pc    ] 02
[T+358694810us][CH1-Dispenser] 02 92
[T+358715168us][CH2-Pc    ] 62
[T+358727192us][CH1-Dispenser] 62 E9 E4 E8 E2 E3 E0
[T+358793168us][CH2-Pc    ] 03
[T+358799175us][CH1-Dispenser] 03 63
[T+358871192us][CH2-Pc    ] 04
[T+358880809us][CH1-Dispenser] 04 64
[T+358949300us][CH1-Dispenser] 05
[T+358949168us][CH2-Pc    ] 05
[T+359126300us][CH1-Dispenser] 06
[T+359126168us][CH2-Pc    ] 06
[T+359289168us][CH2-Pc    ] 01
[T+359295175us][CH1-Dispenser] 01 61
[T+359367308us][CH2-Pc    ] 02
[T+359375177us][CH1-Dispenser] 02 92
[T+359395209us][CH2-Pc    ] 62
[T+359407209us][CH1-Dispenser] 62 E7 E1 E9 E2 E3 E0
[T+359474168us][CH2-Pc    ] 03
[T+359479168us][CH1-Dispenser] 03 63
[T+359552168us][CH2-Pc    ] 04
[T+359561168us][CH1-Dispenser] 04 64
[T+359630302us][CH1-Dispenser] 05
[T+359630169us][CH2-Pc    ] 05
[T+359833300us][CH1-Dispenser] 06
[T+359833169us][CH2-Pc    ] 06
[T+360009193us][CH2-Pc    ] 01
[T+360015177us][CH1-Dispenser] 01 61
[T+360087192us][CH2-Pc    ] 02
[T+360096779us][CH1-Dispenser] 02 92
[T+360115168us][CH2-Pc    ] 62
[T+360127192us][CH1-Dispenser] 62 E3 E7 E9 E2 E3 E0
[T+360193168us][CH2-Pc    ] 03
[T+360199168us][CH1-Dispenser] 03 63
[T+360271193us][CH2-Pc    ] 04
[T+360282174us][CH1-Dispenser] 04 64
[T+360349300us][CH1-Dispenser] 05
[T+360349170us][CH2-Pc    ] 05
[T+360525303us][CH1-Dispenser] 06
[T+360525168us][CH2-Pc    ] 06
[T+360699168us][CH2-Pc    ] 01
[T+360705177us][CH1-Dispenser] 01 61
[T+360778168us][CH2-Pc    ] 02
[T+360785168us][CH1-Dispenser] 02 92
[T+360805192us][CH2-Pc    ] 62
[T+360818169us][CH1-Dispenser] 62 E0 E3 E0 E3 E3 E0
[T+360884168us][CH2-Pc    ] 03
[T+360891175us][CH1-Dispenser] 03 63
[T+360962168us][CH2-Pc    ] 04
[T+360969175us][CH1-Dispenser] 04 64
[T+361040299us][CH1-Dispenser] 05
[T+361040168us][CH2-Pc    ] 05
[T+361215304us][CH1-Dispenser] 06
[T+361215170us][CH2-Pc    ] 06
[T+361390168us][CH2-Pc    ] 01
[T+361398839us][CH1-Dispenser] 01 61
[T+361468168us][CH2-Pc    ] 02
[T+361475812us][CH1-Dispenser] 02 92
[T+361495192us][CH2-Pc    ] 62
[T+361506168us][CH1-Dispenser] 62 E8 E9 E0 E3 E3 E0
[T+361574193us][CH2-Pc    ] 03
[T+361580175us][CH1-Dispenser] 03 63
[T+361652168us][CH2-Pc    ] 04
[T+361662175us][CH1-Dispenser] 04 64
[T+361730300us][CH1-Dispenser] 05
[T+361730168us][CH2-Pc    ] 05
[T+361911300us][CH1-Dispenser] 06
[T+361911168us][CH2-Pc    ] 06
[T+362084168us][CH2-Pc    ] 01
[T+362090168us][CH1-Dispenser] 01 61
[T+362162193us][CH2-Pc    ] 02
[T+362170209us][CH1-Dispenser] 02 92
[T+362190169us][CH2-Pc    ] 62
[T+362204168us][CH1-Dispenser] 62 E6 E6 E1 E3 E3 E0
[T+362269168us][CH2-Pc    ] 03
[T+362275168us][CH1-Dispenser] 03 63
[T+362347192us][CH2-Pc    ] 04
[T+362354168us][CH1-Dispenser] 04 64
[T+362425298us][CH1-Dispenser] 05
[T+362425168us][CH2-Pc    ] 05
[T+362603302us][CH1-Dispenser] 06
[T+362603170us][CH2-Pc    ] 06
[T+362777168us][CH2-Pc    ] 01
[T+362785193us][CH1-Dispenser] 01 61
[T+362856168us][CH2-Pc    ] 02
[T+362864209us][CH1-Dispenser] 02 92
[T+362883168us][CH2-Pc    ] 62
[T+362897168us][CH1-Dispenser] 62 E2 E2 E2 E3 E3 E0
[T+362961193us][CH2-Pc    ] 03
[T+362969209us][CH1-Dispenser] 03 63
[T+363039168us][CH2-Pc    ] 04
[T+363046175us][CH1-Dispenser] 04 64
[T+363117301us][CH1-Dispenser] 05
[T+363117168us][CH2-Pc    ] 05
[T+363290300us][CH1-Dispenser] 06
[T+363290168us][CH2-Pc    ] 06
[T+363462192us][CH2-Pc    ] 01
[T+363472175us][CH1-Dispenser] 01 61
[T+363540193us][CH2-Pc    ] 02
[T+363546168us][CH1-Dispenser] 02 92
[T+363568168us][CH2-Pc    ] 62
[T+363582168us][CH1-Dispenser] 62 E0 E9 E2 E3 E3 E0
[T+363646303us][CH1-Dispenser] 03
[T+363646169us][CH2-Pc    ] 03
[T+363659168us][CH1-Dispenser] 63
[T+363731192us][CH2-Pc    ] 04
[T+363740807us][CH1-Dispenser] 04 64
[T+363809299us][CH1-Dispenser] 05
[T+363809168us][CH2-Pc    ] 05
[T+363985301us][CH1-Dispenser] 06
[T+363985169us][CH2-Pc    ] 06
[T+364149192us][CH2-Pc    ] 01
[T+364155175us][CH1-Dispenser] 01 61
[T+364227192us][CH2-Pc    ] 02
[T+364235169us][CH1-Dispenser] 02 92
[T+364255192us][CH2-Pc    ] 62
[T+364267175us][CH1-Dispenser] 62 E6 E4 E3 E3 E3 E0
[T+364335192us][CH2-Pc    ] 03
[T+364340810us][CH1-Dispenser] 03 63
[T+364413168us][CH2-Pc    ] 04
[T+364419175us][CH1-Dispenser] 04 64
[T+364492300us][CH1-Dispenser] 05
[T+364492168us][CH2-Pc    ] 05
[T+364666301us][CH1-Dispenser] 06
[T+364666169us][CH2-Pc    ] 06
[T+364842192us][CH2-Pc    ] 01
[T+364850856us][CH1-Dispenser] 01 61
[T+364920168us][CH2-Pc    ] 02
[T+364925168us][CH1-Dispenser] 02 92
[T+364947175us][CH2-Pc    ] 62
[T+364962168us][CH1-Dispenser] 62 E4 E1 E4 E3 E3 E0
[T+365026168us][CH2-Pc    ] 03
[T+365030197us][CH1-Dispenser] 03 63
[T+365104168us][CH2-Pc    ] 04
[T+365109168us][CH1-Dispenser] 04 64
[T+365182301us][CH1-Dispenser] 05
[T+365182168us][CH2-Pc    ] 05
[T+365357302us][CH1-Dispenser] 06
[T+365357170us][CH2-Pc    ] 06
[T+365531168us][CH2-Pc    ] 01
[T+365541237us][CH1-Dispenser] 01 61
[T+365609193us][CH2-Pc    ] 02
[T+365616765us][CH1-Dispenser] 02 92
[T+365637168us][CH2-Pc    ] 62
[T+365652168us][CH1-Dispenser] 62 E7 E3 E4 E3 E3 E0
[T+365717168us][CH2-Pc    ] 03
[T+365726168us][CH1-Dispenser] 03 63
[T+365795168us][CH2-Pc    ] 04
[T+365799196us][CH1-Dispenser] 04 64
[T+365863301us][CH1-Dispenser] 05
[T+365863169us][CH2-Pc    ] 05
[T+366038304us][CH1-Dispenser] 06
[T+366038168us][CH2-Pc    ] 06
[T+366215168us][CH2-Pc    ] 01
[T+366222168us][CH1-Dispenser] 01 61
[T+366293168us][CH2-Pc    ] 02
[T+366299168us][CH1-Dispenser] 02 92
[T+366320168us][CH2-Pc    ] 62
[T+366333168us][CH1-Dispenser] 62 E1 E7 E4 E3 E3 E0
[T+366399168us][CH2-Pc    ] 03
[T+366407279us][CH1-Dispenser] 03 63
[T+366477168us][CH2-Pc    ] 04
[T+366484168us][CH1-Dispenser] 04 64
[T+366552301us][CH1-Dispenser] 05
[T+366552169us][CH2-Pc    ] 05
[T+366727303us][CH1-Dispenser] 06
[T+366727168us][CH2-Pc    ] 06
[T+366902168us][CH2-Pc    ] 01
[T+366911168us][CH1-Dispenser] 01 61
[T+366981168us][CH2-Pc    ] 02
[T+366997168us][CH2-Pc    ] 62
[T+367012168us][CH1-Dispenser] 02 92 62 E0 E5 E5 E3 E3 E0
[T+367087168us][CH2-Pc    ] 03
[T+367097168us][CH1-Dispenser] 03 63
[T+367165193us][CH2-Pc    ] 04
[T+367171216us][CH1-Dispenser] 04 64
[T+367243300us][CH1-Dispenser] 05
[T+367243168us][CH2-Pc    ] 05
[T+367418301us][CH1-Dispenser] 06
[T+367418168us][CH2-Pc    ] 06
[T+367584168us][CH2-Pc    ] 01
[T+367591168us][CH1-Dispenser] 01 61
[T+367662168us][CH2-Pc    ] 02
[T+367670827us][CH1-Dispenser] 02 92
[T+367689168us][CH2-Pc    ] 62
[T+367703168us][CH1-Dispenser] 62 E4 E8 E5 E3 E3 E0
[T+367768168us][CH2-Pc    ] 03
[T+367776209us][CH1-Dispenser] 03 63
[T+367846168us][CH2-Pc    ] 04
[T+367852175us][CH1-Dispenser] 04 64
[T+367924299us][CH1-Dispenser] 05
[T+367924168us][CH2-Pc    ] 05
[T+368109302us][CH1-Dispenser] 06
[T+368109169us][CH2-Pc    ] 06
[T+368275168us][CH2-Pc    ] 01
[T+368282801us][CH1-Dispenser] 01 61
[T+368353168us][CH2-Pc    ] 02
[T+368364168us][CH1-Dispenser] 02 92
[T+368381293us][CH2-Pc    ] 62
[T+368397192us][CH1-Dispenser] 62 E5 E9 E5 E3 E3 E0
[T+368471168us][CH2-Pc    ] 03
[T+368475197us][CH1-Dispenser] 03 63
[T+368549168us][CH2-Pc    ] 04
[T+368558168us][CH1-Dispenser] 04 64
[T+368627300us][CH1-Dispenser] 05
[T+368627168us][CH2-Pc    ] 05
[T+368803300us][CH1-Dispenser] 06
[T+368803169us][CH2-Pc    ] 06
[T+368978168us][CH2-Pc    ] 01
[T+368985168us][CH1-Dispenser] 01 61
[T+369056168us][CH2-Pc    ] 02
[T+369061168us][CH1-Dispenser] 02 92
[T+369083168us][CH2-Pc    ] 62
[T+369097168us][CH1-Dispenser] 62 E0 E4 E6 E3 E3 E0
[T+369161177us][CH2-Pc    ] 03
[T+369173176us][CH1-Dispenser] 03 63
[T+369239168us][CH2-Pc    ] 04
[T+369244168us][CH1-Dispenser] 04 64
[T+369318303us][CH1-Dispenser] 05
[T+369318168us][CH2-Pc    ] 05
[T+369493303us][CH1-Dispenser] 06
[T+369493169us][CH2-Pc    ] 06
[T+369678168us][CH2-Pc    ] 01
[T+369685168us][CH1-Dispenser] 01 61
[T+369756168us][CH2-Pc    ] 02
[T+369760196us][CH1-Dispenser] 02 92
[T+369783168us][CH2-Pc    ] 62
[T+369797168us][CH1-Dispenser] 62 E1 E5 E6 E3 E3 E0
[T+369862168us][CH2-Pc    ] 03
[T+369870847us][CH1-Dispenser] 03 63
[T+369945196us][CH1-Dispenser] 04 64
[T+369941168us][CH2-Pc    ] 04
[T+370035300us][CH1-Dispenser] 05
[T+370035168us][CH2-Pc    ] 05
[T+370210302us][CH1-Dispenser] 06
[T+370210168us][CH2-Pc    ] 06
[T+370387168us][CH2-Pc    ] 01
[T+370395193us][CH1-Dispenser] 01 61
[T+370465168us][CH2-Pc    ] 02
[T+370471168us][CH1-Dispenser] 02 92
[T+370492168us][CH2-Pc    ] 62
[T+370507168us][CH1-Dispenser] 62 E5 E8 E6 E3 E3 E0
[T+370581168us][CH2-Pc    ] 03
[T+370591168us][CH1-Dispenser] 03 63
[T+370659193us][CH2-Pc    ] 04
[T+370664815us][CH1-Dispenser] 04 64
[T+370738302us][CH1-Dispenser] 05
[T+370738168us][CH2-Pc    ] 05
[T+370919302us][CH1-Dispenser] 06
[T+370919168us][CH2-Pc    ] 06
[T+371094168us][CH2-Pc    ] 01
[T+371100811us][CH1-Dispenser] 01 61
[T+371172300us][CH1-Dispenser] 02
[T+371172168us][CH2-Pc    ] 02
[T+371185168us][CH1-Dispenser] 92
[T+371200168us][CH2-Pc    ] 62
[T+371212192us][CH1-Dispenser] 62 E8 E0 E7 E3 E3 E0
[T+371279168us][CH2-Pc    ] 03
[T+371286168us][CH1-Dispenser] 03 63
[T+371357168us][CH2-Pc    ] 04
[T+371367172us][CH1-Dispenser] 04 64
[T+371436302us][CH1-Dispenser] 05
[T+371436170us][CH2-Pc    ] 05
[T+371601302us][CH1-Dispenser] 06
[T+371601169us][CH2-Pc    ] 06
[T+371776169us][CH2-Pc    ] 01
[T+371780203us][CH1-Dispenser] 01 61
[T+371844192us][CH2-Pc    ] 02
[T+371850175us][CH1-Dispenser] 02 92
[T+371871168us][CH2-Pc    ] 62
[T+371881169us][CH1-Dispenser] 62 E2 E4 E7 E3 E3 E0
[T+371950168us][CH2-Pc    ] 03
[T+371955168us][CH1-Dispenser] 03 63
[T+372019193us][CH2-Pc    ] 04
[T+372025809us][CH1-Dispenser] 04 64
[T+372097301us][CH1-Dispenser] 05
[T+372097169us][CH2-Pc    ] 05
[T+372272301us][CH1-Dispenser] 06
[T+372272169us][CH2-Pc    ] 06
[T+372446168us][CH2-Pc    ] 01
[T+372451809us][CH1-Dispenser] 01 61
[T+372524168us][CH2-Pc    ] 02
[T+372530168us][CH1-Dispenser] 02 92
[T+372552301us][CH1-Dispenser] 62
[T+372552169us][CH2-Pc    ] 62
[T+372570168us][CH1-Dispenser] E3 E5 E7 E3 E3 E0
[T+372641168us][CH2-Pc    ] 03
[T+372646168us][CH1-Dispenser] 03 63
[T+372725168us][CH2-Pc    ] 04
[T+372731175us][CH1-Dispenser] 04 64
[T+372803304us][CH1-Dispenser] 05
[T+372803170us][CH2-Pc    ] 05
[T+372978301us][CH1-Dispenser] 06
[T+372978168us][CH2-Pc    ] 06
[T+373154192us][CH2-Pc    ] 01
[T+373163812us][CH1-Dispenser] 01 61
[T+373232168us][CH2-Pc    ] 02
[T+373243175us][CH1-Dispenser] 02 92
[T+373260168us][CH2-Pc    ] 62
[T+373272193us][CH1-Dispenser] 62 E6 E7 E7 E3 E3 E0
[T+373338168us][CH2-Pc    ] 03
[T+373346843us][CH1-Dispenser] 03 63
[T+373417171us][CH2-Pc    ] 04
[T+373425193us][CH1-Dispenser] 04 64
[T+373495302us][CH1-Dispenser] 05
[T+373495168us][CH2-Pc    ] 05
[T+373670300us][CH1-Dispenser] 06
[T+373670168us][CH2-Pc    ] 06
[T+373835168us][CH2-Pc    ] 01
[T+373841168us][CH1-Dispenser] 01 61
[T+373914168us][CH2-Pc    ] 02
[T+373921175us][CH1-Dispenser] 02 92
[T+373941193us][CH2-Pc    ] 62
[T+373953192us][CH1-Dispenser] 62 E7 E8 E7 E3 E3 E0
[T+374019168us][CH2-Pc    ] 03
[T+374025168us][CH1-Dispenser] 03 63
[T+374098168us][CH2-Pc    ] 04
[T+374106209us][CH1-Dispenser] 04 64
[T+374176301us][CH1-Dispenser] 05
[T+374176169us][CH2-Pc    ] 05
[T+374351299us][CH1-Dispenser] 06
[T+374351168us][CH2-Pc    ] 06
[T+374526168us][CH2-Pc    ] 01
[T+374530198us][CH1-Dispenser] 01 61
[T+374594192us][CH2-Pc    ] 02
[T+374601168us][CH1-Dispenser] 02 92
[T+374621192us][CH2-Pc    ] 62
[T+374636168us][CH1-Dispenser] 62 E1 E2 E8 E3 E3 E0
[T+374712193us][CH2-Pc    ] 03
[T+374722168us][CH1-Dispenser] 03 63
[T+374790192us][CH2-Pc    ] 04
[T+374796168us][CH1-Dispenser] 04 64
[T+374869300us][CH1-Dispenser] 05
[T+374869168us][CH2-Pc    ] 05
[T+375044299us][CH1-Dispenser] 06
[T+375044168us][CH2-Pc    ] 06
[T+375219168us][CH2-Pc    ] 01
[T+375230173us][CH1-Dispenser] 01 61
[T+375297168us][CH2-Pc    ] 02
[T+375308169us][CH1-Dispenser] 02 92
[T+375324193us][CH2-Pc    ] 62
[T+375337168us][CH1-Dispenser] 62 E4 E4 E8 E3 E3 E0
[T+375403168us][CH2-Pc    ] 03
[T+375410168us][CH1-Dispenser] 03 63
[T+375482193us][CH2-Pc    ] 04
[T+375492168us][CH1-Dispenser] 04 64
[T+375562299us][CH1-Dispenser] 05
[T+375562168us][CH2-Pc    ] 05
[T+375726299us][CH1-Dispenser] 06
[T+375726168us][CH2-Pc    ] 06
[T+375901168us][CH2-Pc    ] 01
[T+375908175us][CH1-Dispenser] 01 61
[T+375979168us][CH2-Pc    ] 02
[T+375986168us][CH1-Dispenser] 02 92
[T+376007168us][CH2-Pc    ] 62
[T+376017169us][CH1-Dispenser] 62 E5 E5 E8 E3 E3 E0
[T+376085192us][CH2-Pc    ] 03
[T+376092803us][CH1-Dispenser] 03 63
[T+376163168us][CH2-Pc    ] 04
[T+376171209us][CH1-Dispenser] 04 64
[T+376241299us][CH1-Dispenser] 05
[T+376241168us][CH2-Pc    ] 05
[T+376412300us][CH1-Dispenser] 06
[T+376412170us][CH2-Pc    ] 06
[T+376587168us][CH2-Pc    ] 01
[T+376592168us][CH1-Dispenser] 01 61
[T+376665197us][CH2-Pc    ] 02
[T+376671168us][CH1-Dispenser] 02 92
[T+376692168us][CH2-Pc    ] 62
[T+376707173us][CH1-Dispenser] 62 E6 E6 E8 E3 E3 E0
[T+376782168us][CH2-Pc    ] 03
[T+376793169us][CH1-Dispenser] 03 63
[T+376861192us][CH2-Pc    ] 04
[T+376866168us][CH1-Dispenser] 04 64
[T+376939301us][CH1-Dispenser] 05
[T+376939168us][CH2-Pc    ] 05
[T+377115303us][CH1-Dispenser] 06
[T+377115168us][CH2-Pc    ] 06
[T+377291193us][CH2-Pc    ] 01
[T+377297810us][CH1-Dispenser] 01 61
[T+377369192us][CH2-Pc    ] 02
[T+377376175us][CH1-Dispenser] 02 92
[T+377397168us][CH2-Pc    ] 62
[T+377407175us][CH1-Dispenser] 62 E7 E7 E8 E3 E3 E0
[T+377477168us][CH2-Pc    ] 03
[T+377486172us][CH1-Dispenser] 03 63
[T+377556168us][CH2-Pc    ] 04
[T+377562168us][CH1-Dispenser] 04 64
[T+377635304us][CH1-Dispenser] 05
[T+377635168us][CH2-Pc    ] 05
[T+377829300us][CH1-Dispenser] 06
[T+377829168us][CH2-Pc    ] 06
[T+378015168us][CH2-Pc    ] 01
[T+378022175us][CH1-Dispenser] 01 61
[T+378093168us][CH2-Pc    ] 02
[T+378101209us][CH1-Dispenser] 02 92
[T+378120168us][CH2-Pc    ] 62
[T+378134168us][CH1-Dispenser] 62 E9 E8 E8 E3 E3 E0
[T+378199168us][CH2-Pc    ] 03
[T+378205168us][CH1-Dispenser] 03 63
[T+378277192us][CH2-Pc    ] 04
[T+378286259us][CH1-Dispenser] 04 64
[T+378355300us][CH1-Dispenser] 05
[T+378355169us][CH2-Pc    ] 05
[T+378531299us][CH1-Dispenser] 06
[T+378531168us][CH2-Pc    ] 06
[T+378708168us][CH2-Pc    ] 01
[T+378718168us][CH1-Dispenser] 01 61
[T+378785168us][CH2-Pc    ] 02
[T+378792780us][CH1-Dispenser] 02 92
[T+378813168us][CH2-Pc    ] 62
[T+378828168us][CH1-Dispenser] 62 E0 E0 E9 E3 E3 E0
[T+378893168us][CH2-Pc    ] 03
[T+378901822us][CH1-Dispenser] 03 63
[T+378971168us][CH2-Pc    ] 04
[T+378974168us][CH1-Dispenser] 04 64
[T+379038300us][CH1-Dispenser] 05
[T+379038168us][CH2-Pc    ] 05
[T+379216300us][CH1-Dispenser] 06
[T+379216168us][CH2-Pc    ] 06
[T+379391168us][CH2-Pc    ] 01
[T+379398168us][CH1-Dispenser] 01 61
[T+379470193us][CH2-Pc    ] 02
[T+379477807us][CH1-Dispenser] 02 92
[T+379497192us][CH2-Pc    ] 62
[T+379508168us][CH1-Dispenser] 62 E0 E0 E9 E3 E3 E0
[T+379576192us][CH2-Pc    ] 03
[T+379582175us][CH1-Dispenser] 03 63
[T+379655168us][CH2-Pc    ] 04
[T+379661168us][CH1-Dispenser] 04 64
[T+379732299us][CH1-Dispenser] 05
[T+379732168us][CH2-Pc    ] 05
[T+379898300us][CH1-Dispenser] 06
[T+379898168us][CH2-Pc    ] 06
[T+380073168us][CH2-Pc    ] 01
[T+380081290us][CH1-Dispenser] 01 61
[T+380164168us][CH2-Pc    ] 02
[T+380173168us][CH1-Dispenser] 02 92
[T+380191168us][CH2-Pc    ] 62
[T+380204168us][CH1-Dispenser] 62 E0 E0 E9 E3 E3 E0
[T+380270168us][CH2-Pc    ] 03
[T+380277244us][CH1-Dispenser] 03 63
[T+380348168us][CH2-Pc    ] 04
[T+380357782us][CH1-Dispenser] 04 64
[T+380427300us][CH1-Dispenser] 05
[T+380427168us][CH2-Pc    ] 05
[T+380604301us][CH1-Dispenser] 06
[T+380604168us][CH2-Pc    ] 06
[T+380781168us][CH2-Pc    ] 01
[T+380788168us][CH1-Dispenser] 01 61
[T+380859168us][CH2-Pc    ] 02
[T+380866168us][CH1-Dispenser] 02 92
[T+380887168us][CH2-Pc    ] 62
[T+380898168us][CH1-Dispenser] 62 E0 E0 E9 E3 E3 E0
[T+380966193us][CH2-Pc    ] 03
[T+380971168us][CH1-Dispenser] 03 63
[T+381044168us][CH2-Pc    ] 04
[T+381050175us][CH1-Dispenser] 04 64
[T+381122300us][CH1-Dispenser] 05
[T+381122169us][CH2-Pc    ] 05
[T+381287299us][CH1-Dispenser] 06
[T+381287168us][CH2-Pc    ] 06
[T+381466196us][CH1-Dispenser] 01 61
[T+381462168us][CH2-Pc    ] 01
[T+381530192us][CH2-Pc    ] 02
[T+381537168us][CH1-Dispenser] 02 92
[T+381557192us][CH2-Pc    ] 62
[T+381573168us][CH1-Dispenser] 62 E0 E0 E9 E3 E3 E0
[T+381647168us][CH2-Pc    ] 03
[T+381656168us][CH1-Dispenser] 03 63
[T+381725168us][CH2-Pc    ] 04
[T+381733193us][CH1-Dispenser] 04 64
[T+381804299us][CH1-Dispenser] 05
[T+381804168us][CH2-Pc    ] 05
[T+381978301us][CH1-Dispenser] 06
[T+381978169us][CH2-Pc    ] 06
[T+382153168us][CH2-Pc    ] 01
[T+382163168us][CH1-Dispenser] 01 61
[T+382231193us][CH2-Pc    ] 02
[T+382236168us][CH1-Dispenser] 02 92
[T+382259168us][CH2-Pc    ] 62
[T+382273168us][CH1-Dispenser] 62 E0 E0 E9 E3 E3 E0
[T+382337193us][CH2-Pc    ] 03
[T+382346168us][CH1-Dispenser] 03 63
[T+382415168us][CH2-Pc    ] 04
[T+382421168us][CH1-Dispenser] 04 64
[T+382496303us][CH1-Dispenser] 05
[T+382496168us][CH2-Pc    ] 05
[T+382672302us][CH1-Dispenser] 06
[T+382672169us][CH2-Pc    ] 06
[T+382837168us][CH2-Pc    ] 01
[T+382842168us][CH1-Dispenser] 01 61
[T+382916168us][CH2-Pc    ] 02
[T+382922814us][CH1-Dispenser] 02 92
[T+382944168us][CH2-Pc    ] 62
[T+382958168us][CH1-Dispenser] 62 E0 E0 E9 E3 E3 E0
[T+383023168us][CH2-Pc    ] 03
[T+383032169us][CH1-Dispenser] 03 63
[T+383101168us][CH2-Pc    ] 04
[T+383106168us][CH1-Dispenser] 04 64
[T+383179303us][CH1-Dispenser] 05
[T+383179170us][CH2-Pc    ] 05
[T+383357301us][CH1-Dispenser] 06
[T+383357168us][CH2-Pc    ] 06
[T+383521193us][CH2-Pc    ] 01
[T+383529857us][CH1-Dispenser] 01 61
[T+383599168us][CH2-Pc    ] 02
[T+383607209us][CH1-Dispenser] 02 92
[T+383637168us][CH2-Pc    ] 62
[T+383652168us][CH1-Dispenser] 62 E0 E0 E9 E3 E3 E0
[T+383717168us][CH2-Pc    ] 03
[T+383721197us][CH1-Dispenser] 03 63
[T+383784168us][CH2-Pc    ] 04
[T+383791168us][CH1-Dispenser] 04 64
[T+383863302us][CH1-Dispenser] 05
[T+383863170us][CH2-Pc    ] 05
[T+384040301us][CH1-Dispenser] 06
[T+384040170us][CH2-Pc    ] 06
[T+384315168us][CH2-Pc    ] 01
[T+384321168us][CH1-Dispenser] 01 61
[T+384385171us][CH2-Pc    ] 02
[T+384393209us][CH1-Dispenser] 02 92
[T+384412168us][CH2-Pc    ] 62
[T+384422168us][CH1-Dispenser] 62 E0 E0 E0 E0 E0 E0
[T+384490192us][CH2-Pc    ] 03
[T+384495168us][CH1-Dispenser] 03 63
[T+384568168us][CH2-Pc    ] 04
[T+384576243us][CH1-Dispenser] 04 64
[T+384648304us][CH1-Dispenser] 05
[T+384648169us][CH2-Pc    ] 05
[T+384822301us][CH1-Dispenser] 06
[T+384822168us][CH2-Pc    ] 06
[T+384998193us][CH2-Pc    ] 01
[T+385006209us][CH1-Dispenser] 01 61
[T+385076168us][CH2-Pc    ] 02
[T+385082168us][CH1-Dispenser] 02 B2
[T+385654192us][CH2-Pc    ] 03
[T+385663168us][CH1-Dispenser] 03 63
[T+385732168us][CH2-Pc    ] 04
[T+385742168us][CH1-Dispenser] 04 64
[T+385810305us][CH1-Dispenser] 05
[T+385810170us][CH2-Pc    ] 05
[T+385976303us][CH1-Dispenser] 06
[T+385976168us][CH2-Pc    ] 06
[T+386151168us][CH2-Pc    ] 01
[T+386158168us][CH1-Dispenser] 01 61
[T+386231168us][CH2-Pc    ] 02
[T+386237808us][CH1-Dispenser] 02 62
[T+386809193us][CH2-Pc    ] 03
[T+386816175us][CH1-Dispenser] 03 63
[T+386887168us][CH2-Pc    ] 04
[T+386897175us][CH1-Dispenser] 04 64
[T+386966300us][CH1-Dispenser] 05
[T+386966168us][CH2-Pc    ] 05
[T+387131301us][CH1-Dispenser] 06
[T+387131168us][CH2-Pc    ] 06
[T+387307193us][CH2-Pc    ] 01
[T+387311196us][CH1-Dispenser] 01 61
[T+387375193us][CH2-Pc    ] 02
[T+387381811us][CH1-Dispenser] 02 62
[T+387402168us][CH2-Pc    ] 42
[T+387452168us][CH1-Dispenser] 42 FF F1 F8 EB E1 E0 E0 E0 F6 E0 F4 F7 E0 E3 E1 E1 F9 E0 E0 E0 E0 E3 E0 FA E0 E0 E9 E3 E3 E0 FB E6 F0
[T+387477300us][CH1-Dispenser] 52
[T+387477168us][CH2-Pc    ] 52
[T+387607168us][CH1-Dispenser] FF F6 E0 F9 E3 E7 E1 E7 E7 E1 E7 E2 FA E0 E5 E3 E7 E0 E9 E8 E8 F4 E0 E3 E1 E1 F5 E0 E0 E0 E0 F6 E1 F9 E5 E8 E4 E9 E1 E1 E6 E3 FA E6 E9 E0 E0 E8 E8 E7 E8 F4 E0 E0 E1 E1 F5 E0 E0 E0 E0 F6 E2 F9 E0 E7 E3 E6 E0 E5 E9 E9 FA E1 E5 E0 E8 E3 E5 E2 E8 F4 E0 E3 E4 E1 F5 E0 E0 E0 E0 FB E9 F0
[T+387680168us][CH2-Pc    ] 03
[T+387687168us][CH1-Dispenser] 03 63
[T+387758168us][CH2-Pc    ] 04
[T+387766915us][CH1-Dispenser] 04 64
[T+387837301us][CH1-Dispenser] 05
[T+387837169us][CH2-Pc    ] 05
[T+388011302us][CH1-Dispenser] 06
[T+388011168us][CH2-Pc    ] 06
[T+388186168us][CH2-Pc    ] 01
[T+388193820us][CH1-Dispenser] 01 61
[T+388264172us][CH2-Pc    ] 02
[T+388272209us][CH1-Dispenser] 02 62
[T+388292192us][CH2-Pc    ] 42
[T+388341168us][CH1-Dispenser] 42 FF F1 F8 EB E1 E0 E0 E0 F6 E0 F4 F7 E0 E3 E1 E1 F9 E0 E0 E0 E0 E3 E0 FA E0 E0 E9 E3 E3 E0 FB E6 F0
[T+388366300us][CH1-Dispenser] 52
[T+388366169us][CH2-Pc    ] 52
[T+388496168us][CH1-Dispenser] FF F6 E0 F9 E3 E7 E1 E7 E7 E1 E7 E2 FA E0 E5 E3 E7 E0 E9 E8 E8 F4 E0 E3 E1 E1 F5 E0 E0 E0 E0 F6 E1 F9 E5 E8 E4 E9 E1 E1 E6 E3 FA E6 E9 E0 E0 E8 E8 E7 E8 F4 E0 E0 E1 E1 F5 E0 E0 E0 E0 F6 E2 F9 E0 E7 E3 E6 E0 E5 E9 E9 FA E1 E5 E0 E8 E3 E5 E2 E8 F4 E0 E3 E4 E1 F5 E0 E0 E0 E0 FB E9 F0
[T+388576193us][CH2-Pc    ] 03
[T+388582168us][CH1-Dispenser] 03 63
[T+388654194us][CH2-Pc    ] 04
[T+388663172us][CH1-Dispenser] 04 64
[T+388732300us][CH1-Dispenser] 05
[T+388732168us][CH2-Pc    ] 05
[T+388896302us][CH1-Dispenser] 06
[T+388896169us][CH2-Pc    ] 06
[T+389071168us][CH2-Pc    ] 01
[T+389078734us][CH1-Dispenser] 01 61
[T+389149168us][CH2-Pc    ] 02
[T+389157193us][CH1-Dispenser] 02 62
[T+389227168us][CH2-Pc    ] 03
[T+389236168us][CH1-Dispenser] 03 63
[T+389305168us][CH2-Pc    ] 04
[T+389312795us][CH1-Dispenser] 04 64
[T+389383298us][CH1-Dispenser] 05
[T+389383169us][CH2-Pc    ] 05
[T+389558299us][CH1-Dispenser] 06
[T+389558168us][CH2-Pc    ] 06
[T+389750192us][CH2-Pc    ] 01
[T+389757175us][CH1-Dispenser] 01 61
[T+389831168us][CH1-Dispenser] 02 62
[T+389828168us][CH2-Pc    ] 02
[T+389895192us][CH2-Pc    ] 03
[T+389903202us][CH1-Dispenser] 03 63
[T+389987192us][CH2-Pc    ] 04
[T+389996778us][CH1-Dispenser] 04 64
[T+390067302us][CH1-Dispenser] 05
[T+390067171us][CH2-Pc    ] 05
[T+390247301us][CH1-Dispenser] 06
[T+390247168us][CH2-Pc    ] 06
[T+390412168us][CH2-Pc    ] 01
[T+390417815us][CH1-Dispenser] 01 61
[T+390479168us][CH2-Pc    ] 02
[T+390487209us][CH1-Dispenser] 02 62
[T+390557168us][CH2-Pc    ] 03
[T+390568175us][CH1-Dispenser] 03 63
[T+390635168us][CH2-Pc    ] 04
[T+390642168us][CH1-Dispenser] 04 64
[T+390714300us][CH1-Dispenser] 05
[T+390714169us][CH2-Pc    ] 05
[T+390883304us][CH1-Dispenser] 06
[T+390883170us][CH2-Pc    ] 06
[T+391058168us][CH2-Pc    ] 01
[T+391067178us][CH1-Dispenser] 01 61
[T+391137168us][CH2-Pc    ] 02
[T+391141198us][CH1-Dispenser] 02 62
[T+391205192us][CH2-Pc    ] 03
[T+391213193us][CH1-Dispenser] 03 63
[T+391283168us][CH2-Pc    ] 04
[T+391292168us][CH1-Dispenser] 04 64
[T+391361301us][CH1-Dispenser] 05
[T+391361170us][CH2-Pc    ] 05
[T+391546301us][CH1-Dispenser] 06
[T+391546168us][CH2-Pc    ] 06
[T+391711168us][CH2-Pc    ] 01
[T+391718168us][CH1-Dispenser] 01 61
[T+391789168us][CH2-Pc    ] 02
[T+391797209us][CH1-Dispenser] 02 62
[T+391867168us][CH2-Pc    ] 03
[T+391872168us][CH1-Dispenser] 03 63
[T+391945168us][CH2-Pc    ] 04
[T+391951253us][CH1-Dispenser] 04 64
[T+392032300us][CH1-Dispenser] 05
[T+392032168us][CH2-Pc    ] 05
[T+392221301us][CH1-Dispenser] 06
[T+392221170us][CH2-Pc    ] 06
[T+392396168us][CH2-Pc    ] 01
[T+392402175us][CH1-Dispenser] 01 61
[T+392474193us][CH2-Pc    ] 02
[T+392483757us][CH1-Dispenser] 02 62
[T+392552168us][CH2-Pc    ] 03
[T+392562443us][CH1-Dispenser] 03 63
[T+392631168us][CH2-Pc    ] 04
[T+392638175us][CH1-Dispenser] 04 64
[T+392709300us][CH1-Dispenser] 05
[T+392709168us][CH2-Pc    ] 05
[T+392887303us][CH1-Dispenser] 06
[T+392887169us][CH2-Pc    ] 06
[T+393052168us][CH2-Pc    ] 01
[T+393056197us][CH1-Dispenser] 01 61
[T+393120192us][CH2-Pc    ] 02
[T+393129168us][CH1-Dispenser] 02 62
[T+393198168us][CH2-Pc    ] 03
[T+393207758us][CH1-Dispenser] 03 63
[T+393276168us][CH2-Pc    ] 04
[T+393281168us][CH1-Dispenser] 04 64
[T+393354299us][CH1-Dispenser] 05
[T+393354168us][CH2-Pc    ] 05
[T+393529301us][CH1-Dispenser] 06
[T+393529168us][CH2-Pc    ] 06
[T+393693197us][CH2-Pc    ] 01
[T+393698168us][CH1-Dispenser] 01 61
[T+393771168us][CH2-Pc    ] 02
[T+393777719us][CH1-Dispenser] 02 62
[T+393850168us][CH2-Pc    ] 03
[T+393856168us][CH1-Dispenser] 03 63
[T+393928194us][CH2-Pc    ] 04
[T+393937168us][CH1-Dispenser] 04 64
[T+394007302us][CH1-Dispenser] 05
[T+394007170us][CH2-Pc    ] 05
[T+394183300us][CH1-Dispenser] 06
[T+394183168us][CH2-Pc    ] 06
[T+394358168us][CH2-Pc    ] 01
[T+394363762us][CH1-Dispenser] 01 61
[T+394437168us][CH2-Pc    ] 02
[T+394442168us][CH1-Dispenser] 02 62
[T+394515168us][CH2-Pc    ] 03
[T+394521168us][CH1-Dispenser] 03 63
[T+394593193us][CH2-Pc    ] 04
[T+394602172us][CH1-Dispenser] 04 64
[T+394673302us][CH1-Dispenser] 05
[T+394673169us][CH2-Pc    ] 05
[T+394859300us][CH1-Dispenser] 06
[T+394859168us][CH2-Pc    ] 06
[T+395023195us][CH2-Pc    ] 01
[T+395028168us][CH1-Dispenser] 01 61
[T+395101168us][CH2-Pc    ] 02
[T+395107714us][CH1-Dispenser] 02 62
[T+395179192us][CH2-Pc    ] 03
[T+395188168us][CH1-Dispenser] 03 63
[T+395261197us][CH1-Dispenser] 04 64
[T+395257168us][CH2-Pc    ] 04
[T+395325298us][CH1-Dispenser] 05
[T+395325168us][CH2-Pc    ] 05