connected
[T+6602405330us][CH1-Dispenser] E0
[T+6602405189us][CH2-Pc    ] E0
[T+6602418184us][CH1-Dispenser] E1
[T+6602418326us][CH2-Pc    ] E1
[T+6602431326us][CH1-Dispenser] E0
[T+6602431185us][CH2-Pc    ] E0
[T+6602443325us][CH1-Dispenser] FB
[T+6602443188us][CH2-Pc    ] FB
[T+6602455322us][CH1-Dispenser] EE
[T+6602455185us][CH2-Pc    ] EE
[T+6602469213us][CH2-Pc    ] F0
[T+6602496204us][CH1-Dispenser] F0 BA B0 B3 B2 B0 B1 B0 B0 B0 B0 B1 B1 B1 B1 B2 C1 B9 8D 8A
[T+6602560180us][CH2-Pc    ] 03
[T+6602568180us][CH1-Dispenser] 03 63
[T+6602638180us][CH2-Pc    ] 04
[T+6602649338us][CH1-Dispenser] 04 64
[T+6602716180us][CH1-Dispenser] 05
[T+6602716315us][CH2-Pc    ] 05
[T+6602902180us][CH1-Dispenser] 06
[T+6602902318us][CH2-Pc    ] 06
[T+6603066180us][CH2-Pc    ] 01
[T+6603072203us][CH1-Dispenser] 01 61
[T+6603144204us][CH2-Pc    ] 02
[T+6603154180us][CH1-Dispenser] 02 72
[T+6603171180us][CH2-Pc    ] 22
[T+6603177204us][CH1-Dispenser] 22 D2
[T+6603193315us][CH1-Dispenser] FF
[T+6603193180us][CH2-Pc    ] FF
[T+6603206327us][CH1-Dispenser] E9
[T+6603206186us][CH2-Pc    ] E9
[T+6603218183us][CH2-Pc    ] FE
[T+6603219179us][CH1-Dispenser] FE
[T+6603231313us][CH1-Dispenser] E0
[T+6603231180us][CH2-Pc    ] E0
[T+6603244905us][CH1-Dispenser] E1
[T+6603244765us][CH2-Pc    ] E1
[T+6603257323us][CH1-Dispenser] E0
[T+6603257185us][CH2-Pc    ] E0
[T+6603269185us][CH1-Dispenser] FB
[T+6603269322us][CH2-Pc    ] FB
[T+6603282316us][CH1-Dispenser] EE
[T+6603282183us][CH2-Pc    ] EE
[T+6603294213us][CH2-Pc    ] F0
[T+6603326180us][CH1-Dispenser] F0 BA B0 B3 B2 B0 B1 B0 B0 B0 B0 B1 B1 B1 B1 B2 C1 B9 8D 8A
[T+6603396180us][CH2-Pc    ] 03
[T+6603403357us][CH1-Dispenser] 03 63
[T+6603474180us][CH2-Pc    ] 04
[T+6603482820us][CH1-Dispenser] 04 64
[T+6603552180us][CH1-Dispenser] 05
[T+6603552314us][CH2-Pc    ] 05
[T+6603727181us][CH1-Dispenser] 06
[T+6603727319us][CH2-Pc    ] 06
[T+6603902180us][CH2-Pc    ] 01
[T+6603908836us][CH1-Dispenser] 01 61
[T+6603980206us][CH2-Pc    ] 02
[T+6603988180us][CH1-Dispenser] 02 72
[T+6604007180us][CH2-Pc    ] 22
[T+6604015181us][CH1-Dispenser] 22 D2
[T+6604029315us][CH1-Dispenser] FF
[T+6604029181us][CH2-Pc    ] FF
[T+6604041313us][CH1-Dispenser] E9
[T+6604041180us][CH2-Pc    ] E9
[T+6604054316us][CH1-Dispenser] FE
[T+6604054181us][CH2-Pc    ] FE
[T+6604067317us][CH1-Dispenser] E0
[T+6604067182us][CH2-Pc    ] E0
[T+6604079182us][CH1-Dispenser] E1
[T+6604079315us][CH2-Pc    ] E1
[T+6604092783us][CH1-Dispenser] E0
[T+6604092530us][CH2-Pc    ] E0
[T+6604105314us][CH1-Dispenser] FB
[T+6604105181us][CH2-Pc    ] FB
[T+6604117313us][CH1-Dispenser] EE
[T+6604117180us][CH2-Pc    ] EE
[T+6604130180us][CH2-Pc    ] F0
[T+6604161180us][CH1-Dispenser] F0 BA B0 B3 B2 B0 B1 B0 B0 B0 B0 B1 B1 B1 B1 B2 C1 B9 8D 8A
[T+6604232180us][CH2-Pc    ] 03
[T+6604237179us][CH1-Dispenser] 03 63
[T+6604310180us][CH2-Pc    ] 04
[T+6604318180us][CH1-Dispenser] 04 64
[T+6604388315us][CH1-Dispenser] 05
[T+6604388180us][CH2-Pc    ] 05
[T+6604574180us][CH1-Dispenser] 06
[T+6604574317us][CH2-Pc    ] 06
[T+6604737180us][CH2-Pc    ] 01
[T+6604743218us][CH1-Dispenser] 01 61
[T+6604816180us][CH2-Pc    ] 02
[T+6604824823us][CH1-Dispenser] 02 72
[T+6604856180us][CH2-Pc    ] 22
[T+6604864183us][CH1-Dispenser] 22 D2
[T+6604877317us][CH1-Dispenser] FF
[T+6604877181us][CH2-Pc    ] FF
[T+6604890317us][CH1-Dispenser] E9
[T+6604890182us][CH2-Pc    ] E9
[T+6604903357us][CH1-Dispenser] FE
[T+6604902180us][CH2-Pc    ] FE
[T+6604915312us][CH1-Dispenser] E0
[T+6604915180us][CH2-Pc    ] E0
[T+6604928318us][CH1-Dispenser] E1
[T+6604928181us][CH2-Pc    ] E1
[T+6604941313us][CH1-Dispenser] E0
[T+6604941180us][CH2-Pc    ] E0
[T+6604953317us][CH1-Dispenser] FB
[T+6604953180us][CH2-Pc    ] FB
[T+6604966311us][CH1-Dispenser] EE
[T+6604966180us][CH2-Pc    ] EE
[T+6604979180us][CH2-Pc    ] F0
[T+6605006204us][CH1-Dispenser] F0 BA B0 B3 B2 B0 B1 B0 B0 B0 B0 B1 B1 B1 B1 B2 C1 B9 8D 8A
[T+6605071180us][CH2-Pc    ] 03
[T+6605076179us][CH1-Dispenser] 03 63
[T+6605149180us][CH2-Pc    ] 04
[T+6605158206us][CH1-Dispenser] 04 64
[T+6605227314us][CH1-Dispenser] 05
[T+6605227180us][CH2-Pc    ] 05
[T+6605415182us][CH1-Dispenser] 06
[T+6605415316us][CH2-Pc    ] 06
[T+6605589204us][CH2-Pc    ] 01
[T+6605598219us][CH1-Dispenser] 01 61
[T+6605667204us][CH2-Pc    ] 02
[T+6605673180us][CH1-Dispenser] 02 72
[T+6605694204us][CH2-Pc    ] 22
[T+6605703221us][CH1-Dispenser] 22 D2
[T+6605716314us][CH1-Dispenser] FF
[T+6605716180us][CH2-Pc    ] FF
[T+6605729802us][CH1-Dispenser] E9
[T+6605729662us][CH2-Pc    ] E9
[T+6605741309us][CH1-Dispenser] FE
[T+6605741181us][CH2-Pc    ] FE
[T+6605754311us][CH1-Dispenser] E0
[T+6605754181us][CH2-Pc    ] E0
[T+6605767181us][CH1-Dispenser] E1
[T+6605767315us][CH2-Pc    ] E1
[T+6605779314us][CH1-Dispenser] E0
[T+6605779181us][CH2-Pc    ] E0
[T+6605792315us][CH1-Dispenser] FB
[T+6605792181us][CH2-Pc    ] FB
[T+6605805313us][CH1-Dispenser] EE
[T+6605805180us][CH2-Pc    ] EE
[T+6605818180us][CH2-Pc    ] F0
[T+6605845205us][CH1-Dispenser] F0 BA B0 B3 B2 B0 B1 B0 B0 B0 B0 B1 B1 B1 B1 B2 C1 B9 8D 8A
[T+6605909180us][CH2-Pc    ] 03
[T+6605918207us][CH1-Dispenser] 03 63
[T+6605992180us][CH1-Dispenser] 04 64
[T+6605988180us][CH2-Pc    ] 04
[T+6606055180us][CH1-Dispenser] 05
[T+6606055314us][CH2-Pc    ] 05
[T+6606230318us][CH1-Dispenser] 06
[T+6606230181us][CH2-Pc    ] 06
[T+6606395206us][CH2-Pc    ] 01
[T+6606404218us][CH1-Dispenser] 01 61
[T+6606473204us][CH2-Pc    ] 02
[T+6606478179us][CH1-Dispenser] 02 72
[T+6606500180us][CH2-Pc    ] 22
[T+6606509270us][CH1-Dispenser] 22 D2
[T+6606522180us][CH1-Dispenser] FF
[T+6606522310us][CH2-Pc    ] FF
[T+6606535312us][CH1-Dispenser] E9
[T+6606535182us][CH2-Pc    ] E9
[T+6606547315us][CH1-Dispenser] FE
[T+6606547180us][CH2-Pc    ] FE
[T+6606560316us][CH1-Dispenser] E0
[T+6606560181us][CH2-Pc    ] E0
[T+6606573181us][CH1-Dispenser] E1
[T+6606573316us][CH2-Pc    ] E1
[T+6606585314us][CH1-Dispenser] E0
[T+6606585180us][CH2-Pc    ] E0
[T+6606598313us][CH1-Dispenser] FB
[T+6606598181us][CH2-Pc    ] FB
[T+6606610322us][CH1-Dispenser] EE
[T+6606610183us][CH2-Pc    ] EE
[T+6606623180us][CH2-Pc    ] F0
[T+6606651180us][CH1-Dispenser] F0 BA B0 B3 B2 B0 B1 B0 B0 B0 B0 B1 B1 B1 B1 B2 C1 B9 8D 8A
[T+6606715180us][CH2-Pc    ] 03
[T+6606721204us][CH1-Dispenser] 03 63
[T+6606793205us][CH2-Pc    ] 04
[T+6606802212us][CH1-Dispenser] 04 64
[T+6606871314us][CH1-Dispenser] 05
[T+6606871180us][CH2-Pc    ] 05
[T+6607057181us][CH1-Dispenser] 06
[T+6607057315us][CH2-Pc    ] 06
[T+6607229180us][CH2-Pc    ] 01
[T+6607233179us][CH1-Dispenser] 01 61
[T+6607296204us][CH2-Pc    ] 02
[T+6607303777us][CH1-Dispenser] 02 72
[T+6607324248us][CH2-Pc    ] 22
[T+6607328179us][CH1-Dispenser] 22 D2
[T+6607345320us][CH1-Dispenser] FF
[T+6607345181us][CH2-Pc    ] FF
[T+6607358309us][CH1-Dispenser] E9
[T+6607358181us][CH2-Pc    ] E9
[T+6607370313us][CH1-Dispenser] FE
[T+6607370181us][CH2-Pc    ] FE
[T+6607383312us][CH1-Dispenser] E0
[T+6607383180us][CH2-Pc    ] E0
[T+6607396313us][CH1-Dispenser] E1
[T+6607396180us][CH2-Pc    ] E1
[T+6607408315us][CH1-Dispenser] E0
[T+6607408181us][CH2-Pc    ] E0
[T+6607421308us][CH1-Dispenser] FB
[T+6607421180us][CH2-Pc    ] FB
[T+6607434311us][CH1-Dispenser] EE
[T+6607434180us][CH2-Pc    ] EE
[T+6607447180us][CH2-Pc    ] F0
[T+6607476180us][CH1-Dispenser] F0 BA B0 B3 B2 B0 B1 B0 B0 B0 B0 B1 B1 B1 B1 B2 C1 B9 8D 8A
[T+6607554204us][CH2-Pc    ] 03
[T+6607563219us][CH1-Dispenser] 03 63
[T+6607632205us][CH2-Pc    ] 04
[T+6607637179us][CH1-Dispenser] 04 64
[T+6607710181us][CH1-Dispenser] 05
[T+6607710319us][CH2-Pc    ] 05
[T+6607885180us][CH1-Dispenser] 06
[T+6607885314us][CH2-Pc    ] 06
[T+6608049180us][CH2-Pc    ] 01
[T+6608060185us][CH1-Dispenser] 01 61
[T+6608127180us][CH2-Pc    ] 02
[T+6608134180us][CH1-Dispenser] 02 72
[T+6608155180us][CH2-Pc    ] 22
[T+6608163181us][CH1-Dispenser] 22 D2
[T+6608176316us][CH1-Dispenser] FF
[T+6608176180us][CH2-Pc    ] FF
[T+6608189324us][CH1-Dispenser] E9
[T+6608189184us][CH2-Pc    ] E9
[T+6608201311us][CH1-Dispenser] FE
[T+6608201180us][CH2-Pc    ] FE
[T+6608214311us][CH1-Dispenser] E0
[T+6608214180us][CH2-Pc    ] E0
[T+6608228326us][CH1-Dispenser] E1
[T+6608228186us][CH2-Pc    ] E1
[T+6608239318us][CH1-Dispenser] E0
[T+6608239183us][CH2-Pc    ] E0
[T+6608252185us][CH1-Dispenser] FB
[T+6608252326us][CH2-Pc    ] FB
[T+6608265183us][CH1-Dispenser] EE
[T+6608265320us][CH2-Pc    ] EE
[T+6608278181us][CH2-Pc    ] F0
[T+6608307180us][CH1-Dispenser] F0 BA B0 B3 B2 B0 B1 B0 B0 B0 B0 B1 B1 B1 B1 B2 C1 B9 8D 8A
[T+6608380180us][CH2-Pc    ] 03
[T+6608388187us][CH1-Dispenser] 03 63
[T+6608458180us][CH2-Pc    ] 04
[T+6608469180us][CH1-Dispenser] 04 64
[T+6608545315us][CH1-Dispenser] 05
[T+6608545181us][CH2-Pc    ] 05
[T+6608720181us][CH1-Dispenser] 06
[T+6608720317us][CH2-Pc    ] 06
[T+6608895180us][CH2-Pc    ] 01
[T+6608905181us][CH1-Dispenser] 01 61
[T+6608973180us][CH2-Pc    ] 02
[T+6608979819us][CH1-Dispenser] 02 72
[T+6609000206us][CH2-Pc    ] 22
[T+6609008244us][CH1-Dispenser] 22 D2
[T+6609022318us][CH1-Dispenser] FF
[T+6609022181us][CH2-Pc    ] FF
[T+6609034313us][CH1-Dispenser] E9
[T+6609034180us][CH2-Pc    ] E9
[T+6609047310us][CH1-Dispenser] FE
[T+6609047181us][CH2-Pc    ] FE
[T+6609060310us][CH1-Dispenser] E0
[T+6609060181us][CH2-Pc    ] E0
[T+6609072318us][CH1-Dispenser] E1
[T+6609072182us][CH2-Pc    ] E1
[T+6609085316us][CH1-Dispenser] E0
[T+6609085181us][CH2-Pc    ] E0
[T+6609098311us][CH1-Dispenser] FB
[T+6609098180us][CH2-Pc    ] FB
[T+6609110180us][CH1-Dispenser] EE
[T+6609110314us][CH2-Pc    ] EE
[T+6609123180us][CH2-Pc    ] F0
[T+6609152180us][CH1-Dispenser] F0 BA B0 B3 B2 B0 B1 B0 B0 B0 B0 B1 B1 B1 B1 B2 C1 B9 8D 8A
[T+6609226180us][CH2-Pc    ] 03
[T+6609233179us][CH1-Dispenser] 03 63
[T+6609304180us][CH2-Pc    ] 04
[T+6609314183us][CH1-Dispenser] 04 64
[T+6609382316us][CH1-Dispenser] 05
[T+6609382181us][CH2-Pc    ] 05
[T+6609557180us][CH1-Dispenser] 06
[T+6609557315us][CH2-Pc    ] 06
[T+6609721180us][CH2-Pc    ] 01
[T+6609728806us][CH1-Dispenser] 01 61
[T+6609799180us][CH2-Pc    ] 02
[T+6609804181us][CH1-Dispenser] 02 72
[T+6609826180us][CH2-Pc    ] 22
[T+6609835206us][CH1-Dispenser] 22 D2
[T+6609848315us][CH1-Dispenser] FF
[T+6609848181us][CH2-Pc    ] FF
[T+6609860313us][CH1-Dispenser] E9
[T+6609860180us][CH2-Pc    ] E9
[T+6609873321us][CH1-Dispenser] FE
[T+6609873182us][CH2-Pc    ] FE
[T+6609886312us][CH1-Dispenser] E0
[T+6609886180us][CH2-Pc    ] E0
[T+6609899179us][CH1-Dispenser] E1
[T+6609898181us][CH2-Pc    ] E1
[T+6609911319us][CH1-Dispenser] E0
[T+6609911181us][CH2-Pc    ] E0
[T+6609924323us][CH1-Dispenser] FB
[T+6609924185us][CH2-Pc    ] FB
[T+6609937181us][CH1-Dispenser] EE
[T+6609937314us][CH2-Pc    ] EE
[T+6609949205us][CH2-Pc    ] F0
[T+6609981180us][CH1-Dispenser] F0 BA B0 B3 B2 B0 B1 B0 B0 B0 B0 B1 B1 B1 B1 B2 C1 B9 8D 8A
[T+6610051180us][CH2-Pc    ] 03
[T+6610057856us][CH1-Dispenser] 03 63
[T+6610129205us][CH2-Pc    ] 04
[T+6610138204us][CH1-Dispenser] 04 64
[T+6610207181us][CH1-Dispenser] 05
[T+6610207314us][CH2-Pc    ] 05
[T+6610377182us][CH1-Dispenser] 06
[T+6610377319us][CH2-Pc    ] 06
[T+6610552180us][CH2-Pc    ] 01
[T+6610557823us][CH1-Dispenser] 01 61
[T+6610630204us][CH2-Pc    ] 02
[T+6610639181us][CH1-Dispenser] 02 72
[T+6610657204us][CH2-Pc    ] 22
[T+6610664181us][CH1-Dispenser] 22 D2
[T+6610679180us][CH1-Dispenser] FF
[T+6610679314us][CH2-Pc    ] FF
[T+6610700316us][CH1-Dispenser] E9
[T+6610700180us][CH2-Pc    ] E9
[T+6610713316us][CH1-Dispenser] FE
[T+6610713181us][CH2-Pc    ] FE
[T+6610726314us][CH1-Dispenser] E0
[T+6610726181us][CH2-Pc    ] E0
[T+6610738181us][CH1-Dispenser] E1
[T+6610738313us][CH2-Pc    ] E1
[T+6610751318us][CH1-Dispenser] E0
[T+6610751181us][CH2-Pc    ] E0
[T+6610764314us][CH1-Dispenser] FB
[T+6610764181us][CH2-Pc    ] FB
[T+6610776180us][CH1-Dispenser] EE
[T+6610776313us][CH2-Pc    ] EE
[T+6610789180us][CH2-Pc    ] F0
[T+6610817180us][CH1-Dispenser] F0 BA B0 B3 B2 B0 B1 B0 B0 B0 B0 B1 B1 B1 B1 B2 C1 B9 8D 8A
[T+6610881180us][CH2-Pc    ] 03
[T+6610887204us][CH1-Dispenser] 03 63
[T+6610959205us][CH2-Pc    ] 04
[T+6610966180us][CH1-Dispenser] 04 64
[T+6611037181us][CH1-Dispenser] 05
[T+6611037315us][CH2-Pc    ] 05
[T+6611212316us][CH1-Dispenser] 06
[T+6611212181us][CH2-Pc    ] 06
[T+6611376180us][CH2-Pc    ] 01
[T+6611386180us][CH1-Dispenser] 01 61
[T+6611458204us][CH2-Pc    ] 02
[T+6611466183us][CH1-Dispenser] 02 72
[T+6611486180us][CH2-Pc    ] 22
[T+6611493180us][CH1-Dispenser] 22 D2
[T+6611507180us][CH1-Dispenser] FF
[T+6611507310us][CH2-Pc    ] FF
[T+6611520311us][CH1-Dispenser] E9
[T+6611520180us][CH2-Pc    ] E9
[T+6611532315us][CH1-Dispenser] FE
[T+6611532181us][CH2-Pc    ] FE
[T+6611545487us][CH1-Dispenser] E0
[T+6611545329us][CH2-Pc    ] E0
[T+6611558180us][CH1-Dispenser] E1
[T+6611558312us][CH2-Pc    ] E1
[T+6611570312us][CH1-Dispenser] E0
[T+6611570180us][CH2-Pc    ] E0
[T+6611583315us][CH1-Dispenser] FB
[T+6611583180us][CH2-Pc    ] FB
[T+6611596315us][CH1-Dispenser] EE
[T+6611596180us][CH2-Pc    ] EE
[T+6611609180us][CH2-Pc    ] F0
[T+6611636204us][CH1-Dispenser] F0 BA B0 B3 B2 B0 B1 B0 B0 B0 B0 B1 B1 B1 B1 B2 C1 B9 8D 8A
[T+6611701180us][CH2-Pc    ] 03
[T+6611707218us][CH1-Dispenser] 03 63
[T+6611778314us][CH1-Dispenser] 04
[T+6611778180us][CH2-Pc    ] 04
[T+6611790204us][CH1-Dispenser] 64
[T+6611857180us][CH1-Dispenser] 05
[T+6611857316us][CH2-Pc    ] 05
[T+6612042180us][CH1-Dispenser] 06
[T+6612042315us][CH2-Pc    ] 06
[T+6612206180us][CH2-Pc    ] 01
[T+6612215208us][CH1-Dispenser] 01 61
[T+6612284204us][CH2-Pc    ] 02
[T+6612289187us][CH1-Dispenser] 02 72
[T+6612312180us][CH2-Pc    ] 22
[T+6612318203us][CH1-Dispenser] 22 D2
[T+6612333315us][CH1-Dispenser] FF
[T+6612333180us][CH2-Pc    ] FF
[T+6612346311us][CH1-Dispenser] E9
[T+6612346180us][CH2-Pc    ] E9
[T+6612358391us][CH1-Dispenser] FE
[T+6612358183us][CH2-Pc    ] FE
[T+6612372324us][CH1-Dispenser] E0
[T+6612372185us][CH2-Pc    ] E0
[T+6612384207us][CH1-Dispenser] E1
[T+6612384339us][CH2-Pc    ] E1
[T+6612397179us][CH1-Dispenser] E0
[T+6612396180us][CH2-Pc    ] E0
[T+6612409313us][CH1-Dispenser] FB
[T+6612409180us][CH2-Pc    ] FB
[T+6612422181us][CH1-Dispenser] EE
[T+6612422313us][CH2-Pc    ] EE
[T+6612435180us][CH2-Pc    ] F0
[T+6612465211us][CH1-Dispenser] F0 BA B0 B3 B2 B0 B1 B0 B0 B0 B0 B1 B1 B1 B1 B2 C1 B9 8D 8A
[T+6612537204us][CH2-Pc    ] 03
[T+6612543819us][CH1-Dispenser] 03 63
[T+6612615204us][CH2-Pc    ] 04
[T+6612623186us][CH1-Dispenser] 04 64
[T+6612693180us][CH1-Dispenser] 05
[T+6612693316us][CH2-Pc    ] 05
[T+6612868181us][CH1-Dispenser] 06
[T+6612868314us][CH2-Pc    ] 06
[T+6613032180us][CH2-Pc    ] 01
[T+6613039180us][CH1-Dispenser] 01 61
[T+6613111204us][CH2-Pc    ] 02
[T+6613120314us][CH1-Dispenser] 02 72
[T+6613148180us][CH2-Pc    ] 22
[T+6613154206us][CH1-Dispenser] 22 D2
[T+6613169313us][CH1-Dispenser] FF
[T+6613169180us][CH2-Pc    ] FF
[T+6613182366us][CH1-Dispenser] E9
[T+6613182228us][CH2-Pc    ] E9
[T+6613194318us][CH1-Dispenser] FE
[T+6613194181us][CH2-Pc    ] FE
[T+6613208328us][CH1-Dispenser] E0
[T+6613208185us][CH2-Pc    ] E0
[T+6613221179us][CH1-Dispenser] E1
[T+6613220183us][CH2-Pc    ] E1
[T+6613235314us][CH1-Dispenser] E0
[T+6613235180us][CH2-Pc    ] E0
[T+6613248312us][CH1-Dispenser] FB
[T+6613248180us][CH2-Pc    ] FB
[T+6613261317us][CH1-Dispenser] EE
[T+6613261180us][CH2-Pc    ] EE
[T+6613273214us][CH2-Pc    ] F0
[T+6613301180us][CH1-Dispenser] F0 BA B0 B3 B2 B0 B1 B0 B0 B0 B0 B1 B1 B1 B1 B2 C1 B9 8D 8A
[T+6613365180us][CH2-Pc    ] 03
[T+6613372179us][CH1-Dispenser] 03 63
[T+6613443180us][CH2-Pc    ] 04
[T+6613448179us][CH1-Dispenser] 04 64
[T+6613511181us][CH1-Dispenser] 05
[T+6613511314us][CH2-Pc    ] 05
[T+6613675181us][CH1-Dispenser] 06
[T+6613675317us][CH2-Pc    ] 06
[T+6613850180us][CH2-Pc    ] 01
[T+6613858243us][CH1-Dispenser] 01 61
[T+6613929180us][CH2-Pc    ] 02
[T+6613934187us][CH1-Dispenser] 02 72
[T+6613956180us][CH2-Pc    ] 22
[T+6613963180us][CH1-Dispenser] 22 D2
[T+6613978313us][CH1-Dispenser] FF
[T+6613978181us][CH2-Pc    ] FF
[T+6613990316us][CH1-Dispenser] E9
[T+6613990181us][CH2-Pc    ] E9
[T+6614003317us][CH1-Dispenser] FE
[T+6614003181us][CH2-Pc    ] FE
[T+6614016312us][CH1-Dispenser] E0
[T+6614016180us][CH2-Pc    ] E0
[T+6614028313us][CH1-Dispenser] E1
[T+6614028181us][CH2-Pc    ] E1
[T+6614041315us][CH1-Dispenser] E0
[T+6614041180us][CH2-Pc    ] E0
[T+6614054696us][CH1-Dispenser] FB
[T+6614054188us][CH2-Pc    ] FB
[T+6614066181us][CH1-Dispenser] EE
[T+6614066314us][CH2-Pc    ] EE
[T+6614079180us][CH2-Pc    ] F0
[T+6614105186us][CH1-Dispenser] F0 BA B0 B3 B2 B0 B1 B0 B0 B0 B0 B1 B1 B1 B1 B2 C1 B9 8D 8A
[T+6614175180us][CH2-Pc    ] 03
[T+6614183592us][CH1-Dispenser] 03 63
[T+6614253180us][CH2-Pc    ] 04
[T+6614259188us][CH1-Dispenser] 04 64
[T+6614331180us][CH1-Dispenser] 05
[T+6614331314us][CH2-Pc    ] 05
[T+6614506320us][CH1-Dispenser] 06
[T+6614506181us][CH2-Pc    ] 06
[T+6614681180us][CH2-Pc    ] 01
[T+6614689806us][CH1-Dispenser] 01 61
[T+6614759180us][CH2-Pc    ] 02
[T+6614763179us][CH1-Dispenser] 02 72
[T+6614775204us][CH2-Pc    ] 22
[T+6614785183us][CH1-Dispenser] 22 D2
[T+6614797315us][CH1-Dispenser] FF
[T+6614797180us][CH2-Pc    ] FF
[T+6614811318us][CH1-Dispenser] E9
[T+6614811183us][CH2-Pc    ] E9
[T+6614824085us][CH1-Dispenser] FE
[T+6614823181us][CH2-Pc    ] FE
[T+6614836315us][CH1-Dispenser] E0
[T+6614836181us][CH2-Pc    ] E0
[T+6614849181us][CH1-Dispenser] E1
[T+6614849315us][CH2-Pc    ] E1
[T+6614861315us][CH1-Dispenser] E0
[T+6614861181us][CH2-Pc    ] E0
[T+6614879314us][CH1-Dispenser] FB
[T+6614879180us][CH2-Pc    ] FB
[T+6614891180us][CH1-Dispenser] EE
[T+6614891313us][CH2-Pc    ] EE
[T+6614903330us][CH2-Pc    ] F0
[T+6614932180us][CH1-Dispenser] F0 BA B0 B3 B2 B0 B1 B0 B0 B0 B0 B1 B1 B1 B1 B2 C1 B9 8D 8A
[T+6615006180us][CH2-Pc    ] 03
[T+6615014187us][CH1-Dispenser] 03 63
[T+6615084180us][CH2-Pc    ] 04
[T+6615093212us][CH1-Dispenser] 04 64
[T+6615162180us][CH1-Dispenser] 05
[T+6615162314us][CH2-Pc    ] 05
[T+6615337180us][CH1-Dispenser] 06
[T+6615337315us][CH2-Pc    ] 06
[T+6615526204us][CH2-Pc    ] 01
[T+6615534181us][CH1-Dispenser] 01 61
[T+6615604180us][CH2-Pc    ] 02
[T+6615615180us][CH1-Dispenser] 02 72
[T+6615632180us][CH2-Pc    ] 22
[T+6615639179us][CH1-Dispenser] 22 D2
[T+6615653243us][CH1-Dispenser] FF
[T+6615654179us][CH2-Pc    ] FF
[T+6615667319us][CH1-Dispenser] E9
[T+6615667181us][CH2-Pc    ] E9
[T+6615679324us][CH1-Dispenser] FE
[T+6615679183us][CH2-Pc    ] FE
[T+6615692323us][CH1-Dispenser] E0
[T+6615692184us][CH2-Pc    ] E0
[T+6615704314us][CH1-Dispenser] E1
[T+6615704182us][CH2-Pc    ] E1
[T+6615717318us][CH1-Dispenser] E0
[T+6615717183us][CH2-Pc    ] E0
[T+6615730183us][CH1-Dispenser] FB
[T+6615730325us][CH2-Pc    ] FB
[T+6615742184us][CH1-Dispenser] EE
[T+6615742325us][CH2-Pc    ] EE
[T+6615755183us][CH1-Dispenser] F0
[T+6615755428us][CH2-Pc    ] F0
[T+6615788205us][CH1-Dispenser] BA B0 B3 B2 B0 B1 B0 B0 B0 B0 B1 B1 B1 B1 B2 C1 B9 8D 8A
[T+6615857204us][CH2-Pc    ] 03
[T+6615862188us][CH1-Dispenser] 03 63
[T+6615936180us][CH2-Pc    ] 04
[T+6615943804us][CH1-Dispenser] 04 64
[T+6616014181us][CH1-Dispenser] 05
[T+6616014317us][CH2-Pc    ] 05
[T+6616188316us][CH1-Dispenser] 06
[T+6616188181us][CH2-Pc    ] 06
[T+6616363180us][CH2-Pc    ] 01
[T+6616368179us][CH1-Dispenser] 01 61
[T+6616441180us][CH2-Pc    ] 02
[T+6616450212us][CH1-Dispenser] 02 72
[T+6616469180us][CH2-Pc    ] 22
[T+6616475238us][CH1-Dispenser] 22 D2
[T+6616490312us][CH1-Dispenser] FF
[T+6616490180us][CH2-Pc    ] FF
[T+6616505342us][CH1-Dispenser] E9
[T+6616503180us][CH2-Pc    ] E9
[T+6616516326us][CH1-Dispenser] FE
[T+6616516188us][CH2-Pc    ] FE
[T+6616530183us][CH1-Dispenser] E0
[T+6616530323us][CH2-Pc    ] E0
[T+6616541318us][CH1-Dispenser] E1
[T+6616541184us][CH2-Pc    ] E1
[T+6616554317us][CH1-Dispenser] E0
[T+6616554183us][CH2-Pc    ] E0
[T+6616567181us][CH1-Dispenser] FB
[T+6616567320us][CH2-Pc    ] FB
[T+6616579710us][CH1-Dispenser] EE
[T+6616579870us][CH2-Pc    ] EE
[T+6616592180us][CH2-Pc    ] F0
[T+6616622204us][CH1-Dispenser] F0 BA B0 B3 B2 B0 B1 B0 B0 B0 B0 B1 B1 B1 B1 B2 C1 B9 8D 8A
[T+6616694204us][CH2-Pc    ] 03
[T+6616704180us][CH1-Dispenser] 03 63
[T+6616775180us][CH2-Pc    ] 04
[T+6616783821us][CH1-Dispenser] 04 64
[T+6616853180us][CH1-Dispenser] 05
[T+6616853316us][CH2-Pc    ] 05
[T+6617017180us][CH1-Dispenser] 06
[T+6617017316us][CH2-Pc    ] 06
[T+6617191204us][CH2-Pc    ] 01
[T+6617199812us][CH1-Dispenser] 01 61
[T+6617269180us][CH2-Pc    ] 02
[T+6617273179us][CH1-Dispenser] 02 72
[T+6617286180us][CH2-Pc    ] 22
[T+6617295218us][CH1-Dispenser] 22 D2
[T+6617308315us][CH1-Dispenser] FF
[T+6617308180us][CH2-Pc    ] FF
[T+6617320320us][CH1-Dispenser] E9
[T+6617320184us][CH2-Pc    ] E9
[T+6617333318us][CH1-Dispenser] FE
[T+6617333183us][CH2-Pc    ] FE
[T+6617347326us][CH1-Dispenser] E0
[T+6617347186us][CH2-Pc    ] E0
[T+6617358184us][CH1-Dispenser] E1
[T+6617358324us][CH2-Pc    ] E1
[T+6617371324us][CH1-Dispenser] E0
[T+6617371184us][CH2-Pc    ] E0
[T+6617384309us][CH1-Dispenser] FB
[T+6617384180us][CH2-Pc    ] FB
[T+6617402180us][CH1-Dispenser] EE
[T+6617402238us][CH2-Pc    ] EE
[T+6617415181us][CH1-Dispenser] F0
[T+6617415317us][CH2-Pc    ] F0
[T+6617449180us][CH1-Dispenser] BA B0 B3 B2 B0 B1 B0 B0 B0 B0 B1 B1 B1 B1 B2 C1 B9 8D 8A
[T+6617521205us][CH2-Pc    ] 03
[T+6617531180us][CH1-Dispenser] 03 63
[T+6617599180us][CH2-Pc    ] 04
[T+6617603816us][CH1-Dispenser] 04 64
[T+6617666181us][CH1-Dispenser] 05
[T+6617666318us][CH2-Pc    ] 05
[T+6617830180us][CH1-Dispenser] 06
[T+6617830317us][CH2-Pc    ] 06
[T+6618005180us][CH2-Pc    ] 01
[T+6618013181us][CH1-Dispenser] 01 61
[T+6618083180us][CH2-Pc    ] 02
[T+6618091180us][CH1-Dispenser] 02 72
[T+6618110180us][CH2-Pc    ] 22
[T+6618118180us][CH1-Dispenser] 22 D2
[T+6618132316us][CH1-Dispenser] FF
[T+6618132180us][CH2-Pc    ] FF
[T+6618144313us][CH1-Dispenser] E9
[T+6618144180us][CH2-Pc    ] E9
[T+6618157313us][CH1-Dispenser] FE
[T+6618157180us][CH2-Pc    ] FE
[T+6618170311us][CH1-Dispenser] E0
[T+6618170180us][CH2-Pc    ] E0
[T+6618184396us][CH1-Dispenser] E1
[T+6618184534us][CH2-Pc    ] E1
[T+6618196317us][CH1-Dispenser] E0
[T+6618196183us][CH2-Pc    ] E0
[T+6618209327us][CH1-Dispenser] FB
[T+6618209188us][CH2-Pc    ] FB
[T+6618222181us][CH1-Dispenser] EE
[T+6618222313us][CH2-Pc    ] EE
[T+6618234204us][CH2-Pc    ] F0
[T+6618262180us][CH1-Dispenser] F0 BA B0 B3 B2 B0 B1 B0 B0 B0 B0 B1 B1 B1 B1 B2 C1 B9 8D 8A
[T+6618326180us][CH2-Pc    ] 03
[T+6618333180us][CH1-Dispenser] 03 63
[T+6618404180us][CH2-Pc    ] 04
[T+6618414180us][CH1-Dispenser] 04 64
[T+6618482314us][CH1-Dispenser] 05
[T+6618482180us][CH2-Pc    ] 05
[T+6618657181us][CH1-Dispenser] 06
[T+6618657319us][CH2-Pc    ] 06
[T+6618832180us][CH2-Pc    ] 01
[T+6618839179us][CH1-Dispenser] 01 61
[T+6618910180us][CH2-Pc    ] 02
[T+6618920181us][CH1-Dispenser] 02 72
[T+6618937180us][CH2-Pc    ] 22
[T+6618943204us][CH1-Dispenser] 22 D2
[T+6618959180us][CH1-Dispenser] FF
[T+6618959312us][CH2-Pc    ] FF
[T+6618972316us][CH1-Dispenser] E9
[T+6618972181us][CH2-Pc    ] E9
[T+6618985314us][CH1-Dispenser] FE
[T+6618985181us][CH2-Pc    ] FE
[T+6618997308us][CH1-Dispenser] E0
[T+6618997180us][CH2-Pc    ] E0
[T+6619010312us][CH1-Dispenser] E1
[T+6619010181us][CH2-Pc    ] E1
[T+6619022320us][CH1-Dispenser] E0
[T+6619022183us][CH2-Pc    ] E0
[T+6619035314us][CH1-Dispenser] FB
[T+6619035181us][CH2-Pc    ] FB
[T+6619048318us][CH1-Dispenser] EE
[T+6619048181us][CH2-Pc    ] EE
[T+6619060204us][CH2-Pc    ] F0
[T+6619091180us][CH1-Dispenser] F0 BA B0 B3 B2 B0 B1 B0 B0 B0 B0 B1 B1 B1 B1 B2 C1 B9 8D 8A
[T+6619162180us][CH2-Pc    ] 03
[T+6619169180us][CH1-Dispenser] 03 63
[T+6619240180us][CH2-Pc    ] 04
[T+6619248180us][CH1-Dispenser] 04 64
[T+6619318318us][CH1-Dispenser] 05
[T+6619318181us][CH2-Pc    ] 05
[T+6619494182us][CH1-Dispenser] 06
[T+6619494317us][CH2-Pc    ] 06
[T+6619658180us][CH2-Pc    ] 01
[T+6619664203us][CH1-Dispenser] 01 61
[T+6619736208us][CH2-Pc    ] 02
[T+6619743816us][CH1-Dispenser] 02 72
[T+6619764204us][CH2-Pc    ] 22
[T+6619772189us][CH1-Dispenser] 22 D2
[T+6619785180us][CH1-Dispenser] FF
[T+6619785310us][CH2-Pc    ] FF
[T+6619798316us][CH1-Dispenser] E9
[T+6619798181us][CH2-Pc    ] E9
[T+6619810315us][CH1-Dispenser] FE
[T+6619810180us][CH2-Pc    ] FE
[T+6619823314us][CH1-Dispenser] E0
[T+6619823181us][CH2-Pc    ] E0
[T+6619836181us][CH1-Dispenser] E1
[T+6619836319us][CH2-Pc    ] E1
[T+6619849179us][CH1-Dispenser] E0
[T+6619848180us][CH2-Pc    ] E0
[T+6619861319us][CH1-Dispenser] FB
[T+6619861182us][CH2-Pc    ] FB
[T+6619883180us][CH1-Dispenser] EE
[T+6619883313us][CH2-Pc    ] EE
[T+6619902180us][CH2-Pc    ] F0
[T+6619932204us][CH1-Dispenser] F0 BA B0 B3 B2 B0 B1 B0 B0 B0 B0 B1 B1 B1 B1 B2 C1 B9 8D 8A
[T+6620003180us][CH2-Pc    ] 03
[T+6620010179us][CH1-Dispenser] 03 63
[T+6620082205us][CH2-Pc    ] 04
[T+6620089181us][CH1-Dispenser] 04 64
[T+6620160181us][CH1-Dispenser] 05
[T+6620160318us][CH2-Pc    ] 05
[T+6620335180us][CH1-Dispenser] 06
[T+6620335316us][CH2-Pc    ] 06
[T+6620510180us][CH2-Pc    ] 01
[T+6620514179us][CH1-Dispenser] 01 61
[T+6620588180us][CH2-Pc    ] 02
[T+6620594485us][CH1-Dispenser] 02 72
[T+6620615204us][CH2-Pc    ] 22
[T+6620624204us][CH1-Dispenser] 22 D2
[T+6620637313us][CH1-Dispenser] FF
[T+6620637180us][CH2-Pc    ] FF
[T+6620649447us][CH1-Dispenser] E9
[T+6620649313us][CH2-Pc    ] E9
[T+6620662317us][CH1-Dispenser] FE
[T+6620662181us][CH2-Pc    ] FE
[T+6620675315us][CH1-Dispenser] E0
[T+6620675181us][CH2-Pc    ] E0
[T+6620687180us][CH1-Dispenser] E1
[T+6620687313us][CH2-Pc    ] E1
[T+6620700313us][CH1-Dispenser] E0
[T+6620700180us][CH2-Pc    ] E0
[T+6620713185us][CH1-Dispenser] FB
[T+6620713325us][CH2-Pc    ] FB
[T+6620726184us][CH1-Dispenser] EE
[T+6620726323us][CH2-Pc    ] EE
[T+6620738213us][CH2-Pc    ] F0
[T+6620771181us][CH1-Dispenser] F0 BA B0 B3 B2 B0 B1 B0 B0 B0 B0 B1 B1 B1 B1 B2 C1 B9 8D 8A
[T+6620841180us][CH2-Pc    ] 03
[T+6620848784us][CH1-Dispenser] 03 63
[T+6620919180us][CH2-Pc    ] 04
[T+6620924179us][CH1-Dispenser] 04 64
[T+6620997181us][CH1-Dispenser] 05
[T+6620997315us][CH2-Pc    ] 05
[T+6621182319us][CH1-Dispenser] 06
[T+6621182181us][CH2-Pc    ] 06
[T+6621347204us][CH2-Pc    ] 01
[T+6621354180us][CH1-Dispenser] 01 61
[T+6621425180us][CH2-Pc    ] 02
[T+6621433806us][CH1-Dispenser] 02 72
[T+6621452180us][CH2-Pc    ] 22
[T+6621459179us][CH1-Dispenser] 22 D2
[T+6621474311us][CH1-Dispenser] FF
[T+6621474180us][CH2-Pc    ] FF
[T+6621488320us][CH1-Dispenser] E9
[T+6621488183us][CH2-Pc    ] E9
[T+6621499430us][CH1-Dispenser] FE
[T+6621499290us][CH2-Pc    ] FE
[T+6621512188us][CH1-Dispenser] E0
[T+6621512327us][CH2-Pc    ] E0
[T+6621524311us][CH1-Dispenser] E1
[T+6621524180us][CH2-Pc    ] E1
[T+6621537313us][CH1-Dispenser] E0
[T+6621537181us][CH2-Pc    ] E0
[T+6621551183us][CH1-Dispenser] FB
[T+6621551323us][CH2-Pc    ] FB
[T+6621563184us][CH1-Dispenser] EE
[T+6621563322us][CH2-Pc    ] EE
[T+6621579180us][CH2-Pc    ] F0
[T+6621606180us][CH1-Dispenser] F0 BA B0 B3 B2 B0 B1 B0 B0 B0 B0 B1 B1 B1 B1 B2 C1 B9 8D 8A
[T+6621671180us][CH2-Pc    ] 03
[T+6621679183us][CH1-Dispenser] 03 63
[T+6621749180us][CH2-Pc    ] 04
[T+6621754187us][CH1-Dispenser] 04 64
[T+6621827180us][CH1-Dispenser] 05
[T+6621827315us][CH2-Pc    ] 05
[T+6622002180us][CH1-Dispenser] 06
[T+6622002314us][CH2-Pc    ] 06
[T+6622177204us][CH2-Pc    ] 01
[T+6622185815us][CH1-Dispenser] 01 61
[T+6622255180us][CH2-Pc    ] 02
[T+6622264722us][CH1-Dispenser] 02 72
[T+6622282204us][CH2-Pc    ] 22
[T+6622289784us][CH1-Dispenser] 22 D2
[T+6622307312us][CH1-Dispenser] FF
[T+6622307180us][CH2-Pc    ] FF
[T+6622319312us][CH1-Dispenser] E9
[T+6622319180us][CH2-Pc    ] E9
[T+6622332317us][CH1-Dispenser] FE
[T+6622332180us][CH2-Pc    ] FE
[T+6622345313us][CH1-Dispenser] E0
[T+6622345180us][CH2-Pc    ] E0
[T+6622357314us][CH1-Dispenser] E1
[T+6622357180us][CH2-Pc    ] E1
[T+6622370311us][CH1-Dispenser] E0
[T+6622370180us][CH2-Pc    ] E0
[T+6622384183us][CH1-Dispenser] FB
[T+6622384037us][CH2-Pc    ] FB
[T+6622397322us][CH1-Dispenser] EE
[T+6622397183us][CH2-Pc    ] EE
[T+6622409204us][CH2-Pc    ] F0
[T+6622437180us][CH1-Dispenser] F0 BA B0 B3 B2 B0 B1 B0 B0 B0 B0 B1 B1 B1 B1 B2 C1 B9 8D 8A
[T+6622510180us][CH2-Pc    ] 03
[T+6622518812us][CH1-Dispenser] 03 63
[T+6622588180us][CH2-Pc    ] 04
[T+6622596187us][CH1-Dispenser] 04 64
[T+6622666181us][CH1-Dispenser] 05
[T+6622666315us][CH2-Pc    ] 05
[T+6622830314us][CH1-Dispenser] 06
[T+6622830180us][CH2-Pc    ] 06
[T+6623005180us][CH2-Pc    ] 01
[T+6623010223us][CH1-Dispenser] 01 61
[T+6623083180us][CH2-Pc    ] 02
[T+6623089218us][CH1-Dispenser] 02 72
[T+6623110204us][CH2-Pc    ] 22
[T+6623120180us][CH1-Dispenser] 22 D2
[T+6623132211us][CH1-Dispenser] FF
[T+6623132343us][CH2-Pc    ] FF
[T+6623144313us][CH1-Dispenser] E9
[T+6623144180us][CH2-Pc    ] E9
[T+6623157312us][CH1-Dispenser] FE
[T+6623157180us][CH2-Pc    ] FE
[T+6623170312us][CH1-Dispenser] E0
[T+6623170180us][CH2-Pc    ] E0
[T+6623183184us][CH1-Dispenser] E1
[T+6623183326us][CH2-Pc    ] E1
[T+6623196319us][CH1-Dispenser] E0
[T+6623196183us][CH2-Pc    ] E0
[T+6623209183us][CH1-Dispenser] FB
[T+6623209318us][CH2-Pc    ] FB
[T+6623221325us][CH1-Dispenser] EE
[T+6623221189us][CH2-Pc    ] EE
[T+6623233218us][CH2-Pc    ] F0
[T+6623264180us][CH1-Dispenser] F0 BA B0 B3 B2 B0 B1 B0 B0 B0 B0 B1 B1 B1 B1 B2 C1 B9 8D 8A
[T+6623328180us][CH2-Pc    ] 03
[T+6623335180us][CH1-Dispenser] 03 63
[T+6623406180us][CH2-Pc    ] 04
[T+6623414185us][CH1-Dispenser] 04 64
[T+6623485180us][CH1-Dispenser] 05
[T+6623485315us][CH2-Pc    ] 05
[T+6623659181us][CH1-Dispenser] 06
[T+6623659319us][CH2-Pc    ] 06
[T+6623834180us][CH2-Pc    ] 01
[T+6623839179us][CH1-Dispenser] 01 61
[T+6623912180us][CH2-Pc    ] 02
[T+6623920187us][CH1-Dispenser] 02 72
[T+6623939180us][CH2-Pc    ] 22
[T+6623945214us][CH1-Dispenser] 22 D2
[T+6623961315us][CH1-Dispenser] FF
[T+6623961180us][CH2-Pc    ] FF
[T+6623974316us][CH1-Dispenser] E9
[T+6623974181us][CH2-Pc    ] E9
[T+6623986308us][CH1-Dispenser] FE
[T+6623986180us][CH2-Pc    ] FE
[T+6623999312us][CH1-Dispenser] E0
[T+6623999181us][CH2-Pc    ] E0
[T+6624012179us][CH1-Dispenser] E1
[T+6624011180us][CH2-Pc    ] E1
[T+6624024316us][CH1-Dispenser] E0
[T+6624024180us][CH2-Pc    ] E0
[T+6624037321us][CH1-Dispenser] FB
[T+6624037181us][CH2-Pc    ] FB
[T+6624050312us][CH1-Dispenser] EE
[T+6624050181us][CH2-Pc    ] EE
[T+6624062204us][CH2-Pc    ] F0
[T+6624093181us][CH1-Dispenser] F0 BA B0 B3 B2 B0 B1 B0 B0 B0 B0 B1 B1 B1 B1 B2 C1 B9 8D 8A
[T+6624165204us][CH2-Pc    ] 03
[T+6624174204us][CH1-Dispenser] 03 63
[T+6624243207us][CH2-Pc    ] 04
[T+6624250180us][CH1-Dispenser] 04 64
[T+6624321313us][CH1-Dispenser] 05
[T+6624321180us][CH2-Pc    ] 05
[T+6624485316us][CH1-Dispenser] 06
[T+6624485181us][CH2-Pc    ] 06
[T+6624660317us][CH1-Dispenser] 01
[T+6624660181us][CH2-Pc    ] 01
[T+6624673182us][CH1-Dispenser] 61
[T+6624757204us][CH2-Pc    ] 02
[T+6624763858us][CH1-Dispenser] 02 72
[T+6624784186us][CH2-Pc    ] 22
[T+6624790802us][CH1-Dispenser] 22 D2
[T+6624806318us][CH1-Dispenser] FF
[T+6624806181us][CH2-Pc    ] FF
[T+6624818311us][CH1-Dispenser] E9
[T+6624818181us][CH2-Pc    ] E9
[T+6624831311us][CH1-Dispenser] FE
[T+6624831180us][CH2-Pc    ] FE
[T+6624844512us][CH1-Dispenser] E0
[T+6624844372us][CH2-Pc    ] E0
[T+6624856322us][CH1-Dispenser] E1
[T+6624856180us][CH2-Pc    ] E1
[T+6624869312us][CH1-Dispenser] E0
[T+6624869180us][CH2-Pc    ] E0
[T+6624882311us][CH1-Dispenser] FB
[T+6624882180us][CH2-Pc    ] FB
[T+6624894313us][CH1-Dispenser] EE
[T+6624894180us][CH2-Pc    ] EE
[T+6624907204us][CH2-Pc    ] F0
[T+6624936180us][CH1-Dispenser] F0 BA B0 B3 B2 B0 B1 B0 B0 B0 B0 B1 B1 B1 B1 B2 C1 B9 8D 8A
[T+6625001180us][CH2-Pc    ] 03
[T+6625008779us][CH1-Dispenser] 03 63
[T+6625079180us][CH2-Pc    ] 04
[T+6625084179us][CH1-Dispenser] 04 64
[T+6625157316us][CH1-Dispenser] 05
[T+6625157180us][CH2-Pc    ] 05
[T+6625332318us][CH1-Dispenser] 06
[T+6625332180us][CH2-Pc    ] 06
[T+6625506204us][CH2-Pc    ] 01
[T+6625515218us][CH1-Dispenser] 01 61
[T+6625584205us][CH2-Pc    ] 02
[T+6625590859us][CH1-Dispenser] 02 72
[T+6625612204us][CH2-Pc    ] 22
[T+6625619180us][CH1-Dispenser] 22 D2
[T+6625633313us][CH1-Dispenser] FF
[T+6625633180us][CH2-Pc    ] FF
[T+6625645317us][CH1-Dispenser] E9
[T+6625645183us][CH2-Pc    ] E9
[T+6625658318us][CH1-Dispenser] FE
[T+6625658183us][CH2-Pc    ] FE
[T+6625671318us][CH1-Dispenser] E0
[T+6625671181us][CH2-Pc    ] E0
[T+6625684097us][CH1-Dispenser] E1
[T+6625684174us][CH2-Pc    ] E1
[T+6625696683us][CH1-Dispenser] E0
[T+6625696524us][CH2-Pc    ] E0
[T+6625709314us][CH1-Dispenser] FB
[T+6625709181us][CH2-Pc    ] FB
[T+6625721180us][CH1-Dispenser] EE
[T+6625722179us][CH2-Pc    ] EE
[T+6625734180us][CH2-Pc    ] F0
[T+6625761180us][CH1-Dispenser] F0 BA B0 B3 B2 B0 B1 B0 B0 B0 B0 B1 B1 B1 B1 B2 C1 B9 8D 8A
[T+6625826180us][CH2-Pc    ] 03
[T+6625834185us][CH1-Dispenser] 03 63
[T+6625904180us][CH2-Pc    ] 04
[T+6625909187us][CH1-Dispenser] 04 64
[T+6625982184us][CH1-Dispenser] 05
[T+6625982322us][CH2-Pc    ] 05
[T+6626157181us][CH1-Dispenser] 06
[T+6626157317us][CH2-Pc    ] 06
[T+6626332180us][CH2-Pc    ] 01
[T+6626340187us][CH1-Dispenser] 01 61
[T+6626410180us][CH2-Pc    ] 02
[T+6626414179us][CH1-Dispenser] 02 72
[T+6626427180us][CH2-Pc    ] 22
[T+6626436204us][CH1-Dispenser] 22 D2
[T+6626448180us][CH1-Dispenser] FF
[T+6626448309us][CH2-Pc    ] FF
[T+6626461309us][CH1-Dispenser] E9
[T+6626461181us][CH2-Pc    ] E9
[T+6626476313us][CH1-Dispenser] FE
[T+6626476180us][CH2-Pc    ] FE
[T+6626488312us][CH1-Dispenser] E0
[T+6626488180us][CH2-Pc    ] E0
[T+6626501180us][CH1-Dispenser] E1
[T+6626501310us][CH2-Pc    ] E1
[T+6626513312us][CH1-Dispenser] E0
[T+6626513180us][CH2-Pc    ] E0
[T+6626528322us][CH1-Dispenser] FB
[T+6626528183us][CH2-Pc    ] FB
[T+6626539217us][CH1-Dispenser] EE
[T+6626539357us][CH2-Pc    ] EE
[T+6626552181us][CH2-Pc    ] F0
[T+6626583666us][CH1-Dispenser] F0 BA B0 B3 B2 B0 B1 B0 B0 B0 B0 B1 B1 B1 B1 B2 C1 B9 8D 8A
[T+6626654180us][CH2-Pc    ] 03
[T+6626663218us][CH1-Dispenser] 03 63
[T+6626733181us][CH2-Pc    ] 04
[T+6626740180us][CH1-Dispenser] 04 64
[T+6626810318us][CH1-Dispenser] 05
[T+6626810181us][CH2-Pc    ] 05
[T+6626985316us][CH1-Dispenser] 06
[T+6626985181us][CH2-Pc    ] 06
[T+6627160204us][CH2-Pc    ] 01
[T+6627165816us][CH1-Dispenser] 01 61
[T+6627238180us][CH2-Pc    ] 02
[T+6627245180us][CH1-Dispenser] 02 72
[T+6627265180us][CH2-Pc    ] 22
[T+6627275180us][CH1-Dispenser] 22 D2
[T+6627287314us][CH1-Dispenser] FF
[T+6627287180us][CH2-Pc    ] FF
[T+6627300315us][CH1-Dispenser] E9
[T+6627300180us][CH2-Pc    ] E9
[T+6627312325us][CH1-Dispenser] FE
[T+6627312188us][CH2-Pc    ] FE
[T+6627325317us][CH1-Dispenser] E0
[T+6627325181us][CH2-Pc    ] E0
[T+6627338180us][CH1-Dispenser] E1
[T+6627338314us][CH2-Pc    ] E1
[T+6627350388us][CH1-Dispenser] E0
[T+6627350185us][CH2-Pc    ] E0
[T+6627364700us][CH1-Dispenser] FB
[T+6627364560us][CH2-Pc    ] FB
[T+6627376320us][CH1-Dispenser] EE
[T+6627376183us][CH2-Pc    ] EE
[T+6627389204us][CH2-Pc    ] F0
[T+6627417180us][CH1-Dispenser] F0 BA B0 B3 B2 B0 B1 B0 B0 B0 B0 B1 B1 B1 B1 B2 C1 B9 8D 8A
[T+6627491180us][CH2-Pc    ] 03
[T+6627501180us][CH1-Dispenser] 03 63
[T+6627569180us][CH2-Pc    ] 04
[T+6627574179us][CH1-Dispenser] 04 64
[T+6627647180us][CH1-Dispenser] 05
[T+6627647315us][CH2-Pc    ] 05
[T+6627822315us][CH1-Dispenser] 06
[T+6627822181us][CH2-Pc    ] 06
[T+6627986180us][CH2-Pc    ] 01
[T+6627996180us][CH1-Dispenser] 01 61
[T+6628066180us][CH2-Pc    ] 02
[T+6628075219us][CH1-Dispenser] 02 72
[T+6628094180us][CH2-Pc    ] 22
[T+6628099179us][CH1-Dispenser] 22 D2
[T+6628115314us][CH1-Dispenser] FF
[T+6628115180us][CH2-Pc    ] FF
[T+6628128313us][CH1-Dispenser] E9
[T+6628128181us][CH2-Pc    ] E9
[T+6628140312us][CH1-Dispenser] FE
[T+6628140180us][CH2-Pc    ] FE
[T+6628153457us][CH1-Dispenser] E0
[T+6628153319us][CH2-Pc    ] E0
[T+6628166324us][CH1-Dispenser] E1
[T+6628166184us][CH2-Pc    ] E1
[T+6628178317us][CH1-Dispenser] E0
[T+6628178184us][CH2-Pc    ] E0
[T+6628191320us][CH1-Dispenser] FB
[T+6628191183us][CH2-Pc    ] FB
[T+6628204326us][CH1-Dispenser] EE
[T+6628204185us][CH2-Pc    ] EE
[T+6628220180us][CH2-Pc    ] F0
[T+6628246180us][CH1-Dispenser] F0 BA B0 B3 B2 B0 B1 B0 B0 B0 B0 B1 B1 B1 B1 B2 C1 B9 8D 8A
[T+6628311180us][CH2-Pc    ] 03
[T+6628320218us][CH1-Dispenser] 03 63
[T+6628389204us][CH2-Pc    ] 04
[T+6628398782us][CH1-Dispenser] 04 64
[T+6628468180us][CH1-Dispenser] 05
[T+6628468318us][CH2-Pc    ] 05
[T+6628644317us][CH1-Dispenser] 06
[T+6628644181us][CH2-Pc    ] 06
[T+6628819180us][CH2-Pc    ] 01
[T+6628825470us][CH1-Dispenser] 01 61
[T+6628897205us][CH2-Pc    ] 02
[T+6628908180us][CH1-Dispenser] 02 72
[T+6628925180us][CH2-Pc    ] 22
[T+6628929179us][CH1-Dispenser] 22 D2
[T+6628946180us][CH1-Dispenser] FF
[T+6628946313us][CH2-Pc    ] FF
[T+6628959313us][CH1-Dispenser] E9
[T+6628959180us][CH2-Pc    ] E9
[T+6628971312us][CH1-Dispenser] FE
[T+6628971180us][CH2-Pc    ] FE
[T+6628987316us][CH1-Dispenser] E0
[T+6628987180us][CH2-Pc    ] E0
[T+6629000313us][CH1-Dispenser] E1
[T+6629000180us][CH2-Pc    ] E1
[T+6629012315us][CH1-Dispenser] E0
[T+6629012181us][CH2-Pc    ] E0
[T+6629025308us][CH1-Dispenser] FB
[T+6629025180us][CH2-Pc    ] FB
[T+6629038312us][CH1-Dispenser] EE
[T+6629038180us][CH2-Pc    ] EE
[T+6629050180us][CH2-Pc    ] F0
[T+6629082180us][CH1-Dispenser] F0 BA B0 B3 B2 B0 B1 B0 B0 B0 B0 B1 B1 B1 B1 B2 C1 B9 8D 8A
[T+6629153249us][CH2-Pc    ] 03
[T+6629160180us][CH1-Dispenser] 03 63
[T+6629231180us][CH2-Pc    ] 04
[T+6629239181us][CH1-Dispenser] 04 64
[T+6629309181us][CH1-Dispenser] 05
[T+6629309315us][CH2-Pc    ] 05
[T+6629495180us][CH1-Dispenser] 06
[T+6629495314us][CH2-Pc    ] 06
[T+6629659180us][CH2-Pc    ] 01
[T+6629664179us][CH1-Dispenser] 01 61
[T+6629737180us][CH2-Pc    ] 02
[T+6629746205us][CH1-Dispenser] 02 72
[T+6629764209us][CH2-Pc    ] 22
[T+6629771180us][CH1-Dispenser] 22 D2
[T+6629786317us][CH1-Dispenser] FF
[T+6629786181us][CH2-Pc    ] FF
[T+6629799310us][CH1-Dispenser] E9
[T+6629799180us][CH2-Pc    ] E9
[T+6629811317us][CH1-Dispenser] FE
[T+6629811181us][CH2-Pc    ] FE
[T+6629824326us][CH1-Dispenser] E0
[T+6629824185us][CH2-Pc    ] E0
[T+6629837316us][CH1-Dispenser] E1
[T+6629837181us][CH2-Pc    ] E1
[T+6629849323us][CH1-Dispenser] E0
[T+6629849182us][CH2-Pc    ] E0
[T+6629862312us][CH1-Dispenser] FB
[T+6629862180us][CH2-Pc    ] FB
[T+6629875314us][CH1-Dispenser] EE
[T+6629875180us][CH2-Pc    ] EE
[T+6629887180us][CH2-Pc    ] F0
[T+6629918180us][CH1-Dispenser] F0 BA B0 B3 B2 B0 B1 B0 B0 B0 B0 B1 B1 B1 B1 B2 C1 B9 8D 8A
[T+6629999204us][CH2-Pc    ] 03
[T+6630005219us][CH1-Dispenser] 03 63
[T+6630077209us][CH2-Pc    ] 04
[T+6630084180us][CH1-Dispenser] 04 64
[T+6630155181us][CH1-Dispenser] 05
[T+6630155314us][CH2-Pc    ] 05
[T+6630330315us][CH1-Dispenser] 06
[T+6630330181us][CH2-Pc    ] 06
[T+6630505180us][CH2-Pc    ] 01
[T+6630511203us][CH1-Dispenser] 01 61
[T+6630583205us][CH2-Pc    ] 02
[T+6630591187us][CH1-Dispenser] 02 72
[T+6630610180us][CH2-Pc    ] 22
[T+6630616204us][CH1-Dispenser] 22 D2
[T+6630632313us][CH1-Dispenser] FF
[T+6630632180us][CH2-Pc    ] FF
[T+6630644314us][CH1-Dispenser] E9
[T+6630644180us][CH2-Pc    ] E9
[T+6630657313us][CH1-Dispenser] FE
[T+6630657181us][CH2-Pc    ] FE
[T+6630670324us][CH1-Dispenser] E0
[T+6630670184us][CH2-Pc    ] E0
[T+6630690180us][CH1-Dispenser] E1
[T+6630690521us][CH2-Pc    ] E1
[T+6630703311us][CH1-Dispenser] E0
[T+6630703180us][CH2-Pc    ] E0
[T+6630715262us][CH1-Dispenser] FB
[T+6630715180us][CH2-Pc    ] FB
[T+6630728313us][CH1-Dispenser] EE
[T+6630728180us][CH2-Pc    ] EE
[T+6630741180us][CH2-Pc    ] F0
[T+6630772180us][CH1-Dispenser] F0 BA B0 B3 B2 B0 B1 B0 B0 B0 B0 B1 B1 B1 B1 B2 C1 B9 8D 8A
[T+6630843180us][CH2-Pc    ] 03
[T+6630848815us][CH1-Dispenser] 03 63
[T+6630921180us][CH2-Pc    ] 04
[T+6630930181us][CH1-Dispenser] 04 64
[T+6631001319us][CH1-Dispenser] 05
[T+6631001182us][CH2-Pc    ] 05
[T+6631177181us][CH1-Dispenser] 06
[T+6631177318us][CH2-Pc    ] 06
[T+6631352180us][CH2-Pc    ] 01
[T+6631360180us][CH1-Dispenser] 01 61
[T+6631431180us][CH2-Pc    ] 02
[T+6631439215us][CH1-Dispenser] 02 72
[T+6631458180us][CH2-Pc    ] 22
[T+6631464206us][CH1-Dispenser] 22 D2
[T+6631490180us][CH1-Dispenser] FF
[T+6631490309us][CH2-Pc    ] FF
[T+6631502325us][CH1-Dispenser] E9
[T+6631502188us][CH2-Pc    ] E9
[T+6631516327us][CH1-Dispenser] FE
[T+6631516188us][CH2-Pc    ] FE
[T+6631527325us][CH1-Dispenser] E0
[T+6631527188us][CH2-Pc    ] E0
[T+6631540180us][CH1-Dispenser] E1
[T+6631540312us][CH2-Pc    ] E1
[T+6631552314us][CH1-Dispenser] E0
[T+6631552181us][CH2-Pc    ] E0
[T+6631567315us][CH1-Dispenser] FB
[T+6631567182us][CH2-Pc    ] FB
[T+6631578183us][CH1-Dispenser] EE
[T+6631578323us][CH2-Pc    ] EE
[T+6631591180us][CH2-Pc    ] F0
[T+6631617180us][CH1-Dispenser] F0 BA B0 B3 B2 B0 B1 B0 B0 B0 B0 B1 B1 B1 B1 B2 C1 B9 8D 8A
[T+6631683180us][CH2-Pc    ] 03
[T+6631690179us][CH1-Dispenser] 03 63
[T+6631761180us][CH2-Pc    ] 04
[T+6631771181us][CH1-Dispenser] 04 64
[T+6631840179us][CH1-Dispenser] 05
[T+6631839180us][CH2-Pc    ] 05
[T+6632033180us][CH1-Dispenser] 06
[T+6632033315us][CH2-Pc    ] 06
[T+6632207205us][CH2-Pc    ] 01
[T+6632216218us][CH1-Dispenser] 01 61
[T+6632308180us][CH2-Pc    ] 02
[T+6632315180us][CH1-Dispenser] 02 72
[T+6632336204us][CH2-Pc    ] 22
[T+6632344684us][CH1-Dispenser] 22 D2
[T+6632357314us][CH1-Dispenser] FF
[T+6632357180us][CH2-Pc    ] FF
[T+6632370314us][CH1-Dispenser] E9
[T+6632370180us][CH2-Pc    ] E9
[T+6632382308us][CH1-Dispenser] FE
[T+6632382180us][CH2-Pc    ] FE
[T+6632395312us][CH1-Dispenser] E0
[T+6632395181us][CH2-Pc    ] E0
[T+6632408223us][CH1-Dispenser] E1
[T+6632408364us][CH2-Pc    ] E1
[T+6632421313us][CH1-Dispenser] E0
[T+6632421180us][CH2-Pc    ] E0
[T+6632433362us][CH1-Dispenser] FB
[T+6632433181us][CH2-Pc    ] FB
[T+6632446309us][CH1-Dispenser] EE
[T+6632446181us][CH2-Pc    ] EE
[T+6632459180us][CH2-Pc    ] F0
[T+6632488180us][CH1-Dispenser] F0 BA B0 B3 B2 B0 B1 B0 B0 B0 B0 B1 B1 B1 B1 B2 C1 B9 8D 8A
[T+6632560204us][CH2-Pc    ] 03
[T+6632569218us][CH1-Dispenser] 03 63
[T+6632638211us][CH2-Pc    ] 04
[T+6632643179us][CH1-Dispenser] 04 64
[T+6632719180us][CH1-Dispenser] 05
[T+6632719315us][CH2-Pc    ] 05
[T+6632893181us][CH1-Dispenser] 06
[T+6632893316us][CH2-Pc    ] 06
[T+6633068180us][CH2-Pc    ] 01
[T+6633077218us][CH1-Dispenser] 01 61
[T+6633152206us][CH2-Pc    ] 02
[T+6633160180us][CH1-Dispenser] 02 72
[T+6633179180us][CH2-Pc    ] 22
[T+6633185852us][CH1-Dispenser] 22 D2
[T+6633201316us][CH1-Dispenser] FF
[T+6633201181us][CH2-Pc    ] FF
[T+6633213325us][CH1-Dispenser] E9
[T+6633213187us][CH2-Pc    ] E9
[T+6633226308us][CH1-Dispenser] FE
[T+6633226180us][CH2-Pc    ] FE
[T+6633239311us][CH1-Dispenser] E0
[T+6633239180us][CH2-Pc    ] E0
[T+6633252182us][CH1-Dispenser] E1
[T+6633252321us][CH2-Pc    ] E1
[T+6633264313us][CH1-Dispenser] E0
[T+6633264180us][CH2-Pc    ] E0
[T+6633286312us][CH1-Dispenser] FB
[T+6633286180us][CH2-Pc    ] FB
[T+6633307315us][CH1-Dispenser] EE
[T+6633307180us][CH2-Pc    ] EE
[T+6633320180us][CH2-Pc    ] F0
[T+6633347204us][CH1-Dispenser] F0 BA B0 B3 B2 B0 B1 B0 B0 B0 B0 B1 B1 B1 B1 B2 C1 B9 8D 8A
[T+6633412180us][CH2-Pc    ] 03
[T+6633420180us][CH1-Dispenser] 03 63
[T+6633490180us][CH2-Pc    ] 04
[T+6633499218us][CH1-Dispenser] 04 64
[T+6633568180us][CH1-Dispenser] 05
[T+6633568314us][CH2-Pc    ] 05
[T+6633743316us][CH1-Dispenser] 06
[T+6633743181us][CH2-Pc    ] 06
[T+6633907180us][CH2-Pc    ] 01
[T+6633917180us][CH1-Dispenser] 01 61
[T+6633985180us][CH2-Pc    ] 02
[T+6633991858us][CH1-Dispenser] 02 72
[T+6634012204us][CH2-Pc    ] 22
[T+6634021205us][CH1-Dispenser] 22 D2
[T+6634034318us][CH1-Dispenser] FF
[T+6634034182us][CH2-Pc    ] FF
[T+6634046313us][CH1-Dispenser] E9
[T+6634046180us][CH2-Pc    ] E9
[T+6634059311us][CH1-Dispenser] FE
[T+6634059181us][CH2-Pc    ] FE
[T+6634072317us][CH1-Dispenser] E0
[T+6634072181us][CH2-Pc    ] E0
[T+6634085180us][CH1-Dispenser] E1
[T+6634085312us][CH2-Pc    ] E1
[T+6634097679us][CH1-Dispenser] E0
[T+6634097189us][CH2-Pc    ] E0
[T+6634114313us][CH1-Dispenser] FB
[T+6634114181us][CH2-Pc    ] FB
[T+6634127180us][CH1-Dispenser] EE
[T+6634127311us][CH2-Pc    ] EE
[T+6634139205us][CH2-Pc    ] F0
[T+6634167180us][CH1-Dispenser] F0 BA B0 B3 B2 B0 B1 B0 B0 B0 B0 B1 B1 B1 B1 B2 C1 B9 8D 8A
[T+6634181180us][CH2-Pc    ] 22
[T+6634185179us][CH1-Dispenser] 22 D2
[T+6634202181us][CH1-Dispenser] FF
[T+6634202313us][CH2-Pc    ] FF
[T+6634214316us][CH1-Dispenser] E5
[T+6634214182us][CH2-Pc    ] E5
[T+6634227313us][CH1-Dispenser] F4
[T+6634227180us][CH2-Pc    ] F4
[T+6634240181us][CH1-Dispenser] F6
[T+6634240317us][CH2-Pc    ] F6
[T+6634252180us][CH2-Pc    ] E1
[T+6634253179us][CH1-Dispenser] E1
[T+6634265332us][CH1-Dispenser] F7
[T+6634265185us][CH2-Pc    ] F7
[T+6634278327us][CH1-Dispenser] E0
[T+6634278187us][CH2-Pc    ] E0
[T+6634291320us][CH1-Dispenser] E0
[T+6634291183us][CH2-Pc    ] E0
[T+6634303312us][CH1-Dispenser] E1
[T+6634303180us][CH2-Pc    ] E1
[T+6634316182us][CH1-Dispenser] E1
[T+6634316320us][CH2-Pc    ] E1
[T+6634329318us][CH1-Dispenser] FB
[T+6634329181us][CH2-Pc    ] FB
[T+6634342181us][CH1-Dispenser] ED
[T+6634342316us][CH2-Pc    ] ED
[T+6634354317us][CH1-Dispenser] F0
[T+6634354183us][CH2-Pc    ] F0
[T+6634443180us][CH2-Pc    ] 02
[T+6634450180us][CH1-Dispenser] 02 72
[T+6634470180us][CH2-Pc    ] 22
[T+6634475179us][CH1-Dispenser] 22 D2
[T+6634492313us][CH1-Dispenser] FF
[T+6634492181us][CH2-Pc    ] FF
[T+6634504639us][CH1-Dispenser] E5
[T+6634504482us][CH2-Pc    ] E5
[T+6634517314us][CH1-Dispenser] F2
[T+6634517181us][CH2-Pc    ] F2
[T+6634530315us][CH1-Dispenser] F8
[T+6634530181us][CH2-Pc    ] F8
[T+6634543311us][CH1-Dispenser] E0
[T+6634543180us][CH2-Pc    ] E0
[T+6634555311us][CH1-Dispenser] E0
[T+6634555180us][CH2-Pc    ] E0
[T+6634568313us][CH1-Dispenser] E0
[T+6634568180us][CH2-Pc    ] E0
[T+6634581180us][CH1-Dispenser] E1
[T+6634581312us][CH2-Pc    ] E1
[T+6634593180us][CH1-Dispenser] E1
[T+6634593316us][CH2-Pc    ] E1
[T+6634606313us][CH1-Dispenser] E0
[T+6634606180us][CH2-Pc    ] E0
[T+6634619320us][CH1-Dispenser] FB
[T+6634619184us][CH2-Pc    ] FB
[T+6634632317us][CH1-Dispenser] E5
[T+6634632181us][CH2-Pc    ] E5
[T+6634644184us][CH1-Dispenser] F0
[T+6634644319us][CH2-Pc    ] F0
[T+6634733180us][CH2-Pc    ] 02
[T+6634740180us][CH1-Dispenser] 02 72
[T+6634761180us][CH1-Dispenser] 12
[T+6634761314us][CH2-Pc    ] 12
[T+6634847180us][CH2-Pc    ] 02
[T+6634855187us][CH1-Dispenser] 02 92
[T+6634925180us][CH2-Pc    ] 03
[T+6634933488us][CH1-Dispenser] 03 63
[T+6635003180us][CH2-Pc    ] 04
[T+6635009219us][CH1-Dispenser] 04 64
[T+6635082318us][CH1-Dispenser] 05
[T+6635082180us][CH2-Pc    ] 05
[T+6635256181us][CH1-Dispenser] 06
[T+6635256316us][CH2-Pc    ] 06
[T+6635432180us][CH2-Pc    ] 01
[T+6635439811us][CH1-Dispenser] 01 61
[T+6635510180us][CH2-Pc    ] 02
[T+6635515179us][CH1-Dispenser] 02 92
[T+6636089180us][CH2-Pc    ] 03
[T+6636094187us][CH1-Dispenser] 03 63
[T+6636167180us][CH2-Pc    ] 04
[T+6636174179us][CH1-Dispenser] 04 64
[T+6636247189us][CH1-Dispenser] 05
[T+6636247329us][CH2-Pc    ] 05
[T+6636432190us][CH1-Dispenser] 06
[T+6636432330us][CH2-Pc    ] 06
[T+6636596204us][CH2-Pc    ] 01
[T+6636609148us][CH1-Dispenser] 01 61
[T+6636674181us][CH2-Pc    ] 02
[T+6636682564us][CH1-Dispenser] 02 92
[T+6636702180us][CH2-Pc    ] 62
[T+6636717204us][CH1-Dispenser] 62 E0 E0 E0 E0 E0 E0
[T+6636791219us][CH2-Pc    ] 03
[T+6636802188us][CH1-Dispenser] 03 63
[T+6636869338us][CH2-Pc    ] 04
[T+6636874322us][CH1-Dispenser] 04 64
[T+6636947316us][CH1-Dispenser] 05
[T+6636947181us][CH2-Pc    ] 05
[T+6637134181us][CH1-Dispenser] 06
[T+6637134315us][CH2-Pc    ] 06
[T+6637297180us][CH2-Pc    ] 01
[T+6637307180us][CH1-Dispenser] 01 61
[T+6637376180us][CH2-Pc    ] 02
[T+6637380821us][CH1-Dispenser] 02 92
[T+6637406180us][CH2-Pc    ] 62
[T+6637422180us][CH1-Dispenser] 62 E0 E0 E0 E0 E0 E0
[T+6637496180us][CH2-Pc    ] 03
[T+6637504810us][CH1-Dispenser] 03 63
[T+6637574180us][CH2-Pc    ] 04
[T+6637580204us][CH1-Dispenser] 04 64
[T+6637652314us][CH1-Dispenser] 05
[T+6637652181us][CH2-Pc    ] 05
[T+6637837181us][CH1-Dispenser] 06
[T+6637838179us][CH2-Pc    ] 06
[T+6638002204us][CH2-Pc    ] 01
[T+6638012180us][CH1-Dispenser] 01 61
[T+6638081204us][CH2-Pc    ] 02
[T+6638087218us][CH1-Dispenser] 02 92
[T+6638108204us][CH2-Pc    ] 62
[T+6638122180us][CH1-Dispenser] 62 E0 E0 E0 E0 E0 E0
[T+6638187180us][CH2-Pc    ] 03
[T+6638195815us][CH1-Dispenser] 03 63
[T+6638265180us][CH2-Pc    ] 04
[T+6638274218us][CH1-Dispenser] 04 64
[T+6638343181us][CH1-Dispenser] 05
[T+6638343317us][CH2-Pc    ] 05
[T+6638518180us][CH1-Dispenser] 06
[T+6638518317us][CH2-Pc    ] 06
[T+6638693180us][CH2-Pc    ] 01
[T+6638701180us][CH1-Dispenser] 01 61
[T+6638771180us][CH2-Pc    ] 02
[T+6638780209us][CH1-Dispenser] 02 92
[T+6638798206us][CH2-Pc    ] 62
[T+6638813204us][CH1-Dispenser] 62 E7 E8 E1 E0 E0 E0
[T+6638878180us][CH2-Pc    ] 03
[T+6638885180us][CH1-Dispenser] 03 63
[T+6638956180us][CH2-Pc    ] 04
[T+6638964186us][CH1-Dispenser] 04 64
[T+6639056180us][CH1-Dispenser] 05
[T+6639056314us][CH2-Pc    ] 05
[T+6639220319us][CH1-Dispenser] 06
[T+6639220180us][CH2-Pc    ] 06
[T+6639395180us][CH2-Pc    ] 01
[T+6639402818us][CH1-Dispenser] 01 61
[T+6639469180us][CH2-Pc    ] 02
[T+6639476180us][CH1-Dispenser] 02 92
[T+6639497207us][CH2-Pc    ] 62
[T+6639510180us][CH1-Dispenser] 62 E6 E8 E2 E0 E0 E0
[T+6639576205us][CH2-Pc    ] 03
[T+6639584188us][CH1-Dispenser] 03 63
[T+6639654241us][CH2-Pc    ] 04
[T+6639659179us][CH1-Dispenser] 04 64
[T+6639732315us][CH1-Dispenser] 05
[T+6639732181us][CH2-Pc    ] 05
[T+6639907180us][CH1-Dispenser] 06
[T+6639907320us][CH2-Pc    ] 06
[T+6640082180us][CH2-Pc    ] 01
[T+6640091206us][CH1-Dispenser] 01 61
[T+6640160205us][CH2-Pc    ] 02
[T+6640165179us][CH1-Dispenser] 02 92
[T+6640178180us][CH2-Pc    ] 62
[T+6640192180us][CH1-Dispenser] 62 E6 E9 E3 E0 E0 E0
[T+6640297205us][CH2-Pc    ] 03
[T+6640306204us][CH1-Dispenser] 03 63
[T+6640375204us][CH2-Pc    ] 04
[T+6640384208us][CH1-Dispenser] 04 64
[T+6640454316us][CH1-Dispenser] 05
[T+6640454181us][CH2-Pc    ] 05
[T+6640628180us][CH1-Dispenser] 06
[T+6640628319us][CH2-Pc    ] 06
[T+6640803180us][CH2-Pc    ] 01
[T+6640811189us][CH1-Dispenser] 01 61
[T+6640882180us][CH2-Pc    ] 02
[T+6640892180us][CH1-Dispenser] 02 92
[T+6640909180us][CH2-Pc    ] 62
[T+6640923462us][CH1-Dispenser] 62 E5 E0 E6 E0 E0 E0
[T+6640987180us][CH2-Pc    ] 03
[T+6640995181us][CH1-Dispenser] 03 63
[T+6641068208us][CH1-Dispenser] 04 64
[T+6641065180us][CH2-Pc    ] 04
[T+6641132312us][CH1-Dispenser] 05
[T+6641132180us][CH2-Pc    ] 05
[T+6641307318us][CH1-Dispenser] 06
[T+6641307182us][CH2-Pc    ] 06
[T+6641471316us][CH1-Dispenser] 01
[T+6641471180us][CH2-Pc    ] 01
[T+6641485180us][CH1-Dispenser] 61
[T+6641549180us][CH2-Pc    ] 02
[T+6641555218us][CH1-Dispenser] 02 92
[T+6641577180us][CH2-Pc    ] 62
[T+6641592204us][CH1-Dispenser] 62 E2 E9 E7 E0 E0 E0
[T+6641666180us][CH2-Pc    ] 03
[T+6641674770us][CH1-Dispenser] 03 63
[T+6641744180us][CH2-Pc    ] 04
[T+6641749179us][CH1-Dispenser] 04 64
[T+6641822315us][CH1-Dispenser] 05
[T+6641822181us][CH2-Pc    ] 05
[T+6641986180us][CH1-Dispenser] 06
[T+6641986314us][CH2-Pc    ] 06
[T+6642161210us][CH2-Pc    ] 01
[T+6642165179us][CH1-Dispenser] 01 61
[T+6642228204us][CH2-Pc    ] 02
[T+6642235179us][CH1-Dispenser] 02 92
[T+6642255180us][CH2-Pc    ] 62
[T+6642268180us][CH1-Dispenser] 62 E5 E4 E0 E1 E0 E0
[T+6642360180us][CH2-Pc    ] 03
[T+6642364179us][CH1-Dispenser] 03 63
[T+6642427205us][CH2-Pc    ] 04
[T+6642434180us][CH1-Dispenser] 04 64
[T+6642505316us][CH1-Dispenser] 05
[T+6642505181us][CH2-Pc    ] 05
[T+6642680320us][CH1-Dispenser] 06
[T+6642680182us][CH2-Pc    ] 06
[T+6642844180us][CH2-Pc    ] 01
[T+6642850204us][CH1-Dispenser] 01 61
[T+6642922204us][CH2-Pc    ] 02
[T+6642933180us][CH1-Dispenser] 02 92
[T+6642950180us][CH2-Pc    ] 62
[T+6642962204us][CH1-Dispenser] 62 E4 E6 E3 E1 E0 E0
[T+6643028205us][CH2-Pc    ] 03
[T+6643034290us][CH1-Dispenser] 03 63
[T+6643107180us][CH2-Pc    ] 04
[T+6643117180us][CH1-Dispenser] 04 64
[T+6643185432us][CH1-Dispenser] 05
[T+6643185297us][CH2-Pc    ] 05
[T+6643360181us][CH1-Dispenser] 06
[T+6643360319us][CH2-Pc    ] 06
[T+6643541180us][CH2-Pc    ] 01
[T+6643550204us][CH1-Dispenser] 01 61
[T+6643620180us][CH2-Pc    ] 02
[T+6643626203us][CH1-Dispenser] 02 92
[T+6643647204us][CH2-Pc    ] 62
[T+6643662204us][CH1-Dispenser] 62 E6 E1 E7 E1 E0 E0
[T+6643736180us][CH2-Pc    ] 03
[T+6643744645us][CH1-Dispenser] 03 63
[T+6643814180us][CH2-Pc    ] 04
[T+6643820218us][CH1-Dispenser] 04 64
[T+6643890315us][CH1-Dispenser] 05
[T+6643890181us][CH2-Pc    ] 05
[T+6644065180us][CH1-Dispenser] 06
[T+6644065316us][CH2-Pc    ] 06
[T+6644240180us][CH2-Pc    ] 01
[T+6644246204us][CH1-Dispenser] 01 61
[T+6644318205us][CH2-Pc    ] 02
[T+6644325180us][CH1-Dispenser] 02 92
[T+6644345180us][CH2-Pc    ] 62
[T+6644356180us][CH1-Dispenser] 62 E8 E6 E0 E2 E0 E0
[T+6644423180us][CH2-Pc    ] 03
[T+6644433180us][CH1-Dispenser] 03 63
[T+6644502204us][CH2-Pc    ] 04
[T+6644510740us][CH1-Dispenser] 04 64
[T+6644580180us][CH1-Dispenser] 05
[T+6644581181us][CH2-Pc    ] 05
[T+6644755317us][CH1-Dispenser] 06
[T+6644755181us][CH2-Pc    ] 06
[T+6644930180us][CH2-Pc    ] 01
[T+6644935179us][CH1-Dispenser] 01 61
[T+6645008180us][CH2-Pc    ] 02
[T+6645018408us][CH1-Dispenser] 02 92
[T+6645036204us][CH2-Pc    ] 62
[T+6645047180us][CH1-Dispenser] 62 E2 E4 E4 E2 E0 E0
[T+6645114180us][CH2-Pc    ] 03
[T+6645123275us][CH1-Dispenser] 03 63
[T+6645192204us][CH2-Pc    ] 04
[T+6645200183us][CH1-Dispenser] 04 64
[T+6645270180us][CH1-Dispenser] 05
[T+6645270315us][CH2-Pc    ] 05
[T+6645438318us][CH1-Dispenser] 06
[T+6645438181us][CH2-Pc    ] 06
[T+6645613180us][CH2-Pc    ] 01
[T+6645622184us][CH1-Dispenser] 01 61
[T+6645691204us][CH2-Pc    ] 02
[T+6645696776us][CH1-Dispenser] 02 92
[T+6645719180us][CH2-Pc    ] 62
[T+6645732180us][CH1-Dispenser] 62 E6 E1 E8 E2 E0 E0
[T+6645798204us][CH2-Pc    ] 03
[T+6645806775us][CH1-Dispenser] 03 63
[T+6645876180us][CH2-Pc    ] 04
[T+6645887181us][CH1-Dispenser] 04 64
[T+6645964182us][CH1-Dispenser] 05
[T+6645964317us][CH2-Pc    ] 05
[T+6646150180us][CH1-Dispenser] 06
[T+6646150319us][CH2-Pc    ] 06
[T+6646319180us][CH2-Pc    ] 01
[T+6646327309us][CH1-Dispenser] 01 61
[T+6646397315us][CH1-Dispenser] 02
[T+6646397180us][CH2-Pc    ] 02
[T+6646408180us][CH1-Dispenser] 92
[T+6646424180us][CH2-Pc    ] 62
[T+6646438180us][CH1-Dispenser] 62 E3 E2 E2 E3 E0 E0
[T+6646502180us][CH2-Pc    ] 03
[T+6646510187us][CH1-Dispenser] 03 63
[T+6646580180us][CH2-Pc    ] 04
[T+6646586829us][CH1-Dispenser] 04 64
[T+6646659316us][CH1-Dispenser] 05
[T+6646659180us][CH2-Pc    ] 05
[T+6646833314us][CH1-Dispenser] 06
[T+6646833180us][CH2-Pc    ] 06
[T+6647008180us][CH2-Pc    ] 01
[T+6647016185us][CH1-Dispenser] 01 61
[T+6647086180us][CH2-Pc    ] 02
[T+6647092335us][CH1-Dispenser] 02 92
[T+6647114180us][CH2-Pc    ] 62
[T+6647128180us][CH1-Dispenser] 62 E2 E5 E6 E3 E0 E0
[T+6647196180us][CH2-Pc    ] 03
[T+6647206180us][CH1-Dispenser] 03 63
[T+6647274180us][CH2-Pc    ] 04
[T+6647281253us][CH1-Dispenser] 04 64
[T+6647362180us][CH1-Dispenser] 05
[T+6647362315us][CH2-Pc    ] 05
[T+6647536180us][CH1-Dispenser] 06
[T+6647537179us][CH2-Pc    ] 06
[T+6647711180us][CH2-Pc    ] 01
[T+6647716187us][CH1-Dispenser] 01 61
[T+6647789180us][CH2-Pc    ] 02
[T+6647795208us][CH1-Dispenser] 02 92
[T+6647817180us][CH2-Pc    ] 62
[T+6647831180us][CH1-Dispenser] 62 E1 E8 E0 E4 E0 E0
[T+6647895180us][CH2-Pc    ] 03
[T+6647899179us][CH1-Dispenser] 03 63
[T+6647962204us][CH2-Pc    ] 04
[T+6647971213us][CH1-Dispenser] 04 64
[T+6648040314us][CH1-Dispenser] 05
[T+6648040180us][CH2-Pc    ] 05
[T+6648205181us][CH1-Dispenser] 06
[T+6648205319us][CH2-Pc    ] 06
[T+6648380180us][CH2-Pc    ] 01
[T+6648387180us][CH1-Dispenser] 01 61
[T+6648458180us][CH2-Pc    ] 02
[T+6648466788us][CH1-Dispenser] 02 92
[T+6648486180us][CH2-Pc    ] 62
[T+6648497187us][CH1-Dispenser] 62 E7 E7 E4 E4 E0 E0
[T+6648564180us][CH2-Pc    ] 03
[T+6648571180us][CH1-Dispenser] 03 63
[T+6648642180us][CH2-Pc    ] 04
[T+6648651208us][CH1-Dispenser] 04 64
[T+6648720318us][CH1-Dispenser] 05
[T+6648720182us][CH2-Pc    ] 05
[T+6648897180us][CH1-Dispenser] 06
[T+6648897315us][CH2-Pc    ] 06
[T+6649072180us][CH2-Pc    ] 01
[T+6649076179us][CH1-Dispenser] 01 61
[T+6649139204us][CH2-Pc    ] 02
[T+6649148187us][CH1-Dispenser] 02 92
[T+6649166204us][CH2-Pc    ] 62
[T+6649177180us][CH1-Dispenser] 62 E4 E8 E8 E4 E0 E0
[T+6649245187us][CH2-Pc    ] 03
[T+6649251265us][CH1-Dispenser] 03 63
[T+6649324180us][CH2-Pc    ] 04
[T+6649330209us][CH1-Dispenser] 04 64
[T+6649403180us][CH1-Dispenser] 05
[T+6649403315us][CH2-Pc    ] 05
[T+6649588181us][CH1-Dispenser] 06
[T+6649588316us][CH2-Pc    ] 06
[T+6649752180us][CH2-Pc    ] 01
[T+6649761743us][CH1-Dispenser] 01 61
[T+6649828180us][CH2-Pc    ] 02
[T+6649835179us][CH1-Dispenser] 02 92
[T+6649856205us][CH2-Pc    ] 62
[T+6649869180us][CH1-Dispenser] 62 E4 E2 E3 E5 E0 E0
[T+6649954180us][CH2-Pc    ] 03
[T+6649961180us][CH1-Dispenser] 03 63
[T+6650032180us][CH2-Pc    ] 04
[T+6650040180us][CH1-Dispenser] 04 64
[T+6650111315us][CH1-Dispenser] 05
[T+6650111180us][CH2-Pc    ] 05
[T+6650285181us][CH1-Dispenser] 06
[T+6650285317us][CH2-Pc    ] 06
[T+6650460180us][CH2-Pc    ] 01
[T+6650466203us][CH1-Dispenser] 01 61
[T+6650538205us][CH2-Pc    ] 02
[T+6650545784us][CH1-Dispenser] 02 92
[T+6650566204us][CH2-Pc    ] 62
[T+6650576180us][CH1-Dispenser] 62 E3 E5 E7 E5 E0 E0
[T+6650644180us][CH2-Pc    ] 03
[T+6650651798us][CH1-Dispenser] 03 63
[T+6650722180us][CH2-Pc    ] 04
[T+6650730180us][CH1-Dispenser] 04 64
[T+6650800180us][CH1-Dispenser] 05
[T+6650800315us][CH2-Pc    ] 05
[T+6650975181us][CH1-Dispenser] 06
[T+6650975319us][CH2-Pc    ] 06
[T+6651149205us][CH2-Pc    ] 01
[T+6651157806us][CH1-Dispenser] 01 61
[T+6651227180us][CH2-Pc    ] 02
[T+6651236219us][CH1-Dispenser] 02 92
[T+6651255180us][CH2-Pc    ] 62
[T+6651267204us][CH1-Dispenser] 62 E3 E9 E1 E6 E0 E0
[T+6651333204us][CH2-Pc    ] 03
[T+6651341180us][CH1-Dispenser] 03 63
[T+6651411180us][CH2-Pc    ] 04
[T+6651420207us][CH1-Dispenser] 04 64
[T+6651490180us][CH1-Dispenser] 05
[T+6651490316us][CH2-Pc    ] 05
[T+6651664180us][CH1-Dispenser] 06
[T+6651665180us][CH2-Pc    ] 06
[T+6651828180us][CH2-Pc    ] 01
[T+6651837204us][CH1-Dispenser] 01 61
[T+6651907180us][CH2-Pc    ] 02
[T+6651912179us][CH1-Dispenser] 02 92
[T+6651934180us][CH2-Pc    ] 62
[T+6651947180us][CH1-Dispenser] 62 E1 E1 E6 E6 E0 E0
[T+6652013205us][CH2-Pc    ] 03
[T+6652022204us][CH1-Dispenser] 03 63
[T+6652103205us][CH2-Pc    ] 04
[T+6652110814us][CH1-Dispenser] 04 64
[T+6652181316us][CH1-Dispenser] 05
[T+6652181181us][CH2-Pc    ] 05
[T+6652345317us][CH1-Dispenser] 06
[T+6652345180us][CH2-Pc    ] 06
[T+6652520180us][CH2-Pc    ] 01
[T+6652526844us][CH1-Dispenser] 01 61
[T+6652598204us][CH2-Pc    ] 02
[T+6652607205us][CH1-Dispenser] 02 92
[T+6652626180us][CH2-Pc    ] 62
[T+6652638205us][CH1-Dispenser] 62 E3 E7 E0 E7 E0 E0
[T+6652704205us][CH2-Pc    ] 03
[T+6652710206us][CH1-Dispenser] 03 63
[T+6652781180us][CH2-Pc    ] 04
[T+6652789784us][CH1-Dispenser] 04 64
[T+6652860316us][CH1-Dispenser] 05
[T+6652860181us][CH2-Pc    ] 05
[T+6653034180us][CH1-Dispenser] 06
[T+6653034316us][CH2-Pc    ] 06
[T+6653209180us][CH2-Pc    ] 01
[T+6653216180us][CH1-Dispenser] 01 61
[T+6653287180us][CH2-Pc    ] 02
[T+6653297180us][CH1-Dispenser] 02 92
[T+6653315205us][CH2-Pc    ] 62
[T+6653328180us][CH1-Dispenser] 62 E2 E0 E5 E7 E0 E0
[T+6653393180us][CH2-Pc    ] 03
[T+6653400179us][CH1-Dispenser] 03 63
[T+6653471180us][CH2-Pc    ] 04
[T+6653480844us][CH1-Dispenser] 04 64
[T+6653549181us][CH1-Dispenser] 05
[T+6653549317us][CH2-Pc    ] 05
[T+6653724318us][CH1-Dispenser] 06
[T+6653724180us][CH2-Pc    ] 06
[T+6653899180us][CH2-Pc    ] 01
[T+6653908210us][CH1-Dispenser] 01 61
[T+6653977204us][CH2-Pc    ] 02
[T+6653981779us][CH1-Dispenser] 02 92
[T+6653994180us][CH2-Pc    ] 62
[T+6654008180us][CH1-Dispenser] 62 E4 E6 E9 E7 E0 E0
[T+6654073180us][CH2-Pc    ] 03
[T+6654080820us][CH1-Dispenser] 03 63
[T+6654151180us][CH2-Pc    ] 04
[T+6654155179us][CH1-Dispenser] 04 64
[T+6654229180us][CH1-Dispenser] 05
[T+6654229318us][CH2-Pc    ] 05
[T+6654396180us][CH1-Dispenser] 06
[T+6654396316us][CH2-Pc    ] 06
[T+6654571180us][CH2-Pc    ] 01
[T+6654578814us][CH1-Dispenser] 01 61
[T+6654649313us][CH2-Pc    ] 02
[T+6654657199us][CH1-Dispenser] 02 92
[T+6654676180us][CH2-Pc    ] 62
[T+6654688204us][CH1-Dispenser] 62 E5 E1 E4 E8 E0 E0
[T+6654755182us][CH2-Pc    ] 03
[T+6654761218us][CH1-Dispenser] 03 63
[T+6654833205us][CH2-Pc    ] 04
[T+6654840179us][CH1-Dispenser] 04 64
[T+6654912314us][CH1-Dispenser] 05
[T+6654912181us][CH2-Pc    ] 05
[T+6655087180us][CH1-Dispenser] 06
[T+6655087317us][CH2-Pc    ] 06
[T+6655251180us][CH2-Pc    ] 01
[T+6655260218us][CH1-Dispenser] 01 61
[T+6655329209us][CH2-Pc    ] 02
[T+6655337199us][CH1-Dispenser] 02 92
[T+6655357180us][CH2-Pc    ] 62
[T+6655368180us][CH1-Dispenser] 62 E0 E1 E9 E8 E0 E0
[T+6655439180us][CH2-Pc    ] 03
[T+6655446180us][CH1-Dispenser] 03 63
[T+6655517180us][CH2-Pc    ] 04
[T+6655525186us][CH1-Dispenser] 04 64
[T+6655595314us][CH1-Dispenser] 05
[T+6655595180us][CH2-Pc    ] 05
[T+6655770181us][CH1-Dispenser] 06
[T+6655770319us][CH2-Pc    ] 06
[T+6655944204us][CH2-Pc    ] 01
[T+6655952180us][CH1-Dispenser] 01 61
[T+6656023180us][CH2-Pc    ] 02
[T+6656031824us][CH1-Dispenser] 02 92
[T+6656050180us][CH2-Pc    ] 62
[T+6656064180us][CH1-Dispenser] 62 E1 E6 E3 E9 E0 E0
[T+6656129180us][CH2-Pc    ] 03
[T+6656136182us][CH1-Dispenser] 03 63
[T+6656207180us][CH2-Pc    ] 04
[T+6656215180us][CH1-Dispenser] 04 64
[T+6656285318us][CH1-Dispenser] 05
[T+6656285180us][CH2-Pc    ] 05
[T+6656455181us][CH1-Dispenser] 06
[T+6656455317us][CH2-Pc    ] 06
[T+6656629204us][CH2-Pc    ] 01
[T+6656636180us][CH1-Dispenser] 01 61
[T+6656707180us][CH2-Pc    ] 02
[T+6656718180us][CH1-Dispenser] 02 92
[T+6656735180us][CH2-Pc    ] 62
[T+6656748180us][CH1-Dispenser] 62 E6 E5 E8 E9 E0 E0
[T+6656814205us][CH2-Pc    ] 03
[T+6656822180us][CH1-Dispenser] 03 63
[T+6656892315us][CH1-Dispenser] 04
[T+6656892180us][CH2-Pc    ] 04
[T+6656903180us][CH1-Dispenser] 64
[T+6656970180us][CH1-Dispenser] 05
[T+6656970318us][CH2-Pc    ] 05
[T+6657145316us][CH1-Dispenser] 06
[T+6657145181us][CH2-Pc    ] 06
[T+6657320180us][CH2-Pc    ] 01
[T+6657328820us][CH1-Dispenser] 01 61
[T+6657402180us][CH2-Pc    ] 02
[T+6657407179us][CH1-Dispenser] 02 92
[T+6657429180us][CH2-Pc    ] 62
[T+6657442180us][CH1-Dispenser] 62 E9 E2 E3 E0 E1 E0
[T+6657507180us][CH2-Pc    ] 03
[T+6657516218us][CH1-Dispenser] 03 63
[T+6657585204us][CH2-Pc    ] 04
[T+6657590179us][CH1-Dispenser] 04 64
[T+6657663180us][CH1-Dispenser] 05
[T+6657663317us][CH2-Pc    ] 05
[T+6657838180us][CH1-Dispenser] 06
[T+6657838317us][CH2-Pc    ] 06
[T+6658002180us][CH2-Pc    ] 01
[T+6658006179us][CH1-Dispenser] 01 61
[T+6658070180us][CH2-Pc    ] 02
[T+6658076805us][CH1-Dispenser] 02 92
[T+6658098204us][CH2-Pc    ] 62
[T+6658115180us][CH1-Dispenser] 62 E3 E0 E7 E0 E1 E0
[T+6658188180us][CH2-Pc    ] 03
[T+6658195744us][CH1-Dispenser] 03 63
[T+6658266180us][CH2-Pc    ] 04
[T+6658271179us][CH1-Dispenser] 04 64
[T+6658333181us][CH1-Dispenser] 05
[T+6658333316us][CH2-Pc    ] 05
[T+6658508317us][CH1-Dispenser] 06
[T+6658508180us][CH2-Pc    ] 06
[T+6658693180us][CH2-Pc    ] 01
[T+6658702329us][CH1-Dispenser] 01 61
[T+6658772180us][CH2-Pc    ] 02
[T+6658776179us][CH1-Dispenser] 02 92
[T+6658806205us][CH2-Pc    ] 62
[T+6658818208us][CH1-Dispenser] 62 E4 E1 E7 E0 E1 E0
[T+6658884205us][CH2-Pc    ] 03
[T+6658891783us][CH1-Dispenser] 03 63
[T+6658962180us][CH2-Pc    ] 04
[T+6658970229us][CH1-Dispenser] 04 64
[T+6659040313us][CH1-Dispenser] 05
[T+6659040180us][CH2-Pc    ] 05
[T+6659204182us][CH1-Dispenser] 06
[T+6659204319us][CH2-Pc    ] 06
[T+6659379180us][CH2-Pc    ] 01
[T+6659388312us][CH1-Dispenser] 01 61
[T+6659457206us][CH2-Pc    ] 02
[T+6659461751us][CH1-Dispenser] 02 92
[T+6659474180us][CH2-Pc    ] 62
[T+6659489204us][CH1-Dispenser] 62 E7 E4 E7 E0 E1 E0
[T+6659565180us][CH2-Pc    ] 03
[T+6659570794us][CH1-Dispenser] 03 63
[T+6659643180us][CH2-Pc    ] 04
[T+6659651181us][CH1-Dispenser] 04 64
[T+6659721315us][CH1-Dispenser] 05
[T+6659721180us][CH2-Pc    ] 05
[T+6659896181us][CH1-Dispenser] 06
[T+6659896319us][CH2-Pc    ] 06
[T+6660070205us][CH2-Pc    ] 01
[T+6660078183us][CH1-Dispenser] 01 61
[T+6660148180us][CH2-Pc    ] 02
[T+6660159180us][CH1-Dispenser] 02 92
[T+6660176180us][CH2-Pc    ] 62
[T+6660188208us][CH1-Dispenser] 62 E0 E8 E7 E0 E1 E0
[T+6660254205us][CH2-Pc    ] 03
[T+6660262741us][CH1-Dispenser] 03 63
[T+6660332180us][CH2-Pc    ] 04
[T+6660341218us][CH1-Dispenser] 04 64
[T+6660410181us][CH1-Dispenser] 05
[T+6660410316us][CH2-Pc    ] 05
[T+6660585180us][CH1-Dispenser] 06
[T+6660585316us][CH2-Pc    ] 06
[T+6660760180us][CH2-Pc    ] 01
[T+6660767180us][CH1-Dispenser] 01 61
[T+6660838180us][CH2-Pc    ] 02
[T+6660846185us][CH1-Dispenser] 02 92
[T+6660865180us][CH2-Pc    ] 62
[T+6660881180us][CH1-Dispenser] 62 E2 E0 E8 E0 E1 E0
[T+6660955180us][CH2-Pc    ] 03
[T+6660961789us][CH1-Dispenser] 03 63
[T+6661033204us][CH2-Pc    ] 04
[T+6661040217us][CH1-Dispenser] 04 64
[T+6661112180us][CH1-Dispenser] 05
[T+6661112316us][CH2-Pc    ] 05
[T+6661286181us][CH1-Dispenser] 06
[T+6661286316us][CH2-Pc    ] 06
[T+6661464180us][CH2-Pc    ] 01
[T+6661472180us][CH1-Dispenser] 01 61
[T+6661541204us][CH2-Pc    ] 02
[T+6661548180us][CH1-Dispenser] 02 92
[T+6661568180us][CH2-Pc    ] 62
[T+6661584180us][CH1-Dispenser] 62 E5 E3 E8 E0 E1 E0
[T+6661680205us][CH2-Pc    ] 03
[T+6661685771us][CH1-Dispenser] 03 73
[T+6661707180us][CH2-Pc    ] 23
[T+6661716204us][CH1-Dispenser] 23 D3
[T+6661729313us][CH1-Dispenser] FF
[T+6661729180us][CH2-Pc    ] FF
[T+6661741312us][CH1-Dispenser] E9
[T+6661741180us][CH2-Pc    ] E9
[T+6661754313us][CH1-Dispenser] FE
[T+6661754180us][CH2-Pc    ] FE
[T+6661767313us][CH1-Dispenser] E0
[T+6661767180us][CH2-Pc    ] E0
[T+6661779311us][CH1-Dispenser] E1
[T+6661779180us][CH2-Pc    ] E1
[T+6661792311us][CH1-Dispenser] E0
[T+6661792180us][CH2-Pc    ] E0
[T+6661806314us][CH1-Dispenser] FB
[T+6661806181us][CH2-Pc    ] FB
[T+6661818184us][CH1-Dispenser] EE
[T+6661818323us][CH2-Pc    ] EE
[T+6661831210us][CH2-Pc    ] F0
[T+6661858204us][CH1-Dispenser] F0 BA B0 B3 B3 B0 B1 B0 B0 B0 B0 B1 B1 B1 B1 B1 B9 C1 8D 8A
[T+6661922274us][CH2-Pc    ] 04
[T+6661930783us][CH1-Dispenser] 04 64
[T+6662000180us][CH1-Dispenser] 05
[T+6662000313us][CH2-Pc    ] 05
[T+6662175180us][CH1-Dispenser] 06
[T+6662175315us][CH2-Pc    ] 06
[T+6662350180us][CH2-Pc    ] 01
[T+6662356204us][CH1-Dispenser] 01 61
[T+6662428204us][CH2-Pc    ] 02
[T+6662439180us][CH1-Dispenser] 02 92
[T+6662496204us][CH2-Pc    ] 62
[T+6662511204us][CH1-Dispenser] 62 E9 E7 E8 E0 E1 E0
[T+6662585180us][CH2-Pc    ] 03
[T+6662592179us][CH1-Dispenser] 03 73
[T+6662613315us][CH1-Dispenser] 23
[T+6662613180us][CH2-Pc    ] 23
[T+6662634181us][CH1-Dispenser] D3 FF
[T+6662634309us][CH2-Pc    ] FF
[T+6662648324us][CH1-Dispenser] E9
[T+6662648185us][CH2-Pc    ] E9
[T+6662659356us][CH1-Dispenser] FE
[T+6662659213us][CH2-Pc    ] FE
[T+6662672313us][CH1-Dispenser] E0
[T+6662672180us][CH2-Pc    ] E0
[T+6662685311us][CH1-Dispenser] E1
[T+6662685180us][CH2-Pc    ] E1
[T+6662697312us][CH1-Dispenser] E0
[T+6662697181us][CH2-Pc    ] E0
[T+6662710313us][CH1-Dispenser] FB
[T+6662710180us][CH2-Pc    ] FB
[T+6662723313us][CH1-Dispenser] EE
[T+6662723180us][CH2-Pc    ] EE
[T+6662735180us][CH2-Pc    ] F0
[T+6662766180us][CH1-Dispenser] F0 BA B0 B3 B3 B0 B1 B0 B0 B0 B0 B1 B1 B1 B1 B1 B9 C1 8D 8A
[T+6662832205us][CH2-Pc    ] 04
[T+6662840434us][CH1-Dispenser] 04 64
[T+6662910180us][CH1-Dispenser] 05
[T+6662910316us][CH2-Pc    ] 05
[T+6663181181us][CH1-Dispenser] 06
[T+6663181316us][CH2-Pc    ] 06
[T+6663345180us][CH2-Pc    ] 01
[T+6663353180us][CH1-Dispenser] 01 61
[T+6663423180us][CH2-Pc    ] 02
[T+6663432218us][CH1-Dispenser] 02 92
[T+6663448180us][CH2-Pc    ] 62
[T+6663463205us][CH1-Dispenser] 62 E3 E2 E9 E0 E1 E0
[T+6663527180us][CH2-Pc    ] 03
[T+6663536218us][CH1-Dispenser] 03 73
[T+6663555180us][CH2-Pc    ] 23
[T+6663562775us][CH1-Dispenser] 23 D3
[T+6663576318us][CH1-Dispenser] FF
[T+6663576180us][CH2-Pc    ] FF
[T+6663596311us][CH1-Dispenser] E9
[T+6663596180us][CH2-Pc    ] E9
[T+6663608314us][CH1-Dispenser] FE
[T+6663608181us][CH2-Pc    ] FE
[T+6663621316us][CH1-Dispenser] E0
[T+6663621181us][CH2-Pc    ] E0
[T+6663634316us][CH1-Dispenser] E1
[T+6663634181us][CH2-Pc    ] E1
[T+6663646308us][CH1-Dispenser] E0
[T+6663646180us][CH2-Pc    ] E0
[T+6663659311us][CH1-Dispenser] FB
[T+6663659181us][CH2-Pc    ] FB
[T+6663672316us][CH1-Dispenser] EE
[T+6663672181us][CH2-Pc    ] EE
[T+6663685180us][CH2-Pc    ] F0
[T+6663714180us][CH1-Dispenser] F0 BA B0 B3 B3 B0 B1 B0 B0 B0 B0 B1 B1 B1 B1 B1 B9 C1 8D 8A
[T+6663787180us][CH2-Pc    ] 04
[T+6663795185us][CH1-Dispenser] 04 64
[T+6663865180us][CH1-Dispenser] 05
[T+6663865315us][CH2-Pc    ] 05
[T+6664040181us][CH1-Dispenser] 06
[T+6664040315us][CH2-Pc    ] 06
[T+6664205204us][CH2-Pc    ] 01
[T+6664215180us][CH1-Dispenser] 01 61
[T+6664283180us][CH2-Pc    ] 02
[T+6664292205us][CH1-Dispenser] 02 92
[T+6664311180us][CH2-Pc    ] 62
[T+6664323204us][CH1-Dispenser] 62 E6 E5 E9 E0 E1 E0
[T+6664389205us][CH2-Pc    ] 03
[T+6664395204us][CH1-Dispenser] 03 73
[T+6664427181us][CH1-Dispenser] 23 D3 FF
[T+6664427312us][CH2-Pc    ] 23 FF
[T+6664439311us][CH1-Dispenser] E9
[T+6664439181us][CH2-Pc    ] E9
[T+6664452315us][CH1-Dispenser] FE
[T+6664452181us][CH2-Pc    ] FE
[T+6664465315us][CH1-Dispenser] E0
[T+6664465181us][CH2-Pc    ] E0
[T+6664495310us][CH1-Dispenser] E1
[T+6664495180us][CH2-Pc    ] E1
[T+6664509326us][CH1-Dispenser] E0
[T+6664509187us][CH2-Pc    ] E0
[T+6664521325us][CH1-Dispenser] FB
[T+6664521184us][CH2-Pc    ] FB
[T+6664535183us][CH1-Dispenser] EE
[T+6664535322us][CH2-Pc    ] EE
[T+6664546181us][CH2-Pc    ] F0
[T+6664573204us][CH1-Dispenser] F0 BA B0 B3 B3 B0 B1 B0 B0 B0 B0 B1 B1 B1 B1 B1 B9 C1 8D 8A
[T+6664638180us][CH2-Pc    ] 04
[T+6664646815us][CH1-Dispenser] 04 64
[T+6664716180us][CH1-Dispenser] 05
[T+6664716314us][CH2-Pc    ] 05
[T+6664891181us][CH1-Dispenser] 06
[T+6664891316us][CH2-Pc    ] 06
[T+6665066180us][CH2-Pc    ] 01
[T+6665073812us][CH1-Dispenser] 01 61
[T+6665144183us][CH2-Pc    ] 02
[T+6665152180us][CH1-Dispenser] 02 92
[T+6665172180us][CH2-Pc    ] 62
[T+6665183180us][CH1-Dispenser] 62 E0 E0 E0 E1 E1 E0
[T+6665251180us][CH2-Pc    ] 03
[T+6665257179us][CH1-Dispenser] 03 73
[T+6665278204us][CH2-Pc    ] 23
[T+6665285180us][CH1-Dispenser] 23 D3
[T+6665300315us][CH1-Dispenser] FF
[T+6665300180us][CH2-Pc    ] FF
[T+6665313327us][CH1-Dispenser] E9
[T+6665313187us][CH2-Pc    ] E9
[T+6665325321us][CH1-Dispenser] FE
[T+6665325184us][CH2-Pc    ] FE
[T+6665338322us][CH1-Dispenser] E0
[T+6665338184us][CH2-Pc    ] E0
[T+6665358314us][CH1-Dispenser] E1
[T+6665358180us][CH2-Pc    ] E1
[T+6665371313us][CH1-Dispenser] E0
[T+6665371180us][CH2-Pc    ] E0
[T+6665384312us][CH1-Dispenser] FB
[T+6665384181us][CH2-Pc    ] FB
[T+6665397179us][CH1-Dispenser] EE
[T+6665396183us][CH2-Pc    ] EE
[T+6665410188us][CH2-Pc    ] F0
[T+6665438180us][CH1-Dispenser] F0 BA B0 B3 B3 B0 B1 B0 B0 B0 B0 B1 B1 B1 B1 B1 B9 C1 8D 8A
[T+6665511180us][CH2-Pc    ] 04
[T+6665516179us][CH1-Dispenser] 04 64
[T+6665589316us][CH1-Dispenser] 05
[T+6665589180us][CH2-Pc    ] 05
[T+6665774321us][CH1-Dispenser] 06
[T+6665774181us][CH2-Pc    ] 06
[T+6665938180us][CH2-Pc    ] 01
[T+6665948180us][CH1-Dispenser] 01 61
[T+6666017204us][CH2-Pc    ] 02
[T+6666021180us][CH1-Dispenser] 02 92
[T+6666044180us][CH2-Pc    ] 62
[T+6666060180us][CH1-Dispenser] 62 E0 E0 E0 E1 E1 E0
[T+6666147205us][CH2-Pc    ] 03
[T+6666156180us][CH1-Dispenser] 03 73
[T+6666193180us][CH2-Pc    ] 23
[T+6666202767us][CH1-Dispenser] 23 D3
[T+6666215180us][CH1-Dispenser] FF
[T+6666215313us][CH2-Pc    ] FF
[T+6666227312us][CH1-Dispenser] E9
[T+6666227180us][CH2-Pc    ] E9
[T+6666240320us][CH1-Dispenser] FE
[T+6666240183us][CH2-Pc    ] FE
[T+6666253316us][CH1-Dispenser] E0
[T+6666253181us][CH2-Pc    ] E0
[T+6666266316us][CH1-Dispenser] E1
[T+6666266181us][CH2-Pc    ] E1
[T+6666278308us][CH1-Dispenser] E0
[T+6666278180us][CH2-Pc    ] E0
[T+6666291312us][CH1-Dispenser] FB
[T+6666291181us][CH2-Pc    ] FB
[T+6666304324us][CH1-Dispenser] EE
[T+6666304185us][CH2-Pc    ] EE
[T+6666316180us][CH2-Pc    ] F0
[T+6666345180us][CH1-Dispenser] F0 BA B0 B3 B3 B0 B1 B0 B0 B0 B0 B1 B1 B1 B1 B1 B9 C1 8D 8A
[T+6666418180us][CH2-Pc    ] 04
[T+6666426375us][CH1-Dispenser] 04 64
[T+6666496314us][CH1-Dispenser] 05
[T+6666496180us][CH2-Pc    ] 05
[T+6666682315us][CH1-Dispenser] 06
[T+6666682180us][CH2-Pc    ] 06
[T+6666846180us][CH2-Pc    ] 01
[T+6666853180us][CH1-Dispenser] 01 61
[T+6666924180us][CH2-Pc    ] 02
[T+6666932185us][CH1-Dispenser] 02 92
[T+6666951180us][CH2-Pc    ] 62
[T+6666963217us][CH1-Dispenser] 62 E0 E0 E0 E1 E1 E0
[T+6667029204us][CH2-Pc    ] 03
[T+6667037181us][CH1-Dispenser] 03 73
[T+6667057180us][CH2-Pc    ] 23
[T+6667062179us][CH1-Dispenser] 23 D3
[T+6667078180us][CH1-Dispenser] FF
[T+6667078311us][CH2-Pc    ] FF
[T+6667091314us][CH1-Dispenser] E9
[T+6667091180us][CH2-Pc    ] E9
[T+6667103314us][CH1-Dispenser] FE
[T+6667103181us][CH2-Pc    ] FE
[T+6667116312us][CH1-Dispenser] E0
[T+6667116180us][CH2-Pc    ] E0
[T+6667129314us][CH1-Dispenser] E1
[T+6667129180us][CH2-Pc    ] E1
[T+6667141180us][CH2-Pc    ] E0
[T+6667143327us][CH1-Dispenser] E0
[T+6667154396us][CH1-Dispenser] FB
[T+6667154254us][CH2-Pc    ] FB
[T+6667167183us][CH1-Dispenser] EE
[T+6667167319us][CH2-Pc    ] EE
[T+6667180180us][CH2-Pc    ] F0
[T+6667210205us][CH1-Dispenser] F0 BA B0 B3 B3 B0 B1 B0 B0 B0 B0 B1 B1 B1 B1 B1 B9 C1 8D 8A
[T+6667282205us][CH2-Pc    ] 04
[T+6667285207us][CH1-Dispenser] 04 64
[T+6667349311us][CH1-Dispenser] 05
[T+6667349445us][CH2-Pc    ] 05
[T+6667525180us][CH1-Dispenser] 06
[T+6667525317us][CH2-Pc    ] 06
[T+6667689180us][CH2-Pc    ] 01
[T+6667699180us][CH1-Dispenser] 01 61
[T+6667772179us][CH1-Dispenser] 02 92
[T+6667768204us][CH2-Pc    ] 02
[T+6667795180us][CH2-Pc    ] 62
[T+6667809180us][CH1-Dispenser] 62 E0 E0 E0 E1 E1 E0
[T+6667873180us][CH2-Pc    ] 03
[T+6667882218us][CH1-Dispenser] 03 73
[T+6667900204us][CH2-Pc    ] 23
[T+6667907791us][CH1-Dispenser] 23 D3
[T+6667922984us][CH1-Dispenser] FF
[T+6667922843us][CH2-Pc    ] FF
[T+6667935314us][CH1-Dispenser] E9
[T+6667935181us][CH2-Pc    ] E9
[T+6667948317us][CH1-Dispenser] FE
[T+6667948181us][CH2-Pc    ] FE
[T+6667960314us][CH1-Dispenser] E0
[T+6667960181us][CH2-Pc    ] E0
[T+6667973181us][CH1-Dispenser] E1
[T+6667973314us][CH2-Pc    ] E1
[T+6667985313us][CH1-Dispenser] E0
[T+6667985181us][CH2-Pc    ] E0
[T+6667998315us][CH1-Dispenser] FB
[T+6667998181us][CH2-Pc    ] FB
[T+6668020180us][CH1-Dispenser] EE
[T+6668020312us][CH2-Pc    ] EE
[T+6668032204us][CH2-Pc    ] F0
[T+6668064180us][CH1-Dispenser] F0 BA B0 B3 B3 B0 B1 B0 B0 B0 B0 B1 B1 B1 B1 B1 B9 C1 8D 8A
[T+6668135180us][CH2-Pc    ] 04
[T+6668141833us][CH1-Dispenser] 04 64
[T+6668213317us][CH1-Dispenser] 05
[T+6668213180us][CH2-Pc    ] 05
[T+6668377180us][CH1-Dispenser] 06
[T+6668377319us][CH2-Pc    ] 06
[T+6668553180us][CH2-Pc    ] 01
[T+6668557838us][CH1-Dispenser] 01 61
[T+6668620205us][CH2-Pc    ] 02
[T+6668627180us][CH1-Dispenser] 02 92
[T+6668647180us][CH2-Pc    ] 62
[T+6668660180us][CH1-Dispenser] 62 E0 E0 E0 E1 E1 E0
[T+6668727180us][CH2-Pc    ] 03
[T+6668732179us][CH1-Dispenser] 03 73
[T+6668754180us][CH2-Pc    ] 23
[T+6668761180us][CH1-Dispenser] 23 D3
[T+6668775180us][CH1-Dispenser] FF
[T+6668775319us][CH2-Pc    ] FF
[T+6668788320us][CH1-Dispenser] E9
[T+6668788181us][CH2-Pc    ] E9
[T+6668801314us][CH1-Dispenser] FE
[T+6668801181us][CH2-Pc    ] FE
[T+6668813313us][CH1-Dispenser] E0
[T+6668813181us][CH2-Pc    ] E0
[T+6668826180us][CH1-Dispenser] E1
[T+6668826313us][CH2-Pc    ] E1
[T+6668839312us][CH1-Dispenser] E0
[T+6668839180us][CH2-Pc    ] E0
[T+6668851315us][CH1-Dispenser] FB
[T+6668851181us][CH2-Pc    ] FB
[T+6668864180us][CH1-Dispenser] EE
[T+6668864313us][CH2-Pc    ] EE
[T+6668877180us][CH2-Pc    ] F0
[T+6668903180us][CH1-Dispenser] F0 BA B0 B3 B3 B0 B1 B0 B0 B0 B0 B1 B1 B1 B1 B1 B9 C1 8D 8A
[T+6668969204us][CH2-Pc    ] 04
[T+6668976180us][CH1-Dispenser] 04 64
[T+6669047313us][CH1-Dispenser] 05
[T+6669047180us][CH2-Pc    ] 05
[T+6669222316us][CH1-Dispenser] 06
[T+6669222180us][CH2-Pc    ] 06
[T+6669396204us][CH2-Pc    ] 01
[T+6669405009us][CH1-Dispenser] 01 61
[T+6669475180us][CH2-Pc    ] 02
[T+6669483418us][CH1-Dispenser] 02 92
[T+6669502180us][CH2-Pc    ] 62
[T+6669514205us][CH1-Dispenser] 62 E0 E0 E0 E1 E1 E0
[T+6669580204us][CH2-Pc    ] 03
[T+6669586218us][CH1-Dispenser] 03 73
[T+6669607209us][CH2-Pc    ] 23
[T+6669617180us][CH1-Dispenser] 23 D3
[T+6669629180us][CH1-Dispenser] FF
[T+6669629316us][CH2-Pc    ] FF
[T+6669641308us][CH1-Dispenser] E9
[T+6669641180us][CH2-Pc    ] E9
[T+6669654373us][CH1-Dispenser] FE
[T+6669654242us][CH2-Pc    ] FE
[T+6669667316us][CH1-Dispenser] E0
[T+6669667180us][CH2-Pc    ] E0
[T+6669681180us][CH1-Dispenser] E1
[T+6669680182us][CH2-Pc    ] E1
[T+6669694322us][CH1-Dispenser] E0
[T+6669694183us][CH2-Pc    ] E0
[T+6669707315us][CH1-Dispenser] FB
[T+6669707181us][CH2-Pc    ] FB
[T+6669720180us][CH1-Dispenser] EE
[T+6669720312us][CH2-Pc    ] EE
[T+6669732204us][CH2-Pc    ] F0
[T+6669765204us][CH1-Dispenser] F0 BA B0 B3 B3 B0 B1 B0 B0 B0 B0 B1 B1 B1 B1 B1 B9 C1 8D 8A
[T+6669835180us][CH2-Pc    ] 04
[T+6669840187us][CH1-Dispenser] 04 64
[T+6669913181us][CH1-Dispenser] 05
[T+6669913317us][CH2-Pc    ] 05
[T+6670078181us][CH1-Dispenser] 06
[T+6670078317us][CH2-Pc    ] 06
[T+6670253180us][CH2-Pc    ] 01
[T+6670259204us][CH1-Dispenser] 01 61
[T+6670331205us][CH2-Pc    ] 02
[T+6670340180us][CH1-Dispenser] 02 92
[T+6670358204us][CH2-Pc    ] 62
[T+6670374180us][CH1-Dispenser] 62 E0 E0 E0 E1 E1 E0
[T+6670448180us][CH2-Pc    ] 03
[T+6670457218us][CH1-Dispenser] 03 73
[T+6670475204us][CH2-Pc    ] 23
[T+6670482179us][CH1-Dispenser] 23 D3
[T+6670497313us][CH1-Dispenser] FF
[T+6670497181us][CH2-Pc    ] FF
[T+6670511180us][CH1-Dispenser] E9
[T+6670510183us][CH2-Pc    ] E9
[T+6670523324us][CH1-Dispenser] FE
[T+6670523184us][CH2-Pc    ] FE
[T+6670536183us][CH1-Dispenser] E0
[T+6670536319us][CH2-Pc    ] E0
[T+6670548187us][CH1-Dispenser] E1
[T+6670548324us][CH2-Pc    ] E1
[T+6670561183us][CH1-Dispenser] E0
[T+6670561320us][CH2-Pc    ] E0
[T+6670574323us][CH1-Dispenser] FB
[T+6670574183us][CH2-Pc    ] FB
[T+6670586325us][CH1-Dispenser] EE
[T+6670586188us][CH2-Pc    ] EE
[T+6670598182us][CH1-Dispenser] F0
[T+6670599179us][CH2-Pc    ] F0
[T+6670631180us][CH1-Dispenser] BA B0 B3 B3 B0 B1 B0 B0 B0 B0 B1 B1 B1 B1 B1 B9 C1 8D 8A
[T+6670700204us][CH2-Pc    ] 04
[T+6670707181us][CH1-Dispenser] 04 64
[T+6670778316us][CH1-Dispenser] 05
[T+6670778180us][CH2-Pc    ] 05
[T+6670953314us][CH1-Dispenser] 06
[T+6670953180us][CH2-Pc    ] 06
[T+6671128180us][CH2-Pc    ] 01
[T+6671133179us][CH1-Dispenser] 01 61
[T+6671211204us][CH2-Pc    ] 02
[T+6671218180us][CH1-Dispenser] 02 92
[T+6671238180us][CH2-Pc    ] 62
[T+6671249188us][CH1-Dispenser] 62 E0 E0 E0 E1 E1 E0
[T+6671316180us][CH2-Pc    ] 03
[T+6671322218us][CH1-Dispenser] 03 73
[T+6671344180us][CH2-Pc    ] 23
[T+6671352183us][CH1-Dispenser] 23 D3
[T+6671365398us][CH1-Dispenser] FF
[T+6671365553us][CH2-Pc    ] FF
[T+6671387315us][CH1-Dispenser] E9
[T+6671387181us][CH2-Pc    ] E9
[T+6671403059us][CH1-Dispenser] FE
[T+6671402918us][CH2-Pc    ] FE
[T+6671417321us][CH1-Dispenser] E0
[T+6671417183us][CH2-Pc    ] E0
[T+6671429322us][CH1-Dispenser] E1
[T+6671429183us][CH2-Pc    ] E1
[T+6671441311us][CH1-Dispenser] E0
[T+6671441180us][CH2-Pc    ] E0
[T+6671454312us][CH1-Dispenser] FB
[T+6671454181us][CH2-Pc    ] FB
[T+6671467581us][CH1-Dispenser] EE
[T+6671467427us][CH2-Pc    ] EE
[T+6671479316us][CH1-Dispenser] F0
[T+6671479181us][CH2-Pc    ] F0
[T+6671512204us][CH1-Dispenser] BA B0 B3 B3 B0 B1 B0 B0 B0 B0 B1 B1 B1 B1 B1 B9 C1 8D 8A
[T+6671581204us][CH2-Pc    ] 04
[T+6671588180us][CH1-Dispenser] 04 64
[T+6671659319us][CH1-Dispenser] 05
[T+6671659180us][CH2-Pc    ] 05
[T+6671834315us][CH1-Dispenser] 06
[T+6671834180us][CH2-Pc    ] 06
[T+6672009180us][CH2-Pc    ] 01
[T+6672019180us][CH1-Dispenser] 01 61
[T+6672087180us][CH2-Pc    ] 02
[T+6672092179us][CH1-Dispenser] 02 92
[T+6672115180us][CH2-Pc    ] 62
[T+6672129180us][CH1-Dispenser] 62 E0 E0 E0 E1 E1 E0
[T+6672193180us][CH2-Pc    ] 03
[T+6672203180us][CH1-Dispenser] 03 73
[T+6672221204us][CH2-Pc    ] 23
[T+6672226179us][CH1-Dispenser] 23 D3
[T+6672242872us][CH1-Dispenser] FF
[T+6672242737us][CH2-Pc    ] FF
[T+6672255312us][CH1-Dispenser] E9
[T+6672255180us][CH2-Pc    ] E9
[T+6672267321us][CH1-Dispenser] FE
[T+6672267181us][CH2-Pc    ] FE
[T+6672280308us][CH1-Dispenser] E0
[T+6672280180us][CH2-Pc    ] E0
[T+6672293180us][CH1-Dispenser] E1
[T+6672293313us][CH2-Pc    ] E1
[T+6672307188us][CH1-Dispenser] E0
[T+6672307329us][CH2-Pc    ] E0
[T+6672318649us][CH1-Dispenser] FB
[T+6672318509us][CH2-Pc    ] FB
[T+6672331312us][CH1-Dispenser] EE
[T+6672331180us][CH2-Pc    ] EE
[T+6672344180us][CH2-Pc    ] F0
[T+6672374204us][CH1-Dispenser] F0 BA B0 B3 B3 B0 B1 B0 B0 B0 B0 B1 B1 B1 B1 B1 B9 C1 8D 8A
[T+6672446204us][CH2-Pc    ] 04
[T+6672453181us][CH1-Dispenser] 04 64
[T+6672524313us][CH1-Dispenser] 05
[T+6672524180us][CH2-Pc    ] 05
[T+6672688316us][CH1-Dispenser] 06
[T+6672688181us][CH2-Pc    ] 06
[T+6672863180us][CH2-Pc    ] 01
[T+6672870179us][CH1-Dispenser] 01 61
[T+6672941180us][CH2-Pc    ] 02
[T+6672949187us][CH1-Dispenser] 02 92
[T+6672969180us][CH2-Pc    ] 62
[T+6672983213us][CH1-Dispenser] 62 E0 E0 E0 E1 E1 E0
[T+6673048180us][CH2-Pc    ] 03
[T+6673059180us][CH1-Dispenser] 03 73
[T+6673075180us][CH2-Pc    ] 23
[T+6673082840us][CH1-Dispenser] 23 D3
[T+6673097180us][CH1-Dispenser] FF
[T+6673097318us][CH2-Pc    ] FF
[T+6673109608us][CH1-Dispenser] E9
[T+6673109467us][CH2-Pc    ] E9
[T+6673122311us][CH1-Dispenser] FE
[T+6673122180us][CH2-Pc    ] FE
[T+6673135318us][CH1-Dispenser] E0
[T+6673135183us][CH2-Pc    ] E0
[T+6673149186us][CH1-Dispenser] E1
[T+6673149325us][CH2-Pc    ] E1
[T+6673161321us][CH1-Dispenser] E0
[T+6673161183us][CH2-Pc    ] E0
[T+6673174313us][CH1-Dispenser] FB
[T+6673174180us][CH2-Pc    ] FB
[T+6673186459us][CH1-Dispenser] EE
[T+6673186180us][CH2-Pc    ] EE
[T+6673199180us][CH2-Pc    ] F0
[T+6673230180us][CH1-Dispenser] F0 BA B0 B3 B3 B0 B1 B0 B0 B0 B0 B1 B1 B1 B1 B1 B9 C1 8D 8A
[T+6673301180us][CH2-Pc    ] 04
[T+6673307858us][CH1-Dispenser] 04 64
[T+6673371180us][CH1-Dispenser] 05
[T+6673371318us][CH2-Pc    ] 05
[T+6673547180us][CH1-Dispenser] 06
[T+6673547315us][CH2-Pc    ] 06
[T+6673721204us][CH2-Pc    ] 01
[T+6673730218us][CH1-Dispenser] 01 61
[T+6673800180us][CH2-Pc    ] 02
[T+6673809212us][CH1-Dispenser] 02 92
[T+6673827204us][CH2-Pc    ] 62
[T+6673840180us][CH1-Dispenser] 62 E0 E0 E0 E1 E1 E0
[T+6673905180us][CH2-Pc    ] 03
[T+6673915180us][CH1-Dispenser] 03 73
[T+6673932180us][CH2-Pc    ] 23
[T+6673941206us][CH1-Dispenser] 23 D3
[T+6673954180us][CH1-Dispenser] FF
[T+6673954315us][CH2-Pc    ] FF
[T+6673967309us][CH1-Dispenser] E9
[T+6673967181us][CH2-Pc    ] E9
[T+6673980179us][CH1-Dispenser] FE
[T+6673979182us][CH2-Pc    ] FE
[T+6673992333us][CH1-Dispenser] E0
[T+6673992186us][CH2-Pc    ] E0
[T+6674005184us][CH1-Dispenser] E1
[T+6674005325us][CH2-Pc    ] E1
[T+6674018322us][CH1-Dispenser] E0
[T+6674018184us][CH2-Pc    ] E0
[T+6674031319us][CH1-Dispenser] FB
[T+6674031183us][CH2-Pc    ] FB
[T+6674044099us][CH1-Dispenser] EE
[T+6674043187us][CH2-Pc    ] EE
[T+6674056183us][CH2-Pc    ] F0
[T+6674084180us][CH1-Dispenser] F0 BA B0 B3 B3 B0 B1 B0 B0 B0 B0 B1 B1 B1 B1 B1 B9 C1 8D 8A
[T+6674157180us][CH2-Pc    ] 04
[T+6674163218us][CH1-Dispenser] 04 64
[T+6674235180us][CH1-Dispenser] 05
[T+6674235315us][CH2-Pc    ] 05
[T+6674410316us][CH1-Dispenser] 06
[T+6674410181us][CH2-Pc    ] 06
[T+6674585180us][CH2-Pc    ] 01
[T+6674595180us][CH1-Dispenser] 01 61
[T+6674667179us][CH1-Dispenser] 02 92
[T+6674663180us][CH2-Pc    ] 02
[T+6674680180us][CH2-Pc    ] 62
[T+6674694180us][CH1-Dispenser] 62 E0 E0 E0 E1 E1 E0
[T+6674768180us][CH2-Pc    ] 03
[T+6674778180us][CH1-Dispenser] 03 73
[T+6674796204us][CH2-Pc    ] 23
[T+6674801179us][CH1-Dispenser] 23 D3
[T+6674817180us][CH1-Dispenser] FF
[T+6674817314us][CH2-Pc    ] FF
[T+6674831320us][CH1-Dispenser] E9
[T+6674831182us][CH2-Pc    ] E9
[T+6674843608us][CH1-Dispenser] FE
[T+6674843443us][CH2-Pc    ] FE
[T+6674855313us][CH1-Dispenser] E0
[T+6674855180us][CH2-Pc    ] E0
[T+6674868181us][CH1-Dispenser] E1
[T+6674868313us][CH2-Pc    ] E1
[T+6674881312us][CH1-Dispenser] E0
[T+6674881180us][CH2-Pc    ] E0
[T+6674893315us][CH1-Dispenser] FB
[T+6674893181us][CH2-Pc    ] FB
[T+6674906314us][CH1-Dispenser] EE
[T+6674906181us][CH2-Pc    ] EE
[T+6674919180us][CH2-Pc    ] F0
[T+6674949204us][CH1-Dispenser] F0 BA B0 B3 B3 B0 B1 B0 B0 B0 B0 B1 B1 B1 B1 B1 B9 C1 8D 8A
[T+6675020180us][CH2-Pc    ] 04
[T+6675026826us][CH1-Dispenser] 04 64
[T+6675098180us][CH1-Dispenser] 05
[T+6675098319us][CH2-Pc    ] 05
[T+6675273315us][CH1-Dispenser] 06
[T+6675273180us][CH2-Pc    ] 06
[T+6675437180us][CH2-Pc    ] 01
[T+6675443218us][CH1-Dispenser] 01 61
[T+6675515204us][CH2-Pc    ] 02
[T+6675524206us][CH1-Dispenser] 02 92
[T+6675543180us][CH2-Pc    ] 62
[T+6675555206us][CH1-Dispenser] 62 E0 E0 E0 E1 E1 E0
[T+6675622180us][CH2-Pc    ] 03
[T+6675626179us][CH1-Dispenser] 03 73
[T+6675639180us][CH2-Pc    ] 23
[T+6675646180us][CH1-Dispenser] 23 D3
[T+6675660181us][CH1-Dispenser] FF
[T+6675660315us][CH2-Pc    ] FF
[T+6675681313us][CH1-Dispenser] E9
[T+6675681180us][CH2-Pc    ] E9
[T+6675703312us][CH1-Dispenser] FE
[T+6675703180us][CH2-Pc    ] FE
[T+6675716320us][CH1-Dispenser] E0
[T+6675716184us][CH2-Pc    ] E0
[T+6675729181us][CH1-Dispenser] E1
[T+6675729317us][CH2-Pc    ] E1
[T+6675741184us][CH1-Dispenser] E0
[T+6675741324us][CH2-Pc    ] E0
[T+6675754322us][CH1-Dispenser] FB
[T+6675754183us][CH2-Pc    ] FB
[T+6675766187us][CH1-Dispenser] EE
[T+6675766320us][CH2-Pc    ] EE
[T+6675779180us][CH2-Pc    ] F0
[T+6675810180us][CH1-Dispenser] F0 BA B0 B3 B3 B0 B1 B0 B0 B0 B0 B1 B1 B1 B1 B1 B9 C1 8D 8A
[T+6675882205us][CH2-Pc    ] 04
[T+6675886179us][CH1-Dispenser] 04 64
[T+6675949315us][CH1-Dispenser] 05
[T+6675949181us][CH2-Pc    ] 05
[T+6676135180us][CH1-Dispenser] 06
[T+6676135318us][CH2-Pc    ] 06
[T+6676299180us][CH2-Pc    ] 01
[T+6676308204us][CH1-Dispenser] 01 61
[T+6676377204us][CH2-Pc    ] 02
[T+6676382822us][CH1-Dispenser] 02 92
[T+6676409204us][CH2-Pc    ] 62
[T+6676426180us][CH1-Dispenser] 62 E0 E0 E0 E1 E1 E0
[T+6676498205us][CH2-Pc    ] 03
[T+6676507218us][CH1-Dispenser] 03 73
[T+6676525204us][CH2-Pc    ] 23
[T+6676532179us][CH1-Dispenser] 23 D3
[T+6676547180us][CH1-Dispenser] FF
[T+6676547308us][CH2-Pc    ] FF
[T+6676559186us][CH1-Dispenser] E9
[T+6676559324us][CH2-Pc    ] E9
[T+6676572184us][CH1-Dispenser] FE
[T+6676572324us][CH2-Pc    ] FE
[T+6676585320us][CH1-Dispenser] E0
[T+6676585183us][CH2-Pc    ] E0
[T+6676597180us][CH1-Dispenser] E1
[T+6676597311us][CH2-Pc    ] E1
[T+6676610314us][CH1-Dispenser] E0
[T+6676610181us][CH2-Pc    ] E0
[T+6676623346us][CH1-Dispenser] FB
[T+6676623210us][CH2-Pc    ] FB
[T+6676636313us][CH1-Dispenser] EE
[T+6676636180us][CH2-Pc    ] EE
[T+6676648204us][CH2-Pc    ] F0
[T+6676679180us][CH1-Dispenser] F0 BA B0 B3 B3 B0 B1 B0 B0 B0 B0 B1 B1 B1 B1 B1 B9 C1 8D 8A
[T+6676750180us][CH2-Pc    ] 04
[T+6676756815us][CH1-Dispenser] 04 64
[T+6676828181us][CH1-Dispenser] 05
[T+6676828316us][CH2-Pc    ] 05
[T+6677003314us][CH1-Dispenser] 06
[T+6677003180us][CH2-Pc    ] 06
[T+6677177204us][CH2-Pc    ] 01
[T+6677184180us][CH1-Dispenser] 01 61
[T+6677256204us][CH2-Pc    ] 02
[T+6677262218us][CH1-Dispenser] 02 92
[T+6677283214us][CH2-Pc    ] 62
[T+6677295204us][CH1-Dispenser] 62 E0 E0 E0 E1 E1 E0
[T+6677361204us][CH2-Pc    ] 03
[T+6677367203us][CH1-Dispenser] 03 73
[T+6677389180us][CH2-Pc    ] 23
[T+6677397187us][CH1-Dispenser] 23 D3
[T+6677410315us][CH1-Dispenser] FF
[T+6677410180us][CH2-Pc    ] FF
[T+6677423314us][CH1-Dispenser] E9
[T+6677423180us][CH2-Pc    ] E9
[T+6677435323us][CH1-Dispenser] FE
[T+6677435186us][CH2-Pc    ] FE
[T+6677448319us][CH1-Dispenser] E0
[T+6677448184us][CH2-Pc    ] E0
[T+6677461182us][CH1-Dispenser] E1
[T+6677461313us][CH2-Pc    ] E1
[T+6677473316us][CH1-Dispenser] E0
[T+6677473182us][CH2-Pc    ] E0
[T+6677486314us][CH1-Dispenser] FB
[T+6677486181us][CH2-Pc    ] FB
[T+6677499320us][CH1-Dispenser] EE
[T+6677499180us][CH2-Pc    ] EE
[T+6677511205us][CH2-Pc    ] F0
[T+6677540180us][CH1-Dispenser] F0 BA B0 B3 B3 B0 B1 B0 B0 B0 B0 B1 B1 B1 B1 B1 B9 C1 8D 8A
[T+6677614180us][CH2-Pc    ] 04
[T+6677625180us][CH1-Dispenser] 04 64
[T+6677691180us][CH1-Dispenser] 05
[T+6677691317us][CH2-Pc    ] 05
[T+6677866317us][CH1-Dispenser] 06
[T+6677866181us][CH2-Pc    ] 06
[T+6678041180us][CH2-Pc    ] 01
[T+6678048179us][CH1-Dispenser] 01 61
[T+6678119180us][CH2-Pc    ] 02
[T+6678127187us][CH1-Dispenser] 02 92
[T+6678146180us][CH2-Pc    ] 62
[T+6678160180us][CH1-Dispenser] 62 E0 E0 E0 E1 E1 E0
[T+6678225180us][CH2-Pc    ] 03
[T+6678232180us][CH1-Dispenser] 03 73
[T+6678253205us][CH2-Pc    ] 23
[T+6678262204us][CH1-Dispenser] 23 D3
[T+6678274180us][CH1-Dispenser] FF
[T+6678274319us][CH2-Pc    ] FF
[T+6678287312us][CH1-Dispenser] E9
[T+6678287180us][CH2-Pc    ] E9
[T+6678299311us][CH1-Dispenser] FE
[T+6678299180us][CH2-Pc    ] FE
[T+6678313324us][CH1-Dispenser] E0
[T+6678313183us][CH2-Pc    ] E0
[T+6678325325us][CH1-Dispenser] E1
[T+6678325185us][CH2-Pc    ] E1
[T+6678338317us][CH1-Dispenser] E0
[T+6678338183us][CH2-Pc    ] E0
[T+6678350312us][CH1-Dispenser] FB
[T+6678350180us][CH2-Pc    ] FB
[T+6678363187us][CH1-Dispenser] EE
[T+6678363327us][CH2-Pc    ] EE
[T+6678376180us][CH2-Pc    ] F0
[T+6678405181us][CH1-Dispenser] F0 BA B0 B3 B3 B0 B1 B0 B0 B0 B0 B1 B1 B1 B1 B1 B9 C1 8D 8A
[T+6678484180us][CH2-Pc    ] 04
[T+6678491406us][CH1-Dispenser] 04 64
[T+6678562180us][CH1-Dispenser] 05
[T+6678563179us][CH2-Pc    ] 05
[T+6678737316us][CH1-Dispenser] 06
[T+6678737180us][CH2-Pc    ] 06
[T+6678909204us][CH2-Pc    ] 01
[T+6678917807us][CH1-Dispenser] 01 61
[T+6678987180us][CH2-Pc    ] 02
[T+6678993204us][CH1-Dispenser] 02 92
[T+6679014204us][CH2-Pc    ] 62
[T+6679029204us][CH1-Dispenser] 62 E0 E0 E0 E1 E1 E0
[T+6679095204us][CH2-Pc    ] 03
[T+6679102179us][CH1-Dispenser] 03 73
[T+6679123204us][CH2-Pc    ] 23
[T+6679133180us][CH1-Dispenser] 23 D3
[T+6679144187us][CH1-Dispenser] FF
[T+6679144325us][CH2-Pc    ] FF
[T+6679157322us][CH1-Dispenser] E9
[T+6679157184us][CH2-Pc    ] E9
[T+6679170323us][CH1-Dispenser] FE
[T+6679170184us][CH2-Pc    ] FE
[T+6679182316us][CH1-Dispenser] E0
[T+6679182183us][CH2-Pc    ] E0
[T+6679195183us][CH1-Dispenser] E1
[T+6679195317us][CH2-Pc    ] E1
[T+6679208327us][CH1-Dispenser] E0
[T+6679208185us][CH2-Pc    ] E0
[T+6679221321us][CH1-Dispenser] FB
[T+6679221183us][CH2-Pc    ] FB
[T+6679234323us][CH1-Dispenser] EE
[T+6679234183us][CH2-Pc    ] EE
[T+6679246191us][CH2-Pc    ] F0
[T+6679275180us][CH1-Dispenser] F0 BA B0 B3 B3 B0 B1 B0 B0 B0 B0 B1 B1 B1 B1 B1 B9 C1 8D 8A
[T+6679347204us][CH2-Pc    ] 04
[T+6679352187us][CH1-Dispenser] 04 64
[T+6679426180us][CH1-Dispenser] 05
[T+6679427179us][CH2-Pc    ] 05
[T+6679601180us][CH1-Dispenser] 06
[T+6679601316us][CH2-Pc    ] 06
[T+6679766204us][CH2-Pc    ] 01
[T+6679776180us][CH1-Dispenser] 01 61
[T+6679843180us][CH2-Pc    ] 02
[T+6679847179us][CH1-Dispenser] 02 92
[T+6679860180us][CH2-Pc    ] 62
[T+6679877180us][CH1-Dispenser] 62 E0 E0 E0 E1 E1 E0
[T+6679950180us][CH2-Pc    ] 03
[T+6679958180us][CH1-Dispenser] 03 73
[T+6679988318us][CH1-Dispenser] 23 D3 FF
[T+6679988181us][CH2-Pc    ] 23 FF
[T+6680002322us][CH1-Dispenser] E9
[T+6680002183us][CH2-Pc    ] E9
[T+6680014319us][CH1-Dispenser] FE
[T+6680014183us][CH2-Pc    ] FE
[T+6680027312us][CH1-Dispenser] E0
[T+6680027181us][CH2-Pc    ] E0
[T+6680040180us][CH1-Dispenser] E1
[T+6680040313us][CH2-Pc    ] E1
[T+6680052315us][CH1-Dispenser] E0
[T+6680052181us][CH2-Pc    ] E0
[T+6680065452us][CH1-Dispenser] FB
[T+6680065311us][CH2-Pc    ] FB
[T+6680078313us][CH1-Dispenser] EE
[T+6680078181us][CH2-Pc    ] EE
[T+6680090204us][CH2-Pc    ] F0
[T+6680120204us][CH1-Dispenser] F0 BA B0 B3 B3 B0 B1 B0 B0 B0 B0 B1 B1 B1 B1 B1 B9 C1 8D 8A
[T+6680193180us][CH2-Pc    ] 04
[T+6680201181us][CH1-Dispenser] 04 64
[T+6680272181us][CH1-Dispenser] 05
[T+6680272315us][CH2-Pc    ] 05
[T+6680446316us][CH1-Dispenser] 06
[T+6680446181us][CH2-Pc    ] 06
[T+6680610180us][CH2-Pc    ] 01
[T+6680618809us][CH1-Dispenser] 01 61
[T+6680688180us][CH2-Pc    ] 02
[T+6680693179us][CH1-Dispenser] 02 92
[T+6680716180us][CH2-Pc    ] 62
[T+6680730180us][CH1-Dispenser] 62 E0 E0 E0 E1 E1 E0
[T+6680794180us][CH2-Pc    ] 03
[T+6680801180us][CH1-Dispenser] 03 73
[T+6680821180us][CH2-Pc    ] 23
[T+6680826180us][CH1-Dispenser] 23 D3
[T+6680842180us][CH1-Dispenser] FF
[T+6680843181us][CH2-Pc    ] FF
[T+6680855312us][CH1-Dispenser] E9
[T+6680855180us][CH2-Pc    ] E9
[T+6680868317us][CH1-Dispenser] FE
[T+6680868181us][CH2-Pc    ] FE
[T+6680880318us][CH1-Dispenser] E0
[T+6680880181us][CH2-Pc    ] E0
[T+6680893321us][CH1-Dispenser] E1
[T+6680893185us][CH2-Pc    ] E1
[T+6680906315us][CH1-Dispenser] E0
[T+6680906181us][CH2-Pc    ] E0
[T+6680919312us][CH1-Dispenser] FB
[T+6680919180us][CH2-Pc    ] FB
[T+6680931318us][CH1-Dispenser] EE
[T+6680931182us][CH2-Pc    ] EE
[T+6680944180us][CH2-Pc    ] F0
[T+6680974205us][CH1-Dispenser] F0 BA B0 B3 B3 B0 B1 B0 B0 B0 B0 B1 B1 B1 B1 B1 B9 C1 8D 8A
[T+6681047180us][CH2-Pc    ] 04
[T+6681052187us][CH1-Dispenser] 04 64
[T+6681115314us][CH1-Dispenser] 05
[T+6681115180us][CH2-Pc    ] 05
[T+6681290317us][CH1-Dispenser] 06
[T+6681290181us][CH2-Pc    ] 06
[T+6681455204us][CH2-Pc    ] 01
[T+6681463807us][CH1-Dispenser] 01 61
[T+6681533180us][CH2-Pc    ] 02
[T+6681541187us][CH1-Dispenser] 02 92
[T+6681560180us][CH2-Pc    ] 62
[T+6681573180us][CH1-Dispenser] 62 E0 E0 E0 E1 E1 E0
[T+6681638180us][CH2-Pc    ] 03
[T+6681646180us][CH1-Dispenser] 03 73
[T+6681666180us][CH2-Pc    ] 23
[T+6681675208us][CH1-Dispenser] 23 D3
[T+6681687315us][CH1-Dispenser] FF
[T+6681687181us][CH2-Pc    ] FF
[T+6681700312us][CH1-Dispenser] E9
[T+6681700181us][CH2-Pc    ] E9
[T+6681713179us][CH1-Dispenser] FE
[T+6681712180us][CH2-Pc    ] FE
[T+6681725319us][CH1-Dispenser] E0
[T+6681725183us][CH2-Pc    ] E0
[T+6681738180us][CH1-Dispenser] E1
[T+6681738313us][CH2-Pc    ] E1
[T+6681751315us][CH1-Dispenser] E0
[T+6681751180us][CH2-Pc    ] E0
[T+6681763309us][CH1-Dispenser] FB
[T+6681763181us][CH2-Pc    ] FB
[T+6681776180us][CH1-Dispenser] EE
[T+6681776311us][CH2-Pc    ] EE
[T+6681789180us][CH2-Pc    ] F0
[T+6681819205us][CH1-Dispenser] F0 BA B0 B3 B3 B0 B1 B0 B0 B0 B0 B1 B1 B1 B1 B1 B9 C1 8D 8A
[T+6681891211us][CH2-Pc    ] 04
[T+6681897203us][CH1-Dispenser] 04 64
[T+6681969313us][CH1-Dispenser] 05
[T+6681969180us][CH2-Pc    ] 05
[T+6682144180us][CH1-Dispenser] 06
[T+6682144315us][CH2-Pc    ] 06
[T+6682321206us][CH2-Pc    ] 01
[T+6682329180us][CH1-Dispenser] 01 61
[T+6682399180us][CH2-Pc    ] 02
[T+6682410180us][CH1-Dispenser] 02 92
[T+6682433180us][CH2-Pc    ] 62
[T+6682445180us][CH1-Dispenser] 62 E0 E0 E0 E1 E1 E0
[T+6682512180us][CH2-Pc    ] 03
[T+6682518218us][CH1-Dispenser] 03 73
[T+6682540180us][CH2-Pc    ] 23
[T+6682547179us][CH1-Dispenser] 23 D3
[T+6682561311us][CH1-Dispenser] FF
[T+6682561180us][CH2-Pc    ] FF
[T+6682574315us][CH1-Dispenser] E9
[T+6682574180us][CH2-Pc    ] E9
[T+6682587179us][CH1-Dispenser] FE
[T+6682586180us][CH2-Pc    ] FE
[T+6682599308us][CH1-Dispenser] E0
[T+6682599180us][CH2-Pc    ] E0
[T+6682612313us][CH1-Dispenser] E1
[T+6682612180us][CH2-Pc    ] E1
[T+6682625499us][CH1-Dispenser] E0
[T+6682625359us][CH2-Pc    ] E0
[T+6682637322us][CH1-Dispenser] FB
[T+6682637184us][CH2-Pc    ] FB
[T+6682651179us][CH1-Dispenser] EE
[T+6682650182us][CH2-Pc    ] EE
[T+6682663204us][CH2-Pc    ] F0
[T+6682689180us][CH1-Dispenser] F0 BA B0 B3 B3 B0 B1 B0 B0 B0 B0 B1 B1 B1 B1 B1 B9 C1 8D 8A
[T+6682762180us][CH2-Pc    ] 04
[T+6682767819us][CH1-Dispenser] 04 64
[T+6682840181us][CH1-Dispenser] 05
[T+6682840315us][CH2-Pc    ] 05
[T+6683015181us][CH1-Dispenser] 06
[T+6683015315us][CH2-Pc    ] 06
[T+6683190317us][CH1-Dispenser] 01
[T+6683190181us][CH2-Pc    ] 01
[T+6683202219us][CH1-Dispenser] 61
[T+6683268204us][CH2-Pc    ] 02
[T+6683273187us][CH1-Dispenser] 02 A2
[T+6683846204us][CH2-Pc    ] 03
[T+6683854823us][CH1-Dispenser] 03 73
[T+6683874180us][CH2-Pc    ] 23
[T+6683882669us][CH1-Dispenser] 23 D3
[T+6683895316us][CH1-Dispenser] FF
[T+6683895180us][CH2-Pc    ] FF
[T+6683908316us][CH1-Dispenser] E9
[T+6683908180us][CH2-Pc    ] E9
[T+6683920309us][CH1-Dispenser] FE
[T+6683920181us][CH2-Pc    ] FE
[T+6683933312us][CH1-Dispenser] E0
[T+6683933180us][CH2-Pc    ] E0
[T+6683947327us][CH1-Dispenser] E1
[T+6683947184us][CH2-Pc    ] E1
[T+6683959322us][CH1-Dispenser] E0
[T+6683959189us][CH2-Pc    ] E0
[T+6683972323us][CH1-Dispenser] FB
[T+6683972184us][CH2-Pc    ] FB
[T+6683984320us][CH1-Dispenser] EE
[T+6683984184us][CH2-Pc    ] EE
[T+6683997180us][CH2-Pc    ] F0
[T+6684026180us][CH1-Dispenser] F0 BA B0 B3 B3 B0 B1 B0 B0 B0 B0 B1 B1 B1 B1 B1 B9 C1 8D 8A
[T+6684098204us][CH2-Pc    ] 04
[T+6684108180us][CH1-Dispenser] 04 64
[T+6684176180us][CH1-Dispenser] 05
[T+6684177179us][CH2-Pc    ] 05
[T+6684352180us][CH1-Dispenser] 06
[T+6684352319us][CH2-Pc    ] 06
[T+6684515180us][CH2-Pc    ] 01
[T+6684524218us][CH1-Dispenser] 01 61
[T+6684593204us][CH2-Pc    ] 02
[T+6684598179us][CH1-Dispenser] 02 62
[T+6685172180us][CH2-Pc    ] 03
[T+6685180180us][CH1-Dispenser] 03 73
[T+6685202457us][CH2-Pc    ] 23
[T+6685208204us][CH1-Dispenser] 23 D3
[T+6685223180us][CH1-Dispenser] FF
[T+6685223314us][CH2-Pc    ] FF
[T+6685236318us][CH1-Dispenser] E9
[T+6685236183us][CH2-Pc    ] E9
[T+6685249313us][CH1-Dispenser] FE
[T+6685249181us][CH2-Pc    ] FE
[T+6685261315us][CH1-Dispenser] E0
[T+6685261181us][CH2-Pc    ] E0
[T+6685274182us][CH1-Dispenser] E1
[T+6685274317us][CH2-Pc    ] E1
[T+6685287315us][CH1-Dispenser] E0
[T+6685287183us][CH2-Pc    ] E0
[T+6685299308us][CH1-Dispenser] FB
[T+6685299180us][CH2-Pc    ] FB
[T+6685312180us][CH1-Dispenser] EE
[T+6685312312us][CH2-Pc    ] EE
[T+6685325180us][CH2-Pc    ] F0
[T+6685354180us][CH1-Dispenser] F0 BA B0 B3 B3 B0 B1 B0 B0 B0 B0 B1 B1 B1 B1 B1 B9 C1 8D 8A
[T+6685427180us][CH2-Pc    ] 04
[T+6685432179us][CH1-Dispenser] 04 64
[T+6685506316us][CH1-Dispenser] 05
[T+6685506181us][CH2-Pc    ] 05
[T+6685680180us][CH1-Dispenser] 06
[T+6685680316us][CH2-Pc    ] 06
[T+6685844180us][CH2-Pc    ] 01
[T+6685854180us][CH1-Dispenser] 01 61
[T+6685923180us][CH2-Pc    ] 02
[T+6685929204us][CH1-Dispenser] 02 62
[T+6685950180us][CH1-Dispenser] 42
[T+6685950313us][CH2-Pc    ] 42
[T+6686002180us][CH1-Dispenser] FF F1 F8 EB E1 E0 E0 E0 F6 E1 F4 F7 E0 E0 E1 E1 F9 E0 E0 E0 E0 E1 E0 FA E0 E0 E0 E1 E1 E0 FB E7 F0
[T+6686022315us][CH1-Dispenser] 52
[T+6686022180us][CH2-Pc    ] 52
[T+6686152180us][CH1-Dispenser] FF F6 E0 F9 E7 E5 E5 E0 E4 E8 E6 E2 FA E9 E0 E5 E3 E0 E1 E5 E8 F4 E0 E3 E1 E1 F5 E0 E0 E0 E0 F6 E1 F9 E9 E4 E4 E2 E3 E8 E5 E3 FA E9 E9 E6 E2 E2 E7 E4 E8 F4 E0 E0 E1 E1 F5 E0 E0 E0 E0 F6 E2 F9 E6 E7 E8 E9 E5 E4 E9 E9 FA E8 E2 E2 E3 E7 E8 E1 E8 F4 E0 E3 E4 E1 F5 E0 E0 E0 E0 FB E5 F0
[T+6686220180us][CH2-Pc    ] 03
[T+6686227186us][CH1-Dispenser] 03 73
[T+6686248206us][CH2-Pc    ] 23
[T+6686257219us][CH1-Dispenser] 23 D3
[T+6686269312us][CH1-Dispenser] FF
[T+6686269180us][CH2-Pc    ] FF
[T+6686282881us][CH1-Dispenser] E9
[T+6686282742us][CH2-Pc    ] E9
[T+6686296179us][CH1-Dispenser] FE
[T+6686295182us][CH2-Pc    ] FE
[T+6686307821us][CH1-Dispenser] E0
[T+6686307184us][CH2-Pc    ] E0
[T+6686320315us][CH1-Dispenser] E1
[T+6686320183us][CH2-Pc    ] E1
[T+6686333310us][CH1-Dispenser] E0
[T+6686333181us][CH2-Pc    ] E0
[T+6686346321us][CH1-Dispenser] FB
[T+6686346182us][CH2-Pc    ] FB
[T+6686358180us][CH1-Dispenser] EE
[T+6686358313us][CH2-Pc    ] EE
[T+6686371180us][CH2-Pc    ] F0
[T+6686399180us][CH1-Dispenser] F0 BA B0 B3 B3 B0 B1 B0 B0 B0 B0 B1 B1 B1 B1 B1 B9 C1 8D 8A
[T+6686472180us][CH2-Pc    ] 04
[T+6686477179us][CH1-Dispenser] 04 64
[T+6686555318us][CH1-Dispenser] 05
[T+6686555181us][CH2-Pc    ] 05
[T+6686719181us][CH1-Dispenser] 06
[T+6686719317us][CH2-Pc    ] 06
[T+6686894180us][CH2-Pc    ] 01
[T+6686899179us][CH1-Dispenser] 01 61
[T+6686972180us][CH2-Pc    ] 02
[T+6686981189us][CH1-Dispenser] 02 62
[T+6687000315us][CH1-Dispenser] 42
[T+6687000181us][CH2-Pc    ] 42
[T+6687051204us][CH1-Dispenser] FF F1 F8 EB E1 E0 E0 E0 F6 E1 F4 F7 E0 E0 E1 E1 F9 E0 E0 E0 E0 E1 E0 FA E0 E0 E0 E1 E1 E0 FB E7 F0
[T+6687072316us][CH1-Dispenser] 52
[T+6687072180us][CH2-Pc    ] 52
[T+6687201180us][CH1-Dispenser] FF F6 E0 F9 E7 E5 E5 E0 E4 E8 E6 E2 FA E9 E0 E5 E3 E0 E1 E5 E8 F4 E0 E3 E1 E1 F5 E0 E0 E0 E0 F6 E1 F9 E9 E4 E4 E2 E3 E8 E5 E3 FA E9 E9 E6 E2 E2 E7 E4 E8 F4 E0 E0 E1 E1 F5 E0 E0 E0 E0 F6 E2 F9 E6 E7 E8 E9 E5 E4 E9 E9 FA E8 E2 E2 E3 E7 E8 E1 E8 F4 E0 E3 E4 E1 F5 E0 E0 E0 E0 FB E5 F0
[T+6687292180us][CH2-Pc    ] 03
[T+6687297179us][CH1-Dispenser] 03 73
[T+6687319180us][CH2-Pc    ] 23
[T+6687340315us][CH1-Dispenser] 23 D3 FF
[T+6687340181us][CH2-Pc    ] FF
[T+6687362537us][CH1-Dispenser] E9
[T+6687362400us][CH2-Pc    ] E9
[T+6687383313us][CH1-Dispenser] FE
[T+6687383180us][CH2-Pc    ] FE
[T+6687405503us][CH1-Dispenser] E0
[T+6687405367us][CH2-Pc    ] E0
[T+6687426315us][CH1-Dispenser] E1
[T+6687426181us][CH2-Pc    ] E1
[T+6687448313us][CH1-Dispenser] E0
[T+6687448180us][CH2-Pc    ] E0
[T+6687469308us][CH1-Dispenser] FB
[T+6687469180us][CH2-Pc    ] FB
[T+6687491314us][CH1-Dispenser] EE
[T+6687491180us][CH2-Pc    ] EE
[T+6687512204us][CH2-Pc    ] F0
[T+6687540180us][CH1-Dispenser] F0 BA B0 B3 B3 B0 B1 B0 B0 B0 B0 B1 B1 B1 B1 B1 B9 C1 8D 8A
[T+6687613180us][CH2-Pc    ] 04
[T+6687618179us][CH1-Dispenser] 04 64
[T+6687691316us][CH1-Dispenser] 05
[T+6687691180us][CH2-Pc    ] 05
[T+6687866314us][CH1-Dispenser] 06
[T+6687866180us][CH2-Pc    ] 06
[T+6688041180us][CH2-Pc    ] 01
[T+6688048829us][CH1-Dispenser] 01 61
[T+6688119180us][CH2-Pc    ] 02
[T+6688125826us][CH1-Dispenser] 02 62
[T+6688203204us][CH2-Pc    ] 03
[T+6688207782us][CH1-Dispenser] 03 73
[T+6688220180us][CH2-Pc    ] 23
[T+6688228180us][CH1-Dispenser] 23 D3
[T+6688242312us][CH1-Dispenser] FF
[T+6688242181us][CH2-Pc    ] FF
[T+6688265318us][CH1-Dispenser] E9
[T+6688265181us][CH2-Pc    ] E9
[T+6688286317us][CH1-Dispenser] FE
[T+6688286181us][CH2-Pc    ] FE
[T+6688308317us][CH1-Dispenser] E0
[T+6688308181us][CH2-Pc    ] E0
[T+6688330314us][CH1-Dispenser] E1
[T+6688330180us][CH2-Pc    ] E1
[T+6688351316us][CH1-Dispenser] E0
[T+6688351180us][CH2-Pc    ] E0
[T+6688373311us][CH1-Dispenser] FB
[T+6688373180us][CH2-Pc    ] FB
[T+6688394316us][CH1-Dispenser] EE
[T+6688394180us][CH2-Pc    ] EE
[T+6688416180us][CH2-Pc    ] F0
[T+6688445182us][CH1-Dispenser] F0 BA B0 B3 B3 B0 B1 B0 B0 B0 B0 B1 B1 B1 B1 B1 B9 C1 8D 8A
[T+6688515180us][CH2-Pc    ] 04
[T+6688522179us][CH1-Dispenser] 04 64
[T+6688593181us][CH1-Dispenser] 05
[T+6688593316us][CH2-Pc    ] 05
[T+6688769316us][CH1-Dispenser] 06
[T+6688769180us][CH2-Pc    ] 06
[T+6688945180us][CH2-Pc    ] 01
[T+6688954205us][CH1-Dispenser] 01 61
[T+6689028179us][CH1-Dispenser] 02 62
[T+6689024180us][CH2-Pc    ] 02
[T+6689092180us][CH2-Pc    ] 03
[T+6689097179us][CH1-Dispenser] 03 73
[T+6689120180us][CH2-Pc    ] 23
[T+6689127180us][CH1-Dispenser] 23 D3
[T+6689141180us][CH1-Dispenser] FF
[T+6689141309us][CH2-Pc    ] FF
[T+6689164186us][CH1-Dispenser] E9
[T+6689164329us][CH2-Pc    ] E9
[T+6689185314us][CH1-Dispenser] FE
[T+6689185180us][CH2-Pc    ] FE
[T+6689206314us][CH1-Dispenser] E0
[T+6689206180us][CH2-Pc    ] E0
[T+6689228317us][CH1-Dispenser] E1
[T+6689228180us][CH2-Pc    ] E1
[T+6689249314us][CH1-Dispenser] E0
[T+6689249181us][CH2-Pc    ] E0
[T+6689271310us][CH1-Dispenser] FB
[T+6689271181us][CH2-Pc    ] FB
[T+6689294316us][CH1-Dispenser] EE
[T+6689294180us][CH2-Pc    ] EE
[T+6689315204us][CH2-Pc    ] F0
[T+6689345204us][CH1-Dispenser] F0 BA B0 B3 B3 B0 B1 B0 B0 B0 B0 B1 B1 B1 B1 B1 B9 C1 8D 8A
[T+6689417219us][CH2-Pc    ] 04
[T+6689423189us][CH1-Dispenser] 04 64
[T+6689495180us][CH1-Dispenser] 05
[T+6689495315us][CH2-Pc    ] 05
[T+6689680315us][CH1-Dispenser] 06
[T+6689680180us][CH2-Pc    ] 06
[T+6689846180us][CH2-Pc    ] 01
[T+6689853180us][CH1-Dispenser] 01 61
[T+6689936180us][CH2-Pc    ] 02
[T+6689945808us][CH1-Dispenser] 02 62
[T+6690014204us][CH2-Pc    ] 03
[T+6690023187us][CH1-Dispenser] 03 73
[T+6690041204us][CH2-Pc    ] 23
[T+6690048180us][CH1-Dispenser] 23 D3
[T+6690063181us][CH1-Dispenser] FF
[T+6690062470us][CH2-Pc    ] FF
[T+6690084316us][CH1-Dispenser] E9
[T+6690084181us][CH2-Pc    ] E9
[T+6690106312us][CH1-Dispenser] FE
[T+6690106180us][CH2-Pc    ] FE
[T+6690128315us][CH1-Dispenser] E0
[T+6690128180us][CH2-Pc    ] E0
[T+6690150180us][CH1-Dispenser] E1
[T+6690151180us][CH2-Pc    ] E1
[T+6690171309us][CH1-Dispenser] E0
[T+6690171181us][CH2-Pc    ] E0
[T+6690193315us][CH1-Dispenser] FB
[T+6690193181us][CH2-Pc    ] FB
[T+6690214315us][CH1-Dispenser] EE
[T+6690214180us][CH2-Pc    ] EE
[T+6690236180us][CH2-Pc    ] F0
[T+6690264180us][CH1-Dispenser] F0 BA B0 B3 B3 B0 B1 B0 B0 B0 B0 B1 B1 B1 B1 B1 B9 C1 8D 8A
[T+6690335180us][CH2-Pc    ] 04
[T+6690342180us][CH1-Dispenser] 04 64
[T+6690414180us][CH1-Dispenser] 05
[T+6690414315us][CH2-Pc    ] 05
[T+6690578180us][CH1-Dispenser] 06
[T+6690578315us][CH2-Pc    ] 06
[T+6690752205us][CH2-Pc    ] 01
[T+6690763180us][CH1-Dispenser] 01 61
[T+6690831180us][CH2-Pc    ] 02
[T+6690839180us][CH1-Dispenser] 02 62
[T+6690909180us][CH2-Pc    ] 03
[T+6690919358us][CH1-Dispenser] 03 73
[T+6690936180us][CH2-Pc    ] 23
[T+6690942203us][CH1-Dispenser] 23 D3
[T+6690957180us][CH2-Pc    ] FF
[T+6690958179us][CH1-Dispenser] FF
[T+6690970365us][CH1-Dispenser] E9
[T+6690970224us][CH2-Pc    ] E9
[T+6690983313us][CH1-Dispenser] FE
[T+6690983180us][CH2-Pc    ] FE
[T+6690996180us][CH1-Dispenser] E0
[T+6690995180us][CH2-Pc    ] E0
[T+6691008317us][CH1-Dispenser] E1
[T+6691008180us][CH2-Pc    ] E1
[T+6691022378us][CH1-Dispenser] E0
[T+6691021181us][CH2-Pc    ] E0
[T+6691034324us][CH1-Dispenser] FB
[T+6691034184us][CH2-Pc    ] FB
[T+6691056313us][CH1-Dispenser] EE
[T+6691056180us][CH2-Pc    ] EE
[T+6691068204us][CH2-Pc    ] F0
[T+6691097180us][CH1-Dispenser] F0 BA B0 B3 B3 B0 B1 B0 B0 B0 B0 B1 B1 B1 B1 B1 B9 C1 8D 8A
[T+6691169204us][CH2-Pc    ] 04
[T+6691178204us][CH1-Dispenser] 04 64
[T+6691248181us][CH1-Dispenser] 05
[T+6691248315us][CH2-Pc    ] 05
[T+6691422181us][CH1-Dispenser] 06
[T+6691422312us][CH2-Pc    ] 06
[T+6691597180us][CH2-Pc    ] 01
[T+6691605826us][CH1-Dispenser] 01 61
[T+6691675180us][CH2-Pc    ] 02
[T+6691684744us][CH1-Dispenser] 02 62
[T+6691754180us][CH1-Dispenser] 03
[T+6691754315us][CH2-Pc    ] 03
[T+6691766204us][CH1-Dispenser] 73
[T+6691781204us][CH2-Pc    ] 23
[T+6691787835us][CH1-Dispenser] 23 D3
[T+6691802587us][CH1-Dispenser] FF
[T+6691802445us][CH2-Pc    ] FF
[T+6691815314us][CH1-Dispenser] E9
[T+6691815181us][CH2-Pc    ] E9
[T+6691828326us][CH1-Dispenser] FE
[T+6691828185us][CH2-Pc    ] FE
[T+6691840312us][CH1-Dispenser] E0
[T+6691840180us][CH2-Pc    ] E0
[T+6691853182us][CH1-Dispenser] E1
[T+6691853318us][CH2-Pc    ] E1
[T+6691866185us][CH1-Dispenser] E0
[T+6691866324us][CH2-Pc    ] E0
[T+6691878315us][CH1-Dispenser] FB
[T+6691878181us][CH2-Pc    ] FB
[T+6691918180us][CH1-Dispenser] EE
[T+6691918313us][CH2-Pc    ] EE
[T+6691930204us][CH2-Pc    ] F0
[T+6691960205us][CH1-Dispenser] F0 BA B0 B3 B3 B0 B1 B0 B0 B0 B0 B1 B1 B1 B1 B1 B9 C1 8D 8A
[T+6692046180us][CH2-Pc    ] 04
[T+6692052864us][CH1-Dispenser] 04 64
[T+6692156180us][CH1-Dispenser] 05
[T+6692156316us][CH2-Pc    ] 05
[T+6692331180us][CH1-Dispenser] 06
[T+6692331317us][CH2-Pc    ] 06
[T+6692505204us][CH2-Pc    ] 01
[T+6692515180us][CH1-Dispenser] 01 61
[T+6692584180us][CH2-Pc    ] 02
[T+6692588179us][CH1-Dispenser] 02 62
[T+6692662180us][CH2-Pc    ] 03
[T+6692668204us][CH1-Dispenser] 03 73
[T+6692689204us][CH2-Pc    ] 23
[T+6692699180us][CH1-Dispenser] 23 D3
[T+6692711184us][CH1-Dispenser] FF
[T+6692711326us][CH2-Pc    ] FF
[T+6692723184us][CH1-Dispenser] E9
[T+6692723324us][CH2-Pc    ] E9
[T+6692736318us][CH1-Dispenser] FE
[T+6692736183us][CH2-Pc    ] FE
[T+6692748311us][CH1-Dispenser] E0
[T+6692748180us][CH2-Pc    ] E0
[T+6692761352us][CH1-Dispenser] E1
[T+6692761219us][CH2-Pc    ] E1
[T+6692774317us][CH1-Dispenser] E0
[T+6692774181us][CH2-Pc    ] E0
[T+6692787182us][CH1-Dispenser] FB
[T+6692787316us][CH2-Pc    ] FB
[T+6692799322us][CH1-Dispenser] EE
[T+6692799188us][CH2-Pc    ] EE
[T+6692812180us][CH2-Pc    ] F0
[T+6692843180us][CH1-Dispenser] F0 BA B0 B3 B3 B0 B1 B0 B0 B0 B0 B1 B1 B1 B1 B1 B9 C1 8D 8A
[T+6692913180us][CH2-Pc    ] 04
[T+6692922204us][CH1-Dispenser] 04 64
[T+6692992181us][CH1-Dispenser] 05
[T+6692992315us][CH2-Pc    ] 05
[T+6693156322us][CH1-Dispenser] 06
[T+6693156181us][CH2-Pc    ] 06
[T+6693330206us][CH2-Pc    ] 01
[T+6693340180us][CH1-Dispenser] 01 61
[T+6693410180us][CH2-Pc    ] 02
[T+6693419218us][CH1-Dispenser] 02 62
[T+6693489917us][CH2-Pc    ] 03
[T+6693495623us][CH1-Dispenser] 03 73
[T+6693515180us][CH2-Pc    ] 23
[T+6693522180us][CH1-Dispenser] 23 D3
[T+6693537312us][CH1-Dispenser] FF
[T+6693537180us][CH2-Pc    ] FF
[T+6693549316us][CH1-Dispenser] E9
[T+6693549181us][CH2-Pc    ] E9
[T+6693562316us][CH1-Dispenser] FE
[T+6693562182us][CH2-Pc    ] FE
[T+6693583315us][CH1-Dispenser] E0
[T+6693583180us][CH2-Pc    ] E0
[T+6693605321us][CH1-Dispenser] E1
[T+6693605181us][CH2-Pc    ] E1
[T+6693618322us][CH1-Dispenser] E0
[T+6693618184us][CH2-Pc    ] E0
[T+6693630313us][CH1-Dispenser] FB
[T+6693630180us][CH2-Pc    ] FB
[T+6693643310us][CH1-Dispenser] EE
[T+6693643181us][CH2-Pc    ] EE
[T+6693656204us][CH2-Pc    ] F0
[T+6693686180us][CH1-Dispenser] F0 BA B0 B3 B3 B0 B1 B0 B0 B0 B0 B1 B1 B1 B1 B1 B9 C1 8D 8A
[T+6693758205us][CH2-Pc    ] 04
[T+6693762179us][CH1-Dispenser] 04 64
[T+6693826181us][CH1-Dispenser] 05
[T+6693826315us][CH2-Pc    ] 05
[T+6694000180us][CH1-Dispenser] 06
[T+6694000314us][CH2-Pc    ] 06
[T+6694175180us][CH2-Pc    ] 01
[T+6694183187us][CH1-Dispenser] 01 61
[T+6694253180us][CH2-Pc    ] 02
[T+6694261181us][CH1-Dispenser] 02 62
[T+6694332180us][CH2-Pc    ] 03
[T+6694341181us][CH1-Dispenser] 03 73
[T+6694359204us][CH2-Pc    ] 23
[T+6694367180us][CH1-Dispenser] 23 D3
[T+6694380541us][CH1-Dispenser] FF
[T+6694380403us][CH2-Pc    ] FF
[T+6694393311us][CH1-Dispenser] E9
[T+6694393180us][CH2-Pc    ] E9
[T+6694406312us][CH1-Dispenser] FE
[T+6694406180us][CH2-Pc    ] FE
[T+6694418313us][CH1-Dispenser] E0
[T+6694418180us][CH2-Pc    ] E0
[T+6694431180us][CH1-Dispenser] E1
[T+6694431312us][CH2-Pc    ] E1
[T+6694444319us][CH1-Dispenser] E0
[T+6694444183us][CH2-Pc    ] E0
[T+6694456317us][CH1-Dispenser] FB
[T+6694456180us][CH2-Pc    ] FB
[T+6694469181us][CH1-Dispenser] EE
[T+6694469314us][CH2-Pc    ] EE
[T+6694482689us][CH2-Pc    ] F0
[T+6694510180us][CH1-Dispenser] F0 BA B0 B3 B3 B0 B1 B0 B0 B0 B0 B1 B1 B1 B1 B1 B9 C1 8D 8A
[T+6694574180us][CH2-Pc    ] 04
[T+6694582788us][CH1-Dispenser] 04 64
[T+6694652180us][CH1-Dispenser] 05
[T+6694652313us][CH2-Pc    ] 05
[T+6694837316us][CH1-Dispenser] 06
[T+6694837180us][CH2-Pc    ] 06
[T+6695002209us][CH2-Pc    ] 01
[T+6695008849us][CH1-Dispenser] 01 61
[T+6695079180us][CH2-Pc    ] 02
[T+6695086180us][CH1-Dispenser] 02 62
[T+6695158204us][CH2-Pc    ] 03
[T+6695162820us][CH1-Dispenser] 03 73
[T+6695174204us][CH2-Pc    ] 23
[T+6695183209us][CH1-Dispenser] 23 D3
[T+6695196180us][CH1-Dispenser] FF
[T+6695196312us][CH2-Pc    ] FF
[T+6695208324us][CH1-Dispenser] E9
[T+6695208186us][CH2-Pc    ] E9
[T+6695221318us][CH1-Dispenser] FE
[T+6695221184us][CH2-Pc    ] FE
[T+6695234313us][CH1-Dispenser] E0
[T+6695234180us][CH2-Pc    ] E0
[T+6695247180us][CH1-Dispenser] E1
[T+6695247313us][CH2-Pc    ] E1
[T+6695259370us][CH1-Dispenser] E0
[T+6695259186us][CH2-Pc    ] E0
[T+6695281312us][CH1-Dispenser] FB
[T+6695281180us][CH2-Pc    ] FB
[T+6695294325us][CH1-Dispenser] EE
[T+6695294185us][CH2-Pc    ] EE
[T+6695307599us][CH2-Pc    ] F0
[T+6695337205us][CH1-Dispenser] F0 BA B0 B3 B3 B0 B1 B0 B0 B0 B0 B1 B1 B1 B1 B1 B9 C1 8D 8A
[T+6695408180us][CH2-Pc    ] 04
[T+6695412836us][CH1-Dispenser] 04 64
[T+6695477316us][CH1-Dispenser] 05
[T+6695477180us][CH2-Pc    ] 05
[T+6695641319us][CH1-Dispenser] 06
[T+6695641182us][CH2-Pc    ] 06
[T+6695816180us][CH2-Pc    ] 01
[T+6695825218us][CH1-Dispenser] 01 61
[T+6695894205us][CH2-Pc    ] 02
[T+6695899179us][CH1-Dispenser] 02 62
[T+6695972180us][CH2-Pc    ] 03
[T+6695980180us][CH1-Dispenser] 03 73
[T+6695999180us][CH2-Pc    ] 23
[T+6696007235us][CH1-Dispenser] 23 D3
[T+6696021181us][CH1-Dispenser] FF
[T+6696021318us][CH2-Pc    ] FF
[T+6696033313us][CH1-Dispenser] E9
[T+6696033180us][CH2-Pc    ] E9
[T+6696046318us][CH1-Dispenser] FE
[T+6696046182us][CH2-Pc    ] FE
[T+6696059314us][CH1-Dispenser] E0
[T+6696059181us][CH2-Pc    ] E0
[T+6696072181us][CH1-Dispenser] E1
[T+6696072315us][CH2-Pc    ] E1
[T+6696084323us][CH1-Dispenser] E0
[T+6696084185us][CH2-Pc    ] E0
[T+6696097311us][CH1-Dispenser] FB
[T+6696097181us][CH2-Pc    ] FB
[T+6696110311us][CH1-Dispenser] EE
[T+6696110180us][CH2-Pc    ] EE
[T+6696122209us][CH2-Pc    ] F0
[T+6696151180us][CH1-Dispenser] F0 BA B0 B3 B3 B0 B1 B0 B0 B0 B0 B1 B1 B1 B1 B1 B9 C1 8D 8A
[T+6696224220us][CH2-Pc    ] 04
[T+6696233188us][CH1-Dispenser] 04 64
[T+6696303038us][CH1-Dispenser] 05
[T+6696302897us][CH2-Pc    ] 05
[T+6696473330us][CH1-Dispenser] 06
[T+6696473189us][CH2-Pc    ] 06
[T+6696648204us][CH2-Pc    ] 01
[T+6696653186us][CH1-Dispenser] 01 61
[T+6696726180us][CH2-Pc    ] 02
[T+6696735218us][CH1-Dispenser] 02 62
[T+6696804204us][CH2-Pc    ] 03
[T+6696813188us][CH1-Dispenser] 03 73
[T+6696831204us][CH2-Pc    ] 23
[T+6696838189us][CH1-Dispenser] 23 D3
[T+6696853317us][CH1-Dispenser] FF
[T+6696853180us][CH2-Pc    ] FF
[T+6696866325us][CH1-Dispenser] E9
[T+6696866184us][CH2-Pc    ] E9
[T+6696879325us][CH1-Dispenser] FE
[T+6696879185us][CH2-Pc    ] FE
[T+6696892323us][CH1-Dispenser] E0
[T+6696892184us][CH2-Pc    ] E0
[T+6696904326us][CH1-Dispenser] E1
[T+6696904188us][CH2-Pc    ] E1
[T+6696916317us][CH1-Dispenser] E0
[T+6696916180us][CH2-Pc    ] E0
[T+6696929313us][CH1-Dispenser] FB
[T+6696929180us][CH2-Pc    ] FB
[T+6696942185us][CH1-Dispenser] EE
[T+6696942325us][CH2-Pc    ] EE
[T+6696968180us][CH2-Pc    ] F0
[T+6696996180us][CH1-Dispenser] F0 BA B0 B3 B3 B0 B1 B0 B0 B0 B0 B1 B1 B1 B1 B1 B9 C1 8D 8A
[T+6697063180us][CH2-Pc    ] 04
[T+6697068189us][CH1-Dispenser] 04 64
[T+6697141313us][CH1-Dispenser] 05
[T+6697141180us][CH2-Pc    ] 05
[T+6697316181us][CH1-Dispenser] 06
[T+6697316318us][CH2-Pc    ] 06
[T+6697491180us][CH2-Pc    ] 01
[T+6697500205us][CH1-Dispenser] 01 61
[T+6697569205us][CH2-Pc    ] 02
[T+6697574179us][CH1-Dispenser] 02 62
[T+6697647180us][CH2-Pc    ] 03
[T+6697652179us][CH1-Dispenser] 03 73
[T+6697674180us][CH2-Pc    ] 23
[T+6697696181us][CH1-Dispenser] 23 D3 FF
[T+6697696316us][CH2-Pc    ] FF
[T+6697708315us][CH1-Dispenser] E9
[T+6697708181us][CH2-Pc    ] E9
[T+6697721313us][CH1-Dispenser] FE
[T+6697721180us][CH2-Pc    ] FE
[T+6697734314us][CH1-Dispenser] E0
[T+6697734180us][CH2-Pc    ] E0
[T+6697746314us][CH1-Dispenser] E1
[T+6697746180us][CH2-Pc    ] E1
[T+6697759313us][CH1-Dispenser] E0
[T+6697759180us][CH2-Pc    ] E0
[T+6697772313us][CH1-Dispenser] FB
[T+6697772180us][CH2-Pc    ] FB
[T+6697784180us][CH1-Dispenser] EE
[T+6697785179us][CH2-Pc    ] EE
[T+6697797180us][CH2-Pc    ] F0
[T+6697827204us][CH1-Dispenser] F0 BA B0 B3 B3 B0 B1 B0 B0 B0 B0 B1 B1 B1 B1 B1 B9 C1 8D 8A
[T+6697899204us][CH2-Pc    ] 04
[T+6697903830us][CH1-Dispenser] 04 64
[T+6697966180us][CH1-Dispenser] 05
[T+6697966318us][CH2-Pc    ] 05
[T+6698141317us][CH1-Dispenser] 06
[T+6698141181us][CH2-Pc    ] 06
[T+6698316180us][CH2-Pc    ] 01
[T+6698326180us][CH1-Dispenser] 01 61
[T+6698394180us][CH2-Pc    ] 02
[T+6698400179us][CH1-Dispenser] 02 62
[T+6698465180us][CH2-Pc    ] 03
[T+6698474204us][CH1-Dispenser] 03 73
[T+6698497179us][CH1-Dispenser] 23 D3
[T+6698493180us][CH2-Pc    ] 23
[T+6698514312us][CH1-Dispenser] FF
[T+6698514180us][CH2-Pc    ] FF
[T+6698527313us][CH1-Dispenser] E9
[T+6698527180us][CH2-Pc    ] E9
[T+6698539316us][CH1-Dispenser] FE
[T+6698539180us][CH2-Pc    ] FE
[T+6698552312us][CH1-Dispenser] E0
[T+6698552180us][CH2-Pc    ] E0
[T+6698565180us][CH1-Dispenser] E1
[T+6698565314us][CH2-Pc    ] E1
[T+6698578179us][CH1-Dispenser] E0
[T+6698577183us][CH2-Pc    ] E0
[T+6698590325us][CH1-Dispenser] FB
[T+6698590184us][CH2-Pc    ] FB
[T+6698603318us][CH1-Dispenser] EE
[T+6698603183us][CH2-Pc    ] EE
[T+6698616316us][CH1-Dispenser] F0
[T+6698616181us][CH2-Pc    ] F0
[T+6698648180us][CH1-Dispenser] BA B0 B3 B3 B0 B1 B0 B0 B0 B0 B1 B1 B1 B1 B1 B9 C1 8D 8A
[T+6698717205us][CH2-Pc    ] 04
[T+6698722842us][CH1-Dispenser] 04 64
[T+6698795181us][CH1-Dispenser] 05
[T+6698795316us][CH2-Pc    ] 05
[T+6698970181us][CH1-Dispenser] 06
[T+6698970315us][CH2-Pc    ] 06
[T+6699145180us][CH2-Pc    ] 01
[T+6699154218us][CH1-Dispenser] 01 61
[T+6699223204us][CH2-Pc    ] 02
[T+6699228179us][CH1-Dispenser] 02 62
[T+6699301181us][CH2-Pc    ] 03
[T+6699308180us][CH1-Dispenser] 03 73
[T+6699329180us][CH2-Pc    ] 23
[T+6699333179us][CH1-Dispenser] 23 D3
[T+6699350316us][CH1-Dispenser] FF
[T+6699350181us][CH2-Pc    ] FF
[T+6699363320us][CH1-Dispenser] E9
[T+6699363184us][CH2-Pc    ] E9
[T+6699377179us][CH1-Dispenser] FE
[T+6699376180us][CH2-Pc    ] FE
[T+6699389312us][CH1-Dispenser] E0
[T+6699389180us][CH2-Pc    ] E0
[T+6699402315us][CH1-Dispenser] E1
[T+6699402180us][CH2-Pc    ] E1
[T+6699417831us][CH1-Dispenser] E0
[T+6699417182us][CH2-Pc    ] E0
[T+6699429313us][CH1-Dispenser] FB
[T+6699429180us][CH2-Pc    ] FB
[T+6699442316us][CH1-Dispenser] EE
[T+6699442180us][CH2-Pc    ] EE
[T+6699454207us][CH2-Pc    ] F0
[T+6699486180us][CH1-Dispenser] F0 BA B0 B3 B3 B0 B1 B0 B0 B0 B0 B1 B1 B1 B1 B1 B9 C1 8D 8A
[T+6699556180us][CH2-Pc    ] 04
[T+6699564834us][CH1-Dispenser] 04 64
[T+6699634316us][CH1-Dispenser] 05
[T+6699634181us][CH2-Pc    ] 05
[T+6699798182us][CH1-Dispenser] 06
[T+6699798318us][CH2-Pc    ] 06
[T+6699972204us][CH2-Pc    ] 01
[T+6699980183us][CH1-Dispenser] 01 61
[T+6700050180us][CH2-Pc    ] 02
[T+6700061180us][CH1-Dispenser] 02 62
[T+6700128180us][CH2-Pc    ] 03
[T+6700135179us][CH1-Dispenser] 03 73
[T+6700156205us][CH2-Pc    ] 23
[T+6700166180us][CH1-Dispenser] 23 D3
[T+6700177182us][CH1-Dispenser] FF
[T+6700177315us][CH2-Pc    ] FF
[T+6700190320us][CH1-Dispenser] E9
[T+6700190184us][CH2-Pc    ] E9
[T+6700203181us][CH1-Dispenser] FE
[T+6700202365us][CH2-Pc    ] FE
[T+6700215314us][CH1-Dispenser] E0
[T+6700215181us][CH2-Pc    ] E0
[T+6700228315us][CH1-Dispenser] E1
[T+6700228181us][CH2-Pc    ] E1
[T+6700240314us][CH1-Dispenser] E0
[T+6700240181us][CH2-Pc    ] E0
[T+6700253315us][CH1-Dispenser] FB
[T+6700253181us][CH2-Pc    ] FB
[T+6700266181us][CH1-Dispenser] EE
[T+6700266314us][CH2-Pc    ] EE
[T+6700279191us][CH2-Pc    ] F0
[T+6700306204us][CH1-Dispenser] F0 BA B0 B3 B3 B0 B1 B0 B0 B0 B0 B1 B1 B1 B1 B1 B9 C1 8D 8A
[T+6700370180us][CH2-Pc    ] 04
[T+6700380180us][CH1-Dispenser] 04 64
[T+6700448180us][CH1-Dispenser] 05
[T+6700449179us][CH2-Pc    ] 05
[T+6700634322us][CH1-Dispenser] 06
[T+6700634181us][CH2-Pc    ] 06
[T+6700798180us][CH2-Pc    ] 01
[T+6700805180us][CH1-Dispenser] 01 61
[T+6700877205us][CH2-Pc    ] 02
[T+6700884181us][CH1-Dispenser] 02 62
[T+6700955180us][CH2-Pc    ] 03
[T+6700964218us][CH1-Dispenser] 03 73
[T+6700983180us][CH2-Pc    ] 23
[T+6700989204us][CH1-Dispenser] 23 D3
[T+6701004180us][CH1-Dispenser] FF
[T+6701004313us][CH2-Pc    ] FF
[T+6701017316us][CH1-Dispenser] E9
[T+6701017183us][CH2-Pc    ] E9
[T+6701030311us][CH1-Dispenser] FE
[T+6701030181us][CH2-Pc    ] FE
[T+6701042329us][CH1-Dispenser] E0
[T+6701042187us][CH2-Pc    ] E0
[T+6701055184us][CH1-Dispenser] E1
[T+6701055319us][CH2-Pc    ] E1
[T+6701068315us][CH1-Dispenser] E0
[T+6701068180us][CH2-Pc    ] E0
[T+6701080314us][CH1-Dispenser] FB
[T+6701080180us][CH2-Pc    ] FB
[T+6701093180us][CH1-Dispenser] EE
[T+6701093313us][CH2-Pc    ] EE
[T+6701106180us][CH2-Pc    ] F0
[T+6701137180us][CH1-Dispenser] F0 BA B0 B3 B3 B0 B1 B0 B0 B0 B0 B1 B1 B1 B1 B1 B9 C1 8D 8A
[T+6701207180us][CH2-Pc    ] 04
[T+6701214180us][CH1-Dispenser] 04 64
[T+6701285315us][CH1-Dispenser] 05
[T+6701285181us][CH2-Pc    ] 05
[T+6701455317us][CH1-Dispenser] 06
[T+6701455181us][CH2-Pc    ] 06
[T+6701631180us][CH2-Pc    ] 01
[T+6701639180us][CH1-Dispenser] 01 61
[T+6701709180us][CH2-Pc    ] 02
[T+6701715203us][CH1-Dispenser] 02 62
[T+6701787204us][CH2-Pc    ] 03
[T+6701793204us][CH1-Dispenser] 03 73
[T+6701815180us][CH2-Pc    ] 23
[T+6701823261us][CH1-Dispenser] 23 D3
[T+6701836316us][CH1-Dispenser] FF
[T+6701836180us][CH2-Pc    ] FF
[T+6701849312us][CH1-Dispenser] E9
[T+6701849180us][CH2-Pc    ] E9
[T+6701862180us][CH1-Dispenser] FE
[T+6701861456us][CH2-Pc    ] FE
[T+6701874314us][CH1-Dispenser] E0
[T+6701874180us][CH2-Pc    ] E0
[T+6701887316us][CH1-Dispenser] E1
[T+6701887181us][CH2-Pc    ] E1
[T+6701900316us][CH1-Dispenser] E0
[T+6701900181us][CH2-Pc    ] E0
[T+6701913322us][CH1-Dispenser] FB
[T+6701913183us][CH2-Pc    ] FB
[T+6701925311us][CH1-Dispenser] EE
[T+6701925180us][CH2-Pc    ] EE
[T+6701938180us][CH2-Pc    ] F0
[T+6701968204us][CH1-Dispenser] F0 BA B0 B3 B3 B0 B1 B0 B0 B0 B0 B1 B1 B1 B1 B1 B9 C1 8D 8A
[T+6702039180us][CH2-Pc    ] 04
[T+6702049180us][CH1-Dispenser] 04 64
[T+6702117182us][CH1-Dispenser] 05
[T+6702117317us][CH2-Pc    ] 05
[T+6702283316us][CH1-Dispenser] 06
[T+6702283180us][CH2-Pc    ] 06
[T+6702459180us][CH2-Pc    ] 01
[T+6702465188us][CH1-Dispenser] 01 61
[T+6702537204us][CH2-Pc    ] 02
[T+6702544181us][CH1-Dispenser] 02 62
[T+6702615180us][CH2-Pc    ] 03
[T+6702625393us][CH1-Dispenser] 03 73
[T+6702643204us][CH2-Pc    ] 23
[T+6702650787us][CH1-Dispenser] 23 D3
[T+6702664181us][CH1-Dispenser] FF
[T+6702664321us][CH2-Pc    ] FF
[T+6702677324us][CH1-Dispenser] E9
[T+6702677185us][CH2-Pc    ] E9
[T+6702690345us][CH1-Dispenser] FE
[T+6702690207us][CH2-Pc    ] FE
[T+6702703324us][CH1-Dispenser] E0
[T+6702703184us][CH2-Pc    ] E0
[T+6702725312us][CH1-Dispenser] E1 E0
[T+6702725180us][CH2-Pc    ] E1 E0
[T+6702738315us][CH1-Dispenser] FB
[T+6702738180us][CH2-Pc    ] FB
[T+6702751313us][CH1-Dispenser] EE
[T+6702751180us][CH2-Pc    ] EE
[T+6702764180us][CH2-Pc    ] F0
[T+6702791205us][CH1-Dispenser] F0 BA B0 B3 B3 B0 B1 B0 B0 B0 B0 B1 B1 B1 B1 B1 B9 C1 8D 8A
[T+6702856180us][CH2-Pc    ] 04
[T+6702865219us][CH1-Dispenser] 04 64
[T+6702934180us][CH1-Dispenser] 05
[T+6702934314us][CH2-Pc    ] 05
[T+6703109180us][CH1-Dispenser] 06
[T+6703109314us][CH2-Pc    ] 06
[T+6703284180us][CH2-Pc    ] 01
[T+6703290874us][CH1-Dispenser] 01 61
[T+6703363180us][CH2-Pc    ] 02
[T+6703369313us][CH1-Dispenser] 02 62
[T+6703441205us][CH2-Pc    ] 03
[T+6703449812us][CH1-Dispenser] 03 73
[T+6703468180us][CH2-Pc    ] 23
[T+6703474203us][CH1-Dispenser] 23 D3
[T+6703490180us][CH1-Dispenser] FF
[T+6703490312us][CH2-Pc    ] FF
[T+6703502327us][CH1-Dispenser] E9
[T+6703502188us][CH2-Pc    ] E9
[T+6703515328us][CH1-Dispenser] FE
[T+6703515189us][CH2-Pc    ] FE
[T+6703528322us][CH1-Dispenser] E0
[T+6703528183us][CH2-Pc    ] E0
[T+6703540315us][CH1-Dispenser] E1
[T+6703540181us][CH2-Pc    ] E1
[T+6703553324us][CH1-Dispenser] E0
[T+6703553187us][CH2-Pc    ] E0
[T+6703566314us][CH1-Dispenser] FB
[T+6703566181us][CH2-Pc    ] FB
[T+6703578181us][CH1-Dispenser] EE
[T+6703578316us][CH2-Pc    ] EE
[T+6703591180us][CH2-Pc    ] F0
[T+6703620180us][CH1-Dispenser] F0 BA B0 B3 B3 B0 B1 B0 B0 B0 B0 B1 B1 B1 B1 B1 B9 C1 8D 8A
[T+6703694180us][CH2-Pc    ] 04
[T+6703699179us][CH1-Dispenser] 04 64
[T+6703769181us][CH1-Dispenser] 05
[T+6703769315us][CH2-Pc    ] 05
[T+6703944312us][CH1-Dispenser] 06
[T+6703944180us][CH2-Pc    ] 06
[T+6704118206us][CH2-Pc    ] 01
[T+6704126181us][CH1-Dispenser] 01 61
[T+6704196180us][CH2-Pc    ] 02
[T+6704207180us][CH1-Dispenser] 02 62
[T+6704275180us][CH2-Pc    ] 03
[T+6704285724us][CH1-Dispenser] 03 73
[T+6704302180us][CH2-Pc    ] 23
[T+6704310775us][CH1-Dispenser] 23 D3
[T+6704323180us][CH1-Dispenser] FF
[T+6704324179us][CH2-Pc    ] FF
[T+6704336316us][CH1-Dispenser] E9
[T+6704336180us][CH2-Pc    ] E9
[T+6704350327us][CH1-Dispenser] FE
[T+6704350188us][CH2-Pc    ] FE
[T+6704361324us][CH1-Dispenser] E0
[T+6704361184us][CH2-Pc    ] E0
[T+6704374181us][CH1-Dispenser] E1
[T+6704374315us][CH2-Pc    ] E1
[T+6704387312us][CH1-Dispenser] E0
[T+6704387180us][CH2-Pc    ] E0
[T+6704400314us][CH1-Dispenser] FB
[T+6704400180us][CH2-Pc    ] FB
[T+6704412315us][CH1-Dispenser] EE
[T+6704412181us][CH2-Pc    ] EE
[T+6704425180us][CH2-Pc    ] F0
[T+6704456180us][CH1-Dispenser] F0 BA B0 B3 B3 B0 B1 B0 B0 B0 B0 B1 B1 B1 B1 B1 B9 C1 8D 8A
[T+6704527180us][CH2-Pc    ] 04
[T+6704533868us][CH1-Dispenser] 04 64
[T+6704605180us][CH1-Dispenser] 05
[T+6704605313us][CH2-Pc    ] 05
[T+6704790180us][CH1-Dispenser] 06
[T+6704791179us][CH2-Pc    ] 06
[T+6704955181us][CH2-Pc    ] 01
[T+6704961200us][CH1-Dispenser] 01 61
[T+6705032187us][CH2-Pc    ] 02
[T+6705039836us][CH1-Dispenser] 02 62
[T+6705111204us][CH2-Pc    ] 03
[T+6705119180us][CH1-Dispenser] 03 73
[T+6705138180us][CH2-Pc    ] 23
[T+6705144218us][CH1-Dispenser] 23 D3
[T+6705159181us][CH1-Dispenser] FF
[T+6705159317us][CH2-Pc    ] FF
[T+6705176314us][CH1-Dispenser] E9
[T+6705176181us][CH2-Pc    ] E9
[T+6705188322us][CH1-Dispenser] FE
[T+6705188183us][CH2-Pc    ] FE
[T+6705200315us][CH1-Dispenser] E0
[T+6705200181us][CH2-Pc    ] E0
[T+6705213180us][CH1-Dispenser] E1
[T+6705213313us][CH2-Pc    ] E1
[T+6705226312us][CH1-Dispenser] E0
[T+6705226180us][CH2-Pc    ] E0
[T+6705238320us][CH1-Dispenser] FB
[T+6705238181us][CH2-Pc    ] FB
[T+6705251314us][CH1-Dispenser] EE
[T+6705251180us][CH2-Pc    ] EE
[T+6705264180us][CH2-Pc    ] F0
[T+6705294204us][CH1-Dispenser] F0 BA B0 B3 B3 B0 B1 B0 B0 B0 B0 B1 B1 B1 B1 B1 B9 C1 8D 8A
[T+6705365180us][CH2-Pc    ] 04
[T+6705373819us][CH1-Dispenser] 04 64
[T+6705444185us][CH1-Dispenser] 05
[T+6705444366us][CH2-Pc    ] 05
[T+6705618180us][CH1-Dispenser] 06
[T+6705618314us][CH2-Pc    ] 06
[T+6705782180us][CH2-Pc    ] 01
[T+6705791218us][CH1-Dispenser] 01 61
[T+6705860204us][CH2-Pc    ] 02
[T+6705865179us][CH1-Dispenser] 02 62
[T+6705928205us][CH2-Pc    ] 03
[T+6705933179us][CH1-Dispenser] 03 73
[T+6705955182us][CH2-Pc    ] 23
[T+6705964213us][CH1-Dispenser] 23 D3
[T+6705977325us][CH1-Dispenser] FF
[T+6705977183us][CH2-Pc    ] FF
[T+6705989313us][CH1-Dispenser] E9
[T+6705989180us][CH2-Pc    ] E9
[T+6706002317us][CH1-Dispenser] FE
[T+6706002181us][CH2-Pc    ] FE
[T+6706015311us][CH1-Dispenser] E0
[T+6706015181us][CH2-Pc    ] E0
[T+6706027187us][CH1-Dispenser] E1
[T+6706028179us][CH2-Pc    ] E1
[T+6706040317us][CH1-Dispenser] E0
[T+6706040183us][CH2-Pc    ] E0
[T+6706053323us][CH1-Dispenser] FB
[T+6706053184us][CH2-Pc    ] FB
[T+6706066185us][CH1-Dispenser] EE
[T+6706066323us][CH2-Pc    ] EE
[T+6706078630us][CH2-Pc    ] F0
[T+6706106180us][CH1-Dispenser] F0 BA B0 B3 B3 B0 B1 B0 B0 B0 B0 B1 B1 B1 B1 B1 B9 C1 8D 8A
[T+6706182180us][CH2-Pc    ] 04
[T+6706192180us][CH1-Dispenser] 04 64
[T+6706260315us][CH1-Dispenser] 05
[T+6706260180us][CH2-Pc    ] 05
[T+6706445181us][CH1-Dispenser] 06
[T+6706445316us][CH2-Pc    ] 06
[T+6706609180us][CH2-Pc    ] 01
[T+6706614825us][CH1-Dispenser] 01 61
[T+6706688180us][CH2-Pc    ] 02
[T+6706695179us][CH1-Dispenser] 02 62
[T+6706766180us][CH2-Pc    ] 03
[T+6706775324us][CH1-Dispenser] 03 73
[T+6706793204us][CH2-Pc    ] 23
[T+6706798179us][CH1-Dispenser] 23 D3
[T+6706815180us][CH1-Dispenser] FF
[T+6706815315us][CH2-Pc    ] FF
[T+6706828182us][CH1-Dispenser] E9
[T+6706828315us][CH2-Pc    ] E9
[T+6706840311us][CH1-Dispenser] FE
[T+6706840181us][CH2-Pc    ] FE
[T+6706853249us][CH1-Dispenser] E0
[T+6706853182us][CH2-Pc    ] E0
[T+6706865180us][CH1-Dispenser] E1
[T+6706866179us][CH2-Pc    ] E1
[T+6706887316us][CH1-Dispenser] E0
[T+6706887180us][CH2-Pc    ] E0
[T+6706901325us][CH1-Dispenser] FB
[T+6706901188us][CH2-Pc    ] FB
[T+6706913181us][CH1-Dispenser] EE
[T+6706913314us][CH2-Pc    ] EE
[T+6706926180us][CH2-Pc    ] F0
[T+6706955180us][CH1-Dispenser] F0 BA B0 B3 B3 B0 B1 B0 B0 B0 B0 B1 B1 B1 B1 B1 B9 C1 8D 8A
[T+6707029180us][CH2-Pc    ] 04
[T+6707036180us][CH1-Dispenser] 04 64
[T+6707107315us][CH1-Dispenser] 05
[T+6707107180us][CH2-Pc    ] 05
[T+6707281181us][CH1-Dispenser] 06
[T+6707281318us][CH2-Pc    ] 06
[T+6707452205us][CH2-Pc    ] 01
[T+6707459179us][CH1-Dispenser] 01 61
[T+6707530180us][CH2-Pc    ] 02
[T+6707537824us][CH1-Dispenser] 02 62
[T+6707621180us][CH2-Pc    ] 03
[T+6707629822us][CH1-Dispenser] 03 73
[T+6707652179us][CH1-Dispenser] 23 D3
[T+6707648180us][CH2-Pc    ] 23
[T+6707669180us][CH1-Dispenser] FF
[T+6707669313us][CH2-Pc    ] FF
[T+6707682314us][CH1-Dispenser] E9
[T+6707682180us][CH2-Pc    ] E9
[T+6707695753us][CH1-Dispenser] FE
[T+6707695611us][CH2-Pc    ] FE
[T+6707707320us][CH1-Dispenser] E0
[T+6707707184us][CH2-Pc    ] E0
[T+6707720238us][CH1-Dispenser] E1
[T+6707720377us][CH2-Pc    ] E1
[T+6707732321us][CH1-Dispenser] E0
[T+6707732184us][CH2-Pc    ] E0
[T+6707745314us][CH1-Dispenser] FB
[T+6707745181us][CH2-Pc    ] FB
[T+6707758181us][CH1-Dispenser] EE
[T+6707758310us][CH2-Pc    ] EE
[T+6707771180us][CH2-Pc    ] F0
[T+6707802180us][CH1-Dispenser] F0 BA B0 B3 B3 B0 B1 B0 B0 B0 B0 B1 B1 B1 B1 B1 B9 C1 8D 8A
[T+6707872180us][CH2-Pc    ] 04
[T+6707878204us][CH1-Dispenser] 04 64
[T+6707950181us][CH1-Dispenser] 05
[T+6707950316us][CH2-Pc    ] 05
[T+6708125180us][CH1-Dispenser] 06
[T+6708125315us][CH2-Pc    ] 06
[T+6708300180us][CH2-Pc    ] 01
[T+6708306218us][CH1-Dispenser] 01 61
[T+6708378205us][CH2-Pc    ] 02
[T+6708385182us][CH1-Dispenser] 02 62
[T+6708456180us][CH2-Pc    ] 03
[T+6708467181us][CH1-Dispenser] 03 73
[T+6708483180us][CH2-Pc    ] 23
[T+6708488179us][CH1-Dispenser] 23 D3
[T+6708505313us][CH1-Dispenser] FF
[T+6708505180us][CH2-Pc    ] FF
[T+6708518320us][CH1-Dispenser] E9
[T+6708518183us][CH2-Pc    ] E9
[T+6708530313us][CH1-Dispenser] FE
[T+6708530181us][CH2-Pc    ] FE
[T+6708543325us][CH1-Dispenser] E0
[T+6708543185us][CH2-Pc    ] E0
[T+6708556181us][CH1-Dispenser] E1
[T+6708556316us][CH2-Pc    ] E1
[T+6708569317us][CH1-Dispenser] E0
[T+6708569181us][CH2-Pc    ] E0
[T+6708582310us][CH1-Dispenser] FB
[T+6708582181us][CH2-Pc    ] FB
[T+6708595309us][CH1-Dispenser] EE
[T+6708595181us][CH2-Pc    ] EE
[T+6708608180us][CH2-Pc    ] F0
[T+6708636180us][CH1-Dispenser] F0 BA B0 B3 B3 B0 B1 B0 B0 B0 B0 B1 B1 B1 B1 B1 B9 C1 8D 8A
[T+6708710180us][CH2-Pc    ] 04
[T+6708719214us][CH1-Dispenser] 04 64
[T+6708788315us][CH1-Dispenser] 05
[T+6708788180us][CH2-Pc    ] 05
[T+6708952317us][CH1-Dispenser] 06
[T+6708952181us][CH2-Pc    ] 06
[T+6709128180us][CH2-Pc    ] 01
[T+6709135180us][CH1-Dispenser] 01 61
[T+6709206180us][CH2-Pc    ] 02
[T+6709216291us][CH1-Dispenser] 02 62
[T+6709285204us][CH2-Pc    ] 03
[T+6709294180us][CH1-Dispenser] 03 73
[T+6709312204us][CH2-Pc    ] 23
[T+6709322026us][CH1-Dispenser] 23 D3
[T+6709334184us][CH1-Dispenser] FF
[T+6709334322us][CH2-Pc    ] FF
[T+6709346626us][CH1-Dispenser] E9
[T+6709346761us][CH2-Pc    ] E9
[T+6709358313us][CH1-Dispenser] FE
[T+6709358180us][CH2-Pc    ] FE
[T+6709371313us][CH1-Dispenser] E0
[T+6709371181us][CH2-Pc    ] E0
[T+6709384324us][CH1-Dispenser] E1
[T+6709384185us][CH2-Pc    ] E1
[T+6709397312us][CH1-Dispenser] E0
[T+6709397180us][CH2-Pc    ] E0
[T+6709411312us][CH1-Dispenser] FB
[T+6709411180us][CH2-Pc    ] FB
[T+6709424319us][CH1-Dispenser] EE
[T+6709424183us][CH2-Pc    ] EE
[T+6709437180us][CH2-Pc    ] F0
[T+6709467204us][CH1-Dispenser] F0 BA B0 B3 B3 B0 B1 B0 B0 B0 B0 B1 B1 B1 B1 B1 B9 C1 8D 8A
[T+6709538180us][CH2-Pc    ] 04
[T+6709544203us][CH1-Dispenser] 04 64
[T+6709616180us][CH1-Dispenser] 05
[T+6709616314us][CH2-Pc    ] 05
[T+6709780181us][CH1-Dispenser] 06
[T+6709780315us][CH2-Pc    ] 06
[T+6709955180us][CH2-Pc    ] 01
[T+6709962179us][CH1-Dispenser] 01 61
[T+6710033180us][CH2-Pc    ] 02
[T+6710041187us][CH1-Dispenser] 02 62
[T+6710111180us][CH2-Pc    ] 03
[T+6710119398us][CH1-Dispenser] 03 73
[T+6710139180us][CH2-Pc    ] 23
[T+6710144794us][CH1-Dispenser] 23 D3
[T+6710160313us][CH1-Dispenser] FF
[T+6710160181us][CH2-Pc    ] FF
[T+6710173315us][CH1-Dispenser] E9
[T+6710173180us][CH2-Pc    ] E9
[T+6710186313us][CH1-Dispenser] FE
[T+6710186180us][CH2-Pc    ] FE
[T+6710198308us][CH1-Dispenser] E0
[T+6710198180us][CH2-Pc    ] E0
[T+6710211313us][CH1-Dispenser] E1
[T+6710211180us][CH2-Pc    ] E1
[T+6710225321us][CH1-Dispenser] E0
[T+6710225181us][CH2-Pc    ] E0
[T+6710237324us][CH1-Dispenser] FB
[T+6710237184us][CH2-Pc    ] FB
[T+6710250184us][CH1-Dispenser] EE
[T+6710250324us][CH2-Pc    ] EE
[T+6710262357us][CH2-Pc    ] F0
[T+6710290180us][CH1-Dispenser] F0 BA B0 B3 B3 B0 B1 B0 B0 B0 B0 B1 B1 B1 B1 B1 B9 C1 8D 8A
[T+6710361181us][CH2-Pc    ] 04
[T+6710368180us][CH1-Dispenser] 04 64
[T+6710440180us][CH1-Dispenser] 05
[T+6710440316us][CH2-Pc    ] 05
[T+6710614180us][CH1-Dispenser] 06
[T+6710614316us][CH2-Pc    ] 06
[T+6710789180us][CH2-Pc    ] 01
[T+6710794187us][CH1-Dispenser] 01 61
[T+6710867180us][CH2-Pc    ] 02
[T+6710878180us][CH1-Dispenser] 02 62
[T+6710945180us][CH2-Pc    ] 03
[T+6710955181us][CH1-Dispenser] 03 73
[T+6710973210us][CH2-Pc    ] 23
[T+6710980180us][CH1-Dispenser] 23 D3
[T+6710994180us][CH1-Dispenser] FF
[T+6710994314us][CH2-Pc    ] FF
[T+6711011316us][CH1-Dispenser] E9
[T+6711011180us][CH2-Pc    ] E9
[T+6711023312us][CH1-Dispenser] FE
[T+6711023180us][CH2-Pc    ] FE
[T+6711036313us][CH1-Dispenser] E0
[T+6711036180us][CH2-Pc    ] E0
[T+6711049180us][CH1-Dispenser] E1
[T+6711049308us][CH2-Pc    ] E1
[T+6711062324us][CH1-Dispenser] E0
[T+6711062184us][CH2-Pc    ] E0
[T+6711075324us][CH1-Dispenser] FB
[T+6711075185us][CH2-Pc    ] FB
[T+6711087477us][CH1-Dispenser] EE
[T+6711087340us][CH2-Pc    ] EE
[T+6711100180us][CH2-Pc    ] F0
[T+6711132180us][CH1-Dispenser] F0 BA B0 B3 B3 B0 B1 B0 B0 B0 B0 B1 B1 B1 B1 B1 B9 C1 8D 8A
[T+6711202180us][CH2-Pc    ] 04
[T+6711209826us][CH1-Dispenser] 04 64
[T+6711280185us][CH1-Dispenser] 05
[T+6711280319us][CH2-Pc    ] 05
[T+6711459181us][CH1-Dispenser] 06
[T+6711459317us][CH2-Pc    ] 06
[T+6711634180us][CH2-Pc    ] 01
[T+6711640872us][CH1-Dispenser] 01 61
[T+6711712205us][CH2-Pc    ] 02
[T+6711723180us][CH1-Dispenser] 02 62
[T+6711790180us][CH2-Pc    ] 03
[T+6711799208us][CH1-Dispenser] 03 73
[T+6711817205us][CH2-Pc    ] 23
[T+6711824180us][CH1-Dispenser] 23 D3
[T+6711839312us][CH1-Dispenser] FF
[T+6711839180us][CH2-Pc    ] FF
[T+6711852314us][CH1-Dispenser] E9
[T+6711852180us][CH2-Pc    ] E9
[T+6711864325us][CH1-Dispenser] FE
[T+6711864185us][CH2-Pc    ] FE
[T+6711877318us][CH1-Dispenser] E0
[T+6711877183us][CH2-Pc    ] E0
[T+6711890181us][CH1-Dispenser] E1
[T+6711890313us][CH2-Pc    ] E1
[T+6711902773us][CH1-Dispenser] E0
[T+6711902635us][CH2-Pc    ] E0
[T+6711915790us][CH1-Dispenser] FB
[T+6711915648us][CH2-Pc    ] FB
[T+6711928182us][CH1-Dispenser] EE
[T+6711928316us][CH2-Pc    ] EE
[T+6711940308us][CH1-Dispenser] F0
[T+6711940180us][CH2-Pc    ] F0
[T+6711973204us][CH1-Dispenser] BA B0 B3 B3 B0 B1 B0 B0 B0 B0 B1 B1 B1 B1 B1 B9 C1 8D 8A
[T+6712046180us][CH2-Pc    ] 04
[T+6712054180us][CH1-Dispenser] 04 64
[T+6712124316us][CH1-Dispenser] 05
[T+6712124180us][CH2-Pc    ] 05
[T+6712299318us][CH1-Dispenser] 06
[T+6712299180us][CH2-Pc    ] 06
[T+6712474180us][CH2-Pc    ] 01
[T+6712479179us][CH1-Dispenser] 01 61
[T+6712552180us][CH2-Pc    ] 02
[T+6712560188us][CH1-Dispenser] 02 62
[T+6712630180us][CH2-Pc    ] 03
[T+6712638180us][CH1-Dispenser] 03 73
[T+6712657180us][CH2-Pc    ] 23
[T+6712663832us][CH1-Dispenser] 23 D3
[T+6712679181us][CH1-Dispenser] FF
[T+6712679315us][CH2-Pc    ] FF
[T+6712692315us][CH1-Dispenser] E9
[T+6712692181us][CH2-Pc    ] E9
[T+6712704312us][CH1-Dispenser] FE
[T+6712704180us][CH2-Pc    ] FE
[T+6712717315us][CH1-Dispenser] E0
[T+6712717180us][CH2-Pc    ] E0
[T+6712729315us][CH1-Dispenser] E1
[T+6712729180us][CH2-Pc    ] E1
[T+6712742411us][CH1-Dispenser] E0
[T+6712742271us][CH2-Pc    ] E0
[T+6712755334us][CH1-Dispenser] FB
[T+6712755187us][CH2-Pc    ] FB
[T+6712768315us][CH1-Dispenser] EE
[T+6712768181us][CH2-Pc    ] EE
[T+6712780204us][CH2-Pc    ] F0
[T+6712811180us][CH1-Dispenser] F0 BA B0 B3 B3 B0 B1 B0 B0 B0 B0 B1 B1 B1 B1 B1 B9 C1 8D 8A
[T+6712882180us][CH2-Pc    ] 04
[T+6712891213us][CH1-Dispenser] 04 64
[T+6712960180us][CH1-Dispenser] 05
[T+6712960313us][CH2-Pc    ] 05
[T+6713124258us][CH1-Dispenser] 06
[T+6713124180us][CH2-Pc    ] 06
[T+6713299180us][CH2-Pc    ] 01
[T+6713306428us][CH1-Dispenser] 01 61
[T+6713377180us][CH2-Pc    ] 02
[T+6713386204us][CH1-Dispenser] 02 62
[T+6713455180us][CH1-Dispenser] 03
[T+6713455315us][CH2-Pc    ] 03
[T+6713468181us][CH1-Dispenser] 73
[T+6713482180us][CH2-Pc    ] 23
[T+6713489182us][CH1-Dispenser] 23 D3
[T+6713504180us][CH1-Dispenser] FF
[T+6713504312us][CH2-Pc    ] FF
[T+6713517312us][CH1-Dispenser] E9
[T+6713517180us][CH2-Pc    ] E9
[T+6713529318us][CH1-Dispenser] FE
[T+6713529182us][CH2-Pc    ] FE
[T+6713542319us][CH1-Dispenser] E0
[T+6713542184us][CH2-Pc    ] E0
[T+6713555313us][CH1-Dispenser] E1
[T+6713555180us][CH2-Pc    ] E1
[T+6713567312us][CH1-Dispenser] E0
[T+6713567180us][CH2-Pc    ] E0
[T+6713580313us][CH1-Dispenser] FB
[T+6713580180us][CH2-Pc    ] FB
[T+6713593184us][CH1-Dispenser] EE
[T+6713593324us][CH2-Pc    ] EE
[T+6713606180us][CH2-Pc    ] F0
[T+6713636210us][CH1-Dispenser] F0 BA B0 B3 B3 B0 B1 B0 B0 B0 B0 B1 B1 B1 B1 B1 B9 C1 8D 8A
[T+6713707180us][CH2-Pc    ] 04
[T+6713714180us][CH1-Dispenser] 04 64
[T+6713785180us][CH1-Dispenser] 05
[T+6713785316us][CH2-Pc    ] 05
[T+6713961315us][CH1-Dispenser] 06
[T+6713961180us][CH2-Pc    ] 06
[T+6714125180us][CH2-Pc    ] 01
[T+6714130179us][CH1-Dispenser] 01 61
[T+6714201180us][CH2-Pc    ] 02
[T+6714211858us][CH1-Dispenser] 02 62
[T+6714279180us][CH2-Pc    ] 03
[T+6714285204us][CH1-Dispenser] 03 73
[T+6714307180us][CH2-Pc    ] 23
[T+6714314180us][CH1-Dispenser] 23 D3
[T+6714328180us][CH1-Dispenser] FF
[T+6714328313us][CH2-Pc    ] FF
[T+6714341313us][CH1-Dispenser] E9
[T+6714341181us][CH2-Pc    ] E9
[T+6714354314us][CH1-Dispenser] FE
[T+6714354180us][CH2-Pc    ] FE
[T+6714366318us][CH1-Dispenser] E0
[T+6714366184us][CH2-Pc    ] E0
[T+6714379312us][CH1-Dispenser] E1
[T+6714379180us][CH2-Pc    ] E1
[T+6714392313us][CH1-Dispenser] E0
[T+6714392180us][CH2-Pc    ] E0
[T+6714404308us][CH1-Dispenser] FB
[T+6714404180us][CH2-Pc    ] FB
[T+6714417180us][CH1-Dispenser] EE
[T+6714417312us][CH2-Pc    ] EE
[T+6714430180us][CH2-Pc    ] F0
[T+6714456180us][CH1-Dispenser] F0 BA B0 B3 B3 B0 B1 B0 B0 B0 B0 B1 B1 B1 B1 B1 B9 C1 8D 8A
[T+6714522205us][CH2-Pc    ] 04
[T+6714528823us][CH1-Dispenser] 04 64
[T+6714600181us][CH1-Dispenser] 05
[T+6714600315us][CH2-Pc    ] 05
[T+6714774317us][CH1-Dispenser] 06
[T+6714774181us][CH2-Pc    ] 06
[T+6714939204us][CH2-Pc    ] 01
[T+6714946180us][CH1-Dispenser] 01 61
[T+6715017180us][CH2-Pc    ] 02
[T+6715025183us][CH1-Dispenser] 02 62
[T+6715105180us][CH2-Pc    ] 03
[T+6715110187us][CH1-Dispenser] 03 73
[T+6715132180us][CH2-Pc    ] 23
[T+6715139180us][CH1-Dispenser] 23 D3
[T+6715153315us][CH1-Dispenser] FF
[T+6715153180us][CH2-Pc    ] FF
[T+6715166312us][CH1-Dispenser] E9
[T+6715166180us][CH2-Pc    ] E9
[T+6715179312us][CH1-Dispenser] FE
[T+6715179180us][CH2-Pc    ] FE
[T+6715191312us][CH1-Dispenser] E0
[T+6715191180us][CH2-Pc    ] E0
[T+6715205319us][CH1-Dispenser] E1
[T+6715205181us][CH2-Pc    ] E1
[T+6715218324us][CH1-Dispenser] E0
[T+6715218185us][CH2-Pc    ] E0
[T+6715229361us][CH1-Dispenser] FB
[T+6715229222us][CH2-Pc    ] FB
[T+6715242311us][CH1-Dispenser] EE
[T+6715242180us][CH2-Pc    ] EE
[T+6715255180us][CH2-Pc    ] F0
[T+6715283180us][CH1-Dispenser] F0 BA B0 B3 B3 B0 B1 B0 B0 B0 B0 B1 B1 B1 B1 B1 B9 C1 8D 8A
[T+6715357180us][CH2-Pc    ] 04
[T+6715364179us][CH1-Dispenser] 04 64
[T+6715436313us][CH1-Dispenser] 05
[T+6715436181us][CH2-Pc    ] 05
[T+6715611180us][CH1-Dispenser] 06
[T+6715611319us][CH2-Pc    ] 06
[T+6715786318us][CH1-Dispenser] 01
[T+6715786181us][CH2-Pc    ] 01
[T+6715798206us][CH1-Dispenser] 61
[T+6715864205us][CH2-Pc    ] 02
[T+6715870822us][CH1-Dispenser] 02 62
[T+6715942204us][CH2-Pc    ] 03
[T+6715950185us][CH1-Dispenser] 03 73
[T+6715981771us][CH1-Dispenser] 23 D3 FF
[T+6715981626us][CH2-Pc    ] 23 FF
[T+6715994783us][CH1-Dispenser] E9
[T+6715994640us][CH2-Pc    ] E9
[T+6716006186us][CH1-Dispenser] FE
[T+6716006323us][CH2-Pc    ] FE
[T+6716019320us][CH1-Dispenser] E0
[T+6716019184us][CH2-Pc    ] E0
[T+6716031181us][CH1-Dispenser] E1
[T+6716031316us][CH2-Pc    ] E1
[T+6716044924us][CH1-Dispenser] E0
[T+6716045124us][CH2-Pc    ] E0
[T+6716057181us][CH1-Dispenser] FB
[T+6716057311us][CH2-Pc    ] FB
[T+6716070181us][CH1-Dispenser] EE
[T+6716070324us][CH2-Pc    ] EE
[T+6716082204us][CH2-Pc    ] F0
[T+6716113180us][CH1-Dispenser] F0 BA B0 B3 B3 B0 B1 B0 B0 B0 B0 B1 B1 B1 B1 B1 B9 C1 8D 8A
[T+6716184180us][CH2-Pc    ] 04
[T+6716190204us][CH1-Dispenser] 04 64
[T+6716262181us][CH1-Dispenser] 05
[T+6716262315us][CH2-Pc    ] 05
[T+6716436315us][CH1-Dispenser] 06
[T+6716436180us][CH2-Pc    ] 06
[T+6716613204us][CH2-Pc    ] 01
[T+6716620180us][CH1-Dispenser] 01 61
[T+6716691180us][CH2-Pc    ] 02
[T+6716701610us][CH1-Dispenser] 02 62
[T+6716770204us][CH2-Pc    ] 03
[T+6716774179us][CH1-Dispenser] 03 73
[T+6716786209us][CH2-Pc    ] 23
[T+6716793781us][CH1-Dispenser] 23 D3
[T+6716808314us][CH1-Dispenser] FF
[T+6716808180us][CH2-Pc    ] FF
[T+6716820312us][CH1-Dispenser] E9
[T+6716820180us][CH2-Pc    ] E9
[T+6716833321us][CH1-Dispenser] FE
[T+6716833182us][CH2-Pc    ] FE
[T+6716846314us][CH1-Dispenser] E0
[T+6716846181us][CH2-Pc    ] E0
[T+6716858181us][CH1-Dispenser] E1
[T+6716858312us][CH2-Pc    ] E1
[T+6716871311us][CH1-Dispenser] E0
[T+6716871180us][CH2-Pc    ] E0
[T+6716885318us][CH1-Dispenser] FB
[T+6716885181us][CH2-Pc    ] FB
[T+6716897188us][CH1-Dispenser] EE
[T+6716897326us][CH2-Pc    ] EE
[T+6716909204us][CH2-Pc    ] F0
[T+6716938180us][CH1-Dispenser] F0 BA B0 B3 B3 B0 B1 B0 B0 B0 B0 B1 B1 B1 B1 B1 B9 C1 8D 8A
[T+6717011180us][CH2-Pc    ] 04
[T+6717021180us][CH1-Dispenser] 04 64
[T+6717089315us][CH1-Dispenser] 05
[T+6717089180us][CH2-Pc    ] 05
[T+6717275321us][CH1-Dispenser] 06
[T+6717275180us][CH2-Pc    ] 06
[T+6717439180us][CH2-Pc    ] 01
[T+6717445203us][CH1-Dispenser] 01 61
[T+6717515180us][CH2-Pc    ] 02
[T+6717521218us][CH1-Dispenser] 02 62
[T+6717593204us][CH2-Pc    ] 03
[T+6717599203us][CH1-Dispenser] 03 73
[T+6717620204us][CH2-Pc    ] 23
[T+6717629219us][CH1-Dispenser] 23 D3
[T+6717642312us][CH1-Dispenser] FF
[T+6717642180us][CH2-Pc    ] FF
[T+6717655319us][CH1-Dispenser] E9
[T+6717655183us][CH2-Pc    ] E9
[T+6717668323us][CH1-Dispenser] FE
[T+6717668184us][CH2-Pc    ] FE
[T+6717680329us][CH1-Dispenser] E0
[T+6717680188us][CH2-Pc    ] E0
[T+6717692313us][CH1-Dispenser] E1
[T+6717692180us][CH2-Pc    ] E1
[T+6717705312us][CH1-Dispenser] E0
[T+6717705180us][CH2-Pc    ] E0
[T+6717718321us][CH1-Dispenser] FB
[T+6717718184us][CH2-Pc    ] FB
[T+6717731182us][CH1-Dispenser] EE
[T+6717731324us][CH2-Pc    ] EE
[T+6717743205us][CH2-Pc    ] F0
[T+6717772180us][CH1-Dispenser] F0 BA B0 B3 B3 B0 B1 B0 B0 B0 B0 B1 B1 B1 B1 B1 B9 C1 8D 8A
[T+6717846180us][CH2-Pc    ] 04
[T+6717855212us][CH1-Dispenser] 04 64
[T+6717924316us][CH1-Dispenser] 05
[T+6717924181us][CH2-Pc    ] 05
[T+6718099180us][CH1-Dispenser] 06
[T+6718099318us][CH2-Pc    ] 06
[T+6718274180us][CH2-Pc    ] 01
[T+6718283212us][CH1-Dispenser] 01 61
[T+6718352204us][CH2-Pc    ] 02
[T+6718361205us][CH1-Dispenser] 02 62
[T+6718430204us][CH2-Pc    ] 03
[T+6718435179us][CH1-Dispenser] 03 73
[T+6718457180us][CH2-Pc    ] 23
[T+6718463203us][CH1-Dispenser] 23 D3
[T+6718479312us][CH1-Dispenser] FF
[T+6718479181us][CH2-Pc    ] FF
[T+6718491320us][CH1-Dispenser] E9
[T+6718491184us][CH2-Pc    ] E9
[T+6718505327us][CH1-Dispenser] FE
[T+6718505188us][CH2-Pc    ] FE
[T+6718517323us][CH1-Dispenser] E0
[T+6718517184us][CH2-Pc    ] E0
[T+6718530323us][CH1-Dispenser] E1
[T+6718530183us][CH2-Pc    ] E1
[T+6718543179us][CH1-Dispenser] E0
[T+6718542189us][CH2-Pc    ] E0
[T+6718555183us][CH1-Dispenser] FB
[T+6718555321us][CH2-Pc    ] FB
[T+6718568183us][CH1-Dispenser] EE
[T+6718568320us][CH2-Pc    ] EE
[T+6718581180us][CH2-Pc    ] F0
[T+6718608205us][CH1-Dispenser] F0 BA B0 B3 B3 B0 B1 B0 B0 B0 B0 B1 B1 B1 B1 B1 B9 C1 8D 8A
[T+6718672180us][CH2-Pc    ] 04
[T+6718680180us][CH1-Dispenser] 04 64
[T+6718752318us][CH1-Dispenser] 05
[T+6718752181us][CH2-Pc    ] 05
[T+6718927180us][CH1-Dispenser] 06
[T+6718927315us][CH2-Pc    ] 06
[T+6719101205us][CH2-Pc    ] 01
[T+6719110457us][CH1-Dispenser] 01 61
[T+6719180180us][CH2-Pc    ] 02
[T+6719186218us][CH1-Dispenser] 02 62
[T+6719258204us][CH2-Pc    ] 03
[T+6719266180us][CH1-Dispenser] 03 73
[T+6719285180us][CH2-Pc    ] 23
[T+6719291219us][CH1-Dispenser] 23 D3
[T+6719307180us][CH1-Dispenser] FF
[T+6719307313us][CH2-Pc    ] FF
[T+6719319314us][CH1-Dispenser] E9
[T+6719319180us][CH2-Pc    ] E9
[T+6719332314us][CH1-Dispenser] FE
[T+6719332180us][CH2-Pc    ] FE
[T+6719346327us][CH1-Dispenser] E0
[T+6719346188us][CH2-Pc    ] E0
[T+6719357188us][CH1-Dispenser] E1
[T+6719357772us][CH2-Pc    ] E1
[T+6719370315us][CH1-Dispenser] E0
[T+6719370180us][CH2-Pc    ] E0
[T+6719383313us][CH1-Dispenser] FB
[T+6719383180us][CH2-Pc    ] FB
[T+6719396184us][CH1-Dispenser] EE
[T+6719396322us][CH2-Pc    ] EE
[T+6719409180us][CH2-Pc    ] F0
[T+6719437180us][CH1-Dispenser] F0 BA B0 B3 B3 B0 B1 B0 B0 B0 B0 B1 B1 B1 B1 B1 B9 C1 8D 8A
[T+6719510180us][CH2-Pc    ] 04
[T+6719514832us][CH1-Dispenser] 04 64
[T+6719588315us][CH1-Dispenser] 05
[T+6719588181us][CH2-Pc    ] 05
[T+6719773181us][CH1-Dispenser] 06
[T+6719773317us][CH2-Pc    ] 06
[T+6719937180us][CH2-Pc    ] 01
[T+6719947180us][CH1-Dispenser] 01 61
[T+6720015180us][CH2-Pc    ] 02
[T+6720020187us][CH1-Dispenser] 02 62
[T+6720094180us][CH2-Pc    ] 03
[T+6720100204us][CH1-Dispenser] 03 73
[T+6720121690us][CH2-Pc    ] 23
[T+6720130297us][CH1-Dispenser] 23 D3
[T+6720143180us][CH1-Dispenser] FF
[T+6720143313us][CH2-Pc    ] FF
[T+6720160308us][CH1-Dispenser] E9
[T+6720160180us][CH2-Pc    ] E9
[T+6720180312us][CH1-Dispenser] FE
[T+6720180180us][CH2-Pc    ] FE
[T+6720202315us][CH1-Dispenser] E0
[T+6720202180us][CH2-Pc    ] E0
[T+6720215180us][CH1-Dispenser] E1
[T+6720215313us][CH2-Pc    ] E1
[T+6720227311us][CH1-Dispenser] E0
[T+6720227180us][CH2-Pc    ] E0
[T+6720240311us][CH1-Dispenser] FB
[T+6720240180us][CH2-Pc    ] FB
[T+6720253184us][CH1-Dispenser] EE
[T+6720253323us][CH2-Pc    ] EE
[T+6720266180us][CH2-Pc    ] F0
[T+6720296205us][CH1-Dispenser] F0 BA B0 B3 B3 B0 B1 B0 B0 B0 B0 B1 B1 B1 B1 B1 B9 C1 8D 8A
[T+6720367180us][CH2-Pc    ] 04
[T+6720374181us][CH1-Dispenser] 04 64
[T+6720457314us][CH1-Dispenser] 05
[T+6720457181us][CH2-Pc    ] 05
[T+6720632180us][CH1-Dispenser] 06
[T+6720632314us][CH2-Pc    ] 06
[T+6720796180us][CH2-Pc    ] 01
[T+6720800179us][CH1-Dispenser] 01 61
[T+6720874180us][CH2-Pc    ] 02
[T+6720880204us][CH1-Dispenser] 02 62
[T+6720952204us][CH2-Pc    ] 03
[T+6720961522us][CH1-Dispenser] 03 73
[T+6720979204us][CH2-Pc    ] 23
[T+6720986180us][CH1-Dispenser] 23 D3
[T+6721001312us][CH1-Dispenser] FF
[T+6721001181us][CH2-Pc    ] FF
[T+6721013313us][CH1-Dispenser] E9
[T+6721013181us][CH2-Pc    ] E9
[T+6721026317us][CH1-Dispenser] FE
[T+6721026181us][CH2-Pc    ] FE
[T+6721039319us][CH1-Dispenser] E0
[T+6721039182us][CH2-Pc    ] E0
[T+6721052181us][CH1-Dispenser] E1
[T+6721052314us][CH2-Pc    ] E1
[T+6721064314us][CH1-Dispenser] E0
[T+6721064182us][CH2-Pc    ] E0
[T+6721077314us][CH1-Dispenser] FB
[T+6721077180us][CH2-Pc    ] FB
[T+6721090313us][CH1-Dispenser] EE
[T+6721090180us][CH2-Pc    ] EE
[T+6721102204us][CH2-Pc    ] F0
[T+6721132204us][CH1-Dispenser] F0 BA B0 B3 B3 B0 B1 B0 B0 B0 B0 B1 B1 B1 B1 B1 B9 C1 8D 8A
[T+6721198204us][CH2-Pc    ] 04
[T+6721204204us][CH1-Dispenser] 04 64
[T+6721276181us][CH1-Dispenser] 05
[T+6721276314us][CH2-Pc    ] 05
[T+6721462180us][CH1-Dispenser] 06
[T+6721462316us][CH2-Pc    ] 06
[T+6721626180us][CH2-Pc    ] 01
[T+6721633184us][CH1-Dispenser] 01 61
[T+6721704180us][CH2-Pc    ] 02
[T+6721710515us][CH1-Dispenser] 02 62
[T+6721782205us][CH2-Pc    ] 03
[T+6721790786us][CH1-Dispenser] 03 73
[T+6721809180us][CH2-Pc    ] 23
[T+6721815203us][CH1-Dispenser] 23 D3
[T+6721831315us][CH1-Dispenser] FF
[T+6721831180us][CH2-Pc    ] FF
[T+6721844322us][CH1-Dispenser] E9
[T+6721844185us][CH2-Pc    ] E9
[T+6721856316us][CH1-Dispenser] FE
[T+6721856180us][CH2-Pc    ] FE
[T+6721869316us][CH1-Dispenser] E0
[T+6721869181us][CH2-Pc    ] E0
[T+6721887180us][CH1-Dispenser] E1
[T+6721887313us][CH2-Pc    ] E1
[T+6721899311us][CH1-Dispenser] E0
[T+6721899180us][CH2-Pc    ] E0
[T+6721912311us][CH1-Dispenser] FB
[T+6721912180us][CH2-Pc    ] FB
[T+6721925326us][CH1-Dispenser] EE
[T+6721925187us][CH2-Pc    ] EE
[T+6721937213us][CH2-Pc    ] F0
[T+6721966180us][CH1-Dispenser] F0 BA B0 B3 B3 B0 B1 B0 B0 B0 B0 B1 B1 B1 B1 B1 B9 C1 8D 8A
[T+6722039180us][CH2-Pc    ] 04
[T+6722044179us][CH1-Dispenser] 04 64
[T+6722117180us][CH1-Dispenser] 05
[T+6722117315us][CH2-Pc    ] 05
[T+6722281181us][CH1-Dispenser] 06
[T+6722281317us][CH2-Pc    ] 06
[T+6722470204us][CH2-Pc    ] 01
[T+6722476218us][CH1-Dispenser] 01 61
[T+6722548204us][CH2-Pc    ] 02
[T+6722555180us][CH1-Dispenser] 02 62
[T+6722626180us][CH2-Pc    ] 03
[T+6722635218us][CH1-Dispenser] 03 73
[T+6722653204us][CH2-Pc    ] 23
[T+6722658179us][CH1-Dispenser] 23 D3
[T+6722675316us][CH1-Dispenser] FF
[T+6722675180us][CH2-Pc    ] FF
[T+6722687323us][CH1-Dispenser] E9
[T+6722687185us][CH2-Pc    ] E9
[T+6722700297us][CH1-Dispenser] FE
[T+6722700184us][CH2-Pc    ] FE
[T+6722713316us][CH1-Dispenser] E0
[T+6722713181us][CH2-Pc    ] E0
[T+6722726314us][CH1-Dispenser] E1
[T+6722726181us][CH2-Pc    ] E1
[T+6722738312us][CH1-Dispenser] E0
[T+6722738181us][CH2-Pc    ] E0
[T+6722751316us][CH1-Dispenser] FB
[T+6722751182us][CH2-Pc    ] FB
[T+6722764182us][CH1-Dispenser] EE
[T+6722764322us][CH2-Pc    ] EE
[T+6722776204us][CH2-Pc    ] F0
[T+6722806204us][CH1-Dispenser] F0 BA B0 B3 B3 B0 B1 B0 B0 B0 B0 B1 B1 B1 B1 B1 B9 C1 8D 8A
[T+6722871180us][CH2-Pc    ] 04
[T+6722880219us][CH1-Dispenser] 04 64
[T+6722949180us][CH1-Dispenser] 05
[T+6722949315us][CH2-Pc    ] 05
[T+6723124180us][CH1-Dispenser] 06
[T+6723124318us][CH2-Pc    ] 06
[T+6723299180us][CH2-Pc    ] 01
[T+6723307837us][CH1-Dispenser] 01 61
[T+6723377180us][CH2-Pc    ] 02
[T+6723386401us][CH1-Dispenser] 02 62
[T+6723455205us][CH2-Pc    ] 03
[T+6723460179us][CH1-Dispenser] 03 73
[T+6723482180us][CH2-Pc    ] 23
[T+6723491213us][CH1-Dispenser] 23 D3
[T+6723504318us][CH1-Dispenser] FF
[T+6723504182us][CH2-Pc    ] FF
[T+6723516311us][CH1-Dispenser] E9
[T+6723516181us][CH2-Pc    ] E9
[T+6723529311us][CH1-Dispenser] FE
[T+6723529180us][CH2-Pc    ] FE
[T+6723542320us][CH1-Dispenser] E0
[T+6723542184us][CH2-Pc    ] E0
[T+6723554312us][CH1-Dispenser] E1
[T+6723554180us][CH2-Pc    ] E1
[T+6723567478us][CH1-Dispenser] E0
[T+6723567180us][CH2-Pc    ] E0
[T+6723580316us][CH1-Dispenser] FB
[T+6723580181us][CH2-Pc    ] FB
[T+6723593317us][CH1-Dispenser] EE
[T+6723593180us][CH2-Pc    ] EE
[T+6723605219us][CH2-Pc    ] F0
[T+6723633180us][CH1-Dispenser] F0 BA B0 B3 B3 B0 B1 B0 B0 B0 B0 B1 B1 B1 B1 B1 B9 C1 8D 8A
[T+6723697180us][CH2-Pc    ] 04
[T+6723705180us][CH1-Dispenser] 04 64
[T+6723775318us][CH1-Dispenser] 05
[T+6723775181us][CH2-Pc    ] 05
[T+6723961180us][CH1-Dispenser] 06
[T+6723961317us][CH2-Pc    ] 06
[T+6724125180us][CH2-Pc    ] 01
[T+6724132180us][CH1-Dispenser] 01 61
[T+6724203180us][CH2-Pc    ] 02
[T+6724211830us][CH1-Dispenser] 02 62
[T+6724281180us][CH2-Pc    ] 03
[T+6724289187us][CH1-Dispenser] 03 73
[T+6724308180us][CH2-Pc    ] 23
[T+6724316187us][CH1-Dispenser] 23 D3
[T+6724330180us][CH1-Dispenser] FF
[T+6724330315us][CH2-Pc    ] FF
[T+6724344183us][CH1-Dispenser] E9
[T+6724344321us][CH2-Pc    ] E9
[T+6724355315us][CH1-Dispenser] FE
[T+6724355183us][CH2-Pc    ] FE
[T+6724368319us][CH1-Dispenser] E0
[T+6724368183us][CH2-Pc    ] E0
[T+6724381898us][CH1-Dispenser] E1
[T+6724382038us][CH2-Pc    ] E1
[T+6724393315us][CH1-Dispenser] E0
[T+6724393180us][CH2-Pc    ] E0
[T+6724406445us][CH1-Dispenser] FB
[T+6724406305us][CH2-Pc    ] FB
[T+6724419180us][CH1-Dispenser] EE
[T+6724419308us][CH2-Pc    ] EE
[T+6724431204us][CH2-Pc    ] F0
[T+6724462180us][CH1-Dispenser] F0 BA B0 B3 B3 B0 B1 B0 B0 B0 B0 B1 B1 B1 B1 B1 B9 C1 8D 8A
[T+6724533180us][CH2-Pc    ] 04
[T+6724540180us][CH1-Dispenser] 04 64
[T+6724611180us][CH1-Dispenser] 05
[T+6724611314us][CH2-Pc    ] 05
[T+6724786319us][CH1-Dispenser] 06
[T+6724786181us][CH2-Pc    ] 06
[T+6724961180us][CH2-Pc    ] 01
[T+6724966179us][CH1-Dispenser] 01 61
[T+6725039180us][CH2-Pc    ] 02
[T+6725045203us][CH1-Dispenser] 02 62
[T+6725117314us][CH1-Dispenser] 03
[T+6725117180us][CH2-Pc    ] 03
[T+6725130180us][CH1-Dispenser] 73
[T+6725144180us][CH2-Pc    ] 23
[T+6725150203us][CH1-Dispenser] 23 D3
[T+6725166180us][CH1-Dispenser] FF
[T+6725166313us][CH2-Pc    ] FF
[T+6725179332us][CH1-Dispenser] E9
[T+6725179184us][CH2-Pc    ] E9
[T+6725193183us][CH1-Dispenser] FE
[T+6725193320us][CH2-Pc    ] FE
[T+6725204316us][CH1-Dispenser] E0
[T+6725204184us][CH2-Pc    ] E0
[T+6725217320us][CH1-Dispenser] E1
[T+6725217183us][CH2-Pc    ] E1
[T+6725229327us][CH1-Dispenser] E0
[T+6725229188us][CH2-Pc    ] E0
[T+6725242323us][CH1-Dispenser] FB
[T+6725242184us][CH2-Pc    ] FB
[T+6725255315us][CH1-Dispenser] EE
[T+6725255183us][CH2-Pc    ] EE
[T+6725267204us][CH2-Pc    ] F0
[T+6725296180us][CH1-Dispenser] F0 BA B0 B3 B3 B0 B1 B0 B0 B0 B0 B1 B1 B1 B1 B1 B9 C1 8D 8A
[T+6725369180us][CH2-Pc    ] 04
[T+6725377187us][CH1-Dispenser] 04 64
[T+6725447181us][CH1-Dispenser] 05
[T+6725447317us][CH2-Pc    ] 05
[T+6725633180us][CH1-Dispenser] 06
[T+6725633315us][CH2-Pc    ] 06
[T+6725798204us][CH2-Pc    ] 01
[T+6725806180us][CH1-Dispenser] 01 61
[T+6725876180us][CH2-Pc    ] 02
[T+6725882395us][CH1-Dispenser] 02 62
[T+6725954205us][CH2-Pc    ] 03
[T+6725961179us][CH1-Dispenser] 03 73
[T+6725981180us][CH2-Pc    ] 23
[T+6726003184us][CH1-Dispenser] 23 D3 FF
[T+6726003321us][CH2-Pc    ] FF
[T+6726016314us][CH1-Dispenser] E9
[T+6726016181us][CH2-Pc    ] E9
[T+6726028322us][CH1-Dispenser] FE
[T+6726028184us][CH2-Pc    ] FE
[T+6726041302us][CH1-Dispenser] E0
[T+6726041435us][CH2-Pc    ] E0
[T+6726053180us][CH1-Dispenser] E1
[T+6726053312us][CH2-Pc    ] E1
[T+6726067320us][CH1-Dispenser] E0
[T+6726067181us][CH2-Pc    ] E0
[T+6726080183us][CH1-Dispenser] FB
[T+6726080321us][CH2-Pc    ] FB
[T+6726092184us][CH1-Dispenser] EE
[T+6726092323us][CH2-Pc    ] EE
[T+6726104217us][CH2-Pc    ] F0
[T+6726136180us][CH1-Dispenser] F0 BA B0 B3 B3 B0 B1 B0 B0 B0 B0 B1 B1 B1 B1 B1 B9 C1 8D 8A
[T+6726207180us][CH2-Pc    ] 04
[T+6726215187us][CH1-Dispenser] 04 64
[T+6726289180us][CH1-Dispenser] 05
[T+6726289316us][CH2-Pc    ] 05
[T+6726464180us][CH1-Dispenser] 06
[T+6726464315us][CH2-Pc    ] 06
[T+6726649324us][CH2-Pc    ] 01
[T+6726656271us][CH1-Dispenser] 01 61
[T+6726727180us][CH2-Pc    ] 02
[T+6726736206us][CH1-Dispenser] 02 62
[T+6726805204us][CH2-Pc    ] 03
[T+6726810789us][CH1-Dispenser] 03 73
[T+6726833180us][CH2-Pc    ] 23
[T+6726840181us][CH1-Dispenser] 23 D3
[T+6726854319us][CH1-Dispenser] FF
[T+6726854180us][CH2-Pc    ] FF
[T+6726867325us][CH1-Dispenser] E9
[T+6726867184us][CH2-Pc    ] E9
[T+6726880308us][CH1-Dispenser] FE
[T+6726880180us][CH2-Pc    ] FE
[T+6726892311us][CH1-Dispenser] E0
[T+6726892180us][CH2-Pc    ] E0
[T+6726905312us][CH1-Dispenser] E1
[T+6726905180us][CH2-Pc    ] E1
[T+6726919325us][CH1-Dispenser] E0
[T+6726919186us][CH2-Pc    ] E0
[T+6726931318us][CH1-Dispenser] FB
[T+6726931183us][CH2-Pc    ] FB
[T+6726944183us][CH1-Dispenser] EE
[T+6726944315us][CH2-Pc    ] EE
[T+6726957181us][CH1-Dispenser] F0
[T+6726957311us][CH2-Pc    ] F0
[T+6726990204us][CH1-Dispenser] BA B0 B3 B3 B0 B1 B0 B0 B0 B0 B1 B1 B1 B1 B1 B9 C1 8D 8A
[T+6727058180us][CH2-Pc    ] 04
[T+6727066823us][CH1-Dispenser] 04 64
[T+6727137315us][CH1-Dispenser] 05
[T+6727137181us][CH2-Pc    ] 05
[T+6727311181us][CH1-Dispenser] 06
[T+6727311316us][CH2-Pc    ] 06
[T+6727486180us][CH2-Pc    ] 01
[T+6727491179us][CH1-Dispenser] 01 61
[T+6727554205us][CH2-Pc    ] 02
[T+6727561180us][CH1-Dispenser] 02 62
[T+6727632180us][CH2-Pc    ] 03
[T+6727641204us][CH1-Dispenser] 03 73
[T+6727659204us][CH2-Pc    ] 23
[T+6727666180us][CH1-Dispenser] 23 D3
[T+6727680315us][CH1-Dispenser] FF
[T+6727680181us][CH2-Pc    ] FF
[T+6727693313us][CH1-Dispenser] E9
[T+6727693180us][CH2-Pc    ] E9
[T+6727706313us][CH1-Dispenser] FE
[T+6727706180us][CH2-Pc    ] FE
[T+6727718310us][CH1-Dispenser] E0
[T+6727718181us][CH2-Pc    ] E0
[T+6727731314us][CH1-Dispenser] E1
[T+6727731180us][CH2-Pc    ] E1
[T+6727744504us][CH1-Dispenser] E0
[T+6727744348us][CH2-Pc    ] E0
[T+6727757320us][CH1-Dispenser] FB
[T+6727757184us][CH2-Pc    ] FB
[T+6727769326us][CH1-Dispenser] EE
[T+6727769188us][CH2-Pc    ] EE
[T+6727782180us][CH2-Pc    ] F0
[T+6727812205us][CH1-Dispenser] F0 BA B0 B3 B3 B0 B1 B0 B0 B0 B0 B1 B1 B1 B1 B1 B9 C1 8D 8A
[T+6727884204us][CH2-Pc    ] 04
[T+6727891833us][CH1-Dispenser] 04 64
[T+6727963181us][CH1-Dispenser] 05
[T+6727963314us][CH2-Pc    ] 05
[T+6728148314us][CH1-Dispenser] 06
[T+6728148180us][CH2-Pc    ] 06
[T+6728312180us][CH2-Pc    ] 01
[T+6728321204us][CH1-Dispenser] 01 61
[T+6728391180us][CH2-Pc    ] 02
[T+6728397218us][CH1-Dispenser] 02 72
[T+6728418204us][CH2-Pc    ] 22
[T+6728426185us][CH1-Dispenser] 22 D2
[T+6728439181us][CH1-Dispenser] FF
[T+6728439313us][CH2-Pc    ] FF
[T+6728452314us][CH1-Dispenser] E9
[T+6728452180us][CH2-Pc    ] E9
[T+6728464313us][CH1-Dispenser] FE
[T+6728464180us][CH2-Pc    ] FE
[T+6728477312us][CH1-Dispenser] E0
[T+6728477180us][CH2-Pc    ] E0
[T+6728490180us][CH1-Dispenser] E1
[T+6728490313us][CH2-Pc    ] E1
[T+6728503311us][CH1-Dispenser] E0
[T+6728503180us][CH2-Pc    ] E0
[T+6728515320us][CH1-Dispenser] FB
[T+6728515184us][CH2-Pc    ] FB
[T+6728528323us][CH1-Dispenser] EE
[T+6728528183us][CH2-Pc    ] EE
[T+6728541180us][CH2-Pc    ] F0
[T+6728568204us][CH1-Dispenser] F0 BA B0 B3 B2 B0 B1 B0 B0 B0 B0 B1 B1 B1 B1 B1 C1 C1 8D 8A
[T+6728633180us][CH2-Pc    ] 03
[T+6728641832us][CH1-Dispenser] 03 73
[T+6728660180us][CH2-Pc    ] 23
[T+6728666203us][CH1-Dispenser] 23 D3
[T+6728681309us][CH1-Dispenser] FF
[T+6728681180us][CH2-Pc    ] FF
[T+6728694313us][CH1-Dispenser] E9
[T+6728694180us][CH2-Pc    ] E9
[T+6728707336us][CH1-Dispenser] FE
[T+6728707198us][CH2-Pc    ] FE
[T+6728719318us][CH1-Dispenser] E0
[T+6728719183us][CH2-Pc    ] E0
[T+6728732184us][CH1-Dispenser] E1
[T+6728732323us][CH2-Pc    ] E1
[T+6728745317us][CH1-Dispenser] E0
[T+6728745183us][CH2-Pc    ] E0
[T+6728757316us][CH1-Dispenser] FB
[T+6728757180us][CH2-Pc    ] FB
[T+6728770316us][CH1-Dispenser] EE
[T+6728770181us][CH2-Pc    ] EE
[T+6728783180us][CH2-Pc    ] F0
[T+6728813204us][CH1-Dispenser] F0 BA B0 B3 B3 B0 B1 B0 B0 B0 B0 B1 B1 B1 B1 B1 B9 C1 8D 8A
[T+6728886180us][CH2-Pc    ] 04
[T+6728895218us][CH1-Dispenser] 04 64
[T+6728965315us][CH1-Dispenser] 05
[T+6728965180us][CH2-Pc    ] 05
[T+6729139316us][CH1-Dispenser] 06
[T+6729139180us][CH2-Pc    ] 06
[T+6729314180us][CH2-Pc    ] 01
[T+6729321180us][CH1-Dispenser] 01 61
[T+6729392180us][CH2-Pc    ] 02
[T+6729401204us][CH1-Dispenser] 02 72
[T+6729421452us][CH2-Pc    ] 22
[T+6729426179us][CH1-Dispenser] 22 D2
[T+6729446315us][CH1-Dispenser] FF
[T+6729446180us][CH2-Pc    ] FF
[T+6729458313us][CH1-Dispenser] E9
[T+6729458180us][CH2-Pc    ] E9
[T+6729470312us][CH1-Dispenser] FE
[T+6729470180us][CH2-Pc    ] FE
[T+6729492312us][CH1-Dispenser] E0
[T+6729492180us][CH2-Pc    ] E0
[T+6729513316us][CH1-Dispenser] E1
[T+6729513180us][CH2-Pc    ] E1
[T+6729535313us][CH1-Dispenser] E0
[T+6729535180us][CH2-Pc    ] E0
[T+6729557313us][CH1-Dispenser] FB
[T+6729557180us][CH2-Pc    ] FB
[T+6729570323us][CH1-Dispenser] EE
[T+6729570184us][CH2-Pc    ] EE
[T+6729590180us][CH2-Pc    ] F0
[T+6729620204us][CH1-Dispenser] F0 BA B0 B3 B2 B0 B1 B0 B0 B0 B0 B1 B1 B1 B1 B1 C1 C1 8D 8A
[T+6729708180us][CH2-Pc    ] 03
[T+6729716180us][CH1-Dispenser] 03 73
[T+6729735180us][CH2-Pc    ] 23
[T+6729739785us][CH1-Dispenser] 23 D3
[T+6729757180us][CH1-Dispenser] FF
[T+6729757315us][CH2-Pc    ] FF
[T+6729769309us][CH1-Dispenser] E9
[T+6729769181us][CH2-Pc    ] E9
[T+6729782326us][CH1-Dispenser] FE
[T+6729782188us][CH2-Pc    ] FE
[T+6729796322us][CH1-Dispenser] E0
[T+6729796183us][CH2-Pc    ] E0
[T+6729808323us][CH1-Dispenser] E1
[T+6729808183us][CH2-Pc    ] E1
[T+6729820183us][CH2-Pc    ] E0
[T+6729821179us][CH1-Dispenser] E0
[T+6729833312us][CH1-Dispenser] FB
[T+6729833180us][CH2-Pc    ] FB
[T+6729845315us][CH1-Dispenser] EE
[T+6729845180us][CH2-Pc    ] EE
[T+6729858180us][CH2-Pc    ] F0
[T+6729887180us][CH1-Dispenser] F0 BA B0 B3 B3 B0 B1 B0 B0 B0 B0 B1 B1 B1 B1 B1 B9 C1 8D 8A
[T+6729965179us][CH1-Dispenser] 04 64
[T+6729961180us][CH2-Pc    ] 04
[T+6730028317us][CH1-Dispenser] 05
[T+6730028180us][CH2-Pc    ] 05
[T+6730203181us][CH1-Dispenser] 06
[T+6730203319us][CH2-Pc    ] 06
[T+6730378180us][CH2-Pc    ] 01
[T+6730388180us][CH1-Dispenser] 01 61
[T+6730456180us][CH2-Pc    ] 02
[T+6730462203us][CH1-Dispenser] 02 72
[T+6730483204us][CH2-Pc    ] 22
[T+6730491808us][CH1-Dispenser] 22 D2
[T+6730505180us][CH1-Dispenser] FF
[T+6730505313us][CH2-Pc    ] FF
[T+6730518321us][CH1-Dispenser] E9
[T+6730518183us][CH2-Pc    ] E9
[T+6730531325us][CH1-Dispenser] FE
[T+6730531185us][CH2-Pc    ] FE
[T+6730543370us][CH1-Dispenser] E0
[T+6730543234us][CH2-Pc    ] E0
[T+6730556183us][CH1-Dispenser] E1
[T+6730556320us][CH2-Pc    ] E1
[T+6730569323us][CH1-Dispenser] E0
[T+6730569184us][CH2-Pc    ] E0
[T+6730583320us][CH1-Dispenser] FB
[T+6730583183us][CH2-Pc    ] FB
[T+6730595313us][CH1-Dispenser] EE
[T+6730595180us][CH2-Pc    ] EE
[T+6730608180us][CH2-Pc    ] F0
[T+6730638205us][CH1-Dispenser] F0 BA B0 B3 B2 B0 B1 B0 B0 B0 B0 B1 B1 B1 B1 B1 C1 C1 8D 8A
[T+6730710204us][CH2-Pc    ] 03
[T+6730715179us][CH1-Dispenser] 03 73
[T+6730737180us][CH2-Pc    ] 23
[T+6730745182us][CH1-Dispenser] 23 D3
[T+6730758320us][CH1-Dispenser] FF
[T+6730758181us][CH2-Pc    ] FF
[T+6730771320us][CH1-Dispenser] E9
[T+6730771182us][CH2-Pc    ] E9
[T+6730786309us][CH1-Dispenser] FE
[T+6730786181us][CH2-Pc    ] FE
[T+6730798320us][CH1-Dispenser] E0
[T+6730798184us][CH2-Pc    ] E0
[T+6730811184us][CH1-Dispenser] E1
[T+6730811323us][CH2-Pc    ] E1
[T+6730824325us][CH1-Dispenser] E0
[T+6730824185us][CH2-Pc    ] E0
[T+6730837317us][CH1-Dispenser] FB
[T+6730837184us][CH2-Pc    ] FB
[T+6730849181us][CH1-Dispenser] EE
[T+6730849315us][CH2-Pc    ] EE
[T+6730862279us][CH2-Pc    ] F0
[T+6730893180us][CH1-Dispenser] F0 BA B0 B3 B3 B0 B1 B0 B0 B0 B0 B1 B1 B1 B1 B1 B9 C1 8D 8A
[T+6730963180us][CH2-Pc    ] 04
[T+6730970179us][CH1-Dispenser] 04 64
[T+6731042316us][CH1-Dispenser] 05
[T+6731042181us][CH2-Pc    ] 05
[T+6731227182us][CH1-Dispenser] 06
[T+6731227314us][CH2-Pc    ] 06
[T+6731391180us][CH2-Pc    ] 01
[T+6731397203us][CH1-Dispenser] 01 61
[T+6731469204us][CH2-Pc    ] 02
[T+6731476838us][CH1-Dispenser] 02 72
[T+6731497204us][CH2-Pc    ] 22
[T+6731502179us][CH1-Dispenser] 22 D2
[T+6731518180us][CH1-Dispenser] FF
[T+6731518312us][CH2-Pc    ] FF
[T+6731538313us][CH1-Dispenser] E9
[T+6731538180us][CH2-Pc    ] E9
[T+6731550314us][CH1-Dispenser] FE
[T+6731550181us][CH2-Pc    ] FE
[T+6731563309us][CH1-Dispenser] E0
[T+6731563181us][CH2-Pc    ] E0
[T+6731576314us][CH1-Dispenser] E1
[T+6731576181us][CH2-Pc    ] E1
[T+6731588315us][CH1-Dispenser] E0
[T+6731588180us][CH2-Pc    ] E0
[T+6731601836us][CH1-Dispenser] FB
[T+6731601665us][CH2-Pc    ] FB
[T+6731614315us][CH1-Dispenser] EE
[T+6731614180us][CH2-Pc    ] EE
[T+6731627180us][CH2-Pc    ] F0
[T+6731655180us][CH1-Dispenser] F0 BA B0 B3 B2 B0 B1 B0 B0 B0 B0 B1 B1 B1 B1 B1 C1 C1 8D 8A
[T+6731719180us][CH2-Pc    ] 03
[T+6731725825us][CH1-Dispenser] 03 73
[T+6731746204us][CH2-Pc    ] 23
[T+6731752832us][CH1-Dispenser] 23 D3
[T+6731767181us][CH1-Dispenser] FF
[T+6731767314us][CH2-Pc    ] FF
[T+6731784316us][CH1-Dispenser] E9
[T+6731784181us][CH2-Pc    ] E9
[T+6731796317us][CH1-Dispenser] FE
[T+6731796184us][CH2-Pc    ] FE
[T+6731810183us][CH1-Dispenser] E0
[T+6731810323us][CH2-Pc    ] E0
[T+6731822321us][CH1-Dispenser] E1
[T+6731822183us][CH2-Pc    ] E1
[T+6731835317us][CH1-Dispenser] E0
[T+6731835181us][CH2-Pc    ] E0
[T+6731847183us][CH1-Dispenser] FB
[T+6731847317us][CH2-Pc    ] FB
[T+6731860328us][CH1-Dispenser] EE
[T+6731860189us][CH2-Pc    ] EE
[T+6731873318us][CH1-Dispenser] F0
[T+6731873183us][CH2-Pc    ] F0
[T+6731905180us][CH1-Dispenser] BA B0 B3 B3 B0 B1 B0 B0 B0 B0 B1 B1 B1 B1 B1 B9 C1 8D 8A
[T+6731974205us][CH2-Pc    ] 04
[T+6731981181us][CH1-Dispenser] 04 64
[T+6732064181us][CH1-Dispenser] 05
[T+6732064318us][CH2-Pc    ] 05
[T+6732242180us][CH1-Dispenser] 06
[T+6732242315us][CH2-Pc    ] 06
[T+6732406342us][CH2-Pc    ] 01
[T+6732413181us][CH1-Dispenser] 01 61
[T+6732484180us][CH2-Pc    ] 02
[T+6732493220us][CH1-Dispenser] 02 72
[T+6732512180us][CH2-Pc    ] 22
[T+6732521218us][CH1-Dispenser] 22 D2
[T+6732534180us][CH1-Dispenser] FF
[T+6732534315us][CH2-Pc    ] FF
[T+6732547324us][CH1-Dispenser] E9
[T+6732547185us][CH2-Pc    ] E9
[T+6732560179us][CH1-Dispenser] FE
[T+6732559266us][CH2-Pc    ] FE
[T+6732573184us][CH1-Dispenser] E0
[T+6732573324us][CH2-Pc    ] E0
[T+6732585181us][CH1-Dispenser] E1
[T+6732585323us][CH2-Pc    ] E1
[T+6732597317us][CH1-Dispenser] E0
[T+6732597181us][CH2-Pc    ] E0
[T+6732610321us][CH1-Dispenser] FB
[T+6732610185us][CH2-Pc    ] FB
[T+6732623180us][CH1-Dispenser] EE
[T+6732623313us][CH2-Pc    ] EE
[T+6732635204us][CH2-Pc    ] F0
[T+6732664180us][CH1-Dispenser] F0 BA B0 B3 B2 B0 B1 B0 B0 B0 B0 B1 B1 B1 B1 B1 C1 C1 8D 8A
[T+6732737180us][CH2-Pc    ] 03
[T+6732745186us][CH1-Dispenser] 03 73
[T+6732764180us][CH2-Pc    ] 23
[T+6732770219us][CH1-Dispenser] 23 D3
[T+6732786319us][CH1-Dispenser] FF
[T+6732786181us][CH2-Pc    ] FF
[T+6732798317us][CH1-Dispenser] E9
[T+6732798180us][CH2-Pc    ] E9
[T+6732811313us][CH1-Dispenser] FE
[T+6732811180us][CH2-Pc    ] FE
[T+6732824312us][CH1-Dispenser] E0
[T+6732824180us][CH2-Pc    ] E0
[T+6732836313us][CH1-Dispenser] E1
[T+6732836180us][CH2-Pc    ] E1
[T+6732849317us][CH1-Dispenser] E0
[T+6732849181us][CH2-Pc    ] E0
[T+6732862313us][CH1-Dispenser] FB
[T+6732862180us][CH2-Pc    ] FB
[T+6732875180us][CH1-Dispenser] EE
[T+6732875312us][CH2-Pc    ] EE
[T+6732887209us][CH2-Pc    ] F0
[T+6732918180us][CH1-Dispenser] F0 BA B0 B3 B3 B0 B1 B0 B0 B0 B0 B1 B1 B1 B1 B1 B9 C1 8D 8A
[T+6732989182us][CH2-Pc    ] 04
[T+6732996180us][CH1-Dispenser] 04 64
[T+6733067316us][CH1-Dispenser] 05
[T+6733067180us][CH2-Pc    ] 05
[T+6733242180us][CH1-Dispenser] 06
[T+6733242316us][CH2-Pc    ] 06
[T+6733406343us][CH2-Pc    ] 01
[T+6733411179us][CH1-Dispenser] 01 61
[T+6733484180us][CH2-Pc    ] 02
[T+6733493435us][CH1-Dispenser] 02 72
[T+6733511231us][CH2-Pc    ] 22
[T+6733516179us][CH1-Dispenser] 22 D2
[T+6733533318us][CH1-Dispenser] FF
[T+6733533180us][CH2-Pc    ] FF
[T+6733545324us][CH1-Dispenser] E9
[T+6733545185us][CH2-Pc    ] E9
[T+6733558297us][CH1-Dispenser] FE
[T+6733558183us][CH2-Pc    ] FE
[T+6733571326us][CH1-Dispenser] E0
[T+6733571185us][CH2-Pc    ] E0
[T+6733585186us][CH1-Dispenser] E1
[T+6733585326us][CH2-Pc    ] E1
[T+6733596320us][CH1-Dispenser] E0
[T+6733596184us][CH2-Pc    ] E0
[T+6733609321us][CH1-Dispenser] FB
[T+6733609184us][CH2-Pc    ] FB
[T+6733622314us][CH1-Dispenser] EE
[T+6733622182us][CH2-Pc    ] EE
[T+6733635180us][CH2-Pc    ] F0
[T+6733664180us][CH1-Dispenser] F0 BA B0 B3 B2 B0 B1 B0 B0 B0 B0 B1 B1 B1 B1 B1 C1 C1 8D 8A
[T+6733736204us][CH2-Pc    ] 03
[T+6733742866us][CH1-Dispenser] 03 73
[T+6733763204us][CH2-Pc    ] 23
[T+6733772187us][CH1-Dispenser] 23 D3
[T+6733785315us][CH1-Dispenser] FF
[T+6733785181us][CH2-Pc    ] FF
[T+6733797314us][CH1-Dispenser] E9
[T+6733797180us][CH2-Pc    ] E9
[T+6733810325us][CH1-Dispenser] FE
[T+6733810186us][CH2-Pc    ] FE
[T+6733823315us][CH1-Dispenser] E0
[T+6733823181us][CH2-Pc    ] E0
[T+6733836315us][CH1-Dispenser] E1
[T+6733836181us][CH2-Pc    ] E1
[T+6733848313us][CH1-Dispenser] E0
[T+6733848180us][CH2-Pc    ] E0
[T+6733861313us][CH1-Dispenser] FB
[T+6733861180us][CH2-Pc    ] FB
[T+6733880312us][CH1-Dispenser] EE
[T+6733880180us][CH2-Pc    ] EE
[T+6733892180us][CH1-Dispenser] F0
[T+6733892314us][CH2-Pc    ] F0
[T+6733925204us][CH1-Dispenser] BA B0 B3 B3 B0 B1 B0 B0 B0 B0 B1 B1 B1 B1 B1 B9 C1 8D 8A
[T+6733994205us][CH2-Pc    ] 04
[T+6733999179us][CH1-Dispenser] 04 64
[T+6734072180us][CH1-Dispenser] 05
[T+6734072315us][CH2-Pc    ] 05
[T+6734257180us][CH1-Dispenser] 06
[T+6734257316us][CH2-Pc    ] 06
[T+6734421180us][CH2-Pc    ] 01
[T+6734426179us][CH1-Dispenser] 01 61
[T+6734489205us][CH2-Pc    ] 02
[T+6734498204us][CH1-Dispenser] 02 72
[T+6734516204us][CH2-Pc    ] 22
[T+6734522367us][CH1-Dispenser] 22 D2
[T+6734538315us][CH1-Dispenser] FF
[T+6734538181us][CH2-Pc    ] FF
[T+6734550317us][CH1-Dispenser] E9
[T+6734550182us][CH2-Pc    ] E9
[T+6734563313us][CH1-Dispenser] FE
[T+6734563180us][CH2-Pc    ] FE
[T+6734576313us][CH1-Dispenser] E0
[T+6734576180us][CH2-Pc    ] E0
[T+6734588180us][CH1-Dispenser] E1
[T+6734588313us][CH2-Pc    ] E1
[T+6734601314us][CH1-Dispenser] E0
[T+6734601180us][CH2-Pc    ] E0
[T+6734614320us][CH1-Dispenser] FB
[T+6734614184us][CH2-Pc    ] FB
[T+6734627182us][CH1-Dispenser] EE
[T+6734626183us][CH2-Pc    ] EE
[T+6734639205us][CH2-Pc    ] F0
[T+6734669204us][CH1-Dispenser] F0 BA B0 B3 B2 B0 B1 B0 B0 B0 B0 B1 B1 B1 B1 B1 C1 C1 8D 8A
[T+6734743180us][CH2-Pc    ] 03
[T+6734753181us][CH1-Dispenser] 03 73
[T+6734770180us][CH2-Pc    ] 23
[T+6734776218us][CH1-Dispenser] 23 D3
[T+6734792180us][CH1-Dispenser] FF
[T+6734792314us][CH2-Pc    ] FF
[T+6734804310us][CH1-Dispenser] E9
[T+6734804180us][CH2-Pc    ] E9
[T+6734817312us][CH1-Dispenser] FE
[T+6734817180us][CH2-Pc    ] FE
[T+6734830314us][CH1-Dispenser] E0
[T+6734830180us][CH2-Pc    ] E0
[T+6734842314us][CH1-Dispenser] E1
[T+6734842181us][CH2-Pc    ] E1
[T+6734855321us][CH1-Dispenser] E0
[T+6734855184us][CH2-Pc    ] E0
[T+6734868314us][CH1-Dispenser] FB
[T+6734868180us][CH2-Pc    ] FB
[T+6734880181us][CH1-Dispenser] EE
[T+6734880313us][CH2-Pc    ] EE
[T+6734893180us][CH2-Pc    ] F0
[T+6734922180us][CH1-Dispenser] F0 BA B0 B3 B3 B0 B1 B0 B0 B0 B0 B1 B1 B1 B1 B1 B9 C1 8D 8A
[T+6734991204us][CH2-Pc    ] 04
[T+6734996834us][CH1-Dispenser] 04 64
[T+6735069181us][CH1-Dispenser] 05
[T+6735069315us][CH2-Pc    ] 05
[T+6735233318us][CH1-Dispenser] 06
[T+6735233180us][CH2-Pc    ] 06
[T+6735408180us][CH2-Pc    ] 01
[T+6735417204us][CH1-Dispenser] 01 61
[T+6735486204us][CH2-Pc    ] 02
[T+6735491834us][CH1-Dispenser] 02 72
[T+6735513180us][CH2-Pc    ] 22
[T+6735522205us][CH1-Dispenser] 22 D2
[T+6735535180us][CH1-Dispenser] FF
[T+6735535313us][CH2-Pc    ] FF
[T+6735547319us][CH1-Dispenser] E9
[T+6735547181us][CH2-Pc    ] E9
[T+6735560317us][CH1-Dispenser] FE
[T+6735560180us][CH2-Pc    ] FE
[T+6735573317us][CH1-Dispenser] E0
[T+6735573181us][CH2-Pc    ] E0
[T+6735585182us][CH1-Dispenser] E1
[T+6735586180us][CH2-Pc    ] E1
[T+6735599322us][CH1-Dispenser] E0
[T+6735599183us][CH2-Pc    ] E0
[T+6735611315us][CH1-Dispenser] FB
[T+6735611181us][CH2-Pc    ] FB
[T+6735624313us][CH1-Dispenser] EE
[T+6735624180us][CH2-Pc    ] EE
[T+6735636204us][CH2-Pc    ] F0
[T+6735664180us][CH1-Dispenser] F0 BA B0 B3 B2 B0 B1 B0 B0 B0 B0 B1 B1 B1 B1 B1 C1 C1 8D 8A
[T+6735735180us][CH2-Pc    ] 03
[T+6735740179us][CH1-Dispenser] 03 73
[T+6735762180us][CH2-Pc    ] 23
[T+6735770829us][CH1-Dispenser] 23 D3
[T+6735784180us][CH1-Dispenser] FF
[T+6735784318us][CH2-Pc    ] FF
[T+6735797323us][CH1-Dispenser] E9
[T+6735797183us][CH2-Pc    ] E9
[T+6735811179us][CH1-Dispenser] FE
[T+6735810182us][CH2-Pc    ] FE
[T+6735822327us][CH1-Dispenser] E0
[T+6735822189us][CH2-Pc    ] E0
[T+6735834211us][CH1-Dispenser] E1
[T+6735835179us][CH2-Pc    ] E1
[T+6735847318us][CH1-Dispenser] E0
[T+6735847183us][CH2-Pc    ] E0
[T+6735860327us][CH1-Dispenser] FB
[T+6735860187us][CH2-Pc    ] FB
[T+6735873325us][CH1-Dispenser] EE
[T+6735873186us][CH2-Pc    ] EE
[T+6735885204us][CH2-Pc    ] F0
[T+6735913180us][CH1-Dispenser] F0 BA B0 B3 B3 B0 B1 B0 B0 B0 B0 B1 B1 B1 B1 B1 B9 C1 8D 8A
[T+6735977180us][CH2-Pc    ] 04
[T+6735985187us][CH1-Dispenser] 04 64
[T+6736055181us][CH1-Dispenser] 05
[T+6736055315us][CH2-Pc    ] 05
[T+6736219316us][CH1-Dispenser] 06
[T+6736219181us][CH2-Pc    ] 06
[T+6736394180us][CH2-Pc    ] 01
[T+6736403218us][CH1-Dispenser] 01 61
[T+6736472207us][CH2-Pc    ] 02
[T+6736477179us][CH1-Dispenser] 02 72
[T+6736489204us][CH2-Pc    ] 22
[T+6736496814us][CH1-Dispenser] 22 D2
[T+6736510315us][CH1-Dispenser] FF
[T+6736510180us][CH2-Pc    ] FF
[T+6736523327us][CH1-Dispenser] E9
[T+6736523188us][CH2-Pc    ] E9
[T+6736536317us][CH1-Dispenser] FE
[T+6736536181us][CH2-Pc    ] FE
[T+6736548316us][CH1-Dispenser] E0
[T+6736548181us][CH2-Pc    ] E0
[T+6736561475us][CH1-Dispenser] E1
[T+6736561612us][CH2-Pc    ] E1
[T+6736574303us][CH1-Dispenser] E0
[T+6736574181us][CH2-Pc    ] E0
[T+6736586314us][CH1-Dispenser] FB
[T+6736586182us][CH2-Pc    ] FB
[T+6736599181us][CH1-Dispenser] EE
[T+6736599315us][CH2-Pc    ] EE
[T+6736612180us][CH2-Pc    ] F0
[T+6736640180us][CH1-Dispenser] F0 BA B0 B3 B2 B0 B1 B0 B0 B0 B0 B1 B1 B1 B1 B1 C1 C1 8D 8A
[T+6736713180us][CH2-Pc    ] 03
[T+6736722219us][CH1-Dispenser] 03 73
[T+6736741180us][CH2-Pc    ] 23
[T+6736745179us][CH1-Dispenser] 23 D3
[T+6736762314us][CH1-Dispenser] FF
[T+6736762180us][CH2-Pc    ] FF
[T+6736775328us][CH1-Dispenser] E9
[T+6736775187us][CH2-Pc    ] E9
[T+6736788308us][CH1-Dispenser] FE
[T+6736788180us][CH2-Pc    ] FE
[T+6736800320us][CH1-Dispenser] E0
[T+6736800184us][CH2-Pc    ] E0
[T+6736813180us][CH1-Dispenser] E1
[T+6736813313us][CH2-Pc    ] E1
[T+6736826313us][CH1-Dispenser] E0
[T+6736826180us][CH2-Pc    ] E0
[T+6736838308us][CH1-Dispenser] FB
[T+6736838180us][CH2-Pc    ] FB
[T+6736851180us][CH1-Dispenser] EE
[T+6736851311us][CH2-Pc    ] EE
[T+6736864180us][CH2-Pc    ] F0
[T+6736895180us][CH1-Dispenser] F0 BA B0 B3 B3 B0 B1 B0 B0 B0 B0 B1 B1 B1 B1 B1 B9 C1 8D 8A
[T+6736965180us][CH2-Pc    ] 04
[T+6736971218us][CH1-Dispenser] 04 64
[T+6737043180us][CH1-Dispenser] 05
[T+6737044179us][CH2-Pc    ] 05
[T+6737218315us][CH1-Dispenser] 06
[T+6737218181us][CH2-Pc    ] 06
[T+6737393181us][CH2-Pc    ] 01
[T+6737401182us][CH1-Dispenser] 01 61
[T+6737471180us][CH2-Pc    ] 02
[T+6737477203us][CH1-Dispenser] 02 72
[T+6737499180us][CH2-Pc    ] 22
[T+6737507187us][CH1-Dispenser] 22 D2
[T+6737520322us][CH1-Dispenser] FF
[T+6737520185us][CH2-Pc    ] FF
[T+6737533324us][CH1-Dispenser] E9
[T+6737533184us][CH2-Pc    ] E9
[T+6737546323us][CH1-Dispenser] FE
[T+6737546183us][CH2-Pc    ] FE
[T+6737558317us][CH1-Dispenser] E0
[T+6737558184us][CH2-Pc    ] E0
[T+6737571183us][CH1-Dispenser] E1
[T+6737571318us][CH2-Pc    ] E1
[T+6737583324us][CH1-Dispenser] E0
[T+6737583185us][CH2-Pc    ] E0
[T+6737596553us][CH1-Dispenser] FB
[T+6737596416us][CH2-Pc    ] FB
[T+6737609283us][CH1-Dispenser] EE
[T+6737609181us][CH2-Pc    ] EE
[T+6737622180us][CH2-Pc    ] F0
[T+6737651180us][CH1-Dispenser] F0 BA B0 B3 B2 B0 B1 B0 B0 B0 B0 B1 B1 B1 B1 B1 C1 C1 8D 8A
[T+6737723204us][CH2-Pc    ] 03
[T+6737731834us][CH1-Dispenser] 03 73
[T+6737750180us][CH2-Pc    ] 23
[T+6737756203us][CH1-Dispenser] 23 D3
[T+6737772315us][CH1-Dispenser] FF
[T+6737772180us][CH2-Pc    ] FF
[T+6737787313us][CH1-Dispenser] E9
[T+6737787180us][CH2-Pc    ] E9
[T+6737799319us][CH1-Dispenser] FE
[T+6737799183us][CH2-Pc    ] FE
[T+6737812315us][CH1-Dispenser] E0
[T+6737812180us][CH2-Pc    ] E0
[T+6737825318us][CH1-Dispenser] E1
[T+6737825181us][CH2-Pc    ] E1
[T+6737837317us][CH1-Dispenser] E0
[T+6737837181us][CH2-Pc    ] E0
[T+6737850314us][CH1-Dispenser] FB
[T+6737850180us][CH2-Pc    ] FB
[T+6737863320us][CH1-Dispenser] EE
[T+6737863184us][CH2-Pc    ] EE
[T+6737876180us][CH2-Pc    ] F0
[T+6737906367us][CH1-Dispenser] F0 BA B0 B3 B3 B0 B1 B0 B0 B0 B0 B1 B1 B1 B1 B1 B9 C1 8D 8A
[T+6737977180us][CH2-Pc    ] 04
[T+6737985187us][CH1-Dispenser] 04 64
[T+6738056181us][CH1-Dispenser] 05
[T+6738056317us][CH2-Pc    ] 05
[T+6738219316us][CH1-Dispenser] 06
[T+6738219181us][CH2-Pc    ] 06
[T+6738394180us][CH2-Pc    ] 01
[T+6738404180us][CH1-Dispenser] 01 61
[T+6738472180us][CH2-Pc    ] 02
[T+6738477179us][CH1-Dispenser] 02 72
[T+6738489208us][CH2-Pc    ] 22
[T+6738497187us][CH1-Dispenser] 22 D2
[T+6738511315us][CH1-Dispenser] FF
[T+6738511180us][CH2-Pc    ] FF
[T+6738524315us][CH1-Dispenser] E9
[T+6738524180us][CH2-Pc    ] E9
[T+6738537313us][CH1-Dispenser] FE
[T+6738537181us][CH2-Pc    ] FE
[T+6738549315us][CH1-Dispenser] E0
[T+6738549180us][CH2-Pc    ] E0
[T+6738562181us][CH1-Dispenser] E1
[T+6738562313us][CH2-Pc    ] E1
[T+6738575315us][CH1-Dispenser] E0
[T+6738575181us][CH2-Pc    ] E0
[T+6738587314us][CH1-Dispenser] FB
[T+6738587182us][CH2-Pc    ] FB
[T+6738600180us][CH1-Dispenser] EE
[T+6738600311us][CH2-Pc    ] EE
[T+6738613180us][CH2-Pc    ] F0
[T+6738644180us][CH1-Dispenser] F0 BA B0 B3 B2 B0 B1 B0 B0 B0 B0 B1 B1 B1 B1 B1 C1 C1 8D 8A
[T+6738715180us][CH2-Pc    ] 03
[T+6738720808us][CH1-Dispenser] 03 73
[T+6738743180us][CH2-Pc    ] 23
[T+6738751181us][CH1-Dispenser] 23 D3
[T+6738764180us][CH1-Dispenser] FF
[T+6738764317us][CH2-Pc    ] FF
[T+6738777313us][CH1-Dispenser] E9
[T+6738777181us][CH2-Pc    ] E9
[T+6738790313us][CH1-Dispenser] FE
[T+6738790180us][CH2-Pc    ] FE
[T+6738802315us][CH1-Dispenser] E0
[T+6738802181us][CH2-Pc    ] E0
[T+6738815317us][CH1-Dispenser] E1
[T+6738815182us][CH2-Pc    ] E1
[T+6738828323us][CH1-Dispenser] E0
[T+6738828183us][CH2-Pc    ] E0
[T+6738840314us][CH1-Dispenser] FB
[T+6738840181us][CH2-Pc    ] FB
[T+6738853313us][CH1-Dispenser] EE
[T+6738853180us][CH2-Pc    ] EE
[T+6738866180us][CH2-Pc    ] F0
[T+6738893205us][CH1-Dispenser] F0 BA B0 B3 B3 B0 B1 B0 B0 B0 B0 B1 B1 B1 B1 B1 B9 C1 8D 8A
[T+6738958180us][CH2-Pc    ] 04
[T+6738965180us][CH1-Dispenser] 04 64
[T+6739036180us][CH1-Dispenser] 05
[T+6739036317us][CH2-Pc    ] 05
[T+6739211315us][CH1-Dispenser] 06
[T+6739211180us][CH2-Pc    ] 06
[T+6739374180us][CH2-Pc    ] 01
[T+6739383215us][CH1-Dispenser] 01 61
[T+6739453180us][CH2-Pc    ] 02
[T+6739462219us][CH1-Dispenser] 02 72
[T+6739480205us][CH2-Pc    ] 22
[T+6739487179us][CH1-Dispenser] 22 D2
[T+6739501321us][CH1-Dispenser] FF
[T+6739501183us][CH2-Pc    ] FF
[T+6739514313us][CH1-Dispenser] E9
[T+6739514180us][CH2-Pc    ] E9
[T+6739527323us][CH1-Dispenser] FE
[T+6739527184us][CH2-Pc    ] FE
[T+6739539320us][CH1-Dispenser] E0
[T+6739539183us][CH2-Pc    ] E0
[T+6739552315us][CH1-Dispenser] E1
[T+6739552181us][CH2-Pc    ] E1
[T+6739565321us][CH1-Dispenser] E0
[T+6739565184us][CH2-Pc    ] E0
[T+6739578313us][CH1-Dispenser] FB
[T+6739578180us][CH2-Pc    ] FB
[T+6739590180us][CH1-Dispenser] EE
[T+6739590313us][CH2-Pc    ] EE
[T+6739603180us][CH2-Pc    ] F0
[T+6739635180us][CH1-Dispenser] F0 BA B0 B3 B2 B0 B1 B0 B0 B0 B0 B1 B1 B1 B1 B1 C1 C1 8D 8A
[T+6739705180us][CH2-Pc    ] 03
[T+6739713797us][CH1-Dispenser] 03 73
[T+6739732180us][CH2-Pc    ] 23
[T+6739741709us][CH1-Dispenser] 23 D3
[T+6739753180us][CH1-Dispenser] FF
[T+6739753314us][CH2-Pc    ] FF
[T+6739766319us][CH1-Dispenser] E9
[T+6739766181us][CH2-Pc    ] E9
[T+6739780323us][CH1-Dispenser] FE
[T+6739780184us][CH2-Pc    ] FE
[T+6739791422us][CH1-Dispenser] E0
[T+6739791282us][CH2-Pc    ] E0
[T+6739804180us][CH1-Dispenser] E1
[T+6739804312us][CH2-Pc    ] E1
[T+6739817313us][CH1-Dispenser] E0
[T+6739817180us][CH2-Pc    ] E0
[T+6739829315us][CH1-Dispenser] FB
[T+6739829181us][CH2-Pc    ] FB
[T+6739842180us][CH1-Dispenser] EE
[T+6739842308us][CH2-Pc    ] EE
[T+6739855180us][CH2-Pc    ] F0
[T+6739882204us][CH1-Dispenser] F0 BA B0 B3 B3 B0 B1 B0 B0 B0 B0 B1 B1 B1 B1 B1 B9 C1 8D 8A
[T+6739947180us][CH2-Pc    ] 04
[T+6739956209us][CH1-Dispenser] 04 64
[T+6740025180us][CH1-Dispenser] 05
[T+6740025316us][CH2-Pc    ] 05
[T+6740210181us][CH1-Dispenser] 06
[T+6740210317us][CH2-Pc    ] 06
[T+6740375204us][CH2-Pc    ] 01
[T+6740381219us][CH1-Dispenser] 01 61
[T+6740454180us][CH2-Pc    ] 02
[T+6740462817us][CH1-Dispenser] 02 72
[T+6740481180us][CH2-Pc    ] 22
[T+6740487203us][CH1-Dispenser] 22 D2
[T+6740502315us][CH1-Dispenser] FF
[T+6740502180us][CH2-Pc    ] FF
[T+6740515313us][CH1-Dispenser] E9
[T+6740515180us][CH2-Pc    ] E9
[T+6740528323us][CH1-Dispenser] FE
[T+6740528184us][CH2-Pc    ] FE
[T+6740540321us][CH1-Dispenser] E0
[T+6740540183us][CH2-Pc    ] E0
[T+6740553183us][CH1-Dispenser] E1
[T+6740553322us][CH2-Pc    ] E1
[T+6740566333us][CH1-Dispenser] E0
[T+6740566186us][CH2-Pc    ] E0
[T+6740579179us][CH1-Dispenser] FB
[T+6740578180us][CH2-Pc    ] FB
[T+6740592187us][CH1-Dispenser] EE
[T+6740592327us][CH2-Pc    ] EE
[T+6740604315us][CH1-Dispenser] F0
[T+6740604180us][CH2-Pc    ] F0
[T+6740637204us][CH1-Dispenser] BA B0 B3 B2 B0 B1 B0 B0 B0 B0 B1 B1 B1 B1 B1 C1 C1 8D 8A
[T+6740705180us][CH2-Pc    ] 03
[T+6740711868us][CH1-Dispenser] 03 73
[T+6740733180us][CH2-Pc    ] 23
[T+6740742205us][CH1-Dispenser] 23 D3
[T+6740754313us][CH1-Dispenser] FF
[T+6740754181us][CH2-Pc    ] FF
[T+6740767324us][CH1-Dispenser] E9
[T+6740767184us][CH2-Pc    ] E9
[T+6740780273us][CH1-Dispenser] FE
[T+6740780185us][CH2-Pc    ] FE
[T+6740792323us][CH1-Dispenser] E0
[T+6740792184us][CH2-Pc    ] E0
[T+6740805316us][CH1-Dispenser] E1
[T+6740805181us][CH2-Pc    ] E1
[T+6740818318us][CH1-Dispenser] E0
[T+6740818183us][CH2-Pc    ] E0
[T+6740830312us][CH1-Dispenser] FB
[T+6740830180us][CH2-Pc    ] FB
[T+6740843182us][CH1-Dispenser] EE
[T+6740844179us][CH2-Pc    ] EE
[T+6740856180us][CH2-Pc    ] F0
[T+6740882180us][CH1-Dispenser] F0 BA B0 B3 B3 B0 B1 B0 B0 B0 B0 B1 B1 B1 B1 B1 B9 C1 8D 8A
[T+6740947313us][CH1-Dispenser] 04
[T+6740947180us][CH2-Pc    ] 04
[T+6740958332us][CH1-Dispenser] 64
[T+6741025181us][CH1-Dispenser] 05
[T+6741025315us][CH2-Pc    ] 05
[T+6741210317us][CH1-Dispenser] 06
[T+6741210181us][CH2-Pc    ] 06
[T+6741375180us][CH2-Pc    ] 01
[T+6741383182us][CH1-Dispenser] 01 61
[T+6741457179us][CH1-Dispenser] 02 72
[T+6741453180us][CH2-Pc    ] 02
[T+6741474180us][CH2-Pc    ] 22
[T+6741482186us][CH1-Dispenser] 22 D2
[T+6741496181us][CH1-Dispenser] FF
[T+6741496316us][CH2-Pc    ] FF
[T+6741508315us][CH1-Dispenser] E9
[T+6741508180us][CH2-Pc    ] E9
[T+6741521313us][CH1-Dispenser] FE
[T+6741521180us][CH2-Pc    ] FE
[T+6741534316us][CH1-Dispenser] E0
[T+6741534180us][CH2-Pc    ] E0
[T+6741548320us][CH1-Dispenser] E1
[T+6741548183us][CH2-Pc    ] E1
[T+6741560323us][CH1-Dispenser] E0
[T+6741560184us][CH2-Pc    ] E0
[T+6741573320us][CH1-Dispenser] FB
[T+6741573183us][CH2-Pc    ] FB
[T+6741584188us][CH1-Dispenser] EE
[T+6741585193us][CH2-Pc    ] EE
[T+6741597185us][CH2-Pc    ] F0
[T+6741624204us][CH1-Dispenser] F0 BA B0 B3 B2 B0 B1 B0 B0 B0 B0 B1 B1 B1 B1 B1 C1 C1 8D 8A
[T+6741691180us][CH2-Pc    ] 03
[T+6741695179us][CH1-Dispenser] 03 73
[T+6741708657us][CH2-Pc    ] 23
[T+6741717210us][CH1-Dispenser] 23 D3
[T+6741729181us][CH1-Dispenser] FF
[T+6741729317us][CH2-Pc    ] FF
[T+6741742314us][CH1-Dispenser] E9
[T+6741742181us][CH2-Pc    ] E9
[T+6741754309us][CH1-Dispenser] FE
[T+6741754181us][CH2-Pc    ] FE
[T+6741767314us][CH1-Dispenser] E0
[T+6741767182us][CH2-Pc    ] E0
[T+6741780181us][CH1-Dispenser] E1
[T+6741780313us][CH2-Pc    ] E1
[T+6741792316us][CH1-Dispenser] E0
[T+6741792182us][CH2-Pc    ] E0
[T+6741805312us][CH1-Dispenser] FB
[T+6741805180us][CH2-Pc    ] FB
[T+6741818184us][CH1-Dispenser] EE
[T+6741818321us][CH2-Pc    ] EE
[T+6741830204us][CH2-Pc    ] F0
[T+6741859180us][CH1-Dispenser] F0 BA B0 B3 B3 B0 B1 B0 B0 B0 B0 B1 B1 B1 B1 B1 B9 C1 8D 8A
[T+6741932180us][CH2-Pc    ] 04
[T+6741940183us][CH1-Dispenser] 04 64
[T+6742010314us][CH1-Dispenser] 05
[T+6742010180us][CH2-Pc    ] 05
[T+6742196180us][CH1-Dispenser] 06
[T+6742196315us][CH2-Pc    ] 06
[T+6742360180us][CH2-Pc    ] 01
[T+6742367180us][CH1-Dispenser] 01 61
[T+6742438180us][CH2-Pc    ] 02
[T+6742448386us][CH1-Dispenser] 02 72
[T+6742465180us][CH2-Pc    ] 22
[T+6742473795us][CH1-Dispenser] 22 D2
[T+6742487314us][CH1-Dispenser] FF
[T+6742487180us][CH2-Pc    ] FF
[T+6742499320us][CH1-Dispenser] E9
[T+6742499184us][CH2-Pc    ] E9
[T+6742512329us][CH1-Dispenser] FE
[T+6742512188us][CH2-Pc    ] FE
[T+6742525314us][CH1-Dispenser] E0
[T+6742525181us][CH2-Pc    ] E0
[T+6742537320us][CH1-Dispenser] E1
[T+6742537183us][CH2-Pc    ] E1
[T+6742550319us][CH1-Dispenser] E0
[T+6742550181us][CH2-Pc    ] E0
[T+6742563321us][CH1-Dispenser] FB
[T+6742563182us][CH2-Pc    ] FB
[T+6742583312us][CH1-Dispenser] EE
[T+6742583180us][CH2-Pc    ] EE
[T+6742595213us][CH2-Pc    ] F0
[T+6742624180us][CH1-Dispenser] F0 BA B0 B3 B2 B0 B1 B0 B0 B0 B0 B1 B1 B1 B1 B1 C1 C1 8D 8A
[T+6742697180us][CH2-Pc    ] 03
[T+6742706218us][CH1-Dispenser] 03 73
[T+6742724204us][CH2-Pc    ] 23
[T+6742731179us][CH1-Dispenser] 23 D3
[T+6742746315us][CH1-Dispenser] FF
[T+6742746180us][CH2-Pc    ] FF
[T+6742758667us][CH1-Dispenser] E9
[T+6742758514us][CH2-Pc    ] E9
[T+6742771324us][CH1-Dispenser] FE
[T+6742771184us][CH2-Pc    ] FE
[T+6742784319us][CH1-Dispenser] E0
[T+6742784185us][CH2-Pc    ] E0
[T+6742796181us][CH1-Dispenser] E1
[T+6742796313us][CH2-Pc    ] E1
[T+6742809317us][CH1-Dispenser] E0
[T+6742809181us][CH2-Pc    ] E0
[T+6742822322us][CH1-Dispenser] FB
[T+6742822184us][CH2-Pc    ] FB
[T+6742834315us][CH1-Dispenser] EE
[T+6742834181us][CH2-Pc    ] EE
[T+6742847210us][CH2-Pc    ] F0
[T+6742879180us][CH1-Dispenser] F0 BA B0 B3 B3 B0 B1 B0 B0 B0 B0 B1 B1 B1 B1 B1 B9 C1 8D 8A
[T+6742950180us][CH2-Pc    ] 04
[T+6742956204us][CH1-Dispenser] 04 64
[T+6743028181us][CH1-Dispenser] 05
[T+6743028320us][CH2-Pc    ] 05
[T+6743203180us][CH1-Dispenser] 06
[T+6743203315us][CH2-Pc    ] 06
[T+6743377204us][CH2-Pc    ] 01
[T+6743383868us][CH1-Dispenser] 01 61
[T+6743455204us][CH2-Pc    ] 02
[T+6743463180us][CH1-Dispenser] 02 72
[T+6743483180us][CH2-Pc    ] 22
[T+6743488187us][CH1-Dispenser] 22 D2
[T+6743504309us][CH1-Dispenser] FF
[T+6743504180us][CH2-Pc    ] FF
[T+6743517313us][CH1-Dispenser] E9
[T+6743517180us][CH2-Pc    ] E9
[T+6743530317us][CH1-Dispenser] FE
[T+6743530180us][CH2-Pc    ] FE
[T+6743542314us][CH1-Dispenser] E0
[T+6743542180us][CH2-Pc    ] E0
[T+6743555313us][CH1-Dispenser] E1
[T+6743555180us][CH2-Pc    ] E1
[T+6743568313us][CH1-Dispenser] E0
[T+6743568180us][CH2-Pc    ] E0
[T+6743580313us][CH1-Dispenser] FB
[T+6743580180us][CH2-Pc    ] FB
[T+6743593181us][CH1-Dispenser] EE
[T+6743593317us][CH2-Pc    ] EE
[T+6743606180us][CH2-Pc    ] F0
[T+6743635182us][CH1-Dispenser] F0 BA B0 B3 B2 B0 B1 B0 B0 B0 B0 B1 B1 B1 B1 B1 C1 C1 8D 8A
[T+6743708180us][CH2-Pc    ] 03
[T+6743717218us][CH1-Dispenser] 03 73
[T+6743736180us][CH2-Pc    ] 23
[T+6743742207us][CH1-Dispenser] 23 D3
[T+6743757183us][CH1-Dispenser] FF
[T+6743757321us][CH2-Pc    ] FF
[T+6743777313us][CH1-Dispenser] E9
[T+6743777181us][CH2-Pc    ] E9
[T+6743789322us][CH1-Dispenser] FE
[T+6743789185us][CH2-Pc    ] FE
[T+6743802314us][CH1-Dispenser] E0
[T+6743802180us][CH2-Pc    ] E0
[T+6743815314us][CH1-Dispenser] E1
[T+6743815181us][CH2-Pc    ] E1
[T+6743827321us][CH1-Dispenser] E0
[T+6743827182us][CH2-Pc    ] E0
[T+6743840316us][CH1-Dispenser] FB
[T+6743840182us][CH2-Pc    ] FB
[T+6743853180us][CH1-Dispenser] EE
[T+6743853310us][CH2-Pc    ] EE
[T+6743866180us][CH2-Pc    ] F0
[T+6743893204us][CH1-Dispenser] F0 BA B0 B3 B3 B0 B1 B0 B0 B0 B0 B1 B1 B1 B1 B1 B9 C1 8D 8A
[T+6743957180us][CH2-Pc    ] 04
[T+6743965181us][CH1-Dispenser] 04 64
[T+6744035180us][CH2-Pc    ] 05
[T+6744036180us][CH1-Dispenser] 05
[T+6744210316us][CH1-Dispenser] 06
[T+6744210181us][CH2-Pc    ] 06
[T+6744374186us][CH2-Pc    ] 01
[T+6744381181us][CH1-Dispenser] 01 61
[T+6744452180us][CH2-Pc    ] 02
[T+6744459181us][CH1-Dispenser] 02 72
[T+6744480205us][CH2-Pc    ] 22
[T+6744490181us][CH1-Dispenser] 22 D2
[T+6744501514us][CH1-Dispenser] FF
[T+6744501362us][CH2-Pc    ] FF
[T+6744514183us][CH1-Dispenser] E9
[T+6744514318us][CH2-Pc    ] E9
[T+6744527327us][CH1-Dispenser] FE
[T+6744527184us][CH2-Pc    ] FE
[T+6744539314us][CH1-Dispenser] E0
[T+6744539181us][CH2-Pc    ] E0
[T+6744552323us][CH1-Dispenser] E1
[T+6744552181us][CH2-Pc    ] E1
[T+6744565805us][CH1-Dispenser] E0
[T+6744565184us][CH2-Pc    ] E0
[T+6744577313us][CH1-Dispenser] FB
[T+6744577181us][CH2-Pc    ] FB
[T+6744590323us][CH1-Dispenser] EE
[T+6744590182us][CH2-Pc    ] EE
[T+6744603180us][CH2-Pc    ] F0
[T+6744632180us][CH1-Dispenser] F0 BA B0 B3 B2 B0 B1 B0 B0 B0 B0 B1 B1 B1 B1 B1 C1 C1 8D 8A
[T+6744705180us][CH2-Pc    ] 03
[T+6744713180us][CH1-Dispenser] 03 73
[T+6744732180us][CH2-Pc    ] 23
[T+6744740186us][CH1-Dispenser] 23 D3
[T+6744754180us][CH1-Dispenser] FF
[T+6744754317us][CH2-Pc    ] FF
[T+6744766313us][CH1-Dispenser] E9
[T+6744766180us][CH2-Pc    ] E9
[T+6744788317us][CH1-Dispenser] FE
[T+6744788182us][CH2-Pc    ] FE
[T+6744801316us][CH1-Dispenser] E0
[T+6744801180us][CH2-Pc    ] E0
[T+6744814180us][CH1-Dispenser] E1
[T+6744814314us][CH2-Pc    ] E1
[T+6744826314us][CH1-Dispenser] E0
[T+6744826180us][CH2-Pc    ] E0
[T+6744839319us][CH1-Dispenser] FB
[T+6744839183us][CH2-Pc    ] FB
[T+6744852181us][CH1-Dispenser] EE
[T+6744852322us][CH2-Pc    ] EE
[T+6744865180us][CH2-Pc    ] F0
[T+6744893180us][CH1-Dispenser] F0 BA B0 B3 B3 B0 B1 B0 B0 B0 B0 B1 B1 B1 B1 B1 B9 C1 8D 8A
[T+6744967180us][CH2-Pc    ] 04
[T+6744976218us][CH1-Dispenser] 04 64
[T+6745045315us][CH1-Dispenser] 05
[T+6745045181us][CH2-Pc    ] 05
[T+6745220180us][CH1-Dispenser] 06
[T+6745220316us][CH2-Pc    ] 06
[T+6745395180us][CH2-Pc    ] 01
[T+6745405180us][CH1-Dispenser] 01 61
[T+6745473180us][CH2-Pc    ] 02
[T+6745477783us][CH1-Dispenser] 02 72
[T+6745490180us][CH2-Pc    ] 22
[T+6745497180us][CH1-Dispenser] 22 D2
[T+6745517180us][CH1-Dispenser] FF
[T+6745517316us][CH2-Pc    ] FF
[T+6745530314us][CH1-Dispenser] E9
[T+6745530180us][CH2-Pc    ] E9
[T+6745542315us][CH1-Dispenser] FE
[T+6745542182us][CH2-Pc    ] FE
[T+6745555316us][CH1-Dispenser] E0
[T+6745555185us][CH2-Pc    ] E0
[T+6745568187us][CH1-Dispenser] E1
[T+6745568325us][CH2-Pc    ] E1
[T+6745581323us][CH1-Dispenser] E0
[T+6745581185us][CH2-Pc    ] E0
[T+6745594322us][CH1-Dispenser] FB
[T+6745594183us][CH2-Pc    ] FB
[T+6745606220us][CH1-Dispenser] EE
[T+6745606358us][CH2-Pc    ] EE
[T+6745619180us][CH2-Pc    ] F0
[T+6745650316us][CH1-Dispenser] F0 BA B0 B3 B2 B0 B1 B0 B0 B0 B0 B1 B1 B1 B1 B1 C1 C1 8D 8A
[T+6745720180us][CH2-Pc    ] 03
[T+6745726271us][CH1-Dispenser] 03 73
[T+6745747204us][CH2-Pc    ] 23
[T+6745756204us][CH1-Dispenser] 23 D3
[T+6745769187us][CH1-Dispenser] FF
[T+6745769325us][CH2-Pc    ] FF
[T+6745782308us][CH1-Dispenser] E9
[T+6745782180us][CH2-Pc    ] E9
[T+6745796322us][CH1-Dispenser] FE
[T+6745796184us][CH2-Pc    ] FE
[T+6745807322us][CH1-Dispenser] E0
[T+6745807185us][CH2-Pc    ] E0
[T+6745820323us][CH1-Dispenser] E1
[T+6745820183us][CH2-Pc    ] E1
[T+6745833324us][CH1-Dispenser] E0
[T+6745833184us][CH2-Pc    ] E0
[T+6745845317us][CH1-Dispenser] FB
[T+6745845184us][CH2-Pc    ] FB
[T+6745858311us][CH1-Dispenser] EE
[T+6745858180us][CH2-Pc    ] EE
[T+6745871180us][CH2-Pc    ] F0
[T+6745899180us][CH1-Dispenser] F0 BA B0 B3 B3 B0 B1 B0 B0 B0 B0 B1 B1 B1 B1 B1 B9 C1 8D 8A
[T+6745973180us][CH2-Pc    ] 04
[T+6745982745us][CH1-Dispenser] 04 64
[T+6746051181us][CH1-Dispenser] 05
[T+6746051314us][CH2-Pc    ] 05
[T+6746226315us][CH1-Dispenser] 06
[T+6746226180us][CH2-Pc    ] 06
[T+6746390180us][CH2-Pc    ] 01
[T+6746398833us][CH1-Dispenser] 01 61
[T+6746468180us][CH2-Pc    ] 02
[T+6746477218us][CH1-Dispenser] 02 72
[T+6746495204us][CH2-Pc    ] 22
[T+6746504290us][CH1-Dispenser] 22 D2
[T+6746517180us][CH1-Dispenser] FF
[T+6746517317us][CH2-Pc    ] FF
[T+6746530324us][CH1-Dispenser] E9
[T+6746530185us][CH2-Pc    ] E9
[T+6746542315us][CH1-Dispenser] FE
[T+6746542180us][CH2-Pc    ] FE
[T+6746555316us][CH1-Dispenser] E0
[T+6746555182us][CH2-Pc    ] E0
[T+6746568180us][CH1-Dispenser] E1
[T+6746568311us][CH2-Pc    ] E1
[T+6746580316us][CH1-Dispenser] E0
[T+6746580180us][CH2-Pc    ] E0
[T+6746593315us][CH1-Dispenser] FB
[T+6746593182us][CH2-Pc    ] FB
[T+6746606180us][CH1-Dispenser] EE
[T+6746606313us][CH2-Pc    ] EE
[T+6746618219us][CH2-Pc    ] F0
[T+6746650180us][CH1-Dispenser] F0 BA B0 B3 B2 B0 B1 B0 B0 B0 B0 B1 B1 B1 B1 B1 C1 C1 8D 8A
[T+6746721180us][CH2-Pc    ] 03
[T+6746728179us][CH1-Dispenser] 03 73
[T+6746748180us][CH2-Pc    ] 23
[T+6746756802us][CH1-Dispenser] 23 D3
[T+6746770313us][CH1-Dispenser] FF
[T+6746770180us][CH2-Pc    ] FF
[T+6746782315us][CH1-Dispenser] E9
[T+6746782180us][CH2-Pc    ] E9
[T+6746795314us][CH1-Dispenser] FE
[T+6746795180us][CH2-Pc    ] FE
[T+6746808314us][CH1-Dispenser] E0
[T+6746808181us][CH2-Pc    ] E0
[T+6746821388us][CH1-Dispenser] E1
[T+6746821248us][CH2-Pc    ] E1
[T+6746833313us][CH1-Dispenser] E0
[T+6746833181us][CH2-Pc    ] E0
[T+6746846316us][CH1-Dispenser] FB
[T+6746846181us][CH2-Pc    ] FB
[T+6746859180us][CH1-Dispenser] EE
[T+6746859313us][CH2-Pc    ] EE
[T+6746871205us][CH2-Pc    ] F0
[T+6746899180us][CH1-Dispenser] F0 BA B0 B3 B3 B0 B1 B0 B0 B0 B0 B1 B1 B1 B1 B1 B9 C1 8D 8A
[T+6746963180us][CH2-Pc    ] 04
[T+6746971186us][CH1-Dispenser] 04 64
[T+6747044181us][CH1-Dispenser] 05
[T+6747044314us][CH2-Pc    ] 05
[T+6747228180us][CH1-Dispenser] 06
[T+6747228316us][CH2-Pc    ] 06
[T+6747420204us][CH2-Pc    ] 01
[T+6747428390us][CH1-Dispenser] 01 61
[T+6747498180us][CH2-Pc    ] 02
[T+6747508180us][CH1-Dispenser] 02 72
[T+6747526211us][CH2-Pc    ] 22
[T+6747533822us][CH1-Dispenser] 22 D2
[T+6747547316us][CH1-Dispenser] FF
[T+6747547180us][CH2-Pc    ] FF
[T+6747560182us][CH1-Dispenser] E9
[T+6747560315us][CH2-Pc    ] E9
[T+6747573184us][CH1-Dispenser] FE
[T+6747573323us][CH2-Pc    ] FE
[T+6747586183us][CH1-Dispenser] E0
[T+6747586324us][CH2-Pc    ] E0
[T+6747598184us][CH1-Dispenser] E1
[T+6747598320us][CH2-Pc    ] E1
[T+6747612180us][CH1-Dispenser] E0
[T+6747611183us][CH2-Pc    ] E0
[T+6747624323us][CH1-Dispenser] FB
[T+6747624183us][CH2-Pc    ] FB
[T+6747638322us][CH1-Dispenser] EE
[T+6747638182us][CH2-Pc    ] EE
[T+6747650228us][CH2-Pc    ] F0
[T+6747680204us][CH1-Dispenser] F0 BA B0 B3 B2 B0 B1 B0 B0 B0 B0 B1 B1 B1 B1 B1 C1 C1 8D 8A
[T+6747751180us][CH2-Pc    ] 03
[T+6747756179us][CH1-Dispenser] 03 73
[T+6747779180us][CH2-Pc    ] 23
[T+6747787756us][CH1-Dispenser] 23 D3
[T+6747800180us][CH1-Dispenser] FF
[T+6747800317us][CH2-Pc    ] FF
[T+6747813316us][CH1-Dispenser] E9
[T+6747813181us][CH2-Pc    ] E9
[T+6747825311us][CH1-Dispenser] FE
[T+6747825180us][CH2-Pc    ] FE
[T+6747838330us][CH1-Dispenser] E0
[T+6747838191us][CH2-Pc    ] E0
[T+6747851180us][CH1-Dispenser] E1
[T+6747851236us][CH2-Pc    ] E1
[T+6747864317us][CH1-Dispenser] E0
[T+6747864181us][CH2-Pc    ] E0
[T+6747885312us][CH1-Dispenser] FB
[T+6747885180us][CH2-Pc    ] FB
[T+6747906434us][CH1-Dispenser] EE
[T+6747906301us][CH2-Pc    ] EE
[T+6747918180us][CH2-Pc    ] F0
[T+6747949180us][CH1-Dispenser] F0 BA B0 B3 B3 B0 B1 B0 B0 B0 B0 B1 B1 B1 B1 B1 B9 C1 8D 8A
[T+6748021204us][CH2-Pc    ] 04
[T+6748025179us][CH1-Dispenser] 04 64
[T+6748088180us][CH1-Dispenser] 05
[T+6748088316us][CH2-Pc    ] 05
[T+6748274181us][CH1-Dispenser] 06
[T+6748274316us][CH2-Pc    ] 06
[T+6748438180us][CH2-Pc    ] 01
[T+6748443187us][CH1-Dispenser] 01 61
[T+6748516180us][CH2-Pc    ] 02
[T+6748524783us][CH1-Dispenser] 02 72
[T+6748543180us][CH2-Pc    ] 22
[T+6748553181us][CH1-Dispenser] 22 D2
[T+6748565316us][CH1-Dispenser] FF
[T+6748565180us][CH2-Pc    ] FF
[T+6748578325us][CH1-Dispenser] E9
[T+6748578184us][CH2-Pc    ] E9
[T+6748591325us][CH1-Dispenser] FE
[T+6748591185us][CH2-Pc    ] FE
[T+6748603255us][CH2-Pc    ] E0
[T+6748604180us][CH1-Dispenser] E0
[T+6748615180us][CH1-Dispenser] E1
[T+6748616179us][CH2-Pc    ] E1
[T+6748628316us][CH1-Dispenser] E0
[T+6748628180us][CH2-Pc    ] E0
[T+6748641312us][CH1-Dispenser] FB
[T+6748641180us][CH2-Pc    ] FB
[T+6748654180us][CH1-Dispenser] EE
[T+6748654313us][CH2-Pc    ] EE
[T+6748666204us][CH2-Pc    ] F0
[T+6748697180us][CH1-Dispenser] F0 BA B0 B3 B2 B0 B1 B0 B0 B0 B0 B1 B1 B1 B1 B1 C1 C1 8D 8A
[T+6748768180us][CH2-Pc    ] 03
[T+6748778180us][CH1-Dispenser] 03 73
[T+6748795180us][CH2-Pc    ] 23
[T+6748801218us][CH1-Dispenser] 23 D3
[T+6748817314us][CH1-Dispenser] FF
[T+6748817180us][CH2-Pc    ] FF
[T+6748829324us][CH1-Dispenser] E9
[T+6748829187us][CH2-Pc    ] E9
[T+6748842308us][CH1-Dispenser] FE
[T+6748842180us][CH2-Pc    ] FE
[T+6748855311us][CH1-Dispenser] E0
[T+6748855180us][CH2-Pc    ] E0
[T+6748868327us][CH1-Dispenser] E1
[T+6748868187us][CH2-Pc    ] E1
[T+6748889313us][CH1-Dispenser] E0
[T+6748889180us][CH2-Pc    ] E0
[T+6748902313us][CH1-Dispenser] FB
[T+6748902180us][CH2-Pc    ] FB
[T+6748914180us][CH1-Dispenser] EE
[T+6748914316us][CH2-Pc    ] EE
[T+6748927180us][CH2-Pc    ] F0
[T+6748958180us][CH1-Dispenser] F0 BA B0 B3 B3 B0 B1 B0 B0 B0 B0 B1 B1 B1 B1 B1 B9 C1 8D 8A
[T+6749029180us][CH2-Pc    ] 04
[T+6749038204us][CH1-Dispenser] 04 64
[T+6749107180us][CH1-Dispenser] 05
[T+6749107315us][CH2-Pc    ] 05
[T+6749282317us][CH1-Dispenser] 06
[T+6749282181us][CH2-Pc    ] 06
[T+6749456204us][CH2-Pc    ] 01
[T+6749463236us][CH1-Dispenser] 01 61
[T+6749534180us][CH2-Pc    ] 02
[T+6749542236us][CH1-Dispenser] 02 72
[T+6749562180us][CH2-Pc    ] 22
[T+6749567179us][CH1-Dispenser] 22 D2
[T+6749584180us][CH1-Dispenser] FF
[T+6749584318us][CH2-Pc    ] FF
[T+6749606320us][CH1-Dispenser] E9
[T+6749606180us][CH2-Pc    ] E9
[T+6749619319us][CH1-Dispenser] FE
[T+6749619184us][CH2-Pc    ] FE
[T+6749632183us][CH1-Dispenser] E0
[T+6749632321us][CH2-Pc    ] E0
[T+6749644183us][CH2-Pc    ] E1
[T+6749645179us][CH1-Dispenser] E1
[T+6749656383us][CH1-Dispenser] E0
[T+6749656248us][CH2-Pc    ] E0
[T+6749669313us][CH1-Dispenser] FB
[T+6749669180us][CH2-Pc    ] FB
[T+6749682181us][CH1-Dispenser] EE
[T+6749682318us][CH2-Pc    ] EE
[T+6749695188us][CH2-Pc    ] F0
[T+6749726180us][CH1-Dispenser] F0 BA B0 B3 B2 B0 B1 B0 B0 B0 B0 B1 B1 B1 B1 B1 C1 C1 8D 8A
[T+6749796180us][CH2-Pc    ] 03
[T+6749802203us][CH1-Dispenser] 03 73
[T+6749824180us][CH2-Pc    ] 23
[T+6749830204us][CH1-Dispenser] 23 D3
[T+6749845316us][CH1-Dispenser] FF
[T+6749845180us][CH2-Pc    ] FF
[T+6749858318us][CH1-Dispenser] E9
[T+6749858182us][CH2-Pc    ] E9
[T+6749870313us][CH1-Dispenser] FE
[T+6749870180us][CH2-Pc    ] FE
[T+6749884321us][CH1-Dispenser] E0
[T+6749884183us][CH2-Pc    ] E0
[T+6749896183us][CH1-Dispenser] E1
[T+6749896319us][CH2-Pc    ] E1
[T+6749908323us][CH1-Dispenser] E0
[T+6749908187us][CH2-Pc    ] E0
[T+6749922320us][CH1-Dispenser] FB
[T+6749922183us][CH2-Pc    ] FB
[T+6749935321us][CH1-Dispenser] EE
[T+6749935183us][CH2-Pc    ] EE
[T+6749946187us][CH2-Pc    ] F0
[T+6749976204us][CH1-Dispenser] F0 BA B0 B3 B3 B0 B1 B0 B0 B0 B0 B1 B1 B1 B1 B1 B9 C1 8D 8A
[T+6750049180us][CH2-Pc    ] 04
[T+6750056180us][CH1-Dispenser] 04 64
[T+6750130314us][CH1-Dispenser] 05
[T+6750130180us][CH2-Pc    ] 05
[T+6750306316us][CH1-Dispenser] 06
[T+6750306180us][CH2-Pc    ] 06
[T+6750495179us][CH2-Pc    ] 01
[T+6750504208us][CH1-Dispenser] 01 61
[T+6750572179us][CH2-Pc    ] 02
[T+6750578218us][CH1-Dispenser] 02 72
[T+6750600179us][CH2-Pc    ] 22
[T+6750609527us][CH1-Dispenser] 22 D2
[T+6750621315us][CH1-Dispenser] FF
[T+6750621181us][CH2-Pc    ] FF
[T+6750634314us][CH1-Dispenser] E9
[T+6750634180us][CH2-Pc    ] E9
[T+6750647324us][CH1-Dispenser] FE
[T+6750647183us][CH2-Pc    ] FE
[T+6750659314us][CH1-Dispenser] E0
[T+6750659181us][CH2-Pc    ] E0
[T+6750672318us][CH1-Dispenser] E1
[T+6750672182us][CH2-Pc    ] E1
[T+6750685317us][CH1-Dispenser] E0
[T+6750685181us][CH2-Pc    ] E0
[T+6750697311us][CH1-Dispenser] FB
[T+6750697181us][CH2-Pc    ] FB
[T+6750710181us][CH1-Dispenser] EE
[T+6750710316us][CH2-Pc    ] EE
[T+6750723180us][CH2-Pc    ] F0
[T+6750753204us][CH1-Dispenser] F0 BA B0 B3 B2 B0 B1 B0 B0 B0 B0 B1 B1 B1 B1 B1 C1 C1 8D 8A
[T+6750830180us][CH2-Pc    ] 03
[T+6750838180us][CH1-Dispenser] 03 73
[T+6750858180us][CH2-Pc    ] 23
[T+6750879180us][CH1-Dispenser] 23 D3 FF
[T+6750879314us][CH2-Pc    ] FF
[T+6750892311us][CH1-Dispenser] E9
[T+6750892180us][CH2-Pc    ] E9
[T+6750904312us][CH1-Dispenser] FE
[T+6750904180us][CH2-Pc    ] FE
[T+6750917317us][CH1-Dispenser] E0
[T+6750917180us][CH2-Pc    ] E0
[T+6750930516us][CH1-Dispenser] E1
[T+6750930378us][CH2-Pc    ] E1
[T+6750943313us][CH1-Dispenser] E0
[T+6750943180us][CH2-Pc    ] E0
[T+6750955314us][CH1-Dispenser] FB
[T+6750955180us][CH2-Pc    ] FB
[T+6750968312us][CH1-Dispenser] EE
[T+6750968180us][CH2-Pc    ] EE
[T+6750981180us][CH2-Pc    ] F0
[T+6751011207us][CH1-Dispenser] F0 BA B0 B3 B3 B0 B1 B0 B0 B0 B0 B1 B1 B1 B1 B1 B9 C1 8D 8A
[T+6751083180us][CH2-Pc    ] 04
[T+6751092180us][CH1-Dispenser] 04 64
[T+6751161180us][CH1-Dispenser] 05
[T+6751161315us][CH2-Pc    ] 05
[T+6751336180us][CH1-Dispenser] 06
[T+6751336314us][CH2-Pc    ] 06
[T+6751500180us][CH2-Pc    ] 01
[T+6751508202us][CH1-Dispenser] 01 61
[T+6751580204us][CH2-Pc    ] 02
[T+6751587830us][CH1-Dispenser] 02 72
[T+6751608205us][CH2-Pc    ] 22
[T+6751612179us][CH1-Dispenser] 22 D2
[T+6751629318us][CH1-Dispenser] FF
[T+6751629181us][CH2-Pc    ] FF
[T+6751642325us][CH1-Dispenser] E9
[T+6751642185us][CH2-Pc    ] E9
[T+6751654326us][CH1-Dispenser] FE
[T+6751654188us][CH2-Pc    ] FE
[T+6751667324us][CH1-Dispenser] E0
[T+6751667184us][CH2-Pc    ] E0
[T+6751680315us][CH1-Dispenser] E1
[T+6751680181us][CH2-Pc    ] E1
[T+6751693325us][CH1-Dispenser] E0
[T+6751693185us][CH2-Pc    ] E0
[T+6751705315us][CH1-Dispenser] FB
[T+6751705180us][CH2-Pc    ] FB
[T+6751718181us][CH1-Dispenser] EE
[T+6751718309us][CH2-Pc    ] EE
[T+6751732180us][CH2-Pc    ] F0
[T+6751760180us][CH1-Dispenser] F0 BA B0 B3 B2 B0 B1 B0 B0 B0 B0 B1 B1 B1 B1 B1 C1 C1 8D 8A
[T+6751833180us][CH2-Pc    ] 03
[T+6751843180us][CH1-Dispenser] 03 73
[T+6751861180us][CH2-Pc    ] 23
[T+6751866781us][CH1-Dispenser] 23 D3
[T+6751882181us][CH1-Dispenser] FF
[T+6751882318us][CH2-Pc    ] FF
[T+6751895311us][CH1-Dispenser] E9
[T+6751895180us][CH2-Pc    ] E9
[T+6751907317us][CH1-Dispenser] FE
[T+6751907181us][CH2-Pc    ] FE
[T+6751921495us][CH1-Dispenser] E0
[T+6751920181us][CH2-Pc    ] E0
[T+6751933325us][CH1-Dispenser] E1
[T+6751933188us][CH2-Pc    ] E1
[T+6751945314us][CH1-Dispenser] E0
[T+6751945180us][CH2-Pc    ] E0
[T+6751958315us][CH1-Dispenser] FB
[T+6751958180us][CH2-Pc    ] FB
[T+6751980181us][CH1-Dispenser] EE
[T+6751980313us][CH2-Pc    ] EE
[T+6752001204us][CH2-Pc    ] F0
[T+6752029180us][CH1-Dispenser] F0 BA B0 B3 B3 B0 B1 B0 B0 B0 B0 B1 B1 B1 B1 B1 B9 C1 8D 8A
[T+6752093181us][CH2-Pc    ] 04
[T+6752101811us][CH1-Dispenser] 04 64
[T+6752171180us][CH1-Dispenser] 05
[T+6752171315us][CH2-Pc    ] 05
[T+6752346329us][CH1-Dispenser] 06
[T+6752346188us][CH2-Pc    ] 06
[T+6752521180us][CH2-Pc    ] 01
[T+6752527204us][CH1-Dispenser] 01 61
[T+6752599205us][CH2-Pc    ] 02
[T+6752609180us][CH1-Dispenser] 02 72
[T+6752626180us][CH2-Pc    ] 22
[T+6752634180us][CH1-Dispenser] 22 D2
[T+6752648316us][CH1-Dispenser] FF
[T+6752648181us][CH2-Pc    ] FF
[T+6752660313us][CH1-Dispenser] E9
[T+6752660180us][CH2-Pc    ] E9
[T+6752673319us][CH1-Dispenser] FE
[T+6752673182us][CH2-Pc    ] FE
[T+6752686315us][CH1-Dispenser] E0
[T+6752686181us][CH2-Pc    ] E0
[T+6752698185us][CH1-Dispenser] E1
[T+6752698321us][CH2-Pc    ] E1
[T+6752711315us][CH1-Dispenser] E0
[T+6752711181us][CH2-Pc    ] E0
[T+6752724315us][CH1-Dispenser] FB
[T+6752724181us][CH2-Pc    ] FB
[T+6752736308us][CH1-Dispenser] EE
[T+6752736180us][CH2-Pc    ] EE
[T+6752749180us][CH2-Pc    ] F0
[T+6752780180us][CH1-Dispenser] F0 BA B0 B3 B2 B0 B1 B0 B0 B0 B0 B1 B1 B1 B1 B1 C1 C1 8D 8A
[T+6752853180us][CH2-Pc    ] 03
[T+6752861187us][CH1-Dispenser] 03 73
[T+6752885205us][CH2-Pc    ] 23
[T+6752892791us][CH1-Dispenser] 23 D3
[T+6752907181us][CH1-Dispenser] FF
[T+6752907316us][CH2-Pc    ] FF
[T+6752919311us][CH1-Dispenser] E9
[T+6752919180us][CH2-Pc    ] E9
[T+6752932313us][CH1-Dispenser] FE
[T+6752932181us][CH2-Pc    ] FE
[T+6752944315us][CH1-Dispenser] E0
[T+6752944181us][CH2-Pc    ] E0
[T+6752960320us][CH1-Dispenser] E1
[T+6752960181us][CH2-Pc    ] E1
[T+6752982313us][CH1-Dispenser] E0
[T+6752982180us][CH2-Pc    ] E0
[T+6752995323us][CH1-Dispenser] FB
[T+6752995183us][CH2-Pc    ] FB
[T+6753008318us][CH1-Dispenser] EE
[T+6753008183us][CH2-Pc    ] EE
[T+6753020221us][CH2-Pc    ] F0
[T+6753050204us][CH1-Dispenser] F0 BA B0 B3 B3 B0 B1 B0 B0 B0 B0 B1 B1 B1 B1 B1 B9 C1 8D 8A
[T+6753121180us][CH2-Pc    ] 04
[T+6753128180us][CH1-Dispenser] 04 64
[T+6753201316us][CH1-Dispenser] 05
[T+6753201181us][CH2-Pc    ] 05
[T+6753375315us][CH1-Dispenser] 06
[T+6753375180us][CH2-Pc    ] 06
[T+6753550180us][CH2-Pc    ] 01
[T+6753558187us][CH1-Dispenser] 01 61
[T+6753628180us][CH2-Pc    ] 02
[T+6753632179us][CH1-Dispenser] 02 72
[T+6753645234us][CH2-Pc    ] 22
[T+6753652180us][CH1-Dispenser] 22 D2
[T+6753666316us][CH1-Dispenser] FF
[T+6753666180us][CH2-Pc    ] FF
[T+6753679323us][CH1-Dispenser] E9
[T+6753679183us][CH2-Pc    ] E9
[T+6753692328us][CH1-Dispenser] FE
[T+6753692187us][CH2-Pc    ] FE
[T+6753706312us][CH1-Dispenser] E0
[T+6753706180us][CH2-Pc    ] E0
[T+6753718316us][CH1-Dispenser] E1
[T+6753718181us][CH2-Pc    ] E1
[T+6753731322us][CH1-Dispenser] E0
[T+6753731185us][CH2-Pc    ] E0
[T+6753743313us][CH1-Dispenser] FB
[T+6753743180us][CH2-Pc    ] FB
[T+6753756180us][CH1-Dispenser] EE
[T+6753756312us][CH2-Pc    ] EE
[T+6753769180us][CH2-Pc    ] F0
[T+6753800180us][CH1-Dispenser] F0 BA B0 B3 B2 B0 B1 B0 B0 B0 B0 B1 B1 B1 B1 B1 C1 C1 8D 8A
[T+6753871180us][CH2-Pc    ] 03
[T+6753878181us][CH1-Dispenser] 03 73
[T+6753898581us][CH2-Pc    ] 23
[T+6753919314us][CH1-Dispenser] 23 D3 FF
[T+6753919180us][CH2-Pc    ] FF
[T+6753932315us][CH1-Dispenser] E9
[T+6753932180us][CH2-Pc    ] E9
[T+6753944311us][CH1-Dispenser] FE
[T+6753944180us][CH2-Pc    ] FE
[T+6753957311us][CH1-Dispenser] E0
[T+6753957180us][CH2-Pc    ] E0
[T+6753970805us][CH1-Dispenser] E1
[T+6753970663us][CH2-Pc    ] E1
[T+6753983324us][CH1-Dispenser] E0
[T+6753983183us][CH2-Pc    ] E0
[T+6753995318us][CH1-Dispenser] FB
[T+6753995183us][CH2-Pc    ] FB
[T+6754008187us][CH1-Dispenser] EE
[T+6754008327us][CH2-Pc    ] EE
[T+6754021180us][CH2-Pc    ] F0
[T+6754049180us][CH1-Dispenser] F0 BA B0 B3 B3 B0 B1 B0 B0 B0 B0 B1 B1 B1 B1 B1 B9 C1 8D 8A
[T+6754112204us][CH2-Pc    ] 04
[T+6754121218us][CH1-Dispenser] 04 64
[T+6754191181us][CH1-Dispenser] 05
[T+6754191316us][CH2-Pc    ] 05
[T+6754365182us][CH1-Dispenser] 06
[T+6754365316us][CH2-Pc    ] 06
[T+6754530204us][CH2-Pc    ] 01
[T+6754539210us][CH1-Dispenser] 01 61
[T+6754608204us][CH2-Pc    ] 02
[T+6754614218us][CH1-Dispenser] 02 72
[T+6754635204us][CH2-Pc    ] 22
[T+6754643185us][CH1-Dispenser] 22 D2
[T+6754657180us][CH1-Dispenser] FF
[T+6754657312us][CH2-Pc    ] FF
[T+6754669312us][CH1-Dispenser] E9
[T+6754669180us][CH2-Pc    ] E9
[T+6754691315us][CH1-Dispenser] FE
[T+6754691180us][CH2-Pc    ] FE
[T+6754703315us][CH1-Dispenser] E0
[T+6754703181us][CH2-Pc    ] E0
[T+6754716313us][CH1-Dispenser] E1
[T+6754716180us][CH2-Pc    ] E1
[T+6754729313us][CH1-Dispenser] E0
[T+6754729180us][CH2-Pc    ] E0
[T+6754741314us][CH1-Dispenser] FB
[T+6754741181us][CH2-Pc    ] FB
[T+6754754315us][CH1-Dispenser] EE
[T+6754754181us][CH2-Pc    ] EE
[T+6754767180us][CH2-Pc    ] F0
[T+6754796276us][CH1-Dispenser] F0 BA B0 B3 B2 B0 B1 B0 B0 B0 B0 B1 B1 B1 B1 B1 C1 C1 8D 8A
[T+6754868204us][CH2-Pc    ] 03
[T+6754877212us][CH1-Dispenser] 03 73
[T+6754896180us][CH2-Pc    ] 23
[T+6754902108us][CH1-Dispenser] 23 D3
[T+6754920315us][CH1-Dispenser] FF
[T+6754920180us][CH2-Pc    ] FF
[T+6754932185us][CH2-Pc    ] E9
[T+6754933180us][CH1-Dispenser] E9
[T+6754944317us][CH1-Dispenser] FE
[T+6754944180us][CH2-Pc    ] FE
[T+6754957313us][CH1-Dispenser] E0
[T+6754957180us][CH2-Pc    ] E0
[T+6754970311us][CH1-Dispenser] E1
[T+6754970180us][CH2-Pc    ] E1
[T+6754983740us][CH1-Dispenser] E0
[T+6754982186us][CH2-Pc    ] E0
[T+6754995318us][CH1-Dispenser] FB
[T+6754995183us][CH2-Pc    ] FB
[T+6755008188us][CH1-Dispenser] EE
[T+6755008327us][CH2-Pc    ] EE
[T+6755021180us][CH2-Pc    ] F0
[T+6755049180us][CH1-Dispenser] F0 BA B0 B3 B3 B0 B1 B0 B0 B0 B0 B1 B1 B1 B1 B1 B9 C1 8D 8A
[T+6755112204us][CH2-Pc    ] 04
[T+6755121219us][CH1-Dispenser] 04 64
[T+6755191313us][CH1-Dispenser] 05
[T+6755191180us][CH2-Pc    ] 05
[T+6755365180us][CH1-Dispenser] 06
[T+6755366179us][CH2-Pc    ] 06
[T+6755531180us][CH2-Pc    ] 01
[T+6755539181us][CH1-Dispenser] 01 61
[T+6755609180us][CH2-Pc    ] 02
[T+6755618218us][CH1-Dispenser] 02 72
[T+6755637180us][CH2-Pc    ] 22
[T+6755643204us][CH1-Dispenser] 22 D2
[T+6755658313us][CH1-Dispenser] FF
[T+6755658180us][CH2-Pc    ] FF
[T+6755680312us][CH1-Dispenser] E9
[T+6755680180us][CH2-Pc    ] E9
[T+6755692187us][CH2-Pc    ] FE
[T+6755693310us][CH1-Dispenser] FE
[T+6755705317us][CH1-Dispenser] E0
[T+6755705180us][CH2-Pc    ] E0
[T+6755718184us][CH1-Dispenser] E1
[T+6755718323us][CH2-Pc    ] E1
[T+6755731318us][CH1-Dispenser] E0
[T+6755731183us][CH2-Pc    ] E0
[T+6755743321us][CH1-Dispenser] FB
[T+6755743184us][CH2-Pc    ] FB
[T+6755756181us][CH1-Dispenser] EE
[T+6755756316us][CH2-Pc    ] EE
[T+6755769180us][CH2-Pc    ] F0
[T+6755796204us][CH1-Dispenser] F0 BA B0 B3 B2 B0 B1 B0 B0 B0 B0 B1 B1 B1 B1 B1 C1 C1 8D 8A
[T+6755861180us][CH2-Pc    ] 03
[T+6755867204us][CH1-Dispenser] 03 73
[T+6755888204us][CH2-Pc    ] 23
[T+6755897219us][CH1-Dispenser] 23 D3
[T+6755909312us][CH1-Dispenser] FF
[T+6755909180us][CH2-Pc    ] FF
[T+6755922941us][CH1-Dispenser] E9
[T+6755922803us][CH2-Pc    ] E9
[T+6755935323us][CH1-Dispenser] FE
[T+6755935183us][CH2-Pc    ] FE
[T+6755947322us][CH1-Dispenser] E0
[T+6755947185us][CH2-Pc    ] E0
[T+6755960316us][CH1-Dispenser] E1
[T+6755960182us][CH2-Pc    ] E1
[T+6755973324us][CH1-Dispenser] E0
[T+6755973187us][CH2-Pc    ] E0
[T+6755985313us][CH1-Dispenser] FB
[T+6755985181us][CH2-Pc    ] FB
[T+6755998313us][CH1-Dispenser] EE
[T+6755998180us][CH2-Pc    ] EE
[T+6756011180us][CH2-Pc    ] F0
[T+6756040180us][CH1-Dispenser] F0 BA B0 B3 B3 B0 B1 B0 B0 B0 B0 B1 B1 B1 B1 B1 B9 C1 8D 8A
[T+6756126180us][CH2-Pc    ] 04
[T+6756132917us][CH1-Dispenser] 04 64
[T+6756203188us][CH1-Dispenser] 05
[T+6756203329us][CH2-Pc    ] 05
[T+6756378188us][CH1-Dispenser] 06
[T+6756378393us][CH2-Pc    ] 06
[T+6756554160us][CH2-Pc    ] 01
[T+6756558179us][CH1-Dispenser] 01 61
[T+6756631528us][CH2-Pc    ] 02
[T+6756640810us][CH1-Dispenser] 02 72
[T+6756669330us][CH1-Dispenser] 22 D2 FF
[T+6756669189us][CH2-Pc    ] 22 FF
[T+6756682533us][CH1-Dispenser] E9
[T+6756682392us][CH2-Pc    ] E9
[T+6756695797us][CH1-Dispenser] FE
[T+6756694184us][CH2-Pc    ] FE
[T+6756707317us][CH1-Dispenser] E0
[T+6756707181us][CH2-Pc    ] E0
[T+6756720182us][CH1-Dispenser] E1
[T+6756720313us][CH2-Pc    ] E1
[T+6756733184us][CH1-Dispenser] E0
[T+6756733328us][CH2-Pc    ] E0
[T+6756745491us][CH1-Dispenser] FB
[T+6756745351us][CH2-Pc    ] FB
[T+6756758323us][CH1-Dispenser] EE
[T+6756758185us][CH2-Pc    ] EE
[T+6756779180us][CH2-Pc    ] F0
[T+6756810180us][CH1-Dispenser] F0 BA B0 B3 B2 B0 B1 B0 B0 B0 B0 B1 B1 B1 B1 B1 C1 C1 8D 8A
[T+6756882204us][CH2-Pc    ] 03
[T+6756887187us][CH1-Dispenser] 03 73
[T+6756909180us][CH2-Pc    ] 23
[T+6756917188us][CH1-Dispenser] 23 D3
[T+6756931315us][CH1-Dispenser] FF
[T+6756931180us][CH2-Pc    ] FF
[T+6756943346us][CH1-Dispenser] E9
[T+6756943180us][CH2-Pc    ] E9
[T+6756956521us][CH1-Dispenser] FE
[T+6756956183us][CH2-Pc    ] FE
[T+6756969315us][CH1-Dispenser] E0
[T+6756969181us][CH2-Pc    ] E0
[T+6756982182us][CH1-Dispenser] E1
[T+6756982316us][CH2-Pc    ] E1
[T+6756994315us][CH1-Dispenser] E0
[T+6756994181us][CH2-Pc    ] E0
[T+6757007314us][CH1-Dispenser] FB
[T+6757007181us][CH2-Pc    ] FB
[T+6757020909us][CH1-Dispenser] EE
[T+6757021044us][CH2-Pc    ] EE
[T+6757032204us][CH2-Pc    ] F0
[T+6757059205us][CH1-Dispenser] F0 BA B0 B3 B3 B0 B1 B0 B0 B0 B0 B1 B1 B1 B1 B1 B9 C1 8D 8A
[T+6757124180us][CH2-Pc    ] 04
[T+6757132181us][CH1-Dispenser] 04 64
[T+6757202315us][CH1-Dispenser] 05
[T+6757202180us][CH2-Pc    ] 05
[T+6757377316us][CH1-Dispenser] 06
[T+6757377180us][CH2-Pc    ] 06
[T+6757552180us][CH2-Pc    ] 01
[T+6757560188us][CH1-Dispenser] 01 61
[T+6757630180us][CH2-Pc    ] 02
[T+6757640180us][CH1-Dispenser] 02 72
[T+6757657180us][CH2-Pc    ] 22
[T+6757663835us][CH1-Dispenser] 22 D2
[T+6757679314us][CH1-Dispenser] FF
[T+6757679181us][CH2-Pc    ] FF
[T+6757691325us][CH1-Dispenser] E9
[T+6757691187us][CH2-Pc    ] E9
[T+6757704313us][CH1-Dispenser] FE
[T+6757704180us][CH2-Pc    ] FE
[T+6757717314us][CH1-Dispenser] E0
[T+6757717180us][CH2-Pc    ] E0
[T+6757730180us][CH1-Dispenser] E1
[T+6757730316us][CH2-Pc    ] E1
[T+6757744179us][CH1-Dispenser] E0
[T+6757742182us][CH2-Pc    ] E0
[T+6757755322us][CH1-Dispenser] FB
[T+6757755184us][CH2-Pc    ] FB
[T+6757768325us][CH1-Dispenser] EE
[T+6757768183us][CH2-Pc    ] EE
[T+6757780215us][CH2-Pc    ] F0
[T+6757810204us][CH1-Dispenser] F0 BA B0 B3 B2 B0 B1 B0 B0 B0 B0 B1 B1 B1 B1 B1 C1 C1 8D 8A
[T+6757882204us][CH2-Pc    ] 03
[T+6757887187us][CH1-Dispenser] 03 73
[T+6757909180us][CH2-Pc    ] 23
[T+6757918181us][CH1-Dispenser] 23 D3
[T+6757931321us][CH1-Dispenser] FF
[T+6757931181us][CH2-Pc    ] FF
[T+6757943313us][CH1-Dispenser] E9
[T+6757943180us][CH2-Pc    ] E9
[T+6757956313us][CH1-Dispenser] FE
[T+6757956180us][CH2-Pc    ] FE
[T+6757969311us][CH1-Dispenser] E0
[T+6757969180us][CH2-Pc    ] E0
[T+6757981318us][CH1-Dispenser] E1
[T+6757981181us][CH2-Pc    ] E1
[T+6757994316us][CH1-Dispenser] E0
[T+6757994180us][CH2-Pc    ] E0
[T+6758007325us][CH1-Dispenser] FB
[T+6758007185us][CH2-Pc    ] FB
[T+6758020330us][CH1-Dispenser] EE
[T+6758020189us][CH2-Pc    ] EE
[T+6758032212us][CH2-Pc    ] F0
[T+6758059204us][CH1-Dispenser] F0 BA B0 B3 B3 B0 B1 B0 B0 B0 B0 B1 B1 B1 B1 B1 B9 C1 8D 8A
[T+6758124180us][CH2-Pc    ] 04
[T+6758133206us][CH1-Dispenser] 04 64
[T+6758202180us][CH1-Dispenser] 05
[T+6758202314us][CH2-Pc    ] 05
[T+6758377180us][CH1-Dispenser] 06
[T+6758377315us][CH2-Pc    ] 06
[T+6758552180us][CH2-Pc    ] 01
[T+6758558204us][CH1-Dispenser] 01 61
[T+6758630205us][CH2-Pc    ] 02
[T+6758638747us][CH1-Dispenser] 02 72
[T+6758657180us][CH2-Pc    ] 22
[T+6758663843us][CH1-Dispenser] 22 D2
[T+6758679181us][CH1-Dispenser] FF
[T+6758679313us][CH2-Pc    ] FF
[T+6758691323us][CH1-Dispenser] E9
[T+6758691182us][CH2-Pc    ] E9
[T+6758704313us][CH1-Dispenser] FE
[T+6758704181us][CH2-Pc    ] FE
[T+6758717313us][CH1-Dispenser] E0
[T+6758717180us][CH2-Pc    ] E0
[T+6758730180us][CH1-Dispenser] E1
[T+6758730313us][CH2-Pc    ] E1
[T+6758742314us][CH1-Dispenser] E0
[T+6758742180us][CH2-Pc    ] E0
[T+6758755312us][CH1-Dispenser] FB
[T+6758755180us][CH2-Pc    ] FB
[T+6758769322us][CH1-Dispenser] EE
[T+6758769183us][CH2-Pc    ] EE
[T+6758780180us][CH2-Pc    ] F0
[T+6758812180us][CH1-Dispenser] F0 BA B0 B3 B2 B0 B1 B0 B0 B0 B0 B1 B1 B1 B1 B1 C1 C1 8D 8A
[T+6758883180us][CH2-Pc    ] 03
[T+6758892180us][CH1-Dispenser] 03 73
[T+6758910204us][CH2-Pc    ] 23
[T+6758917180us][CH1-Dispenser] 23 D3
[T+6758932181us][CH1-Dispenser] FF
[T+6758932315us][CH2-Pc    ] FF
[T+6758944315us][CH1-Dispenser] E9
[T+6758944181us][CH2-Pc    ] E9
[T+6758957313us][CH1-Dispenser] FE
[T+6758957180us][CH2-Pc    ] FE
[T+6758970313us][CH1-Dispenser] E0
[T+6758970180us][CH2-Pc    ] E0
[T+6758982312us][CH1-Dispenser] E1
[T+6758982180us][CH2-Pc    ] E1
[T+6758995325us][CH1-Dispenser] E0
[T+6758995185us][CH2-Pc    ] E0
[T+6759008318us][CH1-Dispenser] FB
[T+6759008183us][CH2-Pc    ] FB
[T+6759021187us][CH1-Dispenser] EE
[T+6759021326us][CH2-Pc    ] EE
[T+6759034180us][CH2-Pc    ] F0
[T+6759065180us][CH1-Dispenser] F0 BA B0 B3 B3 B0 B1 B0 B0 B0 B0 B1 B1 B1 B1 B1 B9 C1 8D 8A
[T+6759135180us][CH2-Pc    ] 04
[T+6759142179us][CH1-Dispenser] 04 64
[T+6759213181us][CH1-Dispenser] 05
[T+6759213314us][CH2-Pc    ] 05
[T+6759399181us][CH1-Dispenser] 06
[T+6759399316us][CH2-Pc    ] 06
[T+6759585204us][CH2-Pc    ] 01
[T+6759596180us][CH1-Dispenser] 01 61
[T+6759663180us][CH2-Pc    ] 02
[T+6759668188us][CH1-Dispenser] 02 72
[T+6759691180us][CH2-Pc    ] 22
[T+6759699800us][CH1-Dispenser] 22 D2
[T+6759712187us][CH1-Dispenser] FF
[T+6759712325us][CH2-Pc    ] FF
[T+6759725314us][CH1-Dispenser] E9
[T+6759725180us][CH2-Pc    ] E9
[T+6759739322us][CH1-Dispenser] FE
[T+6759739183us][CH2-Pc    ] FE
[T+6759751431us][CH1-Dispenser] E0
[T+6759751291us][CH2-Pc    ] E0
[T+6759764323us][CH1-Dispenser] E1
[T+6759764186us][CH2-Pc    ] E1
[T+6759776311us][CH1-Dispenser] E0
[T+6759776181us][CH2-Pc    ] E0
[T+6759789313us][CH1-Dispenser] FB
[T+6759789180us][CH2-Pc    ] FB
[T+6759802180us][CH1-Dispenser] EE
[T+6759802313us][CH2-Pc    ] EE
[T+6759814209us][CH2-Pc    ] F0
[T+6759847205us][CH1-Dispenser] F0 BA B0 B3 B2 B0 B1 B0 B0 B0 B0 B1 B1 B1 B1 B1 C1 C1 8D 8A
[T+6759916204us][CH2-Pc    ] 03
[T+6759923180us][CH1-Dispenser] 03 73
[T+6759943180us][CH2-Pc    ] 23
[T+6759953180us][CH1-Dispenser] 23 D3
[T+6759965181us][CH1-Dispenser] FF
[T+6759965346us][CH2-Pc    ] FF
[T+6759986313us][CH1-Dispenser] E9
[T+6759986180us][CH2-Pc    ] E9
[T+6760008312us][CH1-Dispenser] FE
[T+6760008180us][CH2-Pc    ] FE
[T+6760022327us][CH1-Dispenser] E0
[T+6760022187us][CH2-Pc    ] E0
[T+6760034395us][CH1-Dispenser] E1
[T+6760034235us][CH2-Pc    ] E1
[T+6760047314us][CH1-Dispenser] E0
[T+6760047181us][CH2-Pc    ] E0
[T+6760060315us][CH1-Dispenser] FB
[T+6760060181us][CH2-Pc    ] FB
[T+6760072313us][CH1-Dispenser] EE
[T+6760072180us][CH2-Pc    ] EE
[T+6760085180us][CH2-Pc    ] F0
[T+6760116180us][CH1-Dispenser] F0 BA B0 B3 B3 B0 B1 B0 B0 B0 B0 B1 B1 B1 B1 B1 B9 C1 8D 8A
[T+6760187180us][CH2-Pc    ] 04
[T+6760191179us][CH1-Dispenser] 04 64
[T+6760265182us][CH1-Dispenser] 05
[T+6760265316us][CH2-Pc    ] 05
[T+6760440318us][CH1-Dispenser] 06
[T+6760440180us][CH2-Pc    ] 06
[T+6760614205us][CH2-Pc    ] 01
[T+6760625180us][CH1-Dispenser] 01 61
[T+6760692180us][CH2-Pc    ] 02
[T+6760699180us][CH1-Dispenser] 02 72
[T+6760720205us][CH2-Pc    ] 22
[T+6760728180us][CH1-Dispenser] 22 D2
[T+6760741320us][CH1-Dispenser] FF
[T+6760741182us][CH2-Pc    ] FF
[T+6760754314us][CH1-Dispenser] E9
[T+6760754180us][CH2-Pc    ] E9
[T+6760767313us][CH1-Dispenser] FE
[T+6760767180us][CH2-Pc    ] FE
[T+6760779313us][CH1-Dispenser] E0
[T+6760779180us][CH2-Pc    ] E0
[T+6760792180us][CH1-Dispenser] E1
[T+6760792313us][CH2-Pc    ] E1
[T+6760805324us][CH1-Dispenser] E0
[T+6760805184us][CH2-Pc    ] E0
[T+6760817319us][CH1-Dispenser] FB
[T+6760817183us][CH2-Pc    ] FB
[T+6760831322us][CH1-Dispenser] EE
[T+6760831183us][CH2-Pc    ] EE
[T+6760843612us][CH2-Pc    ] F0
[T+6760872180us][CH1-Dispenser] F0 BA B0 B3 B2 B0 B1 B0 B0 B0 B0 B1 B1 B1 B1 B1 C1 C1 8D 8A
[T+6760946180us][CH2-Pc    ] 03
[T+6760952219us][CH1-Dispenser] 03 73
[T+6760983316us][CH1-Dispenser] 23 D3 FF
[T+6760983180us][CH2-Pc    ] 23 FF
[T+6760996313us][CH1-Dispenser] E9
[T+6760996180us][CH2-Pc    ] E9
[T+6761009315us][CH1-Dispenser] FE
[T+6761009180us][CH2-Pc    ] FE
[T+6761021323us][CH1-Dispenser] E0
[T+6761021186us][CH2-Pc    ] E0
[T+6761034320us][CH1-Dispenser] E1
[T+6761034183us][CH2-Pc    ] E1
[T+6761047321us][CH1-Dispenser] E0
[T+6761047183us][CH2-Pc    ] E0
[T+6761060313us][CH1-Dispenser] FB
[T+6761060180us][CH2-Pc    ] FB
[T+6761081315us][CH1-Dispenser] EE
[T+6761081180us][CH2-Pc    ] EE
[T+6761094180us][CH2-Pc    ] F0
[T+6761124204us][CH1-Dispenser] F0 BA B0 B3 B3 B0 B1 B0 B0 B0 B0 B1 B1 B1 B1 B1 B9 C1 8D 8A
[T+6761195180us][CH2-Pc    ] 04
[T+6761202179us][CH1-Dispenser] 04 64
[T+6761273180us][CH1-Dispenser] 05
[T+6761274179us][CH2-Pc    ] 05
[T+6761438180us][CH1-Dispenser] 06
[T+6761437180us][CH2-Pc    ] 06
[T+6761612204us][CH2-Pc    ] 01
[T+6761618203us][CH1-Dispenser] 01 61
[T+6761691180us][CH2-Pc    ] 02
[T+6761699180us][CH1-Dispenser] 02 72
[T+6761718180us][CH2-Pc    ] 22
[T+6761724824us][CH1-Dispenser] 22 D2
[T+6761739312us][CH1-Dispenser] FF
[T+6761739180us][CH2-Pc    ] FF
[T+6761752317us][CH1-Dispenser] E9
[T+6761752182us][CH2-Pc    ] E9
[T+6761765321us][CH1-Dispenser] FE
[T+6761765184us][CH2-Pc    ] FE
[T+6761777312us][CH1-Dispenser] E0
[T+6761777180us][CH2-Pc    ] E0
[T+6761790184us][CH1-Dispenser] E1
[T+6761790324us][CH2-Pc    ] E1
[T+6761803316us][CH1-Dispenser] E0
[T+6761803181us][CH2-Pc    ] E0
[T+6761815323us][CH1-Dispenser] FB
[T+6761815184us][CH2-Pc    ] FB
[T+6761829183us][CH1-Dispenser] EE
[T+6761829320us][CH2-Pc    ] EE
[T+6761841183us][CH1-Dispenser] F0
[T+6761841323us][CH2-Pc    ] F0
[T+6761874204us][CH1-Dispenser] BA B0 B3 B2 B0 B1 B0 B0 B0 B0 B1 B1 B1 B1 B1 C1 C1 8D 8A
[T+6761942180us][CH2-Pc    ] 03
[T+6761948218us][CH1-Dispenser] 03 73
[T+6761970181us][CH2-Pc    ] 23
[T+6761978180us][CH1-Dispenser] 23 D3
[T+6761991180us][CH1-Dispenser] FF
[T+6761991313us][CH2-Pc    ] FF
[T+6762004312us][CH1-Dispenser] E9
[T+6762004180us][CH2-Pc    ] E9
[T+6762017315us][CH1-Dispenser] FE
[T+6762017180us][CH2-Pc    ] FE
[T+6762029314us][CH1-Dispenser] E0
[T+6762029181us][CH2-Pc    ] E0
[T+6762042309us][CH1-Dispenser] E1
[T+6762042181us][CH2-Pc    ] E1
[T+6762055311us][CH1-Dispenser] E0
[T+6762055180us][CH2-Pc    ] E0
[T+6762067315us][CH1-Dispenser] FB
[T+6762067182us][CH2-Pc    ] FB
[T+6762080312us][CH1-Dispenser] EE
[T+6762080180us][CH2-Pc    ] EE
[T+6762093180us][CH2-Pc    ] F0
[T+6762121180us][CH1-Dispenser] F0 BA B0 B3 B3 B0 B1 B0 B0 B0 B0 B1 B1 B1 B1 B1 B9 C1 8D 8A
[T+6762185180us][CH2-Pc    ] 04
[T+6762193182us][CH1-Dispenser] 04 64
[T+6762263315us][CH1-Dispenser] 05
[T+6762263180us][CH2-Pc    ] 05
[T+6762438181us][CH1-Dispenser] 06
[T+6762438312us][CH2-Pc    ] 06
[T+6762612205us][CH2-Pc    ] 01
[T+6762620185us][CH1-Dispenser] 01 61
[T+6762691180us][CH2-Pc    ] 02
[T+6762701491us][CH1-Dispenser] 02 72
[T+6762718180us][CH2-Pc    ] 22
[T+6762723186us][CH1-Dispenser] 22 D2
[T+6762739409us][CH1-Dispenser] FF
[T+6762739271us][CH2-Pc    ] FF
[T+6762752315us][CH1-Dispenser] E9
[T+6762752180us][CH2-Pc    ] E9
[T+6762765311us][CH1-Dispenser] FE
[T+6762765180us][CH2-Pc    ] FE
[T+6762777311us][CH1-Dispenser] E0
[T+6762777180us][CH2-Pc    ] E0
[T+6762790315us][CH1-Dispenser] E1
[T+6762790181us][CH2-Pc    ] E1
[T+6762803316us][CH1-Dispenser] E0
[T+6762803180us][CH2-Pc    ] E0
[T+6762815315us][CH1-Dispenser] FB
[T+6762815180us][CH2-Pc    ] FB
[T+6762828315us][CH1-Dispenser] EE
[T+6762828180us][CH2-Pc    ] EE
[T+6762842180us][CH2-Pc    ] F0
[T+6762870180us][CH1-Dispenser] F0 BA B0 B3 B2 B0 B1 B0 B0 B0 B0 B1 B1 B1 B1 B1 C1 C1 8D 8A
[T+6762937180us][CH2-Pc    ] 03
[T+6762943203us][CH1-Dispenser] 03 73
[T+6762964205us][CH2-Pc    ] 23
[T+6762971179us][CH1-Dispenser] 23 D3
[T+6762985180us][CH1-Dispenser] FF
[T+6762985315us][CH2-Pc    ] FF
[T+6762998317us][CH1-Dispenser] E9
[T+6762998180us][CH2-Pc    ] E9
[T+6763011314us][CH1-Dispenser] FE
[T+6763011181us][CH2-Pc    ] FE
[T+6763024323us][CH1-Dispenser] E0
[T+6763024183us][CH2-Pc    ] E0
[T+6763037181us][CH1-Dispenser] E1
[T+6763037317us][CH2-Pc    ] E1
[T+6763049322us][CH1-Dispenser] E0
[T+6763049183us][CH2-Pc    ] E0
[T+6763061313us][CH1-Dispenser] FB
[T+6763061180us][CH2-Pc    ] FB
[T+6763074180us][CH1-Dispenser] EE
[T+6763074312us][CH2-Pc    ] EE
[T+6763087180us][CH2-Pc    ] F0
[T+6763115180us][CH1-Dispenser] F0 BA B0 B3 B3 B0 B1 B0 B0 B0 B0 B1 B1 B1 B1 B1 B9 C1 8D 8A
[T+6763193204us][CH2-Pc    ] 04
[T+6763202804us][CH1-Dispenser] 04 64
[T+6763272180us][CH1-Dispenser] 05
[T+6763272316us][CH2-Pc    ] 05
[T+6763436180us][CH1-Dispenser] 06
[T+6763436317us][CH2-Pc    ] 06
[T+6763610206us][CH2-Pc    ] 01
[T+6763618836us][CH1-Dispenser] 01 61
[T+6763689180us][CH2-Pc    ] 02
[T+6763694179us][CH1-Dispenser] 02 72
[T+6763716180us][CH2-Pc    ] 22
[T+6763725180us][CH1-Dispenser] 22 D2
[T+6763738181us][CH1-Dispenser] FF
[T+6763737181us][CH2-Pc    ] FF
[T+6763750323us][CH1-Dispenser] E9
[T+6763750181us][CH2-Pc    ] E9
[T+6763763319us][CH1-Dispenser] FE
[T+6763763183us][CH2-Pc    ] FE
[T+6763775314us][CH1-Dispenser] E0
[T+6763775181us][CH2-Pc    ] E0
[T+6763788181us][CH1-Dispenser] E1
[T+6763788313us][CH2-Pc    ] E1
[T+6763801362us][CH1-Dispenser] E0
[T+6763801222us][CH2-Pc    ] E0
[T+6763813320us][CH1-Dispenser] FB
[T+6763813181us][CH2-Pc    ] FB
[T+6763826312us][CH1-Dispenser] EE
[T+6763826180us][CH2-Pc    ] EE
[T+6763839180us][CH2-Pc    ] F0
[T+6763867180us][CH1-Dispenser] F0 BA B0 B3 B2 B0 B1 B0 B0 B0 B0 B1 B1 B1 B1 B1 C1 C1 8D 8A
[T+6763931180us][CH2-Pc    ] 03
[T+6763939180us][CH1-Dispenser] 03 73
[T+6763958180us][CH2-Pc    ] 23
[T+6763968181us][CH1-Dispenser] 23 D3
[T+6763979310us][CH1-Dispenser] FF
[T+6763979180us][CH2-Pc    ] FF
[T+6763992319us][CH1-Dispenser] E9
[T+6763992182us][CH2-Pc    ] E9
[T+6764005314us][CH1-Dispenser] FE
[T+6764005181us][CH2-Pc    ] FE
[T+6764017322us][CH1-Dispenser] E0
[T+6764017180us][CH2-Pc    ] E0
[T+6764030323us][CH1-Dispenser] E1
[T+6764030181us][CH2-Pc    ] E1
[T+6764043320us][CH1-Dispenser] E0
[T+6764043184us][CH2-Pc    ] E0
[T+6764056315us][CH1-Dispenser] FB
[T+6764056180us][CH2-Pc    ] FB
[T+6764068181us][CH1-Dispenser] EE
[T+6764068314us][CH2-Pc    ] EE
[T+6764090180us][CH2-Pc    ] F0
[T+6764119184us][CH1-Dispenser] F0 BA B0 B3 B3 B0 B1 B0 B0 B0 B0 B1 B1 B1 B1 B1 B9 C1 8D 8A
[T+6764190180us][CH2-Pc    ] 04
[T+6764198797us][CH1-Dispenser] 04 64
[T+6764291315us][CH1-Dispenser] 05
[T+6764291181us][CH2-Pc    ] 05
[T+6764468180us][CH1-Dispenser] 06
[T+6764468315us][CH2-Pc    ] 06
[T+6764641180us][CH2-Pc    ] 01
[T+6764650205us][CH1-Dispenser] 01 61
[T+6764723179us][CH1-Dispenser] 02 72
[T+6764719204us][CH2-Pc    ] 02
[T+6764735303us][CH2-Pc    ] 22
[T+6764744206us][CH1-Dispenser] 22 D2
[T+6764757313us][CH1-Dispenser] FF
[T+6764757180us][CH2-Pc    ] FF
[T+6764770312us][CH1-Dispenser] E9
[T+6764770180us][CH2-Pc    ] E9
[T+6764782315us][CH1-Dispenser] FE
[T+6764782181us][CH2-Pc    ] FE
[T+6764795317us][CH1-Dispenser] E0
[T+6764795181us][CH2-Pc    ] E0
[T+6764808181us][CH1-Dispenser] E1
[T+6764808387us][CH2-Pc    ] E1
[T+6764821096us][CH1-Dispenser] E0
[T+6764820959us][CH2-Pc    ] E0
[T+6764833312us][CH1-Dispenser] FB
[T+6764833180us][CH2-Pc    ] FB
[T+6764847180us][CH1-Dispenser] EE
[T+6764847313us][CH2-Pc    ] EE
[T+6764861180us][CH2-Pc    ] F0
[T+6764892180us][CH1-Dispenser] F0 BA B0 B3 B2 B0 B1 B0 B0 B0 B0 B1 B1 B1 B1 B1 C1 C1 8D 8A
[T+6764961204us][CH2-Pc    ] 03
[T+6764968181us][CH1-Dispenser] 03 73
[T+6764988180us][CH2-Pc    ] 23
[T+6764996180us][CH1-Dispenser] 23 D3
[T+6765010315us][CH1-Dispenser] FF
[T+6765010180us][CH2-Pc    ] FF
[T+6765022321us][CH1-Dispenser] E9
[T+6765022183us][CH2-Pc    ] E9
[T+6765035315us][CH1-Dispenser] FE
[T+6765035180us][CH2-Pc    ] FE
[T+6765048313us][CH1-Dispenser] E0
[T+6765048180us][CH2-Pc    ] E0
[T+6765061185us][CH1-Dispenser] E1
[T+6765061325us][CH2-Pc    ] E1
[T+6765082315us][CH1-Dispenser] E0
[T+6765082181us][CH2-Pc    ] E0
[T+6765098314us][CH1-Dispenser] FB
[T+6765098181us][CH2-Pc    ] FB
[T+6765110180us][CH1-Dispenser] EE
[T+6765111179us][CH2-Pc    ] EE
[T+6765124180us][CH2-Pc    ] F0
[T+6765153180us][CH1-Dispenser] F0 BA B0 B3 B3 B0 B1 B0 B0 B0 B0 B1 B1 B1 B1 B1 B9 C1 8D 8A
[T+6765232180us][CH2-Pc    ] 04
[T+6765236179us][CH1-Dispenser] 04 64
[T+6765300180us][CH1-Dispenser] 05
[T+6765300315us][CH2-Pc    ] 05
[T+6765469315us][CH1-Dispenser] 06
[T+6765469180us][CH2-Pc    ] 06
[T+6765643205us][CH2-Pc    ] 01
[T+6765650006us][CH1-Dispenser] 01 61
[T+6765722180us][CH2-Pc    ] 02
[T+6765730180us][CH1-Dispenser] 02 72
[T+6765760321us][CH1-Dispenser] 22 D2 FF
[T+6765760181us][CH2-Pc    ] 22 FF
[T+6765781315us][CH1-Dispenser] E9
[T+6765781180us][CH2-Pc    ] E9
[T+6765798312us][CH1-Dispenser] FE
[T+6765798180us][CH2-Pc    ] FE
[T+6765810315us][CH1-Dispenser] E0
[T+6765810181us][CH2-Pc    ] E0
[T+6765824308us][CH1-Dispenser] E1
[T+6765824180us][CH2-Pc    ] E1
[T+6765837311us][CH1-Dispenser] E0
[T+6765837180us][CH2-Pc    ] E0
[T+6765850321us][CH1-Dispenser] FB
[T+6765850183us][CH2-Pc    ] FB
[T+6765863185us][CH1-Dispenser] EE
[T+6765863326us][CH2-Pc    ] EE
[T+6765884204us][CH2-Pc    ] F0
[T+6765912180us][CH1-Dispenser] F0 BA B0 B3 B2 B0 B1 B0 B0 B0 B0 B1 B1 B1 B1 B1 C1 C1 8D 8A
[T+6765980180us][CH2-Pc    ] 03
[T+6765988185us][CH1-Dispenser] 03 73
[T+6766008180us][CH2-Pc    ] 23
[T+6766013187us][CH1-Dispenser] 23 D3
[T+6766029314us][CH1-Dispenser] FF
[T+6766029180us][CH2-Pc    ] FF
[T+6766042312us][CH1-Dispenser] E9
[T+6766042180us][CH2-Pc    ] E9
[T+6766062318us][CH1-Dispenser] FE E0
[T+6766062183us][CH2-Pc    ] FE E0
[T+6766075320us][CH1-Dispenser] E1
[T+6766075183us][CH2-Pc    ] E1
[T+6766088323us][CH1-Dispenser] E0
[T+6766088186us][CH2-Pc    ] E0
[T+6766100315us][CH1-Dispenser] FB
[T+6766100180us][CH2-Pc    ] FB
[T+6766113181us][CH1-Dispenser] EE
[T+6766113316us][CH2-Pc    ] EE
[T+6766126180us][CH2-Pc    ] F0
[T+6766155180us][CH1-Dispenser] F0 BA B0 B3 B3 B0 B1 B0 B0 B0 B0 B1 B1 B1 B1 B1 B9 C1 8D 8A
[T+6766227204us][CH2-Pc    ] 04
[T+6766235187us][CH1-Dispenser] 04 64
[T+6766306180us][CH1-Dispenser] 05
[T+6766306314us][CH2-Pc    ] 05
[T+6766491181us][CH1-Dispenser] 06
[T+6766491316us][CH2-Pc    ] 06
[T+6766680204us][CH2-Pc    ] 01
[T+6766688187us][CH1-Dispenser] 01 61
[T+6766758180us][CH2-Pc    ] 02
[T+6766766799us][CH1-Dispenser] 02 72
[T+6766785180us][CH2-Pc    ] 22
[T+6766795180us][CH1-Dispenser] 22 D2
[T+6766807325us][CH1-Dispenser] FF
[T+6766807186us][CH2-Pc    ] FF
[T+6766819316us][CH1-Dispenser] E9
[T+6766819181us][CH2-Pc    ] E9
[T+6766832314us][CH1-Dispenser] FE
[T+6766832180us][CH2-Pc    ] FE
[T+6766845312us][CH1-Dispenser] E0
[T+6766845180us][CH2-Pc    ] E0
[T+6766857314us][CH1-Dispenser] E1
[T+6766857180us][CH2-Pc    ] E1
[T+6766871328us][CH1-Dispenser] E0
[T+6766871184us][CH2-Pc    ] E0
[T+6766883327us][CH1-Dispenser] FB
[T+6766883188us][CH2-Pc    ] FB
[T+6766895321us][CH1-Dispenser] EE
[T+6766895185us][CH2-Pc    ] EE
[T+6766909180us][CH2-Pc    ] F0
[T+6766937180us][CH1-Dispenser] F0 BA B0 B3 B2 B0 B1 B0 B0 B0 B0 B1 B1 B1 B1 B1 C1 C1 8D 8A
[T+6767011180us][CH2-Pc    ] 03
[T+6767017204us][CH1-Dispenser] 03 73
[T+6767039180us][CH2-Pc    ] 23
[T+6767047377us][CH1-Dispenser] 23 D3
[T+6767059316us][CH1-Dispenser] FF
[T+6767059180us][CH2-Pc    ] FF
[T+6767072320us][CH1-Dispenser] E9
[T+6767072184us][CH2-Pc    ] E9
[T+6767085335us][CH1-Dispenser] FE
[T+6767085188us][CH2-Pc    ] FE
[T+6767097311us][CH1-Dispenser] E0
[T+6767097181us][CH2-Pc    ] E0
[T+6767110321us][CH1-Dispenser] E1
[T+6767110184us][CH2-Pc    ] E1
[T+6767123312us][CH1-Dispenser] E0
[T+6767123180us][CH2-Pc    ] E0
[T+6767136313us][CH1-Dispenser] FB
[T+6767136180us][CH2-Pc    ] FB
[T+6767148309us][CH1-Dispenser] EE
[T+6767148181us][CH2-Pc    ] EE
[T+6767161180us][CH2-Pc    ] F0
[T+6767190184us][CH1-Dispenser] F0 BA B0 B3 B3 B0 B1 B0 B0 B0 B0 B1 B1 B1 B1 B1 B9 C1 8D 8A
[T+6767263180us][CH2-Pc    ] 04
[T+6767269203us][CH1-Dispenser] 04 64
[T+6767342181us][CH1-Dispenser] 05
[T+6767342314us][CH2-Pc    ] 05
[T+6767516180us][CH1-Dispenser] 06
[T+6767517180us][CH2-Pc    ] 06
[T+6767691180us][CH2-Pc    ] 01
[T+6767699187us][CH1-Dispenser] 01 61
[T+6767770180us][CH2-Pc    ] 02
[T+6767779208us][CH1-Dispenser] 02 72
[T+6767797204us][CH2-Pc    ] 22
[T+6767804429us][CH1-Dispenser] 22 D2
[T+6767818316us][CH1-Dispenser] FF
[T+6767818181us][CH2-Pc    ] FF
[T+6767831312us][CH1-Dispenser] E9
[T+6767831180us][CH2-Pc    ] E9
[T+6767844315us][CH1-Dispenser] FE
[T+6767844180us][CH2-Pc    ] FE
[T+6767856314us][CH1-Dispenser] E0
[T+6767856181us][CH2-Pc    ] E0
[T+6767869315us][CH1-Dispenser] E1
[T+6767869180us][CH2-Pc    ] E1
[T+6767882318us][CH1-Dispenser] E0
[T+6767882183us][CH2-Pc    ] E0
[T+6767894316us][CH1-Dispenser] FB
[T+6767894181us][CH2-Pc    ] FB
[T+6767907181us][CH1-Dispenser] EE
[T+6767907318us][CH2-Pc    ] EE
[T+6767920180us][CH2-Pc    ] F0
[T+6767951180us][CH1-Dispenser] F0 BA B0 B3 B2 B0 B1 B0 B0 B0 B0 B1 B1 B1 B1 B1 C1 C1 8D 8A
[T+6768025180us][CH2-Pc    ] 03
[T+6768033187us][CH1-Dispenser] 03 73
[T+6768052180us][CH2-Pc    ] 23
[T+6768058204us][CH1-Dispenser] 23 D3
[T+6768073313us][CH1-Dispenser] FF
[T+6768073180us][CH2-Pc    ] FF
[T+6768087183us][CH1-Dispenser] E9
[T+6768087320us][CH2-Pc    ] E9
[T+6768099318us][CH1-Dispenser] FE
[T+6768099183us][CH2-Pc    ] FE
[T+6768111328us][CH1-Dispenser] E0
[T+6768111187us][CH2-Pc    ] E0
[T+6768124183us][CH1-Dispenser] E1
[T+6768124319us][CH2-Pc    ] E1
[T+6768137315us][CH1-Dispenser] E0
[T+6768137180us][CH2-Pc    ] E0
[T+6768149319us][CH1-Dispenser] FB
[T+6768149183us][CH2-Pc    ] FB
[T+6768162184us][CH1-Dispenser] EE
[T+6768162322us][CH2-Pc    ] EE
[T+6768175181us][CH2-Pc    ] F0
[T+6768206180us][CH1-Dispenser] F0 BA B0 B3 B3 B0 B1 B0 B0 B0 B0 B1 B1 B1 B1 B1 B9 C1 8D 8A
[T+6768279180us][CH2-Pc    ] 04
[T+6768287181us][CH1-Dispenser] 04 64
[T+6768357315us][CH1-Dispenser] 05
[T+6768357181us][CH2-Pc    ] 05
[T+6768533181us][CH1-Dispenser] 06
[T+6768533315us][CH2-Pc    ] 06
[T+6768704204us][CH2-Pc    ] 01
[T+6768710219us][CH1-Dispenser] 01 61
[T+6768819180us][CH2-Pc    ] 02
[T+6768825867us][CH1-Dispenser] 02 72
[T+6768846204us][CH2-Pc    ] 22
[T+6768856180us][CH1-Dispenser] 22 D2
[T+6768868320us][CH1-Dispenser] FF
[T+6768868182us][CH2-Pc    ] FF
[T+6768881320us][CH1-Dispenser] E9
[T+6768881181us][CH2-Pc    ] E9
[T+6768893313us][CH1-Dispenser] FE
[T+6768893180us][CH2-Pc    ] FE
[T+6768906436us][CH1-Dispenser] E0
[T+6768906301us][CH2-Pc    ] E0
[T+6768919180us][CH1-Dispenser] E1
[T+6768919316us][CH2-Pc    ] E1
[T+6768932326us][CH1-Dispenser] E0
[T+6768932185us][CH2-Pc    ] E0
[T+6768944323us][CH1-Dispenser] FB
[T+6768944185us][CH2-Pc    ] FB
[T+6768957185us][CH1-Dispenser] EE
[T+6768957329us][CH2-Pc    ] EE
[T+6768970180us][CH2-Pc    ] F0
[T+6769002180us][CH1-Dispenser] F0 BA B0 B3 B2 B0 B1 B0 B0 B0 B0 B1 B1 B1 B1 B1 C1 C1 8D 8A
[T+6769020462us][CH2-Pc    ] 22
[T+6769042314us][CH1-Dispenser] 22 D2 FF
[T+6769042180us][CH2-Pc    ] FF
[T+6769055179us][CH1-Dispenser] E5
[T+6769054728us][CH2-Pc    ] E5
[T+6769068323us][CH1-Dispenser] F4
[T+6769068184us][CH2-Pc    ] F4
[T+6769080315us][CH1-Dispenser] F6
[T+6769080181us][CH2-Pc    ] F6
[T+6769093324us][CH1-Dispenser] E0
[T+6769093184us][CH2-Pc    ] E0
[T+6769105314us][CH1-Dispenser] F7
[T+6769105180us][CH2-Pc    ] F7
[T+6769118314us][CH1-Dispenser] E0
[T+6769118180us][CH2-Pc    ] E0
[T+6769131317us][CH1-Dispenser] E3
[T+6769131181us][CH2-Pc    ] E3
[T+6769144326us][CH1-Dispenser] E1
[T+6769144185us][CH2-Pc    ] E1
[T+6769157324us][CH1-Dispenser] E1
[T+6769157184us][CH2-Pc    ] E1
[T+6769170325us][CH1-Dispenser] FB
[T+6769170183us][CH2-Pc    ] FB
[T+6769183322us][CH1-Dispenser] EB
[T+6769183183us][CH2-Pc    ] EB
[T+6769195181us][CH1-Dispenser] F0
[T+6769195314us][CH2-Pc    ] F0
[T+6769284180us][CH2-Pc    ] 02
[T+6769289187us][CH1-Dispenser] 02 72
[T+6769311180us][CH2-Pc    ] 22
[T+6769319180us][CH1-Dispenser] 22 D2
[T+6769333181us][CH1-Dispenser] FF
[T+6769333317us][CH2-Pc    ] FF
[T+6769345180us][CH2-Pc    ] E5
[T+6769346179us][CH1-Dispenser] E5
[T+6769358314us][CH1-Dispenser] F2
[T+6769358181us][CH2-Pc    ] F2
[T+6769371311us][CH1-Dispenser] F8
[T+6769371180us][CH2-Pc    ] F8
[T+6769384325us][CH1-Dispenser] E0
[T+6769384185us][CH2-Pc    ] E0
[T+6769396315us][CH1-Dispenser] E0
[T+6769396181us][CH2-Pc    ] E0
[T+6769409313us][CH1-Dispenser] E3
[T+6769409181us][CH2-Pc    ] E3
[T+6769422312us][CH1-Dispenser] E1
[T+6769422180us][CH2-Pc    ] E1
[T+6769434312us][CH1-Dispenser] E1
[T+6769434180us][CH2-Pc    ] E1
[T+6769450317us][CH1-Dispenser] E0
[T+6769450180us][CH2-Pc    ] E0
[T+6769463373us][CH1-Dispenser] FB
[T+6769463238us][CH2-Pc    ] FB
[T+6769476316us][CH1-Dispenser] E2
[T+6769476181us][CH2-Pc    ] E2
[T+6769488324us][CH1-Dispenser] F0
[T+6769488184us][CH2-Pc    ] F0
[T+6769577180us][CH2-Pc    ] 02
[T+6769584180us][CH1-Dispenser] 02 72
[T+6769604181us][CH1-Dispenser] 12
[T+6769604315us][CH2-Pc    ] 12
[T+6769691204us][CH2-Pc    ] 02
[T+6769699215us][CH1-Dispenser] 02 92
[T+6769769180us][CH2-Pc    ] 03
[T+6769779180us][CH1-Dispenser] 03 73
[T+6769797204us][CH2-Pc    ] 23
[T+6769802187us][CH1-Dispenser] 23 D3
[T+6769818314us][CH1-Dispenser] FF
[T+6769818180us][CH2-Pc    ] FF
[T+6769831313us][CH1-Dispenser] E9
[T+6769831180us][CH2-Pc    ] E9
[T+6769844308us][CH1-Dispenser] FE
[T+6769844180us][CH2-Pc    ] FE
[T+6769856325us][CH1-Dispenser] E0
[T+6769856186us][CH2-Pc    ] E0
[T+6769869319us][CH1-Dispenser] E1
[T+6769869184us][CH2-Pc    ] E1
[T+6769890313us][CH1-Dispenser] E0
[T+6769890180us][CH2-Pc    ] E0
[T+6769907313us][CH1-Dispenser] FB
[T+6769907180us][CH2-Pc    ] FB
[T+6769919182us][CH2-Pc    ] EE
[T+6769920535us][CH1-Dispenser] EE
[T+6769931180us][CH2-Pc    ] F0
[T+6769959180us][CH1-Dispenser] F0 BA B0 B3 B3 B0 B1 B0 B0 B0 B0 B1 B1 B1 B1 B1 B9 C1 8D 8A
[T+6770024180us][CH2-Pc    ] 04
[T+6770033204us][CH1-Dispenser] 04 64
[T+6770106179us][CH1-Dispenser] 05
[T+6770105180us][CH2-Pc    ] 05
[T+6770280316us][CH1-Dispenser] 06
[T+6770280181us][CH2-Pc    ] 06
[T+6770455180us][CH2-Pc    ] 01
[T+6770463183us][CH1-Dispenser] 01 61
[T+6770533180us][CH2-Pc    ] 02
[T+6770539224us][CH1-Dispenser] 02 92
[T+6771111180us][CH2-Pc    ] 03
[T+6771118179us][CH1-Dispenser] 03 73
[T+6771138180us][CH2-Pc    ] 23
[T+6771148184us][CH1-Dispenser] 23 D3
[T+6771160310us][CH1-Dispenser] FF
[T+6771160180us][CH2-Pc    ] FF
[T+6771173319us][CH1-Dispenser] E9
[T+6771173183us][CH2-Pc    ] E9
[T+6771186382us][CH1-Dispenser] FE
[T+6771186515us][CH2-Pc    ] FE
[T+6771199322us][CH1-Dispenser] E0
[T+6771199183us][CH2-Pc    ] E0
[T+6771212184us][CH1-Dispenser] E1
[T+6771212326us][CH2-Pc    ] E1
[T+6771224451us][CH1-Dispenser] E0
[T+6771224310us][CH2-Pc    ] E0
[T+6771236411us][CH1-Dispenser] FB
[T+6771236268us][CH2-Pc    ] FB
[T+6771250325us][CH1-Dispenser] EE
[T+6771250186us][CH2-Pc    ] EE
[T+6771261185us][CH2-Pc    ] F0
[T+6771291205us][CH1-Dispenser] F0 BA B0 B3 B3 B0 B1 B0 B0 B0 B0 B1 B1 B1 B1 B1 B9 C1 8D 8A
[T+6771371180us][CH2-Pc    ] 04
[T+6771379180us][CH1-Dispenser] 04 64
[T+6771449180us][CH1-Dispenser] 05
[T+6771449312us][CH2-Pc    ] 05
[T+6771624314us][CH1-Dispenser] 06
[T+6771624180us][CH2-Pc    ] 06
[T+6771799180us][CH2-Pc    ] 01
[T+6771804179us][CH1-Dispenser] 01 61
[T+6771877180us][CH2-Pc    ] 02
[T+6771883826us][CH1-Dispenser] 02 92
[T+6771904208us][CH2-Pc    ] 62
[T+6771918181us][CH1-Dispenser] 62 E0 E0 E0 E0 E0 E0
[T+6771982180us][CH2-Pc    ] 03
[T+6771988218us][CH1-Dispenser] 03 73
[T+6772010180us][CH2-Pc    ] 23
[T+6772031318us][CH1-Dispenser] 23 D3 FF
[T+6772031180us][CH2-Pc    ] FF
[T+6772048313us][CH1-Dispenser] E9
[T+6772048180us][CH2-Pc    ] E9
[T+6772060316us][CH1-Dispenser] FE
[T+6772060181us][CH2-Pc    ] FE
[T+6772082324us][CH1-Dispenser] E0
[T+6772082185us][CH2-Pc    ] E0
[T+6772104314us][CH1-Dispenser] E1
[T+6772104181us][CH2-Pc    ] E1
[T+6772125834us][CH1-Dispenser] E0
[T+6772125181us][CH2-Pc    ] E0
[T+6772144315us][CH1-Dispenser] FB
[T+6772144181us][CH2-Pc    ] FB
[T+6772157180us][CH1-Dispenser] EE
[T+6772157313us][CH2-Pc    ] EE
[T+6772170180us][CH2-Pc    ] F0
[T+6772200375us][CH1-Dispenser] F0 BA B0 B3 B3 B0 B1 B0 B0 B0 B0 B1 B1 B1 B1 B1 B9 C1 8D 8A
[T+6772271180us][CH2-Pc    ] 04
[T+6772280209us][CH1-Dispenser] 04 64
[T+6772349180us][CH1-Dispenser] 05
[T+6772349315us][CH2-Pc    ] 05
[T+6772514181us][CH1-Dispenser] 06
[T+6772514361us][CH2-Pc    ] 06
[T+6772690180us][CH2-Pc    ] 01
[T+6772696204us][CH1-Dispenser] 01 61
[T+6772767180us][CH2-Pc    ] 02
[T+6772774794us][CH1-Dispenser] 02 92
[T+6772795204us][CH2-Pc    ] 62
[T+6772805180us][CH1-Dispenser] 62 E0 E0 E0 E0 E0 E0
[T+6772873180us][CH2-Pc    ] 03
[T+6772878786us][CH1-Dispenser] 03 73
[T+6772900180us][CH2-Pc    ] 23
[T+6772909211us][CH1-Dispenser] 23 D3
[T+6772922325us][CH1-Dispenser] FF
[T+6772922185us][CH2-Pc    ] FF
[T+6772934312us][CH1-Dispenser] E9
[T+6772934180us][CH2-Pc    ] E9
[T+6772947318us][CH1-Dispenser] FE
[T+6772947181us][CH2-Pc    ] FE
[T+6772960313us][CH1-Dispenser] E0
[T+6772960180us][CH2-Pc    ] E0
[T+6772972180us][CH1-Dispenser] E1
[T+6772972315us][CH2-Pc    ] E1
[T+6772985314us][CH1-Dispenser] E0
[T+6772985180us][CH2-Pc    ] E0
[T+6772998323us][CH1-Dispenser] FB
[T+6772998184us][CH2-Pc    ] FB
[T+6773011323us][CH1-Dispenser] EE
[T+6773011184us][CH2-Pc    ] EE
[T+6773023610us][CH2-Pc    ] F0
[T+6773051180us][CH1-Dispenser] F0 BA B0 B3 B3 B0 B1 B0 B0 B0 B0 B1 B1 B1 B1 B1 B9 C1 8D 8A
[T+6773116180us][CH2-Pc    ] 04
[T+6773123739us][CH1-Dispenser] 04 64
[T+6773194315us][CH1-Dispenser] 05
[T+6773194181us][CH2-Pc    ] 05
[T+6773358180us][CH1-Dispenser] 06
[T+6773358314us][CH2-Pc    ] 06
[T+6773535204us][CH2-Pc    ] 01
[T+6773546180us][CH1-Dispenser] 01 61
[T+6773613180us][CH2-Pc    ] 02
[T+6773620179us][CH1-Dispenser] 02 92
[T+6773640180us][CH2-Pc    ] 62
[T+6773656254us][CH1-Dispenser] 62 E8 E5 E1 E0 E0 E0
[T+6773730180us][CH2-Pc    ] 03
[T+6773738180us][CH1-Dispenser] 03 73
[T+6773758180us][CH2-Pc    ] 23
[T+6773763187us][CH1-Dispenser] 23 D3
[T+6773779316us][CH1-Dispenser] FF
[T+6773779180us][CH2-Pc    ] FF
[T+6773801179us][CH1-Dispenser] E9
[T+6773800180us][CH2-Pc    ] E9
[T+6773813309us][CH1-Dispenser] FE
[T+6773813181us][CH2-Pc    ] FE
[T+6773826322us][CH1-Dispenser] E0
[T+6773826183us][CH2-Pc    ] E0
[T+6773839181us][CH1-Dispenser] E1
[T+6773839314us][CH2-Pc    ] E1
[T+6773851314us][CH1-Dispenser] E0
[T+6773851180us][CH2-Pc    ] E0
[T+6773864316us][CH1-Dispenser] FB
[T+6773864182us][CH2-Pc    ] FB
[T+6773877313us][CH1-Dispenser] EE
[T+6773877181us][CH2-Pc    ] EE
[T+6773889204us][CH2-Pc    ] F0
[T+6773919204us][CH1-Dispenser] F0 BA B0 B3 B3 B0 B1 B0 B0 B0 B0 B1 B1 B1 B1 B1 B9 C1 8D 8A
[T+6773991204us][CH2-Pc    ] 04
[T+6774001182us][CH1-Dispenser] 04 64
[T+6774069181us][CH1-Dispenser] 05
[T+6774069316us][CH2-Pc    ] 05
[T+6774233181us][CH1-Dispenser] 06
[T+6774233316us][CH2-Pc    ] 06
[T+6774408180us][CH2-Pc    ] 01
[T+6774418180us][CH1-Dispenser] 01 61
[T+6774604204us][CH2-Pc    ] 02
[T+6774609179us][CH1-Dispenser] 02 92
[T+6774631180us][CH2-Pc    ] 62
[T+6774646204us][CH1-Dispenser] 62 E0 E5 E3 E0 E0 E0
[T+6774721180us][CH2-Pc    ] 03
[T+6774729181us][CH1-Dispenser] 03 73
[T+6774759180us][CH1-Dispenser] 23 D3 FF
[T+6774759316us][CH2-Pc    ] 23 FF
[T+6774777310us][CH1-Dispenser] E9
[T+6774777180us][CH2-Pc    ] E9
[T+6774790185us][CH1-Dispenser] FE
[T+6774790326us][CH2-Pc    ] FE
[T+6774801575us][CH1-Dispenser] E0
[T+6774801437us][CH2-Pc    ] E0
[T+6774814313us][CH1-Dispenser] E1
[T+6774814180us][CH2-Pc    ] E1
[T+6774827308us][CH1-Dispenser] E0
[T+6774827180us][CH2-Pc    ] E0
[T+6774840870us][CH1-Dispenser] FB
[T+6774840737us][CH2-Pc    ] FB
[T+6774854323us][CH1-Dispenser] EE
[T+6774854183us][CH2-Pc    ] EE
[T+6774866183us][CH2-Pc    ] F0
[T+6774896204us][CH1-Dispenser] F0 BA B0 B3 B3 B0 B1 B0 B0 B0 B0 B1 B1 B1 B1 B1 B9 C1 8D 8A
[T+6774965205us][CH2-Pc    ] 04
[T+6774974296us][CH1-Dispenser] 04 64
[T+6775043181us][CH1-Dispenser] 05
[T+6775043314us][CH2-Pc    ] 05
[T+6775218180us][CH1-Dispenser] 06
[T+6775218315us][CH2-Pc    ] 06
[T+6775392204us][CH2-Pc    ] 01
[T+6775399787us][CH1-Dispenser] 01 61
[T+6775481180us][CH2-Pc    ] 02
[T+6775489181us][CH1-Dispenser] 02 92
[T+6775508180us][CH2-Pc    ] 62
[T+6775520206us][CH1-Dispenser] 62 E5 E2 E8 E0 E0 E0
[T+6775587180us][CH2-Pc    ] 03
[T+6775593203us][CH1-Dispenser] 03 73
[T+6775614204us][CH2-Pc    ] 23
[T+6775624199us][CH1-Dispenser] 23 D3
[T+6775636180us][CH1-Dispenser] FF
[T+6775636315us][CH2-Pc    ] FF
[T+6775649315us][CH1-Dispenser] E9
[T+6775649450us][CH2-Pc    ] E9
[T+6775661313us][CH1-Dispenser] FE
[T+6775661181us][CH2-Pc    ] FE
[T+6775674321us][CH1-Dispenser] E0
[T+6775674184us][CH2-Pc    ] E0
[T+6775687183us][CH1-Dispenser] E1
[T+6775687323us][CH2-Pc    ] E1
[T+6775700184us][CH1-Dispenser] E0
[T+6775700323us][CH2-Pc    ] E0
[T+6775712325us][CH1-Dispenser] FB
[T+6775712189us][CH2-Pc    ] FB
[T+6775724182us][CH1-Dispenser] EE
[T+6775724317us][CH2-Pc    ] EE
[T+6775737180us][CH2-Pc    ] F0
[T+6775765204us][CH1-Dispenser] F0 BA B0 B3 B3 B0 B1 B0 B0 B0 B0 B1 B1 B1 B1 B1 B9 C1 8D 8A
[T+6775829180us][CH2-Pc    ] 04
[T+6775839180us][CH1-Dispenser] 04 64
[T+6775909316us][CH1-Dispenser] 05
[T+6775909180us][CH2-Pc    ] 05
[T+6776084180us][CH1-Dispenser] 06
[T+6776084316us][CH2-Pc    ] 06
[T+6776248180us][CH2-Pc    ] 01
[T+6776254822us][CH1-Dispenser] 01 61
[T+6776329204us][CH2-Pc    ] 02
[T+6776335204us][CH1-Dispenser] 02 92
[T+6776355180us][CH2-Pc    ] 62
[T+6776371180us][CH1-Dispenser] 62 E1 E1 E3 E1 E0 E0
[T+6776444180us][CH2-Pc    ] 03
[T+6776455180us][CH1-Dispenser] 03 73
[T+6776471180us][CH2-Pc    ] 23
[T+6776478180us][CH1-Dispenser] 23 D3
[T+6776493318us][CH1-Dispenser] FF
[T+6776493181us][CH2-Pc    ] FF
[T+6776506311us][CH1-Dispenser] E9
[T+6776506180us][CH2-Pc    ] E9
[T+6776518311us][CH1-Dispenser] FE
[T+6776518180us][CH2-Pc    ] FE
[T+6776531321us][CH1-Dispenser] E0
[T+6776531184us][CH2-Pc    ] E0
[T+6776544313us][CH1-Dispenser] E1
[T+6776544180us][CH2-Pc    ] E1
[T+6776556308us][CH1-Dispenser] E0
[T+6776556180us][CH2-Pc    ] E0
[T+6776569311us][CH1-Dispenser] FB
[T+6776569180us][CH2-Pc    ] FB
[T+6776582184us][CH1-Dispenser] EE
[T+6776582318us][CH2-Pc    ] EE
[T+6776595180us][CH2-Pc    ] F0
[T+6776626180us][CH1-Dispenser] F0 BA B0 B3 B3 B0 B1 B0 B0 B0 B0 B1 B1 B1 B1 B1 B9 C1 8D 8A
[T+6776696180us][CH2-Pc    ] 04
[T+6776704180us][CH1-Dispenser] 04 64
[T+6776774180us][CH1-Dispenser] 05
[T+6776774313us][CH2-Pc    ] 05
[T+6776960180us][CH1-Dispenser] 06
[T+6776960315us][CH2-Pc    ] 06
[T+6777124180us][CH2-Pc    ] 01
[T+6777128799us][CH1-Dispenser] 01 61
[T+6777202180us][CH2-Pc    ] 02
[T+6777209181us][CH1-Dispenser] 02 92
[T+6777234180us][CH2-Pc    ] 62
[T+6777246212us][CH1-Dispenser] 62 E3 E5 E8 E1 E0 E0
[T+6777321204us][CH2-Pc    ] 03
[T+6777329181us][CH1-Dispenser] 03 73
[T+6777348180us][CH2-Pc    ] 23
[T+6777354218us][CH1-Dispenser] 23 D3
[T+6777370313us][CH1-Dispenser] FF
[T+6777370180us][CH2-Pc    ] FF
[T+6777382313us][CH1-Dispenser] E9
[T+6777382180us][CH2-Pc    ] E9
[T+6777395315us][CH1-Dispenser] FE
[T+6777395181us][CH2-Pc    ] FE
[T+6777408312us][CH1-Dispenser] E0
[T+6777408181us][CH2-Pc    ] E0
[T+6777425312us][CH1-Dispenser] E1
[T+6777425180us][CH2-Pc    ] E1
[T+6777438315us][CH1-Dispenser] E0
[T+6777438180us][CH2-Pc    ] E0
[T+6777451312us][CH1-Dispenser] FB
[T+6777451180us][CH2-Pc    ] FB
[T+6777464320us][CH1-Dispenser] EE
[T+6777464184us][CH2-Pc    ] EE
[T+6777495414us][CH2-Pc    ] F0
[T+6777525204us][CH1-Dispenser] F0 BA B0 B3 B3 B0 B1 B0 B0 B0 B0 B1 B1 B1 B1 B1 B9 C1 8D 8A
[T+6777596180us][CH2-Pc    ] 04
[T+6777603180us][CH1-Dispenser] 04 64
[T+6777674317us][CH1-Dispenser] 05
[T+6777674181us][CH2-Pc    ] 05
[T+6777849316us][CH1-Dispenser] 06
[T+6777849180us][CH2-Pc    ] 06
[T+6778013180us][CH2-Pc    ] 01
[T+6778021308us][CH1-Dispenser] 01 61
[T+6778092180us][CH2-Pc    ] 02
[T+6778100181us][CH1-Dispenser] 02 92
[T+6778119180us][CH2-Pc    ] 62
[T+6778131204us][CH1-Dispenser] 62 E3 E7 E3 E2 E0 E0
[T+6778197205us][CH2-Pc    ] 03
[T+6778203314us][CH1-Dispenser] 03 73
[T+6778224204us][CH2-Pc    ] 23
[T+6778233204us][CH1-Dispenser] 23 D3
[T+6778246313us][CH1-Dispenser] FF
[T+6778246180us][CH2-Pc    ] FF
[T+6778258312us][CH1-Dispenser] E9
[T+6778258180us][CH2-Pc    ] E9
[T+6778271317us][CH1-Dispenser] FE
[T+6778271183us][CH2-Pc    ] FE
[T+6778284313us][CH1-Dispenser] E0
[T+6778284180us][CH2-Pc    ] E0
[T+6778296316us][CH1-Dispenser] E1
[T+6778296180us][CH2-Pc    ] E1
[T+6778309312us][CH1-Dispenser] E0
[T+6778309180us][CH2-Pc    ] E0
[T+6778322318us][CH1-Dispenser] FB
[T+6778322184us][CH2-Pc    ] FB
[T+6778335181us][CH1-Dispenser] EE
[T+6778335318us][CH2-Pc    ] EE
[T+6778347204us][CH2-Pc    ] F0
[T+6778375180us][CH1-Dispenser] F0 BA B0 B3 B3 B0 B1 B0 B0 B0 B0 B1 B1 B1 B1 B1 B9 C1 8D 8A
[T+6778449180us][CH2-Pc    ] 04
[T+6778460180us][CH1-Dispenser] 04 64
[T+6778527316us][CH1-Dispenser] 05
[T+6778527180us][CH2-Pc    ] 05
[T+6778702317us][CH1-Dispenser] 06
[T+6778702181us][CH2-Pc    ] 06
[T+6778877180us][CH2-Pc    ] 01
[T+6778885794us][CH1-Dispenser] 01 61
[T+6778955180us][CH2-Pc    ] 02
[T+6778960179us][CH1-Dispenser] 02 92
[T+6778982180us][CH2-Pc    ] 62
[T+6778998180us][CH1-Dispenser] 62 E4 E0 E9 E2 E0 E0
[T+6779071180us][CH2-Pc    ] 03
[T+6779078211us][CH1-Dispenser] 03 73
[T+6779098180us][CH2-Pc    ] 23
[T+6779103802us][CH1-Dispenser] 23 D3
[T+6779120180us][CH1-Dispenser] FF
[T+6779120317us][CH2-Pc    ] FF
[T+6779132314us][CH1-Dispenser] E9
[T+6779132181us][CH2-Pc    ] E9
[T+6779145309us][CH1-Dispenser] FE
[T+6779145181us][CH2-Pc    ] FE
[T+6779158311us][CH1-Dispenser] E0
[T+6779158180us][CH2-Pc    ] E0
[T+6779179181us][CH1-Dispenser] E1
[T+6779179316us][CH2-Pc    ] E1
[T+6779201314us][CH1-Dispenser] E0
[T+6779201180us][CH2-Pc    ] E0
[T+6779213312us][CH1-Dispenser] FB
[T+6779213180us][CH2-Pc    ] FB
[T+6779226318us][CH1-Dispenser] EE
[T+6779226183us][CH2-Pc    ] EE
[T+6779239180us][CH2-Pc    ] F0
[T+6779271180us][CH1-Dispenser] F0 BA B0 B3 B3 B0 B1 B0 B0 B0 B0 B1 B1 B1 B1 B1 B9 C1 8D 8A
[T+6779341180us][CH2-Pc    ] 04
[T+6779349747us][CH1-Dispenser] 04 64
[T+6779420319us][CH1-Dispenser] 05
[T+6779420181us][CH2-Pc    ] 05
[T+6779597180us][CH1-Dispenser] 06
[T+6779597318us][CH2-Pc    ] 06
[T+6779791180us][CH2-Pc    ] 01
[T+6779799181us][CH1-Dispenser] 01 61
[T+6779869180us][CH2-Pc    ] 02
[T+6779874187us][CH1-Dispenser] 02 92
[T+6779896180us][CH2-Pc    ] 62
[T+6779911204us][CH1-Dispenser] 62 E3 E0 E5 E3 E0 E0
[T+6779974204us][CH2-Pc    ] 03
[T+6779983204us][CH1-Dispenser] 03 73
[T+6780002180us][CH2-Pc    ] 23
[T+6780010736us][CH1-Dispenser] 23 D3
[T+6780023180us][CH1-Dispenser] FF
[T+6780023317us][CH2-Pc    ] FF
[T+6780036315us][CH1-Dispenser] E9
[T+6780036180us][CH2-Pc    ] E9
[T+6780048309us][CH1-Dispenser] FE
[T+6780048181us][CH2-Pc    ] FE
[T+6780061321us][CH1-Dispenser] E0
[T+6780061184us][CH2-Pc    ] E0
[T+6780074183us][CH1-Dispenser] E1
[T+6780074318us][CH2-Pc    ] E1
[T+6780087184us][CH1-Dispenser] E0
[T+6780087323us][CH2-Pc    ] E0
[T+6780099180us][CH1-Dispenser] FB
[T+6780099310us][CH2-Pc    ] FB
[T+6780112328us][CH1-Dispenser] EE
[T+6780112183us][CH2-Pc    ] EE
[T+6780126180us][CH2-Pc    ] F0
[T+6780156274us][CH1-Dispenser] F0 BA B0 B3 B3 B0 B1 B0 B0 B0 B0 B1 B1 B1 B1 B1 B9 C1 8D 8A
[T+6780236185us][CH2-Pc    ] 04
[T+6780242218us][CH1-Dispenser] 04 64
[T+6780314181us][CH1-Dispenser] 05
[T+6780314315us][CH2-Pc    ] 05
[T+6780489180us][CH1-Dispenser] 06
[T+6780489313us][CH2-Pc    ] 06
[T+6780664180us][CH2-Pc    ] 01
[T+6780670218us][CH1-Dispenser] 01 61
[T+6780742204us][CH2-Pc    ] 02
[T+6780749180us][CH1-Dispenser] 02 92
[T+6780769180us][CH2-Pc    ] 62
[T+6780782180us][CH1-Dispenser] 62 E7 E5 E0 E4 E0 E0
[T+6780847180us][CH2-Pc    ] 03
[T+6780853203us][CH1-Dispenser] 03 73
[T+6780891180us][CH2-Pc    ] 23
[T+6780898180us][CH1-Dispenser] 23 D3
[T+6780913317us][CH1-Dispenser] FF
[T+6780913185us][CH2-Pc    ] FF
[T+6780925312us][CH1-Dispenser] E9
[T+6780925180us][CH2-Pc    ] E9
[T+6780938311us][CH1-Dispenser] FE
[T+6780938181us][CH2-Pc    ] FE
[T+6780951311us][CH1-Dispenser] E0
[T+6780951180us][CH2-Pc    ] E0
[T+6780965184us][CH1-Dispenser] E1
[T+6780965325us][CH2-Pc    ] E1
[T+6780976328us][CH1-Dispenser] E0
[T+6780976188us][CH2-Pc    ] E0
[T+6780989315us][CH1-Dispenser] FB
[T+6780989180us][CH2-Pc    ] FB
[T+6781002311us][CH1-Dispenser] EE
[T+6781002180us][CH2-Pc    ] EE
[T+6781014181us][CH1-Dispenser] F0
[T+6781014319us][CH2-Pc    ] F0
[T+6781049180us][CH1-Dispenser] BA B0 B3 B3 B0 B1 B0 B0 B0 B0 B1 B1 B1 B1 B1 B9 C1 8D 8A
[T+6781116184us][CH2-Pc    ] 04
[T+6781123180us][CH1-Dispenser] 04 64
[T+6781194180us][CH1-Dispenser] 05
[T+6781194319us][CH2-Pc    ] 05
[T+6781358180us][CH1-Dispenser] 06
[T+6781358318us][CH2-Pc    ] 06
[T+6781535204us][CH2-Pc    ] 01
[T+6781540188us][CH1-Dispenser] 01 61
[T+6781613180us][CH2-Pc    ] 02
[T+6781621762us][CH1-Dispenser] 02 92
[T+6781643561us][CH2-Pc    ] 62
[T+6781656243us][CH1-Dispenser] 62 E4 E4 E6 E4 E0 E0
[T+6781721180us][CH2-Pc    ] 03
[T+6781729180us][CH1-Dispenser] 03 73
[T+6781749180us][CH2-Pc    ] 23
[T+6781754187us][CH1-Dispenser] 23 D3
[T+6781770314us][CH1-Dispenser] FF
[T+6781770180us][CH2-Pc    ] FF
[T+6781783311us][CH1-Dispenser] E9
[T+6781783180us][CH2-Pc    ] E9
[T+6781795311us][CH1-Dispenser] FE
[T+6781795180us][CH2-Pc    ] FE
[T+6781808317us][CH1-Dispenser] E0
[T+6781808180us][CH2-Pc    ] E0
[T+6781821313us][CH1-Dispenser] E1
[T+6781821180us][CH2-Pc    ] E1
[T+6781834316us][CH1-Dispenser] E0
[T+6781834180us][CH2-Pc    ] E0
[T+6781846308us][CH1-Dispenser] FB
[T+6781846180us][CH2-Pc    ] FB
[T+6781859311us][CH1-Dispenser] EE
[T+6781859180us][CH2-Pc    ] EE
[T+6781881180us][CH2-Pc    ] F0
[T+6781911204us][CH1-Dispenser] F0 BA B0 B3 B3 B0 B1 B0 B0 B0 B0 B1 B1 B1 B1 B1 B9 C1 8D 8A
[T+6781977205us][CH2-Pc    ] 04
[T+6781983821us][CH1-Dispenser] 04 64
[T+6782055180us][CH1-Dispenser] 05
[T+6782055314us][CH2-Pc    ] 05
[T+6782241180us][CH1-Dispenser] 06
[T+6782241315us][CH2-Pc    ] 06
[T+6782405180us][CH2-Pc    ] 01
[T+6782410773us][CH1-Dispenser] 01 61
[T+6782483180us][CH2-Pc    ] 02
[T+6782489220us][CH1-Dispenser] 02 92
[T+6782510204us][CH2-Pc    ] 62
[T+6782522183us][CH1-Dispenser] 62 E2 E3 E2 E5 E0 E0
[T+6782589180us][CH2-Pc    ] 03
[T+6782594179us][CH1-Dispenser] 03 73
[T+6782616180us][CH2-Pc    ] 23
[T+6782622204us][CH1-Dispenser] 23 D3
[T+6782637312us][CH1-Dispenser] FF
[T+6782637181us][CH2-Pc    ] FF
[T+6782650324us][CH1-Dispenser] E9
[T+6782650184us][CH2-Pc    ] E9
[T+6782663316us][CH1-Dispenser] FE
[T+6782663184us][CH2-Pc    ] FE
[T+6782675312us][CH1-Dispenser] E0
[T+6782675181us][CH2-Pc    ] E0
[T+6782688318us][CH1-Dispenser] E1
[T+6782688183us][CH2-Pc    ] E1
[T+6782702771us][CH1-Dispenser] E0
[T+6782701181us][CH2-Pc    ] E0
[T+6782713322us][CH1-Dispenser] FB
[T+6782713183us][CH2-Pc    ] FB
[T+6782726316us][CH1-Dispenser] EE
[T+6782726181us][CH2-Pc    ] EE
[T+6782739180us][CH2-Pc    ] F0
[T+6782767180us][CH1-Dispenser] F0 BA B0 B3 B3 B0 B1 B0 B0 B0 B0 B1 B1 B1 B1 B1 B9 C1 8D 8A
[T+6782831180us][CH2-Pc    ] 04
[T+6782839338us][CH1-Dispenser] 04 64
[T+6782912316us][CH1-Dispenser] 05
[T+6782912180us][CH2-Pc    ] 05
[T+6783076315us][CH1-Dispenser] 06
[T+6783076181us][CH2-Pc    ] 06
[T+6783251180us][CH2-Pc    ] 01
[T+6783259836us][CH1-Dispenser] 01 61
[T+6783404180us][CH2-Pc    ] 02
[T+6783410204us][CH1-Dispenser] 02 92
[T+6783443204us][CH2-Pc    ] 62
[T+6783456180us][CH1-Dispenser] 62 E7 E8 E8 E5 E0 E0
[T+6783529180us][CH2-Pc    ] 03
[T+6783534179us][CH1-Dispenser] 03 73
[T+6783556180us][CH2-Pc    ] 23
[T+6783565212us][CH1-Dispenser] 23 D3
[T+6783578181us][CH1-Dispenser] FF
[T+6783578316us][CH2-Pc    ] FF
[T+6783590314us][CH1-Dispenser] E9
[T+6783590182us][CH2-Pc    ] E9
[T+6783603316us][CH1-Dispenser] FE
[T+6783603181us][CH2-Pc    ] FE
[T+6783616314us][CH1-Dispenser] E0
[T+6783616180us][CH2-Pc    ] E0
[T+6783628181us][CH1-Dispenser] E1
[T+6783628314us][CH2-Pc    ] E1
[T+6783641312us][CH1-Dispenser] E0
[T+6783641180us][CH2-Pc    ] E0
[T+6783654320us][CH1-Dispenser] FB
[T+6783654183us][CH2-Pc    ] FB
[T+6783668183us][CH1-Dispenser] EE
[T+6783668322us][CH2-Pc    ] EE
[T+6783680187us][CH2-Pc    ] F0
[T+6783711180us][CH1-Dispenser] F0 BA B0 B3 B3 B0 B1 B0 B0 B0 B0 B1 B1 B1 B1 B1 B9 C1 8D 8A
[T+6783782181us][CH2-Pc    ] 04
[T+6783790182us][CH1-Dispenser] 04 64
[T+6783860316us][CH1-Dispenser] 05
[T+6783860180us][CH2-Pc    ] 05
[T+6784035180us][CH1-Dispenser] 06
[T+6784035316us][CH2-Pc    ] 06
[T+6784210180us][CH2-Pc    ] 01
[T+6784216204us][CH1-Dispenser] 01 61
[T+6784288318us][CH1-Dispenser] 02
[T+6784288181us][CH2-Pc    ] 02
[T+6784299181us][CH1-Dispenser] 92
[T+6784315180us][CH2-Pc    ] 62
[T+6784326180us][CH1-Dispenser] 62 E0 E2 E5 E6 E0 E0
[T+6784394291us][CH2-Pc    ] 03
[T+6784399834us][CH1-Dispenser] 03 73
[T+6784421180us][CH2-Pc    ] 23
[T+6784430205us][CH1-Dispenser] 23 D3
[T+6784443325us][CH1-Dispenser] FF
[T+6784443184us][CH2-Pc    ] FF
[T+6784456312us][CH1-Dispenser] E9
[T+6784456180us][CH2-Pc    ] E9
[T+6784468315us][CH1-Dispenser] FE
[T+6784468181us][CH2-Pc    ] FE
[T+6784481311us][CH1-Dispenser] E0
[T+6784481180us][CH2-Pc    ] E0
[T+6784494180us][CH1-Dispenser] E1
[T+6784494313us][CH2-Pc    ] E1
[T+6784506317us][CH1-Dispenser] E0
[T+6784506181us][CH2-Pc    ] E0
[T+6784519314us][CH1-Dispenser] FB
[T+6784519180us][CH2-Pc    ] FB
[T+6784532183us][CH1-Dispenser] EE
[T+6784532322us][CH2-Pc    ] EE
[T+6784544213us][CH2-Pc    ] F0
[T+6784576180us][CH1-Dispenser] F0 BA B0 B3 B3 B0 B1 B0 B0 B0 B0 B1 B1 B1 B1 B1 B9 C1 8D 8A
[T+6784646180us][CH2-Pc    ] 04
[T+6784653179us][CH1-Dispenser] 04 64
[T+6784724180us][CH1-Dispenser] 05
[T+6784724316us][CH2-Pc    ] 05
[T+6784888314us][CH1-Dispenser] 06
[T+6784888180us][CH2-Pc    ] 06
[T+6785063180us][CH2-Pc    ] 01
[T+6785069204us][CH1-Dispenser] 01 61
[T+6785141204us][CH2-Pc    ] 02
[T+6785150180us][CH1-Dispenser] 02 92
[T+6785168204us][CH2-Pc    ] 62
[T+6785181180us][CH1-Dispenser] 62 E3 E5 E1 E7 E0 E0
[T+6785248180us][CH2-Pc    ] 03
[T+6785253179us][CH1-Dispenser] 03 73
[T+6785297180us][CH2-Pc    ] 23
[T+6785303830us][CH1-Dispenser] 23 D3
[T+6785318313us][CH1-Dispenser] FF
[T+6785318180us][CH2-Pc    ] FF
[T+6785331311us][CH1-Dispenser] E9
[T+6785331181us][CH2-Pc    ] E9
[T+6785343322us][CH1-Dispenser] FE
[T+6785343183us][CH2-Pc    ] FE
[T+6785356316us][CH1-Dispenser] E0
[T+6785356181us][CH2-Pc    ] E0
[T+6785369181us][CH1-Dispenser] E1
[T+6785369314us][CH2-Pc    ] E1
[T+6785381310us][CH1-Dispenser] E0
[T+6785381181us][CH2-Pc    ] E0
[T+6785394314us][CH1-Dispenser] FB
[T+6785394180us][CH2-Pc    ] FB
[T+6785408313us][CH1-Dispenser] EE
[T+6785408180us][CH2-Pc    ] EE
[T+6785420204us][CH2-Pc    ] F0
[T+6785451180us][CH1-Dispenser] F0 BA B0 B3 B3 B0 B1 B0 B0 B0 B0 B1 B1 B1 B1 B1 B9 C1 8D 8A
[T+6785523206us][CH2-Pc    ] 04
[T+6785529218us][CH1-Dispenser] 04 64
[T+6785601180us][CH1-Dispenser] 05
[T+6785601315us][CH2-Pc    ] 05
[T+6785765180us][CH1-Dispenser] 06
[T+6785765316us][CH2-Pc    ] 06
[T+6785941180us][CH2-Pc    ] 01
[T+6785951180us][CH1-Dispenser] 01 61
[T+6786019180us][CH2-Pc    ] 02
[T+6786025203us][CH1-Dispenser] 02 92
[T+6786046204us][CH2-Pc    ] 62
[T+6786063180us][CH1-Dispenser] 62 E4 E7 E7 E7 E0 E0
[T+6786136180us][CH2-Pc    ] 03
[T+6786145212us][CH1-Dispenser] 03 73
[T+6786164180us][CH2-Pc    ] 23
[T+6786168787us][CH1-Dispenser] 23 D3
[T+6786185316us][CH1-Dispenser] FF
[T+6786185180us][CH2-Pc    ] FF
[T+6786198312us][CH1-Dispenser] E9
[T+6786198180us][CH2-Pc    ] E9
[T+6786211181us][CH1-Dispenser] FE
[T+6786211318us][CH2-Pc    ] FE
[T+6786223310us][CH1-Dispenser] E0
[T+6786223180us][CH2-Pc    ] E0
[T+6786236180us][CH1-Dispenser] E1
[T+6786236536us][CH2-Pc    ] E1
[T+6786248326us][CH1-Dispenser] E0
[T+6786248185us][CH2-Pc    ] E0
[T+6786261322us][CH1-Dispenser] FB
[T+6786261184us][CH2-Pc    ] FB
[T+6786278180us][CH1-Dispenser] EE
[T+6786278312us][CH2-Pc    ] EE
[T+6786291181us][CH2-Pc    ] F0
[T+6786322180us][CH1-Dispenser] F0 BA B0 B3 B3 B0 B1 B0 B0 B0 B0 B1 B1 B1 B1 B1 B9 C1 8D 8A
[T+6786392180us][CH2-Pc    ] 04
[T+6786399179us][CH1-Dispenser] 04 64
[T+6786470314us][CH1-Dispenser] 05
[T+6786470180us][CH2-Pc    ] 05
[T+6786648181us][CH1-Dispenser] 06
[T+6786648318us][CH2-Pc    ] 06
[T+6786812180us][CH2-Pc    ] 01
[T+6786820180us][CH1-Dispenser] 01 61
[T+6786890180us][CH2-Pc    ] 02
[T+6786895179us][CH1-Dispenser] 02 92
[T+6786917180us][CH2-Pc    ] 62
[T+6786932205us][CH1-Dispenser] 62 E9 E1 E4 E8 E0 E0
[T+6786997180us][CH2-Pc    ] 03
[T+6787003218us][CH1-Dispenser] 03 73
[T+6787035318us][CH1-Dispenser] 23 D3 FF
[T+6787035180us][CH2-Pc    ] 23 FF
[T+6787047314us][CH1-Dispenser] E9
[T+6787047180us][CH2-Pc    ] E9
[T+6787060317us][CH1-Dispenser] FE
[T+6787060181us][CH2-Pc    ] FE
[T+6787082321us][CH1-Dispenser] E0
[T+6787082185us][CH2-Pc    ] E0
[T+6787094314us][CH1-Dispenser] E1
[T+6787094181us][CH2-Pc    ] E1
[T+6787107315us][CH1-Dispenser] E0
[T+6787107181us][CH2-Pc    ] E0
[T+6787120308us][CH1-Dispenser] FB
[T+6787120180us][CH2-Pc    ] FB
[T+6787132312us][CH1-Dispenser] EE
[T+6787132180us][CH2-Pc    ] EE
[T+6787145766us][CH2-Pc    ] F0
[T+6787176180us][CH1-Dispenser] F0 BA B0 B3 B3 B0 B1 B0 B0 B0 B0 B1 B1 B1 B1 B1 B9 C1 8D 8A
[T+6787248180us][CH2-Pc    ] 04
[T+6787253187us][CH1-Dispenser] 04 64
[T+6787326314us][CH1-Dispenser] 05
[T+6787326181us][CH2-Pc    ] 05
[T+6787500180us][CH1-Dispenser] 06
[T+6787501181us][CH2-Pc    ] 06
[T+6787672181us][CH2-Pc    ] 01
[T+6787680187us][CH1-Dispenser] 01 61
[T+6787750180us][CH2-Pc    ] 02
[T+6787756827us][CH1-Dispenser] 02 92
[T+6787779180us][CH2-Pc    ] 62
[T+6787792180us][CH1-Dispenser] 62 E1 E5 E0 E9 E0 E0
[T+6787857180us][CH2-Pc    ] 03
[T+6787864181us][CH1-Dispenser] 03 73
[T+6787884180us][CH2-Pc    ] 23
[T+6787891180us][CH1-Dispenser] 23 D3
[T+6787906503us][CH1-Dispenser] FF
[T+6787906360us][CH2-Pc    ] FF
[T+6787918314us][CH1-Dispenser] E9
[T+6787918180us][CH2-Pc    ] E9
[T+6787931315us][CH1-Dispenser] FE
[T+6787931180us][CH2-Pc    ] FE
[T+6787945319us][CH1-Dispenser] E0
[T+6787945183us][CH2-Pc    ] E0
[T+6787957317us][CH1-Dispenser] E1
[T+6787957183us][CH2-Pc    ] E1
[T+6787969312us][CH1-Dispenser] E0
[T+6787969180us][CH2-Pc    ] E0
[T+6787983320us][CH1-Dispenser] FB
[T+6787983182us][CH2-Pc    ] FB
[T+6787995315us][CH1-Dispenser] EE
[T+6787995181us][CH2-Pc    ] EE
[T+6788007204us][CH2-Pc    ] F0
[T+6788037204us][CH1-Dispenser] F0 BA B0 B3 B3 B0 B1 B0 B0 B0 B0 B1 B1 B1 B1 B1 B9 C1 8D 8A
[T+6788109204us][CH2-Pc    ] 04
[T+6788113179us][CH1-Dispenser] 04 64
[T+6788176180us][CH1-Dispenser] 05
[T+6788176313us][CH2-Pc    ] 05
[T+6788351181us][CH1-Dispenser] 06
[T+6788351315us][CH2-Pc    ] 06
[T+6788515180us][CH2-Pc    ] 01
[T+6788522181us][CH1-Dispenser] 01 61
[T+6788593180us][CH2-Pc    ] 02
[T+6788601831us][CH1-Dispenser] 02 92
[T+6788621180us][CH2-Pc    ] 62
[T+6788632181us][CH1-Dispenser] 62 E2 E6 E6 E9 E0 E0
[T+6788699180us][CH2-Pc    ] 03
[T+6788704179us][CH1-Dispenser] 03 73
[T+6788726180us][CH2-Pc    ] 23
[T+6788736181us][CH1-Dispenser] 23 D3
[T+6788748312us][CH1-Dispenser] FF
[T+6788748180us][CH2-Pc    ] FF
[T+6788760447us][CH1-Dispenser] E9
[T+6788760308us][CH2-Pc    ] E9
[T+6788773326us][CH1-Dispenser] FE
[T+6788773185us][CH2-Pc    ] FE
[T+6788786312us][CH1-Dispenser] E0
[T+6788786180us][CH2-Pc    ] E0
[T+6788798180us][CH1-Dispenser] E1
[T+6788798313us][CH2-Pc    ] E1
[T+6788811315us][CH1-Dispenser] E0
[T+6788811180us][CH2-Pc    ] E0
[T+6788824316us][CH1-Dispenser] FB
[T+6788824181us][CH2-Pc    ] FB
[T+6788836317us][CH1-Dispenser] EE
[T+6788836180us][CH2-Pc    ] EE
[T+6788849180us][CH2-Pc    ] F0
[T+6788879180us][CH1-Dispenser] F0 BA B0 B3 B3 B0 B1 B0 B0 B0 B0 B1 B1 B1 B1 B1 B9 C1 8D 8A
[T+6788951205us][CH2-Pc    ] 04
[T+6788958180us][CH1-Dispenser] 04 64
[T+6789029316us][CH1-Dispenser] 05
[T+6789029180us][CH2-Pc    ] 05
[T+6789204316us][CH1-Dispenser] 06
[T+6789204181us][CH2-Pc    ] 06
[T+6789378204us][CH2-Pc    ] 01
[T+6789386182us][CH1-Dispenser] 01 61
[T+6789457180us][CH2-Pc    ] 02
[T+6789465188us][CH1-Dispenser] 02 92
[T+6789484180us][CH2-Pc    ] 62
[T+6789498180us][CH1-Dispenser] 62 E8 E2 E3 E0 E1 E0
[T+6789562180us][CH2-Pc    ] 03
[T+6789569180us][CH1-Dispenser] 03 73
[T+6789589180us][CH2-Pc    ] 23
[T+6789596180us][CH1-Dispenser] 23 D3
[T+6789611315us][CH1-Dispenser] FF
[T+6789611181us][CH2-Pc    ] FF
[T+6789624313us][CH1-Dispenser] E9
[T+6789624181us][CH2-Pc    ] E9
[T+6789643312us][CH1-Dispenser] FE
[T+6789643180us][CH2-Pc    ] FE
[T+6789656415us][CH1-Dispenser] E0
[T+6789656280us][CH2-Pc    ] E0
[T+6789669181us][CH1-Dispenser] E1
[T+6789669317us][CH2-Pc    ] E1
[T+6789681324us][CH1-Dispenser] E0
[T+6789681185us][CH2-Pc    ] E0
[T+6789694315us][CH1-Dispenser] FB
[T+6789694181us][CH2-Pc    ] FB
[T+6789706180us][CH1-Dispenser] EE
[T+6789706314us][CH2-Pc    ] EE
[T+6789719180us][CH2-Pc    ] F0
[T+6789749204us][CH1-Dispenser] F0 BA B0 B3 B3 B0 B1 B0 B0 B0 B0 B1 B1 B1 B1 B1 B9 C1 8D 8A
[T+6789823181us][CH2-Pc    ] 04
[T+6789828256us][CH1-Dispenser] 04 64
[T+6789901180us][CH1-Dispenser] 05
[T+6789901318us][CH2-Pc    ] 05
[T+6790076316us][CH1-Dispenser] 06
[T+6790076181us][CH2-Pc    ] 06
[T+6790250204us][CH2-Pc    ] 01
[T+6790255188us][CH1-Dispenser] 01 61
[T+6790318205us][CH2-Pc    ] 02
[T+6790325179us][CH1-Dispenser] 02 92
[T+6790345180us][CH2-Pc    ] 62
[T+6790356180us][CH1-Dispenser] 62 E0 E5 E9 E0 E1 E0
[T+6790424180us][CH2-Pc    ] 03
[T+6790428179us][CH1-Dispenser] 03 73
[T+6790441180us][CH2-Pc    ] 23
[T+6790450214us][CH1-Dispenser] 23 D3
[T+6790463320us][CH1-Dispenser] FF
[T+6790463182us][CH2-Pc    ] FF
[T+6790484312us][CH1-Dispenser] E9
[T+6790484180us][CH2-Pc    ] E9
[T+6790504319us][CH1-Dispenser] FE
[T+6790504182us][CH2-Pc    ] FE
[T+6790516313us][CH1-Dispenser] E0
[T+6790516180us][CH2-Pc    ] E0
[T+6790529181us][CH1-Dispenser] E1
[T+6790529317us][CH2-Pc    ] E1
[T+6790541313us][CH1-Dispenser] E0
[T+6790541180us][CH2-Pc    ] E0
[T+6790554320us][CH1-Dispenser] FB
[T+6790554184us][CH2-Pc    ] FB
[T+6790567181us][CH1-Dispenser] EE
[T+6790567320us][CH2-Pc    ] EE
[T+6790580204us][CH2-Pc    ] F0
[T+6790607180us][CH1-Dispenser] F0 BA B0 B3 B3 B0 B1 B0 B0 B0 B0 B1 B1 B1 B1 B1 B9 C1 8D 8A
[T+6790671180us][CH2-Pc    ] 04
[T+6790679187us][CH1-Dispenser] 04 64
[T+6790749317us][CH1-Dispenser] 05
[T+6790749181us][CH2-Pc    ] 05
[T+6790924315us][CH1-Dispenser] 06
[T+6790924180us][CH2-Pc    ] 06
[T+6791099180us][CH2-Pc    ] 01
[T+6791106766us][CH1-Dispenser] 01 61
[T+6791177180us][CH2-Pc    ] 02
[T+6791185180us][CH1-Dispenser] 02 92
[T+6791204180us][CH2-Pc    ] 62
[T+6791218180us][CH1-Dispenser] 62 E6 E0 E0 E1 E1 E0
[T+6791288180us][CH2-Pc    ] 03
[T+6791295835us][CH1-Dispenser] 03 73
[T+6791316180us][CH2-Pc    ] 23
[T+6791324195us][CH1-Dispenser] 23 D3
[T+6791337312us][CH1-Dispenser] FF
[T+6791337180us][CH2-Pc    ] FF
[T+6791350316us][CH1-Dispenser] E9
[T+6791350180us][CH2-Pc    ] E9
[T+6791363319us][CH1-Dispenser] FE
[T+6791363183us][CH2-Pc    ] FE
[T+6791375310us][CH1-Dispenser] E0
[T+6791375181us][CH2-Pc    ] E0
[T+6791388313us][CH1-Dispenser] E1
[T+6791388181us][CH2-Pc    ] E1
[T+6791401318us][CH1-Dispenser] E0
[T+6791401184us][CH2-Pc    ] E0
[T+6791413315us][CH1-Dispenser] FB
[T+6791413181us][CH2-Pc    ] FB
[T+6791426314us][CH1-Dispenser] EE
[T+6791426181us][CH2-Pc    ] EE
[T+6791439180us][CH2-Pc    ] F0
[T+6791466204us][CH1-Dispenser] F0 BA B0 B3 B3 B0 B1 B0 B0 B0 B0 B1 B1 B1 B1 B1 B9 C1 8D 8A
[T+6791531180us][CH2-Pc    ] 04
[T+6791538437us][CH1-Dispenser] 04 64
[T+6791609180us][CH1-Dispenser] 05
[T+6791609314us][CH2-Pc    ] 05
[T+6791784315us][CH1-Dispenser] 06
[T+6791784181us][CH2-Pc    ] 06
[T+6791958205us][CH2-Pc    ] 01
[T+6791966180us][CH1-Dispenser] 01 61
[T+6792037180us][CH2-Pc    ] 02
[T+6792047181us][CH1-Dispenser] 02 92
[T+6792065204us][CH2-Pc    ] 62
[T+6792076181us][CH1-Dispenser] 62 E1 E5 E0 E1 E1 E0
[T+6792143180us][CH2-Pc    ] 03
[T+6792150187us][CH1-Dispenser] 03 73
[T+6792170180us][CH2-Pc    ] 23
[T+6792179204us][CH1-Dispenser] 23 D3
[T+6792192321us][CH1-Dispenser] FF
[T+6792192183us][CH2-Pc    ] FF
[T+6792204316us][CH1-Dispenser] E9
[T+6792204181us][CH2-Pc    ] E9
[T+6792217313us][CH1-Dispenser] FE
[T+6792217181us][CH2-Pc    ] FE
[T+6792231313us][CH1-Dispenser] E0
[T+6792231180us][CH2-Pc    ] E0
[T+6792243313us][CH1-Dispenser] E1
[T+6792243180us][CH2-Pc    ] E1
[T+6792256312us][CH1-Dispenser] E0
[T+6792256180us][CH2-Pc    ] E0
[T+6792269313us][CH1-Dispenser] FB
[T+6792269180us][CH2-Pc    ] FB
[T+6792282180us][CH1-Dispenser] EE
[T+6792282308us][CH2-Pc    ] EE
[T+6792294204us][CH2-Pc    ] F0
[T+6792322205us][CH1-Dispenser] F0 BA B0 B3 B3 B0 B1 B0 B0 B0 B0 B1 B1 B1 B1 B1 B9 C1 8D 8A
[T+6792386180us][CH2-Pc    ] 04
[T+6792394180us][CH1-Dispenser] 04 64
[T+6792465180us][CH1-Dispenser] 05
[T+6792465315us][CH2-Pc    ] 05
[T+6792649328us][CH1-Dispenser] 06
[T+6792649465us][CH2-Pc    ] 06
[T+6792834180us][CH2-Pc    ] 01
[T+6792841831us][CH1-Dispenser] 01 61
[T+6792912180us][CH2-Pc    ] 02
[T+6792920486us][CH1-Dispenser] 02 92
[T+6792940180us][CH2-Pc    ] 62
[T+6792953180us][CH1-Dispenser] 62 E7 E9 E0 E1 E1 E0
[T+6793020180us][CH2-Pc    ] 03
[T+6793030181us][CH1-Dispenser] 03 73
[T+6793047180us][CH2-Pc    ] 23
[T+6793053204us][CH1-Dispenser] 23 D3
[T+6793069309us][CH1-Dispenser] FF
[T+6793069180us][CH2-Pc    ] FF
[T+6793081327us][CH1-Dispenser] E9
[T+6793081187us][CH2-Pc    ] E9
[T+6793094313us][CH1-Dispenser] FE
[T+6793094180us][CH2-Pc    ] FE
[T+6793107315us][CH1-Dispenser] E0
[T+6793107180us][CH2-Pc    ] E0
[T+6793119180us][CH1-Dispenser] E1
[T+6793120179us][CH2-Pc    ] E1
[T+6793132312us][CH1-Dispenser] E0
[T+6793132180us][CH2-Pc    ] E0
[T+6793145181us][CH1-Dispenser] FB
[T+6793145318us][CH2-Pc    ] FB
[T+6793158322us][CH1-Dispenser] EE
[T+6793158182us][CH2-Pc    ] EE
[T+6793171181us][CH2-Pc    ] F0
[T+6793201805us][CH1-Dispenser] F0 BA B0 B3 B3 B0 B1 B0 B0 B0 B0 B1 B1 B1 B1 B1 B9 C1 8D 8A
[T+6793273205us][CH2-Pc    ] 04
[T+6793281301us][CH1-Dispenser] 04 64
[T+6793351315us][CH1-Dispenser] 05
[T+6793351182us][CH2-Pc    ] 05
[T+6793515180us][CH1-Dispenser] 06
[T+6793515316us][CH2-Pc    ] 06
[T+6793690180us][CH2-Pc    ] 01
[T+6793697180us][CH1-Dispenser] 01 61
[T+6793768180us][CH2-Pc    ] 02
[T+6793774218us][CH1-Dispenser] 02 92
[T+6793795204us][CH2-Pc    ] 62
[T+6793809180us][CH1-Dispenser] 62 E2 E4 E1 E1 E1 E0
[T+6793873180us][CH2-Pc    ] 03
[T+6793881180us][CH1-Dispenser] 03 73
[T+6793901180us][CH2-Pc    ] 23
[T+6793909782us][CH1-Dispenser] 23 D3
[T+6793922181us][CH1-Dispenser] FF
[T+6793922318us][CH2-Pc    ] FF
[T+6793937320us][CH1-Dispenser] E9
[T+6793937185us][CH2-Pc    ] E9
[T+6793950315us][CH1-Dispenser] FE
[T+6793950181us][CH2-Pc    ] FE
[T+6793962311us][CH1-Dispenser] E0
[T+6793962181us][CH2-Pc    ] E0
[T+6793978180us][CH1-Dispenser] E1
[T+6793978311us][CH2-Pc    ] E1
[T+6793991183us][CH1-Dispenser] E0
[T+6793991322us][CH2-Pc    ] E0
[T+6794003319us][CH1-Dispenser] FB
[T+6794003183us][CH2-Pc    ] FB
[T+6794016183us][CH1-Dispenser] EE
[T+6794016314us][CH2-Pc    ] EE
[T+6794029180us][CH2-Pc    ] F0
[T+6794057180us][CH1-Dispenser] F0 BA B0 B3 B3 B0 B1 B0 B0 B0 B0 B1 B1 B1 B1 B1 B9 C1 8D 8A
[T+6794149180us][CH2-Pc    ] 04
[T+6794154179us][CH1-Dispenser] 04 64
[T+6794227182us][CH1-Dispenser] 05
[T+6794227321us][CH2-Pc    ] 05
[T+6794413180us][CH1-Dispenser] 06
[T+6794413315us][CH2-Pc    ] 06
[T+6794576180us][CH2-Pc    ] 01
[T+6794586181us][CH1-Dispenser] 01 61
[T+6794655205us][CH2-Pc    ] 02
[T+6794660824us][CH1-Dispenser] 02 92
[T+6794682180us][CH2-Pc    ] 62
[T+6794696180us][CH1-Dispenser] 62 E0 E1 E2 E1 E1 E0
[T+6794760180us][CH2-Pc    ] 03
[T+6794771180us][CH1-Dispenser] 03 73
[T+6794787180us][CH2-Pc    ] 23
[T+6794794180us][CH1-Dispenser] 23 D3
[T+6794809180us][CH1-Dispenser] FF
[T+6794809310us][CH2-Pc    ] FF
[T+6794822181us][CH2-Pc    ] E9
[T+6794823179us][CH1-Dispenser] E9
[T+6794834312us][CH1-Dispenser] FE
[T+6794834180us][CH2-Pc    ] FE
[T+6794847313us][CH1-Dispenser] E0
[T+6794847181us][CH2-Pc    ] E0
[T+6794860180us][CH1-Dispenser] E1
[T+6794860314us][CH2-Pc    ] E1
[T+6794872313us][CH1-Dispenser] E0
[T+6794872180us][CH2-Pc    ] E0
[T+6794888314us][CH1-Dispenser] FB
[T+6794888180us][CH2-Pc    ] FB
[T+6794901312us][CH1-Dispenser] EE
[T+6794901180us][CH2-Pc    ] EE
[T+6794913204us][CH2-Pc    ] F0
[T+6794942181us][CH1-Dispenser] F0 BA B0 B3 B3 B0 B1 B0 B0 B0 B0 B1 B1 B1 B1 B1 B9 C1 8D 8A
[T+6795016180us][CH2-Pc    ] 04
[T+6795025208us][CH1-Dispenser] 04 64
[T+6795094314us][CH1-Dispenser] 05
[T+6795094180us][CH2-Pc    ] 05
[T+6795269181us][CH1-Dispenser] 06
[T+6795269316us][CH2-Pc    ] 06
[T+6795444180us][CH2-Pc    ] 01
[T+6795452191us][CH1-Dispenser] 01 61
[T+6795522180us][CH2-Pc    ] 02
[T+6795531188us][CH1-Dispenser] 02 92
[T+6795549204us][CH2-Pc    ] 62
[T+6795562181us][CH1-Dispenser] 62 E5 E5 E2 E1 E1 E0
[T+6795628205us][CH2-Pc    ] 03
[T+6795634828us][CH1-Dispenser] 03 73
[T+6795656240us][CH2-Pc    ] 23
[T+6795664186us][CH1-Dispenser] 23 D3
[T+6795678181us][CH1-Dispenser] FF
[T+6795679180us][CH2-Pc    ] FF
[T+6795691314us][CH1-Dispenser] E9
[T+6795691180us][CH2-Pc    ] E9
[T+6795703311us][CH1-Dispenser] FE
[T+6795703180us][CH2-Pc    ] FE
[T+6795716180us][CH2-Pc    ] E0
[T+6795716313us][CH1-Dispenser] E0
[T+6795729313us][CH1-Dispenser] E1
[T+6795729180us][CH2-Pc    ] E1
[T+6795741313us][CH1-Dispenser] E0
[T+6795741180us][CH2-Pc    ] E0
[T+6795754313us][CH1-Dispenser] FB
[T+6795754180us][CH2-Pc    ] FB
[T+6795767319us][CH1-Dispenser] EE
[T+6795767180us][CH2-Pc    ] EE
[T+6795780187us][CH2-Pc    ] F0
[T+6795807180us][CH1-Dispenser] F0 BA B0 B3 B3 B0 B1 B0 B0 B0 B0 B1 B1 B1 B1 B1 B9 C1 8D 8A
[T+6795872180us][CH2-Pc    ] 04
[T+6795879179us][CH1-Dispenser] 04 64
[T+6795950315us][CH1-Dispenser] 05
[T+6795950180us][CH2-Pc    ] 05
[T+6796124318us][CH1-Dispenser] 06
[T+6796124180us][CH2-Pc    ] 06
[T+6796299180us][CH2-Pc    ] 01
[T+6796306839us][CH1-Dispenser] 01 61
[T+6796377180us][CH2-Pc    ] 02
[T+6796385287us][CH1-Dispenser] 02 92
[T+6796405180us][CH2-Pc    ] 62
[T+6796416180us][CH1-Dispenser] 62 E0 E0 E3 E1 E1 E0
[T+6796484180us][CH2-Pc    ] 03
[T+6796491179us][CH1-Dispenser] 03 73
[T+6796511180us][CH2-Pc    ] 23
[T+6796518179us][CH1-Dispenser] 23 D3
[T+6796533180us][CH1-Dispenser] FF
[T+6796533316us][CH2-Pc    ] FF
[T+6796545322us][CH1-Dispenser] E9
[T+6796545185us][CH2-Pc    ] E9
[T+6796558319us][CH1-Dispenser] FE
[T+6796558183us][CH2-Pc    ] FE
[T+6796571181us][CH1-Dispenser] E0
[T+6796571316us][CH2-Pc    ] E0
[T+6796584183us][CH1-Dispenser] E1
[T+6796584322us][CH2-Pc    ] E1
[T+6796596313us][CH1-Dispenser] E0
[T+6796596180us][CH2-Pc    ] E0
[T+6796609311us][CH1-Dispenser] FB
[T+6796609181us][CH2-Pc    ] FB
[T+6796621317us][CH1-Dispenser] EE
[T+6796621183us][CH2-Pc    ] EE
[T+6796634180us][CH2-Pc    ] F0
[T+6796662180us][CH1-Dispenser] F0 BA B0 B3 B3 B0 B1 B0 B0 B0 B0 B1 B1 B1 B1 B1 B9 C1 8D 8A
[T+6796736180us][CH2-Pc    ] 04
[T+6796746181us][CH1-Dispenser] 04 64
[T+6796814181us][CH1-Dispenser] 05
[T+6796814316us][CH2-Pc    ] 05
[T+6796989180us][CH1-Dispenser] 06
[T+6796989316us][CH2-Pc    ] 06
[T+6797163204us][CH2-Pc    ] 01
[T+6797170180us][CH1-Dispenser] 01 61
[T+6797241180us][CH2-Pc    ] 02
[T+6797251180us][CH1-Dispenser] 02 92
[T+6797269204us][CH2-Pc    ] 62
[T+6797282180us][CH1-Dispenser] 62 E0 E0 E3 E1 E1 E0
[T+6797347180us][CH2-Pc    ] 03
[T+6797355833us][CH1-Dispenser] 03 73
[T+6797375180us][CH2-Pc    ] 23
[T+6797383187us][CH1-Dispenser] 23 D3
[T+6797397180us][CH1-Dispenser] FF
[T+6797397450us][CH2-Pc    ] FF
[T+6797413315us][CH1-Dispenser] E9
[T+6797413180us][CH2-Pc    ] E9
[T+6797426325us][CH1-Dispenser] FE
[T+6797426187us][CH2-Pc    ] FE
[T+6797439310us][CH1-Dispenser] E0
[T+6797439181us][CH2-Pc    ] E0
[T+6797451181us][CH1-Dispenser] E1
[T+6797451313us][CH2-Pc    ] E1
[T+6797464321us][CH1-Dispenser] E0
[T+6797464184us][CH2-Pc    ] E0
[T+6797477312us][CH1-Dispenser] FB
[T+6797477180us][CH2-Pc    ] FB
[T+6797489180us][CH1-Dispenser] EE
[T+6797490179us][CH2-Pc    ] EE
[T+6797502180us][CH2-Pc    ] F0
[T+6797531180us][CH1-Dispenser] F0 BA B0 B3 B3 B0 B1 B0 B0 B0 B0 B1 B1 B1 B1 B1 B9 C1 8D 8A
[T+6797604240us][CH2-Pc    ] 04
[T+6797609816us][CH1-Dispenser] 04 64
[T+6797682181us][CH1-Dispenser] 05
[T+6797682317us][CH2-Pc    ] 05
[T+6797857181us][CH1-Dispenser] 06
[T+6797857316us][CH2-Pc    ] 06
[T+6798031204us][CH2-Pc    ] 01
[T+6798041180us][CH1-Dispenser] 01 61
[T+6798110204us][CH2-Pc    ] 02
[T+6798116210us][CH1-Dispenser] 02 92
[T+6798137204us][CH2-Pc    ] 62
[T+6798153180us][CH1-Dispenser] 62 E0 E0 E3 E1 E1 E0
[T+6798226180us][CH2-Pc    ] 03
[T+6798236181us][CH1-Dispenser] 03 73
[T+6798253180us][CH2-Pc    ] 23
[T+6798261183us][CH1-Dispenser] 23 D3
[T+6798275181us][CH1-Dispenser] FF
[T+6798275318us][CH2-Pc    ] FF
[T+6798287311us][CH1-Dispenser] E9
[T+6798287181us][CH2-Pc    ] E9
[T+6798300324us][CH1-Dispenser] FE
[T+6798300184us][CH2-Pc    ] FE
[T+6798313313us][CH1-Dispenser] E0
[T+6798313180us][CH2-Pc    ] E0
[T+6798325321us][CH1-Dispenser] E1
[T+6798325182us][CH2-Pc    ] E1
[T+6798338353us][CH1-Dispenser] E0
[T+6798338180us][CH2-Pc    ] E0
[T+6798351316us][CH1-Dispenser] FB
[T+6798351180us][CH2-Pc    ] FB
[T+6798363316us][CH1-Dispenser] EE
[T+6798363180us][CH2-Pc    ] EE
[T+6798376180us][CH2-Pc    ] F0
[T+6798407180us][CH1-Dispenser] F0 BA B0 B3 B3 B0 B1 B0 B0 B0 B0 B1 B1 B1 B1 B1 B9 C1 8D 8A
[T+6798478180us][CH2-Pc    ] 04
[T+6798484218us][CH1-Dispenser] 04 64
[T+6798556314us][CH1-Dispenser] 05
[T+6798556180us][CH2-Pc    ] 05
[T+6798741318us][CH1-Dispenser] 06
[T+6798741181us][CH2-Pc    ] 06
[T+6798906375us][CH2-Pc    ] 01
[T+6798913179us][CH1-Dispenser] 01 61
[T+6798984180us][CH2-Pc    ] 02
[T+6798991835us][CH1-Dispenser] 02 92
[T+6799011180us][CH2-Pc    ] 62
[T+6799022219us][CH1-Dispenser] 62 E0 E0 E3 E1 E1 E0
[T+6799102180us][CH2-Pc    ] 03
[T+6799110830us][CH1-Dispenser] 03 73
[T+6799129180us][CH2-Pc    ] 23
[T+6799135203us][CH1-Dispenser] 23 D3
[T+6799151180us][CH1-Dispenser] FF
[T+6799151315us][CH2-Pc    ] FF
[T+6799164323us][CH1-Dispenser] E9
[T+6799164184us][CH2-Pc    ] E9
[T+6799176317us][CH1-Dispenser] FE
[T+6799176183us][CH2-Pc    ] FE
[T+6799189318us][CH1-Dispenser] E0
[T+6799189183us][CH2-Pc    ] E0
[T+6799201185us][CH1-Dispenser] E1
[T+6799201324us][CH2-Pc    ] E1
[T+6799214316us][CH1-Dispenser] E0
[T+6799214181us][CH2-Pc    ] E0
[T+6799227313us][CH1-Dispenser] FB
[T+6799227180us][CH2-Pc    ] FB
[T+6799239313us][CH1-Dispenser] EE
[T+6799239180us][CH2-Pc    ] EE
[T+6799252212us][CH2-Pc    ] F0
[T+6799282204us][CH1-Dispenser] F0 BA B0 B3 B3 B0 B1 B0 B0 B0 B0 B1 B1 B1 B1 B1 B9 C1 8D 8A
[T+6799355180us][CH2-Pc    ] 04
[T+6799362180us][CH1-Dispenser] 04 64
[T+6799433180us][CH1-Dispenser] 05
[T+6799433314us][CH2-Pc    ] 05
[T+6799608181us][CH1-Dispenser] 06
[T+6799608317us][CH2-Pc    ] 06
[T+6799787180us][CH2-Pc    ] 01
[T+6799797180us][CH1-Dispenser] 01 61
[T+6799866204us][CH2-Pc    ] 02
[T+6799871179us][CH1-Dispenser] 02 92
[T+6799893180us][CH2-Pc    ] 62
[T+6799907180us][CH1-Dispenser] 62 E0 E0 E3 E1 E1 E0
[T+6799972180us][CH2-Pc    ] 03
[T+6799980185us][CH1-Dispenser] 03 73
[T+6799999180us][CH2-Pc    ] 23
[T+6800007185us][CH1-Dispenser] 23 D3
[T+6800021180us][CH1-Dispenser] FF
[T+6800021310us][CH2-Pc    ] FF
[T+6800033312us][CH1-Dispenser] E9
[T+6800033180us][CH2-Pc    ] E9
[T+6800046317us][CH1-Dispenser] FE
[T+6800046182us][CH2-Pc    ] FE
[T+6800059314us][CH1-Dispenser] E0
[T+6800059181us][CH2-Pc    ] E0
[T+6800071289us][CH1-Dispenser] E1
[T+6800072179us][CH2-Pc    ] E1
[T+6800084311us][CH1-Dispenser] E0
[T+6800084181us][CH2-Pc    ] E0
[T+6800097311us][CH1-Dispenser] FB
[T+6800097180us][CH2-Pc    ] FB
[T+6800110328us][CH1-Dispenser] EE
[T+6800110187us][CH2-Pc    ] EE
[T+6800122180us][CH1-Dispenser] F0
[T+6800122314us][CH2-Pc    ] F0
[T+6800158180us][CH1-Dispenser] BA B0 B3 B3 B0 B1 B0 B0 B0 B0 B1 B1 B1 B1 B1 B9 C1 8D 8A
[T+6800224205us][CH2-Pc    ] 04
[T+6800229179us][CH1-Dispenser] 04 64
[T+6800302181us][CH1-Dispenser] 05
[T+6800302314us][CH2-Pc    ] 05
[T+6800466180us][CH1-Dispenser] 06
[T+6800466314us][CH2-Pc    ] 06
[T+6800641180us][CH2-Pc    ] 01
[T+6800646179us][CH1-Dispenser] 01 61
[T+6800719180us][CH2-Pc    ] 02
[T+6800725869us][CH1-Dispenser] 02 92
[T+6800746204us][CH2-Pc    ] 62
[T+6800758204us][CH1-Dispenser] 62 E0 E0 E3 E1 E1 E0
[T+6800824204us][CH2-Pc    ] 03
[T+6800828179us][CH1-Dispenser] 03 73
[T+6800851180us][CH2-Pc    ] 23
[T+6800859180us][CH1-Dispenser] 23 D3
[T+6800872181us][CH1-Dispenser] FF
[T+6800872310us][CH2-Pc    ] FF
[T+6800885327us][CH1-Dispenser] E9
[T+6800885187us][CH2-Pc    ] E9
[T+6800898313us][CH1-Dispenser] FE
[T+6800898180us][CH2-Pc    ] FE
[T+6800910315us][CH1-Dispenser] E0
[T+6800910181us][CH2-Pc    ] E0
[T+6800923311us][CH1-Dispenser] E1
[T+6800923180us][CH2-Pc    ] E1
[T+6800936311us][CH1-Dispenser] E0
[T+6800936180us][CH2-Pc    ] E0
[T+6800948329us][CH1-Dispenser] FB
[T+6800948188us][CH2-Pc    ] FB
[T+6800961180us][CH1-Dispenser] EE
[T+6800961313us][CH2-Pc    ] EE
[T+6800983180us][CH2-Pc    ] F0
[T+6801012180us][CH1-Dispenser] F0 BA B0 B3 B3 B0 B1 B0 B0 B0 B0 B1 B1 B1 B1 B1 B9 C1 8D 8A
[T+6801079180us][CH2-Pc    ] 04
[T+6801084258us][CH1-Dispenser] 04 64
[T+6801157315us][CH1-Dispenser] 05
[T+6801157180us][CH2-Pc    ] 05
[T+6801332318us][CH1-Dispenser] 06
[T+6801332181us][CH2-Pc    ] 06
[T+6801515204us][CH2-Pc    ] 01
[T+6801521821us][CH1-Dispenser] 01 61
[T+6801593205us][CH2-Pc    ] 02
[T+6801604180us][CH1-Dispenser] 02 A2
[T+6802177180us][CH2-Pc    ] 03
[T+6802183203us][CH1-Dispenser] 03 73
[T+6802203180us][CH2-Pc    ] 23
[T+6802209219us][CH1-Dispenser] 23 D3
[T+6802225313us][CH1-Dispenser] FF
[T+6802225180us][CH2-Pc    ] FF
[T+6802237312us][CH1-Dispenser] E9
[T+6802237180us][CH2-Pc    ] E9
[T+6802250312us][CH1-Dispenser] FE
[T+6802250180us][CH2-Pc    ] FE
[T+6802264322us][CH1-Dispenser] E0
[T+6802264183us][CH2-Pc    ] E0
[T+6802276179us][CH1-Dispenser] E1
[T+6802275187us][CH2-Pc    ] E1
[T+6802288312us][CH1-Dispenser] E0
[T+6802288180us][CH2-Pc    ] E0
[T+6802301315us][CH1-Dispenser] FB
[T+6802301180us][CH2-Pc    ] FB
[T+6802314181us][CH1-Dispenser] EE
[T+6802314318us][CH2-Pc    ] EE
[T+6802327531us][CH2-Pc    ] F0
[T+6802356180us][CH1-Dispenser] F0 BA B0 B3 B3 B0 B1 B0 B0 B0 B0 B1 B1 B1 B1 B1 B9 C1 8D 8A
[T+6802430180us][CH2-Pc    ] 04
[T+6802434179us][CH1-Dispenser] 04 64
[T+6802498315us][CH1-Dispenser] 05
[T+6802498180us][CH2-Pc    ] 05
[T+6802673315us][CH1-Dispenser] 06
[T+6802673180us][CH2-Pc    ] 06
[T+6802849180us][CH2-Pc    ] 01
[T+6802858204us][CH1-Dispenser] 01 61
[T+6802927219us][CH2-Pc    ] 02
[T+6802937180us][CH1-Dispenser] 02 62
[T+6803505180us][CH2-Pc    ] 03
[T+6803510179us][CH1-Dispenser] 03 73
[T+6803532180us][CH2-Pc    ] 23
[T+6803540738us][CH1-Dispenser] 23 D3
[T+6803554180us][CH1-Dispenser] FF
[T+6803554315us][CH2-Pc    ] FF
[T+6803567321us][CH1-Dispenser] E9
[T+6803567184us][CH2-Pc    ] E9
[T+6803580325us][CH1-Dispenser] FE
[T+6803580185us][CH2-Pc    ] FE
[T+6803593184us][CH1-Dispenser] E0
[T+6803593322us][CH2-Pc    ] E0
[T+6803605327us][CH1-Dispenser] E1
[T+6803605188us][CH2-Pc    ] E1
[T+6803618308us][CH1-Dispenser] E0
[T+6803618180us][CH2-Pc    ] E0
[T+6803631315us][CH1-Dispenser] FB
[T+6803631183us][CH2-Pc    ] FB
[T+6803644327us][CH1-Dispenser] EE
[T+6803644186us][CH2-Pc    ] EE
[T+6803656253us][CH1-Dispenser] F0
[T+6803656393us][CH2-Pc    ] F0
[T+6803690180us][CH1-Dispenser] BA B0 B3 B3 B0 B1 B0 B0 B0 B0 B1 B1 B1 B1 B1 B9 C1 8D 8A
[T+6803758180us][CH2-Pc    ] 04
[T+6803766183us][CH1-Dispenser] 04 64
[T+6803836180us][CH1-Dispenser] 05
[T+6803836315us][CH2-Pc    ] 05
[T+6804022181us][CH1-Dispenser] 06
[T+6804022319us][CH2-Pc    ] 06
[T+6804186180us][CH2-Pc    ] 01
[T+6804191187us][CH1-Dispenser] 01 61
[T+6804264180us][CH2-Pc    ] 02
[T+6804270203us][CH1-Dispenser] 02 62
[T+6804291204us][CH2-Pc    ] 42
[T+6804339204us][CH1-Dispenser] 42 FF F1 F8 EB E1 E0 E0 E0 F6 E0 F4 F7 E0 E3 E1 E1 F9 E0 E0 E0 E0 E1 E0 FA E0 E0 E3 E1 E1 E0 FB E2 F0
[T+6804363181us][CH2-Pc    ] 52
[T+6804364179us][CH1-Dispenser] 52
[T+6804494180us][CH1-Dispenser] FF F6 E0 F9 E7 E5 E5 E1 E4 E8 E6 E2 FA E9 E0 E8 E4 E1 E1 E5 E8 F4 E0 E3 E1 E1 F5 E0 E0 E0 E0 F6 E1 F9 E9 E4 E4 E2 E3 E8 E5 E3 FA E9 E9 E6 E2 E2 E7 E4 E8 F4 E0 E0 E1 E1 F5 E0 E0 E0 E0 F6 E2 F9 E6 E7 E8 E9 E5 E4 E9 E9 FA E8 E2 E2 E3 E7 E8 E1 E8 F4 E0 E3 E4 E1 F5 E0 E0 E0 E0 FB EF F0
[T+6804562180us][CH2-Pc    ] 03
[T+6804571215us][CH1-Dispenser] 03 73
[T+6804589204us][CH2-Pc    ] 23
[T+6804594784us][CH1-Dispenser] 23 D3
[T+6804611180us][CH1-Dispenser] FF
[T+6804611318us][CH2-Pc    ] FF
[T+6804623316us][CH1-Dispenser] E9
[T+6804623181us][CH2-Pc    ] E9
[T+6804636313us][CH1-Dispenser] FE
[T+6804636180us][CH2-Pc    ] FE
[T+6804649338us][CH1-Dispenser] E0
[T+6804648180us][CH2-Pc    ] E0
[T+6804663318us][CH1-Dispenser] E1
[T+6804663181us][CH2-Pc    ] E1
[T+6804676323us][CH1-Dispenser] E0
[T+6804676185us][CH2-Pc    ] E0
[T+6804689326us][CH1-Dispenser] FB
[T+6804689185us][CH2-Pc    ] FB
[T+6804701308us][CH1-Dispenser] EE
[T+6804701180us][CH2-Pc    ] EE
[T+6804714204us][CH2-Pc    ] F0
[T+6804746180us][CH1-Dispenser] F0 BA B0 B3 B3 B0 B1 B0 B0 B0 B0 B1 B1 B1 B1 B1 B9 C1 8D 8A
[T+6804816180us][CH2-Pc    ] 04
[T+6804825218us][CH1-Dispenser] 04 64
[T+6804894315us][CH1-Dispenser] 05
[T+6804894181us][CH2-Pc    ] 05
[T+6805066181us][CH1-Dispenser] 06
[T+6805066316us][CH2-Pc    ] 06
[T+6805240206us][CH2-Pc    ] 01
[T+6805246218us][CH1-Dispenser] 01 61
[T+6805319180us][CH2-Pc    ] 02
[T+6805327789us][CH1-Dispenser] 02 62
[T+6805346316us][CH1-Dispenser] 52
[T+6805346180us][CH2-Pc    ] 52
[T+6805473180us][CH1-Dispenser] FF F6 E0 F9 E7 E5 E5 E1 E4 E8 E6 E2 FA E9 E0 E8 E4 E1 E1 E5 E8 F4 E0 E3 E1 E1 F5 E0 E0 E0 E0 F6 E1 F9 E9 E4 E4 E2 E3 E8 E5 E3 FA E9 E9 E6 E2 E2 E7 E4 E8 F4 E0 E0 E1 E1 F5 E0 E0 E0 E0 F6 E2 F9 E6 E7 E8 E9 E5 E4 E9 E9 FA E8 E2 E2 E3 E7 E8 E1 E8 F4 E0 E3 E4 E1 F5 E0 E0 E0 E0 FB EF F0
[T+6805551205us][CH2-Pc    ] 03
[T+6805560218us][CH1-Dispenser] 03 73
[T+6805578204us][CH2-Pc    ] 23
[T+6805583179us][CH1-Dispenser] 23 D3
[T+6805600310us][CH1-Dispenser] FF
[T+6805600180us][CH2-Pc    ] FF
[T+6805621324us][CH1-Dispenser] E9
[T+6805621185us][CH2-Pc    ] E9
[T+6805643315us][CH1-Dispenser] FE
[T+6805643180us][CH2-Pc    ] FE
[T+6805664316us][CH1-Dispenser] E0
[T+6805664181us][CH2-Pc    ] E0
[T+6805686181us][CH1-Dispenser] E1
[T+6805686319us][CH2-Pc    ] E1
[T+6805707313us][CH1-Dispenser] E0
[T+6805707180us][CH2-Pc    ] E0
[T+6805729313us][CH1-Dispenser] FB
[T+6805729180us][CH2-Pc    ] FB
[T+6805750180us][CH1-Dispenser] EE
[T+6805750315us][CH2-Pc    ] EE
[T+6805772180us][CH2-Pc    ] F0
[T+6805803180us][CH1-Dispenser] F0 BA B0 B3 B3 B0 B1 B0 B0 B0 B0 B1 B1 B1 B1 B1 B9 C1 8D 8A
[T+6805871180us][CH2-Pc    ] 04
[T+6805881180us][CH1-Dispenser] 04 64
[T+6805949180us][CH1-Dispenser] 05
[T+6805949315us][CH2-Pc    ] 05
[T+6806124316us][CH1-Dispenser] 06
[T+6806124180us][CH2-Pc    ] 06
[T+6806299180us][CH2-Pc    ] 01
[T+6806308210us][CH1-Dispenser] 01 61
[T+6806377204us][CH2-Pc    ] 02
[T+6806386218us][CH1-Dispenser] 02 62
[T+6806455204us][CH2-Pc    ] 03
[T+6806459179us][CH1-Dispenser] 03 73
[T+6806472180us][CH2-Pc    ] 23
[T+6806479744us][CH1-Dispenser] 23 D3
[T+6806493181us][CH1-Dispenser] FF
[T+6806493316us][CH2-Pc    ] FF
[T+6806506315us][CH1-Dispenser] E9
[T+6806506183us][CH2-Pc    ] E9
[T+6806519309us][CH1-Dispenser] FE
[T+6806519181us][CH2-Pc    ] FE
[T+6806531326us][CH1-Dispenser] E0
[T+6806531188us][CH2-Pc    ] E0
[T+6806544180us][CH1-Dispenser] E1
[T+6806544315us][CH2-Pc    ] E1
[T+6806557311us][CH1-Dispenser] E0
[T+6806557181us][CH2-Pc    ] E0
[T+6806569311us][CH1-Dispenser] FB
[T+6806569181us][CH2-Pc    ] FB
[T+6806591181us][CH1-Dispenser] EE
[T+6806591316us][CH2-Pc    ] EE
[T+6806614182us][CH2-Pc    ] F0
[T+6806643180us][CH1-Dispenser] F0 BA B0 B3 B3 B0 B1 B0 B0 B0 B0 B1 B1 B1 B1 B1 B9 C1 8D 8A
[T+6806713180us][CH2-Pc    ] 04
[T+6806721181us][CH1-Dispenser] 04 64
[T+6806791180us][CH1-Dispenser] 05
[T+6806791315us][CH2-Pc    ] 05
[T+6806966182us][CH1-Dispenser] 06
[T+6806966320us][CH2-Pc    ] 06
[T+6807141180us][CH2-Pc    ] 01
[T+6807147218us][CH1-Dispenser] 01 61
[T+6807219204us][CH2-Pc    ] 02
[T+6807230180us][CH1-Dispenser] 02 62
[T+6807297180us][CH2-Pc    ] 03
[T+6807304750us][CH1-Dispenser] 03 73
[T+6807324180us][CH2-Pc    ] 23
[T+6807329179us][CH1-Dispenser] 23 D3
[T+6807346180us][CH1-Dispenser] FF
[T+6807346308us][CH2-Pc    ] FF
[T+6807360106us][CH1-Dispenser] E9
[T+6807359971us][CH2-Pc    ] E9
[T+6807380315us][CH1-Dispenser] FE
[T+6807380180us][CH2-Pc    ] FE
[T+6807393314us][CH1-Dispenser] E0
[T+6807393180us][CH2-Pc    ] E0
[T+6807405180us][CH1-Dispenser] E1
[T+6807405311us][CH2-Pc    ] E1
[T+6807418312us][CH1-Dispenser] E0
[T+6807418181us][CH2-Pc    ] E0
[T+6807431315us][CH1-Dispenser] FB
[T+6807431181us][CH2-Pc    ] FB
[T+6807443314us][CH1-Dispenser] EE
[T+6807443181us][CH2-Pc    ] EE
[T+6807456180us][CH2-Pc    ] F0
[T+6807488180us][CH1-Dispenser] F0 BA B0 B3 B3 B0 B1 B0 B0 B0 B0 B1 B1 B1 B1 B1 B9 C1 8D 8A
[T+6807558180us][CH2-Pc    ] 04
[T+6807564827us][CH1-Dispenser] 04 64
[T+6807637180us][CH1-Dispenser] 05
[T+6807637318us][CH2-Pc    ] 05
[T+6807811318us][CH1-Dispenser] 06
[T+6807811180us][CH2-Pc    ] 06
[T+6807986180us][CH2-Pc    ] 01
[T+6807992218us][CH1-Dispenser] 01 61
[T+6808077180us][CH2-Pc    ] 02
[T+6808087180us][CH1-Dispenser] 02 62
[T+6808164180us][CH2-Pc    ] 03
[T+6808171180us][CH1-Dispenser] 03 73
[T+6808191180us][CH2-Pc    ] 23
[T+6808202180us][CH1-Dispenser] 23 D3
[T+6808213180us][CH1-Dispenser] FF
[T+6808213314us][CH2-Pc    ] FF
[T+6808232312us][CH1-Dispenser] E9
[T+6808232180us][CH2-Pc    ] E9
[T+6808254317us][CH1-Dispenser] FE
[T+6808254181us][CH2-Pc    ] FE
[T+6808276315us][CH1-Dispenser] E0
[T+6808276180us][CH2-Pc    ] E0
[T+6808298313us][CH1-Dispenser] E1
[T+6808298180us][CH2-Pc    ] E1
[T+6808320317us][CH1-Dispenser] E0
[T+6808320183us][CH2-Pc    ] E0
[T+6808342314us][CH1-Dispenser] FB
[T+6808342181us][CH2-Pc    ] FB
[T+6808377180us][CH1-Dispenser] EE
[T+6808377310us][CH2-Pc    ] EE
[T+6808399180us][CH2-Pc    ] F0
[T+6808427180us][CH1-Dispenser] F0 BA B0 B3 B3 B0 B1 B0 B0 B0 B0 B1 B1 B1 B1 B1 B9 C1 8D 8A
[T+6808517204us][CH2-Pc    ] 04
[T+6808524179us][CH1-Dispenser] 04 64
[T+6808601315us][CH1-Dispenser] 05
[T+6808601181us][CH2-Pc    ] 05
[T+6808766183us][CH1-Dispenser] 06
[T+6808766326us][CH2-Pc    ] 06
[T+6808940205us][CH2-Pc    ] 01
[T+6808947776us][CH1-Dispenser] 01 61
[T+6809020180us][CH2-Pc    ] 02
[T+6809026218us][CH1-Dispenser] 02 62
[T+6809099180us][CH2-Pc    ] 03
[T+6809106792us][CH1-Dispenser] 03 73
[T+6809123180us][CH2-Pc    ] 23
[T+6809133180us][CH1-Dispenser] 23 D3
[T+6809145180us][CH1-Dispenser] FF
[T+6809145313us][CH2-Pc    ] FF
[T+6809166313us][CH1-Dispenser] E9
[T+6809166181us][CH2-Pc    ] E9
[T+6809188315us][CH1-Dispenser] FE
[T+6809188180us][CH2-Pc    ] FE
[T+6809209308us][CH1-Dispenser] E0
[T+6809209180us][CH2-Pc    ] E0
[T+6809232181us][CH1-Dispenser] E1
[T+6809232313us][CH2-Pc    ] E1
[T+6809253314us][CH1-Dispenser] E0
[T+6809253180us][CH2-Pc    ] E0
[T+6809275311us][CH1-Dispenser] FB
[T+6809275180us][CH2-Pc    ] FB
[T+6809296180us][CH1-Dispenser] EE
[T+6809296315us][CH2-Pc    ] EE
[T+6809318180us][CH2-Pc    ] F0
[T+6809349180us][CH1-Dispenser] F0 BA B0 B3 B3 B0 B1 B0 B0 B0 B0 B1 B1 B1 B1 B1 B9 C1 8D 8A
[T+6809437180us][CH2-Pc    ] 04
[T+6809445180us][CH1-Dispenser] 04 64
[T+6809515180us][CH1-Dispenser] 05
[T+6809515314us][CH2-Pc    ] 05
[T+6809685181us][CH1-Dispenser] 06
[T+6809685317us][CH2-Pc    ] 06
[T+6809859204us][CH2-Pc    ] 01
[T+6809867187us][CH1-Dispenser] 01 61
[T+6809937180us][CH2-Pc    ] 02
[T+6809947181us][CH1-Dispenser] 02 62
[T+6810016204us][CH2-Pc    ] 03
[T+6810020790us][CH1-Dispenser] 03 73
[T+6810032205us][CH2-Pc    ] 23
[T+6810040180us][CH1-Dispenser] 23 D3
[T+6810054313us][CH1-Dispenser] FF
[T+6810054180us][CH2-Pc    ] FF
[T+6810066320us][CH1-Dispenser] E9
[T+6810066183us][CH2-Pc    ] E9
[T+6810080317us][CH1-Dispenser] FE
[T+6810080182us][CH2-Pc    ] FE
[T+6810093314us][CH1-Dispenser] E0
[T+6810093181us][CH2-Pc    ] E0
[T+6810106181us][CH1-Dispenser] E1
[T+6810106309us][CH2-Pc    ] E1
[T+6810118312us][CH1-Dispenser] E0
[T+6810118180us][CH2-Pc    ] E0
[T+6810131316us][CH1-Dispenser] FB
[T+6810131181us][CH2-Pc    ] FB
[T+6810144181us][CH1-Dispenser] EE
[T+6810144317us][CH2-Pc    ] EE
[T+6810156265us][CH1-Dispenser] F0
[T+6810156397us][CH2-Pc    ] F0
[T+6810191180us][CH1-Dispenser] BA B0 B3 B3 B0 B1 B0 B0 B0 B0 B1 B1 B1 B1 B1 B9 C1 8D 8A
[T+6810258180us][CH2-Pc    ] 04
[T+6810267218us][CH1-Dispenser] 04 64
[T+6810336315us][CH1-Dispenser] 05
[T+6810336181us][CH2-Pc    ] 05
[T+6810521180us][CH1-Dispenser] 06
[T+6810522179us][CH2-Pc    ] 06
[T+6810686181us][CH2-Pc    ] 01
[T+6810695204us][CH1-Dispenser] 01 61
[T+6810764204us][CH2-Pc    ] 02
[T+6810772180us][CH1-Dispenser] 02 62
[T+6810842180us][CH2-Pc    ] 03
[T+6810851757us][CH1-Dispenser] 03 73
[T+6810870180us][CH2-Pc    ] 23
[T+6810877179us][CH1-Dispenser] 23 D3
[T+6810892313us][CH1-Dispenser] FF
[T+6810892181us][CH2-Pc    ] FF
[T+6810905392us][CH1-Dispenser] E9
[T+6810905253us][CH2-Pc    ] E9
[T+6810918326us][CH1-Dispenser] FE
[T+6810918187us][CH2-Pc    ] FE
[T+6810930324us][CH1-Dispenser] E0
[T+6810930188us][CH2-Pc    ] E0
[T+6810942180us][CH1-Dispenser] E1
[T+6810942313us][CH2-Pc    ] E1
[T+6810955315us][CH1-Dispenser] E0
[T+6810955180us][CH2-Pc    ] E0
[T+6810968313us][CH1-Dispenser] FB
[T+6810968180us][CH2-Pc    ] FB
[T+6810980181us][CH1-Dispenser] EE
[T+6810980314us][CH2-Pc    ] EE
[T+6810993180us][CH2-Pc    ] F0
[T+6811023204us][CH1-Dispenser] F0 BA B0 B3 B3 B0 B1 B0 B0 B0 B0 B1 B1 B1 B1 B1 B9 C1 8D 8A
[T+6811095205us][CH2-Pc    ] 04
[T+6811099793us][CH1-Dispenser] 04 64
[T+6811173318us][CH1-Dispenser] 05
[T+6811173180us][CH2-Pc    ] 05
[T+6811348181us][CH1-Dispenser] 06
[T+6811348316us][CH2-Pc    ] 06
[T+6811522204us][CH2-Pc    ] 01
[T+6811532180us][CH1-Dispenser] 01 61
[T+6811601204us][CH2-Pc    ] 02
[T+6811606179us][CH1-Dispenser] 02 62
[T+6811679864us][CH2-Pc    ] 03
[T+6811685848us][CH1-Dispenser] 03 73
[T+6811706205us][CH2-Pc    ] 23
[T+6811715205us][CH1-Dispenser] 23 D3
[T+6811728314us][CH1-Dispenser] FF
[T+6811728181us][CH2-Pc    ] FF
[T+6811740978us][CH1-Dispenser] E9
[T+6811740836us][CH2-Pc    ] E9
[T+6811753317us][CH1-Dispenser] FE
[T+6811753182us][CH2-Pc    ] FE
[T+6811766319us][CH1-Dispenser] E0
[T+6811766182us][CH2-Pc    ] E0
[T+6811778181us][CH1-Dispenser] E1
[T+6811778317us][CH2-Pc    ] E1
[T+6811791312us][CH1-Dispenser] E0
[T+6811791180us][CH2-Pc    ] E0
[T+6811804319us][CH1-Dispenser] FB
[T+6811804184us][CH2-Pc    ] FB
[T+6811817313us][CH1-Dispenser] EE
[T+6811817180us][CH2-Pc    ] EE
[T+6811829215us][CH2-Pc    ] F0
[T+6811858180us][CH1-Dispenser] F0 BA B0 B3 B3 B0 B1 B0 B0 B0 B0 B1 B1 B1 B1 B1 B9 C1 8D 8A
[T+6811931180us][CH2-Pc    ] 04
[T+6811935813us][CH1-Dispenser] 04 64
[T+6812009317us][CH1-Dispenser] 05
[T+6812009180us][CH2-Pc    ] 05
[T+6812194315us][CH1-Dispenser] 06
[T+6812194180us][CH2-Pc    ] 06
[T+6812358180us][CH2-Pc    ] 01
[T+6812369183us][CH1-Dispenser] 01 61
[T+6812436180us][CH2-Pc    ] 02
[T+6812442204us][CH1-Dispenser] 02 62
[T+6812515180us][CH2-Pc    ] 03
[T+6812523185us][CH1-Dispenser] 03 73
[T+6812542180us][CH2-Pc    ] 23
[T+6812550183us][CH1-Dispenser] 23 D3
[T+6812564313us][CH1-Dispenser] FF
[T+6812564180us][CH2-Pc    ] FF
[T+6812576316us][CH1-Dispenser] E9
[T+6812576180us][CH2-Pc    ] E9
[T+6812589313us][CH1-Dispenser] FE
[T+6812589180us][CH2-Pc    ] FE
[T+6812601316us][CH1-Dispenser] E0
[T+6812601180us][CH2-Pc    ] E0
[T+6812614180us][CH1-Dispenser] E1
[T+6812614314us][CH2-Pc    ] E1
[T+6812627316us][CH1-Dispenser] E0
[T+6812627181us][CH2-Pc    ] E0
[T+6812647316us][CH1-Dispenser] FB
[T+6812647180us][CH2-Pc    ] FB
[T+6812659317us][CH1-Dispenser] EE
[T+6812659181us][CH2-Pc    ] EE
[T+6812672180us][CH2-Pc    ] F0
[T+6812703180us][CH1-Dispenser] F0 BA B0 B3 B3 B0 B1 B0 B0 B0 B0 B1 B1 B1 B1 B1 B9 C1 8D 8A
[T+6812774180us][CH2-Pc    ] 04
[T+6812782181us][CH1-Dispenser] 04 64
[T+6812852180us][CH1-Dispenser] 05
[T+6812852315us][CH2-Pc    ] 05
[T+6813038181us][CH1-Dispenser] 06
[T+6813038318us][CH2-Pc    ] 06
[T+6813201180us][CH2-Pc    ] 01
[T+6813206817us][CH1-Dispenser] 01 61
[T+6813279180us][CH2-Pc    ] 02
[T+6813287180us][CH1-Dispenser] 02 62
[T+6813357180us][CH2-Pc    ] 03
[T+6813366218us][CH1-Dispenser] 03 73
[T+6813385180us][CH2-Pc    ] 23
[T+6813391204us][CH1-Dispenser] 23 D3
[T+6813406486us][CH1-Dispenser] FF
[T+6813406355us][CH2-Pc    ] FF
[T+6813419967us][CH1-Dispenser] E9
[T+6813419828us][CH2-Pc    ] E9
[T+6813432326us][CH1-Dispenser] FE
[T+6813432186us][CH2-Pc    ] FE
[T+6813444313us][CH1-Dispenser] E0
[T+6813444180us][CH2-Pc    ] E0
[T+6813457311us][CH1-Dispenser] E1
[T+6813457181us][CH2-Pc    ] E1
[T+6813470316us][CH1-Dispenser] E0
[T+6813470181us][CH2-Pc    ] E0
[T+6813482313us][CH1-Dispenser] FB
[T+6813482181us][CH2-Pc    ] FB
[T+6813495297us][CH1-Dispenser] EE
[T+6813495181us][CH2-Pc    ] EE
[T+6813508180us][CH2-Pc    ] F0
[T+6813537180us][CH1-Dispenser] F0 BA B0 B3 B3 B0 B1 B0 B0 B0 B0 B1 B1 B1 B1 B1 B9 C1 8D 8A
[T+6813612204us][CH2-Pc    ] 04
[T+6813620835us][CH1-Dispenser] 04 64
[T+6813690181us][CH1-Dispenser] 05
[T+6813690317us][CH2-Pc    ] 05
[T+6813864317us][CH1-Dispenser] 06
[T+6813864181us][CH2-Pc    ] 06
[T+6814030180us][CH2-Pc    ] 01
[T+6814037840us][CH1-Dispenser] 01 61
[T+6814108180us][CH2-Pc    ] 02
[T+6814116180us][CH1-Dispenser] 02 62
[T+6814196180us][CH2-Pc    ] 03
[T+6814202219us][CH1-Dispenser] 03 73
[T+6814223180us][CH2-Pc    ] 23
[T+6814231180us][CH1-Dispenser] 23 D3
[T+6814244315us][CH1-Dispenser] FF
[T+6814244181us][CH2-Pc    ] FF
[T+6814257315us][CH1-Dispenser] E9
[T+6814257180us][CH2-Pc    ] E9
[T+6814269315us][CH1-Dispenser] FE
[T+6814269181us][CH2-Pc    ] FE
[T+6814282314us][CH1-Dispenser] E0
[T+6814282181us][CH2-Pc    ] E0
[T+6814295314us][CH1-Dispenser] E1
[T+6814295180us][CH2-Pc    ] E1
[T+6814307313us][CH1-Dispenser] E0
[T+6814307180us][CH2-Pc    ] E0
[T+6814320319us][CH1-Dispenser] FB
[T+6814320184us][CH2-Pc    ] FB
[T+6814333180us][CH1-Dispenser] EE
[T+6814333312us][CH2-Pc    ] EE
[T+6814346180us][CH2-Pc    ] F0
[T+6814373204us][CH1-Dispenser] F0 BA B0 B3 B3 B0 B1 B0 B0 B0 B0 B1 B1 B1 B1 B1 B9 C1 8D 8A
[T+6814437180us][CH2-Pc    ] 04
[T+6814445183us][CH1-Dispenser] 04 64
[T+6814516180us][CH1-Dispenser] 05
[T+6814516314us][CH2-Pc    ] 05
[T+6814690181us][CH1-Dispenser] 06
[T+6814690318us][CH2-Pc    ] 06
[T+6814865180us][CH2-Pc    ] 01
[T+6814873180us][CH1-Dispenser] 01 61
[T+6814943180us][CH2-Pc    ] 02
[T+6814952205us][CH1-Dispenser] 02 62
[T+6815021205us][CH2-Pc    ] 03
[T+6815031180us][CH1-Dispenser] 03 73
[T+6815049204us][CH2-Pc    ] 23
[T+6815056790us][CH1-Dispenser] 23 D3
[T+6815073314us][CH1-Dispenser] FF
[T+6815073180us][CH2-Pc    ] FF
[T+6815086313us][CH1-Dispenser] E9
[T+6815086180us][CH2-Pc    ] E9
[T+6815098316us][CH1-Dispenser] FE
[T+6815098180us][CH2-Pc    ] FE
[T+6815111313us][CH1-Dispenser] E0
[T+6815111180us][CH2-Pc    ] E0
[T+6815124181us][CH1-Dispenser] E1
[T+6815124315us][CH2-Pc    ] E1
[T+6815137320us][CH1-Dispenser] E0
[T+6815137183us][CH2-Pc    ] E0
[T+6815150348us][CH1-Dispenser] FB
[T+6815150184us][CH2-Pc    ] FB
[T+6815162254us][CH1-Dispenser] EE
[T+6815162180us][CH2-Pc    ] EE
[T+6815175180us][CH2-Pc    ] F0
[T+6815202205us][CH1-Dispenser] F0 BA B0 B3 B3 B0 B1 B0 B0 B0 B0 B1 B1 B1 B1 B1 B9 C1 8D 8A
[T+6815267180us][CH2-Pc    ] 04
[T+6815276218us][CH1-Dispenser] 04 64
[T+6815345316us][CH1-Dispenser] 05
[T+6815345181us][CH2-Pc    ] 05
[T+6815514181us][CH1-Dispenser] 06
[T+6815514316us][CH2-Pc    ] 06
[T+6815688204us][CH2-Pc    ] 01
[T+6815696180us][CH1-Dispenser] 01 61
[T+6815766180us][CH2-Pc    ] 02
[T+6815772203us][CH1-Dispenser] 02 62
[T+6815845180us][CH2-Pc    ] 03
[T+6815851866us][CH1-Dispenser] 03 73
[T+6815872204us][CH2-Pc    ] 23
[T+6815879748us][CH1-Dispenser] 23 D3
[T+6815894316us][CH1-Dispenser] FF
[T+6815894180us][CH2-Pc    ] FF
[T+6815906448us][CH1-Dispenser] E9
[T+6815906303us][CH2-Pc    ] E9
[T+6815919181us][CH1-Dispenser] FE
[T+6815919317us][CH2-Pc    ] FE
[T+6815932320us][CH1-Dispenser] E0
[T+6815932182us][CH2-Pc    ] E0
[T+6815944316us][CH1-Dispenser] E1
[T+6815944182us][CH2-Pc    ] E1
[T+6815957327us][CH1-Dispenser] E0
[T+6815957186us][CH2-Pc    ] E0
[T+6815970322us][CH1-Dispenser] FB
[T+6815970183us][CH2-Pc    ] FB
[T+6815982318us][CH1-Dispenser] EE
[T+6815982185us][CH2-Pc    ] EE
[T+6815995179us][CH2-Pc    ] F0
[T+6816024179us][CH1-Dispenser] F0 BA B0 B3 B3 B0 B1 B0 B0 B0 B0 B1 B1 B1 B1 B1 B9 C1 8D 8A
[T+6816097179us][CH2-Pc    ] 04
[T+6816105188us][CH1-Dispenser] 04 64
[T+6816175181us][CH1-Dispenser] 05
[T+6816175318us][CH2-Pc    ] 05
[T+6816349180us][CH1-Dispenser] 06
[T+6816350179us][CH2-Pc    ] 06
[T+6816514204us][CH2-Pc    ] 01
[T+6816523206us][CH1-Dispenser] 01 61
[T+6816592204us][CH2-Pc    ] 02
[T+6816597832us][CH1-Dispenser] 02 62
[T+6816670708us][CH2-Pc    ] 03
[T+6816676218us][CH1-Dispenser] 03 73
[T+6816697180us][CH2-Pc    ] 23
[T+6816706271us][CH1-Dispenser] 23 D3
[T+6816720406us][CH1-Dispenser] FF
[T+6816720544us][CH2-Pc    ] FF
[T+6816734419us][CH1-Dispenser] E9
[T+6816734246us][CH2-Pc    ] E9
[T+6816749328us][CH1-Dispenser] FE
[T+6816749188us][CH2-Pc    ] FE
[T+6816757278us][CH1-Dispenser] E0
[T+6816757206us][CH2-Pc    ] E0
[T+6816769186us][CH1-Dispenser] E1
[T+6816769318us][CH2-Pc    ] E1
[T+6816784773us][CH1-Dispenser] E0
[T+6816784606us][CH2-Pc    ] E0
[T+6816795891us][CH1-Dispenser] FB
[T+6816795575us][CH2-Pc    ] FB
[T+6816809647us][CH1-Dispenser] EE
[T+6816809316us][CH2-Pc    ] EE
[T+6816820188us][CH2-Pc    ] F0
[T+6816849180us][CH1-Dispenser] F0 BA B0 B3 B3 B0 B1 B0 B0 B0 B0 B1 B1 B1 B1 B1 B9 C1 8D 8A
[T+6816922721us][CH2-Pc    ] 04
[T+6816932180us][CH1-Dispenser] 04 64
[T+6817000180us][CH1-Dispenser] 05
[T+6817000315us][CH2-Pc    ] 05
[T+6817175318us][CH1-Dispenser] 06
[T+6817175180us][CH2-Pc    ] 06
[T+6817349218us][CH2-Pc    ] 01
[T+6817358218us][CH1-Dispenser] 01 61
[T+6817428180us][CH2-Pc    ] 02
[T+6817437205us][CH1-Dispenser] 02 62
[T+6817506204us][CH2-Pc    ] 03
[T+6817510828us][CH1-Dispenser] 03 73
[T+6817533180us][CH2-Pc    ] 23
[T+6817541181us][CH1-Dispenser] 23 D3
[T+6817555316us][CH1-Dispenser] FF
[T+6817555182us][CH2-Pc    ] FF
[T+6817567317us][CH1-Dispenser] E9
[T+6817567181us][CH2-Pc    ] E9
[T+6817580311us][CH1-Dispenser] FE
[T+6817580180us][CH2-Pc    ] FE
[T+6817593311us][CH1-Dispenser] E0
[T+6817593180us][CH2-Pc    ] E0
[T+6817605180us][CH1-Dispenser] E1
[T+6817605311us][CH2-Pc    ] E1
[T+6817618311us][CH1-Dispenser] E0
[T+6817618180us][CH2-Pc    ] E0
[T+6817631324us][CH1-Dispenser] FB
[T+6817631184us][CH2-Pc    ] FB
[T+6817643181us][CH1-Dispenser] EE
[T+6817644180us][CH2-Pc    ] EE
[T+6817656272us][CH2-Pc    ] F0
[T+6817683204us][CH1-Dispenser] F0 BA B0 B3 B3 B0 B1 B0 B0 B0 B0 B1 B1 B1 B1 B1 B9 C1 8D 8A
[T+6817748180us][CH2-Pc    ] 04
[T+6817755797us][CH1-Dispenser] 04 64
[T+6817826182us][CH1-Dispenser] 05
[T+6817826316us][CH2-Pc    ] 05
[T+6818001314us][CH1-Dispenser] 06
[T+6818001180us][CH2-Pc    ] 06
[T+6818186180us][CH2-Pc    ] 01
[T+6818194180us][CH1-Dispenser] 01 61
[T+6818264180us][CH2-Pc    ] 02
[T+6818275180us][CH1-Dispenser] 02 62
[T+6818343180us][CH2-Pc    ] 03
[T+6818350179us][CH1-Dispenser] 03 73
[T+6818370180us][CH2-Pc    ] 23
[T+6818375179us][CH1-Dispenser] 23 D3
[T+6818391320us][CH1-Dispenser] FF
[T+6818391182us][CH2-Pc    ] FF
[T+6818404315us][CH1-Dispenser] E9
[T+6818404181us][CH2-Pc    ] E9
[T+6818417326us][CH1-Dispenser] FE
[T+6818417184us][CH2-Pc    ] FE
[T+6818430532us][CH1-Dispenser] E0
[T+6818430391us][CH2-Pc    ] E0
[T+6818444320us][CH1-Dispenser] E1
[T+6818444183us][CH2-Pc    ] E1
[T+6818455317us][CH1-Dispenser] E0
[T+6818455183us][CH2-Pc    ] E0
[T+6818469322us][CH1-Dispenser] FB
[T+6818469183us][CH2-Pc    ] FB
[T+6818489314us][CH1-Dispenser] EE
[T+6818489180us][CH2-Pc    ] EE
[T+6818502181us][CH2-Pc    ] F0
[T+6818534180us][CH1-Dispenser] F0 BA B0 B3 B3 B0 B1 B0 B0 B0 B0 B1 B1 B1 B1 B1 B9 C1 8D 8A
[T+6818603205us][CH2-Pc    ] 04
[T+6818611834us][CH1-Dispenser] 04 64
[T+6818682181us][CH1-Dispenser] 05
[T+6818682314us][CH2-Pc    ] 05
[T+6818856181us][CH1-Dispenser] 06
[T+6818856316us][CH2-Pc    ] 06
[T+6819031180us][CH2-Pc    ] 01
[T+6819037204us][CH1-Dispenser] 01 61
[T+6819109189us][CH2-Pc    ] 02
[T+6819120180us][CH1-Dispenser] 02 62
[T+6819188180us][CH2-Pc    ] 03
[T+6819197209us][CH1-Dispenser] 03 73
[T+6819215205us][CH2-Pc    ] 23
[T+6819220187us][CH1-Dispenser] 23 D3
[T+6819236316us][CH1-Dispenser] FF
[T+6819236180us][CH2-Pc    ] FF
[T+6819249313us][CH1-Dispenser] E9
[T+6819249180us][CH2-Pc    ] E9
[T+6819261313us][CH1-Dispenser] FE
[T+6819261180us][CH2-Pc    ] FE
[T+6819274313us][CH1-Dispenser] E0
[T+6819274180us][CH2-Pc    ] E0
[T+6819287321us][CH1-Dispenser] E1
[T+6819287183us][CH2-Pc    ] E1
[T+6819300327us][CH1-Dispenser] E0
[T+6819300186us][CH2-Pc    ] E0
[T+6819312315us][CH1-Dispenser] FB
[T+6819312181us][CH2-Pc    ] FB
[T+6819325313us][CH1-Dispenser] EE
[T+6819325181us][CH2-Pc    ] EE
[T+6819338180us][CH2-Pc    ] F0
[T+6819368205us][CH1-Dispenser] F0 BA B0 B3 B3 B0 B1 B0 B0 B0 B0 B1 B1 B1 B1 B1 B9 C1 8D 8A
[T+6819439180us][CH2-Pc    ] 04
[T+6819445834us][CH1-Dispenser] 04 64
[T+6819518184us][CH1-Dispenser] 05
[T+6819518370us][CH2-Pc    ] 05
[T+6819693181us][CH1-Dispenser] 06
[T+6819693318us][CH2-Pc    ] 06
[T+6819857180us][CH2-Pc    ] 01
[T+6819862785us][CH1-Dispenser] 01 61
[T+6819935180us][CH2-Pc    ] 02
[T+6819942302us][CH1-Dispenser] 02 62
[T+6820014204us][CH2-Pc    ] 03
[T+6820020204us][CH1-Dispenser] 03 73
[T+6820041204us][CH2-Pc    ] 23
[T+6820045179us][CH1-Dispenser] 23 D3
[T+6820062180us][CH1-Dispenser] FF
[T+6820062312us][CH2-Pc    ] FF
[T+6820075315us][CH1-Dispenser] E9
[T+6820075180us][CH2-Pc    ] E9
[T+6820088312us][CH1-Dispenser] FE
[T+6820088180us][CH2-Pc    ] FE
[T+6820100319us][CH1-Dispenser] E0
[T+6820100180us][CH2-Pc    ] E0
[T+6820113181us][CH1-Dispenser] E1
[T+6820113319us][CH2-Pc    ] E1
[T+6820126313us][CH1-Dispenser] E0
[T+6820126180us][CH2-Pc    ] E0
[T+6820138318us][CH1-Dispenser] FB
[T+6820138182us][CH2-Pc    ] FB
[T+6820151184us][CH1-Dispenser] EE
[T+6820151320us][CH2-Pc    ] EE
[T+6820164180us][CH1-Dispenser] F0
[T+6820164313us][CH2-Pc    ] F0
[T+6820197204us][CH1-Dispenser] BA B0 B3 B3 B0 B1 B0 B0 B0 B0 B1 B1 B1 B1 B1 B9 C1 8D 8A
[T+6820270180us][CH2-Pc    ] 04
[T+6820276203us][CH1-Dispenser] 04 64
[T+6820348316us][CH1-Dispenser] 05
[T+6820348180us][CH2-Pc    ] 05
[T+6820512318us][CH1-Dispenser] 06
[T+6820512180us][CH2-Pc    ] 06
[T+6820687180us][CH2-Pc    ] 01
[T+6820693203us][CH1-Dispenser] 01 61
[T+6820766180us][CH2-Pc    ] 02
[T+6820772830us][CH1-Dispenser] 02 62
[T+6820844205us][CH2-Pc    ] 03
[T+6820851180us][CH1-Dispenser] 03 73
[T+6820871180us][CH2-Pc    ] 23
[T+6820876749us][CH1-Dispenser] 23 D3
[T+6820892318us][CH1-Dispenser] FF
[T+6820892181us][CH2-Pc    ] FF
[T+6820905314us][CH1-Dispenser] E9
[T+6820905181us][CH2-Pc    ] E9
[T+6820925315us][CH1-Dispenser] FE
[T+6820925180us][CH2-Pc    ] FE
[T+6820937318us][CH1-Dispenser] E0
[T+6820937180us][CH2-Pc    ] E0
[T+6820950319us][CH1-Dispenser] E1
[T+6820950181us][CH2-Pc    ] E1
[T+6820963348us][CH1-Dispenser] E0
[T+6820963180us][CH2-Pc    ] E0
[T+6820975314us][CH1-Dispenser] FB
[T+6820975180us][CH2-Pc    ] FB
[T+6820988315us][CH1-Dispenser] EE
[T+6820988180us][CH2-Pc    ] EE
[T+6821001204us][CH2-Pc    ] F0
[T+6821029180us][CH1-Dispenser] F0 BA B0 B3 B3 B0 B1 B0 B0 B0 B0 B1 B1 B1 B1 B1 B9 C1 8D 8A
[T+6821103180us][CH2-Pc    ] 04
[T+6821110465us][CH1-Dispenser] 04 64
[T+6821182314us][CH1-Dispenser] 05
[T+6821182181us][CH2-Pc    ] 05
[T+6821356181us][CH1-Dispenser] 06
[T+6821356315us][CH2-Pc    ] 06
[T+6821531180us][CH2-Pc    ] 01
[T+6821538179us][CH1-Dispenser] 01 61
[T+6821609180us][CH2-Pc    ] 02
[T+6821617205us][CH1-Dispenser] 02 62
[T+6821688186us][CH2-Pc    ] 03
[T+6821696185us][CH1-Dispenser] 03 73
[T+6821715180us][CH2-Pc    ] 23
[T+6821721218us][CH1-Dispenser] 23 D3
[T+6821736315us][CH1-Dispenser] FF
[T+6821736181us][CH2-Pc    ] FF
[T+6821749313us][CH1-Dispenser] E9
[T+6821749181us][CH2-Pc    ] E9
[T+6821763319us][CH1-Dispenser] FE
[T+6821763183us][CH2-Pc    ] FE
[T+6821774321us][CH1-Dispenser] E0
[T+6821774182us][CH2-Pc    ] E0
[T+6821787315us][CH1-Dispenser] E1
[T+6821787181us][CH2-Pc    ] E1
[T+6821800314us][CH1-Dispenser] E0
[T+6821800181us][CH2-Pc    ] E0
[T+6821812315us][CH1-Dispenser] FB
[T+6821812180us][CH2-Pc    ] FB
[T+6821825181us][CH1-Dispenser] EE
[T+6821825314us][CH2-Pc    ] EE
[T+6821838180us][CH2-Pc    ] F0
[T+6821869180us][CH1-Dispenser] F0 BA B0 B3 B3 B0 B1 B0 B0 B0 B0 B1 B1 B1 B1 B1 B9 C1 8D 8A
[T+6821937180us][CH2-Pc    ] 04
[T+6821946208us][CH1-Dispenser] 04 64
[T+6822015316us][CH1-Dispenser] 05
[T+6822015180us][CH2-Pc    ] 05
[T+6822190180us][CH1-Dispenser] 06
[T+6822190315us][CH2-Pc    ] 06
[T+6822365180us][CH2-Pc    ] 01
[T+6822372646us][CH1-Dispenser] 01 61
[T+6822443180us][CH2-Pc    ] 02
[T+6822453180us][CH1-Dispenser] 02 62
[T+6822521180us][CH2-Pc    ] 03
[T+6822527203us][CH1-Dispenser] 03 73
[T+6822549180us][CH2-Pc    ] 23
[T+6822555204us][CH1-Dispenser] 23 D3
[T+6822570314us][CH1-Dispenser] FF
[T+6822570180us][CH2-Pc    ] FF
[T+6822583312us][CH1-Dispenser] E9
[T+6822583180us][CH2-Pc    ] E9
[T+6822596323us][CH1-Dispenser] FE
[T+6822596183us][CH2-Pc    ] FE
[T+6822608323us][CH1-Dispenser] E0
[T+6822608185us][CH2-Pc    ] E0
[T+6822621316us][CH1-Dispenser] E1
[T+6822621181us][CH2-Pc    ] E1
[T+6822634180us][CH1-Dispenser] E0
[T+6822633189us][CH2-Pc    ] E0
[T+6822646312us][CH1-Dispenser] FB
[T+6822646180us][CH2-Pc    ] FB
[T+6822659813us][CH1-Dispenser] EE
[T+6822659952us][CH2-Pc    ] EE
[T+6822677204us][CH2-Pc    ] F0
[T+6822708180us][CH1-Dispenser] F0 BA B0 B3 B3 B0 B1 B0 B0 B0 B0 B1 B1 B1 B1 B1 B9 C1 8D 8A
[T+6822779180us][CH2-Pc    ] 04
[T+6822786736us][CH1-Dispenser] 04 64
[T+6822857181us][CH1-Dispenser] 05
[T+6822857314us][CH2-Pc    ] 05
[T+6823032180us][CH1-Dispenser] 06
[T+6823032317us][CH2-Pc    ] 06
[T+6823207180us][CH2-Pc    ] 01
[T+6823214180us][CH1-Dispenser] 01 61
[T+6823285180us][CH2-Pc    ] 02
[T+6823295180us][CH1-Dispenser] 02 62
[T+6823363180us][CH2-Pc    ] 03
[T+6823370181us][CH1-Dispenser] 03 73
[T+6823390180us][CH2-Pc    ] 23
[T+6823397320us][CH1-Dispenser] 23 D3
[T+6823413180us][CH2-Pc    ] FF
[T+6823414179us][CH1-Dispenser] FF
[T+6823426477us][CH1-Dispenser] E9
[T+6823426336us][CH2-Pc    ] E9
[T+6823438312us][CH1-Dispenser] FE
[T+6823438180us][CH2-Pc    ] FE
[T+6823451313us][CH1-Dispenser] E0
[T+6823451180us][CH2-Pc    ] E0
[T+6823464180us][CH1-Dispenser] E1
[T+6823464316us][CH2-Pc    ] E1
[T+6823476319us][CH1-Dispenser] E0
[T+6823476181us][CH2-Pc    ] E0
[T+6823489311us][CH1-Dispenser] FB
[T+6823489180us][CH2-Pc    ] FB
[T+6823503183us][CH1-Dispenser] EE
[T+6823503320us][CH2-Pc    ] EE
[T+6823515181us][CH2-Pc    ] F0
[T+6823543180us][CH1-Dispenser] F0 BA B0 B3 B3 B0 B1 B0 B0 B0 B0 B1 B1 B1 B1 B1 B9 C1 8D 8A
[T+6823616180us][CH2-Pc    ] 04
[T+6823622218us][CH1-Dispenser] 04 64
[T+6823694180us][CH1-Dispenser] 05
[T+6823694313us][CH2-Pc    ] 05
[T+6823858315us][CH1-Dispenser] 06
[T+6823858180us][CH2-Pc    ] 06
[T+6824033180us][CH2-Pc    ] 01
[T+6824037179us][CH1-Dispenser] 01 61
[T+6824100204us][CH2-Pc    ] 02
[T+6824109215us][CH1-Dispenser] 02 62
[T+6824178204us][CH2-Pc    ] 03
[T+6824188180us][CH1-Dispenser] 03 73
[T+6824206204us][CH2-Pc    ] 23
[T+6824211187us][CH1-Dispenser] 23 D3
[T+6824227319us][CH1-Dispenser] FF
[T+6824227184us][CH2-Pc    ] FF
[T+6824240316us][CH1-Dispenser] E9
[T+6824240180us][CH2-Pc    ] E9
[T+6824253326us][CH1-Dispenser] FE
[T+6824253188us][CH2-Pc    ] FE
[T+6824266324us][CH1-Dispenser] E0
[T+6824266184us][CH2-Pc    ] E0
[T+6824278395us][CH1-Dispenser] E1
[T+6824278184us][CH2-Pc    ] E1
[T+6824291323us][CH1-Dispenser] E0
[T+6824291184us][CH2-Pc    ] E0
[T+6824304329us][CH1-Dispenser] FB
[T+6824304185us][CH2-Pc    ] FB
[T+6824316182us][CH1-Dispenser] EE
[T+6824317179us][CH2-Pc    ] EE
[T+6824329328us][CH2-Pc    ] F0
[T+6824359205us][CH1-Dispenser] F0 BA B0 B3 B3 B0 B1 B0 B0 B0 B0 B1 B1 B1 B1 B1 B9 C1 8D 8A
[T+6824430180us][CH2-Pc    ] 04
[T+6824437180us][CH1-Dispenser] 04 64
[T+6824509180us][CH1-Dispenser] 05
[T+6824509313us][CH2-Pc    ] 05
[T+6824694316us][CH1-Dispenser] 06
[T+6824694181us][CH2-Pc    ] 06
[T+6824858180us][CH2-Pc    ] 01
[T+6824864203us][CH1-Dispenser] 01 61
[T+6824936205us][CH2-Pc    ] 02
[T+6824943951us][CH1-Dispenser] 02 62
[T+6825015204us][CH2-Pc    ] 03
[T+6825020786us][CH1-Dispenser] 03 73
[T+6825042679us][CH2-Pc    ] 23
[T+6825047934us][CH1-Dispenser] 23 D3
[T+6825063182us][CH1-Dispenser] FF
[T+6825063323us][CH2-Pc    ] FF
[T+6825077183us][CH1-Dispenser] E9
[T+6825077320us][CH2-Pc    ] E9
[T+6825089318us][CH1-Dispenser] FE
[T+6825089181us][CH2-Pc    ] FE
[T+6825101313us][CH1-Dispenser] E0
[T+6825101180us][CH2-Pc    ] E0
[T+6825114314us][CH1-Dispenser] E1
[T+6825114180us][CH2-Pc    ] E1
[T+6825127313us][CH1-Dispenser] E0
[T+6825127180us][CH2-Pc    ] E0
[T+6825139314us][CH1-Dispenser] FB
[T+6825139181us][CH2-Pc    ] FB
[T+6825152184us][CH1-Dispenser] EE
[T+6825152323us][CH2-Pc    ] EE
[T+6825165180us][CH2-Pc    ] F0
[T+6825197180us][CH1-Dispenser] F0 BA B0 B3 B3 B0 B1 B0 B0 B0 B0 B1 B1 B1 B1 B1 B9 C1 8D 8A
[T+6825266205us][CH2-Pc    ] 04
[T+6825271179us][CH1-Dispenser] 04 64
[T+6825344180us][CH1-Dispenser] 05
[T+6825344318us][CH2-Pc    ] 05
[T+6825519181us][CH1-Dispenser] 06
[T+6825519316us][CH2-Pc    ] 06
[T+6825694180us][CH2-Pc    ] 01
[T+6825702185us][CH1-Dispenser] 01 61
[T+6825772205us][CH2-Pc    ] 02
[T+6825778219us][CH1-Dispenser] 02 62
[T+6825850180us][CH2-Pc    ] 03
[T+6825856203us][CH1-Dispenser] 03 73
[T+6825878180us][CH2-Pc    ] 23
[T+6825887829us][CH1-Dispenser] 23 D3
[T+6825899313us][CH1-Dispenser] FF
[T+6825899180us][CH2-Pc    ] FF
[T+6825912322us][CH1-Dispenser] E9
[T+6825912183us][CH2-Pc    ] E9
[T+6825924182us][CH1-Dispenser] FE
[T+6825924320us][CH2-Pc    ] FE
[T+6825937319us][CH1-Dispenser] E0
[T+6825937181us][CH2-Pc    ] E0
[T+6825950312us][CH1-Dispenser] E1
[T+6825950180us][CH2-Pc    ] E1
[T+6825963324us][CH1-Dispenser] E0
[T+6825963187us][CH2-Pc    ] E0
[T+6825984315us][CH1-Dispenser] FB
[T+6825984180us][CH2-Pc    ] FB
[T+6825997323us][CH1-Dispenser] EE
[T+6825997184us][CH2-Pc    ] EE
[T+6826010180us][CH2-Pc    ] F0
[T+6826038180us][CH1-Dispenser] F0 BA B0 B3 B3 B0 B1 B0 B0 B0 B0 B1 B1 B1 B1 B1 B9 C1 8D 8A
[T+6826112180us][CH2-Pc    ] 04
[T+6826121524us][CH1-Dispenser] 04 64
[T+6826190316us][CH1-Dispenser] 05
[T+6826190181us][CH2-Pc    ] 05
[T+6826365180us][CH1-Dispenser] 06
[T+6826365316us][CH2-Pc    ] 06
[T+6826529180us][CH2-Pc    ] 01
[T+6826538294us][CH1-Dispenser] 01 61
[T+6826607204us][CH2-Pc    ] 02
[T+6826614180us][CH1-Dispenser] 02 62
[T+6826685182us][CH2-Pc    ] 03
[T+6826691295us][CH1-Dispenser] 03 73
[T+6826713180us][CH2-Pc    ] 23
[T+6826721180us][CH1-Dispenser] 23 D3
[T+6826734318us][CH1-Dispenser] FF
[T+6826734180us][CH2-Pc    ] FF
[T+6826747313us][CH1-Dispenser] E9
[T+6826747180us][CH2-Pc    ] E9
[T+6826759314us][CH1-Dispenser] FE
[T+6826759181us][CH2-Pc    ] FE
[T+6826772316us][CH1-Dispenser] E0
[T+6826772181us][CH2-Pc    ] E0
[T+6826785184us][CH1-Dispenser] E1
[T+6826785323us][CH2-Pc    ] E1
[T+6826797311us][CH1-Dispenser] E0
[T+6826797180us][CH2-Pc    ] E0
[T+6826810314us][CH1-Dispenser] FB
[T+6826810181us][CH2-Pc    ] FB
[T+6826823313us][CH1-Dispenser] EE
[T+6826823180us][CH2-Pc    ] EE
[T+6826836180us][CH2-Pc    ] F0
[T+6826864180us][CH1-Dispenser] F0 BA B0 B3 B3 B0 B1 B0 B0 B0 B0 B1 B1 B1 B1 B1 B9 C1 8D 8A
[T+6826927204us][CH2-Pc    ] 04
[T+6826938180us][CH1-Dispenser] 04 64
[T+6827009315us][CH1-Dispenser] 05
[T+6827009181us][CH2-Pc    ] 05
[T+6827188189us][CH1-Dispenser] 06
[T+6827188330us][CH2-Pc    ] 06
[T+6827363180us][CH2-Pc    ] 01
[T+6827367179us][CH1-Dispenser] 01 61
[T+6827430204us][CH2-Pc    ] 02
[T+6827439216us][CH1-Dispenser] 02 62
[T+6827509180us][CH2-Pc    ] 03
[T+6827516180us][CH1-Dispenser] 03 73
[T+6827536180us][CH2-Pc    ] 23
[T+6827541186us][CH1-Dispenser] 23 D3
[T+6827557180us][CH1-Dispenser] FF
[T+6827557313us][CH2-Pc    ] FF
[T+6827570314us][CH1-Dispenser] E9
[T+6827570180us][CH2-Pc    ] E9
[T+6827583315us][CH1-Dispenser] FE
[T+6827583180us][CH2-Pc    ] FE
[T+6827596320us][CH1-Dispenser] E0
[T+6827596183us][CH2-Pc    ] E0
[T+6827609293us][CH1-Dispenser] E1
[T+6827609433us][CH2-Pc    ] E1
[T+6827621324us][CH1-Dispenser] E0
[T+6827621184us][CH2-Pc    ] E0
[T+6827634328us][CH1-Dispenser] FB
[T+6827634188us][CH2-Pc    ] FB
[T+6827646187us][CH1-Dispenser] EE
[T+6827646325us][CH2-Pc    ] EE
[T+6827659180us][CH2-Pc    ] F0
[T+6827691180us][CH1-Dispenser] F0 BA B0 B3 B3 B0 B1 B0 B0 B0 B0 B1 B1 B1 B1 B1 B9 C1 8D 8A
[T+6827760205us][CH2-Pc    ] 04
[T+6827766868us][CH1-Dispenser] 04 64
[T+6827839448us][CH1-Dispenser] 05
[T+6827839588us][CH2-Pc    ] 05
[T+6828013180us][CH1-Dispenser] 06
[T+6828013316us][CH2-Pc    ] 06
[T+6828188180us][CH2-Pc    ] 01
[T+6828194218us][CH1-Dispenser] 01 61
[T+6828266204us][CH2-Pc    ] 02
[T+6828273180us][CH1-Dispenser] 02 62
[T+6828344180us][CH2-Pc    ] 03
[T+6828352832us][CH1-Dispenser] 03 73
[T+6828383181us][CH1-Dispenser] 23 D3 FF
[T+6828383316us][CH2-Pc    ] 23 FF
[T+6828400310us][CH1-Dispenser] E9
[T+6828400181us][CH2-Pc    ] E9
[T+6828413310us][CH1-Dispenser] FE
[T+6828413180us][CH2-Pc    ] FE
[T+6828425316us][CH1-Dispenser] E0
[T+6828425181us][CH2-Pc    ] E0
[T+6828438314us][CH1-Dispenser] E1
[T+6828438180us][CH2-Pc    ] E1
[T+6828451313us][CH1-Dispenser] E0
[T+6828451180us][CH2-Pc    ] E0
[T+6828463314us][CH1-Dispenser] FB
[T+6828463181us][CH2-Pc    ] FB
[T+6828476315us][CH1-Dispenser] EE
[T+6828476181us][CH2-Pc    ] EE
[T+6828489180us][CH2-Pc    ] F0
[T+6828519204us][CH1-Dispenser] F0 BA B0 B3 B3 B0 B1 B0 B0 B0 B0 B1 B1 B1 B1 B1 B9 C1 8D 8A
[T+6828590180us][CH2-Pc    ] 04
[T+6828595179us][CH1-Dispenser] 04 64
[T+6828660316us][CH1-Dispenser] 05
[T+6828660181us][CH2-Pc    ] 05
[T+6828835180us][CH1-Dispenser] 06
[T+6828835318us][CH2-Pc    ] 06
[T+6828999180us][CH2-Pc    ] 01
[T+6829008218us][CH1-Dispenser] 01 61
[T+6829077204us][CH2-Pc    ] 02
[T+6829082179us][CH1-Dispenser] 02 62
[T+6829155180us][CH2-Pc    ] 03
[T+6829161845us][CH1-Dispenser] 03 73
[T+6829182205us][CH2-Pc    ] 23
[T+6829191761us][CH1-Dispenser] 23 D3
[T+6829204317us][CH1-Dispenser] FF
[T+6829204182us][CH2-Pc    ] FF
[T+6829216315us][CH1-Dispenser] E9
[T+6829216181us][CH2-Pc    ] E9
[T+6829229310us][CH1-Dispenser] FE
[T+6829229181us][CH2-Pc    ] FE
[T+6829242324us][CH1-Dispenser] E0
[T+6829242187us][CH2-Pc    ] E0
[T+6829254316us][CH1-Dispenser] E1
[T+6829254181us][CH2-Pc    ] E1
[T+6829267320us][CH1-Dispenser] E0
[T+6829267183us][CH2-Pc    ] E0
[T+6829281010us][CH1-Dispenser] FB
[T+6829280182us][CH2-Pc    ] FB
[T+6829293320us][CH1-Dispenser] EE
[T+6829293183us][CH2-Pc    ] EE
[T+6829306181us][CH2-Pc    ] F0
[T+6829334180us][CH1-Dispenser] F0 BA B0 B3 B3 B0 B1 B0 B0 B0 B0 B1 B1 B1 B1 B1 B9 C1 8D 8A
[T+6829414180us][CH2-Pc    ] 04
[T+6829420855us][CH1-Dispenser] 04 64
[T+6829493182us][CH1-Dispenser] 05
[T+6829493315us][CH2-Pc    ] 05
[T+6829678316us][CH1-Dispenser] 06
[T+6829678181us][CH2-Pc    ] 06
[T+6829842180us][CH2-Pc    ] 01
[T+6829848868us][CH1-Dispenser] 01 61
[T+6829921204us][CH2-Pc    ] 02
[T+6829928181us][CH1-Dispenser] 02 62
[T+6829999180us][CH2-Pc    ] 03
[T+6830006179us][CH1-Dispenser] 03 73
[T+6830026180us][CH2-Pc    ] 23
[T+6830031179us][CH1-Dispenser] 23 D3
[T+6830048313us][CH1-Dispenser] FF
[T+6830048180us][CH2-Pc    ] FF
[T+6830061320us][CH1-Dispenser] E9
[T+6830061183us][CH2-Pc    ] E9
[T+6830079316us][CH1-Dispenser] FE
[T+6830079181us][CH2-Pc    ] FE
[T+6830091323us][CH1-Dispenser] E0
[T+6830091184us][CH2-Pc    ] E0
[T+6830104183us][CH1-Dispenser] E1
[T+6830104319us][CH2-Pc    ] E1
[T+6830117184us][CH1-Dispenser] E0
[T+6830117324us][CH2-Pc    ] E0
[T+6830130324us][CH1-Dispenser] FB
[T+6830130184us][CH2-Pc    ] FB
[T+6830143319us][CH1-Dispenser] EE
[T+6830143183us][CH2-Pc    ] EE
[T+6830155205us][CH2-Pc    ] F0
[T+6830184180us][CH1-Dispenser] F0 BA B0 B3 B3 B0 B1 B0 B0 B0 B0 B1 B1 B1 B1 B1 B9 C1 8D 8A
[T+6830256205us][CH2-Pc    ] 04
[T+6830264180us][CH1-Dispenser] 04 64
[T+6830335180us][CH1-Dispenser] 05
[T+6830335315us][CH2-Pc    ] 05
[T+6830499315us][CH1-Dispenser] 06
[T+6830499180us][CH2-Pc    ] 06
[T+6830679204us][CH2-Pc    ] 01
[T+6830688219us][CH1-Dispenser] 01 61
[T+6830757205us][CH2-Pc    ] 02
[T+6830763204us][CH1-Dispenser] 02 62
[T+6830836180us][CH2-Pc    ] 03
[T+6830842219us][CH1-Dispenser] 03 73
[T+6830863204us][CH2-Pc    ] 23
[T+6830871180us][CH1-Dispenser] 23 D3
[T+6830885183us][CH1-Dispenser] FF
[T+6830885321us][CH2-Pc    ] FF
[T+6830897313us][CH1-Dispenser] E9
[T+6830897181us][CH2-Pc    ] E9
[T+6830910312us][CH1-Dispenser] FE
[T+6830910180us][CH2-Pc    ] FE
[T+6830922313us][CH1-Dispenser] E0
[T+6830922180us][CH2-Pc    ] E0
[T+6830935180us][CH1-Dispenser] E1
[T+6830935313us][CH2-Pc    ] E1
[T+6830948316us][CH1-Dispenser] E0
[T+6830948180us][CH2-Pc    ] E0
[T+6830962322us][CH1-Dispenser] FB
[T+6830962183us][CH2-Pc    ] FB
[T+6830973183us][CH1-Dispenser] EE
[T+6830973317us][CH2-Pc    ] EE
[T+6830986207us][CH2-Pc    ] F0
[T+6831015180us][CH1-Dispenser] F0 BA B0 B3 B3 B0 B1 B0 B0 B0 B0 B1 B1 B1 B1 B1 B9 C1 8D 8A
[T+6831089182us][CH2-Pc    ] 04
[T+6831096831us][CH1-Dispenser] 04 64
[T+6831168180us][CH1-Dispenser] 05
[T+6831168315us][CH2-Pc    ] 05
[T+6831342314us][CH1-Dispenser] 06
[T+6831342180us][CH2-Pc    ] 06
[T+6831522204us][CH2-Pc    ] 01
[T+6831529180us][CH1-Dispenser] 01 61
[T+6831600182us][CH2-Pc    ] 02
[T+6831609205us][CH1-Dispenser] 02 62
[T+6831678204us][CH2-Pc    ] 03
[T+6831687218us][CH1-Dispenser] 03 73
[T+6831706180us][CH2-Pc    ] 23
[T+6831712204us][CH1-Dispenser] 23 D3
[T+6831727180us][CH1-Dispenser] FF
[T+6831727313us][CH2-Pc    ] FF
[T+6831740322us][CH1-Dispenser] E9
[T+6831740182us][CH2-Pc    ] E9
[T+6831753351us][CH1-Dispenser] FE
[T+6831752187us][CH2-Pc    ] FE
[T+6831765311us][CH1-Dispenser] E0
[T+6831765184us][CH2-Pc    ] E0
[T+6831778182us][CH1-Dispenser] E1
[T+6831778359us][CH2-Pc    ] E1
[T+6831791322us][CH1-Dispenser] E0
[T+6831791183us][CH2-Pc    ] E0
[T+6831803323us][CH1-Dispenser] FB
[T+6831803183us][CH2-Pc    ] FB
[T+6831816180us][CH1-Dispenser] EE
[T+6831816309us][CH2-Pc    ] EE
[T+6831829180us][CH2-Pc    ] F0
[T+6831858180us][CH1-Dispenser] F0 BA B0 B3 B3 B0 B1 B0 B0 B0 B0 B1 B1 B1 B1 B1 B9 C1 8D 8A
[T+6831931180us][CH2-Pc    ] 04
[T+6831936179us][CH1-Dispenser] 04 64
[T+6832009319us][CH1-Dispenser] 05
[T+6832009183us][CH2-Pc    ] 05
[T+6832184317us][CH1-Dispenser] 06
[T+6832184180us][CH2-Pc    ] 06
[T+6832359180us][CH2-Pc    ] 01
[T+6832369181us][CH1-Dispenser] 01 61
[T+6832437180us][CH2-Pc    ] 02
[T+6832445187us][CH1-Dispenser] 02 62
[T+6832515180us][CH2-Pc    ] 03
[T+6832521207us][CH1-Dispenser] 03 73
[T+6832542205us][CH2-Pc    ] 23
[T+6832552180us][CH1-Dispenser] 23 D3
[T+6832564315us][CH1-Dispenser] FF
[T+6832564180us][CH2-Pc    ] FF
[T+6832577329us][CH1-Dispenser] E9
[T+6832577185us][CH2-Pc    ] E9
[T+6832589327us][CH1-Dispenser] FE
[T+6832589188us][CH2-Pc    ] FE
[T+6832602320us][CH1-Dispenser] E0
[T+6832602184us][CH2-Pc    ] E0
[T+6832615319us][CH1-Dispenser] E1
[T+6832615180us][CH2-Pc    ] E1
[T+6832627324us][CH1-Dispenser] E0
[T+6832627183us][CH2-Pc    ] E0
[T+6832640255us][CH1-Dispenser] FB
[T+6832640183us][CH2-Pc    ] FB
[T+6832653182us][CH1-Dispenser] EE
[T+6832653318us][CH2-Pc    ] EE
[T+6832666180us][CH2-Pc    ] F0
[T+6832696204us][CH1-Dispenser] F0 BA B0 B3 B3 B0 B1 B0 B0 B0 B0 B1 B1 B1 B1 B1 B9 C1 8D 8A
[T+6832768206us][CH2-Pc    ] 04
[T+6832776180us][CH1-Dispenser] 04 64
[T+6832846315us][CH1-Dispenser] 05
[T+6832846180us][CH2-Pc    ] 05
[T+6833021181us][CH1-Dispenser] 06
[T+6833021316us][CH2-Pc    ] 06
[T+6833185180us][CH2-Pc    ] 01
[T+6833192180us][CH1-Dispenser] 01 61
[T+6833263185us][CH2-Pc    ] 02
[T+6833270179us][CH1-Dispenser] 02 62
[T+6833341180us][CH2-Pc    ] 03
[T+6833347204us][CH1-Dispenser] 03 73
[T+6833369180us][CH2-Pc    ] 23
[T+6833375821us][CH1-Dispenser] 23 D3
[T+6833390180us][CH1-Dispenser] FF
[T+6833390312us][CH2-Pc    ] FF
[T+6833403183us][CH1-Dispenser] E9
[T+6833403321us][CH2-Pc    ] E9
[T+6833416323us][CH1-Dispenser] FE
[T+6833416183us][CH2-Pc    ] FE
[T+6833428318us][CH1-Dispenser] E0
[T+6833428183us][CH2-Pc    ] E0
[T+6833441316us][CH1-Dispenser] E1
[T+6833441182us][CH2-Pc    ] E1
[T+6833454316us][CH1-Dispenser] E0
[T+6833454183us][CH2-Pc    ] E0
[T+6833479316us][CH1-Dispenser] FB
[T+6833479180us][CH2-Pc    ] FB
[T+6833492180us][CH1-Dispenser] EE
[T+6833492314us][CH2-Pc    ] EE
[T+6833504204us][CH2-Pc    ] F0
[T+6833536180us][CH1-Dispenser] F0 BA B0 B3 B3 B0 B1 B0 B0 B0 B0 B1 B1 B1 B1 B1 B9 C1 8D 8A
[T+6833607180us][CH2-Pc    ] 04
[T+6833612189us][CH1-Dispenser] 04 64
[T+6833685317us][CH1-Dispenser] 05
[T+6833685181us][CH2-Pc    ] 05
[T+6833860180us][CH1-Dispenser] 06
[T+6833860316us][CH2-Pc    ] 06
[T+6834035180us][CH2-Pc    ] 01
[T+6834043789us][CH1-Dispenser] 01 61
[T+6834113180us][CH2-Pc    ] 02
[T+6834118179us][CH1-Dispenser] 02 62
[T+6834191180us][CH2-Pc    ] 03
[T+6834197816us][CH1-Dispenser] 03 73
[T+6834218204us][CH2-Pc    ] 23
[T+6834228180us][CH1-Dispenser] 23 D3
[T+6834240320us][CH1-Dispenser] FF
[T+6834240183us][CH2-Pc    ] FF
[T+6834252313us][CH1-Dispenser] E9
[T+6834252180us][CH2-Pc    ] E9
[T+6834265325us][CH1-Dispenser] FE
[T+6834265186us][CH2-Pc    ] FE
[T+6834278313us][CH1-Dispenser] E0
[T+6834278180us][CH2-Pc    ] E0
[T+6834290311us][CH1-Dispenser] E1
[T+6834290180us][CH2-Pc    ] E1
[T+6834303322us][CH1-Dispenser] E0
[T+6834303183us][CH2-Pc    ] E0
[T+6834316317us][CH1-Dispenser] FB
[T+6834316181us][CH2-Pc    ] FB
[T+6834329313us][CH1-Dispenser] EE
[T+6834329180us][CH2-Pc    ] EE
[T+6834341206us][CH2-Pc    ] F0
[T+6834368205us][CH1-Dispenser] F0 BA B0 B3 B3 B0 B1 B0 B0 B0 B0 B1 B1 B1 B1 B1 B9 C1 8D 8A
[T+6834433180us][CH2-Pc    ] 04
[T+6834442485us][CH1-Dispenser] 04 64
[T+6834511181us][CH1-Dispenser] 05
[T+6834511316us][CH2-Pc    ] 05
[T+6834686316us][CH1-Dispenser] 06
[T+6834686181us][CH2-Pc    ] 06
[T+6834861180us][CH2-Pc    ] 01
[T+6834868180us][CH1-Dispenser] 01 61
[T+6834939180us][CH2-Pc    ] 02
[T+6834947180us][CH1-Dispenser] 02 62
[T+6835017180us][CH2-Pc    ] 03
[T+6835023753us][CH1-Dispenser] 03 73
[T+6835044204us][CH2-Pc    ] 23
[T+6835051180us][CH1-Dispenser] 23 D3
[T+6835066310us][CH1-Dispenser] FF
[T+6835066180us][CH2-Pc    ] FF
[T+6835079484us][CH1-Dispenser] E9
[T+6835079344us][CH2-Pc    ] E9
[T+6835092320us][CH1-Dispenser] FE
[T+6835092183us][CH2-Pc    ] FE
[T+6835105327us][CH1-Dispenser] E0
[T+6835105184us][CH2-Pc    ] E0
[T+6835117317us][CH1-Dispenser] E1
[T+6835117184us][CH2-Pc    ] E1
[T+6835130318us][CH1-Dispenser] E0
[T+6835130183us][CH2-Pc    ] E0
[T+6835143326us][CH1-Dispenser] FB
[T+6835143185us][CH2-Pc    ] FB
[T+6835155183us][CH2-Pc    ] EE
[T+6835156179us][CH1-Dispenser] EE
[T+6835168180us][CH2-Pc    ] F0
[T+6835199180us][CH1-Dispenser] F0 BA B0 B3 B3 B0 B1 B0 B0 B0 B0 B1 B1 B1 B1 B1 B9 C1 8D 8A
[T+6835269180us][CH2-Pc    ] 04
[T+6835277185us][CH1-Dispenser] 04 64
[T+6835347180us][CH1-Dispenser] 05
[T+6835347316us][CH2-Pc    ] 05
[T+6835522181us][CH1-Dispenser] 06
[T+6835522317us][CH2-Pc    ] 06
[T+6835686180us][CH2-Pc    ] 01
[T+6835695210us][CH1-Dispenser] 01 61
[T+6835764204us][CH2-Pc    ] 02
[T+6835773218us][CH1-Dispenser] 02 62
[T+6835842204us][CH2-Pc    ] 03
[T+6835846179us][CH1-Dispenser] 03 73
[T+6835859182us][CH2-Pc    ] 23
[T+6835867188us][CH1-Dispenser] 23 D3
[T+6835881315us][CH1-Dispenser] FF
[T+6835881180us][CH2-Pc    ] FF
[T+6835893309us][CH1-Dispenser] E9
[T+6835893181us][CH2-Pc    ] E9
[T+6835906312us][CH1-Dispenser] FE
[T+6835906180us][CH2-Pc    ] FE
[T+6835919587us][CH1-Dispenser] E0
[T+6835918182us][CH2-Pc    ] E0
[T+6835931183us][CH1-Dispenser] E1
[T+6835931319us][CH2-Pc    ] E1
[T+6835944184us][CH1-Dispenser] E0
[T+6835944323us][CH2-Pc    ] E0
[T+6835957312us][CH1-Dispenser] FB
[T+6835957180us][CH2-Pc    ] FB
[T+6835969309us][CH1-Dispenser] EE
[T+6835969181us][CH2-Pc    ] EE
[T+6835982181us][CH2-Pc    ] F0
[T+6836010180us][CH1-Dispenser] F0 BA B0 B3 B3 B0 B1 B0 B0 B0 B0 B1 B1 B1 B1 B1 B9 C1 8D 8A
[T+6836074180us][CH2-Pc    ] 04
[T+6836082180us][CH1-Dispenser] 04 64
[T+6836145180us][CH1-Dispenser] 05
[T+6836145315us][CH2-Pc    ] 05
[T+6836309180us][CH1-Dispenser] 06
[T+6836309318us][CH2-Pc    ] 06
[T+6836488179us][CH1-Dispenser] 01 61
[T+6836484180us][CH2-Pc    ] 01
[T+6836551205us][CH2-Pc    ] 02
[T+6836558179us][CH1-Dispenser] 02 62
[T+6836629180us][CH2-Pc    ] 03
[T+6836637187us][CH1-Dispenser] 03 73
[T+6836657241us][CH2-Pc    ] 23
[T+6836662179us][CH1-Dispenser] 23 D3
[T+6836678312us][CH1-Dispenser] FF
[T+6836678181us][CH2-Pc    ] FF
[T+6836691313us][CH1-Dispenser] E9
[T+6836691181us][CH2-Pc    ] E9
[T+6836704321us][CH1-Dispenser] FE
[T+6836704183us][CH2-Pc    ] FE
[T+6836717322us][CH1-Dispenser] E0
[T+6836717184us][CH2-Pc    ] E0
[T+6836729183us][CH1-Dispenser] E1
[T+6836729315us][CH2-Pc    ] E1
[T+6836742190us][CH1-Dispenser] E0
[T+6836742325us][CH2-Pc    ] E0
[T+6836755319us][CH1-Dispenser] FB
[T+6836755183us][CH2-Pc    ] FB
[T+6836768323us][CH1-Dispenser] EE
[T+6836768184us][CH2-Pc    ] EE
[T+6836780218us][CH2-Pc    ] F0
[T+6836810204us][CH1-Dispenser] F0 BA B0 B3 B3 B0 B1 B0 B0 B0 B0 B1 B1 B1 B1 B1 B9 C1 8D 8A
[T+6836891204us][CH2-Pc    ] 04
[T+6836896187us][CH1-Dispenser] 04 64
[T+6836969180us][CH1-Dispenser] 05
[T+6836969314us][CH2-Pc    ] 05
[T+6837144180us][CH1-Dispenser] 06
[T+6837144314us][CH2-Pc    ] 06
[T+6837319180us][CH2-Pc    ] 01
[T+6837324179us][CH1-Dispenser] 01 61
[T+6837397180us][CH2-Pc    ] 02
[T+6837403771us][CH1-Dispenser] 02 62
[T+6837469204us][CH2-Pc    ] 03
[T+6837477180us][CH1-Dispenser] 03 73
[T+6837497180us][CH2-Pc    ] 23
[T+6837502735us][CH1-Dispenser] 23 D3
[T+6837519312us][CH1-Dispenser] FF
[T+6837519180us][CH2-Pc    ] FF
[T+6837532311us][CH1-Dispenser] E9
[T+6837532180us][CH2-Pc    ] E9
[T+6837545320us][CH1-Dispenser] FE
[T+6837545183us][CH2-Pc    ] FE
[T+6837561315us][CH1-Dispenser] E0
[T+6837561180us][CH2-Pc    ] E0
[T+6837574313us][CH1-Dispenser] E1
[T+6837574180us][CH2-Pc    ] E1
[T+6837586311us][CH1-Dispenser] E0
[T+6837586180us][CH2-Pc    ] E0
[T+6837599416us][CH1-Dispenser] FB
[T+6837599280us][CH2-Pc    ] FB
[T+6837612183us][CH1-Dispenser] EE
[T+6837612317us][CH2-Pc    ] EE
[T+6837625180us][CH2-Pc    ] F0
[T+6837657241us][CH1-Dispenser] F0 BA B0 B3 B3 B0 B1 B0 B0 B0 B0 B1 B1 B1 B1 B1 B9 C1 8D 8A
[T+6837726204us][CH2-Pc    ] 04
[T+6837733181us][CH1-Dispenser] 04 64
[T+6837804313us][CH1-Dispenser] 05
[T+6837804180us][CH2-Pc    ] 05
[T+6837990180us][CH1-Dispenser] 06
[T+6837990316us][CH2-Pc    ] 06
[T+6838154180us][CH2-Pc    ] 01
[T+6838158179us][CH1-Dispenser] 01 61
[T+6838221204us][CH2-Pc    ] 02
[T+6838230226us][CH1-Dispenser] 02 62
[T+6838299204us][CH2-Pc    ] 03
[T+6838307181us][CH1-Dispenser] 03 73
[T+6838327180us][CH2-Pc    ] 23
[T+6838332759us][CH1-Dispenser] 23 D3
[T+6838348181us][CH1-Dispenser] FF
[T+6838348316us][CH2-Pc    ] FF
[T+6838361308us][CH1-Dispenser] E9
[T+6838361180us][CH2-Pc    ] E9
[T+6838373315us][CH1-Dispenser] FE
[T+6838373181us][CH2-Pc    ] FE
[T+6838386316us][CH1-Dispenser] E0
[T+6838386180us][CH2-Pc    ] E0
[T+6838399314us][CH1-Dispenser] E1
[T+6838399181us][CH2-Pc    ] E1
[T+6838411313us][CH1-Dispenser] E0
[T+6838411180us][CH2-Pc    ] E0
[T+6838424315us][CH1-Dispenser] FB
[T+6838424183us][CH2-Pc    ] FB
[T+6838437181us][CH1-Dispenser] EE
[T+6838437313us][CH2-Pc    ] EE
[T+6838450180us][CH2-Pc    ] F0
[T+6838480205us][CH1-Dispenser] F0 BA B0 B3 B3 B0 B1 B0 B0 B0 B0 B1 B1 B1 B1 B1 B9 C1 8D 8A
[T+6838552205us][CH2-Pc    ] 04
[T+6838556179us][CH1-Dispenser] 04 64
[T+6838620180us][CH1-Dispenser] 05
[T+6838620313us][CH2-Pc    ] 05
[T+6838794181us][CH1-Dispenser] 06
[T+6838794319us][CH2-Pc    ] 06
[T+6838969180us][CH2-Pc    ] 01
[T+6838978206us][CH1-Dispenser] 01 61
[T+6839047205us][CH2-Pc    ] 02
[T+6839054180us][CH1-Dispenser] 02 62
[T+6839125180us][CH2-Pc    ] 03
[T+6839134218us][CH1-Dispenser] 03 73
[T+6839153180us][CH2-Pc    ] 23
[T+6839161188us][CH1-Dispenser] 23 D3
[T+6839174315us][CH1-Dispenser] FF
[T+6839174180us][CH2-Pc    ] FF
[T+6839187346us][CH1-Dispenser] E9
[T+6839187183us][CH2-Pc    ] E9
[T+6839200317us][CH1-Dispenser] FE
[T+6839200182us][CH2-Pc    ] FE
[T+6839212313us][CH1-Dispenser] E0
[T+6839212181us][CH2-Pc    ] E0
[T+6839225320us][CH1-Dispenser] E1
[T+6839225181us][CH2-Pc    ] E1
[T+6839238317us][CH1-Dispenser] E0
[T+6839238181us][CH2-Pc    ] E0
[T+6839250318us][CH1-Dispenser] FB
[T+6839250181us][CH2-Pc    ] FB
[T+6839263319us][CH1-Dispenser] EE
[T+6839263183us][CH2-Pc    ] EE
[T+6839276180us][CH2-Pc    ] F0
[T+6839304180us][CH1-Dispenser] F0 BA B0 B3 B3 B0 B1 B0 B0 B0 B0 B1 B1 B1 B1 B1 B9 C1 8D 8A
[T+6839368180us][CH2-Pc    ] 04
[T+6839374204us][CH1-Dispenser] 04 64
[T+6839446314us][CH1-Dispenser] 05
[T+6839446181us][CH2-Pc    ] 05
[T+6839631316us][CH1-Dispenser] 06
[T+6839631181us][CH2-Pc    ] 06
[T+6839795180us][CH2-Pc    ] 01
[T+6839805180us][CH1-Dispenser] 01 61
[T+6839874204us][CH2-Pc    ] 02
[T+6839879179us][CH1-Dispenser] 02 62
[T+6839952180us][CH2-Pc    ] 03
[T+6839958218us][CH1-Dispenser] 03 73
[T+6839979204us][CH2-Pc    ] 23
[T+6839987180us][CH1-Dispenser] 23 D3
[T+6840000184us][CH1-Dispenser] FF
[T+6840001179us][CH2-Pc    ] FF
[T+6840014180us][CH1-Dispenser] E9
[T+6840014312us][CH2-Pc    ] E9
[T+6840026317us][CH1-Dispenser] FE
[T+6840026180us][CH2-Pc    ] FE
[T+6840038312us][CH1-Dispenser] E0
[T+6840038180us][CH2-Pc    ] E0
[T+6840051180us][CH1-Dispenser] E1
[T+6840051317us][CH2-Pc    ] E1
[T+6840065323us][CH1-Dispenser] E0
[T+6840065184us][CH2-Pc    ] E0
[T+6840077193us][CH1-Dispenser] FB
[T+6840077333us][CH2-Pc    ] FB
[T+6840090323us][CH1-Dispenser] EE
[T+6840090184us][CH2-Pc    ] EE
[T+6840102215us][CH2-Pc    ] F0
[T+6840129205us][CH1-Dispenser] F0 BA B0 B3 B3 B0 B1 B0 B0 B0 B0 B1 B1 B1 B1 B1 B9 C1 8D 8A
[T+6840194180us][CH2-Pc    ] 04
[T+6840203218us][CH1-Dispenser] 04 64
[T+6840272180us][CH1-Dispenser] 05
[T+6840272315us][CH2-Pc    ] 05
[T+6840436180us][CH1-Dispenser] 06
[T+6840436315us][CH2-Pc    ] 06
[T+6840611180us][CH2-Pc    ] 01
[T+6840618832us][CH1-Dispenser] 01 61
[T+6840689180us][CH2-Pc    ] 02
[T+6840693179us][CH1-Dispenser] 02 62
[T+6840783204us][CH2-Pc    ] 03
[T+6840787792us][CH1-Dispenser] 03 73
[T+6840799204us][CH2-Pc    ] 23
[T+6840806840us][CH1-Dispenser] 23 D3
[T+6840821181us][CH1-Dispenser] FF
[T+6840821313us][CH2-Pc    ] FF
[T+6840833351us][CH1-Dispenser] E9
[T+6840833214us][CH2-Pc    ] E9
[T+6840846319us][CH1-Dispenser] FE
[T+6840846182us][CH2-Pc    ] FE
[T+6840859314us][CH1-Dispenser] E0
[T+6840859180us][CH2-Pc    ] E0
[T+6840871314us][CH1-Dispenser] E1
[T+6840871180us][CH2-Pc    ] E1
[T+6840884314us][CH1-Dispenser] E0
[T+6840884180us][CH2-Pc    ] E0
[T+6840897312us][CH1-Dispenser] FB
[T+6840897180us][CH2-Pc    ] FB
[T+6840910180us][CH1-Dispenser] EE
[T+6840910317us][CH2-Pc    ] EE
[T+6840922204us][CH2-Pc    ] F0
[T+6840949204us][CH1-Dispenser] F0 BA B0 B3 B3 B0 B1 B0 B0 B0 B0 B1 B1 B1 B1 B1 B9 C1 8D 8A
[T+6841014180us][CH2-Pc    ] 04
[T+6841023206us][CH1-Dispenser] 04 64
[T+6841092180us][CH1-Dispenser] 05
[T+6841092315us][CH2-Pc    ] 05
[T+6841267316us][CH1-Dispenser] 06
[T+6841267180us][CH2-Pc    ] 06
[T+6841442205us][CH2-Pc    ] 01
[T+6841449180us][CH1-Dispenser] 01 61
[T+6841531180us][CH2-Pc    ] 02
[T+6841538845us][CH1-Dispenser] 02 62
[T+6841609180us][CH2-Pc    ] 03
[T+6841617181us][CH1-Dispenser] 03 73
[T+6841636180us][CH2-Pc    ] 23
[T+6841642859us][CH1-Dispenser] 23 D3
[T+6841658318us][CH1-Dispenser] FF
[T+6841658182us][CH2-Pc    ] FF
[T+6841670312us][CH1-Dispenser] E9
[T+6841670180us][CH2-Pc    ] E9
[T+6841683316us][CH1-Dispenser] FE
[T+6841683181us][CH2-Pc    ] FE
[T+6841696323us][CH1-Dispenser] E0
[T+6841696184us][CH2-Pc    ] E0
[T+6841711184us][CH1-Dispenser] E1
[T+6841711324us][CH2-Pc    ] E1
[T+6841721458us][CH1-Dispenser] E0
[T+6841721188us][CH2-Pc    ] E0
[T+6841734313us][CH1-Dispenser] FB
[T+6841734180us][CH2-Pc    ] FB
[T+6841746180us][CH1-Dispenser] EE
[T+6841746314us][CH2-Pc    ] EE
[T+6841759180us][CH2-Pc    ] F0
[T+6841790180us][CH1-Dispenser] F0 BA B0 B3 B3 B0 B1 B0 B0 B0 B0 B1 B1 B1 B1 B1 B9 C1 8D 8A
[T+6841862204us][CH2-Pc    ] 04
[T+6841870825us][CH1-Dispenser] 04 64
[T+6841940180us][CH1-Dispenser] 05
[T+6841940312us][CH2-Pc    ] 05
[T+6842115317us][CH1-Dispenser] 06
[T+6842115181us][CH2-Pc    ] 06
[T+6842279180us][CH2-Pc    ] 01
[T+6842284179us][CH1-Dispenser] 01 61
[T+6842357180us][CH2-Pc    ] 02
[T+6842364180us][CH1-Dispenser] 02 62
[T+6842435180us][CH2-Pc    ] 03
[T+6842443180us][CH1-Dispenser] 03 73
[T+6842462180us][CH2-Pc    ] 23
[T+6842468219us][CH1-Dispenser] 23 D3
[T+6842484181us][CH1-Dispenser] FF
[T+6842484315us][CH2-Pc    ] FF
[T+6842496313us][CH1-Dispenser] E9
[T+6842496181us][CH2-Pc    ] E9
[T+6842509312us][CH1-Dispenser] FE
[T+6842509180us][CH2-Pc    ] FE
[T+6842522319us][CH1-Dispenser] E0
[T+6842522181us][CH2-Pc    ] E0
[T+6842534180us][CH1-Dispenser] E1
[T+6842535179us][CH2-Pc    ] E1
[T+6842547313us][CH1-Dispenser] E0
[T+6842547180us][CH2-Pc    ] E0
[T+6842560313us][CH1-Dispenser] FB
[T+6842560180us][CH2-Pc    ] FB
[T+6842573314us][CH1-Dispenser] EE
[T+6842573180us][CH2-Pc    ] EE
[T+6842587180us][CH2-Pc    ] F0
[T+6842617204us][CH1-Dispenser] F0 BA B0 B3 B3 B0 B1 B0 B0 B0 B0 B1 B1 B1 B1 B1 B9 C1 8D 8A
[T+6842689204us][CH2-Pc    ] 04
[T+6842697187us][CH1-Dispenser] 04 64
[T+6842767181us][CH1-Dispenser] 05
[T+6842767314us][CH2-Pc    ] 05
[T+6842942180us][CH1-Dispenser] 06
[T+6842942315us][CH2-Pc    ] 06
[T+6843106180us][CH2-Pc    ] 01
[T+6843115218us][CH1-Dispenser] 01 61
[T+6843184205us][CH2-Pc    ] 02
[T+6843189179us][CH1-Dispenser] 02 62
[T+6843262180us][CH2-Pc    ] 03
[T+6843268219us][CH1-Dispenser] 03 73
[T+6843289216us][CH2-Pc    ] 23
[T+6843297180us][CH1-Dispenser] 23 D3
[T+6843311315us][CH1-Dispenser] FF
[T+6843311180us][CH2-Pc    ] FF
[T+6843323314us][CH1-Dispenser] E9
[T+6843323181us][CH2-Pc    ] E9
[T+6843336313us][CH1-Dispenser] FE
[T+6843336180us][CH2-Pc    ] FE
[T+6843349312us][CH1-Dispenser] E0
[T+6843349180us][CH2-Pc    ] E0
[T+6843362314us][CH1-Dispenser] E1
[T+6843362180us][CH2-Pc    ] E1
[T+6843383318us][CH1-Dispenser] E0
[T+6843383180us][CH2-Pc    ] E0
[T+6843405313us][CH1-Dispenser] FB
[T+6843405180us][CH2-Pc    ] FB
[T+6843417180us][CH1-Dispenser] EE
[T+6843417315us][CH2-Pc    ] EE
[T+6843430180us][CH2-Pc    ] F0
[T+6843461180us][CH1-Dispenser] F0 BA B0 B3 B3 B0 B1 B0 B0 B0 B0 B1 B1 B1 B1 B1 B9 C1 8D 8A
[T+6843532180us][CH2-Pc    ] 04
[T+6843536179us][CH1-Dispenser] 04 64
[T+6843610180us][CH1-Dispenser] 05
[T+6843610314us][CH2-Pc    ] 05
[T+6843786182us][CH1-Dispenser] 06
[T+6843786317us][CH2-Pc    ] 06
[T+6843950180us][CH2-Pc    ] 01
[T+6843960180us][CH1-Dispenser] 01 61
[T+6844029205us][CH2-Pc    ] 02
[T+6844034179us][CH1-Dispenser] 02 62
[T+6844107180us][CH2-Pc    ] 03
[T+6844113861us][CH1-Dispenser] 03 73
[T+6844152205us][CH2-Pc    ] 23
[T+6844158205us][CH1-Dispenser] 23 D3
[T+6844173315us][CH1-Dispenser] FF
[T+6844173180us][CH2-Pc    ] FF
[T+6844186309us][CH1-Dispenser] E9
[T+6844186181us][CH2-Pc    ] E9
[T+6844206315us][CH1-Dispenser] FE
[T+6844206181us][CH2-Pc    ] FE
[T+6844219314us][CH1-Dispenser] E0
[T+6844219181us][CH2-Pc    ] E0
[T+6844232181us][CH1-Dispenser] E1
[T+6844232316us][CH2-Pc    ] E1
[T+6844244312us][CH1-Dispenser] E0
[T+6844244180us][CH2-Pc    ] E0
[T+6844259141us][CH1-Dispenser] FB
[T+6844259001us][CH2-Pc    ] FB
[T+6844271180us][CH1-Dispenser] EE
[T+6844271313us][CH2-Pc    ] EE
[T+6844315180us][CH2-Pc    ] F0
[T+6844345205us][CH1-Dispenser] F0 BA B0 B3 B3 B0 B1 B0 B0 B0 B0 B1 B1 B1 B1 B1 B9 C1 8D 8A
[T+6844418180us][CH2-Pc    ] 04
[T+6844423179us][CH1-Dispenser] 04 64
[T+6844492187us][CH1-Dispenser] 05
[T+6844493179us][CH2-Pc    ] 05
[T+6844678181us][CH1-Dispenser] 06
[T+6844678316us][CH2-Pc    ] 06
[T+6844842180us][CH2-Pc    ] 01
[T+6844848203us][CH1-Dispenser] 01 61
[T+6844920206us][CH2-Pc    ] 02
[T+6844930180us][CH1-Dispenser] 02 62
[T+6844998180us][CH2-Pc    ] 03
[T+6845007214us][CH1-Dispenser] 03 73
[T+6845026180us][CH2-Pc    ] 23
[T+6845032218us][CH1-Dispenser] 23 D3
[T+6845047314us][CH1-Dispenser] FF
[T+6845047181us][CH2-Pc    ] FF
[T+6845060314us][CH1-Dispenser] E9
[T+6845060181us][CH2-Pc    ] E9
[T+6845072315us][CH1-Dispenser] FE
[T+6845072180us][CH2-Pc    ] FE
[T+6845085311us][CH1-Dispenser] E0
[T+6845085181us][CH2-Pc    ] E0
[T+6845099137us][CH1-Dispenser] E1
[T+6845099178us][CH2-Pc    ] E1
[T+6845114313us][CH1-Dispenser] E0
[T+6845114180us][CH2-Pc    ] E0
[T+6845126353us][CH1-Dispenser] FB
[T+6845126220us][CH2-Pc    ] FB
[T+6845139180us][CH1-Dispenser] EE
[T+6845139311us][CH2-Pc    ] EE
[T+6845152180us][CH2-Pc    ] F0
[T+6845183204us][CH1-Dispenser] F0 BA B0 B3 B3 B0 B1 B0 B0 B0 B0 B1 B1 B1 B1 B1 B9 C1 8D 8A
[T+6845253180us][CH2-Pc    ] 04
[T+6845262205us][CH1-Dispenser] 04 64
[T+6845331181us][CH1-Dispenser] 05
[T+6845331315us][CH2-Pc    ] 05
[T+6845499181us][CH1-Dispenser] 06
[T+6845499316us][CH2-Pc    ] 06
[T+6845674180us][CH2-Pc    ] 01
[T+6845679815us][CH1-Dispenser] 01 61
[T+6845752180us][CH2-Pc    ] 02
[T+6845759183us][CH1-Dispenser] 02 62
[T+6845830180us][CH2-Pc    ] 03
[T+6845837179us][CH1-Dispenser] 03 73
[T+6845858205us][CH2-Pc    ] 23
[T+6845862179us][CH1-Dispenser] 23 D3
[T+6845879188us][CH1-Dispenser] FF
[T+6845879326us][CH2-Pc    ] FF
[T+6845892323us][CH1-Dispenser] E9
[T+6845892184us][CH2-Pc    ] E9
[T+6845905322us][CH1-Dispenser] FE
[T+6845905184us][CH2-Pc    ] FE
[T+6845917317us][CH1-Dispenser] E0
[T+6845917184us][CH2-Pc    ] E0
[T+6845930324us][CH1-Dispenser] E1
[T+6845930183us][CH2-Pc    ] E1
[T+6845943328us][CH1-Dispenser] E0
[T+6845943188us][CH2-Pc    ] E0
[T+6845955314us][CH1-Dispenser] FB
[T+6845955181us][CH2-Pc    ] FB
[T+6845968317us][CH1-Dispenser] EE
[T+6845968181us][CH2-Pc    ] EE
[T+6845981180us][CH2-Pc    ] F0
[T+6846010180us][CH1-Dispenser] F0 BA B0 B3 B3 B0 B1 B0 B0 B0 B0 B1 B1 B1 B1 B1 B9 C1 8D 8A
[T+6846083180us][CH2-Pc    ] 04
[T+6846093180us][CH1-Dispenser] 04 64
[T+6846161315us][CH1-Dispenser] 05
[T+6846161180us][CH2-Pc    ] 05
[T+6846326314us][CH1-Dispenser] 06
[T+6846326180us][CH2-Pc    ] 06
[T+6846500204us][CH2-Pc    ] 01
[T+6846508185us][CH1-Dispenser] 01 61
[T+6846578180us][CH2-Pc    ] 02
[T+6846584244us][CH1-Dispenser] 02 62
[T+6846656209us][CH2-Pc    ] 03
[T+6846663179us][CH1-Dispenser] 03 73
[T+6846684204us][CH2-Pc    ] 23
[T+6846691793us][CH1-Dispenser] 23 D3
[T+6846705180us][CH1-Dispenser] FF
[T+6846705312us][CH2-Pc    ] FF
[T+6846720265us][CH1-Dispenser] E9
[T+6846720404us][CH2-Pc    ] E9
[T+6846731322us][CH1-Dispenser] FE
[T+6846731183us][CH2-Pc    ] FE
[T+6846743317us][CH1-Dispenser] E0
[T+6846743183us][CH2-Pc    ] E0
[T+6846756183us][CH1-Dispenser] E1
[T+6846756274us][CH2-Pc    ] E1
[T+6846769188us][CH1-Dispenser] E0
[T+6846769322us][CH2-Pc    ] E0
[T+6846781181us][CH1-Dispenser] FB
[T+6846781314us][CH2-Pc    ] FB
[T+6846794315us][CH1-Dispenser] EE
[T+6846794181us][CH2-Pc    ] EE
[T+6846807180us][CH2-Pc    ] F0
[T+6846835180us][CH1-Dispenser] F0 BA B0 B3 B3 B0 B1 B0 B0 B0 B0 B1 B1 B1 B1 B1 B9 C1 8D 8A
[T+6846911179us][CH1-Dispenser] 04 64
[T+6846907370us][CH2-Pc    ] 04
[T+6846975315us][CH1-Dispenser] 05
[T+6846975180us][CH2-Pc    ] 05
[T+6847139180us][CH1-Dispenser] 06
[T+6847139317us][CH2-Pc    ] 06
[T+6847314204us][CH2-Pc    ] 01
[T+6847321835us][CH1-Dispenser] 01 61
[T+6847392180us][CH2-Pc    ] 02
[T+6847402180us][CH1-Dispenser] 02 62
[T+6847479180us][CH2-Pc    ] 03
[T+6847488180us][CH1-Dispenser] 03 73
[T+6847506205us][CH2-Pc    ] 23
[T+6847513180us][CH1-Dispenser] 23 D3
[T+6847528181us][CH1-Dispenser] FF
[T+6847528315us][CH2-Pc    ] FF
[T+6847540311us][CH1-Dispenser] E9
[T+6847540181us][CH2-Pc    ] E9
[T+6847557314us][CH1-Dispenser] FE
[T+6847557181us][CH2-Pc    ] FE
[T+6847578316us][CH1-Dispenser] E0
[T+6847578180us][CH2-Pc    ] E0
[T+6847600313us][CH1-Dispenser] E1
[T+6847600180us][CH2-Pc    ] E1
[T+6847612322us][CH1-Dispenser] E0
[T+6847612185us][CH2-Pc    ] E0
[T+6847625325us][CH1-Dispenser] FB
[T+6847625184us][CH2-Pc    ] FB
[T+6847638323us][CH1-Dispenser] EE
[T+6847638184us][CH2-Pc    ] EE
[T+6847651180us][CH2-Pc    ] F0
[T+6847682180us][CH1-Dispenser] F0 BA B0 B3 B3 B0 B1 B0 B0 B0 B0 B1 B1 B1 B1 B1 B9 C1 8D 8A
[T+6847752180us][CH2-Pc    ] 04
[T+6847758811us][CH1-Dispenser] 04 64
[T+6847830180us][CH1-Dispenser] 05
[T+6847830316us][CH2-Pc    ] 05
[T+6848005181us][CH1-Dispenser] 06
[T+6848005315us][CH2-Pc    ] 06
[T+6848169180us][CH2-Pc    ] 01
[T+6848175552us][CH1-Dispenser] 01 61
[T+6848247205us][CH2-Pc    ] 02
[T+6848256218us][CH1-Dispenser] 02 62
[T+6848325204us][CH2-Pc    ] 03
[T+6848333187us][CH1-Dispenser] 03 73
[T+6848353180us][CH2-Pc    ] 23
[T+6848358179us][CH1-Dispenser] 23 D3
[T+6848374315us][CH1-Dispenser] FF
[T+6848374180us][CH2-Pc    ] FF
[T+6848387320us][CH1-Dispenser] E9
[T+6848387184us][CH2-Pc    ] E9
[T+6848400313us][CH1-Dispenser] FE
[T+6848400181us][CH2-Pc    ] FE
[T+6848412361us][CH1-Dispenser] E0
[T+6848412181us][CH2-Pc    ] E0
[T+6848425184us][CH1-Dispenser] E1
[T+6848425325us][CH2-Pc    ] E1
[T+6848438315us][CH1-Dispenser] E0
[T+6848438183us][CH2-Pc    ] E0
[T+6848450311us][CH1-Dispenser] FB
[T+6848450180us][CH2-Pc    ] FB
[T+6848464181us][CH1-Dispenser] EE
[T+6848464314us][CH2-Pc    ] EE
[T+6848476204us][CH2-Pc    ] F0
[T+6848506205us][CH1-Dispenser] F0 BA B0 B3 B3 B0 B1 B0 B0 B0 B0 B1 B1 B1 B1 B1 B9 C1 8D 8A
[T+6848570180us][CH2-Pc    ] 04
[T+6848578603us][CH1-Dispenser] 04 64
[T+6848648180us][CH1-Dispenser] 05
[T+6848648315us][CH2-Pc    ] 05
[T+6848833320us][CH1-Dispenser] 06
[T+6848833181us][CH2-Pc    ] 06
[T+6848997180us][CH2-Pc    ] 01
[T+6849004490us][CH1-Dispenser] 01 61
[T+6849075180us][CH2-Pc    ] 02
[T+6849085180us][CH1-Dispenser] 02 62
[T+6849153180us][CH2-Pc    ] 03
[T+6849164180us][CH1-Dispenser] 03 73
[T+6849181180us][CH2-Pc    ] 23
[T+6849188793us][CH1-Dispenser] 23 D3
[T+6849202319us][CH1-Dispenser] FF
[T+6849202180us][CH2-Pc    ] FF
[T+6849215319us][CH1-Dispenser] E9
[T+6849215183us][CH2-Pc    ] E9
[T+6849229320us][CH1-Dispenser] FE
[T+6849229184us][CH2-Pc    ] FE
[T+6849242325us][CH1-Dispenser] E0
[T+6849242188us][CH2-Pc    ] E0
[T+6849254314us][CH1-Dispenser] E1
[T+6849254181us][CH2-Pc    ] E1
[T+6849267315us][CH1-Dispenser] E0
[T+6849267181us][CH2-Pc    ] E0
[T+6849279311us][CH1-Dispenser] FB
[T+6849279181us][CH2-Pc    ] FB
[T+6849292313us][CH1-Dispenser] EE
[T+6849292181us][CH2-Pc    ] EE
[T+6849305210us][CH2-Pc    ] F0
[T+6849335204us][CH1-Dispenser] F0 BA B0 B3 B3 B0 B1 B0 B0 B0 B0 B1 B1 B1 B1 B1 B9 C1 8D 8A
[T+6849413205us][CH2-Pc    ] 04
[T+6849420180us][CH1-Dispenser] 04 64
[T+6849491313us][CH1-Dispenser] 05
[T+6849491180us][CH2-Pc    ] 05
[T+6849677181us][CH1-Dispenser] 06
[T+6849677317us][CH2-Pc    ] 06
[T+6849841180us][CH2-Pc    ] 01
[T+6849852180us][CH1-Dispenser] 01 61
[T+6849919180us][CH2-Pc    ] 02
[T+6849924815us][CH1-Dispenser] 02 62
[T+6849997180us][CH2-Pc    ] 03
[T+6850003289us][CH1-Dispenser] 03 73
[T+6850025180us][CH2-Pc    ] 23
[T+6850032179us][CH1-Dispenser] 23 D3
[T+6850046313us][CH1-Dispenser] FF
[T+6850046180us][CH2-Pc    ] FF
[T+6850059311us][CH1-Dispenser] E9
[T+6850059180us][CH2-Pc    ] E9
[T+6850072181us][CH1-Dispenser] FE
[T+6850072313us][CH2-Pc    ] FE
[T+6850086322us][CH1-Dispenser] E0
[T+6850086183us][CH2-Pc    ] E0
[T+6850097183us][CH2-Pc    ] E1
[T+6850098180us][CH1-Dispenser] E1
[T+6850110180us][CH1-Dispenser] E0
[T+6850109180us][CH2-Pc    ] E0
[T+6850122308us][CH1-Dispenser] FB
[T+6850122180us][CH2-Pc    ] FB
[T+6850135180us][CH1-Dispenser] EE
[T+6850135313us][CH2-Pc    ] EE
[T+6850148180us][CH2-Pc    ] F0
[T+6850176180us][CH1-Dispenser] F0 BA B0 B3 B3 B0 B1 B0 B0 B0 B0 B1 B1 B1 B1 B1 B9 C1 8D 8A
[T+6850250180us][CH2-Pc    ] 04
[T+6850257179us][CH1-Dispenser] 04 64
[T+6850328180us][CH1-Dispenser] 05
[T+6850328315us][CH2-Pc    ] 05
[T+6850503314us][CH1-Dispenser] 06
[T+6850503180us][CH2-Pc    ] 06
[T+6850678180us][CH2-Pc    ] 01
[T+6850685179us][CH1-Dispenser] 01 61
[T+6850756180us][CH2-Pc    ] 02
[T+6850766181us][CH1-Dispenser] 02 62
[T+6850834180us][CH2-Pc    ] 03
[T+6850843204us][CH1-Dispenser] 03 73
[T+6850862180us][CH2-Pc    ] 23
[T+6850868219us][CH1-Dispenser] 23 D3
[T+6850883181us][CH1-Dispenser] FF
[T+6850883316us][CH2-Pc    ] FF
[T+6850904314us][CH1-Dispenser] E9
[T+6850904180us][CH2-Pc    ] E9
[T+6850917319us][CH1-Dispenser] FE
[T+6850917182us][CH2-Pc    ] FE
[T+6850930319us][CH1-Dispenser] E0
[T+6850930182us][CH2-Pc    ] E0
[T+6850942318us][CH1-Dispenser] E1
[T+6850942181us][CH2-Pc    ] E1
[T+6850955315us][CH1-Dispenser] E0
[T+6850955181us][CH2-Pc    ] E0
[T+6850968314us][CH1-Dispenser] FB
[T+6850968180us][CH2-Pc    ] FB
[T+6850981316us][CH1-Dispenser] EE
[T+6850981181us][CH2-Pc    ] EE
[T+6850993204us][CH2-Pc    ] F0
[T+6851021180us][CH1-Dispenser] F0 BA B0 B3 B3 B0 B1 B0 B0 B0 B0 B1 B1 B1 B1 B1 B9 C1 8D 8A
[T+6851085180us][CH2-Pc    ] 04
[T+6851093180us][CH1-Dispenser] 04 64
[T+6851163316us][CH1-Dispenser] 05
[T+6851163180us][CH2-Pc    ] 05
[T+6851349316us][CH1-Dispenser] 06
[T+6851349182us][CH2-Pc    ] 06
[T+6851513180us][CH2-Pc    ] 01
[T+6851519911us][CH1-Dispenser] 01 61
[T+6851591205us][CH2-Pc    ] 02
[T+6851600218us][CH1-Dispenser] 02 62
[T+6851669204us][CH2-Pc    ] 03
[T+6851677187us][CH1-Dispenser] 03 73
[T+6851697180us][CH2-Pc    ] 23
[T+6851704181us][CH1-Dispenser] 23 D3
[T+6851718316us][CH1-Dispenser] FF
[T+6851718180us][CH2-Pc    ] FF
[T+6851731322us][CH1-Dispenser] E9
[T+6851731183us][CH2-Pc    ] E9
[T+6851743316us][CH1-Dispenser] FE
[T+6851743181us][CH2-Pc    ] FE
[T+6851756316us][CH1-Dispenser] E0
[T+6851756180us][CH2-Pc    ] E0
[T+6851769316us][CH1-Dispenser] E1
[T+6851769182us][CH2-Pc    ] E1
[T+6851781313us][CH1-Dispenser] E0
[T+6851781182us][CH2-Pc    ] E0
[T+6851794312us][CH1-Dispenser] FB
[T+6851794181us][CH2-Pc    ] FB
[T+6851807311us][CH1-Dispenser] EE
[T+6851807180us][CH2-Pc    ] EE
[T+6851820180us][CH2-Pc    ] F0
[T+6851850204us][CH1-Dispenser] F0 BA B0 B3 B3 B0 B1 B0 B0 B0 B0 B1 B1 B1 B1 B1 B9 C1 8D 8A
[T+6851922205us][CH2-Pc    ] 04
[T+6851928188us][CH1-Dispenser] 04 64
[T+6852000180us][CH1-Dispenser] 05
[T+6852000314us][CH2-Pc    ] 05
[T+6852175181us][CH1-Dispenser] 06
[T+6852175316us][CH2-Pc    ] 06
[T+6852350204us][CH2-Pc    ] 01
[T+6852355187us][CH1-Dispenser] 01 61
[T+6852428180us][CH2-Pc    ] 02
[T+6852434203us][CH1-Dispenser] 02 62
[T+6852506204us][CH2-Pc    ] 03
[T+6852515274us][CH1-Dispenser] 03 73
[T+6852533204us][CH2-Pc    ] 23
[T+6852538657us][CH1-Dispenser] 23 D3
[T+6852555315us][CH1-Dispenser] FF
[T+6852555180us][CH2-Pc    ] FF
[T+6852568317us][CH1-Dispenser] E9
[T+6852568181us][CH2-Pc    ] E9
[T+6852580311us][CH1-Dispenser] FE
[T+6852580180us][CH2-Pc    ] FE
[T+6852593320us][CH1-Dispenser] E0
[T+6852593182us][CH2-Pc    ] E0
[T+6852606313us][CH1-Dispenser] E1
[T+6852606180us][CH2-Pc    ] E1
[T+6852618326us][CH1-Dispenser] E0
[T+6852618188us][CH2-Pc    ] E0
[T+6852631323us][CH1-Dispenser] FB
[T+6852631183us][CH2-Pc    ] FB
[T+6852644183us][CH1-Dispenser] EE
[T+6852644319us][CH2-Pc    ] EE
[T+6852656214us][CH2-Pc    ] F0
[T+6852686204us][CH1-Dispenser] F0 BA B0 B3 B3 B0 B1 B0 B0 B0 B0 B1 B1 B1 B1 B1 B9 C1 8D 8A
[T+6852762179us][CH1-Dispenser] 04 64
[T+6852758204us][CH2-Pc    ] 04
[T+6852825180us][CH1-Dispenser] 05
[T+6852826179us][CH2-Pc    ] 05
[T+6853000180us][CH1-Dispenser] 06
[T+6853000314us][CH2-Pc    ] 06
[T+6853175180us][CH2-Pc    ] 01
[T+6853180179us][CH1-Dispenser] 01 61
[T+6853253180us][CH2-Pc    ] 02
[T+6853259204us][CH1-Dispenser] 02 62
[T+6853331205us][CH2-Pc    ] 03
[T+6853340208us][CH1-Dispenser] 03 73
[T+6853358204us][CH2-Pc    ] 23
[T+6853380311us][CH1-Dispenser] 23 D3 FF
[T+6853380180us][CH2-Pc    ] FF
[T+6853393313us][CH1-Dispenser] E9
[T+6853393180us][CH2-Pc    ] E9
[T+6853405314us][CH1-Dispenser] FE
[T+6853405181us][CH2-Pc    ] FE
[T+6853418315us][CH1-Dispenser] E0
[T+6853418180us][CH2-Pc    ] E0
[T+6853431180us][CH1-Dispenser] E1
[T+6853431315us][CH2-Pc    ] E1
[T+6853443314us][CH1-Dispenser] E0
[T+6853443181us][CH2-Pc    ] E0
[T+6853456314us][CH1-Dispenser] FB
[T+6853456181us][CH2-Pc    ] FB
[T+6853469181us][CH1-Dispenser] EE
[T+6853469315us][CH2-Pc    ] EE
[T+6853482180us][CH2-Pc    ] F0
[T+6853511180us][CH1-Dispenser] F0 BA B0 B3 B3 B0 B1 B0 B0 B0 B0 B1 B1 B1 B1 B1 B9 C1 8D 8A
[T+6853584180us][CH2-Pc    ] 04
[T+6853593180us][CH1-Dispenser] 04 64
[T+6853662181us][CH1-Dispenser] 05
[T+6853662315us][CH2-Pc    ] 05
[T+6853826180us][CH1-Dispenser] 06
[T+6853826314us][CH2-Pc    ] 06
[T+6854009205us][CH2-Pc    ] 01
[T+6854015180us][CH1-Dispenser] 01 61
[T+6854087204us][CH2-Pc    ] 02
[T+6854094180us][CH1-Dispenser] 02 62
[T+6854165180us][CH2-Pc    ] 03
[T+6854175180us][CH1-Dispenser] 03 73
[T+6854193205us][CH2-Pc    ] 23
[T+6854198187us][CH1-Dispenser] 23 D3
[T+6854214180us][CH1-Dispenser] FF
[T+6854214313us][CH2-Pc    ] FF
[T+6854227314us][CH1-Dispenser] E9
[T+6854227180us][CH2-Pc    ] E9
[T+6854239314us][CH1-Dispenser] FE
[T+6854239180us][CH2-Pc    ] FE
[T+6854252315us][CH1-Dispenser] E0
[T+6854252180us][CH2-Pc    ] E0
[T+6854265309us][CH1-Dispenser] E1
[T+6854265181us][CH2-Pc    ] E1
[T+6854277317us][CH1-Dispenser] E0
[T+6854277184us][CH2-Pc    ] E0
[T+6854290324us][CH1-Dispenser] FB
[T+6854290184us][CH2-Pc    ] FB
[T+6854304180us][CH1-Dispenser] EE
[T+6854303182us][CH2-Pc    ] EE
[T+6854316205us][CH2-Pc    ] F0
[T+6854346208us][CH1-Dispenser] F0 BA B0 B3 B3 B0 B1 B0 B0 B0 B0 B1 B1 B1 B1 B1 B9 C1 8D 8A
[T+6854417180us][CH2-Pc    ] 04
[T+6854425769us][CH1-Dispenser] 04 64
[T+6854495313us][CH1-Dispenser] 05
[T+6854495180us][CH2-Pc    ] 05
[T+6854670316us][CH1-Dispenser] 06
[T+6854670180us][CH2-Pc    ] 06
[T+6854845180us][CH2-Pc    ] 01
[T+6854849179us][CH1-Dispenser] 01 61
[T+6854913180us][CH2-Pc    ] 02
[T+6854921180us][CH1-Dispenser] 02 62
[T+6854991180us][CH2-Pc    ] 03
[T+6854998498us][CH1-Dispenser] 03 73
[T+6855018180us][CH2-Pc    ] 23
[T+6855023187us][CH1-Dispenser] 23 D3
[T+6855039180us][CH1-Dispenser] FF
[T+6855039308us][CH2-Pc    ] FF
[T+6855052316us][CH1-Dispenser] E9
[T+6855052180us][CH2-Pc    ] E9
[T+6855064183us][CH2-Pc    ] FE
[T+6855064320us][CH1-Dispenser] FE
[T+6855077312us][CH1-Dispenser] E0
[T+6855077180us][CH2-Pc    ] E0
[T+6855090314us][CH1-Dispenser] E1
[T+6855090181us][CH2-Pc    ] E1
[T+6855103308us][CH1-Dispenser] E0
[T+6855103180us][CH2-Pc    ] E0
[T+6855115318us][CH1-Dispenser] FB
[T+6855115184us][CH2-Pc    ] FB
[T+6855128184us][CH1-Dispenser] EE
[T+6855128324us][CH2-Pc    ] EE
[T+6855141180us][CH2-Pc    ] F0
[T+6855173180us][CH1-Dispenser] F0 BA B0 B3 B3 B0 B1 B0 B0 B0 B0 B1 B1 B1 B1 B1 B9 C1 8D 8A
[T+6855242204us][CH2-Pc    ] 04
[T+6855249181us][CH1-Dispenser] 04 64
[T+6855320318us][CH1-Dispenser] 05
[T+6855320180us][CH2-Pc    ] 05
[T+6855497317us][CH1-Dispenser] 06
[T+6855497180us][CH2-Pc    ] 06
[T+6855672180us][CH2-Pc    ] 01
[T+6855680201us][CH1-Dispenser] 01 61
[T+6855750180us][CH2-Pc    ] 02
[T+6855755188us][CH1-Dispenser] 02 62
[T+6855832179us][CH1-Dispenser] 03 73
[T+6855828180us][CH2-Pc    ] 03
[T+6855845180us][CH2-Pc    ] 23
[T+6855852179us][CH1-Dispenser] 23 D3
[T+6855866180us][CH1-Dispenser] FF
[T+6855866315us][CH2-Pc    ] FF
[T+6855879310us][CH1-Dispenser] E9
[T+6855879180us][CH2-Pc    ] E9
[T+6855892312us][CH1-Dispenser] FE
[T+6855892181us][CH2-Pc    ] FE
[T+6855904327us][CH1-Dispenser] E0
[T+6855904184us][CH2-Pc    ] E0
[T+6855917324us][CH1-Dispenser] E1
[T+6855917184us][CH2-Pc    ] E1
[T+6855931183us][CH1-Dispenser] E0
[T+6855931320us][CH2-Pc    ] E0
[T+6855943320us][CH1-Dispenser] FB
[T+6855943183us][CH2-Pc    ] FB
[T+6855956183us][CH1-Dispenser] EE
[T+6855956320us][CH2-Pc    ] EE
[T+6855969180us][CH2-Pc    ] F0
[T+6855996204us][CH1-Dispenser] F0 BA B0 B3 B3 B0 B1 B0 B0 B0 B0 B1 B1 B1 B1 B1 B9 C1 8D 8A
[T+6856070180us][CH2-Pc    ] 04
[T+6856079212us][CH1-Dispenser] 04 64
[T+6856149180us][CH1-Dispenser] 05
[T+6856149313us][CH2-Pc    ] 05
[T+6856334180us][CH1-Dispenser] 06
[T+6856334318us][CH2-Pc    ] 06
[T+6856498180us][CH2-Pc    ] 01
[T+6856506789us][CH1-Dispenser] 01 61
[T+6856576180us][CH2-Pc    ] 02
[T+6856588215us][CH1-Dispenser] 02 62
[T+6856655180us][CH2-Pc    ] 03
[T+6856665180us][CH1-Dispenser] 03 73
[T+6856682180us][CH2-Pc    ] 23
[T+6856688218us][CH1-Dispenser] 23 D3
[T+6856703318us][CH1-Dispenser] FF
[T+6856703181us][CH2-Pc    ] FF
[T+6856716311us][CH1-Dispenser] E9
[T+6856716180us][CH2-Pc    ] E9
[T+6856729179us][CH1-Dispenser] FE
[T+6856728180us][CH2-Pc    ] FE
[T+6856743351us][CH1-Dispenser] E0
[T+6856743487us][CH2-Pc    ] E0
[T+6856755326us][CH1-Dispenser] E1
[T+6856755185us][CH2-Pc    ] E1
[T+6856767183us][CH2-Pc    ] E0
[T+6856768179us][CH1-Dispenser] E0
[T+6856779311us][CH1-Dispenser] FB
[T+6856779180us][CH2-Pc    ] FB
[T+6856792314us][CH1-Dispenser] EE
[T+6856792180us][CH2-Pc    ] EE
[T+6856805180us][CH2-Pc    ] F0
[T+6856836180us][CH1-Dispenser] F0 BA B0 B3 B3 B0 B1 B0 B0 B0 B0 B1 B1 B1 B1 B1 B9 C1 8D 8A
[T+6856906180us][CH2-Pc    ] 04
[T+6856913179us][CH1-Dispenser] 04 64
[T+6856985315us][CH1-Dispenser] 05
[T+6856985181us][CH2-Pc    ] 05
[T+6857159321us][CH1-Dispenser] 06
[T+6857159181us][CH2-Pc    ] 06
[T+6857334180us][CH2-Pc    ] 01
[T+6857339179us][CH1-Dispenser] 01 61
[T+6857412180us][CH2-Pc    ] 02
[T+6857420188us][CH1-Dispenser] 02 62
[T+6857490180us][CH2-Pc    ] 03
[T+6857499204us][CH1-Dispenser] 03 73
[T+6857518180us][CH2-Pc    ] 23
[T+6857524218us][CH1-Dispenser] 23 D3
[T+6857539316us][CH1-Dispenser] FF
[T+6857539181us][CH2-Pc    ] FF
[T+6857552315us][CH1-Dispenser] E9
[T+6857552181us][CH2-Pc    ] E9
[T+6857564312us][CH1-Dispenser] FE
[T+6857564181us][CH2-Pc    ] FE
[T+6857577313us][CH1-Dispenser] E0
[T+6857577181us][CH2-Pc    ] E0
[T+6857590181us][CH1-Dispenser] E1
[T+6857590315us][CH2-Pc    ] E1
[T+6857603315us][CH1-Dispenser] E0
[T+6857603181us][CH2-Pc    ] E0
[T+6857615311us][CH1-Dispenser] FB
[T+6857615181us][CH2-Pc    ] FB
[T+6857628316us][CH1-Dispenser] EE
[T+6857628181us][CH2-Pc    ] EE
[T+6857641180us][CH2-Pc    ] F0
[T+6857670180us][CH1-Dispenser] F0 BA B0 B3 B3 B0 B1 B0 B0 B0 B0 B1 B1 B1 B1 B1 B9 C1 8D 8A
[T+6857742205us][CH2-Pc    ] 04
[T+6857748819us][CH1-Dispenser] 04 64
[T+6857820180us][CH1-Dispenser] 05
[T+6857820314us][CH2-Pc    ] 05
[T+6858006319us][CH1-Dispenser] 06
[T+6858006180us][CH2-Pc    ] 06
[T+6858170180us][CH2-Pc    ] 01
[T+6858175791us][CH1-Dispenser] 01 61
[T+6858248180us][CH2-Pc    ] 02
[T+6858254399us][CH1-Dispenser] 02 62
[T+6858326204us][CH2-Pc    ] 03
[T+6858333179us][CH1-Dispenser] 03 73
[T+6858354204us][CH2-Pc    ] 23
[T+6858364180us][CH1-Dispenser] 23 D3
[T+6858375328us][CH1-Dispenser] FF
[T+6858375185us][CH2-Pc    ] FF
[T+6858388325us][CH1-Dispenser] E9
[T+6858388185us][CH2-Pc    ] E9
[T+6858400329us][CH1-Dispenser] FE
[T+6858400191us][CH2-Pc    ] FE
[T+6858413314us][CH1-Dispenser] E0
[T+6858413181us][CH2-Pc    ] E0
[T+6858426180us][CH1-Dispenser] E1
[T+6858426313us][CH2-Pc    ] E1
[T+6858438361us][CH1-Dispenser] E0
[T+6858438180us][CH2-Pc    ] E0
[T+6858451314us][CH1-Dispenser] FB
[T+6858451181us][CH2-Pc    ] FB
[T+6858464183us][CH1-Dispenser] EE
[T+6858464319us][CH2-Pc    ] EE
[T+6858478937us][CH2-Pc    ] F0
[T+6858506180us][CH1-Dispenser] F0 BA B0 B3 B3 B0 B1 B0 B0 B0 B0 B1 B1 B1 B1 B1 B9 C1 8D 8A
[T+6858579180us][CH2-Pc    ] 04
[T+6858587181us][CH1-Dispenser] 04 64
[T+6858657379us][CH1-Dispenser] 05
[T+6858657242us][CH2-Pc    ] 05
[T+6858832316us][CH1-Dispenser] 06
[T+6858832181us][CH2-Pc    ] 06
[T+6858996180us][CH2-Pc    ] 01
[T+6859006180us][CH1-Dispenser] 01 61
[T+6859075180us][CH2-Pc    ] 02
[T+6859080179us][CH1-Dispenser] 02 62
[T+6859147180us][CH2-Pc    ] 03
[T+6859153203us][CH1-Dispenser] 03 73
[T+6859174204us][CH2-Pc    ] 23
[T+6859183219us][CH1-Dispenser] 23 D3
[T+6859195313us][CH1-Dispenser] FF
[T+6859195181us][CH2-Pc    ] FF
[T+6859210183us][CH1-Dispenser] E9
[T+6859210323us][CH2-Pc    ] E9
[T+6859221327us][CH1-Dispenser] FE
[T+6859221188us][CH2-Pc    ] FE
[T+6859233325us][CH1-Dispenser] E0
[T+6859233462us][CH2-Pc    ] E0
[T+6859246183us][CH1-Dispenser] E1
[T+6859246319us][CH2-Pc    ] E1
[T+6859259390us][CH1-Dispenser] E0
[T+6859259180us][CH2-Pc    ] E0
[T+6859272326us][CH1-Dispenser] FB
[T+6859272187us][CH2-Pc    ] FB
[T+6859286320us][CH1-Dispenser] EE
[T+6859286183us][CH2-Pc    ] EE
[T+6859299180us][CH2-Pc    ] F0
[T+6859326204us][CH1-Dispenser] F0 BA B0 B3 B3 B0 B1 B0 B0 B0 B0 B1 B1 B1 B1 B1 B9 C1 8D 8A
[T+6859391180us][CH2-Pc    ] 04
[T+6859400218us][CH1-Dispenser] 04 64
[T+6859468181us][CH1-Dispenser] 05
[T+6859468316us][CH2-Pc    ] 05
[T+6859643180us][CH1-Dispenser] 06
[T+6859643315us][CH2-Pc    ] 06
[T+6859817204us][CH2-Pc    ] 01
[T+6859825187us][CH1-Dispenser] 01 61
[T+6859896180us][CH2-Pc    ] 02
[T+6859905204us][CH1-Dispenser] 02 62
[T+6859974204us][CH2-Pc    ] 03
[T+6859978836us][CH1-Dispenser] 03 73
[T+6860001180us][CH2-Pc    ] 23
[T+6860009181us][CH1-Dispenser] 23 D3
[T+6860023180us][CH1-Dispenser] FF
[T+6860024179us][CH2-Pc    ] FF
[T+6860036311us][CH1-Dispenser] E9
[T+6860036180us][CH2-Pc    ] E9
[T+6860049322us][CH1-Dispenser] FE
[T+6860049184us][CH2-Pc    ] FE
[T+6860062327us][CH1-Dispenser] E0
[T+6860062184us][CH2-Pc    ] E0
[T+6860075320us][CH1-Dispenser] E1
[T+6860075183us][CH2-Pc    ] E1
[T+6860088184us][CH1-Dispenser] E0
[T+6860088321us][CH2-Pc    ] E0
[T+6860100371us][CH1-Dispenser] FB
[T+6860100232us][CH2-Pc    ] FB
[T+6860112180us][CH1-Dispenser] EE
[T+6860112314us][CH2-Pc    ] EE
[T+6860125312us][CH1-Dispenser] F0
[T+6860125180us][CH2-Pc    ] F0
[T+6860161181us][CH1-Dispenser] BA B0 B3 B3 B0 B1 B0 B0 B0 B0 B1 B1 B1 B1 B1 B9 C1 8D 8A
[T+6860227181us][CH2-Pc    ] 04
[T+6860234180us][CH1-Dispenser] 04 64
[T+6860305315us][CH1-Dispenser] 05
[T+6860305181us][CH2-Pc    ] 05
[T+6860490314us][CH1-Dispenser] 06
[T+6860490180us][CH2-Pc    ] 06
[T+6860654180us][CH2-Pc    ] 01
[T+6860660218us][CH1-Dispenser] 01 61
[T+6860733180us][CH2-Pc    ] 02
[T+6860739203us][CH1-Dispenser] 02 62
[T+6860804180us][CH2-Pc    ] 03
[T+6860809187us][CH1-Dispenser] 03 73
[T+6860831180us][CH2-Pc    ] 23
[T+6860840181us][CH1-Dispenser] 23 D3
[T+6860853180us][CH1-Dispenser] FF
[T+6860853317us][CH2-Pc    ] FF
[T+6860865308us][CH1-Dispenser] E9
[T+6860865180us][CH2-Pc    ] E9
[T+6860878899us][CH1-Dispenser] FE
[T+6860878761us][CH2-Pc    ] FE
[T+6860891327us][CH1-Dispenser] E0
[T+6860891187us][CH2-Pc    ] E0
[T+6860903481us][CH1-Dispenser] E1
[T+6860903344us][CH2-Pc    ] E1
[T+6860916319us][CH1-Dispenser] E0
[T+6860916183us][CH2-Pc    ] E0
[T+6860929368us][CH1-Dispenser] FB
[T+6860929182us][CH2-Pc    ] FB
[T+6860941322us][CH1-Dispenser] EE
[T+6860941183us][CH2-Pc    ] EE
[T+6860955180us][CH2-Pc    ] F0
[T+6860985204us][CH1-Dispenser] F0 BA B0 B3 B3 B0 B1 B0 B0 B0 B0 B1 B1 B1 B1 B1 B9 C1 8D 8A
[T+6861057205us][CH2-Pc    ] 04
[T+6861063218us][CH1-Dispenser] 04 64
[T+6861135314us][CH1-Dispenser] 05
[T+6861135180us][CH2-Pc    ] 05
[T+6861310320us][CH1-Dispenser] 06
[T+6861310182us][CH2-Pc    ] 06
[T+6861484204us][CH2-Pc    ] 01
[T+6861490850us][CH1-Dispenser] 01 61
[T+6861562205us][CH2-Pc    ] 02
[T+6861571204us][CH1-Dispenser] 02 62
[T+6861641180us][CH2-Pc    ] 03
[T+6861650218us][CH1-Dispenser] 03 73
[T+6861668204us][CH2-Pc    ] 23
[T+6861674203us][CH1-Dispenser] 23 D3
[T+6861690180us][CH1-Dispenser] FF
[T+6861690315us][CH2-Pc    ] FF
[T+6861702317us][CH1-Dispenser] E9
[T+6861702184us][CH2-Pc    ] E9
[T+6861715321us][CH1-Dispenser] FE
[T+6861715184us][CH2-Pc    ] FE
[T+6861728295us][CH2-Pc    ] E0
[T+6861729179us][CH1-Dispenser] E0
[T+6861740313us][CH1-Dispenser] E1
[T+6861740180us][CH2-Pc    ] E1
[T+6861753313us][CH1-Dispenser] E0
[T+6861753180us][CH2-Pc    ] E0
[T+6861766179us][CH1-Dispenser] FB
[T+6861765180us][CH2-Pc    ] FB
[T+6861778998us][CH1-Dispenser] EE
[T+6861778862us][CH2-Pc    ] EE
[T+6861791180us][CH2-Pc    ] F0
[T+6861822180us][CH1-Dispenser] F0 BA B0 B3 B3 B0 B1 B0 B0 B0 B0 B1 B1 B1 B1 B1 B9 C1 8D 8A
[T+6861892180us][CH2-Pc    ] 04
[T+6861899389us][CH1-Dispenser] 04 64
[T+6861971314us][CH1-Dispenser] 05
[T+6861971180us][CH2-Pc    ] 05
[T+6862146182us][CH1-Dispenser] 06
[T+6862146319us][CH2-Pc    ] 06
[T+6862313180us][CH2-Pc    ] 01
[T+6862319873us][CH1-Dispenser] 01 61
[T+6862392180us][CH2-Pc    ] 02
[T+6862401181us][CH1-Dispenser] 02 62
[T+6862471180us][CH2-Pc    ] 03
[T+6862477204us][CH1-Dispenser] 03 73
[T+6862498433us][CH2-Pc    ] 23
[T+6862504204us][CH1-Dispenser] 23 D3
[T+6862520313us][CH1-Dispenser] FF
[T+6862520180us][CH2-Pc    ] FF
[T+6862532313us][CH1-Dispenser] E9
[T+6862532180us][CH2-Pc    ] E9
[T+6862545316us][CH1-Dispenser] FE
[T+6862545181us][CH2-Pc    ] FE
[T+6862557313us][CH1-Dispenser] E0
[T+6862557181us][CH2-Pc    ] E0
[T+6862570315us][CH1-Dispenser] E1
[T+6862570181us][CH2-Pc    ] E1
[T+6862583314us][CH1-Dispenser] E0
[T+6862583181us][CH2-Pc    ] E0
[T+6862596308us][CH1-Dispenser] FB
[T+6862596180us][CH2-Pc    ] FB
[T+6862608311us][CH1-Dispenser] EE
[T+6862608180us][CH2-Pc    ] EE
[T+6862621316us][CH1-Dispenser] F0
[T+6862621181us][CH2-Pc    ] F0
[T+6862656180us][CH1-Dispenser] BA B0 B3 B3 B0 B1 B0 B0 B0 B0 B1 B1 B1 B1 B1 B9 C1 8D 8A
[T+6862725180us][CH2-Pc    ] 04
[T+6862733180us][CH1-Dispenser] 04 64
[T+6862803180us][CH1-Dispenser] 05
[T+6862803313us][CH2-Pc    ] 05
[T+6862967180us][CH1-Dispenser] 06
[T+6862967316us][CH2-Pc    ] 06
[T+6863142180us][CH2-Pc    ] 01
[T+6863152230us][CH1-Dispenser] 01 61
[T+6863220180us][CH2-Pc    ] 02
[T+6863226791us][CH1-Dispenser] 02 62
[T+6863298205us][CH2-Pc    ] 03
[T+6863305179us][CH1-Dispenser] 03 73
[T+6863325180us][CH2-Pc    ] 23
[T+6863333817us][CH1-Dispenser] 23 D3
[T+6863347318us][CH1-Dispenser] FF
[T+6863347182us][CH2-Pc    ] FF
[T+6863359323us][CH1-Dispenser] E9
[T+6863359185us][CH2-Pc    ] E9
[T+6863372318us][CH1-Dispenser] FE
[T+6863372183us][CH2-Pc    ] FE
[T+6863385319us][CH1-Dispenser] E0
[T+6863385183us][CH2-Pc    ] E0
[T+6863398944us][CH1-Dispenser] E1
[T+6863399079us][CH2-Pc    ] E1
[T+6863411315us][CH1-Dispenser] E0
[T+6863411181us][CH2-Pc    ] E0
[T+6863424314us][CH1-Dispenser] FB
[T+6863424181us][CH2-Pc    ] FB
[T+6863440180us][CH1-Dispenser] EE
[T+6863440314us][CH2-Pc    ] EE
[T+6863452207us][CH2-Pc    ] F0
[T+6863481180us][CH1-Dispenser] F0 BA B0 B3 B3 B0 B1 B0 B0 B0 B0 B1 B1 B1 B1 B1 B9 C1 8D 8A
[T+6863554180us][CH2-Pc    ] 04
[T+6863559179us][CH1-Dispenser] 04 64
[T+6863632181us][CH1-Dispenser] 05
[T+6863632315us][CH2-Pc    ] 05
[T+6863817319us][CH1-Dispenser] 06
[T+6863817180us][CH2-Pc    ] 06
[T+6863981180us][CH2-Pc    ] 01
[T+6863991198us][CH1-Dispenser] 01 61
[T+6864060210us][CH2-Pc    ] 02
[T+6864065179us][CH1-Dispenser] 02 62
[T+6864138180us][CH2-Pc    ] 03
[T+6864144218us][CH1-Dispenser] 03 73
[T+6864165209us][CH2-Pc    ] 23
[T+6864173180us][CH1-Dispenser] 23 D3
[T+6864187181us][CH1-Dispenser] FF
[T+6864187316us][CH2-Pc    ] FF
[T+6864199328us][CH1-Dispenser] E9
[T+6864199185us][CH2-Pc    ] E9
[T+6864212313us][CH1-Dispenser] FE
[T+6864212180us][CH2-Pc    ] FE
[T+6864224316us][CH1-Dispenser] E0
[T+6864224181us][CH2-Pc    ] E0
[T+6864237313us][CH1-Dispenser] E1
[T+6864237181us][CH2-Pc    ] E1
[T+6864250315us][CH1-Dispenser] E0
[T+6864250181us][CH2-Pc    ] E0
[T+6864263313us][CH1-Dispenser] FB
[T+6864263180us][CH2-Pc    ] FB
[T+6864275315us][CH1-Dispenser] EE
[T+6864275180us][CH2-Pc    ] EE
[T+6864288180us][CH2-Pc    ] F0
[T+6864315204us][CH1-Dispenser] F0 BA B0 B3 B3 B0 B1 B0 B0 B0 B0 B1 B1 B1 B1 B1 B9 C1 8D 8A
[T+6864380180us][CH2-Pc    ] 04
[T+6864391180us][CH1-Dispenser] 04 64
[T+6864458180us][CH1-Dispenser] 05
[T+6864458315us][CH2-Pc    ] 05
[T+6864622181us][CH1-Dispenser] 06
[T+6864622314us][CH2-Pc    ] 06
[T+6864797180us][CH2-Pc    ] 01
[T+6864806218us][CH1-Dispenser] 01 61
[T+6864875205us][CH2-Pc    ] 02
[T+6864880181us][CH1-Dispenser] 02 62
[T+6864953180us][CH2-Pc    ] 03
[T+6864959844us][CH1-Dispenser] 03 73
[T+6864980204us][CH2-Pc    ] 23
[T+6864989180us][CH1-Dispenser] 23 D3
[T+6865002316us][CH1-Dispenser] FF
[T+6865002182us][CH2-Pc    ] FF
[T+6865014311us][CH1-Dispenser] E9
[T+6865014181us][CH2-Pc    ] E9
[T+6865027315us][CH1-Dispenser] FE
[T+6865027181us][CH2-Pc    ] FE
[T+6865040314us][CH1-Dispenser] E0
[T+6865040181us][CH2-Pc    ] E0
[T+6865053181us][CH1-Dispenser] E1
[T+6865053315us][CH2-Pc    ] E1
[T+6865065312us][CH1-Dispenser] E0
[T+6865065181us][CH2-Pc    ] E0
[T+6865087319us][CH1-Dispenser] FB
[T+6865087182us][CH2-Pc    ] FB
[T+6865108313us][CH1-Dispenser] EE
[T+6865108180us][CH2-Pc    ] EE
[T+6865121180us][CH2-Pc    ] F0
[T+6865151204us][CH1-Dispenser] F0 BA B0 B3 B3 B0 B1 B0 B0 B0 B0 B1 B1 B1 B1 B1 B9 C1 8D 8A
[T+6865222180us][CH2-Pc    ] 04
[T+6865229835us][CH1-Dispenser] 04 64
[T+6865301315us][CH1-Dispenser] 05
[T+6865301181us][CH2-Pc    ] 05
[T+6865467314us][CH1-Dispenser] 06
[T+6865467181us][CH2-Pc    ] 06
[T+6865641204us][CH2-Pc    ] 01
[T+6865651180us][CH1-Dispenser] 01 61
[T+6865720205us][CH2-Pc    ] 02
[T+6865725179us][CH1-Dispenser] 02 62
[T+6865798180us][CH2-Pc    ] 03
[T+6865805180us][CH1-Dispenser] 03 73
[T+6865825180us][CH2-Pc    ] 23
[T+6865832181us][CH1-Dispenser] 23 D3
[T+6865847181us][CH1-Dispenser] FF
[T+6865847311us][CH2-Pc    ] FF
[T+6865859320us][CH1-Dispenser] E9
[T+6865859185us][CH2-Pc    ] E9
[T+6865872315us][CH1-Dispenser] FE
[T+6865872181us][CH2-Pc    ] FE
[T+6865885314us][CH1-Dispenser] E0
[T+6865885181us][CH2-Pc    ] E0
[T+6865897309us][CH1-Dispenser] E1
[T+6865897181us][CH2-Pc    ] E1
[T+6865910316us][CH1-Dispenser] E0
[T+6865910181us][CH2-Pc    ] E0
[T+6865923326us][CH1-Dispenser] FB
[T+6865923188us][CH2-Pc    ] FB
[T+6865935314us][CH1-Dispenser] EE
[T+6865935181us][CH2-Pc    ] EE
[T+6865948180us][CH2-Pc    ] F0
[T+6865977180us][CH1-Dispenser] F0 BA B0 B3 B3 B0 B1 B0 B0 B0 B0 B1 B1 B1 B1 B1 B9 C1 8D 8A
[T+6866051180us][CH2-Pc    ] 04
[T+6866058180us][CH1-Dispenser] 04 64
[T+6866129316us][CH1-Dispenser] 05
[T+6866129181us][CH2-Pc    ] 05
[T+6866293181us][CH1-Dispenser] 06
[T+6866293315us][CH2-Pc    ] 06
[T+6866468180us][CH2-Pc    ] 01
[T+6866476185us][CH1-Dispenser] 01 61
[T+6866546180us][CH2-Pc    ] 02
[T+6866552218us][CH1-Dispenser] 02 62
[T+6866624206us][CH2-Pc    ] 03
[T+6866629179us][CH1-Dispenser] 03 73
[T+6866651180us][CH2-Pc    ] 23
[T+6866660204us][CH1-Dispenser] 23 D3
[T+6866673180us][CH1-Dispenser] FF
[T+6866673313us][CH2-Pc    ] FF
[T+6866685312us][CH1-Dispenser] E9
[T+6866685180us][CH2-Pc    ] E9
[T+6866698913us][CH1-Dispenser] FE
[T+6866698774us][CH2-Pc    ] FE
[T+6866711325us][CH1-Dispenser] E0
[T+6866711184us][CH2-Pc    ] E0
[T+6866726183us][CH1-Dispenser] E1
[T+6866726320us][CH2-Pc    ] E1
[T+6866736320us][CH1-Dispenser] E0
[T+6866736183us][CH2-Pc    ] E0
[T+6866749313us][CH1-Dispenser] FB
[T+6866749181us][CH2-Pc    ] FB
[T+6866762181us][CH1-Dispenser] EE
[T+6866762319us][CH2-Pc    ] EE
[T+6866782180us][CH2-Pc    ] F0
[T+6866811180us][CH1-Dispenser] F0 BA B0 B3 B3 B0 B1 B0 B0 B0 B0 B1 B1 B1 B1 B1 B9 C1 8D 8A
[T+6866883204us][CH2-Pc    ] 04
[T+6866888187us][CH1-Dispenser] 04 64
[T+6866961315us][CH1-Dispenser] 05
[T+6866961180us][CH2-Pc    ] 05
[T+6867146314us][CH1-Dispenser] 06
[T+6867146180us][CH2-Pc    ] 06
[T+6867310180us][CH2-Pc    ] 01
[T+6867316203us][CH1-Dispenser] 01 61
[T+6867388204us][CH2-Pc    ] 02
[T+6867395833us][CH1-Dispenser] 02 62
[T+6867468180us][CH2-Pc    ] 03
[T+6867474218us][CH1-Dispenser] 03 73
[T+6867495204us][CH2-Pc    ] 23
[T+6867503183us][CH1-Dispenser] 23 D3
[T+6867516311us][CH1-Dispenser] FF
[T+6867516181us][CH2-Pc    ] FF
[T+6867529312us][CH1-Dispenser] E9
[T+6867529180us][CH2-Pc    ] E9
[T+6867542315us][CH1-Dispenser] FE
[T+6867542180us][CH2-Pc    ] FE
[T+6867554350us][CH1-Dispenser] E0
[T+6867554180us][CH2-Pc    ] E0
[T+6867567180us][CH1-Dispenser] E1
[T+6867567316us][CH2-Pc    ] E1
[T+6867580313us][CH1-Dispenser] E0
[T+6867580180us][CH2-Pc    ] E0
[T+6867593311us][CH1-Dispenser] FB
[T+6867593180us][CH2-Pc    ] FB
[T+6867606323us][CH1-Dispenser] EE
[T+6867606183us][CH2-Pc    ] EE
[T+6867619180us][CH2-Pc    ] F0
[T+6867647180us][CH1-Dispenser] F0 BA B0 B3 B3 B0 B1 B0 B0 B0 B0 B1 B1 B1 B1 B1 B9 C1 8D 8A
[T+6867720180us][CH2-Pc    ] 04
[T+6867729204us][CH1-Dispenser] 04 64
[T+6867798181us][CH1-Dispenser] 05
[T+6867798315us][CH2-Pc    ] 05
[T+6867972314us][CH1-Dispenser] 06
[T+6867972181us][CH2-Pc    ] 06
[T+6868138180us][CH2-Pc    ] 01
[T+6868148181us][CH1-Dispenser] 01 61
[T+6868217204us][CH2-Pc    ] 02
[T+6868227180us][CH1-Dispenser] 02 62
[T+6868295180us][CH1-Dispenser] 03
[T+6868295313us][CH2-Pc    ] 03
[T+6868307204us][CH1-Dispenser] 73
[T+6868322180us][CH2-Pc    ] 23
[T+6868328219us][CH1-Dispenser] 23 D3
[T+6868344180us][CH1-Dispenser] FF
[T+6868344316us][CH2-Pc    ] FF
[T+6868356311us][CH1-Dispenser] E9
[T+6868356180us][CH2-Pc    ] E9
[T+6868369318us][CH1-Dispenser] FE
[T+6868369180us][CH2-Pc    ] FE
[T+6868382313us][CH1-Dispenser] E0
[T+6868382180us][CH2-Pc    ] E0
[T+6868395184us][CH1-Dispenser] E1
[T+6868395323us][CH2-Pc    ] E1
[T+6868407636us][CH1-Dispenser] E0
[T+6868407774us][CH2-Pc    ] E0
[T+6868420315us][CH1-Dispenser] FB
[T+6868420183us][CH2-Pc    ] FB
[T+6868432315us][CH1-Dispenser] EE
[T+6868432180us][CH2-Pc    ] EE
[T+6868449180us][CH2-Pc    ] F0
[T+6868476205us][CH1-Dispenser] F0 BA B0 B3 B3 B0 B1 B0 B0 B0 B0 B1 B1 B1 B1 B1 B9 C1 8D 8A
[T+6868547180us][CH2-Pc    ] 04
[T+6868555180us][CH1-Dispenser] 04 64
[T+6868625180us][CH1-Dispenser] 05
[T+6868625314us][CH2-Pc    ] 05
[T+6868800181us][CH1-Dispenser] 06
[T+6868800318us][CH2-Pc    ] 06
[T+6868975181us][CH2-Pc    ] 01
[T+6868981218us][CH1-Dispenser] 01 61
[T+6869054180us][CH2-Pc    ] 02
[T+6869062187us][CH1-Dispenser] 02 62
[T+6869132180us][CH2-Pc    ] 03
[T+6869139180us][CH1-Dispenser] 03 73
[T+6869161180us][CH2-Pc    ] 23
[T+6869169180us][CH1-Dispenser] 23 D3
[T+6869182181us][CH1-Dispenser] FF
[T+6869182318us][CH2-Pc    ] FF
[T+6869204313us][CH1-Dispenser] E9
[T+6869204180us][CH2-Pc    ] E9
[T+6869225315us][CH1-Dispenser] FE
[T+6869225181us][CH2-Pc    ] FE
[T+6869247315us][CH1-Dispenser] E0
[T+6869247180us][CH2-Pc    ] E0
[T+6869277310us][CH1-Dispenser] E1
[T+6869277180us][CH2-Pc    ] E1
[T+6869299315us][CH1-Dispenser] E0
[T+6869299180us][CH2-Pc    ] E0
[T+6869320312us][CH1-Dispenser] FB
[T+6869320180us][CH2-Pc    ] FB
[T+6869333181us][CH1-Dispenser] EE
[T+6869333311us][CH2-Pc    ] EE
[T+6869346180us][CH2-Pc    ] F0
[T+6869377180us][CH1-Dispenser] F0 BA B0 B3 B3 B0 B1 B0 B0 B0 B0 B1 B1 B1 B1 B1 B9 C1 8D 8A
[T+6869450180us][CH2-Pc    ] 04
[T+6869458811us][CH1-Dispenser] 04 64
[T+6869530181us][CH1-Dispenser] 05
[T+6869530316us][CH2-Pc    ] 05
[T+6869704181us][CH1-Dispenser] 06
[T+6869704321us][CH2-Pc    ] 06
[T+6869872205us][CH2-Pc    ] 01
[T+6869880829us][CH1-Dispenser] 01 61
[T+6869950180us][CH2-Pc    ] 02
[T+6869955179us][CH1-Dispenser] 02 62
[T+6870028180us][CH2-Pc    ] 03
[T+6870034871us][CH1-Dispenser] 03 73
[T+6870055313us][CH1-Dispenser] 23
[T+6870055181us][CH2-Pc    ] 23
[T+6870077314us][CH1-Dispenser] D3 FF
[T+6870077180us][CH2-Pc    ] FF
[T+6870090316us][CH1-Dispenser] E9
[T+6870090181us][CH2-Pc    ] E9
[T+6870102312us][CH1-Dispenser] FE
[T+6870102180us][CH2-Pc    ] FE
[T+6870115312us][CH1-Dispenser] E0
[T+6870115181us][CH2-Pc    ] E0
[T+6870128318us][CH1-Dispenser] E1
[T+6870128181us][CH2-Pc    ] E1
[T+6870140318us][CH1-Dispenser] E0
[T+6870140181us][CH2-Pc    ] E0
[T+6870153314us][CH1-Dispenser] FB
[T+6870153181us][CH2-Pc    ] FB
[T+6870166180us][CH1-Dispenser] EE
[T+6870166310us][CH2-Pc    ] EE
[T+6870178438us][CH2-Pc    ] F0
[T+6870207180us][CH1-Dispenser] F0 BA B0 B3 B3 B0 B1 B0 B0 B0 B0 B1 B1 B1 B1 B1 B9 C1 8D 8A
[T+6870283180us][CH2-Pc    ] 04
[T+6870289816us][CH1-Dispenser] 04 64
[T+6870361180us][CH1-Dispenser] 05
[T+6870361315us][CH2-Pc    ] 05
[T+6870536180us][CH1-Dispenser] 06
[T+6870536316us][CH2-Pc    ] 06
[T+6870701204us][CH2-Pc    ] 01
[T+6870709180us][CH1-Dispenser] 01 61
[T+6870778205us][CH2-Pc    ] 02
[T+6870786467us][CH1-Dispenser] 02 62
[T+6870856180us][CH2-Pc    ] 03
[T+6870865217us][CH1-Dispenser] 03 73
[T+6870884180us][CH2-Pc    ] 23
[T+6870888803us][CH1-Dispenser] 23 D3
[T+6870905313us][CH1-Dispenser] FF
[T+6870905180us][CH2-Pc    ] FF
[T+6870918313us][CH1-Dispenser] E9
[T+6870918180us][CH2-Pc    ] E9
[T+6870930307us][CH1-Dispenser] FE
[T+6870930181us][CH2-Pc    ] FE
[T+6870944311us][CH1-Dispenser] E0
[T+6870944180us][CH2-Pc    ] E0
[T+6870957183us][CH1-Dispenser] E1
[T+6870957318us][CH2-Pc    ] E1
[T+6870978313us][CH1-Dispenser] E0
[T+6870978180us][CH2-Pc    ] E0
[T+6870991322us][CH1-Dispenser] FB
[T+6870991186us][CH2-Pc    ] FB
[T+6871004181us][CH1-Dispenser] EE
[T+6871004313us][CH2-Pc    ] EE
[T+6871016205us][CH2-Pc    ] F0
[T+6871049204us][CH1-Dispenser] F0 BA B0 B3 B3 B0 B1 B0 B0 B0 B0 B1 B1 B1 B1 B1 B9 C1 8D 8A
[T+6871119180us][CH2-Pc    ] 04
[T+6871127180us][CH1-Dispenser] 04 64
[T+6871197317us][CH1-Dispenser] 05
[T+6871197180us][CH2-Pc    ] 05
[T+6871372316us][CH1-Dispenser] 06
[T+6871372181us][CH2-Pc    ] 06
[T+6871548180us][CH2-Pc    ] 01
[T+6871556837us][CH1-Dispenser] 01 61
[T+6871626180us][CH2-Pc    ] 02
[T+6871631179us][CH1-Dispenser] 02 62
[T+6871704180us][CH2-Pc    ] 03
[T+6871708179us][CH1-Dispenser] 03 73
[T+6871732204us][CH2-Pc    ] 23
[T+6871739289us][CH1-Dispenser] 23 D3
[T+6871754181us][CH1-Dispenser] FF
[T+6871754317us][CH2-Pc    ] FF
[T+6871766671us][CH1-Dispenser] E9
[T+6871766517us][CH2-Pc    ] E9
[T+6871779320us][CH1-Dispenser] FE
[T+6871779180us][CH2-Pc    ] FE
[T+6871792315us][CH1-Dispenser] E0
[T+6871792181us][CH2-Pc    ] E0
[T+6871805321us][CH1-Dispenser] E1
[T+6871805185us][CH2-Pc    ] E1
[T+6871818322us][CH1-Dispenser] E0
[T+6871818183us][CH2-Pc    ] E0
[T+6871830183us][CH1-Dispenser] FB
[T+6871830322us][CH2-Pc    ] FB
[T+6871842351us][CH1-Dispenser] EE
[T+6871843179us][CH2-Pc    ] EE
[T+6871855180us][CH2-Pc    ] F0
[T+6871887180us][CH1-Dispenser] F0 BA B0 B3 B3 B0 B1 B0 B0 B0 B0 B1 B1 B1 B1 B1 B9 C1 8D 8A
[T+6871957180us][CH2-Pc    ] 04
[T+6871964836us][CH1-Dispenser] 04 64
[T+6872037181us][CH1-Dispenser] 05
[T+6872037318us][CH2-Pc    ] 05
[T+6872201321us][CH1-Dispenser] 06
[T+6872201180us][CH2-Pc    ] 06
[T+6872376180us][CH2-Pc    ] 01
[T+6872381188us][CH1-Dispenser] 01 61
[T+6872457181us][CH2-Pc    ] 02
[T+6872467180us][CH1-Dispenser] 02 62
[T+6872535180us][CH2-Pc    ] 03
[T+6872545180us][CH1-Dispenser] 03 73
[T+6872562180us][CH2-Pc    ] 23
[T+6872568218us][CH1-Dispenser] 23 D3
[T+6872584315us][CH1-Dispenser] FF
[T+6872584180us][CH2-Pc    ] FF
[T+6872596313us][CH1-Dispenser] E9
[T+6872596180us][CH2-Pc    ] E9
[T+6872609314us][CH1-Dispenser] FE
[T+6872609181us][CH2-Pc    ] FE
[T+6872622311us][CH1-Dispenser] E0
[T+6872622180us][CH2-Pc    ] E0
[T+6872634181us][CH1-Dispenser] E1
[T+6872635179us][CH2-Pc    ] E1
[T+6872648316us][CH1-Dispenser] E0
[T+6872648182us][CH2-Pc    ] E0
[T+6872660313us][CH1-Dispenser] FB
[T+6872660180us][CH2-Pc    ] FB
[T+6872681313us][CH1-Dispenser] EE
[T+6872681180us][CH2-Pc    ] EE
[T+6872694180us][CH2-Pc    ] F0
[T+6872721204us][CH1-Dispenser] F0 BA B0 B3 B3 B0 B1 B0 B0 B0 B0 B1 B1 B1 B1 B1 B9 C1 8D 8A
[T+6872786180us][CH2-Pc    ] 04
[T+6872793827us][CH1-Dispenser] 04 64
[T+6872864181us][CH1-Dispenser] 05
[T+6872864318us][CH2-Pc    ] 05
[T+6873032181us][CH1-Dispenser] 06
[T+6873032318us][CH2-Pc    ] 06
[T+6873207180us][CH2-Pc    ] 01
[T+6873215180us][CH1-Dispenser] 01 61
[T+6873285180us][CH2-Pc    ] 02
[T+6873291203us][CH1-Dispenser] 02 62
[T+6873364180us][CH2-Pc    ] 03
[T+6873370830us][CH1-Dispenser] 03 73
[T+6873391181us][CH2-Pc    ] 23
[T+6873398180us][CH1-Dispenser] 23 D3
[T+6873412313us][CH1-Dispenser] FF
[T+6873412180us][CH2-Pc    ] FF
[T+6873425322us][CH1-Dispenser] E9
[T+6873425183us][CH2-Pc    ] E9
[T+6873444314us][CH1-Dispenser] FE
[T+6873444181us][CH2-Pc    ] FE
[T+6873456310us][CH1-Dispenser] E0
[T+6873456181us][CH2-Pc    ] E0
[T+6873468181us][CH1-Dispenser] E1
[T+6873468311us][CH2-Pc    ] E1
[T+6873482322us][CH1-Dispenser] E0
[T+6873482183us][CH2-Pc    ] E0
[T+6873494356us][CH1-Dispenser] FB
[T+6873494222us][CH2-Pc    ] FB
[T+6873507180us][CH1-Dispenser] EE
[T+6873506180us][CH2-Pc    ] EE
[T+6873519204us][CH2-Pc    ] F0
[T+6873546204us][CH1-Dispenser] F0 BA B0 B3 B3 B0 B1 B0 B0 B0 B0 B1 B1 B1 B1 B1 B9 C1 8D 8A
[T+6873560180us][CH2-Pc    ] 23
[T+6873570180us][CH1-Dispenser] 23 D3
[T+6873582180us][CH1-Dispenser] FF
[T+6873582310us][CH2-Pc    ] FF
[T+6873594314us][CH1-Dispenser] E5
[T+6873594181us][CH2-Pc    ] E5
[T+6873607317us][CH1-Dispenser] F4
[T+6873607181us][CH2-Pc    ] F4
[T+6873620181us][CH1-Dispenser] F6
[T+6873620314us][CH2-Pc    ] F6
[T+6873633309us][CH1-Dispenser] E0
[T+6873633181us][CH2-Pc    ] E0
[T+6873649473us][CH1-Dispenser] F7
[T+6873649340us][CH2-Pc    ] F7
[T+6873662322us][CH1-Dispenser] E0
[T+6873662183us][CH2-Pc    ] E0
[T+6873682312us][CH1-Dispenser] E3
[T+6873682180us][CH2-Pc    ] E3
[T+6873704307us][CH1-Dispenser] E1
[T+6873704180us][CH2-Pc    ] E1
[T+6873722313us][CH1-Dispenser] E1
[T+6873722180us][CH2-Pc    ] E1
[T+6873734313us][CH1-Dispenser] FB
[T+6873734180us][CH2-Pc    ] FB
[T+6873747180us][CH1-Dispenser] EB
[T+6873747313us][CH2-Pc    ] EB
[T+6873759180us][CH1-Dispenser] F0
[T+6873759311us][CH2-Pc    ] F0
[T+6873876204us][CH2-Pc    ] 03
[T+6873885204us][CH1-Dispenser] 03 73
[T+6873903204us][CH2-Pc    ] 23
[T+6873910197us][CH1-Dispenser] 23 D3
[T+6873925180us][CH1-Dispenser] FF
[T+6873925315us][CH2-Pc    ] FF
[T+6873937308us][CH1-Dispenser] E5
[T+6873937180us][CH2-Pc    ] E5
[T+6873950311us][CH1-Dispenser] F2
[T+6873950180us][CH2-Pc    ] F2
[T+6873963315us][CH1-Dispenser] F8
[T+6873963180us][CH2-Pc    ] F8
[T+6873976332us][CH1-Dispenser] E0
[T+6873976185us][CH2-Pc    ] E0
[T+6873989323us][CH1-Dispenser] E0
[T+6873989184us][CH2-Pc    ] E0
[T+6874001322us][CH1-Dispenser] E0
[T+6874001189us][CH2-Pc    ] E0
[T+6874013317us][CH1-Dispenser] E0
[T+6874013184us][CH2-Pc    ] E0
[T+6874026333us][CH1-Dispenser] E2
[T+6874026185us][CH2-Pc    ] E2
[T+6874040183us][CH1-Dispenser] E0
[T+6874040320us][CH2-Pc    ] E0
[T+6874051319us][CH1-Dispenser] FB
[T+6874051184us][CH2-Pc    ] FB
[T+6874064320us][CH1-Dispenser] E5
[T+6874064184us][CH2-Pc    ] E5
[T+6874077180us][CH1-Dispenser] F0
[T+6874077312us][CH2-Pc    ] F0
[T+6874166180us][CH2-Pc    ] 03
[T+6874177180us][CH1-Dispenser] 03 73
[T+6874193311us][CH1-Dispenser] 13
[T+6874193181us][CH2-Pc    ] 13
[T+6874280180us][CH2-Pc    ] 03
[T+6874289218us][CH1-Dispenser] 03 93
[T+6874358205us][CH2-Pc    ] 04
[T+6874366181us][CH1-Dispenser] 04 64
[T+6874436180us][CH1-Dispenser] 05
[T+6874436319us][CH2-Pc    ] 05
[T+6874633319us][CH1-Dispenser] 06
[T+6874633181us][CH2-Pc    ] 06
[T+6874852206us][CH2-Pc    ] 01
[T+6874860185us][CH1-Dispenser] 01 61
[T+6874930180us][CH2-Pc    ] 02
[T+6874936276us][CH1-Dispenser] 02 62
[T+6875009180us][CH2-Pc    ] 03
[T+6875013179us][CH1-Dispenser] 03 93
[T+6875587180us][CH2-Pc    ] 04
[T+6875593868us][CH1-Dispenser] 04 64
[T+6875665316us][CH1-Dispenser] 05
[T+6875665181us][CH2-Pc    ] 05
[T+6875843314us][CH1-Dispenser] 06
[T+6875843180us][CH2-Pc    ] 06
[T+6876018180us][CH2-Pc    ] 01
[T+6876026187us][CH1-Dispenser] 01 61
[T+6876096180us][CH2-Pc    ] 02
[T+6876102837us][CH1-Dispenser] 02 62
[T+6876175180us][CH2-Pc    ] 03
[T+6876179825us][CH1-Dispenser] 03 93
[T+6876191205us][CH2-Pc    ] 63
[T+6876204180us][CH1-Dispenser] 63 E0 E0 E0 E0 E0 E0
[T+6876269180us][CH2-Pc    ] 04
[T+6876275218us][CH1-Dispenser] 04 64
[T+6876347316us][CH1-Dispenser] 05
[T+6876347180us][CH2-Pc    ] 05
[T+6876511181us][CH1-Dispenser] 06
[T+6876511315us][CH2-Pc    ] 06
[T+6876687358us][CH2-Pc    ] 01
[T+6876691839us][CH1-Dispenser] 01 61
[T+6876764180us][CH2-Pc    ] 02
[T+6876775180us][CH1-Dispenser] 02 62
[T+6876844408us][CH2-Pc    ] 03
[T+6876852350us][CH1-Dispenser] 03 93
[T+6876870180us][CH2-Pc    ] 63
[T+6876881180us][CH1-Dispenser] 63 E0 E0 E0 E0 E0 E0
[T+6876948180us][CH2-Pc    ] 04
[T+6876955179us][CH1-Dispenser] 04 64
[T+6877026240us][CH1-Dispenser] 05
[T+6877026381us][CH2-Pc    ] 05
[T+6877201317us][CH1-Dispenser] 06
[T+6877201180us][CH2-Pc    ] 06
[T+6877376180us][CH2-Pc    ] 01
[T+6877383180us][CH1-Dispenser] 01 61
[T+6877454180us][CH2-Pc    ] 02
[T+6877460203us][CH1-Dispenser] 02 62
[T+6877532205us][CH2-Pc    ] 03
[T+6877540188us][CH1-Dispenser] 03 93
[T+6877559180us][CH2-Pc    ] 63
[T+6877571206us][CH1-Dispenser] 63 E0 E0 E0 E0 E0 E0
[T+6877637204us][CH2-Pc    ] 04
[T+6877646214us][CH1-Dispenser] 04 64
[T+6877716180us][CH1-Dispenser] 05
[T+6877716313us][CH2-Pc    ] 05
[T+6877890180us][CH1-Dispenser] 06
[T+6877890314us][CH2-Pc    ] 06
[T+6878065180us][CH2-Pc    ] 01
[T+6878073180us][CH1-Dispenser] 01 61
[T+6878143180us][CH2-Pc    ] 02
[T+6878154180us][CH1-Dispenser] 02 62
[T+6878221180us][CH2-Pc    ] 03
[T+6878229188us][CH1-Dispenser] 03 93
[T+6878249180us][CH2-Pc    ] 63
[T+6878260181us][CH1-Dispenser] 63 E3 E0 E2 E0 E0 E0
[T+6878327180us][CH2-Pc    ] 04
[T+6878335186us][CH1-Dispenser] 04 64
[T+6878406314us][CH1-Dispenser] 05
[T+6878406180us][CH2-Pc    ] 05
[T+6878581180us][CH1-Dispenser] 06
[T+6878581317us][CH2-Pc    ] 06
[T+6878755207us][CH2-Pc    ] 01
[T+6878761203us][CH1-Dispenser] 01 61
[T+6878842204us][CH2-Pc    ] 02
[T+6878851218us][CH1-Dispenser] 02 62
[T+6878920204us][CH2-Pc    ] 03
[T+6878929915us][CH1-Dispenser] 03 93
[T+6878948180us][CH2-Pc    ] 63
[T+6878960204us][CH1-Dispenser] 63 E4 E8 E3 E0 E0 E0
[T+6879027180us][CH2-Pc    ] 04
[T+6879034181us][CH1-Dispenser] 04 64
[T+6879097314us][CH1-Dispenser] 05
[T+6879097181us][CH2-Pc    ] 05
[T+6879261317us][CH1-Dispenser] 06
[T+6879261181us][CH2-Pc    ] 06
[T+6879458180us][CH2-Pc    ] 01
[T+6879468180us][CH1-Dispenser] 01 61
[T+6879536180us][CH2-Pc    ] 02
[T+6879541179us][CH1-Dispenser] 02 62
[T+6879614180us][CH2-Pc    ] 03
[T+6879620204us][CH1-Dispenser] 03 93
[T+6879641205us][CH2-Pc    ] 63
[T+6879656204us][CH1-Dispenser] 63 E9 E9 E5 E0 E0 E0
[T+6879719205us][CH2-Pc    ] 04
[T+6879725825us][CH1-Dispenser] 04 64
[T+6879798315us][CH1-Dispenser] 05
[T+6879798180us][CH2-Pc    ] 05
[T+6879969314us][CH1-Dispenser] 06
[T+6879969180us][CH2-Pc    ] 06
[T+6880144180us][CH2-Pc    ] 01
[T+6880150204us][CH1-Dispenser] 01 61
[T+6880222205us][CH2-Pc    ] 02
[T+6880233180us][CH1-Dispenser] 02 62
[T+6880300180us][CH2-Pc    ] 03
[T+6880311180us][CH1-Dispenser] 03 93
[T+6880328180us][CH2-Pc    ] 63
[T+6880341311us][CH1-Dispenser] 63 E0 E4 E0 E1 E0 E0
[T+6880407205us][CH2-Pc    ] 04
[T+6880417181us][CH1-Dispenser] 04 64
[T+6880485182us][CH1-Dispenser] 05
[T+6880485315us][CH2-Pc    ] 05
[T+6880657319us][CH1-Dispenser] 06
[T+6880657181us][CH2-Pc    ] 06
[T+6880832180us][CH2-Pc    ] 01
[T+6880837179us][CH1-Dispenser] 01 61
[T+6880910180us][CH2-Pc    ] 02
[T+6880916203us][CH1-Dispenser] 02 62
[T+6880988204us][CH2-Pc    ] 03
[T+6880996187us][CH1-Dispenser] 03 93
[T+6881015180us][CH2-Pc    ] 63
[T+6881027204us][CH1-Dispenser] 63 E8 E5 E4 E1 E0 E0
[T+6881093205us][CH2-Pc    ] 04
[T+6881099863us][CH1-Dispenser] 04 64
[T+6881171180us][CH1-Dispenser] 05
[T+6881171316us][CH2-Pc    ] 05
[T+6881346181us][CH1-Dispenser] 06
[T+6881346316us][CH2-Pc    ] 06
[T+6881535205us][CH2-Pc    ] 01
[T+6881541219us][CH1-Dispenser] 01 61
[T+6881613204us][CH2-Pc    ] 02
[T+6881621179us][CH1-Dispenser] 02 62
[T+6881691179us][CH2-Pc    ] 03
[T+6881699836us][CH1-Dispenser] 03 93
[T+6881718205us][CH2-Pc    ] 63
[T+6881734179us][CH1-Dispenser] 63 E8 E9 E8 E1 E0 E0
[T+6881808180us][CH2-Pc    ] 04
[T+6881815180us][CH1-Dispenser] 04 64
[T+6881884181us][CH1-Dispenser] 05
[T+6881884317us][CH2-Pc    ] 05
[T+6882060316us][CH1-Dispenser] 06
[T+6882060180us][CH2-Pc    ] 06
[T+6882235180us][CH2-Pc    ] 01
[T+6882240187us][CH1-Dispenser] 01 61
[T+6882313180us][CH2-Pc    ] 02
[T+6882322219us][CH1-Dispenser] 02 62
[T+6882391209us][CH2-Pc    ] 03
[T+6882401180us][CH1-Dispenser] 03 93
[T+6882419204us][CH2-Pc    ] 63
[T+6882432180us][CH1-Dispenser] 63 E7 E1 E3 E2 E0 E0
[T+6882498204us][CH2-Pc    ] 04
[T+6882506180us][CH1-Dispenser] 04 64
[T+6882576180us][CH1-Dispenser] 05
[T+6882576315us][CH2-Pc    ] 05
[T+6882751181us][CH1-Dispenser] 06
[T+6882751318us][CH2-Pc    ] 06
[T+6882926180us][CH2-Pc    ] 01
[T+6882932203us][CH1-Dispenser] 01 61
[T+6883007205us][CH2-Pc    ] 02
[T+6883017180us][CH1-Dispenser] 02 62
[T+6883086180us][CH2-Pc    ] 03
[T+6883095218us][CH1-Dispenser] 03 93
[T+6883113205us][CH2-Pc    ] 63
[T+6883126187us][CH1-Dispenser] 63 E7 E5 E7 E2 E0 E0
[T+6883192204us][CH2-Pc    ] 04
[T+6883200247us][CH1-Dispenser] 04 64
[T+6883270180us][CH1-Dispenser] 05
[T+6883270315us][CH2-Pc    ] 05
[T+6883434315us][CH1-Dispenser] 06
[T+6883434180us][CH2-Pc    ] 06
[T+6883610180us][CH2-Pc    ] 01
[T+6883617179us][CH1-Dispenser] 01 61
[T+6883688180us][CH2-Pc    ] 02
[T+6883696188us][CH1-Dispenser] 02 62
[T+6883766180us][CH2-Pc    ] 03
[T+6883777180us][CH1-Dispenser] 03 93
[T+6883794180us][CH2-Pc    ] 63
[T+6883806205us][CH1-Dispenser] 63 E7 E8 E1 E3 E0 E0
[T+6883872180us][CH2-Pc    ] 04
[T+6883880182us][CH1-Dispenser] 04 64
[T+6883950180us][CH1-Dispenser] 05
[T+6883950318us][CH2-Pc    ] 05
[T+6884125317us][CH1-Dispenser] 06
[T+6884125180us][CH2-Pc    ] 06
[T+6884299207us][CH2-Pc    ] 01
[T+6884307182us][CH1-Dispenser] 01 61
[T+6884377180us][CH2-Pc    ] 02
[T+6884388180us][CH1-Dispenser] 02 62
[T+6884456180us][CH2-Pc    ] 03
[T+6884464180us][CH1-Dispenser] 03 93
[T+6884484180us][CH2-Pc    ] 63
[T+6884496205us][CH1-Dispenser] 63 E9 E3 E6 E3 E0 E0
[T+6884562204us][CH2-Pc    ] 04
[T+6884569180us][CH1-Dispenser] 04 64
[T+6884640180us][CH1-Dispenser] 05
[T+6884640313us][CH2-Pc    ] 05
[T+6884816180us][CH1-Dispenser] 06
[T+6884816316us][CH2-Pc    ] 06
[T+6884990204us][CH2-Pc    ] 01
[T+6884997829us][CH1-Dispenser] 01 61
[T+6885068180us][CH2-Pc    ] 02
[T+6885077204us][CH1-Dispenser] 02 62
[T+6885146204us][CH2-Pc    ] 03
[T+6885155214us][CH1-Dispenser] 03 93
[T+6885179205us][CH2-Pc    ] 63
[T+6885193180us][CH1-Dispenser] 63 E1 E9 E0 E4 E0 E0
[T+6885256204us][CH2-Pc    ] 04
[T+6885267180us][CH1-Dispenser] 04 64
[T+6885334313us][CH1-Dispenser] 05
[T+6885334180us][CH2-Pc    ] 05
[T+6885520317us][CH1-Dispenser] 06
[T+6885520180us][CH2-Pc    ] 06
[T+6885684180us][CH2-Pc    ] 01
[T+6885693588us][CH1-Dispenser] 01 61
[T+6885762204us][CH2-Pc    ] 02
[T+6885767179us][CH1-Dispenser] 02 62
[T+6885840180us][CH2-Pc    ] 03
[T+6885845791us][CH1-Dispenser] 03 93
[T+6885894180us][CH2-Pc    ] 63
[T+6885905634us][CH1-Dispenser] 63 E4 E5 E5 E4 E0 E0
[T+6885974207us][CH2-Pc    ] 04
[T+6885983205us][CH1-Dispenser] 04 64
[T+6886052313us][CH1-Dispenser] 05
[T+6886052180us][CH2-Pc    ] 05
[T+6886216180us][CH1-Dispenser] 06
[T+6886216316us][CH2-Pc    ] 06
[T+6886391180us][CH2-Pc    ] 01
[T+6886397320us][CH1-Dispenser] 01 61
[T+6886469204us][CH2-Pc    ] 02
[T+6886477785us][CH1-Dispenser] 02 62
[T+6886547180us][CH2-Pc    ] 03
[T+6886556219us][CH1-Dispenser] 03 93
[T+6886575180us][CH2-Pc    ] 63
[T+6886587205us][CH1-Dispenser] 63 E9 E2 E0 E5 E0 E0
[T+6886654180us][CH2-Pc    ] 04
[T+6886659188us][CH1-Dispenser] 04 64
[T+6886732315us][CH1-Dispenser] 05
[T+6886732181us][CH2-Pc    ] 05
[T+6886907317us][CH1-Dispenser] 06
[T+6886907180us][CH2-Pc    ] 06
[T+6887083180us][CH2-Pc    ] 01
[T+6887091828us][CH1-Dispenser] 01 61
[T+6887161180us][CH2-Pc    ] 02
[T+6887168824us][CH1-Dispenser] 02 62
[T+6887239180us][CH2-Pc    ] 03
[T+6887245875us][CH1-Dispenser] 03 93
[T+6887266205us][CH2-Pc    ] 63
[T+6887281209us][CH1-Dispenser] 63 E4 E1 E5 E5 E0 E0
[T+6887345180us][CH2-Pc    ] 04
[T+6887350187us][CH1-Dispenser] 04 64
[T+6887435317us][CH1-Dispenser] 05
[T+6887435181us][CH2-Pc    ] 05
[T+6887610315us][CH1-Dispenser] 06
[T+6887610181us][CH2-Pc    ] 06
[T+6887785180us][CH2-Pc    ] 01
[T+6887792180us][CH1-Dispenser] 01 61
[T+6887863180us][CH2-Pc    ] 02
[T+6887871182us][CH1-Dispenser] 02 62
[T+6887941180us][CH2-Pc    ] 03
[T+6887952180us][CH1-Dispenser] 03 93
[T+6887968180us][CH2-Pc    ] 63
[T+6887982180us][CH1-Dispenser] 63 E5 E5 E9 E5 E0 E0
[T+6888049180us][CH2-Pc    ] 04
[T+6888057185us][CH1-Dispenser] 04 64
[T+6888136316us][CH1-Dispenser] 05
[T+6888136180us][CH2-Pc    ] 05
[T+6888311181us][CH1-Dispenser] 06
[T+6888311319us][CH2-Pc    ] 06
[T+6888486180us][CH2-Pc    ] 01
[T+6888493451us][CH1-Dispenser] 01 61
[T+6888564180us][CH2-Pc    ] 02
[T+6888574180us][CH1-Dispenser] 02 62
[T+6888642180us][CH2-Pc    ] 03
[T+6888652571us][CH1-Dispenser] 03 93
[T+6888670204us][CH2-Pc    ] 63
[T+6888680180us][CH1-Dispenser] 63 E4 E6 E4 E6 E0 E0
[T+6888747180us][CH2-Pc    ] 04
[T+6888754180us][CH1-Dispenser] 04 64
[T+6888826316us][CH1-Dispenser] 05
[T+6888826180us][CH2-Pc    ] 05
[T+6889000317us][CH1-Dispenser] 06
[T+6889000180us][CH2-Pc    ] 06
[T+6889175180us][CH2-Pc    ] 01
[T+6889181919us][CH1-Dispenser] 01 61
[T+6889253207us][CH2-Pc    ] 02
[T+6889262218us][CH1-Dispenser] 02 62
[T+6889332180us][CH2-Pc    ] 03
[T+6889340870us][CH1-Dispenser] 03 93
[T+6889359180us][CH2-Pc    ] 63
[T+6889373186us][CH1-Dispenser] 63 E6 E1 E9 E6 E0 E0
[T+6889444180us][CH2-Pc    ] 04
[T+6889451179us][CH1-Dispenser] 04 64
[T+6889515180us][CH1-Dispenser] 05
[T+6889515316us][CH2-Pc    ] 05
[T+6889692180us][CH1-Dispenser] 06
[T+6889692316us][CH2-Pc    ] 06
[T+6889855180us][CH2-Pc    ] 01
[T+6889862179us][CH1-Dispenser] 01 61
[T+6889933180us][CH2-Pc    ] 02
[T+6889944186us][CH1-Dispenser] 02 62
[T+6890011180us][CH2-Pc    ] 03
[T+6890020219us][CH1-Dispenser] 03 93
[T+6890039180us][CH2-Pc    ] 63
[T+6890051204us][CH1-Dispenser] 63 E0 E9 E3 E7 E0 E0
[T+6890127180us][CH2-Pc    ] 04
[T+6890138180us][CH1-Dispenser] 04 64
[T+6890205181us][CH1-Dispenser] 05
[T+6890205317us][CH2-Pc    ] 05
[T+6890377318us][CH1-Dispenser] 06
[T+6890377181us][CH2-Pc    ] 06
[T+6890552180us][CH2-Pc    ] 01
[T+6890558879us][CH1-Dispenser] 01 61
[T+6890630204us][CH2-Pc    ] 02
[T+6890637657us][CH1-Dispenser] 02 62
[T+6890708180us][CH2-Pc    ] 03
[T+6890716187us][CH1-Dispenser] 03 93
[T+6890736180us][CH2-Pc    ] 63
[T+6890747180us][CH1-Dispenser] 63 E2 E4 E8 E7 E0 E0
[T+6890814180us][CH2-Pc    ] 04
[T+6890819179us][CH1-Dispenser] 04 64
[T+6890883180us][CH1-Dispenser] 05
[T+6890883315us][CH2-Pc    ] 05
[T+6891058180us][CH1-Dispenser] 06
[T+6891058316us][CH2-Pc    ] 06
[T+6891233319us][CH1-Dispenser] 01
[T+6891233181us][CH2-Pc    ] 01
[T+6891244184us][CH1-Dispenser] 61
[T+6891311180us][CH2-Pc    ] 02
[T+6891316833us][CH1-Dispenser] 02 62
[T+6891394205us][CH2-Pc    ] 03
[T+6891400218us][CH1-Dispenser] 03 93
[T+6891420180us][CH2-Pc    ] 63
[T+6891432204us][CH1-Dispenser] 63 E9 E3 E3 E8 E0 E0
[T+6891497180us][CH2-Pc    ] 04
[T+6891507180us][CH1-Dispenser] 04 64
[T+6891576313us][CH1-Dispenser] 05
[T+6891576180us][CH2-Pc    ] 05
[T+6891750316us][CH1-Dispenser] 06
[T+6891750181us][CH2-Pc    ] 06
[T+6891925180us][CH2-Pc    ] 01
[T+6891933825us][CH1-Dispenser] 01 61
[T+6892003180us][CH2-Pc    ] 02
[T+6892012740us][CH1-Dispenser] 02 62
[T+6892082180us][CH2-Pc    ] 03
[T+6892090186us][CH1-Dispenser] 03 93
[T+6892109180us][CH2-Pc    ] 63
[T+6892121205us][CH1-Dispenser] 63 E5 E2 E8 E8 E0 E0
[T+6892187205us][CH2-Pc    ] 04
[T+6892195181us][CH1-Dispenser] 04 64
[T+6892265706us][CH1-Dispenser] 05
[T+6892265425us][CH2-Pc    ] 05
[T+6892440180us][CH1-Dispenser] 06
[T+6892440314us][CH2-Pc    ] 06
[T+6892610180us][CH2-Pc    ] 01
[T+6892619914us][CH1-Dispenser] 01 61
[T+6892688317us][CH1-Dispenser] 02
[T+6892688181us][CH2-Pc    ] 02
[T+6892701180us][CH1-Dispenser] 62
[T+6892766180us][CH2-Pc    ] 03
[T+6892778180us][CH1-Dispenser] 03 93
[T+6892793204us][CH2-Pc    ] 63
[T+6892807180us][CH1-Dispenser] 63 E1 E1 E3 E9 E0 E0
[T+6892872180us][CH2-Pc    ] 04
[T+6892881210us][CH1-Dispenser] 04 64
[T+6892950180us][CH1-Dispenser] 05
[T+6892951179us][CH2-Pc    ] 05
[T+6893125315us][CH1-Dispenser] 06
[T+6893125180us][CH2-Pc    ] 06
[T+6893300180us][CH2-Pc    ] 01
[T+6893307833us][CH1-Dispenser] 01 61
[T+6893378180us][CH2-Pc    ] 02
[T+6893387181us][CH1-Dispenser] 02 62
[T+6893463180us][CH2-Pc    ] 03
[T+6893470180us][CH1-Dispenser] 03 93
[T+6893491373us][CH2-Pc    ] 63
[T+6893503204us][CH1-Dispenser] 63 E0 E2 E8 E9 E0 E0
[T+6893569204us][CH2-Pc    ] 04
[T+6893575855us][CH1-Dispenser] 04 64
[T+6893647313us][CH1-Dispenser] 05
[T+6893647180us][CH2-Pc    ] 05
[T+6893832180us][CH1-Dispenser] 06
[T+6893832315us][CH2-Pc    ] 06
[T+6893996180us][CH2-Pc    ] 01
[T+6894003180us][CH1-Dispenser] 01 61
[T+6894075205us][CH2-Pc    ] 02
[T+6894082180us][CH1-Dispenser] 02 62
[T+6894153180us][CH2-Pc    ] 03
[T+6894161781us][CH1-Dispenser] 03 93
[T+6894181180us][CH2-Pc    ] 63
[T+6894192180us][CH1-Dispenser] 63 E8 E2 E3 E0 E1 E0
[T+6894259180us][CH2-Pc    ] 04
[T+6894266180us][CH1-Dispenser] 04 64
[T+6894337180us][CH1-Dispenser] 05
[T+6894337315us][CH2-Pc    ] 05
[T+6894512180us][CH1-Dispenser] 06
[T+6894512315us][CH2-Pc    ] 06
[T+6894695204us][CH2-Pc    ] 01
[T+6894704182us][CH1-Dispenser] 01 61
[T+6894773204us][CH2-Pc    ] 02
[T+6894778790us][CH1-Dispenser] 02 62
[T+6894851180us][CH2-Pc    ] 03
[T+6894855794us][CH1-Dispenser] 03 93
[T+6894868180us][CH2-Pc    ] 63
[T+6894882180us][CH1-Dispenser] 63 E4 E1 E8 E0 E1 E0
[T+6894946180us][CH2-Pc    ] 04
[T+6894953179us][CH1-Dispenser] 04 64
[T+6895024180us][CH1-Dispenser] 05
[T+6895024315us][CH2-Pc    ] 05
[T+6895198316us][CH1-Dispenser] 06
[T+6895198181us][CH2-Pc    ] 06
[T+6895373180us][CH2-Pc    ] 01
[T+6895383180us][CH1-Dispenser] 01 61
[T+6895452180us][CH2-Pc    ] 02
[T+6895459785us][CH1-Dispenser] 02 62
[T+6895530180us][CH2-Pc    ] 03
[T+6895537183us][CH1-Dispenser] 03 93
[T+6895557667us][CH2-Pc    ] 63
[T+6895571180us][CH1-Dispenser] 63 E4 E3 E3 E1 E1 E0
[T+6895635180us][CH2-Pc    ] 04
[T+6895640787us][CH1-Dispenser] 04 64
[T+6895713315us][CH1-Dispenser] 05
[T+6895713180us][CH2-Pc    ] 05
[T+6895893316us][CH1-Dispenser] 06
[T+6895893181us][CH2-Pc    ] 06
[T+6896068180us][CH2-Pc    ] 01
[T+6896071208us][CH1-Dispenser] 01 61
[T+6896135180us][CH2-Pc    ] 02
[T+6896142180us][CH1-Dispenser] 02 62
[T+6896213180us][CH2-Pc    ] 03
[T+6896220179us][CH1-Dispenser] 03 93
[T+6896241204us][CH2-Pc    ] 63
[T+6896251181us][CH1-Dispenser] 63 E9 E0 E8 E1 E1 E0
[T+6896319181us][CH2-Pc    ] 04
[T+6896325204us][CH1-Dispenser] 04 64
[T+6896397181us][CH1-Dispenser] 05
[T+6896397315us][CH2-Pc    ] 05
[T+6896583319us][CH1-Dispenser] 06
[T+6896583181us][CH2-Pc    ] 06
[T+6896747180us][CH2-Pc    ] 01
[T+6896753218us][CH1-Dispenser] 01 61
[T+6896825204us][CH2-Pc    ] 02
[T+6896832180us][CH1-Dispenser] 02 62
[T+6896897180us][CH2-Pc    ] 03
[T+6896906184us][CH1-Dispenser] 03 93
[T+6896924204us][CH2-Pc    ] 63
[T+6896940180us][CH1-Dispenser] 63 E8 E2 E3 E2 E1 E0
[T+6897014180us][CH2-Pc    ] 04
[T+6897021751us][CH1-Dispenser] 04 64
[T+6897092314us][CH1-Dispenser] 05
[T+6897092181us][CH2-Pc    ] 05
[T+6897272180us][CH1-Dispenser] 06
[T+6897272316us][CH2-Pc    ] 06
[T+6897466180us][CH2-Pc    ] 01
[T+6897471179us][CH1-Dispenser] 01 61
[T+6897544180us][CH2-Pc    ] 02
[T+6897553651us][CH1-Dispenser] 02 62
[T+6897622204us][CH2-Pc    ] 03
[T+6897631204us][CH1-Dispenser] 03 93
[T+6897650180us][CH2-Pc    ] 63
[T+6897663181us][CH1-Dispenser] 63 E8 E4 E8 E2 E1 E0
[T+6897728180us][CH2-Pc    ] 04
[T+6897735757us][CH1-Dispenser] 04 64
[T+6897806314us][CH1-Dispenser] 05
[T+6897806181us][CH2-Pc    ] 05
[T+6897981316us][CH1-Dispenser] 06
[T+6897981180us][CH2-Pc    ] 06
[T+6898155205us][CH2-Pc    ] 01
[T+6898162180us][CH1-Dispenser] 01 61
[T+6898239180us][CH2-Pc    ] 02
[T+6898246180us][CH1-Dispenser] 02 62
[T+6898317849us][CH2-Pc    ] 03
[T+6898327569us][CH1-Dispenser] 03 93
[T+6898344180us][CH2-Pc    ] 63
[T+6898357180us][CH1-Dispenser] 63 E4 E3 E3 E3 E1 E0
[T+6898422180us][CH2-Pc    ] 04
[T+6898432180us][CH1-Dispenser] 04 64
[T+6898500180us][CH1-Dispenser] 05
[T+6898500315us][CH2-Pc    ] 05
[T+6898675182us][CH1-Dispenser] 06
[T+6898675321us][CH2-Pc    ] 06
[T+6898844317us][CH1-Dispenser] 01
[T+6898844180us][CH2-Pc    ] 01
[T+6898856204us][CH1-Dispenser] 61
[T+6898927179us][CH1-Dispenser] 02 62
[T+6898923180us][CH2-Pc    ] 02
[T+6898995180us][CH2-Pc    ] 03
[T+6899001507us][CH1-Dispenser] 03 93
[T+6899023180us][CH2-Pc    ] 63
[T+6899037462us][CH1-Dispenser] 63 E3 E4 E8 E3 E1 E0
[T+6899102316us][CH1-Dispenser] 04
[T+6899102181us][CH2-Pc    ] 04
[T+6899114180us][CH1-Dispenser] 64
[T+6899180313us][CH1-Dispenser] 05
[T+6899180180us][CH2-Pc    ] 05
[T+6899355316us][CH1-Dispenser] 06
[T+6899355180us][CH2-Pc    ] 06
[T+6899535180us][CH2-Pc    ] 01
[T+6899542180us][CH1-Dispenser] 01 61
[T+6899613180us][CH2-Pc    ] 02
[T+6899623180us][CH1-Dispenser] 02 62
[T+6899692204us][CH2-Pc    ] 03
[T+6899703232us][CH1-Dispenser] 03 93
[T+6899719180us][CH2-Pc    ] 63
[T+6899732180us][CH1-Dispenser] 63 E8 E2 E3 E4 E1 E0
[T+6899797180us][CH2-Pc    ] 04
[T+6899806218us][CH1-Dispenser] 04 64
[T+6899877180us][CH1-Dispenser] 05
[T+6899877314us][CH2-Pc    ] 05
[T+6900052313us][CH1-Dispenser] 06
[T+6900052180us][CH2-Pc    ] 06
[T+6900216180us][CH2-Pc    ] 01
[T+6900223180us][CH1-Dispenser] 01 61
[T+6900294180us][CH2-Pc    ] 02
[T+6900304180us][CH1-Dispenser] 02 62
[T+6900372180us][CH2-Pc    ] 03
[T+6900381218us][CH1-Dispenser] 03 93
[T+6900400180us][CH2-Pc    ] 63
[T+6900411180us][CH1-Dispenser] 63 E8 E4 E8 E4 E1 E0
[T+6900479180us][CH2-Pc    ] 04
[T+6900488184us][CH1-Dispenser] 04 64
[T+6900557315us][CH1-Dispenser] 05
[T+6900557180us][CH2-Pc    ] 05
[T+6900732180us][CH1-Dispenser] 06
[T+6900732316us][CH2-Pc    ] 06
[T+6900906205us][CH2-Pc    ] 01
[T+6900913355us][CH1-Dispenser] 01 61
[T+6900984180us][CH2-Pc    ] 02
[T+6900992180us][CH1-Dispenser] 02 62
[T+6901063180us][CH2-Pc    ] 03
[T+6901073180us][CH1-Dispenser] 03 93
[T+6901090180us][CH2-Pc    ] 63
[T+6901102205us][CH1-Dispenser] 63 E4 E3 E3 E5 E1 E0
[T+6901169180us][CH2-Pc    ] 04
[T+6901177180us][CH1-Dispenser] 04 64
[T+6901247315us][CH1-Dispenser] 05
[T+6901247180us][CH2-Pc    ] 05
[T+6901420181us][CH1-Dispenser] 06
[T+6901420316us][CH2-Pc    ] 06
[T+6901595180us][CH2-Pc    ] 01
[T+6901603180us][CH1-Dispenser] 01 61
[T+6901673180us][CH2-Pc    ] 02
[T+6901677781us][CH1-Dispenser] 02 62
[T+6901751180us][CH2-Pc    ] 03
[T+6901757203us][CH1-Dispenser] 03 93
[T+6901779180us][CH2-Pc    ] 63
[T+6901791204us][CH1-Dispenser] 63 E4 E5 E8 E5 E1 E0
[T+6901857205us][CH2-Pc    ] 04
[T+6901867180us][CH1-Dispenser] 04 64
[T+6901936180us][CH1-Dispenser] 05
[T+6901936316us][CH2-Pc    ] 05
[T+6902110187us][CH1-Dispenser] 06
[T+6902111179us][CH2-Pc    ] 06
[T+6902286231us][CH2-Pc    ] 01
[T+6902293180us][CH1-Dispenser] 01 61
[T+6902363180us][CH2-Pc    ] 02
[T+6902373180us][CH1-Dispenser] 02 62
[T+6902442206us][CH2-Pc    ] 03
[T+6902447188us][CH1-Dispenser] 03 93
[T+6902469180us][CH2-Pc    ] 63
[T+6902484205us][CH1-Dispenser] 63 E4 E7 E3 E6 E1 E0
[T+6902548180us][CH2-Pc    ] 04
[T+6902556188us][CH1-Dispenser] 04 64
[T+6902626181us][CH1-Dispenser] 05
[T+6902626316us][CH2-Pc    ] 05
[T+6902801180us][CH1-Dispenser] 06
[T+6902801315us][CH2-Pc    ] 06
[T+6902974180us][CH2-Pc    ] 01
[T+6902984180us][CH1-Dispenser] 01 61
[T+6903052180us][CH2-Pc    ] 02
[T+6903057179us][CH1-Dispenser] 02 62
[T+6903130180us][CH2-Pc    ] 03
[T+6903138185us][CH1-Dispenser] 03 93
[T+6903157180us][CH2-Pc    ] 63
[T+6903172204us][CH1-Dispenser] 63 E0 E6 E8 E6 E1 E0
[T+6903250179us][CH1-Dispenser] 04 64
[T+6903246180us][CH2-Pc    ] 04
[T+6903314317us][CH1-Dispenser] 05
[T+6903314180us][CH2-Pc    ] 05
[T+6903489181us][CH1-Dispenser] 06
[T+6903489317us][CH2-Pc    ] 06
[T+6903655180us][CH2-Pc    ] 01
[T+6903663778us][CH1-Dispenser] 01 61
[T+6903733180us][CH2-Pc    ] 02
[T+6903744180us][CH1-Dispenser] 02 62
[T+6903812180us][CH2-Pc    ] 03
[T+6903822180us][CH1-Dispenser] 03 93
[T+6903840180us][CH2-Pc    ] 63
[T+6903853180us][CH1-Dispenser] 63 E9 E7 E3 E7 E1 E0
[T+6903917180us][CH2-Pc    ] 04
[T+6903927180us][CH1-Dispenser] 04 64
[T+6903995316us][CH1-Dispenser] 05
[T+6903995180us][CH2-Pc    ] 05
[T+6904174180us][CH1-Dispenser] 06
[T+6904174316us][CH2-Pc    ] 06
[T+6904349180us][CH2-Pc    ] 01
[T+6904360180us][CH1-Dispenser] 01 61
[T+6904427180us][CH2-Pc    ] 02
[T+6904432188us][CH1-Dispenser] 02 62
[T+6904505180us][CH2-Pc    ] 03
[T+6904510195us][CH1-Dispenser] 03 93
[T+6904532180us][CH2-Pc    ] 63
[T+6904547204us][CH1-Dispenser] 63 E5 E6 E8 E7 E1 E0
[T+6904611180us][CH2-Pc    ] 04
[T+6904615179us][CH1-Dispenser] 04 64
[T+6904679181us][CH1-Dispenser] 05
[T+6904679316us][CH2-Pc    ] 05
[T+6904864317us][CH1-Dispenser] 06
[T+6904864181us][CH2-Pc    ] 06
[T+6905029204us][CH2-Pc    ] 01
[T+6905038208us][CH1-Dispenser] 01 61
[T+6905108180us][CH2-Pc    ] 02
[T+6905113179us][CH1-Dispenser] 02 62
[T+6905190179us][CH1-Dispenser] 03 93
[T+6905186180us][CH2-Pc    ] 03
[T+6905226204us][CH2-Pc    ] 63
[T+6905237180us][CH1-Dispenser] 63 E4 E7 E3 E8 E1 E0
[T+6905304180us][CH2-Pc    ] 04
[T+6905312180us][CH1-Dispenser] 04 64
[T+6905393314us][CH1-Dispenser] 05
[T+6905393180us][CH2-Pc    ] 05
[T+6905568319us][CH1-Dispenser] 06
[T+6905568181us][CH2-Pc    ] 06
[T+6905731180us][CH2-Pc    ] 01
[T+6905740358us][CH1-Dispenser] 01 61
[T+6905810180us][CH2-Pc    ] 02
[T+6905819212us][CH1-Dispenser] 02 62
[T+6905888204us][CH2-Pc    ] 03
[T+6905897207us][CH1-Dispenser] 03 93
[T+6905915204us][CH2-Pc    ] 63
[T+6905926180us][CH1-Dispenser] 63 E2 E8 E8 E8 E1 E0
[T+6905994180us][CH2-Pc    ] 04
[T+6906002786us][CH1-Dispenser] 04 64
[T+6906072314us][CH1-Dispenser] 05
[T+6906072180us][CH2-Pc    ] 05
[T+6906247180us][CH1-Dispenser] 06
[T+6906247319us][CH2-Pc    ] 06
[T+6906422180us][CH2-Pc    ] 01
[T+6906428204us][CH1-Dispenser] 01 61
[T+6906500205us][CH2-Pc    ] 02
[T+6906508180us][CH1-Dispenser] 02 62
[T+6906578180us][CH2-Pc    ] 03
[T+6906586180us][CH1-Dispenser] 03 93
[T+6906606180us][CH2-Pc    ] 63
[T+6906619180us][CH1-Dispenser] 63 E1 E9 E3 E9 E1 E0
[T+6906684180us][CH2-Pc    ] 04
[T+6906691179us][CH1-Dispenser] 04 64
[T+6906762181us][CH1-Dispenser] 05
[T+6906762314us][CH2-Pc    ] 05
[T+6906952180us][CH1-Dispenser] 06
[T+6906952313us][CH2-Pc    ] 06
[T+6907127180us][CH2-Pc    ] 01
[T+6907133204us][CH1-Dispenser] 01 61
[T+6907205207us][CH2-Pc    ] 02
[T+6907214185us][CH1-Dispenser] 02 62
[T+6907283204us][CH2-Pc    ] 03
[T+6907291180us][CH1-Dispenser] 03 93
[T+6907311180us][CH2-Pc    ] 63
[T+6907324180us][CH1-Dispenser] 63 E9 E1 E7 E9 E1 E0
[T+6907390204us][CH2-Pc    ] 04
[T+6907398187us][CH1-Dispenser] 04 64
[T+6907471180us][CH1-Dispenser] 05
[T+6907471315us][CH2-Pc    ] 05
[T+6907646181us][CH1-Dispenser] 06
[T+6907646316us][CH2-Pc    ] 06
[T+6907810180us][CH2-Pc    ] 01
[T+6907818181us][CH1-Dispenser] 01 61
[T+6907895180us][CH2-Pc    ] 02
[T+6907904205us][CH1-Dispenser] 02 62
[T+6907973204us][CH2-Pc    ] 03
[T+6907982208us][CH1-Dispenser] 03 93
[T+6908000204us][CH2-Pc    ] 63
[T+6908013180us][CH1-Dispenser] 63 E0 E3 E7 E9 E1 E0
[T+6908079204us][CH2-Pc    ] 04
[T+6908085203us][CH1-Dispenser] 04 64
[T+6908161181us][CH1-Dispenser] 05
[T+6908161314us][CH2-Pc    ] 05
[T+6908325180us][CH1-Dispenser] 06
[T+6908325317us][CH2-Pc    ] 06
[T+6908500180us][CH2-Pc    ] 01
[T+6908508181us][CH1-Dispenser] 01 61
[T+6908578180us][CH2-Pc    ] 02
[T+6908584203us][CH1-Dispenser] 02 72
[T+6908606250us][CH2-Pc    ] 22
[T+6908612204us][CH1-Dispenser] 22 D2
[T+6908627312us][CH1-Dispenser] FF
[T+6908627180us][CH2-Pc    ] FF
[T+6908641322us][CH1-Dispenser] E9
[T+6908641183us][CH2-Pc    ] E9
[T+6908653323us][CH1-Dispenser] FE
[T+6908653184us][CH2-Pc    ] FE
[T+6908666323us][CH1-Dispenser] E0
[T+6908666184us][CH2-Pc    ] E0
[T+6908679183us][CH1-Dispenser] E1
[T+6908679319us][CH2-Pc    ] E1
[T+6908690325us][CH1-Dispenser] E0
[T+6908690189us][CH2-Pc    ] E0
[T+6908703312us][CH1-Dispenser] FB
[T+6908703180us][CH2-Pc    ] FB
[T+6908716185us][CH1-Dispenser] EE
[T+6908716322us][CH2-Pc    ] EE
[T+6908729180us][CH2-Pc    ] F0
[T+6908756204us][CH1-Dispenser] F0 BA B0 B3 B2 B0 B1 B0 B0 B0 B0 B1 B1 B1 B1 B1 C1 C1 8D 8A
[T+6908820180us][CH2-Pc    ] 03
[T+6908826203us][CH1-Dispenser] 03 93
[T+6908848180us][CH2-Pc    ] 63
[T+6908862180us][CH1-Dispenser] 63 E8 E9 E7 E9 E1 E0
[T+6908926180us][CH2-Pc    ] 04
[T+6908933180us][CH1-Dispenser] 04 64
[T+6909004314us][CH1-Dispenser] 05
[T+6909004180us][CH2-Pc    ] 05
[T+6909168317us][CH1-Dispenser] 06
[T+6909168180us][CH2-Pc    ] 06
[T+6909343204us][CH2-Pc    ] 01
[T+6909347179us][CH1-Dispenser] 01 61
[T+6909421180us][CH2-Pc    ] 02
[T+6909429180us][CH1-Dispenser] 02 72
[T+6909441207us][CH2-Pc    ] 22
[T+6909449187us][CH1-Dispenser] 22 D2
[T+6909462310us][CH1-Dispenser] FF
[T+6909462180us][CH2-Pc    ] FF
[T+6909475315us][CH1-Dispenser] E9
[T+6909475183us][CH2-Pc    ] E9
[T+6909487318us][CH1-Dispenser] FE
[T+6909487183us][CH2-Pc    ] FE
[T+6909500327us][CH1-Dispenser] E0
[T+6909500188us][CH2-Pc    ] E0
[T+6909513313us][CH1-Dispenser] E1
[T+6909513181us][CH2-Pc    ] E1
[T+6909525393us][CH1-Dispenser] E0
[T+6909525521us][CH2-Pc    ] E0
[T+6909539178us][CH1-Dispenser] FB
[T+6909539104us][CH2-Pc    ] FB
[T+6909551183us][CH1-Dispenser] EE
[T+6909551319us][CH2-Pc    ] EE
[T+6909563204us][CH2-Pc    ] F0
[T+6909591180us][CH1-Dispenser] F0 BA B0 B3 B2 B0 B1 B0 B0 B0 B0 B1 B1 B1 B1 B1 C1 C1 8D 8A
[T+6909655180us][CH2-Pc    ] 03
[T+6909663288us][CH1-Dispenser] 03 93
[T+6909683180us][CH2-Pc    ] 63
[T+6909697180us][CH1-Dispenser] 63 E7 E7 E8 E9 E1 E0
[T+6909766179us][CH1-Dispenser] 04 64
[T+6909762180us][CH2-Pc    ] 04
[T+6909829180us][CH1-Dispenser] 05
[T+6909829316us][CH2-Pc    ] 05
[T+6910004319us][CH1-Dispenser] 06
[T+6910004181us][CH2-Pc    ] 06
[T+6910168180us][CH2-Pc    ] 01
[T+6910175179us][CH1-Dispenser] 01 61
[T+6910246180us][CH2-Pc    ] 02
[T+6910254189us][CH1-Dispenser] 02 72
[T+6910284315us][CH1-Dispenser] 22 D2 FF
[T+6910284181us][CH2-Pc    ] 22 FF
[T+6910297313us][CH1-Dispenser] E9
[T+6910297181us][CH2-Pc    ] E9
[T+6910310311us][CH1-Dispenser] FE
[T+6910310180us][CH2-Pc    ] FE
[T+6910323313us][CH1-Dispenser] E0
[T+6910323180us][CH2-Pc    ] E0
[T+6910336312us][CH1-Dispenser] E1
[T+6910336180us][CH2-Pc    ] E1
[T+6910349315us][CH1-Dispenser] E0
[T+6910349180us][CH2-Pc    ] E0
[T+6910361311us][CH1-Dispenser] FB
[T+6910361180us][CH2-Pc    ] FB
[T+6910374311us][CH1-Dispenser] EE
[T+6910374180us][CH2-Pc    ] EE
[T+6910387204us][CH2-Pc    ] F0
[T+6910416180us][CH1-Dispenser] F0 BA B0 B3 B2 B0 B1 B0 B0 B0 B0 B1 B1 B1 B1 B1 C1 C1 8D 8A
[T+6910489180us][CH2-Pc    ] 03
[T+6910497203us][CH1-Dispenser] 03 93
[T+6910516180us][CH2-Pc    ] 63
[T+6910528205us][CH1-Dispenser] 63 E5 E4 E9 E9 E1 E0
[T+6910596180us][CH2-Pc    ] 04
[T+6910602204us][CH1-Dispenser] 04 64
[T+6910679319us][CH1-Dispenser] 05
[T+6910679181us][CH2-Pc    ] 05
[T+6910864320us][CH1-Dispenser] 06
[T+6910864180us][CH2-Pc    ] 06
[T+6911028180us][CH2-Pc    ] 01
[T+6911034204us][CH1-Dispenser] 01 61
[T+6911106205us][CH2-Pc    ] 02
[T+6911113180us][CH1-Dispenser] 02 72
[T+6911134205us][CH2-Pc    ] 22
[T+6911139746us][CH1-Dispenser] 22 D2
[T+6911155181us][CH1-Dispenser] FF
[T+6911155313us][CH2-Pc    ] FF
[T+6911168311us][CH1-Dispenser] E9
[T+6911168180us][CH2-Pc    ] E9
[T+6911181311us][CH1-Dispenser] FE
[T+6911181180us][CH2-Pc    ] FE
[T+6911193321us][CH1-Dispenser] E0
[T+6911193188us][CH2-Pc    ] E0
[T+6911206317us][CH1-Dispenser] E1
[T+6911206181us][CH2-Pc    ] E1
[T+6911219326us][CH1-Dispenser] E0
[T+6911219187us][CH2-Pc    ] E0
[T+6911231309us][CH1-Dispenser] FB
[T+6911231181us][CH2-Pc    ] FB
[T+6911244487us][CH1-Dispenser] EE
[T+6911244344us][CH2-Pc    ] EE
[T+6911258180us][CH2-Pc    ] F0
[T+6911286180us][CH1-Dispenser] F0 BA B0 B3 B2 B0 B1 B0 B0 B0 B0 B1 B1 B1 B1 B1 C1 C1 8D 8A
[T+6911356180us][CH2-Pc    ] 03
[T+6911361187us][CH1-Dispenser] 03 93
[T+6911384180us][CH2-Pc    ] 63
[T+6911398182us][CH1-Dispenser] 63 E0 E0 E0 E0 E2 E0
[T+6911465180us][CH2-Pc    ] 04
[T+6911472180us][CH1-Dispenser] 04 64
[T+6911543180us][CH1-Dispenser] 05
[T+6911543317us][CH2-Pc    ] 05
[T+6911718180us][CH1-Dispenser] 06
[T+6911718319us][CH2-Pc    ] 06
[T+6911892204us][CH2-Pc    ] 01
[T+6911899179us][CH1-Dispenser] 01 61
[T+6911971205us][CH2-Pc    ] 02
[T+6911978180us][CH1-Dispenser] 02 72
[T+6911998180us][CH2-Pc    ] 22
[T+6912005179us][CH1-Dispenser] 22 D2
[T+6912019316us][CH1-Dispenser] FF
[T+6912019180us][CH2-Pc    ] FF
[T+6912032311us][CH1-Dispenser] E9
[T+6912032180us][CH2-Pc    ] E9
[T+6912045311us][CH1-Dispenser] FE
[T+6912045181us][CH2-Pc    ] FE
[T+6912057982us][CH1-Dispenser] E0
[T+6912057847us][CH2-Pc    ] E0
[T+6912070325us][CH1-Dispenser] E1
[T+6912070187us][CH2-Pc    ] E1
[T+6912083311us][CH1-Dispenser] E0
[T+6912083181us][CH2-Pc    ] E0
[T+6912096318us][CH1-Dispenser] FB
[T+6912096181us][CH2-Pc    ] FB
[T+6912109322us][CH1-Dispenser] EE
[T+6912109183us][CH2-Pc    ] EE
[T+6912121188us][CH2-Pc    ] F0
[T+6912151204us][CH1-Dispenser] F0 BA B0 B3 B2 B0 B1 B0 B0 B0 B0 B1 B1 B1 B1 B1 C1 C1 8D 8A
[T+6912223204us][CH2-Pc    ] 03
[T+6912232204us][CH1-Dispenser] 03 93
[T+6912250204us][CH2-Pc    ] 63
[T+6912263180us][CH1-Dispenser] 63 E0 E0 E0 E0 E2 E0
[T+6912328180us][CH2-Pc    ] 04
[T+6912337205us][CH1-Dispenser] 04 64
[T+6912406314us][CH1-Dispenser] 05
[T+6912406180us][CH2-Pc    ] 05
[T+6912582316us][CH1-Dispenser] 06
[T+6912582180us][CH2-Pc    ] 06
[T+6912746180us][CH2-Pc    ] 01
[T+6912753771us][CH1-Dispenser] 01 61
[T+6912824180us][CH2-Pc    ] 02
[T+6912834180us][CH1-Dispenser] 02 72
[T+6912852204us][CH2-Pc    ] 22
[T+6912858218us][CH1-Dispenser] 22 D2
[T+6912873181us][CH1-Dispenser] FF
[T+6912873316us][CH2-Pc    ] FF
[T+6912886309us][CH1-Dispenser] E9
[T+6912886181us][CH2-Pc    ] E9
[T+6912898317us][CH1-Dispenser] FE
[T+6912898184us][CH2-Pc    ] FE
[T+6912911313us][CH1-Dispenser] E0
[T+6912911181us][CH2-Pc    ] E0
[T+6912924315us][CH1-Dispenser] E1
[T+6912924180us][CH2-Pc    ] E1
[T+6912936311us][CH1-Dispenser] E0
[T+6912936180us][CH2-Pc    ] E0
[T+6912949317us][CH1-Dispenser] FB
[T+6912949181us][CH2-Pc    ] FB
[T+6912971180us][CH1-Dispenser] EE
[T+6912971315us][CH2-Pc    ] EE
[T+6912983204us][CH2-Pc    ] F0
[T+6913011180us][CH1-Dispenser] F0 BA B0 B3 B2 B0 B1 B0 B0 B0 B0 B1 B1 B1 B1 B1 C1 C1 8D 8A
[T+6913075180us][CH2-Pc    ] 03
[T+6913081218us][CH1-Dispenser] 03 93
[T+6913102204us][CH2-Pc    ] 63
[T+6913119180us][CH1-Dispenser] 63 E0 E0 E0 E0 E2 E0
[T+6913191204us][CH2-Pc    ] 04
[T+6913197203us][CH1-Dispenser] 04 64
[T+6913269316us][CH1-Dispenser] 05
[T+6913269180us][CH2-Pc    ] 05
[T+6913434314us][CH1-Dispenser] 06
[T+6913434180us][CH2-Pc    ] 06
[T+6913608204us][CH2-Pc    ] 01
[T+6913614203us][CH1-Dispenser] 01 61
[T+6913687180us][CH2-Pc    ] 02
[T+6913694180us][CH1-Dispenser] 02 72
[T+6913714180us][CH2-Pc    ] 22
[T+6913719179us][CH1-Dispenser] 22 D2
[T+6913735312us][CH1-Dispenser] FF
[T+6913735180us][CH2-Pc    ] FF
[T+6913748321us][CH1-Dispenser] E9
[T+6913748185us][CH2-Pc    ] E9
[T+6913761322us][CH1-Dispenser] FE
[T+6913761184us][CH2-Pc    ] FE
[T+6913773317us][CH1-Dispenser] E0
[T+6913773184us][CH2-Pc    ] E0
[T+6913786183us][CH1-Dispenser] E1
[T+6913786318us][CH2-Pc    ] E1
[T+6913799327us][CH1-Dispenser] E0
[T+6913799187us][CH2-Pc    ] E0
[T+6913811315us][CH1-Dispenser] FB
[T+6913811180us][CH2-Pc    ] FB
[T+6913824181us][CH1-Dispenser] EE
[T+6913824314us][CH2-Pc    ] EE
[T+6913837181us][CH2-Pc    ] F0
[T+6913866180us][CH1-Dispenser] F0 BA B0 B3 B2 B0 B1 B0 B0 B0 B0 B1 B1 B1 B1 B1 C1 C1 8D 8A
[T+6913939180us][CH2-Pc    ] 03
[T+6913949180us][CH1-Dispenser] 03 93
[T+6913966180us][CH2-Pc    ] 63
[T+6913978217us][CH1-Dispenser] 63 E0 E0 E0 E0 E2 E0
[T+6914045180us][CH2-Pc    ] 04
[T+6914052180us][CH1-Dispenser] 04 64
[T+6914123180us][CH1-Dispenser] 05
[T+6914123316us][CH2-Pc    ] 05
[T+6914298180us][CH1-Dispenser] 06
[T+6914298316us][CH2-Pc    ] 06
[T+6914472204us][CH2-Pc    ] 01
[T+6914479179us][CH1-Dispenser] 01 61
[T+6914551205us][CH2-Pc    ] 02
[T+6914560204us][CH1-Dispenser] 02 72
[T+6914578209us][CH2-Pc    ] 22
[T+6914584826us][CH1-Dispenser] 22 D2
[T+6914599316us][CH1-Dispenser] FF
[T+6914599180us][CH2-Pc    ] FF
[T+6914612311us][CH1-Dispenser] E9
[T+6914612181us][CH2-Pc    ] E9
[T+6914625312us][CH1-Dispenser] FE
[T+6914625180us][CH2-Pc    ] FE
[T+6914638845us][CH1-Dispenser] E0
[T+6914638701us][CH2-Pc    ] E0
[T+6914650310us][CH1-Dispenser] E1
[T+6914650180us][CH2-Pc    ] E1
[T+6914663315us][CH1-Dispenser] E0
[T+6914663181us][CH2-Pc    ] E0
[T+6914681312us][CH1-Dispenser] FB
[T+6914681180us][CH2-Pc    ] FB
[T+6914694181us][CH1-Dispenser] EE
[T+6914694270us][CH2-Pc    ] EE
[T+6914707181us][CH2-Pc    ] F0
[T+6914735180us][CH1-Dispenser] F0 BA B0 B3 B2 B0 B1 B0 B0 B0 B0 B1 B1 B1 B1 B1 C1 C1 8D 8A
[T+6914799180us][CH2-Pc    ] 03
[T+6914809180us][CH1-Dispenser] 03 93
[T+6914826180us][CH2-Pc    ] 63
[T+6914838204us][CH1-Dispenser] 63 E0 E0 E0 E0 E2 E0
[T+6914902180us][CH2-Pc    ] 04
[T+6914908394us][CH1-Dispenser] 04 64
[T+6914980180us][CH1-Dispenser] 05
[T+6914980314us][CH2-Pc    ] 05
[T+6915155180us][CH1-Dispenser] 06
[T+6915155315us][CH2-Pc    ] 06
[T+6915330180us][CH2-Pc    ] 01
[T+6915341181us][CH1-Dispenser] 01 61
[T+6915410208us][CH2-Pc    ] 02
[T+6915420180us][CH1-Dispenser] 02 72
[T+6915439180us][CH2-Pc    ] 22
[T+6915449181us][CH1-Dispenser] 22 D2
[T+6915461313us][CH1-Dispenser] FF
[T+6915461181us][CH2-Pc    ] FF
[T+6915473315us][CH1-Dispenser] E9
[T+6915473182us][CH2-Pc    ] E9
[T+6915486317us][CH1-Dispenser] FE
[T+6915486181us][CH2-Pc    ] FE
[T+6915499316us][CH1-Dispenser] E0
[T+6915499181us][CH2-Pc    ] E0
[T+6915512179us][CH1-Dispenser] E1
[T+6915511180us][CH2-Pc    ] E1
[T+6915524310us][CH1-Dispenser] E0
[T+6915524181us][CH2-Pc    ] E0
[T+6915537906us][CH1-Dispenser] FB
[T+6915537771us][CH2-Pc    ] FB
[T+6915550313us][CH1-Dispenser] EE
[T+6915550180us][CH2-Pc    ] EE
[T+6915562204us][CH2-Pc    ] F0
[T+6915591180us][CH1-Dispenser] F0 BA B0 B3 B2 B0 B1 B0 B0 B0 B0 B1 B1 B1 B1 B1 C1 C1 8D 8A
[T+6915666204us][CH2-Pc    ] 03
[T+6915672218us][CH1-Dispenser] 03 93
[T+6915693204us][CH2-Pc    ] 63
[T+6915709180us][CH1-Dispenser] 63 E0 E0 E0 E0 E2 E0
[T+6915783180us][CH2-Pc    ] 04
[T+6915792187us][CH1-Dispenser] 04 64
[T+6915861180us][CH1-Dispenser] 05
[T+6915861315us][CH2-Pc    ] 05
[T+6916036180us][CH1-Dispenser] 06
[T+6916036318us][CH2-Pc    ] 06
[T+6916200180us][CH2-Pc    ] 01
[T+6916209209us][CH1-Dispenser] 01 61
[T+6916278204us][CH2-Pc    ] 02
[T+6916283188us][CH1-Dispenser] 02 72
[T+6916306180us][CH2-Pc    ] 22
[T+6916315219us][CH1-Dispenser] 22 D2
[T+6916327318us][CH1-Dispenser] FF
[T+6916327180us][CH2-Pc    ] FF
[T+6916340314us][CH1-Dispenser] E9
[T+6916340180us][CH2-Pc    ] E9
[T+6916352321us][CH1-Dispenser] FE
[T+6916352185us][CH2-Pc    ] FE
[T+6916365320us][CH1-Dispenser] E0
[T+6916365183us][CH2-Pc    ] E0
[T+6916378187us][CH1-Dispenser] E1
[T+6916378326us][CH2-Pc    ] E1
[T+6916391327us][CH1-Dispenser] E0
[T+6916391185us][CH2-Pc    ] E0
[T+6916404083us][CH1-Dispenser] FB
[T+6916403184us][CH2-Pc    ] FB
[T+6916416180us][CH1-Dispenser] EE
[T+6916416312us][CH2-Pc    ] EE
[T+6916429180us][CH2-Pc    ] F0
[T+6916457180us][CH1-Dispenser] F0 BA B0 B3 B2 B0 B1 B0 B0 B0 B0 B1 B1 B1 B1 B1 C1 C1 8D 8A
[T+6916530180us][CH2-Pc    ] 03
[T+6916536218us][CH1-Dispenser] 03 93
[T+6916557214us][CH2-Pc    ] 63
[T+6916569204us][CH1-Dispenser] 63 E0 E0 E0 E0 E2 E0
[T+6916636180us][CH2-Pc    ] 04
[T+6916643835us][CH1-Dispenser] 04 64
[T+6916715180us][CH1-Dispenser] 05
[T+6916715316us][CH2-Pc    ] 05
[T+6916889180us][CH1-Dispenser] 06
[T+6916890179us][CH2-Pc    ] 06
[T+6917065180us][CH2-Pc    ] 01
[T+6917074204us][CH1-Dispenser] 01 61
[T+6917142180us][CH2-Pc    ] 02
[T+6917148219us][CH1-Dispenser] 02 72
[T+6917170180us][CH2-Pc    ] 22
[T+6917180180us][CH1-Dispenser] 22 D2
[T+6917192312us][CH1-Dispenser] FF
[T+6917192180us][CH2-Pc    ] FF
[T+6917204312us][CH1-Dispenser] E9
[T+6917204180us][CH2-Pc    ] E9
[T+6917218178us][CH1-Dispenser] FE
[T+6917218042us][CH2-Pc    ] FE
[T+6917229438us][CH1-Dispenser] E0
[T+6917229298us][CH2-Pc    ] E0
[T+6917242317us][CH1-Dispenser] E1
[T+6917242180us][CH2-Pc    ] E1
[T+6917255314us][CH1-Dispenser] E0
[T+6917255180us][CH2-Pc    ] E0
[T+6917267323us][CH1-Dispenser] FB
[T+6917267187us][CH2-Pc    ] FB
[T+6917283186us][CH1-Dispenser] EE
[T+6917282980us][CH2-Pc    ] EE
[T+6917293181us][CH2-Pc    ] F0
[T+6917324180us][CH1-Dispenser] F0 BA B0 B3 B2 B0 B1 B0 B0 B0 B0 B1 B1 B1 B1 B1 C1 C1 8D 8A
[T+6917395180us][CH2-Pc    ] 03
[T+6917402180us][CH1-Dispenser] 03 93
[T+6917424180us][CH2-Pc    ] 63
[T+6917438180us][CH1-Dispenser] 63 E0 E0 E0 E0 E2 E0
[T+6917502180us][CH2-Pc    ] 04
[T+6917507179us][CH1-Dispenser] 04 64
[T+6917581181us][CH1-Dispenser] 05
[T+6917581316us][CH2-Pc    ] 05
[T+6917745319us][CH1-Dispenser] 06
[T+6917745180us][CH2-Pc    ] 06
[T+6917923181us][CH2-Pc    ] 01
[T+6917928187us][CH1-Dispenser] 01 61
[T+6918013180us][CH2-Pc    ] 02
[T+6918018179us][CH1-Dispenser] 02 72
[T+6918040180us][CH2-Pc    ] 22
[T+6918049204us][CH1-Dispenser] 22 D2
[T+6918061185us][CH1-Dispenser] FF
[T+6918061325us][CH2-Pc    ] FF
[T+6918075322us][CH1-Dispenser] E9
[T+6918075183us][CH2-Pc    ] E9
[T+6918087322us][CH1-Dispenser] FE
[T+6918087183us][CH2-Pc    ] FE
[T+6918099313us][CH1-Dispenser] E0
[T+6918099181us][CH2-Pc    ] E0
[T+6918112180us][CH1-Dispenser] E1
[T+6918112312us][CH2-Pc    ] E1
[T+6918125315us][CH1-Dispenser] E0
[T+6918125181us][CH2-Pc    ] E0
[T+6918137320us][CH1-Dispenser] FB
[T+6918137184us][CH2-Pc    ] FB
[T+6918150180us][CH1-Dispenser] EE
[T+6918150313us][CH2-Pc    ] EE
[T+6918163180us][CH2-Pc    ] F0
[T+6918191180us][CH1-Dispenser] F0 BA B0 B3 B2 B0 B1 B0 B0 B0 B0 B1 B1 B1 B1 B1 C1 C1 8D 8A
[T+6918255180us][CH2-Pc    ] 03
[T+6918262180us][CH1-Dispenser] 03 93
[T+6918282180us][CH2-Pc    ] 63
[T+6918292180us][CH1-Dispenser] 63 E0 E0 E0 E0 E2 E0
[T+6918360180us][CH2-Pc    ] 04
[T+6918367386us][CH1-Dispenser] 04 64
[T+6918438181us][CH1-Dispenser] 05
[T+6918438317us][CH2-Pc    ] 05
[T+6918613181us][CH1-Dispenser] 06
[T+6918613315us][CH2-Pc    ] 06
[T+6918777180us][CH2-Pc    ] 01
[T+6918784180us][CH1-Dispenser] 01 61
[T+6918855180us][CH2-Pc    ] 02
[T+6918863180us][CH1-Dispenser] 02 72
[T+6918883180us][CH2-Pc    ] 22
[T+6918888187us][CH1-Dispenser] 22 D2
[T+6918904316us][CH1-Dispenser] FF
[T+6918904180us][CH2-Pc    ] FF
[T+6918917312us][CH1-Dispenser] E9
[T+6918917180us][CH2-Pc    ] E9
[T+6918929313us][CH1-Dispenser] FE
[T+6918929180us][CH2-Pc    ] FE
[T+6918943312us][CH1-Dispenser] E0
[T+6918943180us][CH2-Pc    ] E0
[T+6918955185us][CH1-Dispenser] E1
[T+6918955323us][CH2-Pc    ] E1
[T+6918977313us][CH1-Dispenser] E0
[T+6918977180us][CH2-Pc    ] E0
[T+6918989313us][CH1-Dispenser] FB
[T+6918989180us][CH2-Pc    ] FB
[T+6919002308us][CH1-Dispenser] EE
[T+6919002180us][CH2-Pc    ] EE
[T+6919014204us][CH2-Pc    ] F0
[T+6919041204us][CH1-Dispenser] F0 BA B0 B3 B2 B0 B1 B0 B0 B0 B0 B1 B1 B1 B1 B1 C1 C1 8D 8A
[T+6919106180us][CH2-Pc    ] 03
[T+6919114181us][CH1-Dispenser] 03 93
[T+6919134180us][CH2-Pc    ] 63
[T+6919149204us][CH1-Dispenser] 63 E0 E0 E0 E0 E2 E0
[T+6919223180us][CH2-Pc    ] 04
[T+6919227179us][CH1-Dispenser] 04 64
[T+6919290181us][CH1-Dispenser] 05
[T+6919290314us][CH2-Pc    ] 05
[T+6919468316us][CH1-Dispenser] 06
[T+6919468180us][CH2-Pc    ] 06
[T+6919642204us][CH2-Pc    ] 01
[T+6919649308us][CH1-Dispenser] 01 61
[T+6919721205us][CH2-Pc    ] 02
[T+6919728180us][CH1-Dispenser] 02 72
[T+6919748180us][CH2-Pc    ] 22
[T+6919755181us][CH1-Dispenser] 22 D2
[T+6919769181us][CH1-Dispenser] FF
[T+6919769317us][CH2-Pc    ] FF
[T+6919782313us][CH1-Dispenser] E9
[T+6919782182us][CH2-Pc    ] E9
[T+6919795312us][CH1-Dispenser] FE
[T+6919795180us][CH2-Pc    ] FE
[T+6919807315us][CH1-Dispenser] E0
[T+6919807181us][CH2-Pc    ] E0
[T+6919820180us][CH1-Dispenser] E1
[T+6919820313us][CH2-Pc    ] E1
[T+6919833315us][CH1-Dispenser] E0
[T+6919833180us][CH2-Pc    ] E0
[T+6919845312us][CH1-Dispenser] FB
[T+6919845180us][CH2-Pc    ] FB
[T+6919858318us][CH1-Dispenser] EE
[T+6919858183us][CH2-Pc    ] EE
[T+6919871180us][CH2-Pc    ] F0
[T+6919901204us][CH1-Dispenser] F0 BA B0 B3 B2 B0 B1 B0 B0 B0 B0 B1 B1 B1 B1 B1 C1 C1 8D 8A
[T+6919973206us][CH2-Pc    ] 03
[T+6919982204us][CH1-Dispenser] 03 93
[T+6920001180us][CH2-Pc    ] 63
[T+6920013204us][CH1-Dispenser] 63 E0 E0 E0 E0 E2 E0
[T+6920080180us][CH2-Pc    ] 04
[T+6920087835us][CH1-Dispenser] 04 64
[T+6920158385us][CH1-Dispenser] 05
[T+6920158249us][CH2-Pc    ] 05
[T+6920336181us][CH1-Dispenser] 06
[T+6920336318us][CH2-Pc    ] 06
[T+6920510205us][CH2-Pc    ] 01
[T+6920519208us][CH1-Dispenser] 01 61
[T+6920593179us][CH1-Dispenser] 02 72
[T+6920589180us][CH2-Pc    ] 02
[T+6920605204us][CH2-Pc    ] 22
[T+6920615180us][CH1-Dispenser] 22 D2
[T+6920627311us][CH1-Dispenser] FF
[T+6920627180us][CH2-Pc    ] FF
[T+6920640320us][CH1-Dispenser] E9
[T+6920640181us][CH2-Pc    ] E9
[T+6920653184us][CH1-Dispenser] FE
[T+6920653322us][CH2-Pc    ] FE
[T+6920666324us][CH1-Dispenser] E0
[T+6920666183us][CH2-Pc    ] E0
[T+6920678188us][CH1-Dispenser] E1
[T+6920678321us][CH2-Pc    ] E1
[T+6920691317us][CH1-Dispenser] E0
[T+6920691183us][CH2-Pc    ] E0
[T+6920703353us][CH1-Dispenser] FB
[T+6920703188us][CH2-Pc    ] FB
[T+6920716180us][CH1-Dispenser] EE
[T+6920716313us][CH2-Pc    ] EE
[T+6920728180us][CH2-Pc    ] F0
[T+6920757183us][CH1-Dispenser] F0 BA B0 B3 B2 B0 B1 B0 B0 B0 B0 B1 B1 B1 B1 B1 C1 C1 8D 8A
[T+6920830180us][CH2-Pc    ] 03
[T+6920836218us][CH1-Dispenser] 03 93
[T+6920850180us][CH2-Pc    ] 63
[T+6920864180us][CH1-Dispenser] 63 E0 E0 E0 E0 E2 E0
[T+6920930205us][CH2-Pc    ] 04
[T+6920938182us][CH1-Dispenser] 04 64
[T+6921008315us][CH1-Dispenser] 05
[T+6921008180us][CH2-Pc    ] 05
[T+6921183320us][CH1-Dispenser] 06
[T+6921183182us][CH2-Pc    ] 06
[T+6921357204us][CH2-Pc    ] 01
[T+6921364181us][CH1-Dispenser] 01 61
[T+6921435180us][CH2-Pc    ] 02
[T+6921444218us][CH1-Dispenser] 02 72
[T+6921463180us][CH2-Pc    ] 22
[T+6921469204us][CH1-Dispenser] 22 D2
[T+6921484180us][CH1-Dispenser] FF
[T+6921484315us][CH2-Pc    ] FF
[T+6921497313us][CH1-Dispenser] E9
[T+6921497180us][CH2-Pc    ] E9
[T+6921509323us][CH1-Dispenser] FE
[T+6921509181us][CH2-Pc    ] FE
[T+6921522308us][CH1-Dispenser] E0
[T+6921522180us][CH2-Pc    ] E0
[T+6921535311us][CH1-Dispenser] E1
[T+6921535180us][CH2-Pc    ] E1
[T+6921548323us][CH1-Dispenser] E0
[T+6921548184us][CH2-Pc    ] E0
[T+6921561323us][CH1-Dispenser] FB
[T+6921561183us][CH2-Pc    ] FB
[T+6921573184us][CH1-Dispenser] EE
[T+6921573383us][CH2-Pc    ] EE
[T+6921586180us][CH2-Pc    ] F0
[T+6921618180us][CH1-Dispenser] F0 BA B0 B3 B2 B0 B1 B0 B0 B0 B0 B1 B1 B1 B1 B1 C1 C1 8D 8A
[T+6921637180us][CH2-Pc    ] 22
[T+6921658256us][CH1-Dispenser] 22 D2 FF
[T+6921658397us][CH2-Pc    ] FF
[T+6921671323us][CH1-Dispenser] E5
[T+6921671184us][CH2-Pc    ] E5
[T+6921684323us][CH1-Dispenser] F4
[T+6921684184us][CH2-Pc    ] F4
[T+6921696317us][CH1-Dispenser] F6
[T+6921696184us][CH2-Pc    ] F6
[T+6921709318us][CH1-Dispenser] E0
[T+6921709183us][CH2-Pc    ] E0
[T+6921722183us][CH1-Dispenser] F7
[T+6921722321us][CH2-Pc    ] F7
[T+6921735022us][CH1-Dispenser] E0
[T+6921734883us][CH2-Pc    ] E0
[T+6921747324us][CH1-Dispenser] E3
[T+6921747184us][CH2-Pc    ] E3
[T+6921759317us][CH1-Dispenser] E1
[T+6921759184us][CH2-Pc    ] E1
[T+6921772315us][CH1-Dispenser] E1
[T+6921772181us][CH2-Pc    ] E1
[T+6921785316us][CH1-Dispenser] FB
[T+6921785181us][CH2-Pc    ] FB
[T+6921798316us][CH1-Dispenser] EB
[T+6921798181us][CH2-Pc    ] EB
[T+6921810181us][CH1-Dispenser] F0
[T+6921810309us][CH2-Pc    ] F0
[T+6921899180us][CH2-Pc    ] 02
[T+6921907697us][CH1-Dispenser] 02 72
[T+6921927180us][CH2-Pc    ] 22
[T+6921933218us][CH1-Dispenser] 22 D2
[T+6921948181us][CH1-Dispenser] FF
[T+6921948316us][CH2-Pc    ] FF
[T+6921961315us][CH1-Dispenser] E5
[T+6921961181us][CH2-Pc    ] E5
[T+6921982313us][CH1-Dispenser] F2
[T+6921982180us][CH2-Pc    ] F2
[T+6922004311us][CH1-Dispenser] F8
[T+6922004180us][CH2-Pc    ] F8
[T+6922025315us][CH1-Dispenser] E0
[T+6922025181us][CH2-Pc    ] E0
[T+6922047315us][CH1-Dispenser] E0
[T+6922047180us][CH2-Pc    ] E0
[T+6922059315us][CH1-Dispenser] E0
[T+6922059181us][CH2-Pc    ] E0
[T+6922072318us][CH1-Dispenser] E0
[T+6922072182us][CH2-Pc    ] E0
[T+6922085316us][CH1-Dispenser] E1
[T+6922085181us][CH2-Pc    ] E1
[T+6922097314us][CH1-Dispenser] E0
[T+6922097180us][CH2-Pc    ] E0
[T+6922138317us][CH1-Dispenser] FB
[T+6922138181us][CH2-Pc    ] FB
[T+6922151316us][CH1-Dispenser] E6
[T+6922151181us][CH2-Pc    ] E6
[T+6922164180us][CH1-Dispenser] F0
[T+6922164313us][CH2-Pc    ] F0
[T+6922253180us][CH2-Pc    ] 02
[T+6922260832us][CH1-Dispenser] 02 72
[T+6922280180us][CH1-Dispenser] 12
[T+6922280315us][CH2-Pc    ] 12
[T+6922367205us][CH2-Pc    ] 02
[T+6922375187us][CH1-Dispenser] 02 92
[T+6922445180us][CH2-Pc    ] 03
[T+6922451877us][CH1-Dispenser] 03 93
[T+6922473180us][CH2-Pc    ] 63
[T+6922484180us][CH1-Dispenser] 63 E0 E0 E0 E0 E2 E0
[T+6922550204us][CH2-Pc    ] 04
[T+6922558502us][CH1-Dispenser] 04 64
[T+6922629314us][CH1-Dispenser] 05
[T+6922629180us][CH2-Pc    ] 05
[T+6922793181us][CH1-Dispenser] 06
[T+6922793316us][CH2-Pc    ] 06
[T+6922967205us][CH2-Pc    ] 01
[T+6922973887us][CH1-Dispenser] 01 61
[T+6923046180us][CH2-Pc    ] 02
[T+6923054188us][CH1-Dispenser] 02 92
[T+6923625180us][CH2-Pc    ] 03
[T+6923632180us][CH1-Dispenser] 03 93
[T+6923652180us][CH2-Pc    ] 63
[T+6923663180us][CH1-Dispenser] 63 E0 E0 E0 E0 E2 E0
[T+6923731180us][CH2-Pc    ] 04
[T+6923739794us][CH1-Dispenser] 04 64
[T+6923809181us][CH1-Dispenser] 05
[T+6923809317us][CH2-Pc    ] 05
[T+6923984315us][CH1-Dispenser] 06
[T+6923984181us][CH2-Pc    ] 06
[T+6924159180us][CH2-Pc    ] 01
[T+6924164179us][CH1-Dispenser] 01 61
[T+6924237180us][CH2-Pc    ] 02
[T+6924247180us][CH1-Dispenser] 02 92
[T+6924264180us][CH2-Pc    ] 62
[T+6924276205us][CH1-Dispenser] 62 E0 E0 E0 E0 E0 E0
[T+6924344180us][CH2-Pc    ] 03
[T+6924352188us][CH1-Dispenser] 03 93
[T+6924372180us][CH2-Pc    ] 63
[T+6924384205us][CH1-Dispenser] 63 E0 E0 E0 E0 E2 E0
[T+6924451180us][CH2-Pc    ] 04
[T+6924459181us][CH1-Dispenser] 04 64
[T+6924529181us][CH1-Dispenser] 05
[T+6924529317us][CH2-Pc    ] 05
[T+6924704181us][CH1-Dispenser] 06
[T+6924704321us][CH2-Pc    ] 06
[T+6924879180us][CH2-Pc    ] 01
[T+6924884179us][CH1-Dispenser] 01 61
[T+6924957180us][CH2-Pc    ] 02
[T+6924967180us][CH1-Dispenser] 02 92
[T+6924984180us][CH2-Pc    ] 62
[T+6924996204us][CH1-Dispenser] 62 E0 E0 E0 E0 E0 E0
[T+6925063180us][CH2-Pc    ] 03
[T+6925073180us][CH1-Dispenser] 03 93
[T+6925091205us][CH2-Pc    ] 63
[T+6925104181us][CH1-Dispenser] 63 E0 E0 E0 E0 E2 E0
[T+6925169180us][CH2-Pc    ] 04
[T+6925178218us][CH1-Dispenser] 04 64
[T+6925247315us][CH1-Dispenser] 05
[T+6925247181us][CH2-Pc    ] 05
[T+6925427180us][CH1-Dispenser] 06
[T+6925427316us][CH2-Pc    ] 06
[T+6925591180us][CH2-Pc    ] 01
[T+6925600187us][CH1-Dispenser] 01 61
[T+6925669204us][CH2-Pc    ] 02
[T+6925677186us][CH1-Dispenser] 02 92
[T+6925696180us][CH2-Pc    ] 62
[T+6925710180us][CH1-Dispenser] 62 E0 E0 E0 E0 E0 E0
[T+6925775180us][CH2-Pc    ] 03
[T+6925786180us][CH1-Dispenser] 03 93
[T+6925803180us][CH2-Pc    ] 63
[T+6925815204us][CH1-Dispenser] 63 E0 E0 E0 E0 E2 E0
[T+6925881205us][CH2-Pc    ] 04
[T+6925887787us][CH1-Dispenser] 04 64
[T+6925960180us][CH1-Dispenser] 05
[T+6925960316us][CH2-Pc    ] 05
[T+6926145181us][CH1-Dispenser] 06
[T+6926145319us][CH2-Pc    ] 06
[T+6926309180us][CH2-Pc    ] 01
[T+6926314791us][CH1-Dispenser] 01 61
[T+6926387180us][CH2-Pc    ] 02
[T+6926395180us][CH1-Dispenser] 02 92
[T+6926415180us][CH2-Pc    ] 62
[T+6926426180us][CH1-Dispenser] 62 E6 E2 E2 E0 E0 E0
[T+6926493180us][CH2-Pc    ] 03
[T+6926498179us][CH1-Dispenser] 03 93
[T+6926520180us][CH2-Pc    ] 63
[T+6926534180us][CH1-Dispenser] 63 E0 E0 E0 E0 E2 E0
[T+6926599180us][CH2-Pc    ] 04
[T+6926607183us][CH1-Dispenser] 04 64
[T+6926677180us][CH1-Dispenser] 05
[T+6926677314us][CH2-Pc    ] 05
[T+6926870315us][CH1-Dispenser] 06
[T+6926870180us][CH2-Pc    ] 06
[T+6927045180us][CH2-Pc    ] 01
[T+6927053208us][CH1-Dispenser] 01 61
[T+6927117180us][CH2-Pc    ] 02
[T+6927123797us][CH1-Dispenser] 02 92
[T+6927144204us][CH2-Pc    ] 62
[T+6927158248us][CH1-Dispenser] 62 E9 E3 E3 E0 E0 E0
[T+6927223180us][CH2-Pc    ] 03
[T+6927228187us][CH1-Dispenser] 03 93
[T+6927251180us][CH2-Pc    ] 63
[T+6927263209us][CH1-Dispenser] 63 E0 E0 E0 E0 E2 E0
[T+6927334180us][CH2-Pc    ] 04
[T+6927343104us][CH1-Dispenser] 04 64
[T+6927412180us][CH1-Dispenser] 05
[T+6927412315us][CH2-Pc    ] 05
[T+6927594182us][CH1-Dispenser] 06
[T+6927594317us][CH2-Pc    ] 06
[T+6927769180us][CH2-Pc    ] 01
[T+6927778206us][CH1-Dispenser] 01 61
[T+6927847205us][CH2-Pc    ] 02
[T+6927854179us][CH1-Dispenser] 02 92
[T+6927875211us][CH2-Pc    ] 62
[T+6927885180us][CH1-Dispenser] 62 E3 E3 E6 E0 E0 E0
[T+6927953180us][CH2-Pc    ] 03
[T+6927959921us][CH1-Dispenser] 03 A3
[T+6928531180us][CH2-Pc    ] 04
[T+6928539180us][CH1-Dispenser] 04 64
[T+6928609180us][CH1-Dispenser] 05
[T+6928609315us][CH2-Pc    ] 05
[T+6928784317us][CH1-Dispenser] 06
[T+6928784181us][CH2-Pc    ] 06
[T+6928948180us][CH2-Pc    ] 01
[T+6928955180us][CH1-Dispenser] 01 61
[T+6929026180us][CH2-Pc    ] 02
[T+6929035181us][CH1-Dispenser] 02 92
[T+6929053204us][CH2-Pc    ] 62
[T+6929065204us][CH1-Dispenser] 62 E0 E0 E3 E1 E0 E0
[T+6929136180us][CH2-Pc    ] 03
[T+6929142203us][CH1-Dispenser] 03 63
[T+6929714180us][CH2-Pc    ] 04
[T+6929722187us][CH1-Dispenser] 04 64
[T+6929793180us][CH1-Dispenser] 05
[T+6929792180us][CH2-Pc    ] 05
[T+6929968180us][CH1-Dispenser] 06
[T+6929968314us][CH2-Pc    ] 06
[T+6930143180us][CH2-Pc    ] 01
[T+6930151183us][CH1-Dispenser] 01 61
[T+6930221180us][CH2-Pc    ] 02
[T+6930230204us][CH1-Dispenser] 02 92
[T+6930249180us][CH2-Pc    ] 62
[T+6930264205us][CH1-Dispenser] 62 E0 E0 E0 E2 E0 E0
[T+6930337180us][CH2-Pc    ] 03
[T+6930342179us][CH1-Dispenser] 03 63
[T+6930365315us][CH1-Dispenser] 43
[T+6930365181us][CH2-Pc    ] 43
[T+6930415180us][CH1-Dispenser] FF F1 F8 EB E2 E0 E0 E0 F6 E0 F4 F7 E0 E3 E1 E1 F9 E0 E0 E7 E7 E1 E0 FA E0 E0 E0 E0 E2 E0 FB E6 F0
[T+6930437317us][CH1-Dispenser] 53
[T+6930437180us][CH2-Pc    ] 53
[T+6930570180us][CH1-Dispenser] FF F6 E0 F9 E5 E4 E7 E4 E0 E1 E1 E4 FA E1 E6 E5 E3 E6 E0 E9 E7 F4 E0 E3 E1 E1 F5 E0 E0 E0 E0 F6 E1 F9 E4 E6 E7 E1 E3 E5 E0 E4 FA E9 E5 E5 E5 E8 E0 E3 E4 F4 E0 E0 E1 E1 F5 E0 E0 E0 E0 F6 E2 F9 E6 E5 E8 E1 E8 E9 E5 E5 FA E6 E5 E5 E5 E3 E0 E7 E0 F4 E0 E3 E4 E1 F5 E0 E0 E0 E0 FB EC F0
[T+6930635180us][CH2-Pc    ] 04
[T+6930644205us][CH1-Dispenser] 04 64
[T+6930713180us][CH1-Dispenser] 05
[T+6930713316us][CH2-Pc    ] 05
[T+6930889317us][CH1-Dispenser] 06
[T+6930889181us][CH2-Pc    ] 06
[T+6931064180us][CH2-Pc    ] 01
[T+6931070204us][CH1-Dispenser] 01 61
[T+6931142205us][CH2-Pc    ] 02
[T+6931149180us][CH1-Dispenser] 02 92
[T+6931169180us][CH2-Pc    ] 62
[T+6931180180us][CH1-Dispenser] 62 E6 E7 E5 E2 E0 E0
[T+6931248180us][CH2-Pc    ] 03
[T+6931253187us][CH1-Dispenser] 03 63
[T+6931275315us][CH1-Dispenser] 43
[T+6931275180us][CH2-Pc    ] 43
[T+6931327180us][CH1-Dispenser] FF F1 F8 EB E2 E0 E0 E0 F6 E0 F4 F7 E0 E3 E1 E1 F9 E0 E0 E7 E7 E1 E0 FA E0 E0 E0 E0 E2 E0 FB E6 F0
[T+6931350314us][CH1-Dispenser] 53
[T+6931350180us][CH2-Pc    ] 53
[T+6931484180us][CH1-Dispenser] FF F6 E0 F9 E5 E4 E7 E4 E0 E1 E1 E4 FA E1 E6 E5 E3 E6 E0 E9 E7 F4 E0 E3 E1 E1 F5 E0 E0 E0 E0 F6 E1 F9 E4 E6 E7 E1 E3 E5 E0 E4 FA E9 E5 E5 E5 E8 E0 E3 E4 F4 E0 E0 E1 E1 F5 E0 E0 E0 E0 F6 E2 F9 E6 E5 E8 E1 E8 E9 E5 E5 FA E6 E5 E5 E5 E3 E0 E7 E0 F4 E0 E3 E4 E1 F5 E0 E0 E0 E0 FB EC F0
[T+6931565204us][CH2-Pc    ] 04
[T+6931572179us][CH1-Dispenser] 04 64
[T+6931643180us][CH1-Dispenser] 05
[T+6931643315us][CH2-Pc    ] 05
[T+6931807181us][CH1-Dispenser] 06
[T+6931807315us][CH2-Pc    ] 06
[T+6931982180us][CH2-Pc    ] 01
[T+6931990181us][CH1-Dispenser] 01 61
[T+6932060180us][CH2-Pc    ] 02
[T+6932065179us][CH1-Dispenser] 02 92
[T+6932087180us][CH2-Pc    ] 62
[T+6932102204us][CH1-Dispenser] 62 E3 E5 E1 E3 E0 E0
[T+6932166180us][CH2-Pc    ] 03
[T+6932172204us][CH1-Dispenser] 03 63
[T+6932244204us][CH2-Pc    ] 04
[T+6932248179us][CH1-Dispenser] 04 64
[T+6932311181us][CH1-Dispenser] 05
[T+6932311315us][CH2-Pc    ] 05
[T+6932486180us][CH1-Dispenser] 06
[T+6932486314us][CH2-Pc    ] 06
[T+6932661180us][CH2-Pc    ] 01
[T+6932672184us][CH1-Dispenser] 01 61
[T+6932739180us][CH2-Pc    ] 02
[T+6932745294us][CH1-Dispenser] 02 92
[T+6932766318us][CH1-Dispenser] 62
[T+6932766180us][CH2-Pc    ] 62
[T+6932783180us][CH1-Dispenser] E1 E7 E5 E3 E0 E0
[T+6932855205us][CH2-Pc    ] 03
[T+6932864205us][CH1-Dispenser] 03 63
[T+6932933204us][CH2-Pc    ] 04
[T+6932938179us][CH1-Dispenser] 04 64
[T+6933011180us][CH1-Dispenser] 05
[T+6933011316us][CH2-Pc    ] 05
[T+6933186316us][CH1-Dispenser] 06
[T+6933186181us][CH2-Pc    ] 06
[T+6933361180us][CH2-Pc    ] 01
[T+6933369187us][CH1-Dispenser] 01 61
[T+6933439180us][CH2-Pc    ] 02
[T+6933445809us][CH1-Dispenser] 02 92
[T+6933466205us][CH2-Pc    ] 62
[T+6933481204us][CH1-Dispenser] 62 E3 E2 E0 E4 E0 E0
[T+6933555180us][CH2-Pc    ] 03
[T+6933563583us][CH1-Dispenser] 03 63
[T+6933633180us][CH2-Pc    ] 04
[T+6933641776us][CH1-Dispenser] 04 64
[T+6933711317us][CH1-Dispenser] 05
[T+6933711181us][CH2-Pc    ] 05
[T+6933886317us][CH1-Dispenser] 06
[T+6933886180us][CH2-Pc    ] 06
[T+6934061180us][CH2-Pc    ] 01
[T+6934069180us][CH1-Dispenser] 01 61
[T+6934139180us][CH2-Pc    ] 02
[T+6934145218us][CH1-Dispenser] 02 92
[T+6934166204us][CH2-Pc    ] 62
[T+6934181205us][CH1-Dispenser] 62 E7 E9 E4 E4 E0 E0
[T+6934245180us][CH2-Pc    ] 03
[T+6934254218us][CH1-Dispenser] 03 63
[T+6934326204us][CH2-Pc    ] 04
[T+6934333180us][CH1-Dispenser] 04 64
[T+6934405180us][CH1-Dispenser] 05
[T+6934405316us][CH2-Pc    ] 05
[T+6934580314us][CH1-Dispenser] 06
[T+6934580180us][CH2-Pc    ] 06
[T+6934748204us][CH2-Pc    ] 01
[T+6934758180us][CH1-Dispenser] 01 61
[T+6934827204us][CH2-Pc    ] 02
[T+6934835187us][CH1-Dispenser] 02 92
[T+6934854180us][CH2-Pc    ] 62
[T+6934866204us][CH1-Dispenser] 62 E2 E7 E9 E4 E0 E0
[T+6934932206us][CH2-Pc    ] 03
[T+6934938823us][CH1-Dispenser] 03 63
[T+6935010204us][CH2-Pc    ] 04
[T+6935019204us][CH1-Dispenser] 04 64
[T+6935088180us][CH1-Dispenser] 05
[T+6935088315us][CH2-Pc    ] 05
[T+6935263181us][CH1-Dispenser] 06
[T+6935263316us][CH2-Pc    ] 06
[T+6935438180us][CH2-Pc    ] 01
[T+6935445179us][CH1-Dispenser] 01 61
[T+6935517204us][CH2-Pc    ] 02
[T+6935524180us][CH1-Dispenser] 02 92
[T+6935554204us][CH2-Pc    ] 62
[T+6935566205us][CH1-Dispenser] 62 E8 E5 E4 E5 E0 E0
[T+6935652180us][CH2-Pc    ] 03
[T+6935657808us][CH1-Dispenser] 03 63
[T+6935824180us][CH2-Pc    ] 04
[T+6935828179us][CH1-Dispenser] 04 64
[T+6936020181us][CH1-Dispenser] 05
[T+6936020315us][CH2-Pc    ] 05
[T+6936184181us][CH1-Dispenser] 06
[T+6936184318us][CH2-Pc    ] 06
[T+6936360180us][CH2-Pc    ] 01
[T+6936365180us][CH1-Dispenser] 01 61
[T+6936439073us][CH2-Pc    ] 02
[T+6936447253us][CH1-Dispenser] 02 92
[T+6936465204us][CH2-Pc    ] 62
[T+6936477743us][CH1-Dispenser] 62 E2 E0 E1 E6 E0 E0
[T+6936544259us][CH2-Pc    ] 03
[T+6936550335us][CH1-Dispenser] 03 63
[T+6936624574us][CH2-Pc    ] 04
[T+6936628179us][CH1-Dispenser] 04 64
[T+6936700316us][CH1-Dispenser] 05
[T+6936700180us][CH2-Pc    ] 05
[T+6936875315us][CH1-Dispenser] 06
[T+6936875180us][CH2-Pc    ] 06
[T+6937049204us][CH2-Pc    ] 01
[T+6937057817us][CH1-Dispenser] 01 61
[T+6937128180us][CH2-Pc    ] 02
[T+6937134814us][CH1-Dispenser] 02 92
[T+6937149204us][CH2-Pc    ] 62
[T+6937165180us][CH1-Dispenser] 62 E1 E1 E6 E6 E0 E0
[T+6937250180us][CH2-Pc    ] 03
[T+6937259218us][CH1-Dispenser] 03 63
[T+6937328204us][CH2-Pc    ] 04
[T+6937333179us][CH1-Dispenser] 04 64
[T+6937396317us][CH1-Dispenser] 05
[T+6937396181us][CH2-Pc    ] 05
[T+6937581180us][CH1-Dispenser] 06
[T+6937581316us][CH2-Pc    ] 06
[T+6937745180us][CH2-Pc    ] 01
[T+6937749179us][CH1-Dispenser] 01 61
[T+6937813180us][CH2-Pc    ] 02
[T+6937821186us][CH1-Dispenser] 02 92
[T+6937840180us][CH2-Pc    ] 62
[T+6937851180us][CH1-Dispenser] 62 E5 E8 E0 E7 E0 E0
[T+6937919180us][CH2-Pc    ] 03
[T+6937929180us][CH1-Dispenser] 03 63
[T+6937997180us][CH2-Pc    ] 04
[T+6938003203us][CH1-Dispenser] 04 64
[T+6938076181us][CH1-Dispenser] 05
[T+6938076316us][CH2-Pc    ] 05
[T+6938250317us][CH1-Dispenser] 06
[T+6938250180us][CH2-Pc    ] 06
[T+6938425180us][CH2-Pc    ] 01
[T+6938429179us][CH1-Dispenser] 01 61
[T+6938492204us][CH2-Pc    ] 02
[T+6938502186us][CH1-Dispenser] 02 92
[T+6938520204us][CH2-Pc    ] 62
[T+6938531180us][CH1-Dispenser] 62 E2 E8 E5 E7 E0 E0
[T+6938598180us][CH2-Pc    ] 03
[T+6938603783us][CH1-Dispenser] 03 63
[T+6938676180us][CH2-Pc    ] 04
[T+6938686180us][CH1-Dispenser] 04 64
[T+6938754315us][CH1-Dispenser] 05
[T+6938754180us][CH2-Pc    ] 05
[T+6938918321us][CH1-Dispenser] 06
[T+6938918181us][CH2-Pc    ] 06
[T+6939093180us][CH2-Pc    ] 01
[T+6939100179us][CH1-Dispenser] 01 61
[T+6939171180us][CH2-Pc    ] 02
[T+6939179187us][CH1-Dispenser] 02 92
[T+6939209205us][CH2-Pc    ] 62
[T+6939221204us][CH1-Dispenser] 62 E8 E6 E0 E8 E0 E0
[T+6939288180us][CH2-Pc    ] 03
[T+6939293188us][CH1-Dispenser] 03 63
[T+6939366180us][CH2-Pc    ] 04
[T+6939372203us][CH1-Dispenser] 04 64
[T+6939448180us][CH1-Dispenser] 05
[T+6939448315us][CH2-Pc    ] 05
[T+6939622317us][CH1-Dispenser] 06
[T+6939622181us][CH2-Pc    ] 06
[T+6939797180us][CH2-Pc    ] 01
[T+6939805816us][CH1-Dispenser] 01 61
[T+6939875180us][CH2-Pc    ] 02
[T+6939879179us][CH1-Dispenser] 02 92
[T+6939892180us][CH2-Pc    ] 62
[T+6939907205us][CH1-Dispenser] 62 E9 E9 E5 E8 E0 E0
[T+6939970204us][CH2-Pc    ] 03
[T+6939980180us][CH1-Dispenser] 03 63
[T+6940048180us][CH2-Pc    ] 04
[T+6940054219us][CH1-Dispenser] 04 64
[T+6940130180us][CH1-Dispenser] 05
[T+6940130314us][CH2-Pc    ] 05
[T+6940316182us][CH1-Dispenser] 06
[T+6940316319us][CH2-Pc    ] 06
[T+6940498180us][CH2-Pc    ] 01
[T+6940505180us][CH1-Dispenser] 01 61
[T+6940576317us][CH1-Dispenser] 02
[T+6940576180us][CH2-Pc    ] 02
[T+6940588204us][CH1-Dispenser] 92
[T+6940604180us][CH2-Pc    ] 62
[T+6940617180us][CH1-Dispenser] 62 E9 E1 E1 E9 E0 E0
[T+6940682180us][CH2-Pc    ] 03
[T+6940690186us][CH1-Dispenser] 03 63
[T+6940760180us][CH2-Pc    ] 04
[T+6940767179us][CH1-Dispenser] 04 64
[T+6940838180us][CH1-Dispenser] 05
[T+6940838318us][CH2-Pc    ] 05
[T+6941013180us][CH1-Dispenser] 06
[T+6941013315us][CH2-Pc    ] 06
[T+6941188180us][CH2-Pc    ] 01
[T+6941196859us][CH1-Dispenser] 01 61
[T+6941266313us][CH1-Dispenser] 02
[T+6941266180us][CH2-Pc    ] 02
[T+6941279180us][CH1-Dispenser] 92
[T+6941293180us][CH2-Pc    ] 62
[T+6941306180us][CH1-Dispenser] 62 E5 E0 E6 E9 E0 E0
[T+6941373180us][CH2-Pc    ] 03
[T+6941380179us][CH1-Dispenser] 03 63
[T+6941450180us][CH2-Pc    ] 04
[T+6941457180us][CH1-Dispenser] 04 64
[T+6941529315us][CH1-Dispenser] 05
[T+6941529181us][CH2-Pc    ] 05
[T+6941704181us][CH1-Dispenser] 06
[T+6941704318us][CH2-Pc    ] 06
[T+6941878204us][CH2-Pc    ] 01
[T+6941885180us][CH1-Dispenser] 01 61
[T+6941956180us][CH2-Pc    ] 02
[T+6941966365us][CH1-Dispenser] 02 92
[T+6941984816us][CH2-Pc    ] 62
[T+6941999180us][CH1-Dispenser] 62 E4 E8 E6 E9 E0 E0
[T+6942062204us][CH2-Pc    ] 03
[T+6942068814us][CH1-Dispenser] 03 63
[T+6942140204us][CH2-Pc    ] 04
[T+6942149204us][CH1-Dispenser] 04 64
[T+6942218180us][CH1-Dispenser] 05
[T+6942218315us][CH2-Pc    ] 05
[T+6942393181us][CH1-Dispenser] 06
[T+6942393315us][CH2-Pc    ] 06
[T+6942557180us][CH2-Pc    ] 01
[T+6942565183us][CH1-Dispenser] 01 61
[T+6942635180us][CH2-Pc    ] 02
[T+6942640187us][CH1-Dispenser] 02 92
[T+6942662180us][CH2-Pc    ] 62
[T+6942677204us][CH1-Dispenser] 62 E8 E1 E7 E9 E0 E0
[T+6942741180us][CH2-Pc    ] 03
[T+6942751180us][CH1-Dispenser] 03 63
[T+6942819180us][CH2-Pc    ] 04
[T+6942823179us][CH1-Dispenser] 04 64
[T+6942897180us][CH1-Dispenser] 05
[T+6942897318us][CH2-Pc    ] 05
[T+6943082180us][CH1-Dispenser] 06
[T+6943082316us][CH2-Pc    ] 06
[T+6943247181us][CH2-Pc    ] 01
[T+6943258180us][CH1-Dispenser] 01 61
[T+6943324205us][CH2-Pc    ] 02
[T+6943331180us][CH1-Dispenser] 02 92
[T+6943352204us][CH2-Pc    ] 62
[T+6943367204us][CH1-Dispenser] 62 E2 E5 E7 E9 E0 E0
[T+6943442204us][CH2-Pc    ] 03
[T+6943448204us][CH1-Dispenser] 03 63
[T+6943520314us][CH1-Dispenser] 04
[T+6943520181us][CH2-Pc    ] 04
[T+6943531183us][CH1-Dispenser] 64
[T+6943598315us][CH1-Dispenser] 05
[T+6943598181us][CH2-Pc    ] 05
[T+6943775181us][CH1-Dispenser] 06
[T+6943775316us][CH2-Pc    ] 06
[T+6943949204us][CH2-Pc    ] 01
[T+6943955384us][CH1-Dispenser] 01 61
[T+6944028180us][CH2-Pc    ] 02
[T+6944036187us][CH1-Dispenser] 02 92
[T+6944055180us][CH2-Pc    ] 62
[T+6944067204us][CH1-Dispenser] 62 E6 E8 E7 E9 E0 E0
[T+6944134180us][CH2-Pc    ] 03
[T+6944140288us][CH1-Dispenser] 03 63
[T+6944212204us][CH2-Pc    ] 04
[T+6944220180us][CH1-Dispenser] 04 64
[T+6944290181us][CH1-Dispenser] 05
[T+6944290316us][CH2-Pc    ] 05
[T+6944465317us][CH1-Dispenser] 06
[T+6944465181us][CH2-Pc    ] 06
[T+6944640180us][CH2-Pc    ] 01
[T+6944648181us][CH1-Dispenser] 01 61
[T+6944718180us][CH2-Pc    ] 02
[T+6944727218us][CH1-Dispenser] 02 92
[T+6944745204us][CH2-Pc    ] 62
[T+6944756180us][CH1-Dispenser] 62 E1 E3 E8 E9 E0 E0
[T+6944824180us][CH2-Pc    ] 03
[T+6944829179us][CH1-Dispenser] 03 63
[T+6944902180us][CH2-Pc    ] 04
[T+6944908395us][CH1-Dispenser] 04 64
[T+6944980180us][CH1-Dispenser] 05
[T+6944980314us][CH2-Pc    ] 05
[T+6945155181us][CH1-Dispenser] 06
[T+6945155315us][CH2-Pc    ] 06
[T+6945325180us][CH2-Pc    ] 01
[T+6945331203us][CH1-Dispenser] 01 61
[T+6945403180us][CH2-Pc    ] 02
[T+6945410796us][CH1-Dispenser] 02 92
[T+6945431204us][CH2-Pc    ] 62
[T+6945442180us][CH1-Dispenser] 62 E6 E7 E8 E9 E0 E0
[T+6945509180us][CH2-Pc    ] 03
[T+6945513179us][CH1-Dispenser] 03 63
[T+6945576204us][CH2-Pc    ] 04
[T+6945584180us][CH1-Dispenser] 04 64
[T+6945655180us][CH1-Dispenser] 05
[T+6945655316us][CH2-Pc    ] 05
[T+6945829180us][CH1-Dispenser] 06
[T+6945829318us][CH2-Pc    ] 06
[T+6946004180us][CH2-Pc    ] 01
[T+6946011181us][CH1-Dispenser] 01 61
[T+6946080204us][CH2-Pc    ] 02
[T+6946085838us][CH1-Dispenser] 02 92
[T+6946108180us][CH2-Pc    ] 62
[T+6946121180us][CH1-Dispenser] 62 E1 E2 E9 E9 E0 E0
[T+6946186182us][CH2-Pc    ] 03
[T+6946194817us][CH1-Dispenser] 03 63
[T+6946264204us][CH2-Pc    ] 04
[T+6946268179us][CH1-Dispenser] 04 64
[T+6946331316us][CH1-Dispenser] 05
[T+6946331180us][CH2-Pc    ] 05
[T+6946495180us][CH1-Dispenser] 06
[T+6946496181us][CH2-Pc    ] 06
[T+6946670180us][CH2-Pc    ] 01
[T+6946676203us][CH1-Dispenser] 01 61
[T+6946748204us][CH2-Pc    ] 02
[T+6946756187us][CH1-Dispenser] 02 92
[T+6946776180us][CH2-Pc    ] 62
[T+6946787180us][CH1-Dispenser] 62 E7 E6 E9 E9 E0 E0
[T+6946854180us][CH2-Pc    ] 03
[T+6946861229us][CH1-Dispenser] 03 63
[T+6946932180us][CH2-Pc    ] 04
[T+6946940181us][CH1-Dispenser] 04 64
[T+6947010181us][CH1-Dispenser] 05
[T+6947010315us][CH2-Pc    ] 05
[T+6947182180us][CH1-Dispenser] 06
[T+6947182318us][CH2-Pc    ] 06
[T+6947357180us][CH2-Pc    ] 01
[T+6947365183us][CH1-Dispenser] 01 61
[T+6947435180us][CH2-Pc    ] 02
[T+6947445180us][CH1-Dispenser] 02 92
[T+6947462180us][CH2-Pc    ] 62
[T+6947477205us][CH1-Dispenser] 62 E0 E0 E0 E0 E1 E0
[T+6947551180us][CH2-Pc    ] 03
[T+6947558824us][CH1-Dispenser] 03 63
[T+6947629180us][CH2-Pc    ] 04
[T+6947634179us][CH1-Dispenser] 04 64
[T+6947707180us][CH1-Dispenser] 05
[T+6947707316us][CH2-Pc    ] 05
[T+6947871181us][CH1-Dispenser] 06
[T+6947871317us][CH2-Pc    ] 06
[T+6948046205us][CH2-Pc    ] 01
[T+6948051179us][CH1-Dispenser] 01 61
[T+6948124180us][CH2-Pc    ] 02
[T+6948130946us][CH1-Dispenser] 02 92
[T+6948151204us][CH2-Pc    ] 62
[T+6948168180us][CH1-Dispenser] 62 E0 E0 E0 E0 E1 E0
[T+6948252204us][CH2-Pc    ] 03
[T+6948259821us][CH1-Dispenser] 03 63
[T+6948330180us][CH2-Pc    ] 04
[T+6948339180us][CH1-Dispenser] 04 64
[T+6948408307us][CH1-Dispenser] 05
[T+6948408440us][CH2-Pc    ] 05
[T+6948573314us][CH1-Dispenser] 06
[T+6948573180us][CH2-Pc    ] 06
[T+6948747209us][CH2-Pc    ] 01
[T+6948756185us][CH1-Dispenser] 01 61
[T+6948825204us][CH2-Pc    ] 02
[T+6948831219us][CH1-Dispenser] 02 92
[T+6948853180us][CH2-Pc    ] 62
[T+6948868205us][CH1-Dispenser] 62 E0 E0 E0 E0 E1 E0
[T+6948942180us][CH2-Pc    ] 03
[T+6948951218us][CH1-Dispenser] 03 63
[T+6949020204us][CH2-Pc    ] 04
[T+6949031181us][CH1-Dispenser] 04 64
[T+6949098182us][CH1-Dispenser] 05
[T+6949098315us][CH2-Pc    ] 05
[T+6949262316us][CH1-Dispenser] 06
[T+6949262181us][CH2-Pc    ] 06
[T+6949437180us][CH2-Pc    ] 01
[T+6949447181us][CH1-Dispenser] 01 61
[T+6949515180us][CH2-Pc    ] 02
[T+6949520179us][CH1-Dispenser] 02 92
[T+6949542180us][CH2-Pc    ] 62
[T+6949557215us][CH1-Dispenser] 62 E0 E0 E0 E0 E1 E0
[T+6949620204us][CH2-Pc    ] 03
[T+6949629207us][CH1-Dispenser] 03 63
[T+6949699180us][CH2-Pc    ] 04
[T+6949704179us][CH1-Dispenser] 04 64
[T+6949777180us][CH1-Dispenser] 05
[T+6949778179us][CH2-Pc    ] 05
[T+6949952316us][CH1-Dispenser] 06
[T+6949952180us][CH2-Pc    ] 06
[T+6950127180us][CH2-Pc    ] 01
[T+6950136204us][CH1-Dispenser] 01 61
[T+6950205204us][CH2-Pc    ] 02
[T+6950211218us][CH1-Dispenser] 02 92
[T+6950232205us][CH2-Pc    ] 62
[T+6950247204us][CH1-Dispenser] 62 E0 E0 E0 E0 E1 E0
[T+6950311180us][CH2-Pc    ] 03
[T+6950319819us][CH1-Dispenser] 03 63
[T+6950389180us][CH2-Pc    ] 04
[T+6950394179us][CH1-Dispenser] 04 64
[T+6950467181us][CH1-Dispenser] 05
[T+6950467314us][CH2-Pc    ] 05
[T+6950642180us][CH1-Dispenser] 06
[T+6950642316us][CH2-Pc    ] 06
[T+6950817180us][CH2-Pc    ] 01
[T+6950826185us][CH1-Dispenser] 01 61
[T+6950895210us][CH2-Pc    ] 02
[T+6950902180us][CH1-Dispenser] 02 92
[T+6950922180us][CH2-Pc    ] 62
[T+6950936180us][CH1-Dispenser] 62 E0 E0 E0 E0 E1 E0
[T+6951001180us][CH2-Pc    ] 03
[T+6951009182us][CH1-Dispenser] 03 63
[T+6951080180us][CH2-Pc    ] 04
[T+6951085179us][CH1-Dispenser] 04 64
[T+6951157314us][CH1-Dispenser] 05
[T+6951157180us][CH2-Pc    ] 05
[T+6951332181us][CH1-Dispenser] 06
[T+6951332317us][CH2-Pc    ] 06
[T+6951496180us][CH2-Pc    ] 01
[T+6951501179us][CH1-Dispenser] 01 61
[T+6951575180us][CH2-Pc    ] 02
[T+6951581218us][CH1-Dispenser] 02 92
[T+6951602204us][CH2-Pc    ] 62
[T+6951618180us][CH1-Dispenser] 62 E0 E0 E0 E0 E1 E0
[T+6951692180us][CH2-Pc    ] 03
[T+6951699788us][CH1-Dispenser] 03 63
[T+6951770180us][CH2-Pc    ] 04
[T+6951775179us][CH1-Dispenser] 04 64
[T+6951848315us][CH1-Dispenser] 05
[T+6951848181us][CH2-Pc    ] 05
[T+6952012181us][CH1-Dispenser] 06
[T+6952012315us][CH2-Pc    ] 06
[T+6952187180us][CH2-Pc    ] 01
[T+6952197181us][CH1-Dispenser] 01 61
[T+6952267316us][CH1-Dispenser] 02
[T+6952267181us][CH2-Pc    ] 02
[T+6952281180us][CH1-Dispenser] A2
[T+6952845204us][CH2-Pc    ] 03
[T+6952854304us][CH1-Dispenser] 03 63
[T+6952923204us][CH2-Pc    ] 04
[T+6952930179us][CH1-Dispenser] 04 64
[T+6953002316us][CH1-Dispenser] 05
[T+6953002181us][CH2-Pc    ] 05
[T+6953176181us][CH1-Dispenser] 06
[T+6953176317us][CH2-Pc    ] 06
[T+6953340180us][CH2-Pc    ] 01
[T+6953348828us][CH1-Dispenser] 01 61
[T+6953418180us][CH2-Pc    ] 02
[T+6953428180us][CH1-Dispenser] 02 62
[T+6953997180us][CH2-Pc    ] 03
[T+6954005352us][CH1-Dispenser] 03 63
[T+6954075180us][CH2-Pc    ] 04
[T+6954085180us][CH1-Dispenser] 04 64
[T+6954153313us][CH1-Dispenser] 05
[T+6954153180us][CH2-Pc    ] 05
[T+6954327181us][CH1-Dispenser] 06
[T+6954327317us][CH2-Pc    ] 06
[T+6954502180us][CH2-Pc    ] 01
[T+6954512180us][CH1-Dispenser] 01 61
[T+6954580180us][CH2-Pc    ] 02
[T+6954586204us][CH1-Dispenser] 02 62
[T+6954607314us][CH1-Dispenser] 42
[T+6954607180us][CH2-Pc    ] 42
[T+6954659180us][CH1-Dispenser] FF F1 F8 EB E1 E0 E0 E0 F6 E0 F4 F7 E0 E3 E1 E1 F9 E0 E5 E8 E8 E0 E0 FA E0 E0 E0 E0 E1 E0 FB E2 F0
[T+6954681316us][CH1-Dispenser] 52
[T+6954681181us][CH2-Pc    ] 52
[T+6954808180us][CH1-Dispenser] FF F6 E0 F9 E2 E4 E4 E2 E4 E8 E6 E2 FA E9 E0 E8 E4 E2 E1 E5 E8 F4 E0 E3 E1 E1 F5 E0 E0 E0 E0 F6 E1 F9 E9 E4 E4 E2 E3 E8 E5 E3 FA E9 E9 E6 E2 E2 E7 E4 E8 F4 E0 E0 E1 E1 F5 E0 E0 E0 E0 F6 E2 F9 E6 E7 E8 E9 E5 E4 E9 E9 FA E8 E2 E2 E3 E7 E8 E1 E8 F4 E0 E3 E4 E1 F5 E0 E0 E0 E0 FB E4 F0
[T+6954879180us][CH2-Pc    ] 03
[T+6954887188us][CH1-Dispenser] 03 63
[T+6954957180us][CH2-Pc    ] 04
[T+6954966214us][CH1-Dispenser] 04 64
[T+6955035315us][CH1-Dispenser] 05
[T+6955035180us][CH2-Pc    ] 05
[T+6955199180us][CH1-Dispenser] 06
[T+6955199317us][CH2-Pc    ] 06
[T+6955374180us][CH2-Pc    ] 01
[T+6955381876us][CH1-Dispenser] 01 61
[T+6955453207us][CH2-Pc    ] 02
[T+6955460179us][CH1-Dispenser] 02 62
[T+6955483180us][CH1-Dispenser] 42
[T+6955483312us][CH2-Pc    ] 42
[T+6955533180us][CH1-Dispenser] FF F1 F8 EB E1 E0 E0 E0 F6 E0 F4 F7 E0 E3 E1 E1 F9 E0 E5 E8 E8 E0 E0 FA E0 E0 E0 E0 E1 E0 FB E2 F0
[T+6955556322us][CH1-Dispenser] 52
[T+6955556186us][CH2-Pc    ] 52
[T+6955683180us][CH1-Dispenser] FF F6 E0 F9 E2 E4 E4 E2 E4 E8 E6 E2 FA E9 E0 E8 E4 E2 E1 E5 E8 F4 E0 E3 E1 E1 F5 E0 E0 E0 E0 F6 E1 F9 E9 E4 E4 E2 E3 E8 E5 E3 FA E9 E9 E6 E2 E2 E7 E4 E8 F4 E0 E0 E1 E1 F5 E0 E0 E0 E0 F6 E2 F9 E6 E7 E8 E9 E5 E4 E9 E9 FA E8 E2 E2 E3 E7 E8 E1 E8 F4 E0 E3 E4 E1 F5 E0 E0 E0 E0 FB E4 F0
[T+6955818205us][CH2-Pc    ] 03
[T+6955823179us][CH1-Dispenser] 03 63
[T+6955895205us][CH2-Pc    ] 04
[T+6955905181us][CH1-Dispenser] 04 64
[T+6955974316us][CH1-Dispenser] 05
[T+6955974180us][CH2-Pc    ] 05
[T+6956159182us][CH1-Dispenser] 06
[T+6956159320us][CH2-Pc    ] 06
[T+6956323180us][CH2-Pc    ] 01
[T+6956331187us][CH1-Dispenser] 01 61
[T+6956401180us][CH2-Pc    ] 02
[T+6956405179us][CH1-Dispenser] 02 62
[T+6956469180us][CH2-Pc    ] 03
[T+6956474188us][CH1-Dispenser] 03 63
[T+6956547180us][CH2-Pc    ] 04
[T+6956555830us][CH1-Dispenser] 04 64
[T+6956625180us][CH1-Dispenser] 05
[T+6956625313us][CH2-Pc    ] 05
[T+6956800318us][CH1-Dispenser] 06
[T+6956800180us][CH2-Pc    ] 06
[T+6956964180us][CH2-Pc    ] 01
[T+6956973218us][CH1-Dispenser] 01 61
[T+6957042205us][CH2-Pc    ] 02
[T+6957050289us][CH1-Dispenser] 02 62
[T+6957120180us][CH2-Pc    ] 03
[T+6957130180us][CH1-Dispenser] 03 63
[T+6957198180us][CH2-Pc    ] 04
[T+6957204902us][CH1-Dispenser] 04 64
[T+6957276180us][CH1-Dispenser] 05
[T+6957276315us][CH2-Pc    ] 05
[T+6957451181us][CH1-Dispenser] 06
[T+6957451315us][CH2-Pc    ] 06
[T+6957626180us][CH2-Pc    ] 01
[T+6957631179us][CH1-Dispenser] 01 61
[T+6957693180us][CH2-Pc    ] 02
[T+6957703181us][CH1-Dispenser] 02 62
[T+6957779180us][CH2-Pc    ] 03
[T+6957784179us][CH1-Dispenser] 03 63
[T+6957847204us][CH2-Pc    ] 04
[T+6957854801us][CH1-Dispenser] 04 64
[T+6957925314us][CH1-Dispenser] 05
[T+6957925182us][CH2-Pc    ] 05
[T+6958089317us][CH1-Dispenser] 06
[T+6958089181us][CH2-Pc    ] 06
[T+6958265180us][CH2-Pc    ] 01
[T+6958272180us][CH1-Dispenser] 01 61
[T+6958343180us][CH2-Pc    ] 02
[T+6958351181us][CH1-Dispenser] 02 62
[T+6958422180us][CH2-Pc    ] 03
[T+6958431247us][CH1-Dispenser] 03 63
[T+6958501180us][CH2-Pc    ] 04
[T+6958510187us][CH1-Dispenser] 04 64
[T+6958579316us][CH1-Dispenser] 05
[T+6958579181us][CH2-Pc    ] 05
[T+6958769317us][CH1-Dispenser] 06
[T+6958769181us][CH2-Pc    ] 06
[T+6958935180us][CH2-Pc    ] 01
[T+6958942180us][CH1-Dispenser] 01 61
[T+6959014205us][CH2-Pc    ] 02
[T+6959022187us][CH1-Dispenser] 02 62
[T+6959093180us][CH2-Pc    ] 03
[T+6959099219us][CH1-Dispenser] 03 63
[T+6959172180us][CH2-Pc    ] 04
[T+6959180800us][CH1-Dispenser] 04 64
[T+6959250180us][CH1-Dispenser] 05
[T+6959250315us][CH2-Pc    ] 05
[T+6959426180us][CH1-Dispenser] 06
[T+6959426316us][CH2-Pc    ] 06
[T+6959590180us][CH2-Pc    ] 01
[T+6959596204us][CH1-Dispenser] 01 61
[T+6959669180us][CH2-Pc    ] 02
[T+6959676180us][CH1-Dispenser] 02 62
[T+6959747180us][CH2-Pc    ] 03
[T+6959757180us][CH1-Dispenser] 03 63
[T+6959825180us][CH2-Pc    ] 04
[T+6959831203us][CH1-Dispenser] 04 64
[T+6959903180us][CH1-Dispenser] 05
[T+6959904181us][CH2-Pc    ] 05
[T+6960078181us][CH1-Dispenser] 06
[T+6960078318us][CH2-Pc    ] 06
[T+6960256180us][CH2-Pc    ] 01
[T+6960265204us][CH1-Dispenser] 01 61
[T+6960334204us][CH2-Pc    ] 02
[T+6960342789us][CH1-Dispenser] 02 62
[T+6960412180us][CH2-Pc    ] 03
[T+6960420187us][CH1-Dispenser] 03 63
[T+6960490180us][CH2-Pc    ] 04
[T+6960494179us][CH1-Dispenser] 04 64
[T+6960558180us][CH1-Dispenser] 05
[T+6960558314us][CH2-Pc    ] 05
[T+6960732182us][CH1-Dispenser] 06
[T+6960732317us][CH2-Pc    ] 06
[T+6960907180us][CH2-Pc    ] 01
[T+6960912179us][CH1-Dispenser] 01 61
[T+6960985180us][CH2-Pc    ] 02
[T+6960995180us][CH1-Dispenser] 02 62
[T+6961064204us][CH2-Pc    ] 03
[T+6961069187us][CH1-Dispenser] 03 63
[T+6961141204us][CH2-Pc    ] 04
[T+6961150204us][CH1-Dispenser] 04 64
[T+6961220318us][CH1-Dispenser] 05
[T+6961220181us][CH2-Pc    ] 05
[T+6961394314us][CH1-Dispenser] 06
[T+6961394181us][CH2-Pc    ] 06
[T+6961558180us][CH2-Pc    ] 01
[T+6961566181us][CH1-Dispenser] 01 61
[T+6961637180us][CH2-Pc    ] 02
[T+6961643204us][CH1-Dispenser] 02 62
[T+6961715204us][CH2-Pc    ] 03
[T+6961719179us][CH1-Dispenser] 03 63
[T+6961782205us][CH2-Pc    ] 04
[T+6961789180us][CH1-Dispenser] 04 64
[T+6961860315us][CH1-Dispenser] 05
[T+6961860180us][CH2-Pc    ] 05
[T+6962035317us][CH1-Dispenser] 06
[T+6962035181us][CH2-Pc    ] 06
[T+6962199180us][CH2-Pc    ] 01
[T+6962207187us][CH1-Dispenser] 01 61
[T+6962277180us][CH2-Pc    ] 02
[T+6962281179us][CH1-Dispenser] 02 62
[T+6962345180us][CH2-Pc    ] 03
[T+6962350787us][CH1-Dispenser] 03 63
[T+6962423180us][CH2-Pc    ] 04
[T+6962429218us][CH1-Dispenser] 04 64
[T+6962501180us][CH1-Dispenser] 05
[T+6962501316us][CH2-Pc    ] 05
[T+6962676181us][CH1-Dispenser] 06
[T+6962676319us][CH2-Pc    ] 06
[T+6962840180us][CH2-Pc    ] 01
[T+6962847179us][CH1-Dispenser] 01 61
[T+6962918180us][CH2-Pc    ] 02
[T+6962928180us][CH1-Dispenser] 02 62
[T+6962996180us][CH2-Pc    ] 03
[T+6963006181us][CH1-Dispenser] 03 63
[T+6963074180us][CH2-Pc    ] 04
[T+6963081180us][CH1-Dispenser] 04 64
[T+6963152180us][CH1-Dispenser] 05
[T+6963152315us][CH2-Pc    ] 05
[T+6963327316us][CH1-Dispenser] 06
[T+6963327181us][CH2-Pc    ] 06
[T+6963502180us][CH2-Pc    ] 01
[T+6963508218us][CH1-Dispenser] 01 61
[T+6963580204us][CH2-Pc    ] 02
[T+6963589218us][CH1-Dispenser] 02 62
[T+6963658265us][CH2-Pc    ] 03
[T+6963665763us][CH1-Dispenser] 03 63
[T+6963736180us][CH2-Pc    ] 04
[T+6963746180us][CH1-Dispenser] 04 64
[T+6963814180us][CH1-Dispenser] 05
[T+6963814314us][CH2-Pc    ] 05
[T+6963978180us][CH1-Dispenser] 06
[T+6963979179us][CH2-Pc    ] 06
[T+6964153180us][CH2-Pc    ] 01
[T+6964162213us][CH1-Dispenser] 01 61
[T+6964231204us][CH2-Pc    ] 02
[T+6964236188us][CH1-Dispenser] 02 62
[T+6964310183us][CH2-Pc    ] 03
[T+6964314179us][CH1-Dispenser] 03 63
[T+6964377205us][CH2-Pc    ] 04
[T+6964384750us][CH1-Dispenser] 04 64
[T+6964455181us][CH1-Dispenser] 05
[T+6964455315us][CH2-Pc    ] 05
[T+6964619319us][CH1-Dispenser] 06
[T+6964619180us][CH2-Pc    ] 06
[T+6964794180us][CH2-Pc    ] 01
[T+6964802180us][CH1-Dispenser] 01 61
[T+6964872180us][CH2-Pc    ] 02
[T+6964876179us][CH1-Dispenser] 02 62
[T+6964939204us][CH2-Pc    ] 03
[T+6964944800us][CH1-Dispenser] 03 63
[T+6965017180us][CH2-Pc    ] 04
[T+6965025180us][CH1-Dispenser] 04 64
[T+6965096180us][CH1-Dispenser] 05
[T+6965096316us][CH2-Pc    ] 05
[T+6965260182us][CH1-Dispenser] 06
[T+6965260321us][CH2-Pc    ] 06
[T+6965436180us][CH2-Pc    ] 01
[T+6965442204us][CH1-Dispenser] 01 61
[T+6965514205us][CH2-Pc    ] 02
[T+6965523187us][CH1-Dispenser] 02 62
[T+6965593180us][CH2-Pc    ] 03
[T+6965600181us][CH1-Dispenser] 03 63
[T+6965671180us][CH2-Pc    ] 04
[T+6965680218us][CH1-Dispenser] 04 64
[T+6965749316us][CH1-Dispenser] 05
[T+6965749181us][CH2-Pc    ] 05
[T+6965924180us][CH1-Dispenser] 06
[T+6965924313us][CH2-Pc    ] 06
[T+6966089206us][CH2-Pc    ] 01
[T+6966097790us][CH1-Dispenser] 01 61
[T+6966167180us][CH2-Pc    ] 02
[T+6966171179us][CH1-Dispenser] 02 62
[T+6966246204us][CH2-Pc    ] 03
[T+6966256181us][CH1-Dispenser] 03 63
[T+6966324180us][CH2-Pc    ] 04
[T+6966330218us][CH1-Dispenser] 04 64
[T+6966402315us][CH1-Dispenser] 05
[T+6966402180us][CH2-Pc    ] 05
[T+6966577181us][CH1-Dispenser] 06
[T+6966577314us][CH2-Pc    ] 06
[T+6966752180us][CH2-Pc    ] 01
[T+6966757179us][CH1-Dispenser] 01 61
[T+6966830180us][CH2-Pc    ] 02
[T+6966839811us][CH1-Dispenser] 02 62
[T+6966908371us][CH2-Pc    ] 03
[T+6966916454us][CH1-Dispenser] 03 63
[T+6966986180us][CH2-Pc    ] 04
[T+6966995204us][CH1-Dispenser] 04 64
[T+6967064180us][CH1-Dispenser] 05
[T+6967064315us][CH2-Pc    ] 05