[T+18612691us][CH2-Pc    ] 01
[T+18618326us][CH1-Dispenser] 01 61
[T+18690691us][CH2-Pc    ] 02
[T+18696773us][CH1-Dispenser] 02 62
[T+18768715us][CH2-Pc    ] 03
[T+18777632us][CH1-Dispenser] 03 63
[T+18846715us][CH2-Pc    ] 04
[T+18850690us][CH1-Dispenser] 04 64
[T+18914825us][CH1-Dispenser] 05
[T+18914692us][CH2-Pc    ] 05
[T+19078827us][CH1-Dispenser] 06
[T+19078693us][CH2-Pc    ] 06
[T+19252716us][CH2-Pc    ] 01
[T+19264715us][CH1-Dispenser] 01 61
[T+19331691us][CH2-Pc    ] 02
[T+19338366us][CH1-Dispenser] 02 62
[T+19409716us][CH2-Pc    ] 03
[T+19416691us][CH1-Dispenser] 03 63
[T+19487691us][CH2-Pc    ] 04
[T+19496262us][CH1-Dispenser] 04 64
[T+19565691us][CH1-Dispenser] 05
[T+19565823us][CH2-Pc    ] 05
[T+19740826us][CH1-Dispenser] 06
[T+19740693us][CH2-Pc    ] 06
[T+19915691us][CH2-Pc    ] 01
[T+19923698us][CH1-Dispenser] 01 61
[T+19993824us][CH1-Dispenser] 02
[T+19993692us][CH2-Pc    ] 02
[T+20004691us][CH1-Dispenser] 62
[T+20071691us][CH2-Pc    ] 03
[T+20075690us][CH1-Dispenser] 03 63
[T+20138717us][CH2-Pc    ] 04
[T+20146691us][CH1-Dispenser] 04 64
[T+20216827us][CH1-Dispenser] 05
[T+20216691us][CH2-Pc    ] 05
[T+20391827us][CH1-Dispenser] 06
[T+20391691us][CH2-Pc    ] 06
[T+20566691us][CH2-Pc    ] 01
[T+20572729us][CH1-Dispenser] 01 61
[T+20644715us][CH2-Pc    ] 02
[T+20651691us][CH1-Dispenser] 02 62
[T+20722691us][CH2-Pc    ] 03
[T+20731729us][CH1-Dispenser] 03 63
[T+20800717us][CH2-Pc    ] 04
[T+20807691us][CH1-Dispenser] 04 64
[T+20878691us][CH1-Dispenser] 05
[T+20878824us][CH2-Pc    ] 05
[T+21053826us][CH1-Dispenser] 06
[T+21053693us][CH2-Pc    ] 06
[T+21217691us][CH2-Pc    ] 01
[T+21223344us][CH1-Dispenser] 01 61
[T+21295691us][CH2-Pc    ] 02
[T+21302691us][CH1-Dispenser] 02 62
[T+21374716us][CH2-Pc    ] 03
[T+21382698us][CH1-Dispenser] 03 63
[T+21452691us][CH2-Pc    ] 04
[T+21457691us][CH1-Dispenser] 04 64
[T+21530692us][CH1-Dispenser] 05
[T+21530824us][CH2-Pc    ] 05
[T+21705823us][CH1-Dispenser] 06
[T+21705691us][CH2-Pc    ] 06
[T+21880691us][CH2-Pc    ] 01
[T+21887691us][CH1-Dispenser] 01 61
[T+21957691us][CH2-Pc    ] 02
[T+21968691us][CH1-Dispenser] 02 62
[T+22036691us][CH2-Pc    ] 03
[T+22041690us][CH1-Dispenser] 03 63
[T+22114691us][CH2-Pc    ] 04
[T+22120715us][CH1-Dispenser] 04 64
[T+22192692us][CH1-Dispenser] 05
[T+22192824us][CH2-Pc    ] 05
[T+22367827us][CH1-Dispenser] 06
[T+22367692us][CH2-Pc    ] 06
[T+22533691us][CH2-Pc    ] 01
[T+22541691us][CH1-Dispenser] 01 61
[T+22611691us][CH2-Pc    ] 02
[T+22617729us][CH1-Dispenser] 02 62
[T+22689720us][CH2-Pc    ] 03
[T+22695714us][CH1-Dispenser] 03 63
[T+22767715us][CH2-Pc    ] 04
[T+22776903us][CH1-Dispenser] 04 64
[T+22845824us][CH1-Dispenser] 05
[T+22845692us][CH2-Pc    ] 05
[T+23020824us][CH1-Dispenser] 06
[T+23020692us][CH2-Pc    ] 06
[T+23195691us][CH2-Pc    ] 01
[T+23202691us][CH1-Dispenser] 01 61
[T+23273691us][CH2-Pc    ] 02
[T+23283188us][CH1-Dispenser] 02 62
[T+23351715us][CH2-Pc    ] 03
[T+23358691us][CH1-Dispenser] 03 63
[T+23429691us][CH2-Pc    ] 04
[T+23436691us][CH1-Dispenser] 04 64
[T+23507831us][CH1-Dispenser] 05
[T+23507695us][CH2-Pc    ] 05
[T+23671829us][CH1-Dispenser] 06
[T+23671692us][CH2-Pc    ] 06
[T+23846691us][CH2-Pc    ] 01
[T+23854328us][CH1-Dispenser] 01 61
[T+23924691us][CH2-Pc    ] 02
[T+23932691us][CH1-Dispenser] 02 62
[T+24002691us][CH2-Pc    ] 03
[T+24011719us][CH1-Dispenser] 03 63
[T+24080715us][CH2-Pc    ] 04
[T+24086729us][CH1-Dispenser] 04 64
[T+24159826us][CH1-Dispenser] 05
[T+24159693us][CH2-Pc    ] 05
[T+24333829us][CH1-Dispenser] 06
[T+24333691us][CH2-Pc    ] 06
[T+24509691us][CH2-Pc    ] 01
[T+24518715us][CH1-Dispenser] 01 61
[T+24586691us][CH2-Pc    ] 02
[T+24593339us][CH1-Dispenser] 02 62
[T+24664715us][CH2-Pc    ] 03
[T+24672691us][CH1-Dispenser] 03 63
[T+24743691us][CH2-Pc    ] 04
[T+24753691us][CH1-Dispenser] 04 64
[T+24821822us][CH1-Dispenser] 05
[T+24821691us][CH2-Pc    ] 05
[T+24985825us][CH1-Dispenser] 06
[T+24985692us][CH2-Pc    ] 06
[T+25160691us][CH2-Pc    ] 01
[T+25166715us][CH1-Dispenser] 01 61
[T+25238716us][CH2-Pc    ] 02
[T+25242690us][CH1-Dispenser] 02 62
[T+25314715us][CH2-Pc    ] 03
[T+25322698us][CH1-Dispenser] 03 63
[T+25392691us][CH2-Pc    ] 04
[T+25396690us][CH1-Dispenser] 04 64
[T+25460826us][CH1-Dispenser] 05
[T+25460693us][CH2-Pc    ] 05
[T+25623691us][CH1-Dispenser] 06
[T+25624690us][CH2-Pc    ] 06
[T+25805691us][CH2-Pc    ] 01
[T+25813338us][CH1-Dispenser] 01 61
[T+25883691us][CH2-Pc    ] 02
[T+25894264us][CH1-Dispenser] 02 62
[T+25961691us][CH2-Pc    ] 03
[T+25968691us][CH1-Dispenser] 03 63
[T+26040715us][CH2-Pc    ] 04
[T+26047691us][CH1-Dispenser] 04 64
[T+26118691us][CH1-Dispenser] 05
[T+26118825us][CH2-Pc    ] 05
[T+26282824us][CH1-Dispenser] 06
[T+26282691us][CH2-Pc    ] 06
[T+26457691us][CH2-Pc    ] 01
[T+26462690us][CH1-Dispenser] 01 61
[T+26535691us][CH2-Pc    ] 02
[T+26542326us][CH1-Dispenser] 02 62
[T+26613717us][CH2-Pc    ] 03
[T+26622691us][CH1-Dispenser] 03 63
[T+26691716us][CH2-Pc    ] 04
[T+26697729us][CH1-Dispenser] 04 64
[T+26769691us][CH1-Dispenser] 05
[T+26769824us][CH2-Pc    ] 05
[T+26944825us][CH1-Dispenser] 06
[T+26944692us][CH2-Pc    ] 06
[T+27126691us][CH2-Pc    ] 01
[T+27133362us][CH1-Dispenser] 01 61
[T+27204716us][CH2-Pc    ] 02
[T+27212691us][CH1-Dispenser] 02 62
[T+27283691us][CH2-Pc    ] 03
[T+27292729us][CH1-Dispenser] 03 63
[T+27361716us][CH2-Pc    ] 04
[T+27367715us][CH1-Dispenser] 04 64
[T+27439824us][CH1-Dispenser] 05
[T+27439692us][CH2-Pc    ] 05
[T+27618824us][CH1-Dispenser] 06
[T+27618691us][CH2-Pc    ] 06
[T+27786690us][CH1-Dispenser] 01 61
[T+27782691us][CH2-Pc    ] 01
[T+27851691us][CH2-Pc    ] 02
[T+27858380us][CH1-Dispenser] 02 62
[T+27929716us][CH2-Pc    ] 03
[T+27937691us][CH1-Dispenser] 03 63
[T+28007691us][CH2-Pc    ] 04
[T+28012491us][CH1-Dispenser] 04 64
[T+28075823us][CH1-Dispenser] 05
[T+28075691us][CH2-Pc    ] 05
[T+28249693us][CH1-Dispenser] 06
[T+28249825us][CH2-Pc    ] 06
[T+28424743us][CH2-Pc    ] 01
[T+28431691us][CH1-Dispenser] 01 61
[T+28502691us][CH2-Pc    ] 02
[T+28507690us][CH1-Dispenser] 02 62
[T+28581691us][CH2-Pc    ] 03
[T+28588361us][CH1-Dispenser] 03 63
[T+28668717us][CH2-Pc    ] 04
[T+28677716us][CH1-Dispenser] 04 64
[T+28747823us][CH1-Dispenser] 05
[T+28747691us][CH2-Pc    ] 05
[T+28921691us][CH1-Dispenser] 06
[T+28921827us][CH2-Pc    ] 06
[T+29097691us][CH2-Pc    ] 01
[T+29106324us][CH1-Dispenser] 01 61
[T+29175691us][CH2-Pc    ] 02
[T+29183698us][CH1-Dispenser] 02 72
[T+29203691us][CH2-Pc    ] 22
[T+29208690us][CH1-Dispenser] 22 D2
[T+29224832us][CH1-Dispenser] FF
[T+29224699us][CH2-Pc    ] FF
[T+29237834us][CH1-Dispenser] E9
[T+29237694us][CH2-Pc    ] E9
[T+29249823us][CH1-Dispenser] FE
[T+29249691us][CH2-Pc    ] FE
[T+29262829us][CH1-Dispenser] E0
[T+29262695us][CH2-Pc    ] E0
[T+29275695us][CH1-Dispenser] E1
[T+29275826us][CH2-Pc    ] E1
[T+29288825us][CH1-Dispenser] E0
[T+29288693us][CH2-Pc    ] E0
[T+29302823us][CH1-Dispenser] FB
[T+29302691us][CH2-Pc    ] FB
[T+29316046us][CH1-Dispenser] EE
[T+29315894us][CH2-Pc    ] EE
[T+29328691us][CH2-Pc    ] F0
[T+29354691us][CH1-Dispenser] F0 BA B0 B3 B2 B0 B1 B0 B0 B0 B0 B1 B1 B1 B1 B2 C1 B9 8D 8A
[T+29420715us][CH2-Pc    ] 03
[T+29429974us][CH1-Dispenser] 03 63
[T+29497698us][CH2-Pc    ] 04
[T+29507082us][CH1-Dispenser] 04 64
[T+29577824us][CH1-Dispenser] 05
[T+29577691us][CH2-Pc    ] 05
[T+29751691us][CH1-Dispenser] 06
[T+29751828us][CH2-Pc    ] 06
[T+29926691us][CH2-Pc    ] 01
[T+29932715us][CH1-Dispenser] 01 61
[T+30005691us][CH2-Pc    ] 02
[T+30012691us][CH1-Dispenser] 02 72
[T+30043824us][CH1-Dispenser] 22 D2 FF
[T+30043691us][CH2-Pc    ] 22 FF
[T+30056823us][CH1-Dispenser] E9
[T+30056691us][CH2-Pc    ] E9
[T+30069826us][CH1-Dispenser] FE
[T+30069694us][CH2-Pc    ] FE
[T+30081828us][CH1-Dispenser] E0
[T+30081695us][CH2-Pc    ] E0
[T+30094694us][CH1-Dispenser] E1
[T+30094829us][CH2-Pc    ] E1
[T+30107833us][CH1-Dispenser] E0
[T+30107695us][CH2-Pc    ] E0
[T+30119827us][CH1-Dispenser] FB
[T+30119695us][CH2-Pc    ] FB
[T+30132693us][CH1-Dispenser] EE
[T+30132827us][CH2-Pc    ] EE
[T+30145691us][CH2-Pc    ] F0
[T+30176691us][CH1-Dispenser] F0 BA B0 B3 B2 B0 B1 B0 B0 B0 B0 B1 B1 B1 B1 B2 C1 B9 8D 8A
[T+30247698us][CH2-Pc    ] 03
[T+30253288us][CH1-Dispenser] 03 63
[T+30326691us][CH2-Pc    ] 04
[T+30332714us][CH1-Dispenser] 04 64
[T+30420824us][CH1-Dispenser] 05
[T+30420691us][CH2-Pc    ] 05
[T+30595825us][CH1-Dispenser] 06
[T+30595691us][CH2-Pc    ] 06
[T+30770691us][CH2-Pc    ] 01
[T+30777714us][CH1-Dispenser] 01 61
[T+30848691us][CH2-Pc    ] 02
[T+30859691us][CH1-Dispenser] 02 72
[T+30875691us][CH2-Pc    ] 22
[T+30884715us][CH1-Dispenser] 22 D2
[T+30897827us][CH1-Dispenser] FF
[T+30897694us][CH2-Pc    ] FF
[T+30910823us][CH1-Dispenser] E9
[T+30910693us][CH2-Pc    ] E9
[T+30922824us][CH1-Dispenser] FE
[T+30922691us][CH2-Pc    ] FE
[T+30935823us][CH1-Dispenser] E0
[T+30935691us][CH2-Pc    ] E0
[T+30948695us][CH1-Dispenser] E1
[T+30948833us][CH2-Pc    ] E1
[T+30960824us][CH1-Dispenser] E0
[T+30960691us][CH2-Pc    ] E0
[T+30973821us][CH1-Dispenser] FB
[T+30973693us][CH2-Pc    ] FB
[T+30986822us][CH1-Dispenser] EE
[T+30986692us][CH2-Pc    ] EE
[T+30998720us][CH2-Pc    ] F0
[T+31030691us][CH1-Dispenser] F0 BA B0 B3 B2 B0 B1 B0 B0 B0 B0 B1 B1 B1 B1 B2 C1 B9 8D 8A
[T+31101691us][CH2-Pc    ] 03
[T+31107339us][CH1-Dispenser] 03 63
[T+31179691us][CH2-Pc    ] 04
[T+31189691us][CH1-Dispenser] 04 64
[T+31257826us][CH1-Dispenser] 05
[T+31257691us][CH2-Pc    ] 05
[T+31421693us][CH1-Dispenser] 06
[T+31421824us][CH2-Pc    ] 06
[T+31596691us][CH2-Pc    ] 01
[T+31605333us][CH1-Dispenser] 01 61
[T+31674691us][CH2-Pc    ] 02
[T+31682698us][CH1-Dispenser] 02 72
[T+31702691us][CH2-Pc    ] 22
[T+31709691us][CH1-Dispenser] 22 D2
[T+31723824us][CH1-Dispenser] FF
[T+31723691us][CH2-Pc    ] FF
[T+31736825us][CH1-Dispenser] E9
[T+31736692us][CH2-Pc    ] E9
[T+31748821us][CH1-Dispenser] FE
[T+31748693us][CH2-Pc    ] FE
[T+31761856us][CH1-Dispenser] E0
[T+31761726us][CH2-Pc    ] E0
[T+31774691us][CH1-Dispenser] E1
[T+31774799us][CH2-Pc    ] E1
[T+31787954us][CH1-Dispenser] E0
[T+31787807us][CH2-Pc    ] E0
[T+31799823us][CH1-Dispenser] FB
[T+31799691us][CH2-Pc    ] FB
[T+31812692us][CH1-Dispenser] EE
[T+31812825us][CH2-Pc    ] EE
[T+31824725us][CH2-Pc    ] F0
[T+31855691us][CH1-Dispenser] F0 BA B0 B3 B2 B0 B1 B0 B0 B0 B0 B1 B1 B1 B1 B2 C1 B9 8D 8A
[T+31926691us][CH2-Pc    ] 03
[T+31932714us][CH1-Dispenser] 03 63
[T+32004715us][CH2-Pc    ] 04
[T+32013729us][CH1-Dispenser] 04 64
[T+32082823us][CH1-Dispenser] 05
[T+32082692us][CH2-Pc    ] 05
[T+32257824us][CH1-Dispenser] 06
[T+32257692us][CH2-Pc    ] 06
[T+32421691us][CH2-Pc    ] 01
[T+32428691us][CH1-Dispenser] 01 61
[T+32499691us][CH2-Pc    ] 02
[T+32507693us][CH1-Dispenser] 02 72
[T+32528716us][CH2-Pc    ] 22
[T+32535691us][CH1-Dispenser] 22 D2
[T+32549832us][CH1-Dispenser] FF
[T+32549694us][CH2-Pc    ] FF
[T+32562821us][CH1-Dispenser] E9
[T+32562691us][CH2-Pc    ] E9
[T+32574825us][CH1-Dispenser] FE
[T+32574691us][CH2-Pc    ] FE
[T+32587821us][CH1-Dispenser] E0
[T+32587691us][CH2-Pc    ] E0
[T+32600825us][CH1-Dispenser] E1
[T+32600691us][CH2-Pc    ] E1
[T+32613828us][CH1-Dispenser] E0
[T+32613695us][CH2-Pc    ] E0
[T+32625829us][CH1-Dispenser] FB
[T+32625695us][CH2-Pc    ] FB
[T+32638820us][CH1-Dispenser] EE
[T+32638691us][CH2-Pc    ] EE
[T+32651691us][CH2-Pc    ] F0
[T+32680691us][CH1-Dispenser] F0 BA B0 B3 B2 B0 B1 B0 B0 B0 B0 B1 B1 B1 B1 B2 C1 B9 8D 8A
[T+32752716us][CH2-Pc    ] 03
[T+32759691us][CH1-Dispenser] 03 63
[T+32830691us][CH2-Pc    ] 04
[T+32836729us][CH1-Dispenser] 04 64
[T+32908824us][CH1-Dispenser] 05
[T+32908691us][CH2-Pc    ] 05
[T+33083824us][CH1-Dispenser] 06
[T+33083692us][CH2-Pc    ] 06
[T+33258691us][CH2-Pc    ] 01
[T+33263330us][CH1-Dispenser] 01 61
[T+33325716us][CH2-Pc    ] 02
[T+33333691us][CH1-Dispenser] 02 72
[T+33353691us][CH2-Pc    ] 22
[T+33358690us][CH1-Dispenser] 22 D2
[T+33374823us][CH1-Dispenser] FF
[T+33374691us][CH2-Pc    ] FF
[T+33387825us][CH1-Dispenser] E9
[T+33387693us][CH2-Pc    ] E9
[T+33400832us][CH1-Dispenser] FE
[T+33400694us][CH2-Pc    ] FE
[T+33412822us][CH1-Dispenser] E0
[T+33412691us][CH2-Pc    ] E0
[T+33425695us][CH1-Dispenser] E1
[T+33425829us][CH2-Pc    ] E1
[T+33438820us][CH1-Dispenser] E0
[T+33438691us][CH2-Pc    ] E0
[T+33450823us][CH1-Dispenser] FB
[T+33450691us][CH2-Pc    ] FB
[T+33463827us][CH1-Dispenser] EE
[T+33463694us][CH2-Pc    ] EE
[T+33476691us][CH2-Pc    ] F0
[T+33505691us][CH1-Dispenser] F0 BA B0 B3 B2 B0 B1 B0 B0 B0 B0 B1 B1 B1 B1 B2 C1 B9 8D 8A
[T+33579691us][CH2-Pc    ] 03
[T+33588729us][CH1-Dispenser] 03 63
[T+33657716us][CH2-Pc    ] 04
[T+33661690us][CH1-Dispenser] 04 64
[T+33725827us][CH1-Dispenser] 05
[T+33725691us][CH2-Pc    ] 05
[T+33889692us][CH1-Dispenser] 06
[T+33889826us][CH2-Pc    ] 06
[T+34064691us][CH2-Pc    ] 01
[T+34074077us][CH1-Dispenser] 01 61
[T+34142715us][CH2-Pc    ] 02
[T+34147700us][CH1-Dispenser] 02 72
[T+34169691us][CH2-Pc    ] 22
[T+34178716us][CH1-Dispenser] 22 D2
[T+34191694us][CH1-Dispenser] FF
[T+34191834us][CH2-Pc    ] FF
[T+34203823us][CH1-Dispenser] E9
[T+34203691us][CH2-Pc    ] E9
[T+34216824us][CH1-Dispenser] FE
[T+34216691us][CH2-Pc    ] FE
[T+34229828us][CH1-Dispenser] E0
[T+34229694us][CH2-Pc    ] E0
[T+34241691us][CH1-Dispenser] E1
[T+34243053us][CH2-Pc    ] E1
[T+34255694us][CH1-Dispenser] E0
[T+34255833us][CH2-Pc    ] E0
[T+34267694us][CH1-Dispenser] FB
[T+34267827us][CH2-Pc    ] FB
[T+34280693us][CH1-Dispenser] EE
[T+34280824us][CH2-Pc    ] EE
[T+34292715us][CH2-Pc    ] F0
[T+34323691us][CH1-Dispenser] F0 BA B0 B3 B2 B0 B1 B0 B0 B0 B0 B1 B1 B1 B1 B2 C1 B9 8D 8A
[T+34395715us][CH2-Pc    ] 03
[T+34402691us][CH1-Dispenser] 03 63
[T+34473691us][CH2-Pc    ] 04
[T+34481698us][CH1-Dispenser] 04 64
[T+34551823us][CH1-Dispenser] 05
[T+34551692us][CH2-Pc    ] 05
[T+34727691us][CH1-Dispenser] 06
[T+34727827us][CH2-Pc    ] 06
[T+34891691us][CH2-Pc    ] 01
[T+34898691us][CH1-Dispenser] 01 61
[T+34969691us][CH2-Pc    ] 02
[T+34978728us][CH1-Dispenser] 02 72
[T+34996715us][CH2-Pc    ] 22
[T+35005721us][CH1-Dispenser] 22 D2
[T+35018693us][CH1-Dispenser] FF
[T+35018831us][CH2-Pc    ] FF
[T+35031823us][CH1-Dispenser] E9
[T+35031691us][CH2-Pc    ] E9
[T+35043830us][CH1-Dispenser] FE
[T+35043695us][CH2-Pc    ] FE
[T+35056829us][CH1-Dispenser] E0
[T+35056694us][CH2-Pc    ] E0
[T+35069839us][CH1-Dispenser] E1
[T+35069699us][CH2-Pc    ] E1
[T+35082691us][CH1-Dispenser] E0
[T+35081691us][CH2-Pc    ] E0
[T+35094827us][CH1-Dispenser] FB
[T+35094694us][CH2-Pc    ] FB
[T+35107835us][CH1-Dispenser] EE
[T+35107697us][CH2-Pc    ] EE
[T+35120691us][CH2-Pc    ] F0
[T+35150716us][CH1-Dispenser] F0 BA B0 B3 B2 B0 B1 B0 B0 B0 B0 B1 B1 B1 B1 B2 C1 B9 8D 8A
[T+35221691us][CH2-Pc    ] 03
[T+35228373us][CH1-Dispenser] 03 63
[T+35299716us][CH2-Pc    ] 04
[T+35307691us][CH1-Dispenser] 04 64
[T+35377691us][CH1-Dispenser] 05
[T+35377824us][CH2-Pc    ] 05
[T+35552825us][CH1-Dispenser] 06
[T+35552692us][CH2-Pc    ] 06
[T+35727691us][CH2-Pc    ] 01
[T+35734691us][CH1-Dispenser] 01 61
[T+35805691us][CH2-Pc    ] 02
[T+35814729us][CH1-Dispenser] 02 72
[T+35832715us][CH2-Pc    ] 22
[T+35837690us][CH1-Dispenser] 22 D2
[T+35854823us][CH1-Dispenser] FF
[T+35854691us][CH2-Pc    ] FF
[T+35866832us][CH1-Dispenser] E9
[T+35866698us][CH2-Pc    ] E9
[T+35879827us][CH1-Dispenser] FE
[T+35879694us][CH2-Pc    ] FE
[T+35892834us][CH1-Dispenser] E0
[T+35892695us][CH2-Pc    ] E0
[T+35905695us][CH1-Dispenser] E1
[T+35905832us][CH2-Pc    ] E1
[T+35917827us][CH1-Dispenser] E0
[T+35917694us][CH2-Pc    ] E0
[T+35930836us][CH1-Dispenser] FB
[T+35930699us][CH2-Pc    ] FB
[T+35944691us][CH1-Dispenser] EE
[T+35944818us][CH2-Pc    ] EE
[T+35956715us][CH2-Pc    ] F0
[T+35985691us][CH1-Dispenser] F0 BA B0 B3 B2 B0 B1 B0 B0 B0 B0 B1 B1 B1 B1 B2 C1 B9 8D 8A
[T+36058691us][CH2-Pc    ] 03
[T+36067720us][CH1-Dispenser] 03 63
[T+36136716us][CH2-Pc    ] 04
[T+36143691us][CH1-Dispenser] 04 64
[T+36214824us][CH1-Dispenser] 05
[T+36214691us][CH2-Pc    ] 05
[T+36389827us][CH1-Dispenser] 06
[T+36389691us][CH2-Pc    ] 06
[T+36564691us][CH2-Pc    ] 01
[T+36574691us][CH1-Dispenser] 01 61
[T+36642691us][CH2-Pc    ] 02
[T+36649363us][CH1-Dispenser] 02 72
[T+36669717us][CH2-Pc    ] 22
[T+36677692us][CH1-Dispenser] 22 D2
[T+36691692us][CH1-Dispenser] FF
[T+36691826us][CH2-Pc    ] FF
[T+36704824us][CH1-Dispenser] E9
[T+36704693us][CH2-Pc    ] E9
[T+36716823us][CH1-Dispenser] FE
[T+36716691us][CH2-Pc    ] FE
[T+36729827us][CH1-Dispenser] E0
[T+36729695us][CH2-Pc    ] E0
[T+36742693us][CH1-Dispenser] E1
[T+36742823us][CH2-Pc    ] E1
[T+36754828us][CH1-Dispenser] E0
[T+36754694us][CH2-Pc    ] E0
[T+36767823us][CH1-Dispenser] FB
[T+36767691us][CH2-Pc    ] FB
[T+36780834us][CH1-Dispenser] EE
[T+36780699us][CH2-Pc    ] EE
[T+36792734us][CH2-Pc    ] F0
[T+36821692us][CH1-Dispenser] F0 BA B0 B3 B2 B0 B1 B0 B0 B0 B0 B1 B1 B1 B1 B2 C1 B9 8D 8A
[T+36895691us][CH2-Pc    ] 03
[T+36903698us][CH1-Dispenser] 03 63
[T+36973691us][CH2-Pc    ] 04
[T+36977690us][CH1-Dispenser] 04 64
[T+37041824us][CH1-Dispenser] 05
[T+37041692us][CH2-Pc    ] 05
[T+37227827us][CH1-Dispenser] 06
[T+37227692us][CH2-Pc    ] 06
[T+37391691us][CH2-Pc    ] 01
[T+37398691us][CH1-Dispenser] 01 61
[T+37469691us][CH2-Pc    ] 02
[T+37479691us][CH1-Dispenser] 02 72
[T+37496691us][CH2-Pc    ] 22
[T+37506691us][CH1-Dispenser] 22 D2
[T+37518691us][CH1-Dispenser] FF
[T+37518825us][CH2-Pc    ] FF
[T+37531696us][CH1-Dispenser] E9
[T+37531835us][CH2-Pc    ] E9
[T+37544827us][CH1-Dispenser] FE
[T+37544694us][CH2-Pc    ] FE
[T+37556941us][CH2-Pc    ] E0
[T+37557889us][CH1-Dispenser] E0
[T+37569821us][CH1-Dispenser] E1
[T+37569691us][CH2-Pc    ] E1
[T+37581826us][CH1-Dispenser] E0
[T+37581695us][CH2-Pc    ] E0
[T+37594834us][CH1-Dispenser] FB
[T+37594695us][CH2-Pc    ] FB
[T+37607706us][CH1-Dispenser] EE
[T+37607855us][CH2-Pc    ] EE
[T+37629691us][CH2-Pc    ] F0
[T+37657691us][CH1-Dispenser] F0 BA B0 B3 B2 B0 B1 B0 B0 B0 B0 B1 B1 B1 B1 B2 C1 B9 8D 8A
[T+37728691us][CH2-Pc    ] 03
[T+37734729us][CH1-Dispenser] 03 63
[T+37806716us][CH2-Pc    ] 04
[T+37813691us][CH1-Dispenser] 04 64
[T+37884691us][CH1-Dispenser] 05
[T+37884823us][CH2-Pc    ] 05
[T+38062824us][CH1-Dispenser] 06
[T+38062691us][CH2-Pc    ] 06
[T+38237691us][CH2-Pc    ] 01
[T+38242698us][CH1-Dispenser] 01 61
[T+38315691us][CH2-Pc    ] 02
[T+38322691us][CH1-Dispenser] 02 72
[T+38342691us][CH2-Pc    ] 22
[T+38347690us][CH1-Dispenser] 22 D2
[T+38364836us][CH1-Dispenser] FF
[T+38364699us][CH2-Pc    ] FF
[T+38376823us][CH1-Dispenser] E9
[T+38376691us][CH2-Pc    ] E9
[T+38389826us][CH1-Dispenser] FE
[T+38389692us][CH2-Pc    ] FE
[T+38402833us][CH1-Dispenser] E0
[T+38402695us][CH2-Pc    ] E0
[T+38414831us][CH1-Dispenser] E1
[T+38414695us][CH2-Pc    ] E1
[T+38427828us][CH1-Dispenser] E0
[T+38427693us][CH2-Pc    ] E0
[T+38440827us][CH1-Dispenser] FB
[T+38440695us][CH2-Pc    ] FB
[T+38453693us][CH1-Dispenser] EE
[T+38453823us][CH2-Pc    ] EE
[T+38465715us][CH2-Pc    ] F0
[T+38495716us][CH1-Dispenser] F0 BA B0 B3 B2 B0 B1 B0 B0 B0 B0 B1 B1 B1 B1 B2 C1 B9 8D 8A
[T+38568691us][CH2-Pc    ] 03
[T+38573698us][CH1-Dispenser] 03 63
[T+38646691us][CH2-Pc    ] 04
[T+38652714us][CH1-Dispenser] 04 64
[T+38724691us][CH1-Dispenser] 05
[T+38724823us][CH2-Pc    ] 05
[T+38899691us][CH1-Dispenser] 06
[T+38899827us][CH2-Pc    ] 06
[T+39063691us][CH2-Pc    ] 01
[T+39068690us][CH1-Dispenser] 01 61
[T+39141691us][CH2-Pc    ] 02
[T+39151692us][CH1-Dispenser] 02 72
[T+39179823us][CH1-Dispenser] 22 D2 FF
[T+39179691us][CH2-Pc    ] 22 FF
[T+39192824us][CH1-Dispenser] E9
[T+39192691us][CH2-Pc    ] E9
[T+39204824us][CH1-Dispenser] FE
[T+39204693us][CH2-Pc    ] FE
[T+39217825us][CH1-Dispenser] E0
[T+39217694us][CH2-Pc    ] E0
[T+39230691us][CH1-Dispenser] E1
[T+39230826us][CH2-Pc    ] E1
[T+39242693us][CH1-Dispenser] E0
[T+39242824us][CH2-Pc    ] E0
[T+39255828us][CH1-Dispenser] FB
[T+39255694us][CH2-Pc    ] FB
[T+39268695us][CH1-Dispenser] EE
[T+39268827us][CH2-Pc    ] EE
[T+39281701us][CH2-Pc    ] F0
[T+39311716us][CH1-Dispenser] F0 BA B0 B3 B2 B0 B1 B0 B0 B0 B0 B1 B1 B1 B1 B2 C1 B9 8D 8A
[T+39383716us][CH2-Pc    ] 03
[T+39388691us][CH1-Dispenser] 03 63
[T+39461691us][CH2-Pc    ] 04
[T+39469691us][CH1-Dispenser] 04 64
[T+39539823us][CH1-Dispenser] 05
[T+39539691us][CH2-Pc    ] 05
[T+39703825us][CH1-Dispenser] 06
[T+39703693us][CH2-Pc    ] 06
[T+39879691us][CH2-Pc    ] 01
[T+39888729us][CH1-Dispenser] 01 61
[T+39957715us][CH2-Pc    ] 02
[T+39963715us][CH1-Dispenser] 02 72
[T+39985691us][CH2-Pc    ] 22
[T+39992739us][CH1-Dispenser] 22 D2
[T+40006691us][CH1-Dispenser] FF
[T+40006826us][CH2-Pc    ] FF
[T+40019826us][CH1-Dispenser] E9
[T+40019695us][CH2-Pc    ] E9
[T+40031829us][CH1-Dispenser] FE
[T+40031695us][CH2-Pc    ] FE
[T+40044826us][CH1-Dispenser] E0
[T+40044695us][CH2-Pc    ] E0
[T+40057823us][CH1-Dispenser] E1
[T+40057691us][CH2-Pc    ] E1
[T+40072826us][CH1-Dispenser] E0
[T+40072692us][CH2-Pc    ] E0
[T+40085826us][CH1-Dispenser] FB
[T+40085693us][CH2-Pc    ] FB
[T+40098691us][CH1-Dispenser] EE
[T+40098823us][CH2-Pc    ] EE
[T+40117691us][CH2-Pc    ] F0
[T+40145691us][CH1-Dispenser] F0 BA B0 B3 B2 B0 B1 B0 B0 B0 B0 B1 B1 B1 B1 B2 C1 B9 8D 8A
[T+40222690us][CH1-Dispenser] 03 63
[T+40218691us][CH2-Pc    ] 03
[T+40285716us][CH2-Pc    ] 04
[T+40292691us][CH1-Dispenser] 04 64
[T+40363691us][CH1-Dispenser] 05
[T+40364692us][CH2-Pc    ] 05
[T+40539691us][CH1-Dispenser] 06
[T+40539827us][CH2-Pc    ] 06
[T+40702691us][CH2-Pc    ] 01
[T+40709692us][CH1-Dispenser] 01 61
[T+40780691us][CH2-Pc    ] 02
[T+40789729us][CH1-Dispenser] 02 72
[T+40808691us][CH2-Pc    ] 22
[T+40815386us][CH1-Dispenser] 22 D2
[T+40829824us][CH1-Dispenser] FF
[T+40829691us][CH2-Pc    ] FF
[T+40842831us][CH1-Dispenser] E9
[T+40842696us][CH2-Pc    ] E9
[T+40855824us][CH1-Dispenser] FE
[T+40855693us][CH2-Pc    ] FE
[T+40867823us][CH1-Dispenser] E0
[T+40867691us][CH2-Pc    ] E0
[T+40880821us][CH1-Dispenser] E1
[T+40880691us][CH2-Pc    ] E1
[T+40893834us][CH1-Dispenser] E0
[T+40893697us][CH2-Pc    ] E0
[T+40906502us][CH1-Dispenser] FB
[T+40905953us][CH2-Pc    ] FB
[T+40920178us][CH1-Dispenser] EE
[T+40920026us][CH2-Pc    ] EE
[T+40931719us][CH2-Pc    ] F0
[T+40960691us][CH1-Dispenser] F0 BA B0 B3 B2 B0 B1 B0 B0 B0 B0 B1 B1 B1 B1 B2 C1 B9 8D 8A
[T+41034691us][CH2-Pc    ] 03
[T+41044691us][CH1-Dispenser] 03 63
[T+41111691us][CH2-Pc    ] 04
[T+41118329us][CH1-Dispenser] 04 64
[T+41190691us][CH1-Dispenser] 05
[T+41190828us][CH2-Pc    ] 05
[T+41364826us][CH1-Dispenser] 06
[T+41364692us][CH2-Pc    ] 06
[T+41539691us][CH2-Pc    ] 01
[T+41549691us][CH1-Dispenser] 01 61
[T+41617691us][CH2-Pc    ] 02
[T+41623714us][CH1-Dispenser] 02 72
[T+41645691us][CH2-Pc    ] 22
[T+41653705us][CH1-Dispenser] 22 D2
[T+41666695us][CH1-Dispenser] FF
[T+41666834us][CH2-Pc    ] FF
[T+41679833us][CH1-Dispenser] E9
[T+41679695us][CH2-Pc    ] E9
[T+41691820us][CH1-Dispenser] FE
[T+41691691us][CH2-Pc    ] FE
[T+41704822us][CH1-Dispenser] E0
[T+41704692us][CH2-Pc    ] E0
[T+41717830us][CH1-Dispenser] E1
[T+41717695us][CH2-Pc    ] E1
[T+41730824us][CH1-Dispenser] E0
[T+41730693us][CH2-Pc    ] E0
[T+41742821us][CH1-Dispenser] FB
[T+41742691us][CH2-Pc    ] FB
[T+41755820us][CH1-Dispenser] EE
[T+41755691us][CH2-Pc    ] EE
[T+41769691us][CH2-Pc    ] F0
[T+41796717us][CH1-Dispenser] F0 BA B0 B3 B2 B0 B1 B0 B0 B0 B0 B1 B1 B1 B1 B2 C1 B9 8D 8A
[T+41861691us][CH2-Pc    ] 03
[T+41867715us][CH1-Dispenser] 03 63
[T+41939721us][CH2-Pc    ] 04
[T+41948715us][CH1-Dispenser] 04 64
[T+42017824us][CH1-Dispenser] 05
[T+42017691us][CH2-Pc    ] 05
[T+42192690us][CH1-Dispenser] 06
[T+42191691us][CH2-Pc    ] 06
[T+42366715us][CH2-Pc    ] 01
[T+42372729us][CH1-Dispenser] 01 61
[T+42444715us][CH2-Pc    ] 02
[T+42454691us][CH1-Dispenser] 02 72
[T+42472716us][CH2-Pc    ] 22
[T+42481729us][CH1-Dispenser] 22 D2
[T+42493691us][CH1-Dispenser] FF
[T+42493824us][CH2-Pc    ] FF
[T+42506821us][CH1-Dispenser] E9
[T+42506691us][CH2-Pc    ] E9
[T+42528824us][CH1-Dispenser] FE
[T+42528691us][CH2-Pc    ] FE
[T+42549821us][CH1-Dispenser] E0
[T+42549691us][CH2-Pc    ] E0
[T+42562826us][CH1-Dispenser] E1
[T+42562693us][CH2-Pc    ] E1
[T+42575694us][CH1-Dispenser] E0
[T+42576368us][CH2-Pc    ] E0
[T+42588691us][CH1-Dispenser] FB
[T+42588146us][CH2-Pc    ] FB
[T+42600964us][CH1-Dispenser] EE
[T+42600826us][CH2-Pc    ] EE
[T+42612801us][CH2-Pc    ] F0
[T+42641691us][CH1-Dispenser] F0 BA B0 B3 B2 B0 B1 B0 B0 B0 B0 B1 B1 B1 B1 B2 C1 B9 8D 8A
[T+42715691us][CH2-Pc    ] 03
[T+42723692us][CH1-Dispenser] 03 63
[T+42793691us][CH2-Pc    ] 04
[T+42797691us][CH1-Dispenser] 04 64
[T+42861696us][CH1-Dispenser] 05
[T+42861831us][CH2-Pc    ] 05
[T+43035824us][CH1-Dispenser] 06
[T+43035691us][CH2-Pc    ] 06
[T+43210691us][CH2-Pc    ] 01
[T+43219264us][CH1-Dispenser] 01 61
[T+43288691us][CH2-Pc    ] 02
[T+43293690us][CH1-Dispenser] 02 72
[T+43315691us][CH2-Pc    ] 22
[T+43324729us][CH1-Dispenser] 22 D2
[T+43337824us][CH1-Dispenser] FF
[T+43337691us][CH2-Pc    ] FF
[T+43350826us][CH1-Dispenser] E9
[T+43350694us][CH2-Pc    ] E9
[T+43362818us][CH1-Dispenser] FE
[T+43362691us][CH2-Pc    ] FE
[T+43375827us][CH1-Dispenser] E0
[T+43375692us][CH2-Pc    ] E0
[T+43388878us][CH1-Dispenser] E1
[T+43388740us][CH2-Pc    ] E1
[T+43400935us][CH1-Dispenser] E0
[T+43400803us][CH2-Pc    ] E0
[T+43416824us][CH1-Dispenser] FB
[T+43416691us][CH2-Pc    ] FB
[T+43429244us][CH1-Dispenser] EE
[T+43429093us][CH2-Pc    ] EE
[T+43440725us][CH2-Pc    ] F0
[T+43471691us][CH1-Dispenser] F0 BA B0 B3 B2 B0 B1 B0 B0 B0 B0 B1 B1 B1 B1 B2 C1 B9 8D 8A
[T+43543715us][CH2-Pc    ] 03
[T+43548690us][CH1-Dispenser] 03 63
[T+43621691us][CH2-Pc    ] 04
[T+43628375us][CH1-Dispenser] 04 64
[T+43699693us][CH1-Dispenser] 05
[T+43699826us][CH2-Pc    ] 05
[T+43878826us][CH1-Dispenser] 06
[T+43878692us][CH2-Pc    ] 06
[T+44045691us][CH2-Pc    ] 01
[T+44054730us][CH1-Dispenser] 01 61
[T+44123715us][CH2-Pc    ] 02
[T+44129715us][CH1-Dispenser] 02 72
[T+44150716us][CH2-Pc    ] 22
[T+44159301us][CH1-Dispenser] 22 D2
[T+44172832us][CH1-Dispenser] FF
[T+44172695us][CH2-Pc    ] FF
[T+44185833us][CH1-Dispenser] E9
[T+44185695us][CH2-Pc    ] E9
[T+44197833us][CH1-Dispenser] FE
[T+44197694us][CH2-Pc    ] FE
[T+44210832us][CH1-Dispenser] E0
[T+44210695us][CH2-Pc    ] E0
[T+44223830us][CH1-Dispenser] E1
[T+44223695us][CH2-Pc    ] E1
[T+44235827us][CH1-Dispenser] E0
[T+44235695us][CH2-Pc    ] E0
[T+44250823us][CH1-Dispenser] FB
[T+44250691us][CH2-Pc    ] FB
[T+44262704us][CH1-Dispenser] EE
[T+44262839us][CH2-Pc    ] EE
[T+44275695us][CH2-Pc    ] F0
[T+44306691us][CH1-Dispenser] F0 BA B0 B3 B2 B0 B1 B0 B0 B0 B0 B1 B1 B1 B1 B2 C1 B9 8D 8A
[T+44376691us][CH2-Pc    ] 03
[T+44385227us][CH1-Dispenser] 03 63
[T+44454691us][CH2-Pc    ] 04
[T+44465691us][CH1-Dispenser] 04 64
[T+44535824us][CH1-Dispenser] 05
[T+44535692us][CH2-Pc    ] 05
[T+44710692us][CH1-Dispenser] 06
[T+44710824us][CH2-Pc    ] 06
[T+44874691us][CH2-Pc    ] 01
[T+44882692us][CH1-Dispenser] 01 61
[T+44952691us][CH2-Pc    ] 02
[T+44958714us][CH1-Dispenser] 02 72
[T+44980691us][CH2-Pc    ] 22
[T+44989739us][CH1-Dispenser] 22 D2
[T+45001691us][CH1-Dispenser] FF
[T+45001823us][CH2-Pc    ] FF
[T+45015831us][CH1-Dispenser] E9
[T+45015694us][CH2-Pc    ] E9
[T+45027609us][CH1-Dispenser] FE
[T+45026784us][CH2-Pc    ] FE
[T+45039832us][CH1-Dispenser] E0
[T+45039695us][CH2-Pc    ] E0
[T+45052829us][CH1-Dispenser] E1
[T+45052695us][CH2-Pc    ] E1
[T+45064827us][CH1-Dispenser] E0
[T+45064695us][CH2-Pc    ] E0
[T+45077827us][CH1-Dispenser] FB
[T+45077694us][CH2-Pc    ] FB
[T+45090823us][CH1-Dispenser] EE
[T+45090691us][CH2-Pc    ] EE
[T+45103691us][CH2-Pc    ] F0
[T+45131691us][CH1-Dispenser] F0 BA B0 B3 B2 B0 B1 B0 B0 B0 B0 B1 B1 B1 B1 B2 C1 B9 8D 8A
[T+45205691us][CH2-Pc    ] 03
[T+45214288us][CH1-Dispenser] 03 63
[T+45283691us][CH2-Pc    ] 04
[T+45293692us][CH1-Dispenser] 04 64
[T+45362691us][CH1-Dispenser] 05
[T+45361691us][CH2-Pc    ] 05
[T+45536824us][CH1-Dispenser] 06
[T+45536691us][CH2-Pc    ] 06
[T+45711691us][CH2-Pc    ] 01
[T+45719691us][CH1-Dispenser] 01 61
[T+45789691us][CH2-Pc    ] 02
[T+45798717us][CH1-Dispenser] 02 72
[T+45817691us][CH2-Pc    ] 22
[T+45823729us][CH1-Dispenser] 22 D2
[T+45838824us][CH1-Dispenser] FF
[T+45838691us][CH2-Pc    ] FF
[T+45851827us][CH1-Dispenser] E9
[T+45851693us][CH2-Pc    ] E9
[T+45863827us][CH1-Dispenser] FE
[T+45863693us][CH2-Pc    ] FE
[T+45876823us][CH1-Dispenser] E0
[T+45876691us][CH2-Pc    ] E0
[T+45889825us][CH1-Dispenser] E1
[T+45889694us][CH2-Pc    ] E1
[T+45901823us][CH1-Dispenser] E0
[T+45901692us][CH2-Pc    ] E0
[T+45914821us][CH1-Dispenser] FB
[T+45914692us][CH2-Pc    ] FB
[T+45927828us][CH1-Dispenser] EE
[T+45927696us][CH2-Pc    ] EE
[T+45940691us][CH2-Pc    ] F0
[T+45972691us][CH1-Dispenser] F0 BA B0 B3 B2 B0 B1 B0 B0 B0 B0 B1 B1 B1 B1 B2 C1 B9 8D 8A
[T+46061691us][CH2-Pc    ] 03
[T+46067715us][CH1-Dispenser] 03 63
[T+46139718us][CH2-Pc    ] 04
[T+46148715us][CH1-Dispenser] 04 64
[T+46217890us][CH1-Dispenser] 05
[T+46217691us][CH2-Pc    ] 05
[T+46392691us][CH1-Dispenser] 06
[T+46392823us][CH2-Pc    ] 06
[T+46566715us][CH2-Pc    ] 01
[T+46574691us][CH1-Dispenser] 01 61
[T+46645691us][CH2-Pc    ] 02
[T+46654744us][CH1-Dispenser] 02 72
[T+46672715us][CH2-Pc    ] 22
[T+46679691us][CH1-Dispenser] 22 D2
[T+46693824us][CH1-Dispenser] FF
[T+46693691us][CH2-Pc    ] FF
[T+46706823us][CH1-Dispenser] E9
[T+46706691us][CH2-Pc    ] E9
[T+46719921us][CH1-Dispenser] FE
[T+46719699us][CH2-Pc    ] FE
[T+46731818us][CH1-Dispenser] E0
[T+46731692us][CH2-Pc    ] E0
[T+46744697us][CH1-Dispenser] E1
[T+46744836us][CH2-Pc    ] E1
[T+46757834us][CH1-Dispenser] E0
[T+46757696us][CH2-Pc    ] E0
[T+46770830us][CH1-Dispenser] FB
[T+46770697us][CH2-Pc    ] FB
[T+46785693us][CH1-Dispenser] EE
[T+46785825us][CH2-Pc    ] EE
[T+46797724us][CH2-Pc    ] F0
[T+46826691us][CH1-Dispenser] F0 BA B0 B3 B2 B0 B1 B0 B0 B0 B0 B1 B1 B1 B1 B2 C1 B9 8D 8A
[T+46899691us][CH2-Pc    ] 03
[T+46909691us][CH1-Dispenser] 03 63
[T+46977691us][CH2-Pc    ] 04
[T+46983715us][CH1-Dispenser] 04 64
[T+47055692us][CH1-Dispenser] 05
[T+47055824us][CH2-Pc    ] 05
[T+47219691us][CH1-Dispenser] 06
[T+47219825us][CH2-Pc    ] 06
[T+47394691us][CH2-Pc    ] 01
[T+47400715us][CH1-Dispenser] 01 61
[T+47472716us][CH2-Pc    ] 02
[T+47481691us][CH1-Dispenser] 02 72
[T+47499716us][CH2-Pc    ] 22
[T+47506691us][CH1-Dispenser] 22 D2
[T+47521692us][CH1-Dispenser] FF
[T+47521826us][CH2-Pc    ] FF
[T+47533828us][CH1-Dispenser] E9
[T+47533696us][CH2-Pc    ] E9
[T+47546823us][CH1-Dispenser] FE
[T+47546691us][CH2-Pc    ] FE
[T+47559824us][CH1-Dispenser] E0
[T+47559693us][CH2-Pc    ] E0
[T+47571693us][CH1-Dispenser] E1
[T+47571826us][CH2-Pc    ] E1
[T+47584824us][CH1-Dispenser] E0
[T+47584691us][CH2-Pc    ] E0
[T+47597836us][CH1-Dispenser] FB
[T+47597695us][CH2-Pc    ] FB
[T+47609826us][CH1-Dispenser] EE
[T+47609694us][CH2-Pc    ] EE
[T+47622691us][CH2-Pc    ] F0
[T+47652715us][CH1-Dispenser] F0 BA B0 B3 B2 B0 B1 B0 B0 B0 B0 B1 B1 B1 B1 B2 C1 B9 8D 8A
[T+47725691us][CH2-Pc    ] 03
[T+47734910us][CH1-Dispenser] 03 63
[T+47803715us][CH2-Pc    ] 04
[T+47808698us][CH1-Dispenser] 04 64
[T+47881826us][CH1-Dispenser] 05
[T+47881693us][CH2-Pc    ] 05
[T+48053824us][CH1-Dispenser] 06
[T+48053691us][CH2-Pc    ] 06
[T+48226691us][CH2-Pc    ] 01
[T+48235329us][CH1-Dispenser] 01 61
[T+48304691us][CH2-Pc    ] 02
[T+48310715us][CH1-Dispenser] 02 72
[T+48331715us][CH2-Pc    ] 22
[T+48338691us][CH1-Dispenser] 22 D2
[T+48353824us][CH1-Dispenser] FF
[T+48353691us][CH2-Pc    ] FF
[T+48365833us][CH1-Dispenser] E9
[T+48365698us][CH2-Pc    ] E9
[T+48378874us][CH1-Dispenser] FE
[T+48378737us][CH2-Pc    ] FE
[T+48391836us][CH1-Dispenser] E0
[T+48391698us][CH2-Pc    ] E0
[T+48404695us][CH1-Dispenser] E1
[T+48404826us][CH2-Pc    ] E1
[T+48425824us][CH1-Dispenser] E0
[T+48425692us][CH2-Pc    ] E0
[T+48438824us][CH1-Dispenser] FB
[T+48438693us][CH2-Pc    ] FB
[T+48450694us][CH1-Dispenser] EE
[T+48450826us][CH2-Pc    ] EE
[T+48463691us][CH2-Pc    ] F0
[T+48491694us][CH1-Dispenser] F0 BA B0 B3 B2 B0 B1 B0 B0 B0 B0 B1 B1 B1 B1 B2 C1 B9 8D 8A
[T+48565691us][CH2-Pc    ] 03
[T+48574716us][CH1-Dispenser] 03 63
[T+48644691us][CH2-Pc    ] 04
[T+48655691us][CH1-Dispenser] 04 64
[T+48722692us][CH1-Dispenser] 05
[T+48722825us][CH2-Pc    ] 05
[T+48897825us][CH1-Dispenser] 06
[T+48897691us][CH2-Pc    ] 06
[T+49061691us][CH2-Pc    ] 01
[T+49070715us][CH1-Dispenser] 01 61
[T+49140691us][CH2-Pc    ] 02
[T+49149716us][CH1-Dispenser] 02 72
[T+49167715us][CH2-Pc    ] 22
[T+49173729us][CH1-Dispenser] 22 D2
[T+49189826us][CH1-Dispenser] FF
[T+49189691us][CH2-Pc    ] FF
[T+49201818us][CH1-Dispenser] E9
[T+49201692us][CH2-Pc    ] E9
[T+49214823us][CH1-Dispenser] FE
[T+49214691us][CH2-Pc    ] FE
[T+49227691us][CH1-Dispenser] E0
[T+49226691us][CH2-Pc    ] E0
[T+49239824us][CH1-Dispenser] E1
[T+49239693us][CH2-Pc    ] E1
[T+49252824us][CH1-Dispenser] E0
[T+49252691us][CH2-Pc    ] E0
[T+49265832us][CH1-Dispenser] FB
[T+49265695us][CH2-Pc    ] FB
[T+49277691us][CH1-Dispenser] EE
[T+49277822us][CH2-Pc    ] EE
[T+49290692us][CH2-Pc    ] F0
[T+49320715us][CH1-Dispenser] F0 BA B0 B3 B2 B0 B1 B0 B0 B0 B0 B1 B1 B1 B1 B2 C1 B9 8D 8A
[T+49392716us][CH2-Pc    ] 03
[T+49399691us][CH1-Dispenser] 03 63
[T+49470691us][CH2-Pc    ] 04
[T+49478691us][CH1-Dispenser] 04 64
[T+49548824us][CH1-Dispenser] 05
[T+49548691us][CH2-Pc    ] 05
[T+49723829us][CH1-Dispenser] 06
[T+49723694us][CH2-Pc    ] 06
[T+49897716us][CH2-Pc    ] 01
[T+49904691us][CH1-Dispenser] 01 61
[T+49976716us][CH2-Pc    ] 02
[T+49985729us][CH1-Dispenser] 02 72
[T+50003715us][CH2-Pc    ] 22
[T+50009715us][CH1-Dispenser] 22 D2
[T+50025824us][CH1-Dispenser] FF
[T+50025691us][CH2-Pc    ] FF
[T+50037829us][CH1-Dispenser] E9
[T+50037694us][CH2-Pc    ] E9
[T+50050832us][CH1-Dispenser] FE
[T+50050694us][CH2-Pc    ] FE
[T+50062831us][CH1-Dispenser] E0
[T+50062694us][CH2-Pc    ] E0
[T+50075834us][CH1-Dispenser] E1
[T+50075696us][CH2-Pc    ] E1
[T+50088824us][CH1-Dispenser] E0
[T+50088693us][CH2-Pc    ] E0
[T+50101821us][CH1-Dispenser] FB
[T+50101691us][CH2-Pc    ] FB
[T+50113692us][CH1-Dispenser] EE
[T+50113821us][CH2-Pc    ] EE
[T+50126716us][CH2-Pc    ] F0
[T+50156715us][CH1-Dispenser] F0 BA B0 B3 B2 B0 B1 B0 B0 B0 B0 B1 B1 B1 B1 B2 C1 B9 8D 8A
[T+50228715us][CH2-Pc    ] 03
[T+50233690us][CH1-Dispenser] 03 63
[T+50306715us][CH2-Pc    ] 04
[T+50312715us][CH1-Dispenser] 04 64
[T+50384823us][CH1-Dispenser] 05
[T+50384692us][CH2-Pc    ] 05
[T+50569692us][CH1-Dispenser] 06
[T+50569825us][CH2-Pc    ] 06
[T+50733691us][CH2-Pc    ] 01
[T+50738691us][CH1-Dispenser] 01 61
[T+50811691us][CH2-Pc    ] 02
[T+50818691us][CH1-Dispenser] 02 72
[T+50850830us][CH1-Dispenser] 22 D2 FF
[T+50850693us][CH2-Pc    ] 22 FF
[T+50863695us][CH1-Dispenser] E9
[T+50863826us][CH2-Pc    ] E9
[T+50876836us][CH1-Dispenser] FE
[T+50876698us][CH2-Pc    ] FE
[T+50889968us][CH1-Dispenser] E0
[T+50889818us][CH2-Pc    ] E0
[T+50902694us][CH1-Dispenser] E1
[T+50902833us][CH2-Pc    ] E1
[T+50914821us][CH1-Dispenser] E0
[T+50914691us][CH2-Pc    ] E0
[T+50927827us][CH1-Dispenser] FB
[T+50927694us][CH2-Pc    ] FB
[T+50939823us][CH1-Dispenser] EE
[T+50939691us][CH2-Pc    ] EE
[T+50952691us][CH2-Pc    ] F0
[T+50982715us][CH1-Dispenser] F0 BA B0 B3 B2 B0 B1 B0 B0 B0 B0 B1 B1 B1 B1 B2 C1 B9 8D 8A
[T+51058690us][CH1-Dispenser] 03 63
[T+51054719us][CH2-Pc    ] 03
[T+51134901us][CH2-Pc    ] 04
[T+51138691us][CH1-Dispenser] 04 64
[T+51210824us][CH1-Dispenser] 05
[T+51210692us][CH2-Pc    ] 05
[T+51374825us][CH1-Dispenser] 06
[T+51374692us][CH2-Pc    ] 06
[T+51549691us][CH2-Pc    ] 01
[T+51556368us][CH1-Dispenser] 01 61
[T+51627715us][CH2-Pc    ] 02
[T+51634691us][CH1-Dispenser] 02 72
[T+51656691us][CH2-Pc    ] 22
[T+51663691us][CH1-Dispenser] 22 D2
[T+51677826us][CH1-Dispenser] FF
[T+51677693us][CH2-Pc    ] FF
[T+51690827us][CH1-Dispenser] E9
[T+51690691us][CH2-Pc    ] E9
[T+51703695us][CH1-Dispenser] FE
[T+51703824us][CH2-Pc    ] FE
[T+51716694us][CH1-Dispenser] E0
[T+51716829us][CH2-Pc    ] E0
[T+51728700us][CH1-Dispenser] E1
[T+51728834us][CH2-Pc    ] E1
[T+51740880us][CH1-Dispenser] E0
[T+51740695us][CH2-Pc    ] E0
[T+51753827us][CH1-Dispenser] FB
[T+51753694us][CH2-Pc    ] FB
[T+51766694us][CH1-Dispenser] EE
[T+51766829us][CH2-Pc    ] EE
[T+51779691us][CH2-Pc    ] F0
[T+51807691us][CH1-Dispenser] F0 BA B0 B3 B2 B0 B1 B0 B0 B0 B0 B1 B1 B1 B1 B2 C1 B9 8D 8A
[T+51871695us][CH2-Pc    ] 03
[T+51878691us][CH1-Dispenser] 03 63
[T+51949691us][CH2-Pc    ] 04
[T+51959691us][CH1-Dispenser] 04 64
[T+52027691us][CH1-Dispenser] 05
[T+52028690us][CH2-Pc    ] 05
[T+52202825us][CH1-Dispenser] 06
[T+52202692us][CH2-Pc    ] 06
[T+52377691us][CH2-Pc    ] 01
[T+52384691us][CH1-Dispenser] 01 61
[T+52452691us][CH2-Pc    ] 02
[T+52459691us][CH1-Dispenser] 02 72
[T+52479691us][CH2-Pc    ] 22
[T+52484698us][CH1-Dispenser] 22 D2
[T+52501824us][CH1-Dispenser] FF
[T+52501691us][CH2-Pc    ] FF
[T+52514823us][CH1-Dispenser] E9
[T+52514691us][CH2-Pc    ] E9
[T+52526914us][CH1-Dispenser] FE
[T+52526783us][CH2-Pc    ] FE
[T+52539834us][CH1-Dispenser] E0
[T+52539697us][CH2-Pc    ] E0
[T+52552827us][CH1-Dispenser] E1
[T+52552695us][CH2-Pc    ] E1
[T+52564822us][CH1-Dispenser] E0
[T+52564692us][CH2-Pc    ] E0
[T+52577825us][CH1-Dispenser] FB
[T+52577693us][CH2-Pc    ] FB
[T+52590694us][CH1-Dispenser] EE
[T+52590830us][CH2-Pc    ] EE
[T+52603691us][CH2-Pc    ] F0
[T+52632691us][CH1-Dispenser] F0 BA B0 B3 B2 B0 B1 B0 B0 B0 B0 B1 B1 B1 B1 B2 C1 B9 8D 8A
[T+52708691us][CH2-Pc    ] 03
[T+52714729us][CH1-Dispenser] 03 63
[T+52791691us][CH2-Pc    ] 04
[T+52799691us][CH1-Dispenser] 04 64
[T+52870691us][CH1-Dispenser] 05
[T+52870824us][CH2-Pc    ] 05
[T+53045824us][CH1-Dispenser] 06
[T+53045691us][CH2-Pc    ] 06
[T+53221691us][CH2-Pc    ] 01
[T+53229691us][CH1-Dispenser] 01 61
[T+53299717us][CH2-Pc    ] 02
[T+53305617us][CH1-Dispenser] 02 72
[T+53326716us][CH2-Pc    ] 22
[T+53333691us][CH1-Dispenser] 22 D2
[T+53348692us][CH1-Dispenser] FF
[T+53348824us][CH2-Pc    ] FF
[T+53360828us][CH1-Dispenser] E9
[T+53360695us][CH2-Pc    ] E9
[T+53373818us][CH1-Dispenser] FE
[T+53373692us][CH2-Pc    ] FE
[T+53386819us][CH1-Dispenser] E0
[T+53386691us][CH2-Pc    ] E0
[T+53398823us][CH1-Dispenser] E1
[T+53398691us][CH2-Pc    ] E1
[T+53411826us][CH1-Dispenser] E0
[T+53411691us][CH2-Pc    ] E0
[T+53424829us][CH1-Dispenser] FB
[T+53424694us][CH2-Pc    ] FB
[T+53437208us][CH1-Dispenser] EE
[T+53437691us][CH2-Pc    ] EE
[T+53449696us][CH2-Pc    ] F0
[T+53477691us][CH1-Dispenser] F0 BA B0 B3 B2 B0 B1 B0 B0 B0 B0 B1 B1 B1 B1 B2 C1 B9 8D 8A
[T+53541691us][CH2-Pc    ] 03
[T+53551691us][CH1-Dispenser] 03 63
[T+53619691us][CH2-Pc    ] 04
[T+53630885us][CH1-Dispenser] 04 64
[T+53697692us][CH1-Dispenser] 05
[T+53697825us][CH2-Pc    ] 05
[T+53883824us][CH1-Dispenser] 06
[T+53883691us][CH2-Pc    ] 06
[T+54048715us][CH2-Pc    ] 01
[T+54054729us][CH1-Dispenser] 01 61
[T+54127012us][CH2-Pc    ] 02
[T+54137691us][CH1-Dispenser] 02 72
[T+54153691us][CH2-Pc    ] 22
[T+54158700us][CH1-Dispenser] 22 D2
[T+54175691us][CH1-Dispenser] FF
[T+54175823us][CH2-Pc    ] FF
[T+54188827us][CH1-Dispenser] E9
[T+54188695us][CH2-Pc    ] E9
[T+54201827us][CH1-Dispenser] FE
[T+54201693us][CH2-Pc    ] FE
[T+54214425us][CH1-Dispenser] E0
[T+54214276us][CH2-Pc    ] E0
[T+54226190us][CH1-Dispenser] E1
[T+54226036us][CH2-Pc    ] E1
[T+54238834us][CH1-Dispenser] E0
[T+54238695us][CH2-Pc    ] E0
[T+54251828us][CH1-Dispenser] FB
[T+54251695us][CH2-Pc    ] FB
[T+54264820us][CH1-Dispenser] EE
[T+54264691us][CH2-Pc    ] EE
[T+54277201us][CH2-Pc    ] F0
[T+54306716us][CH1-Dispenser] F0 BA B0 B3 B2 B0 B1 B0 B0 B0 B0 B1 B1 B1 B1 B2 C1 B9 8D 8A
[T+54379692us][CH2-Pc    ] 03
[T+54385729us][CH1-Dispenser] 03 63
[T+54457716us][CH2-Pc    ] 04
[T+54466754us][CH1-Dispenser] 04 64
[T+54535693us][CH1-Dispenser] 05
[T+54535830us][CH2-Pc    ] 05
[T+54710691us][CH1-Dispenser] 06
[T+54710825us][CH2-Pc    ] 06
[T+54874691us][CH2-Pc    ] 01
[T+54879690us][CH1-Dispenser] 01 61
[T+54952691us][CH2-Pc    ] 02
[T+54958715us][CH1-Dispenser] 02 72
[T+54979715us][CH2-Pc    ] 22
[T+54985715us][CH1-Dispenser] 22 D2
[T+55001691us][CH1-Dispenser] FF
[T+55001824us][CH2-Pc    ] FF
[T+55014830us][CH1-Dispenser] E9
[T+55014696us][CH2-Pc    ] E9
[T+55026889us][CH1-Dispenser] FE
[T+55026756us][CH2-Pc    ] FE
[T+55039822us][CH1-Dispenser] E0
[T+55039692us][CH2-Pc    ] E0
[T+55052823us][CH1-Dispenser] E1
[T+55052693us][CH2-Pc    ] E1
[T+55065861us][CH1-Dispenser] E0
[T+55065694us][CH2-Pc    ] E0
[T+55078823us][CH1-Dispenser] FB
[T+55078691us][CH2-Pc    ] FB
[T+55091823us][CH1-Dispenser] EE
[T+55091691us][CH2-Pc    ] EE
[T+55104413us][CH2-Pc    ] F0
[T+55131691us][CH1-Dispenser] F0 BA B0 B3 B2 B0 B1 B0 B0 B0 B0 B1 B1 B1 B1 B2 C1 B9 8D 8A
[T+55195715us][CH2-Pc    ] 03
[T+55205574us][CH1-Dispenser] 03 63
[T+55274715us][CH2-Pc    ] 04
[T+55279691us][CH1-Dispenser] 04 64
[T+55352693us][CH1-Dispenser] 05
[T+55352830us][CH2-Pc    ] 05
[T+55516691us][CH1-Dispenser] 06
[T+55516827us][CH2-Pc    ] 06
[T+55690716us][CH2-Pc    ] 01
[T+55701691us][CH1-Dispenser] 01 61
[T+55768691us][CH2-Pc    ] 02
[T+55776860us][CH1-Dispenser] 02 72
[T+55796691us][CH2-Pc    ] 22
[T+55804691us][CH1-Dispenser] 22 D2
[T+55818389us][CH1-Dispenser] FF
[T+55817692us][CH2-Pc    ] FF
[T+55830824us][CH1-Dispenser] E9
[T+55830693us][CH2-Pc    ] E9
[T+55844139us][CH1-Dispenser] FE
[T+55843695us][CH2-Pc    ] FE
[T+55856827us][CH1-Dispenser] E0
[T+55856693us][CH2-Pc    ] E0
[T+55870234us][CH1-Dispenser] E1
[T+55870383us][CH2-Pc    ] E1
[T+55881962us][CH1-Dispenser] E0
[T+55882483us][CH2-Pc    ] E0
[T+55894171us][CH1-Dispenser] FB
[T+55894021us][CH2-Pc    ] FB
[T+55906833us][CH1-Dispenser] EE
[T+55906695us][CH2-Pc    ] EE
[T+55919691us][CH2-Pc    ] F0
[T+55946715us][CH1-Dispenser] F0 BA B0 B3 B2 B0 B1 B0 B0 B0 B0 B1 B1 B1 B1 B2 C1 B9 8D 8A
[T+56012715us][CH2-Pc    ] 03
[T+56019691us][CH1-Dispenser] 03 63
[T+56090691us][CH2-Pc    ] 04
[T+56098692us][CH1-Dispenser] 04 64
[T+56168824us][CH1-Dispenser] 05
[T+56168691us][CH2-Pc    ] 05
[T+56343824us][CH1-Dispenser] 06
[T+56343691us][CH2-Pc    ] 06
[T+56517715us][CH2-Pc    ] 01
[T+56524691us][CH1-Dispenser] 01 61
[T+56606715us][CH2-Pc    ] 02
[T+56615327us][CH1-Dispenser] 02 72
[T+56634691us][CH2-Pc    ] 22
[T+56640715us][CH1-Dispenser] 22 D2
[T+56656284us][CH1-Dispenser] FF
[T+56656133us][CH2-Pc    ] FF
[T+56668956us][CH1-Dispenser] E9
[T+56668819us][CH2-Pc    ] E9
[T+56680827us][CH1-Dispenser] FE
[T+56680694us][CH2-Pc    ] FE
[T+56693831us][CH1-Dispenser] E0
[T+56693697us][CH2-Pc    ] E0
[T+56706691us][CH1-Dispenser] E1
[T+56706818us][CH2-Pc    ] E1
[T+56719824us][CH1-Dispenser] E0
[T+56719693us][CH2-Pc    ] E0
[T+56731823us][CH1-Dispenser] FB
[T+56731691us][CH2-Pc    ] FB
[T+56744824us][CH1-Dispenser] EE
[T+56744691us][CH2-Pc    ] EE
[T+56757691us][CH2-Pc    ] F0
[T+56787808us][CH1-Dispenser] F0 BA B0 B3 B2 B0 B1 B0 B0 B0 B0 B1 B1 B1 B1 B2 C1 B9 8D 8A
[T+56857691us][CH2-Pc    ] 03
[T+56864691us][CH1-Dispenser] 03 63
[T+56935691us][CH2-Pc    ] 04
[T+56945691us][CH1-Dispenser] 04 64
[T+57013691us][CH1-Dispenser] 05
[T+57013824us][CH2-Pc    ] 05
[T+57187691us][CH1-Dispenser] 06
[T+57188690us][CH2-Pc    ] 06
[T+57362691us][CH2-Pc    ] 01
[T+57369691us][CH1-Dispenser] 01 61
[T+57440691us][CH2-Pc    ] 02
[T+57449729us][CH1-Dispenser] 02 72
[T+57468716us][CH2-Pc    ] 22
[T+57475334us][CH1-Dispenser] 22 D2
[T+57489826us][CH1-Dispenser] FF
[T+57489691us][CH2-Pc    ] FF
[T+57538823us][CH1-Dispenser] E9
[T+57538692us][CH2-Pc    ] E9
[T+57553830us][CH1-Dispenser] FE
[T+57553694us][CH2-Pc    ] FE
[T+57563573us][CH1-Dispenser] E0
[T+57562709us][CH2-Pc    ] E0
[T+57575841us][CH1-Dispenser] E1
[T+57575698us][CH2-Pc    ] E1
[T+57588825us][CH1-Dispenser] E0
[T+57588693us][CH2-Pc    ] E0
[T+57600824us][CH1-Dispenser] FB
[T+57600693us][CH2-Pc    ] FB
[T+57622824us][CH1-Dispenser] EE
[T+57622691us][CH2-Pc    ] EE
[T+57643716us][CH2-Pc    ] F0
[T+57672691us][CH1-Dispenser] F0 BA B0 B3 B2 B0 B1 B0 B0 B0 B0 B1 B1 B1 B1 B2 C1 B9 8D 8A
[T+57767691us][CH2-Pc    ] 03
[T+57774691us][CH1-Dispenser] 03 63
[T+57845691us][CH2-Pc    ] 04
[T+57857951us][CH1-Dispenser] 04 64
[T+57923691us][CH1-Dispenser] 05
[T+57923824us][CH2-Pc    ] 05
[T+58099824us][CH1-Dispenser] 06
[T+58099691us][CH2-Pc    ] 06
[T+58264715us][CH2-Pc    ] 01
[T+58268690us][CH1-Dispenser] 01 61
[T+58342691us][CH2-Pc    ] 02
[T+58351779us][CH1-Dispenser] 02 72
[T+58369715us][CH2-Pc    ] 22
[T+58375715us][CH1-Dispenser] 22 D2
[T+58390824us][CH1-Dispenser] FF
[T+58390691us][CH2-Pc    ] FF
[T+58403826us][CH1-Dispenser] E9
[T+58403694us][CH2-Pc    ] E9
[T+58416833us][CH1-Dispenser] FE
[T+58416695us][CH2-Pc    ] FE
[T+58430141us][CH1-Dispenser] E0
[T+58429988us][CH2-Pc    ] E0
[T+58442694us][CH1-Dispenser] E1
[T+58442829us][CH2-Pc    ] E1
[T+58455013us][CH2-Pc    ] E0
[T+58455691us][CH1-Dispenser] E0
[T+58467822us][CH1-Dispenser] FB
[T+58467691us][CH2-Pc    ] FB
[T+58479826us][CH1-Dispenser] EE
[T+58479695us][CH2-Pc    ] EE
[T+58492691us][CH2-Pc    ] F0
[T+58522716us][CH1-Dispenser] F0 BA B0 B3 B2 B0 B1 B0 B0 B0 B0 B1 B1 B1 B1 B2 C1 B9 8D 8A
[T+58595691us][CH2-Pc    ] 03
[T+58603691us][CH1-Dispenser] 03 63
[T+58673770us][CH2-Pc    ] 04
[T+58679334us][CH1-Dispenser] 04 64
[T+58751826us][CH1-Dispenser] 05
[T+58751691us][CH2-Pc    ] 05
[T+58926824us][CH1-Dispenser] 06
[T+58926691us][CH2-Pc    ] 06
[T+59101691us][CH2-Pc    ] 01
[T+59110716us][CH1-Dispenser] 01 61
[T+59179691us][CH2-Pc    ] 02
[T+59184700us][CH1-Dispenser] 02 72
[T+59206691us][CH2-Pc    ] 22
[T+59215693us][CH1-Dispenser] 22 D2
[T+59227827us][CH1-Dispenser] FF
[T+59227694us][CH2-Pc    ] FF
[T+59240825us][CH1-Dispenser] E9
[T+59240691us][CH2-Pc    ] E9
[T+59253820us][CH1-Dispenser] FE
[T+59253691us][CH2-Pc    ] FE
[T+59265830us][CH1-Dispenser] E0
[T+59265694us][CH2-Pc    ] E0
[T+59278826us][CH1-Dispenser] E1
[T+59278693us][CH2-Pc    ] E1
[T+59291833us][CH1-Dispenser] E0
[T+59291695us][CH2-Pc    ] E0
[T+59303827us][CH1-Dispenser] FB
[T+59303694us][CH2-Pc    ] FB
[T+59316824us][CH1-Dispenser] EE
[T+59316693us][CH2-Pc    ] EE
[T+59329695us][CH2-Pc    ] F0
[T+59357691us][CH1-Dispenser] F0 BA B0 B3 B2 B0 B1 B0 B0 B0 B0 B1 B1 B1 B1 B2 C1 B9 8D 8A
[T+59421691us][CH2-Pc    ] 03
[T+59432691us][CH1-Dispenser] 03 63
[T+59504692us][CH1-Dispenser] 04 64
[T+59499691us][CH2-Pc    ] 04
[T+59577692us][CH1-Dispenser] 05
[T+59577826us][CH2-Pc    ] 05
[T+59752692us][CH1-Dispenser] 06
[T+59752824us][CH2-Pc    ] 06
[T+59927691us][CH2-Pc    ] 01
[T+59935691us][CH1-Dispenser] 01 61
[T+60009691us][CH1-Dispenser] 02 72
[T+60005691us][CH2-Pc    ] 02
[T+60022691us][CH2-Pc    ] 22
[T+60031729us][CH1-Dispenser] 22 D2
[T+60044399us][CH1-Dispenser] FF
[T+60044238us][CH2-Pc    ] FF
[T+60055823us][CH1-Dispenser] E9
[T+60055691us][CH2-Pc    ] E9
[T+60068827us][CH1-Dispenser] FE
[T+60068693us][CH2-Pc    ] FE
[T+60081825us][CH1-Dispenser] E0
[T+60081694us][CH2-Pc    ] E0
[T+60094752us][CH1-Dispenser] E1
[T+60093691us][CH2-Pc    ] E1
[T+60107080us][CH1-Dispenser] E0
[T+60106948us][CH2-Pc    ] E0
[T+60119818us][CH1-Dispenser] FB
[T+60119692us][CH2-Pc    ] FB
[T+60132827us][CH1-Dispenser] EE
[T+60132694us][CH2-Pc    ] EE
[T+60144716us][CH2-Pc    ] F0
[T+60173691us][CH1-Dispenser] F0 BA B0 B3 B2 B0 B1 B0 B0 B0 B0 B1 B1 B1 B1 B2 C1 B9 8D 8A
[T+60237716us][CH2-Pc    ] 03
[T+60244691us][CH1-Dispenser] 03 63
[T+60315691us][CH2-Pc    ] 04
[T+60324729us][CH1-Dispenser] 04 64
[T+60393691us][CH1-Dispenser] 05
[T+60394691us][CH2-Pc    ] 05
[T+60568825us][CH1-Dispenser] 06
[T+60568691us][CH2-Pc    ] 06
[T+60732691us][CH2-Pc    ] 01
[T+60739691us][CH1-Dispenser] 01 61
[T+60810691us][CH2-Pc    ] 02
[T+60821350us][CH1-Dispenser] 02 72
[T+60838716us][CH2-Pc    ] 22
[T+60843690us][CH1-Dispenser] 22 D2
[T+60859823us][CH1-Dispenser] FF
[T+60859691us][CH2-Pc    ] FF
[T+60872825us][CH1-Dispenser] E9
[T+60872691us][CH2-Pc    ] E9
[T+60885829us][CH1-Dispenser] FE
[T+60885693us][CH2-Pc    ] FE
[T+60898842us][CH1-Dispenser] E0
[T+60898695us][CH2-Pc    ] E0
[T+60919691us][CH1-Dispenser] E1
[T+60919823us][CH2-Pc    ] E1
[T+60940823us][CH1-Dispenser] E0
[T+60940691us][CH2-Pc    ] E0
[T+60955825us][CH1-Dispenser] FB
[T+60955692us][CH2-Pc    ] FB
[T+60968833us][CH1-Dispenser] EE
[T+60968695us][CH2-Pc    ] EE
[T+60980827us][CH1-Dispenser] F0
[T+60980694us][CH2-Pc    ] F0
[T+61014691us][CH1-Dispenser] BA B0 B3 B2 B0 B1 B0 B0 B0 B0 B1 B1 B1 B1 B2 C1 B9 8D 8A
[T+61082691us][CH2-Pc    ] 03
[T+61091420us][CH1-Dispenser] 03 63
[T+61160691us][CH2-Pc    ] 04
[T+61169729us][CH1-Dispenser] 04 64
[T+61238825us][CH1-Dispenser] 05
[T+61238692us][CH2-Pc    ] 05
[T+61413824us][CH1-Dispenser] 06
[T+61413691us][CH2-Pc    ] 06
[T+61577691us][CH2-Pc    ] 01
[T+61584691us][CH1-Dispenser] 01 61
[T+61655691us][CH2-Pc    ] 02
[T+61660699us][CH1-Dispenser] 02 72
[T+61674694us][CH2-Pc    ] 22
[T+61682298us][CH1-Dispenser] 22 D2
[T+61694695us][CH1-Dispenser] FF
[T+61694834us][CH2-Pc    ] FF
[T+61708071us][CH1-Dispenser] E9
[T+61707916us][CH2-Pc    ] E9
[T+61720095us][CH1-Dispenser] FE
[T+61719947us][CH2-Pc    ] FE
[T+61733032us][CH1-Dispenser] E0
[T+61732894us][CH2-Pc    ] E0
[T+61745828us][CH1-Dispenser] E1
[T+61745695us][CH2-Pc    ] E1
[T+61758827us][CH1-Dispenser] E0
[T+61758695us][CH2-Pc    ] E0
[T+61770820us][CH1-Dispenser] FB
[T+61770691us][CH2-Pc    ] FB
[T+61783825us][CH1-Dispenser] EE
[T+61783691us][CH2-Pc    ] EE
[T+61796691us][CH2-Pc    ] F0
[T+61827691us][CH1-Dispenser] F0 BA B0 B3 B2 B0 B1 B0 B0 B0 B0 B1 B1 B1 B1 B2 C1 B9 8D 8A
[T+61898691us][CH2-Pc    ] 03
[T+61904729us][CH1-Dispenser] 03 63
[T+61985715us][CH2-Pc    ] 04
[T+61994721us][CH1-Dispenser] 04 64
[T+62063691us][CH1-Dispenser] 05
[T+62063825us][CH2-Pc    ] 05
[T+62238824us][CH1-Dispenser] 06
[T+62238692us][CH2-Pc    ] 06
[T+62413691us][CH2-Pc    ] 01
[T+62420691us][CH1-Dispenser] 01 61
[T+62491691us][CH2-Pc    ] 02
[T+62499698us][CH1-Dispenser] 02 72
[T+62518691us][CH2-Pc    ] 22
[T+62524718us][CH1-Dispenser] 22 D2
[T+62540830us][CH1-Dispenser] FF
[T+62540695us][CH2-Pc    ] FF
[T+62553819us][CH1-Dispenser] E9
[T+62553693us][CH2-Pc    ] E9
[T+62565821us][CH1-Dispenser] FE
[T+62565692us][CH2-Pc    ] FE
[T+62579690us][CH1-Dispenser] E0
[T+62578699us][CH2-Pc    ] E0
[T+62592039us][CH1-Dispenser] E1
[T+62591908us][CH2-Pc    ] E1
[T+62605292us][CH1-Dispenser] E0
[T+62605135us][CH2-Pc    ] E0
[T+62616823us][CH1-Dispenser] FB
[T+62616691us][CH2-Pc    ] FB
[T+62629824us][CH1-Dispenser] EE
[T+62629691us][CH2-Pc    ] EE
[T+62641715us][CH2-Pc    ] F0
[T+62672691us][CH1-Dispenser] F0 BA B0 B3 B2 B0 B1 B0 B0 B0 B0 B1 B1 B1 B1 B2 C1 B9 8D 8A
[T+62752691us][CH2-Pc    ] 03
[T+62762691us][CH1-Dispenser] 03 63
[T+62830693us][CH2-Pc    ] 04
[T+62841691us][CH1-Dispenser] 04 64
[T+62908824us][CH1-Dispenser] 05
[T+62908691us][CH2-Pc    ] 05
[T+63083824us][CH1-Dispenser] 06
[T+63083691us][CH2-Pc    ] 06
[T+63258691us][CH2-Pc    ] 01
[T+63265691us][CH1-Dispenser] 01 61
[T+63336691us][CH2-Pc    ] 02
[T+63346691us][CH1-Dispenser] 02 72
[T+63364715us][CH2-Pc    ] 22
[T+63370691us][CH1-Dispenser] 22 D2
[T+63385824us][CH1-Dispenser] FF
[T+63385691us][CH2-Pc    ] FF
[T+63397825us][CH1-Dispenser] E9
[T+63397691us][CH2-Pc    ] E9
[T+63419824us][CH1-Dispenser] FE
[T+63419691us][CH2-Pc    ] FE
[T+63434825us][CH1-Dispenser] E0
[T+63434693us][CH2-Pc    ] E0
[T+63447691us][CH1-Dispenser] E1
[T+63447823us][CH2-Pc    ] E1
[T+63460820us][CH1-Dispenser] E0
[T+63460691us][CH2-Pc    ] E0
[T+63473847us][CH1-Dispenser] FB
[T+63473986us][CH2-Pc    ] FB
[T+63486061us][CH1-Dispenser] EE
[T+63485918us][CH2-Pc    ] EE
[T+63498691us][CH2-Pc    ] F0
[T+63530691us][CH1-Dispenser] F0 BA B0 B3 B2 B0 B1 B0 B0 B0 B0 B1 B1 B1 B1 B2 C1 B9 8D 8A
[T+63599716us][CH2-Pc    ] 03
[T+63608414us][CH1-Dispenser] 03 63
[T+63678691us][CH2-Pc    ] 04
[T+63685503us][CH1-Dispenser] 04 64
[T+63756825us][CH1-Dispenser] 05
[T+63756691us][CH2-Pc    ] 05
[T+63920826us][CH1-Dispenser] 06
[T+63920692us][CH2-Pc    ] 06
[T+64094716us][CH2-Pc    ] 01
[T+64099691us][CH1-Dispenser] 01 61
[T+64173691us][CH2-Pc    ] 02
[T+64180691us][CH1-Dispenser] 02 72
[T+64200691us][CH2-Pc    ] 22
[T+64206729us][CH1-Dispenser] 22 D2
[T+64221824us][CH1-Dispenser] FF
[T+64221691us][CH2-Pc    ] FF
[T+64234823us][CH1-Dispenser] E9
[T+64234691us][CH2-Pc    ] E9
[T+64247824us][CH1-Dispenser] FE
[T+64247691us][CH2-Pc    ] FE
[T+64259823us][CH1-Dispenser] E0
[T+64259691us][CH2-Pc    ] E0
[T+64272691us][CH1-Dispenser] E1
[T+64272825us][CH2-Pc    ] E1
[T+64285832us][CH1-Dispenser] E0
[T+64285695us][CH2-Pc    ] E0
[T+64298974us][CH1-Dispenser] FB
[T+64298808us][CH2-Pc    ] FB
[T+64310819us][CH1-Dispenser] EE
[T+64310693us][CH2-Pc    ] EE
[T+64323691us][CH2-Pc    ] F0
[T+64355691us][CH1-Dispenser] F0 BA B0 B3 B2 B0 B1 B0 B0 B0 B0 B1 B1 B1 B1 B2 C1 B9 8D 8A
[T+64426691us][CH2-Pc    ] 03
[T+64435474us][CH1-Dispenser] 03 63
[T+64504716us][CH2-Pc    ] 04
[T+64509690us][CH1-Dispenser] 04 64
[T+64582691us][CH1-Dispenser] 05
[T+64582828us][CH2-Pc    ] 05
[T+64757691us][CH1-Dispenser] 06
[T+64757824us][CH2-Pc    ] 06
[T+64922716us][CH2-Pc    ] 01
[T+64930698us][CH1-Dispenser] 01 61
[T+65000691us][CH2-Pc    ] 02
[T+65007725us][CH1-Dispenser] 02 72
[T+65027691us][CH2-Pc    ] 22
[T+65036729us][CH1-Dispenser] 22 D2
[T+65049830us][CH1-Dispenser] FF
[T+65049694us][CH2-Pc    ] FF
[T+65061818us][CH1-Dispenser] E9
[T+65061691us][CH2-Pc    ] E9
[T+65074821us][CH1-Dispenser] FE
[T+65074692us][CH2-Pc    ] FE
[T+65087817us][CH1-Dispenser] E0
[T+65087692us][CH2-Pc    ] E0
[T+65099822us][CH1-Dispenser] E1
[T+65099692us][CH2-Pc    ] E1
[T+65112822us][CH1-Dispenser] E0
[T+65112691us][CH2-Pc    ] E0
[T+65125828us][CH1-Dispenser] FB
[T+65125693us][CH2-Pc    ] FB
[T+65137823us][CH1-Dispenser] EE
[T+65137691us][CH2-Pc    ] EE
[T+65150691us][CH2-Pc    ] F0
[T+65177715us][CH1-Dispenser] F0 BA B0 B3 B2 B0 B1 B0 B0 B0 B0 B1 B1 B1 B1 B2 C1 B9 8D 8A
[T+65244691us][CH2-Pc    ] 03
[T+65251344us][CH1-Dispenser] 03 63
[T+65322701us][CH2-Pc    ] 04
[T+65329691us][CH1-Dispenser] 04 64
[T+65400691us][CH1-Dispenser] 05
[T+65400823us][CH2-Pc    ] 05
[T+65586823us][CH1-Dispenser] 06
[T+65586691us][CH2-Pc    ] 06
[T+65751691us][CH2-Pc    ] 01
[T+65757714us][CH1-Dispenser] 01 61
[T+65828691us][CH2-Pc    ] 02
[T+65838691us][CH1-Dispenser] 02 72
[T+65866691us][CH1-Dispenser] 22 D2 FF
[T+65866826us][CH2-Pc    ] 22 FF
[T+65879822us][CH1-Dispenser] E9
[T+65879692us][CH2-Pc    ] E9
[T+65891829us][CH1-Dispenser] FE
[T+65891694us][CH2-Pc    ] FE
[T+65904835us][CH1-Dispenser] E0
[T+65904696us][CH2-Pc    ] E0
[T+65925823us][CH1-Dispenser] E1
[T+65925691us][CH2-Pc    ] E1
[T+65938833us][CH1-Dispenser] E0
[T+65938695us][CH2-Pc    ] E0
[T+65953827us][CH1-Dispenser] FB
[T+65953694us][CH2-Pc    ] FB
[T+65965820us][CH1-Dispenser] EE
[T+65965691us][CH2-Pc    ] EE
[T+65978691us][CH2-Pc    ] F0
[T+66009691us][CH1-Dispenser] F0 BA B0 B3 B2 B0 B1 B0 B0 B0 B0 B1 B1 B1 B1 B2 C1 B9 8D 8A
[T+66080691us][CH2-Pc    ] 03
[T+66087692us][CH1-Dispenser] 03 63
[T+66147716us][CH2-Pc    ] 04
[T+66154691us][CH1-Dispenser] 04 64
[T+66225823us][CH1-Dispenser] 05
[T+66225691us][CH2-Pc    ] 05
[T+66390824us][CH1-Dispenser] 06
[T+66390691us][CH2-Pc    ] 06
[T+66564715us][CH2-Pc    ] 01
[T+66571691us][CH1-Dispenser] 01 61
[T+66643252us][CH2-Pc    ] 02
[T+66651729us][CH1-Dispenser] 02 72
[T+66668691us][CH2-Pc    ] 22
[T+66677291us][CH1-Dispenser] 22 D2
[T+66689691us][CH1-Dispenser] FF
[T+66689823us][CH2-Pc    ] FF
[T+66702825us][CH1-Dispenser] E9
[T+66702691us][CH2-Pc    ] E9
[T+66715833us][CH1-Dispenser] FE
[T+66715695us][CH2-Pc    ] FE
[T+66727829us][CH1-Dispenser] E0
[T+66727694us][CH2-Pc    ] E0
[T+66740818us][CH1-Dispenser] E1
[T+66740692us][CH2-Pc    ] E1
[T+66753913us][CH1-Dispenser] E0
[T+66753764us][CH2-Pc    ] E0
[T+66766826us][CH1-Dispenser] FB
[T+66766695us][CH2-Pc    ] FB
[T+66778691us][CH1-Dispenser] EE
[T+66778822us][CH2-Pc    ] EE
[T+66791691us][CH2-Pc    ] F0
[T+66824717us][CH1-Dispenser] F0 BA B0 B3 B2 B0 B1 B0 B0 B0 B0 B1 B1 B1 B1 B2 C1 B9 8D 8A
[T+66893691us][CH2-Pc    ] 03
[T+66901691us][CH1-Dispenser] 03 63
[T+66971691us][CH2-Pc    ] 04
[T+66980729us][CH1-Dispenser] 04 64
[T+67048824us][CH1-Dispenser] 05
[T+67048692us][CH2-Pc    ] 05
[T+67223692us][CH1-Dispenser] 06
[T+67223824us][CH2-Pc    ] 06
[T+67403715us][CH2-Pc    ] 01
[T+67409814us][CH1-Dispenser] 01 61
[T+67481715us][CH2-Pc    ] 02
[T+67490716us][CH1-Dispenser] 02 72
[T+67508715us][CH2-Pc    ] 22
[T+67516982us][CH1-Dispenser] 22 D2
[T+67530828us][CH1-Dispenser] FF
[T+67530693us][CH2-Pc    ] FF
[T+67543830us][CH1-Dispenser] E9
[T+67543693us][CH2-Pc    ] E9
[T+67556356us][CH1-Dispenser] FE
[T+67556207us][CH2-Pc    ] FE
[T+67569449us][CH1-Dispenser] E0
[T+67568694us][CH2-Pc    ] E0
[T+67581827us][CH1-Dispenser] E1
[T+67581695us][CH2-Pc    ] E1
[T+67594834us][CH1-Dispenser] E0
[T+67594694us][CH2-Pc    ] E0
[T+67606822us][CH1-Dispenser] FB
[T+67606691us][CH2-Pc    ] FB
[T+67619695us][CH1-Dispenser] EE
[T+67619832us][CH2-Pc    ] EE
[T+67631725us][CH2-Pc    ] F0
[T+67661715us][CH1-Dispenser] F0 BA B0 B3 B2 B0 B1 B0 B0 B0 B0 B1 B1 B1 B1 B2 C1 B9 8D 8A
[T+67734691us][CH2-Pc    ] 03
[T+67740714us][CH1-Dispenser] 03 63
[T+67811691us][CH2-Pc    ] 04
[T+67821691us][CH1-Dispenser] 04 64
[T+67900692us][CH1-Dispenser] 05
[T+67900824us][CH2-Pc    ] 05
[T+68086692us][CH1-Dispenser] 06
[T+68086826us][CH2-Pc    ] 06
[T+68250691us][CH2-Pc    ] 01
[T+68257556us][CH1-Dispenser] 01 61
[T+68328691us][CH2-Pc    ] 02
[T+68336691us][CH1-Dispenser] 02 72
[T+68355691us][CH2-Pc    ] 22
[T+68362390us][CH1-Dispenser] 22 D2
[T+68377692us][CH1-Dispenser] FF
[T+68377824us][CH2-Pc    ] FF
[T+68389818us][CH1-Dispenser] E9
[T+68389692us][CH2-Pc    ] E9
[T+68402822us][CH1-Dispenser] FE
[T+68402691us][CH2-Pc    ] FE
[T+68415824us][CH1-Dispenser] E0
[T+68415693us][CH2-Pc    ] E0
[T+68427820us][CH1-Dispenser] E1
[T+68427691us][CH2-Pc    ] E1
[T+68440834us][CH1-Dispenser] E0
[T+68440699us][CH2-Pc    ] E0
[T+68453952us][CH1-Dispenser] FB
[T+68453815us][CH2-Pc    ] FB
[T+68465694us][CH1-Dispenser] EE
[T+68466692us][CH2-Pc    ] EE
[T+68478691us][CH2-Pc    ] F0
[T+68508715us][CH1-Dispenser] F0 BA B0 B3 B2 B0 B1 B0 B0 B0 B0 B1 B1 B1 B1 B2 C1 B9 8D 8A
[T+68581691us][CH2-Pc    ] 03
[T+68589691us][CH1-Dispenser] 03 63
[T+68661716us][CH2-Pc    ] 04
[T+68670729us][CH1-Dispenser] 04 64
[T+68739858us][CH1-Dispenser] 05
[T+68739717us][CH2-Pc    ] 05
[T+68914691us][CH1-Dispenser] 06
[T+68914824us][CH2-Pc    ] 06
[T+69078691us][CH2-Pc    ] 01
[T+69085691us][CH1-Dispenser] 01 61
[T+69156697us][CH2-Pc    ] 02
[T+69164691us][CH1-Dispenser] 02 72
[T+69184691us][CH2-Pc    ] 22
[T+69189698us][CH1-Dispenser] 22 D2
[T+69205824us][CH1-Dispenser] FF
[T+69205691us][CH2-Pc    ] FF
[T+69217826us][CH1-Dispenser] E9
[T+69217694us][CH2-Pc    ] E9
[T+69230823us][CH1-Dispenser] FE
[T+69230691us][CH2-Pc    ] FE
[T+69243822us][CH1-Dispenser] E0
[T+69243691us][CH2-Pc    ] E0
[T+69255908us][CH1-Dispenser] E1
[T+69255698us][CH2-Pc    ] E1
[T+69268834us][CH1-Dispenser] E0
[T+69268695us][CH2-Pc    ] E0
[T+69281937us][CH1-Dispenser] FB
[T+69281802us][CH2-Pc    ] FB
[T+69294834us][CH1-Dispenser] EE
[T+69294701us][CH2-Pc    ] EE
[T+69306821us][CH1-Dispenser] F0
[T+69306692us][CH2-Pc    ] F0
[T+69341691us][CH1-Dispenser] BA B0 B3 B2 B0 B1 B0 B0 B0 B0 B1 B1 B1 B1 B2 C1 B9 8D 8A
[T+69406691us][CH2-Pc    ] 03
[T+69414913us][CH1-Dispenser] 03 63
[T+69484720us][CH2-Pc    ] 04
[T+69490729us][CH1-Dispenser] 04 64
[T+69563700us][CH1-Dispenser] 05
[T+69563936us][CH2-Pc    ] 05
[T+69737825us][CH1-Dispenser] 06
[T+69737691us][CH2-Pc    ] 06
[T+69912691us][CH2-Pc    ] 01
[T+69919691us][CH1-Dispenser] 01 61
[T+69995692us][CH1-Dispenser] 02 72
[T+69991715us][CH2-Pc    ] 02
[T+70017691us][CH2-Pc    ] 22
[T+70026804us][CH1-Dispenser] 22 D2
[T+70039694us][CH1-Dispenser] FF
[T+70039827us][CH2-Pc    ] FF
[T+70051822us][CH1-Dispenser] E9
[T+70051691us][CH2-Pc    ] E9
[T+70064823us][CH1-Dispenser] FE
[T+70064691us][CH2-Pc    ] FE
[T+70081824us][CH1-Dispenser] E0
[T+70081691us][CH2-Pc    ] E0
[T+70094693us][CH1-Dispenser] E1
[T+70094828us][CH2-Pc    ] E1
[T+70106694us][CH1-Dispenser] E0
[T+70106829us][CH2-Pc    ] E0
[T+70119827us][CH1-Dispenser] FB
[T+70119694us][CH2-Pc    ] FB
[T+70132016us][CH1-Dispenser] EE
[T+70132691us][CH2-Pc    ] EE
[T+70144691us][CH2-Pc    ] F0
[T+70173691us][CH1-Dispenser] F0 BA B0 B3 B2 B0 B1 B0 B0 B0 B0 B1 B1 B1 B1 B2 C1 B9 8D 8A
[T+70247962us][CH2-Pc    ] 03
[T+70254691us][CH1-Dispenser] 03 63
[T+70325691us][CH2-Pc    ] 04
[T+70330334us][CH1-Dispenser] 04 64
[T+70392826us][CH1-Dispenser] 05
[T+70392691us][CH2-Pc    ] 05
[T+70567823us][CH1-Dispenser] 06
[T+70567692us][CH2-Pc    ] 06
[T+70742691us][CH2-Pc    ] 01
[T+70752691us][CH1-Dispenser] 01 61
[T+70820691us][CH2-Pc    ] 02
[T+70826692us][CH1-Dispenser] 02 72
[T+70847715us][CH2-Pc    ] 22
[T+70856729us][CH1-Dispenser] 22 D2
[T+70869691us][CH1-Dispenser] FF
[T+70869824us][CH2-Pc    ] FF
[T+70882224us][CH1-Dispenser] E9
[T+70882077us][CH2-Pc    ] E9
[T+70894877us][CH1-Dispenser] FE
[T+70894745us][CH2-Pc    ] FE
[T+70907826us][CH1-Dispenser] E0
[T+70907694us][CH2-Pc    ] E0
[T+70919823us][CH1-Dispenser] E1
[T+70919691us][CH2-Pc    ] E1
[T+70932825us][CH1-Dispenser] E0
[T+70932693us][CH2-Pc    ] E0
[T+70945825us][CH1-Dispenser] FB
[T+70945692us][CH2-Pc    ] FB
[T+70958695us][CH1-Dispenser] EE
[T+70958833us][CH2-Pc    ] EE
[T+70970880us][CH2-Pc    ] F0
[T+70998691us][CH1-Dispenser] F0 BA B0 B3 B2 B0 B1 B0 B0 B0 B0 B1 B1 B1 B1 B2 C1 B9 8D 8A
[T+71074691us][CH2-Pc    ] 03
[T+71081691us][CH1-Dispenser] 03 63
[T+71152691us][CH2-Pc    ] 04
[T+71162691us][CH1-Dispenser] 04 64
[T+71230825us][CH1-Dispenser] 05
[T+71230691us][CH2-Pc    ] 05
[T+71405691us][CH1-Dispenser] 06
[T+71405823us][CH2-Pc    ] 06
[T+71580691us][CH2-Pc    ] 01
[T+71586714us][CH1-Dispenser] 01 61
[T+71658715us][CH2-Pc    ] 02
[T+71667729us][CH1-Dispenser] 02 72
[T+71685715us][CH2-Pc    ] 22
[T+71690690us][CH1-Dispenser] 22 D2
[T+71707822us][CH1-Dispenser] FF
[T+71707691us][CH2-Pc    ] FF
[T+71719833us][CH1-Dispenser] E9
[T+71719694us][CH2-Pc    ] E9
[T+71733132us][CH1-Dispenser] FE
[T+71732981us][CH2-Pc    ] FE
[T+71745821us][CH1-Dispenser] E0
[T+71745693us][CH2-Pc    ] E0
[T+71757823us][CH1-Dispenser] E1
[T+71757691us][CH2-Pc    ] E1
[T+71771365us][CH1-Dispenser] E0
[T+71771210us][CH2-Pc    ] E0
[T+71783822us][CH1-Dispenser] FB
[T+71783692us][CH2-Pc    ] FB
[T+71796821us][CH1-Dispenser] EE
[T+71796693us][CH2-Pc    ] EE
[T+71808716us][CH2-Pc    ] F0
[T+71838715us][CH1-Dispenser] F0 BA B0 B3 B2 B0 B1 B0 B0 B0 B0 B1 B1 B1 B1 B2 C1 B9 8D 8A
[T+71911691us][CH2-Pc    ] 03
[T+71921691us][CH1-Dispenser] 03 63
[T+71989691us][CH2-Pc    ] 04
[T+71995323us][CH1-Dispenser] 04 64
[T+72067824us][CH1-Dispenser] 05
[T+72067692us][CH2-Pc    ] 05
[T+72242692us][CH1-Dispenser] 06
[T+72242824us][CH2-Pc    ] 06
[T+72407716us][CH2-Pc    ] 01
[T+72415691us][CH1-Dispenser] 01 61
[T+72485691us][CH2-Pc    ] 02
[T+72490690us][CH1-Dispenser] 02 72
[T+72512691us][CH2-Pc    ] 22
[T+72521729us][CH1-Dispenser] 22 D2
[T+72534691us][CH1-Dispenser] FF
[T+72534823us][CH2-Pc    ] FF
[T+72547409us][CH1-Dispenser] E9
[T+72547258us][CH2-Pc    ] E9
[T+72559830us][CH1-Dispenser] FE
[T+72559695us][CH2-Pc    ] FE
[T+72572980us][CH1-Dispenser] E0
[T+72572842us][CH2-Pc    ] E0
[T+72585695us][CH1-Dispenser] E1
[T+72585829us][CH2-Pc    ] E1
[T+72597828us][CH1-Dispenser] E0
[T+72597696us][CH2-Pc    ] E0
[T+72610827us][CH1-Dispenser] FB
[T+72610694us][CH2-Pc    ] FB
[T+72623693us][CH1-Dispenser] EE
[T+72623825us][CH2-Pc    ] EE
[T+72635715us][CH2-Pc    ] F0
[T+72663697us][CH1-Dispenser] F0 BA B0 B3 B2 B0 B1 B0 B0 B0 B0 B1 B1 B1 B1 B2 C1 B9 8D 8A
[T+72727691us][CH2-Pc    ] 03
[T+72737691us][CH1-Dispenser] 03 63
[T+72805691us][CH2-Pc    ] 04
[T+72810690us][CH1-Dispenser] 04 64
[T+72884825us][CH1-Dispenser] 05
[T+72884692us][CH2-Pc    ] 05
[T+73062691us][CH1-Dispenser] 06
[T+73062825us][CH2-Pc    ] 06
[T+73237691us][CH2-Pc    ] 01
[T+73245698us][CH1-Dispenser] 01 61
[T+73319691us][CH2-Pc    ] 02
[T+73325715us][CH1-Dispenser] 02 72
[T+73346715us][CH2-Pc    ] 22
[T+73356691us][CH1-Dispenser] 22 D2
[T+73369193us][CH1-Dispenser] FF
[T+73369045us][CH2-Pc    ] FF
[T+73381835us][CH1-Dispenser] E9
[T+73381697us][CH2-Pc    ] E9
[T+73393828us][CH1-Dispenser] FE
[T+73393696us][CH2-Pc    ] FE
[T+73406830us][CH1-Dispenser] E0
[T+73406693us][CH2-Pc    ] E0
[T+73418822us][CH1-Dispenser] E1
[T+73418691us][CH2-Pc    ] E1
[T+73431825us][CH1-Dispenser] E0
[T+73431693us][CH2-Pc    ] E0
[T+73444823us][CH1-Dispenser] FB
[T+73444691us][CH2-Pc    ] FB
[T+73457824us][CH1-Dispenser] EE
[T+73457693us][CH2-Pc    ] EE
[T+73470691us][CH2-Pc    ] F0
[T+73498715us][CH1-Dispenser] F0 BA B0 B3 B2 B0 B1 B0 B0 B0 B0 B1 B1 B1 B1 B2 C1 B9 8D 8A
[T+73562691us][CH2-Pc    ] 03
[T+73570312us][CH1-Dispenser] 03 63
[T+73640691us][CH2-Pc    ] 04
[T+73645691us][CH1-Dispenser] 04 64
[T+73719691us][CH1-Dispenser] 05
[T+73719826us][CH2-Pc    ] 05
[T+73893825us][CH1-Dispenser] 06
[T+73893692us][CH2-Pc    ] 06
[T+74069691us][CH2-Pc    ] 01
[T+74076691us][CH1-Dispenser] 01 61
[T+74147691us][CH2-Pc    ] 02
[T+74156336us][CH1-Dispenser] 02 72
[T+74175691us][CH2-Pc    ] 22
[T+74181715us][CH1-Dispenser] 22 D2
[T+74196829us][CH1-Dispenser] FF
[T+74196694us][CH2-Pc    ] FF
[T+74217822us][CH1-Dispenser] E9
[T+74217691us][CH2-Pc    ] E9
[T+74239824us][CH1-Dispenser] FE
[T+74239691us][CH2-Pc    ] FE
[T+74250828us][CH1-Dispenser] E0
[T+74250693us][CH2-Pc    ] E0
[T+74263693us][CH1-Dispenser] E1
[T+74263824us][CH2-Pc    ] E1
[T+74276949us][CH1-Dispenser] E0
[T+74276810us][CH2-Pc    ] E0
[T+74290007us][CH1-Dispenser] FB
[T+74289868us][CH2-Pc    ] FB
[T+74301821us][CH1-Dispenser] EE
[T+74301691us][CH2-Pc    ] EE
[T+74314692us][CH2-Pc    ] F0
[T+74344717us][CH1-Dispenser] F0 BA B0 B3 B2 B0 B1 B0 B0 B0 B0 B1 B1 B1 B1 B2 C1 B9 8D 8A
[T+74416716us][CH2-Pc    ] 03
[T+74425691us][CH1-Dispenser] 03 63
[T+74494716us][CH2-Pc    ] 04
[T+74500323us][CH1-Dispenser] 04 64
[T+74572691us][CH1-Dispenser] 05
[T+74572826us][CH2-Pc    ] 05
[T+74757826us][CH1-Dispenser] 06
[T+74757693us][CH2-Pc    ] 06
[T+74921691us][CH2-Pc    ] 01
[T+74930716us][CH1-Dispenser] 01 61
[T+75000691us][CH2-Pc    ] 02
[T+75009287us][CH1-Dispenser] 02 72
[T+75027691us][CH2-Pc    ] 22
[T+75036289us][CH1-Dispenser] 22 D2
[T+75048691us][CH1-Dispenser] FF
[T+75048822us][CH2-Pc    ] FF
[T+75061823us][CH1-Dispenser] E9
[T+75061692us][CH2-Pc    ] E9
[T+75074835us][CH1-Dispenser] FE
[T+75074695us][CH2-Pc    ] FE
[T+75086841us][CH1-Dispenser] E0
[T+75086710us][CH2-Pc    ] E0
[T+75100831us][CH1-Dispenser] E1
[T+75100695us][CH2-Pc    ] E1
[T+75112826us][CH1-Dispenser] E0
[T+75112694us][CH2-Pc    ] E0
[T+75125285us][CH1-Dispenser] FB
[T+75125131us][CH2-Pc    ] FB
[T+75137694us][CH1-Dispenser] EE
[T+75137826us][CH2-Pc    ] EE
[T+75150691us][CH2-Pc    ] F0
[T+75179691us][CH1-Dispenser] F0 BA B0 B3 B2 B0 B1 B0 B0 B0 B0 B1 B1 B1 B1 B2 C1 B9 8D 8A
[T+75253691us][CH2-Pc    ] 03
[T+75259714us][CH1-Dispenser] 03 63
[T+75331716us][CH2-Pc    ] 04
[T+75340729us][CH1-Dispenser] 04 64
[T+75409824us][CH1-Dispenser] 05
[T+75409692us][CH2-Pc    ] 05
[T+75584691us][CH1-Dispenser] 06
[T+75584824us][CH2-Pc    ] 06
[T+75748691us][CH2-Pc    ] 01
[T+75756691us][CH1-Dispenser] 01 61
[T+75826691us][CH2-Pc    ] 02
[T+75832635us][CH1-Dispenser] 02 72
[T+75853715us][CH2-Pc    ] 22
[T+75860691us][CH1-Dispenser] 22 D2
[T+75875824us][CH1-Dispenser] FF
[T+75875691us][CH2-Pc    ] FF
[T+75896822us][CH1-Dispenser] E9
[T+75896692us][CH2-Pc    ] E9
[T+75917825us][CH1-Dispenser] FE
[T+75917691us][CH2-Pc    ] FE
[T+75940825us][CH1-Dispenser] E0
[T+75940692us][CH2-Pc    ] E0
[T+75953691us][CH1-Dispenser] E1
[T+75953820us][CH2-Pc    ] E1
[T+75965820us][CH1-Dispenser] E0
[T+75965691us][CH2-Pc    ] E0
[T+75978823us][CH1-Dispenser] FB
[T+75978691us][CH2-Pc    ] FB
[T+75991822us][CH1-Dispenser] EE
[T+75991692us][CH2-Pc    ] EE
[T+76003930us][CH2-Pc    ] F0
[T+76033715us][CH1-Dispenser] F0 BA B0 B3 B2 B0 B1 B0 B0 B0 B0 B1 B1 B1 B1 B2 C1 B9 8D 8A
[T+76103691us][CH2-Pc    ] 03
[T+76110691us][CH1-Dispenser] 03 63
[T+76181824us][CH1-Dispenser] 04
[T+76181693us][CH2-Pc    ] 04
[T+76193716us][CH1-Dispenser] 64
[T+76259825us][CH1-Dispenser] 05
[T+76259691us][CH2-Pc    ] 05
[T+76445826us][CH1-Dispenser] 06
[T+76445692us][CH2-Pc    ] 06
[T+76610715us][CH2-Pc    ] 01
[T+76615690us][CH1-Dispenser] 01 61
[T+76688691us][CH2-Pc    ] 02
[T+76697342us][CH1-Dispenser] 02 72
[T+76759691us][CH2-Pc    ] 22
[T+76766691us][CH1-Dispenser] 22 D2
[T+76781691us][CH1-Dispenser] FF
[T+76781824us][CH2-Pc    ] FF
[T+76793818us][CH1-Dispenser] E9
[T+76793691us][CH2-Pc    ] E9
[T+76814824us][CH1-Dispenser] FE
[T+76814692us][CH2-Pc    ] FE
[T+76827822us][CH1-Dispenser] E0
[T+76827691us][CH2-Pc    ] E0
[T+76839691us][CH1-Dispenser] E1
[T+76839820us][CH2-Pc    ] E1
[T+76852820us][CH1-Dispenser] E0
[T+76852691us][CH2-Pc    ] E0
[T+76865830us][CH1-Dispenser] FB
[T+76865695us][CH2-Pc    ] FB
[T+76877823us][CH1-Dispenser] EE
[T+76877691us][CH2-Pc    ] EE
[T+76890691us][CH2-Pc    ] F0
[T+76919691us][CH1-Dispenser] F0 BA B0 B3 B2 B0 B1 B0 B0 B0 B0 B1 B1 B1 B1 B2 C1 B9 8D 8A
[T+76992691us][CH2-Pc    ] 03
[T+77001338us][CH1-Dispenser] 03 63
[T+77070691us][CH2-Pc    ] 04
[T+77075690us][CH1-Dispenser] 04 64
[T+77148823us][CH1-Dispenser] 05
[T+77148692us][CH2-Pc    ] 05
[T+77312823us][CH1-Dispenser] 06
[T+77312691us][CH2-Pc    ] 06
[T+77487691us][CH2-Pc    ] 01
[T+77496729us][CH1-Dispenser] 01 61
[T+77565717us][CH2-Pc    ] 02
[T+77572691us][CH1-Dispenser] 02 72
[T+77593715us][CH2-Pc    ] 22
[T+77603210us][CH1-Dispenser] 22 D2
[T+77615827us][CH1-Dispenser] FF
[T+77615694us][CH2-Pc    ] FF
[T+77627824us][CH1-Dispenser] E9
[T+77627693us][CH2-Pc    ] E9
[T+77640823us][CH1-Dispenser] FE
[T+77640691us][CH2-Pc    ] FE
[T+77657833us][CH1-Dispenser] E0
[T+77657697us][CH2-Pc    ] E0
[T+77669694us][CH1-Dispenser] E1
[T+77669831us][CH2-Pc    ] E1
[T+77682826us][CH1-Dispenser] E0
[T+77682693us][CH2-Pc    ] E0
[T+77695825us][CH1-Dispenser] FB
[T+77695691us][CH2-Pc    ] FB
[T+77708438us][CH1-Dispenser] EE
[T+77708282us][CH2-Pc    ] EE
[T+77720691us][CH2-Pc    ] F0
[T+77748691us][CH1-Dispenser] F0 BA B0 B3 B2 B0 B1 B0 B0 B0 B0 B1 B1 B1 B1 B2 C1 B9 8D 8A
[T+77761691us][CH2-Pc    ] 22
[T+77766698us][CH1-Dispenser] 22 D2
[T+77783693us][CH1-Dispenser] FF
[T+77783827us][CH2-Pc    ] FF
[T+77795831us][CH1-Dispenser] E5
[T+77795694us][CH2-Pc    ] E5
[T+77808824us][CH1-Dispenser] F4
[T+77808691us][CH2-Pc    ] F4
[T+77821694us][CH1-Dispenser] F6
[T+77821825us][CH2-Pc    ] F6
[T+77834295us][CH1-Dispenser] E1
[T+77834149us][CH2-Pc    ] E1
[T+77846828us][CH1-Dispenser] F7
[T+77846695us][CH2-Pc    ] F7
[T+77859822us][CH1-Dispenser] E0
[T+77859691us][CH2-Pc    ] E0
[T+77873147us][CH1-Dispenser] E0
[T+77871691us][CH2-Pc    ] E0
[T+77885693us][CH1-Dispenser] E1
[T+77885829us][CH2-Pc    ] E1
[T+77897695us][CH1-Dispenser] E1
[T+77897826us][CH2-Pc    ] E1
[T+77910835us][CH1-Dispenser] FB
[T+77910695us][CH2-Pc    ] FB
[T+77922818us][CH1-Dispenser] ED
[T+77922692us][CH2-Pc    ] ED
[T+77935739us][CH1-Dispenser] F0
[T+77935874us][CH2-Pc    ] F0
[T+78024691us][CH2-Pc    ] 02
[T+78031691us][CH1-Dispenser] 02 72
[T+78051691us][CH2-Pc    ] 22
[T+78058691us][CH1-Dispenser] 22 D2
[T+78073824us][CH1-Dispenser] FF
[T+78073691us][CH2-Pc    ] FF
[T+78085835us][CH1-Dispenser] E5
[T+78085698us][CH2-Pc    ] E5
[T+78098823us][CH1-Dispenser] F2
[T+78098691us][CH2-Pc    ] F2
[T+78116824us][CH1-Dispenser] F8
[T+78116691us][CH2-Pc    ] F8
[T+78128818us][CH1-Dispenser] E0
[T+78128691us][CH2-Pc    ] E0
[T+78141831us][CH1-Dispenser] E0
[T+78141695us][CH2-Pc    ] E0
[T+78154819us][CH1-Dispenser] E0
[T+78154693us][CH2-Pc    ] E0
[T+78166692us][CH1-Dispenser] E1
[T+78167690us][CH2-Pc    ] E1
[T+78179822us][CH1-Dispenser] E1
[T+78179691us][CH2-Pc    ] E1
[T+78192829us][CH1-Dispenser] E0
[T+78192694us][CH2-Pc    ] E0
[T+78205829us][CH1-Dispenser] FB
[T+78205693us][CH2-Pc    ] FB
[T+78218209us][CH1-Dispenser] E5
[T+78218063us][CH2-Pc    ] E5
[T+78230836us][CH1-Dispenser] F0
[T+78230695us][CH2-Pc    ] F0
[T+78319691us][CH2-Pc    ] 02
[T+78325729us][CH1-Dispenser] 02 72
[T+78347692us][CH1-Dispenser] 12
[T+78347821us][CH2-Pc    ] 12
[T+78434715us][CH2-Pc    ] 02
[T+78442691us][CH1-Dispenser] 02 92
[T+78512691us][CH2-Pc    ] 03
[T+78521729us][CH1-Dispenser] 03 63
[T+78590715us][CH2-Pc    ] 04
[T+78596715us][CH1-Dispenser] 04 64
[T+78668826us][CH1-Dispenser] 05
[T+78668692us][CH2-Pc    ] 05
[T+78849823us][CH1-Dispenser] 06
[T+78849691us][CH2-Pc    ] 06
[T+79023715us][CH2-Pc    ] 01
[T+79031691us][CH1-Dispenser] 01 61
[T+79101691us][CH2-Pc    ] 02
[T+79110769us][CH1-Dispenser] 02 92
[T+79679691us][CH2-Pc    ] 03
[T+79685714us][CH1-Dispenser] 03 63
[T+79757715us][CH2-Pc    ] 04
[T+79766729us][CH1-Dispenser] 04 64
[T+79835825us][CH1-Dispenser] 05
[T+79835692us][CH2-Pc    ] 05
[T+80000823us][CH1-Dispenser] 06
[T+80000691us][CH2-Pc    ] 06
[T+80174716us][CH2-Pc    ] 01
[T+80181691us][CH1-Dispenser] 01 61
[T+80252691us][CH2-Pc    ] 02
[T+80260691us][CH1-Dispenser] 02 92
[T+80280691us][CH2-Pc    ] 62
[T+80293691us][CH1-Dispenser] 62 E0 E0 E0 E0 E0 E0
[T+80358691us][CH2-Pc    ] 03
[T+80367291us][CH1-Dispenser] 03 63
[T+80436691us][CH2-Pc    ] 04
[T+80447691us][CH1-Dispenser] 04 64
[T+80514691us][CH1-Dispenser] 05
[T+80514824us][CH2-Pc    ] 05
[T+80689824us][CH1-Dispenser] 06
[T+80689692us][CH2-Pc    ] 06
[T+80864691us][CH2-Pc    ] 01
[T+80871691us][CH1-Dispenser] 01 61
[T+80942691us][CH2-Pc    ] 02
[T+80951715us][CH1-Dispenser] 02 92
[T+80978716us][CH2-Pc    ] 62
[T+80992691us][CH1-Dispenser] 62 E0 E0 E0 E0 E0 E0
[T+81089691us][CH2-Pc    ] 03
[T+81097333us][CH1-Dispenser] 03 63
[T+81167691us][CH2-Pc    ] 04
[T+81177691us][CH1-Dispenser] 04 64
[T+81246824us][CH1-Dispenser] 05
[T+81246691us][CH2-Pc    ] 05
[T+81420821us][CH1-Dispenser] 06
[T+81420691us][CH2-Pc    ] 06
[T+81596691us][CH2-Pc    ] 01
[T+81602714us][CH1-Dispenser] 01 61
[T+81674715us][CH2-Pc    ] 02
[T+81682341us][CH1-Dispenser] 02 92
[T+81702717us][CH2-Pc    ] 62
[T+81717715us][CH1-Dispenser] 62 E0 E0 E0 E0 E0 E0
[T+81790691us][CH2-Pc    ] 03
[T+81796326us][CH1-Dispenser] 03 63
[T+81858715us][CH2-Pc    ] 04
[T+81865691us][CH1-Dispenser] 04 64
[T+81936823us][CH1-Dispenser] 05
[T+81936691us][CH2-Pc    ] 05
[T+82107825us][CH1-Dispenser] 06
[T+82107691us][CH2-Pc    ] 06
[T+82282691us][CH2-Pc    ] 01
[T+82291691us][CH1-Dispenser] 01 61
[T+82360715us][CH2-Pc    ] 02
[T+82366729us][CH1-Dispenser] 02 92
[T+82387721us][CH2-Pc    ] 62
[T+82403691us][CH1-Dispenser] 62 E0 E2 E2 E0 E0 E0
[T+82477691us][CH2-Pc    ] 03
[T+82485698us][CH1-Dispenser] 03 63
[T+82555691us][CH2-Pc    ] 04
[T+82560690us][CH1-Dispenser] 04 64
[T+82633824us][CH1-Dispenser] 05
[T+82633692us][CH2-Pc    ] 05
[T+82819826us][CH1-Dispenser] 06
[T+82819692us][CH2-Pc    ] 06
[T+82989691us][CH2-Pc    ] 01
[T+82996691us][CH1-Dispenser] 01 61
[T+83067691us][CH2-Pc    ] 02
[T+83076315us][CH1-Dispenser] 02 92
[T+83094826us][CH1-Dispenser] 62
[T+83094691us][CH2-Pc    ] 62
[T+83112691us][CH1-Dispenser] E8 E0 E3 E0 E0 E0
[T+83183691us][CH2-Pc    ] 03
[T+83189714us][CH1-Dispenser] 03 63
[T+83262691us][CH2-Pc    ] 04
[T+83271691us][CH1-Dispenser] 04 64
[T+83339692us][CH1-Dispenser] 05
[T+83339824us][CH2-Pc    ] 05
[T+83514828us][CH1-Dispenser] 06
[T+83514691us][CH2-Pc    ] 06
[T+83689691us][CH2-Pc    ] 01
[T+83696691us][CH1-Dispenser] 01 61
[T+83767691us][CH2-Pc    ] 02
[T+83775691us][CH1-Dispenser] 02 92
[T+83794691us][CH2-Pc    ] 62
[T+83808691us][CH1-Dispenser] 62 E9 E2 E4 E0 E0 E0
[T+83873691us][CH2-Pc    ] 03
[T+83881836us][CH1-Dispenser] 03 63
[T+83951691us][CH2-Pc    ] 04
[T+83956691us][CH1-Dispenser] 04 64
[T+84029827us][CH1-Dispenser] 05
[T+84029693us][CH2-Pc    ] 05
[T+84204824us][CH1-Dispenser] 06
[T+84204691us][CH2-Pc    ] 06
[T+84378716us][CH2-Pc    ] 01
[T+84386698us][CH1-Dispenser] 01 61
[T+84457691us][CH2-Pc    ] 02
[T+84462691us][CH1-Dispenser] 02 92
[T+84484691us][CH2-Pc    ] 62
[T+84497691us][CH1-Dispenser] 62 E8 E3 E6 E0 E0 E0
[T+84562691us][CH2-Pc    ] 03
[T+84572698us][CH1-Dispenser] 03 63
[T+84640691us][CH2-Pc    ] 04
[T+84646218us][CH1-Dispenser] 04 64
[T+84718824us][CH1-Dispenser] 05
[T+84718691us][CH2-Pc    ] 05
[T+84893824us][CH1-Dispenser] 06
[T+84893692us][CH2-Pc    ] 06
[T+85068691us][CH2-Pc    ] 01
[T+85077729us][CH1-Dispenser] 01 61
[T+85146715us][CH2-Pc    ] 02
[T+85154455us][CH1-Dispenser] 02 92
[T+85173691us][CH2-Pc    ] 62
[T+85187691us][CH1-Dispenser] 62 E5 E2 E8 E0 E0 E0
[T+85251691us][CH2-Pc    ] 03
[T+85261725us][CH1-Dispenser] 03 63
[T+85330691us][CH2-Pc    ] 04
[T+85336308us][CH1-Dispenser] 04 64
[T+85435691us][CH1-Dispenser] 05
[T+85435823us][CH2-Pc    ] 05
[T+85610826us][CH1-Dispenser] 06
[T+85610693us][CH2-Pc    ] 06
[T+85784691us][CH2-Pc    ] 01
[T+85793729us][CH1-Dispenser] 01 61
[T+85863691us][CH2-Pc    ] 02
[T+85872956us][CH1-Dispenser] 02 92
[T+85895691us][CH2-Pc    ] 62
[T+85907720us][CH1-Dispenser] 62 E2 E2 E1 E1 E0 E0
[T+85974691us][CH2-Pc    ] 03
[T+85980716us][CH1-Dispenser] 03 63
[T+86052715us][CH2-Pc    ] 04
[T+86061729us][CH1-Dispenser] 04 64
[T+86130692us][CH1-Dispenser] 05
[T+86130826us][CH2-Pc    ] 05
[T+86294822us][CH1-Dispenser] 06
[T+86294691us][CH2-Pc    ] 06
[T+86469691us][CH2-Pc    ] 01
[T+86477341us][CH1-Dispenser] 01 61
[T+86547906us][CH2-Pc    ] 02
[T+86556718us][CH1-Dispenser] 02 92
[T+86575691us][CH2-Pc    ] 62
[T+86588691us][CH1-Dispenser] 62 E0 E3 E4 E1 E0 E0
[T+86654715us][CH2-Pc    ] 03
[T+86663761us][CH1-Dispenser] 03 63
[T+86732716us][CH2-Pc    ] 04
[T+86741698us][CH1-Dispenser] 04 64
[T+86810691us][CH1-Dispenser] 05
[T+86810822us][CH2-Pc    ] 05
[T+86985693us][CH1-Dispenser] 06
[T+86985825us][CH2-Pc    ] 06
[T+87160691us][CH2-Pc    ] 01
[T+87167691us][CH1-Dispenser] 01 61
[T+87238691us][CH2-Pc    ] 02
[T+87246698us][CH1-Dispenser] 02 92
[T+87265691us][CH2-Pc    ] 62
[T+87277716us][CH1-Dispenser] 62 E1 E7 E7 E1 E0 E0
[T+87347691us][CH2-Pc    ] 03
[T+87355698us][CH1-Dispenser] 03 63
[T+87426125us][CH2-Pc    ] 04
[T+87432365us][CH1-Dispenser] 04 64
[T+87503838us][CH1-Dispenser] 05
[T+87503700us][CH2-Pc    ] 05
[T+87679824us][CH1-Dispenser] 06
[T+87679691us][CH2-Pc    ] 06
[T+87843691us][CH2-Pc    ] 01
[T+87854695us][CH1-Dispenser] 01 61
[T+87921691us][CH2-Pc    ] 02
[T+87928161us][CH1-Dispenser] 02 92
[T+87952691us][CH2-Pc    ] 62
[T+87968691us][CH1-Dispenser] 62 E5 E4 E1 E2 E0 E0
[T+88043691us][CH2-Pc    ] 03
[T+88052334us][CH1-Dispenser] 03 63
[T+88161825us][CH1-Dispenser] 04
[T+88161692us][CH2-Pc    ] 04
[T+88173701us][CH1-Dispenser] 64
[T+88299821us][CH1-Dispenser] 05
[T+88299691us][CH2-Pc    ] 05
[T+88475692us][CH1-Dispenser] 06
[T+88475825us][CH2-Pc    ] 06
[T+88639691us][CH2-Pc    ] 01
[T+88648729us][CH1-Dispenser] 01 61
[T+88738716us][CH2-Pc    ] 02
[T+88748190us][CH1-Dispenser] 02 92
[T+88765715us][CH2-Pc    ] 62
[T+88778691us][CH1-Dispenser] 62 E3 E6 E5 E2 E0 E0
[T+88844715us][CH2-Pc    ] 03
[T+88851691us][CH1-Dispenser] 03 63
[T+88922691us][CH2-Pc    ] 04
[T+88931400us][CH1-Dispenser] 04 64
[T+89000825us][CH1-Dispenser] 05
[T+89000692us][CH2-Pc    ] 05
[T+89175824us][CH1-Dispenser] 06
[T+89175691us][CH2-Pc    ] 06
[T+89350692us][CH2-Pc    ] 01
[T+89357368us][CH1-Dispenser] 01 61
[T+89428716us][CH2-Pc    ] 02
[T+89437741us][CH1-Dispenser] 02 92
[T+89455716us][CH2-Pc    ] 62
[T+89467691us][CH1-Dispenser] 62 E2 E9 E9 E2 E0 E0
[T+89534691us][CH2-Pc    ] 03
[T+89543729us][CH1-Dispenser] 03 63
[T+89612715us][CH2-Pc    ] 04
[T+89622691us][CH1-Dispenser] 04 64
[T+89690692us][CH1-Dispenser] 05
[T+89690826us][CH2-Pc    ] 05
[T+89864692us][CH2-Pc    ] 06
[T+89865691us][CH1-Dispenser] 06
[T+90029691us][CH2-Pc    ] 01
[T+90038691us][CH1-Dispenser] 01 61
[T+90107715us][CH2-Pc    ] 02
[T+90113346us][CH1-Dispenser] 02 92
[T+90134691us][CH2-Pc    ] 62
[T+90148695us][CH1-Dispenser] 62 E0 E1 E4 E3 E0 E0
[T+90212691us][CH2-Pc    ] 03
[T+90221137us][CH1-Dispenser] 03 63
[T+90290691us][CH2-Pc    ] 04
[T+90296714us][CH1-Dispenser] 04 64
[T+90369692us][CH1-Dispenser] 05
[T+90369823us][CH2-Pc    ] 05
[T+90554826us][CH1-Dispenser] 06
[T+90554691us][CH2-Pc    ] 06
[T+90718691us][CH2-Pc    ] 01
[T+90727691us][CH1-Dispenser] 01 61
[T+90796716us][CH2-Pc    ] 02
[T+90803264us][CH1-Dispenser] 02 92
[T+90824691us][CH2-Pc    ] 62
[T+90837691us][CH1-Dispenser] 62 E5 E9 E7 E3 E0 E0
[T+90902693us][CH1-Dispenser] 03
[T+90902825us][CH2-Pc    ] 03
[T+90914692us][CH1-Dispenser] 63
[T+90980715us][CH2-Pc    ] 04
[T+90988102us][CH1-Dispenser] 04 64
[T+91058923us][CH1-Dispenser] 05
[T+91058720us][CH2-Pc    ] 05
[T+91233692us][CH1-Dispenser] 06
[T+91233825us][CH2-Pc    ] 06
[T+91408691us][CH2-Pc    ] 01
[T+91416691us][CH1-Dispenser] 01 61
[T+91486691us][CH2-Pc    ] 02
[T+91491690us][CH1-Dispenser] 02 92
[T+91514691us][CH2-Pc    ] 62
[T+91528691us][CH1-Dispenser] 62 E5 E3 E2 E4 E0 E0
[T+91593691us][CH2-Pc    ] 03
[T+91601807us][CH1-Dispenser] 03 63
[T+91671691us][CH2-Pc    ] 04
[T+91677415us][CH1-Dispenser] 04 64
[T+91749823us][CH1-Dispenser] 05
[T+91749691us][CH2-Pc    ] 05
[T+91924829us][CH1-Dispenser] 06
[T+91924692us][CH2-Pc    ] 06
[T+92098715us][CH2-Pc    ] 01
[T+92108691us][CH1-Dispenser] 01 61
[T+92176691us][CH2-Pc    ] 02
[T+92183691us][CH1-Dispenser] 02 92
[T+92203691us][CH2-Pc    ] 62
[T+92219692us][CH1-Dispenser] 62 E3 E5 E6 E4 E0 E0
[T+92292691us][CH2-Pc    ] 03
[T+92303691us][CH1-Dispenser] 03 63
[T+92370691us][CH2-Pc    ] 04
[T+92376446us][CH1-Dispenser] 04 64
[T+92449824us][CH1-Dispenser] 05
[T+92449691us][CH2-Pc    ] 05
[T+92623692us][CH1-Dispenser] 06
[T+92623824us][CH2-Pc    ] 06
[T+92798691us][CH2-Pc    ] 01
[T+92807729us][CH1-Dispenser] 01 61
[T+92876715us][CH2-Pc    ] 02
[T+92882716us][CH1-Dispenser] 02 92
[T+92903715us][CH2-Pc    ] 62
[T+92918715us][CH1-Dispenser] 62 E3 E9 E0 E5 E0 E0
[T+92993729us][CH2-Pc    ] 03
[T+93000691us][CH1-Dispenser] 03 63
[T+93071691us][CH2-Pc    ] 04
[T+93076690us][CH1-Dispenser] 04 64
[T+93139694us][CH1-Dispenser] 05
[T+93139831us][CH2-Pc    ] 05
[T+93314822us][CH1-Dispenser] 06
[T+93314692us][CH2-Pc    ] 06
[T+93488715us][CH2-Pc    ] 01
[T+93497721us][CH1-Dispenser] 01 61
[T+93567691us][CH2-Pc    ] 02
[T+93571691us][CH1-Dispenser] 02 92
[T+93583720us][CH2-Pc    ] 62
[T+93598717us][CH1-Dispenser] 62 E4 E4 E5 E5 E0 E0
[T+93678691us][CH2-Pc    ] 03
[T+93689691us][CH1-Dispenser] 03 63
[T+93761691us][CH1-Dispenser] 04 64
[T+93756691us][CH2-Pc    ] 04
[T+93834691us][CH1-Dispenser] 05
[T+93836117us][CH2-Pc    ] 05
[T+93998824us][CH1-Dispenser] 06
[T+93998691us][CH2-Pc    ] 06
[T+94173691us][CH2-Pc    ] 01
[T+94182716us][CH1-Dispenser] 01 61
[T+94251716us][CH2-Pc    ] 02
[T+94258692us][CH1-Dispenser] 02 92
[T+94278691us][CH2-Pc    ] 62
[T+94293715us][CH1-Dispenser] 62 E2 E6 E9 E5 E0 E0
[T+94357691us][CH2-Pc    ] 03
[T+94361690us][CH1-Dispenser] 03 63
[T+94424822us][CH2-Pc    ] 04
[T+94431691us][CH1-Dispenser] 04 64
[T+94502692us][CH1-Dispenser] 05
[T+94502825us][CH2-Pc    ] 05
[T+94677691us][CH1-Dispenser] 06
[T+94677827us][CH2-Pc    ] 06
[T+94841691us][CH2-Pc    ] 01
[T+94848691us][CH1-Dispenser] 01 61
[T+94919691us][CH2-Pc    ] 02
[T+94927691us][CH1-Dispenser] 02 92
[T+94946691us][CH2-Pc    ] 62
[T+94958715us][CH1-Dispenser] 62 E0 E8 E3 E6 E0 E0
[T+95025691us][CH2-Pc    ] 03
[T+95031715us][CH1-Dispenser] 03 63
[T+95103716us][CH2-Pc    ] 04
[T+95110691us][CH1-Dispenser] 04 64
[T+95181699us][CH1-Dispenser] 05
[T+95181837us][CH2-Pc    ] 05
[T+95373823us][CH1-Dispenser] 06
[T+95373692us][CH2-Pc    ] 06
[T+95547715us][CH2-Pc    ] 01
[T+95552331us][CH1-Dispenser] 01 61
[T+95614716us][CH2-Pc    ] 02
[T+95621691us][CH1-Dispenser] 02 92
[T+95642716us][CH2-Pc    ] 62
[T+95654715us][CH1-Dispenser] 62 E4 E6 E8 E6 E0 E0
[T+95721691us][CH2-Pc    ] 03
[T+95728368us][CH1-Dispenser] 03 63
[T+95799729us][CH2-Pc    ] 04
[T+95806691us][CH1-Dispenser] 04 64
[T+95878694us][CH1-Dispenser] 05
[T+95878832us][CH2-Pc    ] 05
[T+96045826us][CH1-Dispenser] 06
[T+96045692us][CH2-Pc    ] 06
[T+96220691us][CH2-Pc    ] 01
[T+96227714us][CH1-Dispenser] 01 61
[T+96298853us][CH1-Dispenser] 02
[T+96298699us][CH2-Pc    ] 02
[T+96311691us][CH1-Dispenser] 92
[T+96325691us][CH2-Pc    ] 62
[T+96338691us][CH1-Dispenser] 62 E2 E8 E2 E7 E0 E0
[T+96403691us][CH2-Pc    ] 03
[T+96412691us][CH1-Dispenser] 03 63
[T+96482691us][CH2-Pc    ] 04
[T+96486125us][CH1-Dispenser] 04 64
[T+96549824us][CH1-Dispenser] 05
[T+96549691us][CH2-Pc    ] 05
[T+96724691us][CH1-Dispenser] 06
[T+96724828us][CH2-Pc    ] 06
[T+96888691us][CH2-Pc    ] 01
[T+96897715us][CH1-Dispenser] 01 61
[T+96966715us][CH2-Pc    ] 02
[T+96975213us][CH1-Dispenser] 02 92
[T+96993691us][CH2-Pc    ] 62
[T+97009691us][CH1-Dispenser] 62 E3 E3 E7 E7 E0 E0
[T+97083695us][CH1-Dispenser] 03
[T+97083834us][CH2-Pc    ] 03
[T+97094692us][CH1-Dispenser] 63
[T+97160715us][CH2-Pc    ] 04
[T+97166714us][CH1-Dispenser] 04 64
[T+97238693us][CH1-Dispenser] 05
[T+97238825us][CH2-Pc    ] 05
[T+97413692us][CH1-Dispenser] 06
[T+97413824us][CH2-Pc    ] 06
[T+97578717us][CH2-Pc    ] 01
[T+97587729us][CH1-Dispenser] 01 61
[T+97657638us][CH2-Pc    ] 02
[T+97664366us][CH1-Dispenser] 02 92
[T+97684827us][CH1-Dispenser] 62
[T+97684692us][CH2-Pc    ] 62
[T+97701691us][CH1-Dispenser] E7 E1 E2 E8 E0 E0
[T+97775691us][CH2-Pc    ] 03
[T+97781714us][CH1-Dispenser] 03 63
[T+97852691us][CH2-Pc    ] 04
[T+97857691us][CH1-Dispenser] 04 64
[T+97930831us][CH1-Dispenser] 05
[T+97930694us][CH2-Pc    ] 05
[T+98116827us][CH1-Dispenser] 06
[T+98116691us][CH2-Pc    ] 06
[T+98279691us][CH2-Pc    ] 01
[T+98288321us][CH1-Dispenser] 01 61
[T+98358691us][CH2-Pc    ] 02
[T+98363692us][CH1-Dispenser] 02 92
[T+98385691us][CH2-Pc    ] 62
[T+98399694us][CH1-Dispenser] 62 E0 E9 E6 E8 E0 E0
[T+98468716us][CH2-Pc    ] 03
[T+98476691us][CH1-Dispenser] 03 63
[T+98546691us][CH2-Pc    ] 04
[T+98552921us][CH1-Dispenser] 04 64
[T+98639825us][CH1-Dispenser] 05
[T+98639691us][CH2-Pc    ] 05
[T+98814691us][CH1-Dispenser] 06
[T+98814823us][CH2-Pc    ] 06
[T+98988715us][CH2-Pc    ] 01
[T+98998695us][CH1-Dispenser] 01 61
[T+99066691us][CH2-Pc    ] 02
[T+99073691us][CH1-Dispenser] 02 92
[T+99094715us][CH2-Pc    ] 62
[T+99110691us][CH1-Dispenser] 62 E4 E7 E1 E9 E0 E0
[T+99184496us][CH2-Pc    ] 03
[T+99192716us][CH1-Dispenser] 03 63
[T+99261715us][CH2-Pc    ] 04
[T+99265691us][CH1-Dispenser] 04 64
[T+99339826us][CH1-Dispenser] 05
[T+99339691us][CH2-Pc    ] 05
[T+99514691us][CH1-Dispenser] 06
[T+99514824us][CH2-Pc    ] 06
[T+99689691us][CH2-Pc    ] 01
[T+99697691us][CH1-Dispenser] 01 61
[T+99767691us][CH2-Pc    ] 02
[T+99773729us][CH1-Dispenser] 02 92
[T+99794720us][CH2-Pc    ] 62
[T+99807691us][CH1-Dispenser] 62 E7 E4 E6 E9 E0 E0
[T+99872691us][CH2-Pc    ] 03
[T+99882691us][CH1-Dispenser] 03 63
[T+99950691us][CH2-Pc    ] 04
[T+99956715us][CH1-Dispenser] 04 64
[T+100028691us][CH1-Dispenser] 05
[T+100029691us][CH2-Pc    ] 05
[T+100210691us][CH1-Dispenser] 06
[T+100210826us][CH2-Pc    ] 06
[T+100374691us][CH2-Pc    ] 01
[T+100383691us][CH1-Dispenser] 01 61
[T+100452715us][CH2-Pc    ] 02
[T+100456691us][CH1-Dispenser] 02 92
[T+100469691us][CH2-Pc    ] 62
[T+100484715us][CH1-Dispenser] 62 E9 E0 E1 E0 E1 E0
[T+100549691us][CH2-Pc    ] 03
[T+100557488us][CH1-Dispenser] 03 63
[T+100627691us][CH2-Pc    ] 04
[T+100637850us][CH1-Dispenser] 04 64
[T+100705827us][CH1-Dispenser] 05
[T+100705692us][CH2-Pc    ] 05
[T+100872828us][CH1-Dispenser] 06
[T+100872691us][CH2-Pc    ] 06
[T+101054691us][CH2-Pc    ] 01
[T+101062700us][CH1-Dispenser] 01 61
[T+101132691us][CH2-Pc    ] 02
[T+101137691us][CH1-Dispenser] 02 92
[T+101159691us][CH2-Pc    ] 62
[T+101174716us][CH1-Dispenser] 62 E3 E9 E5 E0 E1 E0
[T+101248691us][CH2-Pc    ] 03
[T+101257716us][CH1-Dispenser] 03 63
[T+101326715us][CH2-Pc    ] 04
[T+101332721us][CH1-Dispenser] 04 64
[T+101405634us][CH1-Dispenser] 05
[T+101405402us][CH2-Pc    ] 05
[T+101579825us][CH1-Dispenser] 06
[T+101579691us][CH2-Pc    ] 06
[T+101754691us][CH2-Pc    ] 01
[T+101764691us][CH1-Dispenser] 01 61
[T+101832691us][CH2-Pc    ] 02
[T+101839425us][CH1-Dispenser] 02 92
[T+101859691us][CH2-Pc    ] 62
[T+101874715us][CH1-Dispenser] 62 E4 E1 E7 E0 E1 E0
[T+101950691us][CH2-Pc    ] 03
[T+101959341us][CH1-Dispenser] 03 63
[T+102027715us][CH2-Pc    ] 04
[T+102037691us][CH1-Dispenser] 04 64
[T+102106824us][CH1-Dispenser] 05
[T+102106692us][CH2-Pc    ] 05
[T+102280691us][CH1-Dispenser] 06
[T+102280823us][CH2-Pc    ] 06
[T+102455691us][CH2-Pc    ] 01
[T+102462691us][CH1-Dispenser] 01 61
[T+102539691us][CH2-Pc    ] 02
[T+102546691us][CH1-Dispenser] 02 92
[T+102566691us][CH2-Pc    ] 62
[T+102579691us][CH1-Dispenser] 62 E6 E3 E7 E0 E1 E0
[T+102646691us][CH2-Pc    ] 03
[T+102651691us][CH1-Dispenser] 03 63
[T+102724691us][CH2-Pc    ] 04
[T+102732727us][CH1-Dispenser] 04 64
[T+102802691us][CH1-Dispenser] 05
[T+102802825us][CH2-Pc    ] 05
[T+102966825us][CH1-Dispenser] 06
[T+102966691us][CH2-Pc    ] 06
[T+103141691us][CH2-Pc    ] 01
[T+103148382us][CH1-Dispenser] 01 61
[T+103219729us][CH2-Pc    ] 02
[T+103226691us][CH1-Dispenser] 02 92
[T+103246691us][CH2-Pc    ] 62
[T+103263691us][CH1-Dispenser] 62 E9 E6 E7 E0 E1 E0
[T+103336691us][CH2-Pc    ] 03
[T+103341690us][CH1-Dispenser] 03 63
[T+103414691us][CH2-Pc    ] 04
[T+103421717us][CH1-Dispenser] 04 64
[T+103492828us][CH1-Dispenser] 05
[T+103492692us][CH2-Pc    ] 05
[T+103679825us][CH1-Dispenser] 06
[T+103679691us][CH2-Pc    ] 06
[T+103847716us][CH2-Pc    ] 01
[T+103854691us][CH1-Dispenser] 01 61
[T+103925691us][CH2-Pc    ] 02
[T+103933691us][CH1-Dispenser] 02 92
[T+103952691us][CH2-Pc    ] 62
[T+103964898us][CH1-Dispenser] 62 E2 E0 E8 E0 E1 E0
[T+104031691us][CH2-Pc    ] 03
[T+104037715us][CH1-Dispenser] 03 63
[T+104133715us][CH2-Pc    ] 04
[T+104142344us][CH1-Dispenser] 04 64
[T+104211825us][CH1-Dispenser] 05
[T+104211691us][CH2-Pc    ] 05
[T+104396825us][CH1-Dispenser] 06
[T+104396691us][CH2-Pc    ] 06
[T+104561715us][CH2-Pc    ] 01
[T+104570729us][CH1-Dispenser] 01 61
[T+104639717us][CH2-Pc    ] 02
[T+104648003us][CH1-Dispenser] 02 92
[T+104666691us][CH2-Pc    ] 62
[T+104678716us][CH1-Dispenser] 62 E5 E3 E8 E0 E1 E0
[T+104745691us][CH2-Pc    ] 03
[T+104752691us][CH1-Dispenser] 03 63
[T+104823691us][CH2-Pc    ] 04
[T+104832715us][CH1-Dispenser] 04 64
[T+104901691us][CH1-Dispenser] 05
[T+104901825us][CH2-Pc    ] 05
[T+105076691us][CH1-Dispenser] 06
[T+105076825us][CH2-Pc    ] 06
[T+105251691us][CH2-Pc    ] 01
[T+105257729us][CH1-Dispenser] 01 61
[T+105330691us][CH2-Pc    ] 02
[T+105338698us][CH1-Dispenser] 02 92
[T+105357691us][CH2-Pc    ] 62
[T+105369721us][CH1-Dispenser] 62 E8 E6 E8 E0 E1 E0
[T+105436691us][CH2-Pc    ] 03
[T+105442729us][CH1-Dispenser] 03 63
[T+105514691us][CH2-Pc    ] 04
[T+105523113us][CH1-Dispenser] 04 64
[T+105592692us][CH1-Dispenser] 05
[T+105592826us][CH2-Pc    ] 05
[T+105767825us][CH1-Dispenser] 06
[T+105767691us][CH2-Pc    ] 06
[T+105947715us][CH2-Pc    ] 01
[T+105953715us][CH1-Dispenser] 01 61
[T+106032718us][CH1-Dispenser] 02 92
[T+106029691us][CH2-Pc    ] 02
[T+106045691us][CH2-Pc    ] 62
[T+106060723us][CH1-Dispenser] 62 E1 E0 E9 E0 E1 E0
[T+106134691us][CH2-Pc    ] 03
[T+106141691us][CH1-Dispenser] 03 63
[T+106213571us][CH2-Pc    ] 04
[T+106217691us][CH1-Dispenser] 04 64
[T+106291256us][CH1-Dispenser] 05
[T+106291395us][CH2-Pc    ] 05
[T+106468825us][CH1-Dispenser] 06
[T+106468692us][CH2-Pc    ] 06
[T+106643825us][CH1-Dispenser] 01
[T+106643691us][CH2-Pc    ] 01
[T+106655724us][CH1-Dispenser] 61
[T+106722691us][CH2-Pc    ] 02
[T+106727690us][CH1-Dispenser] 02 92
[T+106749691us][CH2-Pc    ] 62
[T+106763691us][CH1-Dispenser] 62 E3 E2 E9 E0 E1 E0
[T+106827691us][CH2-Pc    ] 03
[T+106832690us][CH1-Dispenser] 03 63
[T+106894691us][CH2-Pc    ] 04
[T+106903343us][CH1-Dispenser] 04 64
[T+106973826us][CH1-Dispenser] 05
[T+106973692us][CH2-Pc    ] 05
[T+107148690us][CH1-Dispenser] 06
[T+107147691us][CH2-Pc    ] 06
[T+107312691us][CH2-Pc    ] 01
[T+107320698us][CH1-Dispenser] 01 61
[T+107390691us][CH2-Pc    ] 02
[T+107400692us][CH1-Dispenser] 02 92
[T+107417691us][CH2-Pc    ] 62
[T+107429725us][CH1-Dispenser] 62 E6 E5 E9 E0 E1 E0
[T+107495716us][CH2-Pc    ] 03
[T+107502691us][CH1-Dispenser] 03 63
[T+107573691us][CH2-Pc    ] 04
[T+107582122us][CH1-Dispenser] 04 64
[T+107651825us][CH1-Dispenser] 05
[T+107651691us][CH2-Pc    ] 05
[T+107826823us][CH1-Dispenser] 06
[T+107826692us][CH2-Pc    ] 06
[T+108001691us][CH2-Pc    ] 01
[T+108011691us][CH1-Dispenser] 01 61
[T+108079691us][CH2-Pc    ] 02
[T+108089214us][CH1-Dispenser] 02 92
[T+108107691us][CH2-Pc    ] 62
[T+108119728us][CH1-Dispenser] 62 E0 E0 E0 E1 E1 E0
[T+108186691us][CH2-Pc    ] 03
[T+108192724us][CH1-Dispenser] 03 63
[T+108264715us][CH2-Pc    ] 04
[T+108271691us][CH1-Dispenser] 04 64
[T+108342826us][CH1-Dispenser] 05
[T+108342691us][CH2-Pc    ] 05
[T+108539691us][CH1-Dispenser] 06
[T+108539825us][CH2-Pc    ] 06
[T+108724691us][CH2-Pc    ] 01
[T+108734691us][CH1-Dispenser] 01 61
[T+108802691us][CH2-Pc    ] 02
[T+108808715us][CH1-Dispenser] 02 92
[T+108829715us][CH2-Pc    ] 62
[T+108844715us][CH1-Dispenser] 62 E0 E0 E0 E1 E1 E0
[T+108918691us][CH2-Pc    ] 03
[T+108927729us][CH1-Dispenser] 03 63
[T+108996716us][CH2-Pc    ] 04
[T+109001691us][CH1-Dispenser] 04 64
[T+109074826us][CH1-Dispenser] 05
[T+109074693us][CH2-Pc    ] 05
[T+109249825us][CH1-Dispenser] 06
[T+109249691us][CH2-Pc    ] 06
[T+109423717us][CH2-Pc    ] 01
[T+109428690us][CH1-Dispenser] 01 61
[T+109501691us][CH2-Pc    ] 02
[T+109510873us][CH1-Dispenser] 02 92
[T+109528715us][CH2-Pc    ] 62
[T+109539691us][CH1-Dispenser] 62 E0 E0 E0 E1 E1 E0
[T+109609291us][CH2-Pc    ] 03
[T+109617715us][CH1-Dispenser] 03 63
[T+109686715us][CH2-Pc    ] 04
[T+109692304us][CH1-Dispenser] 04 64
[T+109764691us][CH2-Pc    ] 05
[T+109765690us][CH1-Dispenser] 05
[T+109942691us][CH2-Pc    ] 06
[T+109943690us][CH1-Dispenser] 06
[T+110108715us][CH2-Pc    ] 01
[T+110114729us][CH1-Dispenser] 01 61
[T+110187462us][CH2-Pc    ] 02
[T+110193691us][CH1-Dispenser] 02 92
[T+110214715us][CH2-Pc    ] 62
[T+110230691us][CH1-Dispenser] 62 E0 E0 E0 E1 E1 E0
[T+110304691us][CH2-Pc    ] 03
[T+110313717us][CH1-Dispenser] 03 63
[T+110382715us][CH2-Pc    ] 04
[T+110388343us][CH1-Dispenser] 04 64
[T+110460826us][CH1-Dispenser] 05
[T+110460693us][CH2-Pc    ] 05
[T+110624825us][CH1-Dispenser] 06
[T+110624691us][CH2-Pc    ] 06
[T+110799691us][CH2-Pc    ] 01
[T+110805699us][CH1-Dispenser] 01 61
[T+110877730us][CH2-Pc    ] 02
[T+110882690us][CH1-Dispenser] 02 92
[T+110904691us][CH2-Pc    ] 62
[T+110920691us][CH1-Dispenser] 62 E0 E0 E0 E1 E1 E0
[T+110993691us][CH2-Pc    ] 03
[T+111001698us][CH1-Dispenser] 03 63
[T+111071691us][CH2-Pc    ] 04
[T+111078381us][CH1-Dispenser] 04 64
[T+111149931us][CH1-Dispenser] 05
[T+111149792us][CH2-Pc    ] 05
[T+111335823us][CH1-Dispenser] 06
[T+111335691us][CH2-Pc    ] 06
[T+111499691us][CH2-Pc    ] 01
[T+111510698us][CH1-Dispenser] 01 61
[T+111577691us][CH2-Pc    ] 02
[T+111583729us][CH1-Dispenser] 02 92
[T+111604715us][CH2-Pc    ] 62
[T+111620716us][CH1-Dispenser] 62 E0 E0 E0 E1 E1 E0
[T+111693691us][CH2-Pc    ] 03
[T+111702721us][CH1-Dispenser] 03 63
[T+111771715us][CH2-Pc    ] 04
[T+111778693us][CH1-Dispenser] 04 64
[T+111849825us][CH1-Dispenser] 05
[T+111849691us][CH2-Pc    ] 05
[T+112019825us][CH1-Dispenser] 06
[T+112019691us][CH2-Pc    ] 06
[T+112193716us][CH2-Pc    ] 01
[T+112198690us][CH1-Dispenser] 01 61
[T+112271691us][CH2-Pc    ] 02
[T+112280699us][CH1-Dispenser] 02 92
[T+112300691us][CH2-Pc    ] 62
[T+112316691us][CH1-Dispenser] 62 E0 E0 E0 E1 E1 E0
[T+112390691us][CH2-Pc    ] 03
[T+112399332us][CH1-Dispenser] 03 63
[T+112468691us][CH2-Pc    ] 04
[T+112472574us][CH1-Dispenser] 04 64
[T+112535826us][CH1-Dispenser] 05
[T+112535691us][CH2-Pc    ] 05
[T+112710692us][CH1-Dispenser] 06
[T+112710825us][CH2-Pc    ] 06
[T+112875715us][CH2-Pc    ] 01
[T+112884729us][CH1-Dispenser] 01 61
[T+112953716us][CH2-Pc    ] 02
[T+112960364us][CH1-Dispenser] 02 92
[T+112980691us][CH2-Pc    ] 62
[T+112994691us][CH1-Dispenser] 62 E0 E0 E0 E1 E1 E0
[T+113059691us][CH2-Pc    ] 03
[T+113069030us][CH1-Dispenser] 03 63
[T+113136691us][CH2-Pc    ] 04
[T+113143691us][CH1-Dispenser] 04 64
[T+113215693us][CH1-Dispenser] 05
[T+113216690us][CH2-Pc    ] 05
[T+113390691us][CH1-Dispenser] 06
[T+113390825us][CH2-Pc    ] 06
[T+113564716us][CH2-Pc    ] 01
[T+113573716us][CH1-Dispenser] 01 61
[T+113642716us][CH2-Pc    ] 02
[T+113648716us][CH1-Dispenser] 02 A2
[T+114221716us][CH2-Pc    ] 03
[T+114228691us][CH1-Dispenser] 03 63
[T+114299691us][CH2-Pc    ] 04
[T+114307691us][CH1-Dispenser] 04 64
[T+114377691us][CH1-Dispenser] 05
[T+114377824us][CH2-Pc    ] 05
[T+114552693us][CH1-Dispenser] 06
[T+114552826us][CH2-Pc    ] 06
[T+114716691us][CH2-Pc    ] 01
[T+114726695us][CH1-Dispenser] 01 61
[T+114794691us][CH2-Pc    ] 02
[T+114800151us][CH1-Dispenser] 02 62
[T+115361691us][CH2-Pc    ] 03
[T+115369691us][CH1-Dispenser] 03 63
[T+115439691us][CH2-Pc    ] 04
[T+115448716us][CH1-Dispenser] 04 64
[T+115517826us][CH1-Dispenser] 05
[T+115517691us][CH2-Pc    ] 05
[T+115692825us][CH1-Dispenser] 06
[T+115692691us][CH2-Pc    ] 06
[T+115856691us][CH2-Pc    ] 01
[T+115863691us][CH1-Dispenser] 01 61
[T+115934691us][CH2-Pc    ] 02
[T+115942700us][CH1-Dispenser] 02 62
[T+115965692us][CH1-Dispenser] 42
[T+115965824us][CH2-Pc    ] 42
[T+116019691us][CH1-Dispenser] FF F1 F8 EB E1 E0 E0 E0 F6 E1 F4 F7 E0 E0 E1 E1 F9 E0 E0 E0 E0 E1 E0 FA E0 E0 E0 E1 E1 E0 FB E7 F0
[T+116037825us][CH1-Dispenser] 52
[T+116037691us][CH2-Pc    ] 52
[T+116166715us][CH1-Dispenser] FF F6 E0 F9 E6 E6 E9 E4 E3 E6 E6 E2 FA E7 E6 E2 E0 E8 E7 E2 E8 F4 E0 E3 E1 E1 F5 E0 E0 E0 E0 F6 E1 F9 E8 E6 E0 E5 E0 E6 E5 E3 FA E3 E2 E5 E1 E2 E2 E2 E8 F4 E0 E0 E1 E1 F5 E0 E0 E0 E0 F6 E2 F9 E2 E3 E9 E5 E0 E4 E9 E9 FA E9 E1 E8 E1 E0 E1 E1 E8 F4 E0 E3 E4 E1 F5 E0 E0 E0 E0 FB EC F0
[T+116257691us][CH2-Pc    ] 03
[T+116263161us][CH1-Dispenser] 03 63
[T+116336691us][CH2-Pc    ] 04
[T+116342729us][CH1-Dispenser] 04 64
[T+116413892us][CH1-Dispenser] 05
[T+116414113us][CH2-Pc    ] 05
[T+116577825us][CH1-Dispenser] 06
[T+116577691us][CH2-Pc    ] 06
[T+116753691us][CH2-Pc    ] 01
[T+116759714us][CH1-Dispenser] 01 61
[T+116831716us][CH2-Pc    ] 02
[T+116839334us][CH1-Dispenser] 02 62
[T+116858691us][CH2-Pc    ] 42
[T+116908691us][CH1-Dispenser] 42 FF F1 F8 EB E1 E0 E0 E0 F6 E1 F4 F7 E0 E0 E1 E1 F9 E0 E0 E0 E0 E1 E0 FA E0 E0 E0 E1 E1 E0 FB E7 F0
[T+116930828us][CH1-Dispenser] 52
[T+116930691us][CH2-Pc    ] 52
[T+117066691us][CH1-Dispenser] FF F6 E0 F9 E6 E6 E9 E4 E3 E6 E6 E2 FA E7 E6 E2 E0 E8 E7 E2 E8 F4 E0 E3 E1 E1 F5 E0 E0 E0 E0 F6 E1 F9 E8 E6 E0 E5 E0 E6 E5 E3 FA E3 E2 E5 E1 E2 E2 E2 E8 F4 E0 E0 E1 E1 F5 E0 E0 E0 E0 F6 E2 F9 E2 E3 E9 E5 E0 E4 E9 E9 FA E9 E1 E8 E1 E0 E1 E1 E8 F4 E0 E3 E4 E1 F5 E0 E0 E0 E0 FB EC F0
[T+117152691us][CH2-Pc    ] 03
[T+117158729us][CH1-Dispenser] 03 63
[T+117230691us][CH2-Pc    ] 04
[T+117237691us][CH1-Dispenser] 04 64
[T+117308692us][CH1-Dispenser] 05
[T+117308826us][CH2-Pc    ] 05
[T+117483825us][CH1-Dispenser] 06
[T+117483692us][CH2-Pc    ] 06
[T+117658691us][CH2-Pc    ] 01
[T+117664729us][CH1-Dispenser] 01 61
[T+117736716us][CH2-Pc    ] 02
[T+117743691us][CH1-Dispenser] 02 62
[T+117815716us][CH2-Pc    ] 03
[T+117823691us][CH1-Dispenser] 03 63
[T+117894510us][CH2-Pc    ] 04
[T+117902977us][CH1-Dispenser] 04 64
[T+117972825us][CH1-Dispenser] 05
[T+117972691us][CH2-Pc    ] 05
[T+118146691us][CH1-Dispenser] 06
[T+118146825us][CH2-Pc    ] 06
[T+118323715us][CH2-Pc    ] 01
[T+118329719us][CH1-Dispenser] 01 61
[T+118403692us][CH2-Pc    ] 02
[T+118408698us][CH1-Dispenser] 02 62
[T+118480729us][CH2-Pc    ] 03
[T+118488691us][CH1-Dispenser] 03 63
[T+118558691us][CH2-Pc    ] 04
[T+118567729us][CH1-Dispenser] 04 64
[T+118636693us][CH1-Dispenser] 05
[T+118637850us][CH2-Pc    ] 05
[T+118812827us][CH1-Dispenser] 06
[T+118812691us][CH2-Pc    ] 06
[T+118984691us][CH2-Pc    ] 01
[T+118990714us][CH1-Dispenser] 01 61
[T+119063465us][CH2-Pc    ] 02
[T+119068691us][CH1-Dispenser] 02 62
[T+119155715us][CH2-Pc    ] 03
[T+119163336us][CH1-Dispenser] 03 63
[T+119233715us][CH2-Pc    ] 04
[T+119237690us][CH1-Dispenser] 04 64
[T+119301826us][CH1-Dispenser] 05
[T+119301692us][CH2-Pc    ] 05
[T+119475826us][CH1-Dispenser] 06
[T+119475691us][CH2-Pc    ] 06
[T+119640691us][CH2-Pc    ] 01
[T+119649327us][CH1-Dispenser] 01 61
[T+119717716us][CH2-Pc    ] 02
[T+119726699us][CH1-Dispenser] 02 62
[T+119796691us][CH2-Pc    ] 03
[T+119805546us][CH1-Dispenser] 03 63
[T+119874716us][CH2-Pc    ] 04
[T+119882691us][CH1-Dispenser] 04 64
[T+119952699us][CH1-Dispenser] 05
[T+119952838us][CH2-Pc    ] 05
[T+120127825us][CH1-Dispenser] 06
[T+120127691us][CH2-Pc    ] 06
[T+120301716us][CH2-Pc    ] 01
[T+120309691us][CH1-Dispenser] 01 61
[T+120380696us][CH2-Pc    ] 02
[T+120389721us][CH1-Dispenser] 02 62
[T+120458715us][CH2-Pc    ] 03
[T+120464700us][CH1-Dispenser] 03 63
[T+120550691us][CH2-Pc    ] 04
[T+120559339us][CH1-Dispenser] 04 64
[T+120629693us][CH1-Dispenser] 05
[T+120629826us][CH2-Pc    ] 05
[T+120803825us][CH1-Dispenser] 06
[T+120803691us][CH2-Pc    ] 06
[T+120967715us][CH2-Pc    ] 01
[T+120974691us][CH1-Dispenser] 01 61
[T+121046691us][CH2-Pc    ] 02
[T+121054698us][CH1-Dispenser] 02 62
[T+121124691us][CH2-Pc    ] 03
[T+121133716us][CH1-Dispenser] 03 63
[T+121202715us][CH2-Pc    ] 04
[T+121211716us][CH1-Dispenser] 04 64
[T+121280691us][CH1-Dispenser] 05
[T+121280825us][CH2-Pc    ] 05
[T+121455692us][CH1-Dispenser] 06
[T+121455825us][CH2-Pc    ] 06
[T+121630691us][CH2-Pc    ] 01
[T+121639715us][CH1-Dispenser] 01 61
[T+121708719us][CH2-Pc    ] 02
[T+121713698us][CH1-Dispenser] 02 62
[T+121788716us][CH2-Pc    ] 03
[T+121795366us][CH1-Dispenser] 03 63
[T+121865692us][CH2-Pc    ] 04
[T+121873698us][CH1-Dispenser] 04 64
[T+121943828us][CH1-Dispenser] 05
[T+121943694us][CH2-Pc    ] 05
[T+122107692us][CH1-Dispenser] 06
[T+122107825us][CH2-Pc    ] 06
[T+122282715us][CH2-Pc    ] 01
[T+122291324us][CH1-Dispenser] 01 61
[T+122360691us][CH2-Pc    ] 02
[T+122369730us][CH1-Dispenser] 02 62
[T+122438731us][CH2-Pc    ] 03
[T+122445692us][CH1-Dispenser] 03 63
[T+122517715us][CH2-Pc    ] 04
[T+122527053us][CH1-Dispenser] 04 64
[T+122594828us][CH1-Dispenser] 05
[T+122594691us][CH2-Pc    ] 05
[T+122769825us][CH1-Dispenser] 06
[T+122769691us][CH2-Pc    ] 06
[T+122944691us][CH2-Pc    ] 01
[T+122950339us][CH1-Dispenser] 01 61
[T+123022691us][CH2-Pc    ] 02
[T+123028729us][CH1-Dispenser] 02 62
[T+123100715us][CH2-Pc    ] 03
[T+123110713us][CH1-Dispenser] 03 63
[T+123178691us][CH2-Pc    ] 04
[T+123189691us][CH1-Dispenser] 04 64
[T+123257692us][CH1-Dispenser] 05
[T+123257825us][CH2-Pc    ] 05
[T+123421824us][CH1-Dispenser] 06
[T+123421691us][CH2-Pc    ] 06
[T+123595716us][CH2-Pc    ] 01
[T+123603698us][CH1-Dispenser] 01 61
[T+123673764us][CH2-Pc    ] 02
[T+123681691us][CH1-Dispenser] 02 62
[T+123752691us][CH2-Pc    ] 03
[T+123761029us][CH1-Dispenser] 03 63
[T+123830691us][CH2-Pc    ] 04
[T+123839730us][CH1-Dispenser] 04 64
[T+123908824us][CH1-Dispenser] 05
[T+123908691us][CH2-Pc    ] 05
[T+124083826us][CH1-Dispenser] 06
[T+124083693us][CH2-Pc    ] 06
[T+124247691us][CH2-Pc    ] 01
[T+124254691us][CH1-Dispenser] 01 61
[T+124325691us][CH2-Pc    ] 02
[T+124333700us][CH1-Dispenser] 02 62
[T+124403691us][CH2-Pc    ] 03
[T+124410733us][CH1-Dispenser] 03 63
[T+124481698us][CH2-Pc    ] 04
[T+124488691us][CH1-Dispenser] 04 64
[T+124559840us][CH1-Dispenser] 05
[T+124559700us][CH2-Pc    ] 05
[T+124734826us][CH1-Dispenser] 06
[T+124734693us][CH2-Pc    ] 06
[T+124913690us][CH1-Dispenser] 01 61
[T+124909691us][CH2-Pc    ] 01
[T+124976715us][CH2-Pc    ] 02
[T+124984790us][CH1-Dispenser] 02 62
[T+125054825us][CH1-Dispenser] 03
[T+125054691us][CH2-Pc    ] 03
[T+125067870us][CH1-Dispenser] 63
[T+125132691us][CH2-Pc    ] 04
[T+125138714us][CH1-Dispenser] 04 64
[T+125211690us][CH1-Dispenser] 05
[T+125210692us][CH2-Pc    ] 05
[T+125397827us][CH1-Dispenser] 06
[T+125397691us][CH2-Pc    ] 06
[T+125563691us][CH2-Pc    ] 01
[T+125569729us][CH1-Dispenser] 01 61
[T+125641715us][CH2-Pc    ] 02
[T+125650724us][CH1-Dispenser] 02 62
[T+125719691us][CH2-Pc    ] 03
[T+125729691us][CH1-Dispenser] 03 63
[T+125798715us][CH2-Pc    ] 04
[T+125803699us][CH1-Dispenser] 04 64
[T+125876825us][CH1-Dispenser] 05
[T+125876692us][CH2-Pc    ] 05
[T+126050825us][CH1-Dispenser] 06
[T+126050691us][CH2-Pc    ] 06
[T+126225691us][CH2-Pc    ] 01
[T+126234730us][CH1-Dispenser] 01 61
[T+126303950us][CH2-Pc    ] 02
[T+126310375us][CH1-Dispenser] 02 62
[T+126381691us][CH2-Pc    ] 03
[T+126388691us][CH1-Dispenser] 03 63
[T+126459811us][CH2-Pc    ] 04
[T+126468716us][CH1-Dispenser] 04 64
[T+126538825us][CH1-Dispenser] 05
[T+126538692us][CH2-Pc    ] 05
[T+126702692us][CH1-Dispenser] 06
[T+126702831us][CH2-Pc    ] 06
[T+126877691us][CH2-Pc    ] 01
[T+126886250us][CH1-Dispenser] 01 61
[T+126958718us][CH1-Dispenser] 02 62
[T+126955691us][CH2-Pc    ] 02
[T+127022691us][CH2-Pc    ] 03
[T+127029691us][CH1-Dispenser] 03 63
[T+127100691us][CH2-Pc    ] 04
[T+127109456us][CH1-Dispenser] 04 64
[T+127178825us][CH1-Dispenser] 05
[T+127178693us][CH2-Pc    ] 05