[T+305639751us][CH1-Dispenser] 06
[T+305639615us][CH2-Pc    ] 06
[T+305808613us][CH1-Dispenser] 01 61
[T+305804638us][CH2-Pc    ] 01
[T+305871638us][CH2-Pc    ] 02
[T+305878614us][CH1-Dispenser] 02 62
[T+305949614us][CH2-Pc    ] 03
[T+305957243us][CH1-Dispenser] 03 63
[T+306027614us][CH2-Pc    ] 04
[T+306038038us][CH1-Dispenser] 04 64
[T+306105748us][CH1-Dispenser] 05
[T+306105614us][CH2-Pc    ] 05
[T+306280749us][CH1-Dispenser] 06
[T+306280615us][CH2-Pc    ] 06
[T+306444614us][CH2-Pc    ] 01
[T+306453639us][CH1-Dispenser] 01 61
[T+306522638us][CH2-Pc    ] 02
[T+306528652us][CH1-Dispenser] 02 62
[T+306601614us][CH2-Pc    ] 03
[T+306610652us][CH1-Dispenser] 03 63
[T+306679615us][CH2-Pc    ] 04
[T+306686283us][CH1-Dispenser] 04 64
[T+306757748us][CH1-Dispenser] 05
[T+306757614us][CH2-Pc    ] 05
[T+306932750us][CH1-Dispenser] 06
[T+306932614us][CH2-Pc    ] 06
[T+307106639us][CH2-Pc    ] 01
[T+307114614us][CH1-Dispenser] 01 61
[T+307184614us][CH2-Pc    ] 02
[T+307193639us][CH1-Dispenser] 02 62
[T+307262638us][CH2-Pc    ] 03
[T+307271652us][CH1-Dispenser] 03 63
[T+307341751us][CH1-Dispenser] 04
[T+307341615us][CH2-Pc    ] 04
[T+307352616us][CH1-Dispenser] 64
[T+307419750us][CH1-Dispenser] 05
[T+307419615us][CH2-Pc    ] 05
[T+307594747us][CH1-Dispenser] 06
[T+307594614us][CH2-Pc    ] 06
[T+307758614us][CH2-Pc    ] 01
[T+307762613us][CH1-Dispenser] 01 61
[T+307836614us][CH2-Pc    ] 02
[T+307844614us][CH1-Dispenser] 02 62
[T+307914614us][CH2-Pc    ] 03
[T+307920652us][CH1-Dispenser] 03 63
[T+307992638us][CH2-Pc    ] 04
[T+308001652us][CH1-Dispenser] 04 64
[T+308070614us][CH1-Dispenser] 05
[T+308070748us][CH2-Pc    ] 05
[T+308246614us][CH1-Dispenser] 06
[T+308246751us][CH2-Pc    ] 06
[T+308421614us][CH2-Pc    ] 01
[T+308427652us][CH1-Dispenser] 01 61
[T+308499639us][CH2-Pc    ] 02
[T+308504250us][CH1-Dispenser] 02 62
[T+308566639us][CH2-Pc    ] 03
[T+308576614us][CH1-Dispenser] 03 63
[T+308644733us][CH2-Pc    ] 04
[T+308649613us][CH1-Dispenser] 04 64
[T+308722614us][CH1-Dispenser] 05
[T+308723614us][CH2-Pc    ] 05
[T+308897614us][CH1-Dispenser] 06
[T+308897748us][CH2-Pc    ] 06
[T+309072614us][CH2-Pc    ] 01
[T+309080621us][CH1-Dispenser] 01 61
[T+309150614us][CH2-Pc    ] 02
[T+309159640us][CH1-Dispenser] 02 62
[T+309228638us][CH2-Pc    ] 03
[T+309235614us][CH1-Dispenser] 03 63
[T+309306748us][CH1-Dispenser] 04
[T+309306614us][CH2-Pc    ] 04
[T+309318644us][CH1-Dispenser] 64
[T+309385614us][CH1-Dispenser] 05
[T+309385748us][CH2-Pc    ] 05
[T+309559614us][CH1-Dispenser] 06
[T+309559748us][CH2-Pc    ] 06
[T+309734614us][CH2-Pc    ] 01
[T+309743646us][CH1-Dispenser] 01 61
[T+309812638us][CH2-Pc    ] 02
[T+309818637us][CH1-Dispenser] 02 62
[T+309890638us][CH2-Pc    ] 03
[T+309896638us][CH1-Dispenser] 03 63
[T+309968639us][CH2-Pc    ] 04
[T+309977640us][CH1-Dispenser] 04 64
[T+310047614us][CH1-Dispenser] 05
[T+310047747us][CH2-Pc    ] 05
[T+310211614us][CH1-Dispenser] 06
[T+310211749us][CH2-Pc    ] 06
[T+310387614us][CH2-Pc    ] 01
[T+310396235us][CH1-Dispenser] 01 61
[T+310459614us][CH2-Pc    ] 02
[T+310465637us][CH1-Dispenser] 02 62
[T+310538614us][CH2-Pc    ] 03
[T+310545614us][CH1-Dispenser] 03 63
[T+310616614us][CH2-Pc    ] 04
[T+310624614us][CH1-Dispenser] 04 64
[T+310694614us][CH1-Dispenser] 05
[T+310694748us][CH2-Pc    ] 05
[T+310869748us][CH1-Dispenser] 06
[T+310869615us][CH2-Pc    ] 06
[T+311044614us][CH2-Pc    ] 01
[T+311049613us][CH1-Dispenser] 01 61
[T+311122614us][CH2-Pc    ] 02
[T+311128637us][CH1-Dispenser] 02 62
[T+311200638us][CH2-Pc    ] 03
[T+311206638us][CH1-Dispenser] 03 63
[T+311278638us][CH2-Pc    ] 04
[T+311287638us][CH1-Dispenser] 04 64
[T+311356748us][CH1-Dispenser] 05
[T+311356614us][CH2-Pc    ] 05
[T+311531749us][CH1-Dispenser] 06
[T+311531614us][CH2-Pc    ] 06
[T+311695614us][CH2-Pc    ] 01
[T+311705614us][CH1-Dispenser] 01 61
[T+311773614us][CH2-Pc    ] 02
[T+311779652us][CH1-Dispenser] 02 62
[T+311851638us][CH2-Pc    ] 03
[T+311860644us][CH1-Dispenser] 03 63
[T+311929638us][CH2-Pc    ] 04
[T+311936614us][CH1-Dispenser] 04 64
[T+312008748us][CH1-Dispenser] 05
[T+312008615us][CH2-Pc    ] 05
[T+312182614us][CH1-Dispenser] 06
[T+312182749us][CH2-Pc    ] 06
[T+312358614us][CH2-Pc    ] 01
[T+312364652us][CH1-Dispenser] 01 61
[T+312436638us][CH2-Pc    ] 02
[T+312444614us][CH1-Dispenser] 02 62
[T+312514614us][CH2-Pc    ] 03
[T+312523652us][CH1-Dispenser] 03 63
[T+312593614us][CH2-Pc    ] 04
[T+312601614us][CH1-Dispenser] 04 64
[T+312671749us][CH1-Dispenser] 05
[T+312671614us][CH2-Pc    ] 05
[T+312839748us][CH1-Dispenser] 06
[T+312839614us][CH2-Pc    ] 06
[T+313014614us][CH2-Pc    ] 01
[T+313024614us][CH1-Dispenser] 01 61
[T+313092614us][CH2-Pc    ] 02
[T+313101638us][CH1-Dispenser] 02 62
[T+313171614us][CH2-Pc    ] 03
[T+313176613us][CH1-Dispenser] 03 63
[T+313249614us][CH2-Pc    ] 04
[T+313257621us][CH1-Dispenser] 04 64
[T+313327749us][CH1-Dispenser] 05
[T+313327615us][CH2-Pc    ] 05
[T+313500750us][CH1-Dispenser] 06
[T+313500614us][CH2-Pc    ] 06
[T+313664614us][CH2-Pc    ] 01
[T+313669613us][CH1-Dispenser] 01 61
[T+313742614us][CH2-Pc    ] 02
[T+313748637us][CH1-Dispenser] 02 62
[T+313820640us][CH2-Pc    ] 03
[T+313824613us][CH1-Dispenser] 03 63
[T+313888617us][CH2-Pc    ] 04
[T+313895614us][CH1-Dispenser] 04 64
[T+313966748us][CH1-Dispenser] 05
[T+313966615us][CH2-Pc    ] 05
[T+314140615us][CH1-Dispenser] 06
[T+314140750us][CH2-Pc    ] 06
[T+314303614us][CH2-Pc    ] 01
[T+314309638us][CH1-Dispenser] 01 61
[T+314381639us][CH2-Pc    ] 02
[T+314388614us][CH1-Dispenser] 02 62
[T+314460639us][CH2-Pc    ] 03
[T+314466652us][CH1-Dispenser] 03 63
[T+314538640us][CH2-Pc    ] 04
[T+314545614us][CH1-Dispenser] 04 64
[T+314616748us][CH1-Dispenser] 05
[T+314616614us][CH2-Pc    ] 05
[T+314791749us][CH1-Dispenser] 06
[T+314791614us][CH2-Pc    ] 06
[T+314965639us][CH2-Pc    ] 01
[T+314974652us][CH1-Dispenser] 01 61
[T+315044614us][CH2-Pc    ] 02
[T+315048614us][CH1-Dispenser] 02 62
[T+315111639us][CH2-Pc    ] 03
[T+315120614us][CH1-Dispenser] 03 63
[T+315189638us][CH2-Pc    ] 04
[T+315196614us][CH1-Dispenser] 04 64
[T+315267614us][CH1-Dispenser] 05
[T+315267748us][CH2-Pc    ] 05
[T+315453616us][CH1-Dispenser] 06
[T+315453753us][CH2-Pc    ] 06
[T+315617614us][CH2-Pc    ] 01
[T+315624614us][CH1-Dispenser] 01 61
[T+315695614us][CH2-Pc    ] 02
[T+315704253us][CH1-Dispenser] 02 62
[T+315773614us][CH2-Pc    ] 03
[T+315781621us][CH1-Dispenser] 03 63
[T+315851614us][CH2-Pc    ] 04
[T+315860638us][CH1-Dispenser] 04 64
[T+315930749us][CH1-Dispenser] 05
[T+315930615us][CH2-Pc    ] 05
[T+316104750us][CH1-Dispenser] 06
[T+316104614us][CH2-Pc    ] 06
[T+316279614us][CH2-Pc    ] 01
[T+316286614us][CH1-Dispenser] 01 61
[T+316357614us][CH2-Pc    ] 02
[T+316363640us][CH1-Dispenser] 02 62
[T+316435639us][CH2-Pc    ] 03
[T+316441638us][CH1-Dispenser] 03 63
[T+316513749us][CH1-Dispenser] 04
[T+316513615us][CH2-Pc    ] 04
[T+316525766us][CH1-Dispenser] 64
[T+316591749us][CH1-Dispenser] 05
[T+316591615us][CH2-Pc    ] 05
[T+316756751us][CH1-Dispenser] 06
[T+316756615us][CH2-Pc    ] 06
[T+316932614us][CH2-Pc    ] 01
[T+316940615us][CH1-Dispenser] 01 61
[T+317010614us][CH2-Pc    ] 02
[T+317019644us][CH1-Dispenser] 02 62
[T+317088639us][CH2-Pc    ] 03
[T+317097622us][CH1-Dispenser] 03 63
[T+317167614us][CH2-Pc    ] 04
[T+317178614us][CH1-Dispenser] 04 64
[T+317245746us][CH1-Dispenser] 05
[T+317245614us][CH2-Pc    ] 05
[T+317420750us][CH1-Dispenser] 06
[T+317420614us][CH2-Pc    ] 06
[T+317584614us][CH2-Pc    ] 01
[T+317588614us][CH1-Dispenser] 01 61
[T+317662614us][CH2-Pc    ] 02
[T+317669614us][CH1-Dispenser] 02 62
[T+317740614us][CH2-Pc    ] 03
[T+317745613us][CH1-Dispenser] 03 63
[T+317818614us][CH2-Pc    ] 04
[T+317826621us][CH1-Dispenser] 04 64
[T+317896615us][CH1-Dispenser] 05
[T+317896747us][CH2-Pc    ] 05
[T+318071748us][CH1-Dispenser] 06
[T+318071614us][CH2-Pc    ] 06
[T+318246614us][CH2-Pc    ] 01
[T+318253614us][CH1-Dispenser] 01 61
[T+318324614us][CH2-Pc    ] 02
[T+318329621us][CH1-Dispenser] 02 62
[T+318402614us][CH2-Pc    ] 03
[T+318410614us][CH1-Dispenser] 03 63
[T+318480614us][CH2-Pc    ] 04
[T+318486700us][CH1-Dispenser] 04 64
[T+318558751us][CH1-Dispenser] 05
[T+318558614us][CH2-Pc    ] 05
[T+318733751us][CH1-Dispenser] 06
[T+318733614us][CH2-Pc    ] 06
[T+318897614us][CH2-Pc    ] 01
[T+318903637us][CH1-Dispenser] 01 61
[T+318975638us][CH2-Pc    ] 02
[T+318985615us][CH1-Dispenser] 02 62
[T+319053614us][CH2-Pc    ] 03
[T+319061614us][CH1-Dispenser] 03 63
[T+319131614us][CH2-Pc    ] 04
[T+319142762us][CH1-Dispenser] 04 64
[T+319210748us][CH1-Dispenser] 05
[T+319210614us][CH2-Pc    ] 05
[T+319395754us][CH1-Dispenser] 06
[T+319395615us][CH2-Pc    ] 06
[T+319576614us][CH2-Pc    ] 01
[T+319585650us][CH1-Dispenser] 01 61
[T+319654640us][CH2-Pc    ] 02
[T+319661108us][CH1-Dispenser] 02 62
[T+319732639us][CH2-Pc    ] 03
[T+319742614us][CH1-Dispenser] 03 63
[T+319810614us][CH2-Pc    ] 04
[T+319815621us][CH1-Dispenser] 04 64
[T+319888748us][CH1-Dispenser] 05
[T+319888614us][CH2-Pc    ] 05
[T+320052753us][CH1-Dispenser] 06
[T+320052617us][CH2-Pc    ] 06
[T+320227614us][CH2-Pc    ] 01
[T+320233637us][CH1-Dispenser] 01 61
[T+320298614us][CH2-Pc    ] 02
[T+320304622us][CH1-Dispenser] 02 62
[T+320376638us][CH2-Pc    ] 03
[T+320381621us][CH1-Dispenser] 03 63
[T+320454614us][CH2-Pc    ] 04
[T+320463215us][CH1-Dispenser] 04 64
[T+320532614us][CH1-Dispenser] 05
[T+320532748us][CH2-Pc    ] 05
[T+320717614us][CH1-Dispenser] 06
[T+320717746us][CH2-Pc    ] 06
[T+320881614us][CH2-Pc    ] 01
[T+320891614us][CH1-Dispenser] 01 61
[T+320959614us][CH2-Pc    ] 02
[T+320966245us][CH1-Dispenser] 02 62
[T+321038614us][CH2-Pc    ] 03
[T+321047130us][CH1-Dispenser] 03 63
[T+321116614us][CH2-Pc    ] 04
[T+321122637us][CH1-Dispenser] 04 64
[T+321194614us][CH1-Dispenser] 05
[T+321194748us][CH2-Pc    ] 05
[T+321369614us][CH1-Dispenser] 06
[T+321369750us][CH2-Pc    ] 06
[T+321543638us][CH2-Pc    ] 01
[T+321549638us][CH1-Dispenser] 01 61
[T+321622614us][CH2-Pc    ] 02
[T+321630614us][CH1-Dispenser] 02 62
[T+321700615us][CH2-Pc    ] 03
[T+321706652us][CH1-Dispenser] 03 63
[T+321778638us][CH2-Pc    ] 04
[T+321787652us][CH1-Dispenser] 04 64
[T+321856750us][CH1-Dispenser] 05
[T+321856614us][CH2-Pc    ] 05
[T+322031614us][CH1-Dispenser] 06
[T+322031752us][CH2-Pc    ] 06
[T+322195614us][CH2-Pc    ] 01
[T+322204652us][CH1-Dispenser] 01 61
[T+322273638us][CH2-Pc    ] 02
[T+322278613us][CH1-Dispenser] 02 62
[T+322352614us][CH2-Pc    ] 03
[T+322362681us][CH1-Dispenser] 03 63
[T+322430614us][CH2-Pc    ] 04
[T+322435621us][CH1-Dispenser] 04 64
[T+322508748us][CH1-Dispenser] 05
[T+322508614us][CH2-Pc    ] 05
[T+322683750us][CH1-Dispenser] 06
[T+322683616us][CH2-Pc    ] 06
[T+322858614us][CH2-Pc    ] 01
[T+322864638us][CH1-Dispenser] 01 61
[T+322936640us][CH2-Pc    ] 02
[T+322947614us][CH1-Dispenser] 02 62
[T+323014638us][CH2-Pc    ] 03
[T+323025618us][CH1-Dispenser] 03 63
[T+323094638us][CH2-Pc    ] 04
[T+323100637us][CH1-Dispenser] 04 64
[T+323171750us][CH1-Dispenser] 05
[T+323171614us][CH2-Pc    ] 05
[T+323335614us][CH1-Dispenser] 06
[T+323336613us][CH2-Pc    ] 06
[T+323510614us][CH2-Pc    ] 01
[T+323520614us][CH1-Dispenser] 01 61
[T+323588614us][CH2-Pc    ] 02
[T+323594640us][CH1-Dispenser] 02 62
[T+323667614us][CH2-Pc    ] 03
[T+323675614us][CH1-Dispenser] 03 63
[T+323745614us][CH2-Pc    ] 04
[T+323751652us][CH1-Dispenser] 04 64
[T+323823748us][CH1-Dispenser] 05
[T+323823614us][CH2-Pc    ] 05
[T+323999614us][CH1-Dispenser] 06
[T+323998616us][CH2-Pc    ] 06
[T+324163614us][CH2-Pc    ] 01
[T+324169622us][CH1-Dispenser] 01 61
[T+324241638us][CH2-Pc    ] 02
[T+324250643us][CH1-Dispenser] 02 62
[T+324319640us][CH2-Pc    ] 03
[T+324326614us][CH1-Dispenser] 03 63
[T+324397614us][CH2-Pc    ] 04
[T+324407614us][CH1-Dispenser] 04 64
[T+324475615us][CH1-Dispenser] 05
[T+324475751us][CH2-Pc    ] 05
[T+324650748us][CH1-Dispenser] 06
[T+324650614us][CH2-Pc    ] 06
[T+324825614us][CH2-Pc    ] 01
[T+324831262us][CH1-Dispenser] 01 61
[T+324903614us][CH2-Pc    ] 02
[T+324912214us][CH1-Dispenser] 02 62
[T+324981615us][CH2-Pc    ] 03
[T+324987637us][CH1-Dispenser] 03 63
[T+325059638us][CH2-Pc    ] 04
[T+325068652us][CH1-Dispenser] 04 64
[T+325137747us][CH1-Dispenser] 05
[T+325137615us][CH2-Pc    ] 05
[T+325302615us][CH1-Dispenser] 06
[T+325302753us][CH2-Pc    ] 06
[T+325477614us][CH2-Pc    ] 01
[T+325487126us][CH1-Dispenser] 01 61
[T+325555748us][CH1-Dispenser] 02
[T+325555616us][CH2-Pc    ] 02
[T+325567638us][CH1-Dispenser] 62
[T+325633638us][CH2-Pc    ] 03
[T+325641614us][CH1-Dispenser] 03 63
[T+325711614us][CH2-Pc    ] 04
[T+325716252us][CH1-Dispenser] 04 64
[T+325779614us][CH1-Dispenser] 05
[T+325779750us][CH2-Pc    ] 05
[T+325943751us][CH1-Dispenser] 06
[T+325943615us][CH2-Pc    ] 06
[T+326118614us][CH2-Pc    ] 01
[T+326125614us][CH1-Dispenser] 01 61
[T+326198614us][CH2-Pc    ] 02
[T+326206614us][CH1-Dispenser] 02 62
[T+326276614us][CH2-Pc    ] 03
[T+326281621us][CH1-Dispenser] 03 63
[T+326354614us][CH2-Pc    ] 04
[T+326360637us][CH1-Dispenser] 04 64
[T+326432748us][CH1-Dispenser] 05
[T+326432614us][CH2-Pc    ] 05
[T+326607752us][CH1-Dispenser] 06
[T+326607615us][CH2-Pc    ] 06
[T+326771614us][CH2-Pc    ] 01
[T+326781614us][CH1-Dispenser] 01 61
[T+326849614us][CH2-Pc    ] 02
[T+326855639us][CH1-Dispenser] 02 62
[T+326928614us][CH2-Pc    ] 03
[T+326937640us][CH1-Dispenser] 03 63
[T+327005614us][CH2-Pc    ] 04
[T+327011230us][CH1-Dispenser] 04 64
[T+327083616us][CH1-Dispenser] 05
[T+327083752us][CH2-Pc    ] 05
[T+327258749us][CH1-Dispenser] 06
[T+327258615us][CH2-Pc    ] 06
[T+327435639us][CH2-Pc    ] 01
[T+327439613us][CH1-Dispenser] 01 61
[T+327502638us][CH2-Pc    ] 02
[T+327509614us][CH1-Dispenser] 02 62
[T+327580614us][CH2-Pc    ] 03
[T+327587614us][CH1-Dispenser] 03 63
[T+327659639us][CH2-Pc    ] 04
[T+327668650us][CH1-Dispenser] 04 64
[T+327737749us][CH1-Dispenser] 05
[T+327737614us][CH2-Pc    ] 05
[T+327911750us][CH1-Dispenser] 06
[T+327911615us][CH2-Pc    ] 06
[T+328096614us][CH2-Pc    ] 01
[T+328105076us][CH1-Dispenser] 01 61
[T+328174614us][CH2-Pc    ] 02
[T+328179613us][CH1-Dispenser] 02 62
[T+328252614us][CH2-Pc    ] 03
[T+328261614us][CH1-Dispenser] 03 63
[T+328331614us][CH2-Pc    ] 04
[T+328336621us][CH1-Dispenser] 04 64
[T+328409614us][CH1-Dispenser] 05
[T+328409748us][CH2-Pc    ] 05
[T+328583615us][CH1-Dispenser] 06
[T+328583751us][CH2-Pc    ] 06
[T+328758614us][CH2-Pc    ] 01
[T+328767653us][CH1-Dispenser] 01 61
[T+328836638us][CH2-Pc    ] 02
[T+328844621us][CH1-Dispenser] 02 62
[T+328915614us][CH2-Pc    ] 03
[T+328921252us][CH1-Dispenser] 03 63
[T+328993614us][CH2-Pc    ] 04
[T+329003614us][CH1-Dispenser] 04 64
[T+329071748us][CH1-Dispenser] 05
[T+329071614us][CH2-Pc    ] 05
[T+329246749us][CH1-Dispenser] 06
[T+329246615us][CH2-Pc    ] 06
[T+329420639us][CH2-Pc    ] 01
[T+329430614us][CH1-Dispenser] 01 61
[T+329502639us][CH2-Pc    ] 02
[T+329511652us][CH1-Dispenser] 02 62
[T+329579614us][CH2-Pc    ] 03
[T+329588263us][CH1-Dispenser] 03 63
[T+329658614us][CH2-Pc    ] 04
[T+329668614us][CH1-Dispenser] 04 64
[T+329736615us][CH1-Dispenser] 05
[T+329736749us][CH2-Pc    ] 05
[T+329921752us][CH1-Dispenser] 06
[T+329921615us][CH2-Pc    ] 06
[T+330085614us][CH2-Pc    ] 01
[T+330089614us][CH1-Dispenser] 01 61
[T+330153614us][CH2-Pc    ] 02
[T+330162695us][CH1-Dispenser] 02 62
[T+330231639us][CH2-Pc    ] 03
[T+330236613us][CH1-Dispenser] 03 63
[T+330309614us][CH2-Pc    ] 04
[T+330318652us][CH1-Dispenser] 04 64
[T+330387746us][CH1-Dispenser] 05
[T+330387614us][CH2-Pc    ] 05
[T+330562750us][CH1-Dispenser] 06
[T+330562614us][CH2-Pc    ] 06
[T+330726614us][CH2-Pc    ] 01
[T+330736614us][CH1-Dispenser] 01 61
[T+330804614us][CH2-Pc    ] 02
[T+330810638us][CH1-Dispenser] 02 62
[T+330882638us][CH2-Pc    ] 03
[T+330892618us][CH1-Dispenser] 03 63
[T+330960614us][CH2-Pc    ] 04
[T+330967615us][CH1-Dispenser] 04 64
[T+331038751us][CH1-Dispenser] 05
[T+331038614us][CH2-Pc    ] 05
[T+331213748us][CH1-Dispenser] 06
[T+331213615us][CH2-Pc    ] 06
[T+331388614us][CH2-Pc    ] 01
[T+331394637us][CH1-Dispenser] 01 61
[T+331466638us][CH2-Pc    ] 02
[T+331475653us][CH1-Dispenser] 02 62
[T+331544638us][CH2-Pc    ] 03
[T+331551614us][CH1-Dispenser] 03 63
[T+331622751us][CH1-Dispenser] 04
[T+331622614us][CH2-Pc    ] 04
[T+331634824us][CH1-Dispenser] 64
[T+331700749us][CH1-Dispenser] 05
[T+331700614us][CH2-Pc    ] 05
[T+331865748us][CH1-Dispenser] 06
[T+331865614us][CH2-Pc    ] 06
[T+332039638us][CH2-Pc    ] 01
[T+332046614us][CH1-Dispenser] 01 61
[T+332117614us][CH2-Pc    ] 02
[T+332127614us][CH1-Dispenser] 02 62
[T+332196638us][CH2-Pc    ] 03
[T+332202637us][CH1-Dispenser] 03 63
[T+332274639us][CH2-Pc    ] 04
[T+332284614us][CH1-Dispenser] 04 64
[T+332352756us][CH1-Dispenser] 05
[T+332352617us][CH2-Pc    ] 05
[T+332527614us][CH1-Dispenser] 06
[T+332527751us][CH2-Pc    ] 06
[T+332702614us][CH2-Pc    ] 01
[T+332713614us][CH1-Dispenser] 01 61
[T+332780614us][CH2-Pc    ] 02
[T+332786250us][CH1-Dispenser] 02 62
[T+332858639us][CH2-Pc    ] 03
[T+332867614us][CH1-Dispenser] 03 63
[T+332936638us][CH2-Pc    ] 04
[T+332942652us][CH1-Dispenser] 04 64
[T+333016616us][CH1-Dispenser] 05
[T+333016751us][CH2-Pc    ] 05
[T+333202749us][CH1-Dispenser] 06
[T+333202614us][CH2-Pc    ] 06
[T+333365614us][CH2-Pc    ] 01
[T+333372102us][CH1-Dispenser] 01 61
[T+333444614us][CH2-Pc    ] 02
[T+333450652us][CH1-Dispenser] 02 62
[T+333526613us][CH1-Dispenser] 03 63
[T+333522638us][CH2-Pc    ] 03
[T+333589639us][CH2-Pc    ] 04
[T+333596614us][CH1-Dispenser] 04 64
[T+333668749us][CH1-Dispenser] 05
[T+333668615us][CH2-Pc    ] 05
[T+333842614us][CH1-Dispenser] 06
[T+333842807us][CH2-Pc    ] 06
[T+334006614us][CH2-Pc    ] 01
[T+334017625us][CH1-Dispenser] 01 61
[T+334084614us][CH2-Pc    ] 02
[T+334091454us][CH1-Dispenser] 02 62
[T+334162614us][CH2-Pc    ] 03
[T+334173616us][CH1-Dispenser] 03 63
[T+334241614us][CH2-Pc    ] 04
[T+334246613us][CH1-Dispenser] 04 64
[T+334320750us][CH1-Dispenser] 05
[T+334320615us][CH2-Pc    ] 05
[T+334495750us][CH1-Dispenser] 06
[T+334495614us][CH2-Pc    ] 06
[T+334668614us][CH2-Pc    ] 01
[T+334676241us][CH1-Dispenser] 01 61
[T+334746614us][CH2-Pc    ] 02
[T+334755614us][CH1-Dispenser] 02 62
[T+334824638us][CH2-Pc    ] 03
[T+334834618us][CH1-Dispenser] 03 63
[T+334903640us][CH2-Pc    ] 04
[T+334912390us][CH1-Dispenser] 04 64
[T+334984748us][CH1-Dispenser] 05
[T+334984614us][CH2-Pc    ] 05
[T+335148747us][CH1-Dispenser] 06
[T+335148614us][CH2-Pc    ] 06
[T+335322639us][CH2-Pc    ] 01
[T+335332167us][CH1-Dispenser] 01 61
[T+335401614us][CH2-Pc    ] 02
[T+335410652us][CH1-Dispenser] 02 62
[T+335479638us][CH2-Pc    ] 03
[T+335488651us][CH1-Dispenser] 03 63
[T+335557638us][CH2-Pc    ] 04
[T+335562614us][CH1-Dispenser] 04 64
[T+335635748us][CH1-Dispenser] 05
[T+335635614us][CH2-Pc    ] 05
[T+335810755us][CH1-Dispenser] 06
[T+335810614us][CH2-Pc    ] 06
[T+335981638us][CH2-Pc    ] 01
[T+335991614us][CH1-Dispenser] 01 61
[T+336059614us][CH2-Pc    ] 02
[T+336064613us][CH1-Dispenser] 02 62
[T+336137614us][CH2-Pc    ] 03
[T+336142616us][CH1-Dispenser] 03 63
[T+336215614us][CH2-Pc    ] 04
[T+336223614us][CH1-Dispenser] 04 64
[T+336293748us][CH1-Dispenser] 05
[T+336293615us][CH2-Pc    ] 05
[T+336468889us][CH1-Dispenser] 06
[T+336468764us][CH2-Pc    ] 06
[T+336633639us][CH2-Pc    ] 01
[T+336641614us][CH1-Dispenser] 01 61
[T+336711614us][CH2-Pc    ] 02
[T+336720652us][CH1-Dispenser] 02 62
[T+336789638us][CH2-Pc    ] 03
[T+336796614us][CH1-Dispenser] 03 63
[T+336867614us][CH2-Pc    ] 04
[T+336875621us][CH1-Dispenser] 04 64
[T+336946746us][CH1-Dispenser] 05
[T+336946614us][CH2-Pc    ] 05
[T+337120749us][CH1-Dispenser] 06
[T+337120614us][CH2-Pc    ] 06
[T+337295614us][CH2-Pc    ] 01
[T+337301652us][CH1-Dispenser] 01 61
[T+337373639us][CH2-Pc    ] 02
[T+337382640us][CH1-Dispenser] 02 62
[T+337451639us][CH2-Pc    ] 03
[T+337456613us][CH1-Dispenser] 03 63
[T+337529614us][CH2-Pc    ] 04
[T+337537621us][CH1-Dispenser] 04 64
[T+337608749us][CH1-Dispenser] 05
[T+337608615us][CH2-Pc    ] 05
[T+337772754us][CH1-Dispenser] 06
[T+337772614us][CH2-Pc    ] 06
[T+337946638us][CH2-Pc    ] 01
[T+337955615us][CH1-Dispenser] 01 61
[T+338030613us][CH1-Dispenser] 02 62
[T+338026614us][CH2-Pc    ] 02
[T+338104614us][CH2-Pc    ] 03
[T+338112795us][CH1-Dispenser] 03 63
[T+338182614us][CH2-Pc    ] 04
[T+338187614us][CH1-Dispenser] 04 64
[T+338260614us][CH1-Dispenser] 05
[T+338260749us][CH2-Pc    ] 05
[T+338435749us][CH1-Dispenser] 06
[T+338435615us][CH2-Pc    ] 06
[T+338599614us][CH2-Pc    ] 01
[T+338605652us][CH1-Dispenser] 01 61
[T+338677640us][CH2-Pc    ] 02
[T+338684614us][CH1-Dispenser] 02 62
[T+338755614us][CH2-Pc    ] 03
[T+338762614us][CH1-Dispenser] 03 63
[T+338833614us][CH2-Pc    ] 04
[T+338841621us][CH1-Dispenser] 04 64
[T+338911749us][CH1-Dispenser] 05
[T+338911615us][CH2-Pc    ] 05
[T+339087748us][CH1-Dispenser] 06
[T+339087614us][CH2-Pc    ] 06
[T+339262614us][CH2-Pc    ] 01
[T+339270614us][CH1-Dispenser] 01 61
[T+339340614us][CH2-Pc    ] 02
[T+339346637us][CH1-Dispenser] 02 62
[T+339419615us][CH2-Pc    ] 03
[T+339427614us][CH1-Dispenser] 03 63
[T+339497614us][CH2-Pc    ] 04
[T+339501614us][CH1-Dispenser] 04 64
[T+339565748us][CH1-Dispenser] 05
[T+339565614us][CH2-Pc    ] 05
[T+339739749us][CH1-Dispenser] 06
[T+339739614us][CH2-Pc    ] 06
[T+339914614us][CH2-Pc    ] 01
[T+339920652us][CH1-Dispenser] 01 61
[T+339992638us][CH2-Pc    ] 02
[T+340000614us][CH1-Dispenser] 02 62
[T+340070614us][CH2-Pc    ] 03
[T+340077614us][CH1-Dispenser] 03 63
[T+340149615us][CH2-Pc    ] 04
[T+340157614us][CH1-Dispenser] 04 64
[T+340243749us][CH1-Dispenser] 05
[T+340243615us][CH2-Pc    ] 05
[T+340418615us][CH1-Dispenser] 06
[T+340418753us][CH2-Pc    ] 06
[T+340591614us][CH2-Pc    ] 01
[T+340597249us][CH1-Dispenser] 01 61
[T+340669614us][CH2-Pc    ] 02
[T+340676614us][CH1-Dispenser] 02 62
[T+340751613us][CH1-Dispenser] 03 63
[T+340747614us][CH2-Pc    ] 03
[T+340815614us][CH2-Pc    ] 04
[T+340823621us][CH1-Dispenser] 04 64
[T+340893615us][CH1-Dispenser] 05
[T+340893749us][CH2-Pc    ] 05
[T+341068750us][CH1-Dispenser] 06
[T+341068614us][CH2-Pc    ] 06
[T+341242639us][CH2-Pc    ] 01
[T+341250614us][CH1-Dispenser] 01 61
[T+341321614us][CH2-Pc    ] 02
[T+341326621us][CH1-Dispenser] 02 62
[T+341399614us][CH2-Pc    ] 03
[T+341409614us][CH1-Dispenser] 03 63
[T+341477614us][CH2-Pc    ] 04
[T+341483638us][CH1-Dispenser] 04 64
[T+341555748us][CH1-Dispenser] 05
[T+341555615us][CH2-Pc    ] 05
[T+341730747us][CH1-Dispenser] 06
[T+341730615us][CH2-Pc    ] 06
[T+341904639us][CH2-Pc    ] 01
[T+341911614us][CH1-Dispenser] 01 61
[T+341982614us][CH2-Pc    ] 02
[T+341991639us][CH1-Dispenser] 02 62
[T+342061614us][CH2-Pc    ] 03
[T+342067637us][CH1-Dispenser] 03 63
[T+342139638us][CH2-Pc    ] 04
[T+342148652us][CH1-Dispenser] 04 64
[T+342217615us][CH1-Dispenser] 05
[T+342217748us][CH2-Pc    ] 05
[T+342382614us][CH1-Dispenser] 06
[T+342382748us][CH2-Pc    ] 06
[T+342557614us][CH2-Pc    ] 01
[T+342567068us][CH1-Dispenser] 01 61
[T+342635638us][CH2-Pc    ] 02
[T+342641653us][CH1-Dispenser] 02 62
[T+342713638us][CH2-Pc    ] 03
[T+342723614us][CH1-Dispenser] 03 63
[T+342789639us][CH2-Pc    ] 04
[T+342797614us][CH1-Dispenser] 04 64
[T+342867748us][CH1-Dispenser] 05
[T+342867614us][CH2-Pc    ] 05
[T+343042750us][CH1-Dispenser] 06
[T+343042616us][CH2-Pc    ] 06
[T+343217614us][CH2-Pc    ] 01
[T+343226249us][CH1-Dispenser] 01 61
[T+343295614us][CH2-Pc    ] 02
[T+343301638us][CH1-Dispenser] 02 62
[T+343373638us][CH2-Pc    ] 03
[T+343384618us][CH1-Dispenser] 03 63
[T+343451614us][CH2-Pc    ] 04
[T+343457245us][CH1-Dispenser] 04 64
[T+343529749us][CH1-Dispenser] 05
[T+343529615us][CH2-Pc    ] 05
[T+343694616us][CH1-Dispenser] 06
[T+343694749us][CH2-Pc    ] 06
[T+343868639us][CH2-Pc    ] 01
[T+343875614us][CH1-Dispenser] 01 61
[T+343947639us][CH2-Pc    ] 02
[T+343955621us][CH1-Dispenser] 02 62
[T+344026616us][CH2-Pc    ] 03
[T+344033614us][CH1-Dispenser] 03 63
[T+344104614us][CH2-Pc    ] 04
[T+344112614us][CH1-Dispenser] 04 64
[T+344183749us][CH1-Dispenser] 05
[T+344183615us][CH2-Pc    ] 05
[T+344349748us][CH1-Dispenser] 06
[T+344349614us][CH2-Pc    ] 06
[T+344523641us][CH2-Pc    ] 01
[T+344532638us][CH1-Dispenser] 01 61
[T+344602614us][CH2-Pc    ] 02
[T+344611640us][CH1-Dispenser] 02 62
[T+344680639us][CH2-Pc    ] 03
[T+344687614us][CH1-Dispenser] 03 63
[T+344758614us][CH2-Pc    ] 04
[T+344768614us][CH1-Dispenser] 04 64
[T+344836748us][CH1-Dispenser] 05
[T+344836614us][CH2-Pc    ] 05
[T+345011754us][CH1-Dispenser] 06
[T+345011614us][CH2-Pc    ] 06
[T+345186614us][CH2-Pc    ] 01
[T+345191613us][CH1-Dispenser] 01 61
[T+345264614us][CH2-Pc    ] 02
[T+345271283us][CH1-Dispenser] 02 62
[T+345342638us][CH2-Pc    ] 03
[T+345348652us][CH1-Dispenser] 03 63
[T+345420639us][CH2-Pc    ] 04
[T+345427614us][CH1-Dispenser] 04 64
[T+345498615us][CH1-Dispenser] 05
[T+345498749us][CH2-Pc    ] 05
[T+345662750us][CH1-Dispenser] 06
[T+345662615us][CH2-Pc    ] 06
[T+345837614us][CH2-Pc    ] 01
[T+345846253us][CH1-Dispenser] 01 61
[T+345915638us][CH2-Pc    ] 02
[T+345921637us][CH1-Dispenser] 02 72
[T+345943614us][CH2-Pc    ] 22
[T+345951621us][CH1-Dispenser] 22 D2
[T+345964638us][CH1-Dispenser] FF
[T+345977086us][CH1-Dispenser] E9
[T+345975614us][CH2-Pc    ] FF E9
[T+345988753us][CH1-Dispenser] FE
[T+345988619us][CH2-Pc    ] FE
[T+346001753us][CH1-Dispenser] E0
[T+346001618us][CH2-Pc    ] E0
[T+346014701us][CH1-Dispenser] E1
[T+346014840us][CH2-Pc    ] E1
[T+346026751us][CH1-Dispenser] E0
[T+346026618us][CH2-Pc    ] E0
[T+346039750us][CH1-Dispenser] FB
[T+346039616us][CH2-Pc    ] FB
[T+346053105us][CH1-Dispenser] EE
[T+346052959us][CH2-Pc    ] EE
[T+346064638us][CH2-Pc    ] F0
[T+346094638us][CH1-Dispenser] F0 BA B0 B3 B2 B0 B1 B0 B0 B0 B0 B1 B1 B1 B1 B1 C1 C1 8D 8A
[T+346168614us][CH2-Pc    ] 03
[T+346176405us][CH1-Dispenser] 03 63
[T+346245614us][CH2-Pc    ] 04
[T+346254652us][CH1-Dispenser] 04 64
[T+346323750us][CH1-Dispenser] 05
[T+346323616us][CH2-Pc    ] 05
[T+346498615us][CH1-Dispenser] 06
[T+346498749us][CH2-Pc    ] 06
[T+346667614us][CH2-Pc    ] 01
[T+346676652us][CH1-Dispenser] 01 61
[T+346745639us][CH2-Pc    ] 02
[T+346752287us][CH1-Dispenser] 02 72
[T+346773614us][CH2-Pc    ] 22
[T+346780614us][CH1-Dispenser] 22 D2
[T+346794748us][CH1-Dispenser] FF
[T+346794616us][CH2-Pc    ] FF
[T+346807757us][CH1-Dispenser] E9
[T+346807618us][CH2-Pc    ] E9
[T+346820750us][CH1-Dispenser] FE
[T+346820618us][CH2-Pc    ] FE
[T+346832751us][CH1-Dispenser] E0
[T+346832618us][CH2-Pc    ] E0
[T+346845746us][CH1-Dispenser] E1
[T+346845616us][CH2-Pc    ] E1
[T+346857749us][CH1-Dispenser] E0
[T+346857616us][CH2-Pc    ] E0
[T+346870753us][CH1-Dispenser] FB
[T+346870616us][CH2-Pc    ] FB
[T+346883618us][CH1-Dispenser] EE
[T+346883756us][CH2-Pc    ] EE
[T+346895646us][CH2-Pc    ] F0
[T+346922638us][CH1-Dispenser] F0 BA B0 B3 B2 B0 B1 B0 B0 B0 B0 B1 B1 B1 B1 B1 C1 C1 8D 8A
[T+346987614us][CH2-Pc    ] 03
[T+346993637us][CH1-Dispenser] 03 63
[T+347066916us][CH2-Pc    ] 04
[T+347073282us][CH1-Dispenser] 04 64
[T+347144614us][CH1-Dispenser] 05
[T+347144746us][CH2-Pc    ] 05
[T+347318614us][CH1-Dispenser] 06
[T+347318748us][CH2-Pc    ] 06
[T+347493614us][CH2-Pc    ] 01
[T+347503614us][CH1-Dispenser] 01 61
[T+347571614us][CH2-Pc    ] 02
[T+347577652us][CH1-Dispenser] 02 72
[T+347599614us][CH2-Pc    ] 22
[T+347605637us][CH1-Dispenser] 22 D2
[T+347621616us][CH1-Dispenser] FF
[T+347621749us][CH2-Pc    ] FF
[T+347633618us][CH1-Dispenser] E9
[T+347633759us][CH2-Pc    ] E9
[T+347645973us][CH1-Dispenser] FE
[T+347645826us][CH2-Pc    ] FE
[T+347658757us][CH1-Dispenser] E0
[T+347658618us][CH2-Pc    ] E0
[T+347671755us][CH1-Dispenser] E1
[T+347671619us][CH2-Pc    ] E1
[T+347684748us][CH1-Dispenser] E0
[T+347684616us][CH2-Pc    ] E0
[T+347706746us][CH1-Dispenser] FB
[T+347706614us][CH2-Pc    ] FB
[T+347726750us][CH1-Dispenser] EE
[T+347726614us][CH2-Pc    ] EE
[T+347739151us][CH2-Pc    ] F0
[T+347767614us][CH1-Dispenser] F0 BA B0 B3 B2 B0 B1 B0 B0 B0 B0 B1 B1 B1 B1 B1 C1 C1 8D 8A
[T+347841614us][CH2-Pc    ] 03
[T+347847638us][CH1-Dispenser] 03 63
[T+347919642us][CH2-Pc    ] 04
[T+347926614us][CH1-Dispenser] 04 64
[T+347997751us][CH1-Dispenser] 05
[T+347997615us][CH2-Pc    ] 05
[T+348161615us][CH1-Dispenser] 06
[T+348161749us][CH2-Pc    ] 06
[T+348336614us][CH2-Pc    ] 01
[T+348341614us][CH1-Dispenser] 01 61
[T+348414614us][CH2-Pc    ] 02
[T+348422614us][CH1-Dispenser] 02 72
[T+348442614us][CH2-Pc    ] 22
[T+348463614us][CH1-Dispenser] 22 D2 FF
[T+348463750us][CH2-Pc    ] FF
[T+348476751us][CH1-Dispenser] E9
[T+348476616us][CH2-Pc    ] E9
[T+348488750us][CH1-Dispenser] FE
[T+348488618us][CH2-Pc    ] FE
[T+348501748us][CH1-Dispenser] E0
[T+348501616us][CH2-Pc    ] E0
[T+348514615us][CH1-Dispenser] E1
[T+348514746us][CH2-Pc    ] E1
[T+348526752us][CH1-Dispenser] E0
[T+348526618us][CH2-Pc    ] E0
[T+348539749us][CH1-Dispenser] FB
[T+348539616us][CH2-Pc    ] FB
[T+348552617us][CH1-Dispenser] EE
[T+348552751us][CH2-Pc    ] EE
[T+348564642us][CH2-Pc    ] F0
[T+348596614us][CH1-Dispenser] F0 BA B0 B3 B2 B0 B1 B0 B0 B0 B0 B1 B1 B1 B1 B1 C1 C1 8D 8A
[T+348666614us][CH2-Pc    ] 03
[T+348676614us][CH1-Dispenser] 03 63
[T+348744614us][CH2-Pc    ] 04
[T+348753647us][CH1-Dispenser] 04 64
[T+348822614us][CH1-Dispenser] 05
[T+348822749us][CH2-Pc    ] 05
[T+348997614us][CH1-Dispenser] 06
[T+348997747us][CH2-Pc    ] 06
[T+349162921us][CH2-Pc    ] 01
[T+349166613us][CH1-Dispenser] 01 61
[T+349239614us][CH2-Pc    ] 02
[T+349249614us][CH1-Dispenser] 02 72
[T+349278614us][CH1-Dispenser] 22 D2 FF
[T+349278748us][CH2-Pc    ] 22 FF
[T+349290750us][CH1-Dispenser] E9
[T+349290617us][CH2-Pc    ] E9
[T+349303751us][CH1-Dispenser] FE
[T+349303617us][CH2-Pc    ] FE
[T+349315748us][CH1-Dispenser] E0
[T+349315614us][CH2-Pc    ] E0
[T+349328748us][CH1-Dispenser] E1
[T+349328614us][CH2-Pc    ] E1
[T+349341745us][CH1-Dispenser] E0
[T+349341615us][CH2-Pc    ] E0
[T+349353745us][CH1-Dispenser] FB
[T+349353614us][CH2-Pc    ] FB
[T+349366758us][CH1-Dispenser] EE
[T+349366619us][CH2-Pc    ] EE
[T+349379614us][CH2-Pc    ] F0
[T+349409614us][CH1-Dispenser] F0 BA B0 B3 B2 B0 B1 B0 B0 B0 B0 B1 B1 B1 B1 B1 C1 C1 8D 8A
[T+349481638us][CH2-Pc    ] 03
[T+349487638us][CH1-Dispenser] 03 63
[T+349559639us][CH2-Pc    ] 04
[T+349568614us][CH1-Dispenser] 04 64
[T+349638748us][CH1-Dispenser] 05
[T+349638614us][CH2-Pc    ] 05
[T+349802614us][CH1-Dispenser] 06
[T+349802748us][CH2-Pc    ] 06
[T+349976639us][CH2-Pc    ] 01
[T+349980614us][CH1-Dispenser] 01 61
[T+350044614us][CH2-Pc    ] 02
[T+350051614us][CH1-Dispenser] 02 72
[T+350071614us][CH2-Pc    ] 22
[T+350076621us][CH1-Dispenser] 22 D2
[T+350093748us][CH1-Dispenser] FF
[T+350093614us][CH2-Pc    ] FF
[T+350105746us][CH1-Dispenser] E9
[T+350105614us][CH2-Pc    ] E9
[T+350118757us][CH1-Dispenser] FE
[T+350118621us][CH2-Pc    ] FE
[T+350131757us][CH1-Dispenser] E0
[T+350131618us][CH2-Pc    ] E0
[T+350143749us][CH1-Dispenser] E1
[T+350143614us][CH2-Pc    ] E1
[T+350156752us][CH1-Dispenser] E0
[T+350156618us][CH2-Pc    ] E0
[T+350169755us][CH1-Dispenser] FB
[T+350169618us][CH2-Pc    ] FB
[T+350182616us][CH1-Dispenser] EE
[T+350182746us][CH2-Pc    ] EE
[T+350194638us][CH2-Pc    ] F0
[T+350225614us][CH1-Dispenser] F0 BA B0 B3 B2 B0 B1 B0 B0 B0 B0 B1 B1 B1 B1 B1 C1 C1 8D 8A
[T+350299748us][CH1-Dispenser] 03
[T+350299615us][CH2-Pc    ] 03
[T+350310615us][CH1-Dispenser] 63
[T+350377614us][CH2-Pc    ] 04
[T+350382613us][CH1-Dispenser] 04 64
[T+350455615us][CH1-Dispenser] 05
[T+350455748us][CH2-Pc    ] 05
[T+350630614us][CH1-Dispenser] 06
[T+350630749us][CH2-Pc    ] 06
[T+350805614us][CH2-Pc    ] 01
[T+350811652us][CH1-Dispenser] 01 61
[T+350883638us][CH2-Pc    ] 02
[T+350890614us][CH1-Dispenser] 02 72
[T+350910614us][CH2-Pc    ] 22
[T+350917614us][CH1-Dispenser] 22 D2
[T+350934745us][CH1-Dispenser] FF
[T+350934614us][CH2-Pc    ] FF
[T+350946751us][CH1-Dispenser] E9
[T+350946617us][CH2-Pc    ] E9
[T+350959760us][CH1-Dispenser] FE
[T+350959622us][CH2-Pc    ] FE
[T+350972749us][CH1-Dispenser] E0
[T+350972616us][CH2-Pc    ] E0
[T+350984749us][CH1-Dispenser] E1
[T+350984617us][CH2-Pc    ] E1
[T+350997748us][CH1-Dispenser] E0
[T+350997616us][CH2-Pc    ] E0
[T+351010745us][CH1-Dispenser] FB
[T+351010614us][CH2-Pc    ] FB
[T+351022749us][CH1-Dispenser] EE
[T+351022614us][CH2-Pc    ] EE
[T+351035614us][CH2-Pc    ] F0
[T+351063614us][CH1-Dispenser] F0 BA B0 B3 B2 B0 B1 B0 B0 B0 B0 B1 B1 B1 B1 B1 C1 C1 8D 8A
[T+351127614us][CH2-Pc    ] 03
[T+351132613us][CH1-Dispenser] 03 63
[T+351205614us][CH2-Pc    ] 04
[T+351213621us][CH1-Dispenser] 04 64
[T+351283615us][CH1-Dispenser] 05
[T+351283749us][CH2-Pc    ] 05
[T+351458747us][CH1-Dispenser] 06
[T+351458615us][CH2-Pc    ] 06
[T+351633614us][CH2-Pc    ] 01
[T+351643614us][CH1-Dispenser] 01 61
[T+351711614us][CH2-Pc    ] 02
[T+351716252us][CH1-Dispenser] 02 72
[T+351738614us][CH2-Pc    ] 22
[T+351746615us][CH1-Dispenser] 22 D2
[T+351760748us][CH1-Dispenser] FF
[T+351760614us][CH2-Pc    ] FF
[T+351772742us][CH1-Dispenser] E9
[T+351772614us][CH2-Pc    ] E9
[T+351785753us][CH1-Dispenser] FE
[T+351785619us][CH2-Pc    ] FE
[T+351798742us][CH1-Dispenser] E0
[T+351798614us][CH2-Pc    ] E0
[T+351810614us][CH1-Dispenser] E1
[T+351810744us][CH2-Pc    ] E1
[T+351823817us][CH1-Dispenser] E0
[T+351823678us][CH2-Pc    ] E0
[T+351836746us][CH1-Dispenser] FB
[T+351836614us][CH2-Pc    ] FB
[T+351849020us][CH1-Dispenser] EE
[T+351848860us][CH2-Pc    ] EE
[T+351861614us][CH2-Pc    ] F0
[T+351888642us][CH1-Dispenser] F0 BA B0 B3 B2 B0 B1 B0 B0 B0 B0 B1 B1 B1 B1 B1 C1 C1 8D 8A
[T+351953614us][CH2-Pc    ] 03
[T+351957613us][CH1-Dispenser] 03 63
[T+352021614us][CH2-Pc    ] 04
[T+352028280us][CH1-Dispenser] 04 64
[T+352098748us][CH1-Dispenser] 05
[T+352098615us][CH2-Pc    ] 05
[T+352274614us][CH1-Dispenser] 06
[T+352274750us][CH2-Pc    ] 06
[T+352449614us][CH2-Pc    ] 01
[T+352456614us][CH1-Dispenser] 01 61
[T+352533614us][CH2-Pc    ] 02
[T+352541621us][CH1-Dispenser] 02 72
[T+352560614us][CH2-Pc    ] 22
[T+352566638us][CH1-Dispenser] 22 D2
[T+352582614us][CH1-Dispenser] FF
[T+352582746us][CH2-Pc    ] FF
[T+352595752us][CH1-Dispenser] E9
[T+352595618us][CH2-Pc    ] E9
[T+352608749us][CH1-Dispenser] FE
[T+352608616us][CH2-Pc    ] FE
[T+352620753us][CH1-Dispenser] E0
[T+352620618us][CH2-Pc    ] E0
[T+352633755us][CH1-Dispenser] E1
[T+352633618us][CH2-Pc    ] E1
[T+352646747us][CH1-Dispenser] E0
[T+352646616us][CH2-Pc    ] E0
[T+352658748us][CH1-Dispenser] FB
[T+352658614us][CH2-Pc    ] FB
[T+352671745us][CH1-Dispenser] EE
[T+352671614us][CH2-Pc    ] EE
[T+352684024us][CH2-Pc    ] F0
[T+352714614us][CH1-Dispenser] F0 BA B0 B3 B2 B0 B1 B0 B0 B0 B0 B1 B1 B1 B1 B1 C1 C1 8D 8A
[T+352786639us][CH2-Pc    ] 03
[T+352794254us][CH1-Dispenser] 03 63
[T+352864614us][CH2-Pc    ] 04
[T+352874614us][CH1-Dispenser] 04 64
[T+352942748us][CH1-Dispenser] 05
[T+352942614us][CH2-Pc    ] 05
[T+353114617us][CH1-Dispenser] 06
[T+353114752us][CH2-Pc    ] 06
[T+353289614us][CH2-Pc    ] 01
[T+353297254us][CH1-Dispenser] 01 61
[T+353367614us][CH2-Pc    ] 02
[T+353377911us][CH1-Dispenser] 02 72
[T+353394614us][CH2-Pc    ] 22
[T+353402614us][CH1-Dispenser] 22 D2
[T+353416615us][CH1-Dispenser] FF
[T+353416749us][CH2-Pc    ] FF
[T+353429748us][CH1-Dispenser] E9
[T+353429616us][CH2-Pc    ] E9
[T+353441746us][CH1-Dispenser] FE
[T+353441614us][CH2-Pc    ] FE
[T+353454745us][CH1-Dispenser] E0
[T+353454614us][CH2-Pc    ] E0
[T+353471746us][CH1-Dispenser] E1
[T+353471614us][CH2-Pc    ] E1
[T+353483746us][CH1-Dispenser] E0
[T+353483614us][CH2-Pc    ] E0
[T+353496755us][CH1-Dispenser] FB
[T+353496618us][CH2-Pc    ] FB
[T+353509744us][CH1-Dispenser] EE
[T+353509614us][CH2-Pc    ] EE
[T+353521638us][CH2-Pc    ] F0
[T+353550615us][CH1-Dispenser] F0 BA B0 B3 B2 B0 B1 B0 B0 B0 B0 B1 B1 B1 B1 B1 C1 C1 8D 8A
[T+353623614us][CH2-Pc    ] 03
[T+353628231us][CH1-Dispenser] 03 63
[T+353701614us][CH2-Pc    ] 04
[T+353707637us][CH1-Dispenser] 04 64
[T+353779748us][CH1-Dispenser] 05
[T+353779614us][CH2-Pc    ] 05
[T+353943614us][CH1-Dispenser] 06
[T+353943750us][CH2-Pc    ] 06
[T+354118614us][CH2-Pc    ] 01
[T+354126621us][CH1-Dispenser] 01 61
[T+354196614us][CH2-Pc    ] 02
[T+354200613us][CH1-Dispenser] 02 72
[T+354213615us][CH2-Pc    ] 22
[T+354222652us][CH1-Dispenser] 22 D2
[T+354234744us][CH1-Dispenser] FF
[T+354234614us][CH2-Pc    ] FF
[T+354255746us][CH1-Dispenser] E9
[T+354255614us][CH2-Pc    ] E9
[T+354267753us][CH1-Dispenser] FE
[T+354267615us][CH2-Pc    ] FE
[T+354280747us][CH1-Dispenser] E0
[T+354280614us][CH2-Pc    ] E0
[T+354293757us][CH1-Dispenser] E1
[T+354293618us][CH2-Pc    ] E1
[T+354305754us][CH1-Dispenser] E0
[T+354305617us][CH2-Pc    ] E0
[T+354319753us][CH1-Dispenser] FB
[T+354319617us][CH2-Pc    ] FB
[T+354331747us][CH1-Dispenser] EE
[T+354331614us][CH2-Pc    ] EE
[T+354344614us][CH2-Pc    ] F0
[T+354373614us][CH1-Dispenser] F0 BA B0 B3 B2 B0 B1 B0 B0 B0 B0 B1 B1 B1 B1 B1 C1 C1 8D 8A
[T+354445638us][CH2-Pc    ] 03
[T+354456616us][CH1-Dispenser] 03 63
[T+354523614us][CH2-Pc    ] 04
[T+354528621us][CH1-Dispenser] 04 64
[T+354601614us][CH1-Dispenser] 05
[T+354601747us][CH2-Pc    ] 05
[T+354776614us][CH1-Dispenser] 06
[T+354776748us][CH2-Pc    ] 06
[T+354951614us][CH2-Pc    ] 01
[T+354959621us][CH1-Dispenser] 01 61
[T+355029614us][CH2-Pc    ] 02
[T+355038638us][CH1-Dispenser] 02 72
[T+355056638us][CH2-Pc    ] 22
[T+355063244us][CH1-Dispenser] 22 D2
[T+355078615us][CH1-Dispenser] FF
[T+355078743us][CH2-Pc    ] FF
[T+355091747us][CH1-Dispenser] E9
[T+355091615us][CH2-Pc    ] E9
[T+355103752us][CH1-Dispenser] FE
[T+355103618us][CH2-Pc    ] FE
[T+355116749us][CH1-Dispenser] E0
[T+355116616us][CH2-Pc    ] E0
[T+355130035us][CH1-Dispenser] E1
[T+355130177us][CH2-Pc    ] E1
[T+355141746us][CH1-Dispenser] E0
[T+355141614us][CH2-Pc    ] E0
[T+355154748us][CH1-Dispenser] FB
[T+355154614us][CH2-Pc    ] FB
[T+355167756us][CH1-Dispenser] EE
[T+355167618us][CH2-Pc    ] EE
[T+355180614us][CH2-Pc    ] F0
[T+355209614us][CH1-Dispenser] F0 BA B0 B3 B2 B0 B1 B0 B0 B0 B0 B1 B1 B1 B1 B1 C1 C1 8D 8A
[T+355281638us][CH2-Pc    ] 03
[T+355289621us][CH1-Dispenser] 03 63
[T+355359614us][CH2-Pc    ] 04
[T+355370614us][CH1-Dispenser] 04 64
[T+355437614us][CH1-Dispenser] 05
[T+355437747us][CH2-Pc    ] 05
[T+355623616us][CH1-Dispenser] 06
[T+355623751us][CH2-Pc    ] 06
[T+355787614us][CH2-Pc    ] 01
[T+355791614us][CH1-Dispenser] 01 61
[T+355854638us][CH2-Pc    ] 02
[T+355864019us][CH1-Dispenser] 02 72
[T+355882614us][CH2-Pc    ] 22
[T+355887621us][CH1-Dispenser] 22 D2
[T+355903614us][CH1-Dispenser] FF
[T+355903935us][CH2-Pc    ] FF
[T+355916745us][CH1-Dispenser] E9
[T+355916614us][CH2-Pc    ] E9
[T+355928748us][CH1-Dispenser] FE
[T+355928614us][CH2-Pc    ] FE
[T+355941749us][CH1-Dispenser] E0
[T+355941614us][CH2-Pc    ] E0
[T+355954751us][CH1-Dispenser] E1
[T+355954617us][CH2-Pc    ] E1
[T+355967971us][CH1-Dispenser] E0
[T+355967815us][CH2-Pc    ] E0
[T+355979744us][CH1-Dispenser] FB
[T+355979614us][CH2-Pc    ] FB
[T+355992615us][CH1-Dispenser] EE
[T+355992745us][CH2-Pc    ] EE
[T+356005642us][CH2-Pc    ] F0
[T+356035639us][CH1-Dispenser] F0 BA B0 B3 B2 B0 B1 B0 B0 B0 B0 B1 B1 B1 B1 B1 C1 C1 8D 8A
[T+356106614us][CH2-Pc    ] 03
[T+356114621us][CH1-Dispenser] 03 63
[T+356184614us][CH2-Pc    ] 04
[T+356193638us][CH1-Dispenser] 04 64
[T+356266749us][CH1-Dispenser] 05
[T+356266615us][CH2-Pc    ] 05
[T+356451615us][CH1-Dispenser] 06
[T+356451751us][CH2-Pc    ] 06
[T+356615614us][CH2-Pc    ] 01
[T+356622658us][CH1-Dispenser] 01 61
[T+356693614us][CH2-Pc    ] 02
[T+356703615us][CH1-Dispenser] 02 72
[T+356720614us][CH2-Pc    ] 22
[T+356727614us][CH1-Dispenser] 22 D2
[T+356742614us][CH1-Dispenser] FF
[T+356742748us][CH2-Pc    ] FF
[T+356755746us][CH1-Dispenser] E9
[T+356755615us][CH2-Pc    ] E9
[T+356767749us][CH1-Dispenser] FE
[T+356767615us][CH2-Pc    ] FE
[T+356780751us][CH1-Dispenser] E0
[T+356780615us][CH2-Pc    ] E0
[T+356793757us][CH1-Dispenser] E1
[T+356793618us][CH2-Pc    ] E1
[T+356806754us][CH1-Dispenser] E0
[T+356806618us][CH2-Pc    ] E0
[T+356819750us][CH1-Dispenser] FB
[T+356819618us][CH2-Pc    ] FB
[T+356832182us][CH1-Dispenser] EE
[T+356832024us][CH2-Pc    ] EE
[T+356844614us][CH2-Pc    ] F0
[T+356874638us][CH1-Dispenser] F0 BA B0 B3 B2 B0 B1 B0 B0 B0 B0 B1 B1 B1 B1 B1 C1 C1 8D 8A
[T+356945614us][CH2-Pc    ] 03
[T+356954638us][CH1-Dispenser] 03 63
[T+357023638us][CH2-Pc    ] 04
[T+357027614us][CH1-Dispenser] 04 64
[T+357091614us][CH1-Dispenser] 05
[T+357091746us][CH2-Pc    ] 05
[T+357255752us][CH1-Dispenser] 06
[T+357255614us][CH2-Pc    ] 06
[T+357430639us][CH2-Pc    ] 01
[T+357436652us][CH1-Dispenser] 01 61
[T+357508638us][CH2-Pc    ] 02
[T+357517213us][CH1-Dispenser] 02 72
[T+357535614us][CH2-Pc    ] 22
[T+357541652us][CH1-Dispenser] 22 D2
[T+357556614us][CH1-Dispenser] FF
[T+357557614us][CH2-Pc    ] FF
[T+357569744us][CH1-Dispenser] E9
[T+357569614us][CH2-Pc    ] E9
[T+357582750us][CH1-Dispenser] FE
[T+357582614us][CH2-Pc    ] FE
[T+357594755us][CH1-Dispenser] E0
[T+357594619us][CH2-Pc    ] E0
[T+357607618us][CH1-Dispenser] E1
[T+357608166us][CH2-Pc    ] E1
[T+357620749us][CH1-Dispenser] E0
[T+357620616us][CH2-Pc    ] E0
[T+357633749us][CH1-Dispenser] FB
[T+357633616us][CH2-Pc    ] FB
[T+357645614us][CH1-Dispenser] EE
[T+357645750us][CH2-Pc    ] EE
[T+357658614us][CH1-Dispenser] F0
[T+357658746us][CH2-Pc    ] F0
[T+357692614us][CH1-Dispenser] BA B0 B3 B2 B0 B1 B0 B0 B0 B0 B1 B1 B1 B1 B1 C1 C1 8D 8A
[T+357761638us][CH2-Pc    ] 03
[T+357768614us][CH1-Dispenser] 03 63
[T+357842641us][CH1-Dispenser] 04 64
[T+357839614us][CH2-Pc    ] 04
[T+357906615us][CH1-Dispenser] 05
[T+357906749us][CH2-Pc    ] 05
[T+358092615us][CH1-Dispenser] 06
[T+358092748us][CH2-Pc    ] 06
[T+358256614us][CH2-Pc    ] 01
[T+358262642us][CH1-Dispenser] 01 61
[T+358334638us][CH2-Pc    ] 02
[T+358342208us][CH1-Dispenser] 02 72
[T+358361699us][CH2-Pc    ] 22
[T+358369241us][CH1-Dispenser] 22 D2
[T+358383745us][CH1-Dispenser] FF
[T+358383614us][CH2-Pc    ] FF
[T+358395744us][CH1-Dispenser] E9
[T+358395614us][CH2-Pc    ] E9
[T+358408753us][CH1-Dispenser] FE
[T+358408618us][CH2-Pc    ] FE
[T+358421750us][CH1-Dispenser] E0
[T+358421618us][CH2-Pc    ] E0
[T+358434616us][CH1-Dispenser] E1
[T+358434748us][CH2-Pc    ] E1
[T+358446746us][CH1-Dispenser] E0
[T+358446614us][CH2-Pc    ] E0
[T+358459748us][CH1-Dispenser] FB
[T+358459614us][CH2-Pc    ] FB
[T+358472106us][CH1-Dispenser] EE
[T+358472613us][CH2-Pc    ] EE
[T+358484614us][CH2-Pc    ] F0
[T+358514638us][CH1-Dispenser] F0 BA B0 B3 B2 B0 B1 B0 B0 B0 B0 B1 B1 B1 B1 B1 C1 C1 8D 8A
[T+358586638us][CH2-Pc    ] 03
[T+358594254us][CH1-Dispenser] 03 63
[T+358664751us][CH1-Dispenser] 04
[T+358664615us][CH2-Pc    ] 04
[T+358676639us][CH1-Dispenser] 64
[T+358742614us][CH1-Dispenser] 05
[T+358742748us][CH2-Pc    ] 05
[T+358917614us][CH1-Dispenser] 06
[T+358917750us][CH2-Pc    ] 06
[T+359091638us][CH2-Pc    ] 01
[T+359099253us][CH1-Dispenser] 01 61
[T+359170638us][CH2-Pc    ] 02
[T+359177614us][CH1-Dispenser] 02 72
[T+359208748us][CH1-Dispenser] 22 D2 FF
[T+359208614us][CH2-Pc    ] 22 FF
[T+359227746us][CH1-Dispenser] E9
[T+359227614us][CH2-Pc    ] E9
[T+359240759us][CH1-Dispenser] FE
[T+359240620us][CH2-Pc    ] FE
[T+359253750us][CH1-Dispenser] E0
[T+359253618us][CH2-Pc    ] E0
[T+359265746us][CH1-Dispenser] E1
[T+359265614us][CH2-Pc    ] E1
[T+359278742us][CH1-Dispenser] E0
[T+359278614us][CH2-Pc    ] E0
[T+359291747us][CH1-Dispenser] FB
[T+359291614us][CH2-Pc    ] FB
[T+359304863us][CH1-Dispenser] EE
[T+359304723us][CH2-Pc    ] EE
[T+359316642us][CH2-Pc    ] F0
[T+359344614us][CH1-Dispenser] F0 BA B0 B3 B2 B0 B1 B0 B0 B0 B0 B1 B1 B1 B1 B1 C1 C1 8D 8A
[T+359418614us][CH2-Pc    ] 03
[T+359423614us][CH1-Dispenser] 03 63
[T+359487872us][CH2-Pc    ] 04
[T+359492614us][CH1-Dispenser] 04 64
[T+359565749us][CH1-Dispenser] 05
[T+359565614us][CH2-Pc    ] 05
[T+359740749us][CH1-Dispenser] 06
[T+359740614us][CH2-Pc    ] 06
[T+359915614us][CH2-Pc    ] 01
[T+359921652us][CH1-Dispenser] 01 61
[T+359993638us][CH2-Pc    ] 02
[T+360002652us][CH1-Dispenser] 02 72
[T+360020638us][CH2-Pc    ] 22
[T+360029216us][CH1-Dispenser] 22 D2
[T+360042751us][CH1-Dispenser] FF
[T+360042614us][CH2-Pc    ] FF
[T+360055164us][CH1-Dispenser] E9
[T+360055015us][CH2-Pc    ] E9
[T+360068196us][CH1-Dispenser] FE
[T+360068039us][CH2-Pc    ] FE
[T+360080750us][CH1-Dispenser] E0
[T+360080618us][CH2-Pc    ] E0
[T+360093751us][CH1-Dispenser] E1
[T+360093618us][CH2-Pc    ] E1
[T+360105758us][CH1-Dispenser] E0
[T+360105621us][CH2-Pc    ] E0
[T+360118747us][CH1-Dispenser] FB
[T+360118615us][CH2-Pc    ] FB
[T+360131614us][CH1-Dispenser] EE
[T+360131746us][CH2-Pc    ] EE
[T+360143973us][CH1-Dispenser] F0
[T+360143824us][CH2-Pc    ] F0
[T+360177614us][CH1-Dispenser] BA B0 B3 B2 B0 B1 B0 B0 B0 B0 B1 B1 B1 B1 B1 C1 C1 8D 8A
[T+360251614us][CH2-Pc    ] 03
[T+360260652us][CH1-Dispenser] 03 63
[T+360329639us][CH2-Pc    ] 04
[T+360338622us][CH1-Dispenser] 04 64
[T+360407748us][CH1-Dispenser] 05
[T+360407614us][CH2-Pc    ] 05
[T+360584614us][CH1-Dispenser] 06
[T+360584748us][CH2-Pc    ] 06
[T+360758639us][CH2-Pc    ] 01
[T+360766614us][CH1-Dispenser] 01 61
[T+360837614us][CH2-Pc    ] 02
[T+360842613us][CH1-Dispenser] 02 72
[T+360864614us][CH2-Pc    ] 22
[T+360871614us][CH1-Dispenser] 22 D2
[T+360886614us][CH1-Dispenser] FF
[T+360886748us][CH2-Pc    ] FF
[T+360899202us][CH1-Dispenser] E9
[T+360899054us][CH2-Pc    ] E9
[T+360911758us][CH1-Dispenser] FE
[T+360911620us][CH2-Pc    ] FE
[T+360924016us][CH1-Dispenser] E0
[T+360923858us][CH2-Pc    ] E0
[T+360937748us][CH1-Dispenser] E1
[T+360937616us][CH2-Pc    ] E1
[T+360949746us][CH1-Dispenser] E0
[T+360949614us][CH2-Pc    ] E0
[T+360962745us][CH1-Dispenser] FB
[T+360962614us][CH2-Pc    ] FB
[T+360974746us][CH1-Dispenser] EE
[T+360974614us][CH2-Pc    ] EE
[T+360987614us][CH2-Pc    ] F0
[T+361015614us][CH1-Dispenser] F0 BA B0 B3 B2 B0 B1 B0 B0 B0 B0 B1 B1 B1 B1 B1 C1 C1 8D 8A
[T+361079748us][CH1-Dispenser] 03
[T+361079614us][CH2-Pc    ] 03
[T+361091648us][CH1-Dispenser] 63
[T+361157638us][CH2-Pc    ] 04
[T+361163637us][CH1-Dispenser] 04 64
[T+361235750us][CH1-Dispenser] 05
[T+361235615us][CH2-Pc    ] 05
[T+361421748us][CH1-Dispenser] 06
[T+361421614us][CH2-Pc    ] 06
[T+361591748us][CH1-Dispenser] 01
[T+361591614us][CH2-Pc    ] 01
[T+361602619us][CH1-Dispenser] 61
[T+361669614us][CH2-Pc    ] 02
[T+361678639us][CH1-Dispenser] 02 72
[T+361696638us][CH2-Pc    ] 22
[T+361702269us][CH1-Dispenser] 22 D2
[T+361718614us][CH1-Dispenser] FF
[T+361718749us][CH2-Pc    ] FF
[T+361730746us][CH1-Dispenser] E9
[T+361730615us][CH2-Pc    ] E9
[T+361743753us][CH1-Dispenser] FE
[T+361743614us][CH2-Pc    ] FE
[T+361755745us][CH1-Dispenser] E0
[T+361755614us][CH2-Pc    ] E0
[T+361768746us][CH1-Dispenser] E1
[T+361768614us][CH2-Pc    ] E1
[T+361781746us][CH1-Dispenser] E0
[T+361781614us][CH2-Pc    ] E0
[T+361794757us][CH1-Dispenser] FB
[T+361794618us][CH2-Pc    ] FB
[T+361806614us][CH1-Dispenser] EE
[T+361807615us][CH2-Pc    ] EE
[T+361820614us][CH2-Pc    ] F0
[T+361851614us][CH1-Dispenser] F0 BA B0 B3 B2 B0 B1 B0 B0 B0 B0 B1 B1 B1 B1 B1 C1 C1 8D 8A
[T+361921638us][CH2-Pc    ] 03
[T+361929614us][CH1-Dispenser] 03 63
[T+361999614us][CH2-Pc    ] 04
[T+362002641us][CH1-Dispenser] 04 64
[T+362066614us][CH1-Dispenser] 05
[T+362066748us][CH2-Pc    ] 05
[T+362241616us][CH1-Dispenser] 06
[T+362241751us][CH2-Pc    ] 06
[T+362416614us][CH2-Pc    ] 01
[T+362422652us][CH1-Dispenser] 01 61
[T+362494638us][CH2-Pc    ] 02
[T+362503652us][CH1-Dispenser] 02 72
[T+362521638us][CH2-Pc    ] 22
[T+362527637us][CH1-Dispenser] 22 D2
[T+362543748us][CH1-Dispenser] FF
[T+362543614us][CH2-Pc    ] FF
[T+362555896us][CH1-Dispenser] E9
[T+362555752us][CH2-Pc    ] E9
[T+362568751us][CH1-Dispenser] FE
[T+362568617us][CH2-Pc    ] FE
[T+362581751us][CH1-Dispenser] E0
[T+362581617us][CH2-Pc    ] E0
[T+362593744us][CH1-Dispenser] E1
[T+362593614us][CH2-Pc    ] E1
[T+362607232us][CH1-Dispenser] E0
[T+362607086us][CH2-Pc    ] E0
[T+362619753us][CH1-Dispenser] FB
[T+362619619us][CH2-Pc    ] FB
[T+362632618us][CH1-Dispenser] EE
[T+362632750us][CH2-Pc    ] EE
[T+362644773us][CH2-Pc    ] F0
[T+362674638us][CH1-Dispenser] F0 BA B0 B3 B2 B0 B1 B0 B0 B0 B0 B1 B1 B1 B1 B1 C1 C1 8D 8A
[T+362747614us][CH2-Pc    ] 03
[T+362754614us][CH1-Dispenser] 03 63
[T+362825614us][CH2-Pc    ] 04
[T+362834209us][CH1-Dispenser] 04 64
[T+362903615us][CH1-Dispenser] 05
[T+362903748us][CH2-Pc    ] 05
[T+363067614us][CH1-Dispenser] 06
[T+363067748us][CH2-Pc    ] 06
[T+363242614us][CH2-Pc    ] 01
[T+363247613us][CH1-Dispenser] 01 61
[T+363320614us][CH2-Pc    ] 02
[T+363328243us][CH1-Dispenser] 02 72
[T+363348638us][CH2-Pc    ] 22
[T+363352613us][CH1-Dispenser] 22 D2
[T+363369748us][CH1-Dispenser] FF
[T+363369614us][CH2-Pc    ] FF
[T+363381755us][CH1-Dispenser] E9
[T+363381618us][CH2-Pc    ] E9
[T+363394762us][CH1-Dispenser] FE
[T+363394625us][CH2-Pc    ] FE
[T+363407753us][CH1-Dispenser] E0
[T+363407618us][CH2-Pc    ] E0
[T+363420742us][CH1-Dispenser] E1
[T+363420614us][CH2-Pc    ] E1
[T+363432746us][CH1-Dispenser] E0
[T+363432614us][CH2-Pc    ] E0
[T+363445752us][CH1-Dispenser] FB
[T+363445616us][CH2-Pc    ] FB
[T+363458615us][CH1-Dispenser] EE
[T+363458748us][CH2-Pc    ] EE
[T+363470622us][CH2-Pc    ] F0
[T+363500638us][CH1-Dispenser] F0 BA B0 B3 B2 B0 B1 B0 B0 B0 B0 B1 B1 B1 B1 B1 C1 C1 8D 8A
[T+363573614us][CH2-Pc    ] 03
[T+363579637us][CH1-Dispenser] 03 63
[T+363651640us][CH2-Pc    ] 04
[T+363659231us][CH1-Dispenser] 04 64
[T+363729616us][CH1-Dispenser] 05
[T+363729749us][CH2-Pc    ] 05
[T+363904615us][CH1-Dispenser] 06
[T+363904749us][CH2-Pc    ] 06
[T+364068614us][CH2-Pc    ] 01
[T+364076637us][CH1-Dispenser] 01 61
[T+364146614us][CH2-Pc    ] 02
[T+364154614us][CH1-Dispenser] 02 72
[T+364173614us][CH2-Pc    ] 22
[T+364183614us][CH1-Dispenser] 22 D2
[T+364195615us][CH1-Dispenser] FF
[T+364195746us][CH2-Pc    ] FF
[T+364217748us][CH1-Dispenser] E9
[T+364217614us][CH2-Pc    ] E9
[T+364229751us][CH1-Dispenser] FE
[T+364229618us][CH2-Pc    ] FE
[T+364242748us][CH1-Dispenser] E0
[T+364242616us][CH2-Pc    ] E0
[T+364255618us][CH1-Dispenser] E1
[T+364255751us][CH2-Pc    ] E1
[T+364267762us][CH1-Dispenser] E0
[T+364267620us][CH2-Pc    ] E0
[T+364280746us][CH1-Dispenser] FB
[T+364280614us][CH2-Pc    ] FB
[T+364293748us][CH1-Dispenser] EE
[T+364293614us][CH2-Pc    ] EE
[T+364306671us][CH2-Pc    ] F0
[T+364334614us][CH1-Dispenser] F0 BA B0 B3 B2 B0 B1 B0 B0 B0 B0 B1 B1 B1 B1 B1 C1 C1 8D 8A
[T+364407614us][CH2-Pc    ] 03
[T+364414614us][CH1-Dispenser] 03 63
[T+364486639us][CH2-Pc    ] 04
[T+364496614us][CH1-Dispenser] 04 64
[T+364564615us][CH1-Dispenser] 05
[T+364564748us][CH2-Pc    ] 05
[T+364739748us][CH1-Dispenser] 06
[T+364739615us][CH2-Pc    ] 06
[T+364914615us][CH2-Pc    ] 01
[T+364921614us][CH1-Dispenser] 01 61
[T+364992614us][CH2-Pc    ] 02
[T+364999614us][CH1-Dispenser] 02 72
[T+365019614us][CH2-Pc    ] 22
[T+365026614us][CH1-Dispenser] 22 D2
[T+365041616us][CH1-Dispenser] FF
[T+365041753us][CH2-Pc    ] FF
[T+365053746us][CH1-Dispenser] E9
[T+365053614us][CH2-Pc    ] E9
[T+365066750us][CH1-Dispenser] FE
[T+365066614us][CH2-Pc    ] FE
[T+365079753us][CH1-Dispenser] E0
[T+365079617us][CH2-Pc    ] E0
[T+365091615us][CH1-Dispenser] E1
[T+365091745us][CH2-Pc    ] E1
[T+365104757us][CH1-Dispenser] E0
[T+365104618us][CH2-Pc    ] E0
[T+365117753us][CH1-Dispenser] FB
[T+365117620us][CH2-Pc    ] FB
[T+365130208us][CH1-Dispenser] EE
[T+365130056us][CH2-Pc    ] EE
[T+365142614us][CH2-Pc    ] F0
[T+365170614us][CH1-Dispenser] F0 BA B0 B3 B2 B0 B1 B0 B0 B0 B0 B1 B1 B1 B1 B1 C1 C1 8D 8A
[T+365234614us][CH2-Pc    ] 03
[T+365240253us][CH1-Dispenser] 03 63
[T+365312614us][CH2-Pc    ] 04
[T+365318652us][CH1-Dispenser] 04 64
[T+365390749us][CH1-Dispenser] 05
[T+365390614us][CH2-Pc    ] 05
[T+365576614us][CH1-Dispenser] 06
[T+365576748us][CH2-Pc    ] 06
[T+365740614us][CH2-Pc    ] 01
[T+365748247us][CH1-Dispenser] 01 61
[T+365818614us][CH2-Pc    ] 02
[T+365828954us][CH1-Dispenser] 02 72
[T+365845614us][CH2-Pc    ] 22
[T+365853615us][CH1-Dispenser] 22 D2
[T+365867615us][CH1-Dispenser] FF
[T+365867749us][CH2-Pc    ] FF
[T+365879850us][CH1-Dispenser] E9
[T+365879690us][CH2-Pc    ] E9
[T+365892744us][CH1-Dispenser] FE
[T+365892614us][CH2-Pc    ] FE
[T+365905745us][CH1-Dispenser] E0
[T+365905614us][CH2-Pc    ] E0
[T+365918614us][CH1-Dispenser] E1
[T+365918744us][CH2-Pc    ] E1
[T+365931758us][CH1-Dispenser] E0
[T+365931618us][CH2-Pc    ] E0
[T+365943813us][CH1-Dispenser] FB
[T+365943615us][CH2-Pc    ] FB
[T+365956626us][CH1-Dispenser] EE
[T+365956767us][CH2-Pc    ] EE
[T+365968642us][CH2-Pc    ] F0
[T+366001640us][CH1-Dispenser] F0 BA B0 B3 B2 B0 B1 B0 B0 B0 B0 B1 B1 B1 B1 B1 C1 C1 8D 8A
[T+366071614us][CH2-Pc    ] 03
[T+366078614us][CH1-Dispenser] 03 63
[T+366149614us][CH2-Pc    ] 04
[T+366155257us][CH1-Dispenser] 04 64
[T+366227614us][CH1-Dispenser] 05
[T+366227749us][CH2-Pc    ] 05
[T+366396747us][CH1-Dispenser] 06
[T+366396614us][CH2-Pc    ] 06
[T+366573638us][CH2-Pc    ] 01
[T+366583614us][CH1-Dispenser] 01 61
[T+366651614us][CH2-Pc    ] 02
[T+366658312us][CH1-Dispenser] 02 72
[T+366678640us][CH2-Pc    ] 22
[T+366700748us][CH1-Dispenser] 22 D2 FF
[T+366700614us][CH2-Pc    ] FF
[T+366712747us][CH1-Dispenser] E9
[T+366712614us][CH2-Pc    ] E9
[T+366725748us][CH1-Dispenser] FE
[T+366725614us][CH2-Pc    ] FE
[T+366738747us][CH1-Dispenser] E0
[T+366738614us][CH2-Pc    ] E0
[T+366751943us][CH1-Dispenser] E1
[T+366750866us][CH2-Pc    ] E1
[T+366763747us][CH1-Dispenser] E0
[T+366763616us][CH2-Pc    ] E0
[T+366776757us][CH1-Dispenser] FB
[T+366776618us][CH2-Pc    ] FB
[T+366789759us][CH1-Dispenser] EE
[T+366789620us][CH2-Pc    ] EE
[T+366801638us][CH2-Pc    ] F0
[T+366831639us][CH1-Dispenser] F0 BA B0 B3 B2 B0 B1 B0 B0 B0 B0 B1 B1 B1 B1 B1 C1 C1 8D 8A
[T+366904614us][CH2-Pc    ] 03
[T+366910242us][CH1-Dispenser] 03 63
[T+366982614us][CH2-Pc    ] 04
[T+366990614us][CH1-Dispenser] 04 64
[T+367060614us][CH1-Dispenser] 05
[T+367060751us][CH2-Pc    ] 05
[T+367224749us][CH1-Dispenser] 06
[T+367224615us][CH2-Pc    ] 06
[T+367399614us][CH2-Pc    ] 01
[T+367408675us][CH1-Dispenser] 01 61
[T+367477640us][CH2-Pc    ] 02
[T+367482613us][CH1-Dispenser] 02 72
[T+367505614us][CH2-Pc    ] 22
[T+367512614us][CH1-Dispenser] 22 D2
[T+367528748us][CH1-Dispenser] FF
[T+367528614us][CH2-Pc    ] FF
[T+367541746us][CH1-Dispenser] E9
[T+367541616us][CH2-Pc    ] E9
[T+367553748us][CH1-Dispenser] FE
[T+367553614us][CH2-Pc    ] FE
[T+367566746us][CH1-Dispenser] E0
[T+367566614us][CH2-Pc    ] E0
[T+367580107us][CH1-Dispenser] E1
[T+367580269us][CH2-Pc    ] E1
[T+367591862us][CH1-Dispenser] E0
[T+367591725us][CH2-Pc    ] E0
[T+367605613us][CH1-Dispenser] FB
[T+367604619us][CH2-Pc    ] FB
[T+367617848us][CH1-Dispenser] EE
[T+367617699us][CH2-Pc    ] EE
[T+367630614us][CH2-Pc    ] F0
[T+367660638us][CH1-Dispenser] F0 BA B0 B3 B2 B0 B1 B0 B0 B0 B0 B1 B1 B1 B1 B1 C1 C1 8D 8A
[T+367732639us][CH2-Pc    ] 03
[T+367740614us][CH1-Dispenser] 03 63
[T+367810614us][CH2-Pc    ] 04
[T+367819644us][CH1-Dispenser] 04 64
[T+367888753us][CH1-Dispenser] 05
[T+367888614us][CH2-Pc    ] 05
[T+368052748us][CH1-Dispenser] 06
[T+368052615us][CH2-Pc    ] 06
[T+368228614us][CH2-Pc    ] 01
[T+368239614us][CH1-Dispenser] 01 61
[T+368306614us][CH2-Pc    ] 02
[T+368313614us][CH1-Dispenser] 02 72
[T+368334639us][CH2-Pc    ] 22
[T+368343640us][CH1-Dispenser] 22 D2
[T+368355898us][CH1-Dispenser] FF
[T+368356041us][CH2-Pc    ] FF
[T+368368753us][CH1-Dispenser] E9
[T+368368620us][CH2-Pc    ] E9
[T+368381753us][CH1-Dispenser] FE
[T+368381617us][CH2-Pc    ] FE
[T+368393745us][CH1-Dispenser] E0
[T+368393614us][CH2-Pc    ] E0
[T+368415748us][CH1-Dispenser] E1
[T+368415614us][CH2-Pc    ] E1
[T+368435746us][CH1-Dispenser] E0
[T+368435614us][CH2-Pc    ] E0
[T+368449041us][CH1-Dispenser] FB
[T+368448881us][CH2-Pc    ] FB
[T+368460614us][CH1-Dispenser] EE
[T+368461614us][CH2-Pc    ] EE
[T+368473618us][CH1-Dispenser] F0
[T+368473752us][CH2-Pc    ] F0
[T+368507614us][CH1-Dispenser] BA B0 B3 B2 B0 B1 B0 B0 B0 B0 B1 B1 B1 B1 B1 C1 C1 8D 8A
[T+368575614us][CH2-Pc    ] 03
[T+368583621us][CH1-Dispenser] 03 63
[T+368653614us][CH2-Pc    ] 04
[T+368660242us][CH1-Dispenser] 04 64
[T+368736749us][CH1-Dispenser] 05
[T+368736615us][CH2-Pc    ] 05
[T+368911615us][CH1-Dispenser] 06
[T+368911753us][CH2-Pc    ] 06
[T+369085638us][CH2-Pc    ] 01
[T+369094640us][CH1-Dispenser] 01 61
[T+369164614us][CH2-Pc    ] 02
[T+369173245us][CH1-Dispenser] 02 72
[T+369191638us][CH2-Pc    ] 22
[T+369197686us][CH1-Dispenser] 22 D2
[T+369213745us][CH1-Dispenser] FF
[T+369213614us][CH2-Pc    ] FF
[T+369226260us][CH1-Dispenser] E9
[T+369226122us][CH2-Pc    ] E9
[T+369238753us][CH1-Dispenser] FE
[T+369238616us][CH2-Pc    ] FE
[T+369251257us][CH1-Dispenser] E0
[T+369251105us][CH2-Pc    ] E0
[T+369263754us][CH1-Dispenser] E1
[T+369263617us][CH2-Pc    ] E1
[T+369276747us][CH1-Dispenser] E0
[T+369276615us][CH2-Pc    ] E0
[T+369289753us][CH1-Dispenser] FB
[T+369289618us][CH2-Pc    ] FB
[T+369301617us][CH1-Dispenser] EE
[T+369301751us][CH2-Pc    ] EE
[T+369314614us][CH2-Pc    ] F0
[T+369345614us][CH1-Dispenser] F0 BA B0 B3 B2 B0 B1 B0 B0 B0 B0 B1 B1 B1 B1 B1 C1 C1 8D 8A
[T+369416614us][CH2-Pc    ] 03
[T+369424622us][CH1-Dispenser] 03 63
[T+369498614us][CH1-Dispenser] 04 64
[T+369494614us][CH2-Pc    ] 04
[T+369561748us][CH1-Dispenser] 05
[T+369561614us][CH2-Pc    ] 05
[T+369725750us][CH1-Dispenser] 06
[T+369725616us][CH2-Pc    ] 06
[T+369900614us][CH2-Pc    ] 01
[T+369907614us][CH1-Dispenser] 01 61
[T+369978614us][CH2-Pc    ] 02
[T+369987250us][CH1-Dispenser] 02 72
[T+370006614us][CH2-Pc    ] 22
[T+370012638us][CH1-Dispenser] 22 D2
[T+370027614us][CH1-Dispenser] FF
[T+370027746us][CH2-Pc    ] FF
[T+370040775us][CH1-Dispenser] E9
[T+370040629us][CH2-Pc    ] E9
[T+370052756us][CH1-Dispenser] FE
[T+370052621us][CH2-Pc    ] FE
[T+370065759us][CH1-Dispenser] E0
[T+370065621us][CH2-Pc    ] E0
[T+370078616us][CH1-Dispenser] E1
[T+370078752us][CH2-Pc    ] E1
[T+370091755us][CH1-Dispenser] E0
[T+370091617us][CH2-Pc    ] E0
[T+370103745us][CH1-Dispenser] FB
[T+370103616us][CH2-Pc    ] FB
[T+370116614us][CH1-Dispenser] EE
[T+370116747us][CH2-Pc    ] EE
[T+370128638us][CH2-Pc    ] F0
[T+370161639us][CH1-Dispenser] F0 BA B0 B3 B2 B0 B1 B0 B0 B0 B0 B1 B1 B1 B1 B1 C1 C1 8D 8A
[T+370241615us][CH2-Pc    ] 03
[T+370248614us][CH1-Dispenser] 03 63
[T+370323613us][CH1-Dispenser] 04 64
[T+370319614us][CH2-Pc    ] 04
[T+370386749us][CH1-Dispenser] 05
[T+370386614us][CH2-Pc    ] 05
[T+370561747us][CH1-Dispenser] 06
[T+370561614us][CH2-Pc    ] 06
[T+370725614us][CH2-Pc    ] 01
[T+370732614us][CH1-Dispenser] 01 61
[T+370803614us][CH2-Pc    ] 02
[T+370814614us][CH1-Dispenser] 02 72
[T+370831614us][CH2-Pc    ] 22
[T+370837638us][CH1-Dispenser] 22 D2
[T+370852748us][CH1-Dispenser] FF
[T+370852614us][CH2-Pc    ] FF
[T+370866234us][CH1-Dispenser] E9
[T+370865617us][CH2-Pc    ] E9
[T+370878752us][CH1-Dispenser] FE
[T+370878618us][CH2-Pc    ] FE
[T+370891749us][CH1-Dispenser] E0
[T+370891616us][CH2-Pc    ] E0
[T+370912746us][CH1-Dispenser] E1
[T+370912615us][CH2-Pc    ] E1
[T+370933748us][CH1-Dispenser] E0
[T+370933614us][CH2-Pc    ] E0
[T+370945742us][CH1-Dispenser] FB
[T+370945614us][CH2-Pc    ] FB
[T+370957747us][CH1-Dispenser] EE
[T+370957614us][CH2-Pc    ] EE
[T+370971614us][CH2-Pc    ] F0
[T+371001639us][CH1-Dispenser] F0 BA B0 B3 B2 B0 B1 B0 B0 B0 B0 B1 B1 B1 B1 B1 C1 C1 8D 8A
[T+371072614us][CH2-Pc    ] 03
[T+371079614us][CH1-Dispenser] 03 63
[T+371150614us][CH2-Pc    ] 04
[T+371160089us][CH1-Dispenser] 04 64
[T+371228748us][CH1-Dispenser] 05
[T+371228614us][CH2-Pc    ] 05
[T+371404748us][CH1-Dispenser] 06
[T+371404615us][CH2-Pc    ] 06
[T+371572613us][CH1-Dispenser] 01 61
[T+371568614us][CH2-Pc    ] 01
[T+371635639us][CH2-Pc    ] 02
[T+371642614us][CH1-Dispenser] 02 72
[T+371663638us][CH2-Pc    ] 22
[T+371668613us][CH1-Dispenser] 22 D2
[T+371684614us][CH1-Dispenser] FF
[T+371684750us][CH2-Pc    ] FF
[T+371702746us][CH1-Dispenser] E9
[T+371702614us][CH2-Pc    ] E9
[T+371714667us][CH1-Dispenser] FE
[T+371714795us][CH2-Pc    ] FE
[T+371727783us][CH1-Dispenser] E0
[T+371727636us][CH2-Pc    ] E0
[T+371740615us][CH1-Dispenser] E1
[T+371740748us][CH2-Pc    ] E1
[T+371753749us][CH1-Dispenser] E0
[T+371753616us][CH2-Pc    ] E0
[T+371765745us][CH1-Dispenser] FB
[T+371765614us][CH2-Pc    ] FB
[T+371778753us][CH1-Dispenser] EE
[T+371778614us][CH2-Pc    ] EE
[T+371790638us][CH2-Pc    ] F0
[T+371819614us][CH1-Dispenser] F0 BA B0 B3 B2 B0 B1 B0 B0 B0 B0 B1 B1 B1 B1 B1 C1 C1 8D 8A
[T+371893614us][CH2-Pc    ] 03
[T+371900614us][CH1-Dispenser] 03 63
[T+371971614us][CH2-Pc    ] 04
[T+371979621us][CH1-Dispenser] 04 64
[T+372049748us][CH1-Dispenser] 05
[T+372049615us][CH2-Pc    ] 05
[T+372224615us][CH1-Dispenser] 06
[T+372224749us][CH2-Pc    ] 06
[T+372399614us][CH2-Pc    ] 01
[T+372408968us][CH1-Dispenser] 01 61
[T+372477638us][CH2-Pc    ] 02
[T+372484614us][CH1-Dispenser] 02 72
[T+372504614us][CH2-Pc    ] 22
[T+372513638us][CH1-Dispenser] 22 D2
[T+372526986us][CH1-Dispenser] FF
[T+372527123us][CH2-Pc    ] FF
[T+372538751us][CH1-Dispenser] E9
[T+372538617us][CH2-Pc    ] E9
[T+372551747us][CH1-Dispenser] FE
[T+372551614us][CH2-Pc    ] FE
[T+372564744us][CH1-Dispenser] E0
[T+372564614us][CH2-Pc    ] E0
[T+372577749us][CH1-Dispenser] E1
[T+372577614us][CH2-Pc    ] E1
[T+372589755us][CH1-Dispenser] E0
[T+372589619us][CH2-Pc    ] E0
[T+372602793us][CH1-Dispenser] FB
[T+372602654us][CH2-Pc    ] FB
[T+372615621us][CH1-Dispenser] EE
[T+372615760us][CH2-Pc    ] EE
[T+372627642us][CH2-Pc    ] F0
[T+372655614us][CH1-Dispenser] F0 BA B0 B3 B2 B0 B1 B0 B0 B0 B0 B1 B1 B1 B1 B1 C1 C1 8D 8A
[T+372719614us][CH2-Pc    ] 03
[T+372724613us][CH1-Dispenser] 03 63
[T+372787638us][CH2-Pc    ] 04
[T+372794615us][CH1-Dispenser] 04 64
[T+372865749us][CH1-Dispenser] 05
[T+372865615us][CH2-Pc    ] 05
[T+373040614us][CH1-Dispenser] 06
[T+373040748us][CH2-Pc    ] 06
[T+373214639us][CH2-Pc    ] 01
[T+373222614us][CH1-Dispenser] 01 61
[T+373292614us][CH2-Pc    ] 02
[T+373297208us][CH1-Dispenser] 02 72
[T+373309614us][CH2-Pc    ] 22
[T+373318644us][CH1-Dispenser] 22 D2
[T+373331753us][CH1-Dispenser] FF
[T+373331616us][CH2-Pc    ] FF
[T+373343753us][CH1-Dispenser] E9
[T+373343617us][CH2-Pc    ] E9
[T+373356746us][CH1-Dispenser] FE
[T+373356614us][CH2-Pc    ] FE
[T+373369759us][CH1-Dispenser] E0
[T+373369621us][CH2-Pc    ] E0
[T+373381754us][CH1-Dispenser] E1
[T+373381617us][CH2-Pc    ] E1
[T+373394748us][CH1-Dispenser] E0
[T+373394615us][CH2-Pc    ] E0
[T+373407697us][CH1-Dispenser] FB
[T+373407615us][CH2-Pc    ] FB
[T+373419618us][CH1-Dispenser] EE
[T+373419777us][CH2-Pc    ] EE
[T+373432615us][CH2-Pc    ] F0
[T+373460614us][CH1-Dispenser] F0 BA B0 B3 B2 B0 B1 B0 B0 B0 B0 B1 B1 B1 B1 B1 C1 C1 8D 8A
[T+373534614us][CH2-Pc    ] 03
[T+373542614us][CH1-Dispenser] 03 63
[T+373612614us][CH2-Pc    ] 04
[T+373619615us][CH1-Dispenser] 04 64
[T+373690748us][CH1-Dispenser] 05
[T+373690615us][CH2-Pc    ] 05
[T+373865755us][CH1-Dispenser] 06
[T+373865615us][CH2-Pc    ] 06
[T+374039639us][CH2-Pc    ] 01
[T+374048644us][CH1-Dispenser] 01 61
[T+374118614us][CH2-Pc    ] 02
[T+374122613us][CH1-Dispenser] 02 72
[T+374134641us][CH2-Pc    ] 22
[T+374143640us][CH1-Dispenser] 22 D2
[T+374156755us][CH1-Dispenser] FF
[T+374156616us][CH2-Pc    ] FF
[T+374169751us][CH1-Dispenser] E9
[T+374169617us][CH2-Pc    ] E9
[T+374181750us][CH1-Dispenser] FE
[T+374181618us][CH2-Pc    ] FE
[T+374194869us][CH1-Dispenser] E0
[T+374194617us][CH2-Pc    ] E0
[T+374211750us][CH1-Dispenser] E1
[T+374211614us][CH2-Pc    ] E1
[T+374223756us][CH1-Dispenser] E0
[T+374223618us][CH2-Pc    ] E0
[T+374236747us][CH1-Dispenser] FB
[T+374236615us][CH2-Pc    ] FB
[T+374248618us][CH1-Dispenser] EE
[T+374249613us][CH2-Pc    ] EE
[T+374265614us][CH2-Pc    ] F0
[T+374294614us][CH1-Dispenser] F0 BA B0 B3 B2 B0 B1 B0 B0 B0 B0 B1 B1 B1 B1 B1 C1 C1 8D 8A
[T+374368614us][CH2-Pc    ] 03
[T+374374652us][CH1-Dispenser] 03 63
[T+374446638us][CH2-Pc    ] 04
[T+374453621us][CH1-Dispenser] 04 64
[T+374524614us][CH1-Dispenser] 05
[T+374524748us][CH2-Pc    ] 05
[T+374699749us][CH1-Dispenser] 06
[T+374699615us][CH2-Pc    ] 06
[T+374874614us][CH2-Pc    ] 01
[T+374882621us][CH1-Dispenser] 01 61
[T+374952614us][CH2-Pc    ] 02
[T+374959284us][CH1-Dispenser] 02 72
[T+374979640us][CH2-Pc    ] 22
[T+374987616us][CH1-Dispenser] 22 D2
[T+375000615us][CH1-Dispenser] FF
[T+375001614us][CH2-Pc    ] FF
[T+375013745us][CH1-Dispenser] E9
[T+375013615us][CH2-Pc    ] E9
[T+375026753us][CH1-Dispenser] FE
[T+375026618us][CH2-Pc    ] FE
[T+375038749us][CH1-Dispenser] E0
[T+375038617us][CH2-Pc    ] E0
[T+375051614us][CH1-Dispenser] E1
[T+375051749us][CH2-Pc    ] E1
[T+375064753us][CH1-Dispenser] E0
[T+375064616us][CH2-Pc    ] E0
[T+375077752us][CH1-Dispenser] FB
[T+375077617us][CH2-Pc    ] FB
[T+375089744us][CH1-Dispenser] EE
[T+375089614us][CH2-Pc    ] EE
[T+375103617us][CH2-Pc    ] F0
[T+375131614us][CH1-Dispenser] F0 BA B0 B3 B2 B0 B1 B0 B0 B0 B0 B1 B1 B1 B1 B1 C1 C1 8D 8A
[T+375204614us][CH2-Pc    ] 03
[T+375210638us][CH1-Dispenser] 03 63
[T+375282639us][CH2-Pc    ] 04
[T+375290248us][CH1-Dispenser] 04 64
[T+375360618us][CH1-Dispenser] 05
[T+375360751us][CH2-Pc    ] 05
[T+375545614us][CH1-Dispenser] 06
[T+375545748us][CH2-Pc    ] 06
[T+375709614us][CH2-Pc    ] 01
[T+375720621us][CH1-Dispenser] 01 61
[T+375787614us][CH2-Pc    ] 02
[T+375793252us][CH1-Dispenser] 02 72
[T+375815614us][CH2-Pc    ] 22
[T+375823893us][CH1-Dispenser] 22 D2
[T+375836754us][CH1-Dispenser] FF
[T+375836617us][CH2-Pc    ] FF
[T+375849745us][CH1-Dispenser] E9
[T+375849614us][CH2-Pc    ] E9
[T+375862748us][CH1-Dispenser] FE
[T+375862614us][CH2-Pc    ] FE
[T+375875621us][CH1-Dispenser] E0
[T+375875761us][CH2-Pc    ] E0
[T+375888622us][CH1-Dispenser] E1
[T+375888761us][CH2-Pc    ] E1
[T+375909749us][CH1-Dispenser] E0
[T+375909614us][CH2-Pc    ] E0
[T+375930745us][CH1-Dispenser] FB
[T+375930614us][CH2-Pc    ] FB
[T+375943749us][CH1-Dispenser] EE
[T+375943614us][CH2-Pc    ] EE
[T+375955927us][CH2-Pc    ] F0
[T+375985638us][CH1-Dispenser] F0 BA B0 B3 B2 B0 B1 B0 B0 B0 B0 B1 B1 B1 B1 B1 C1 C1 8D 8A
[T+376057638us][CH2-Pc    ] 03
[T+376064614us][CH1-Dispenser] 03 63
[T+376135614us][CH2-Pc    ] 04
[T+376143621us][CH1-Dispenser] 04 64
[T+376213748us][CH1-Dispenser] 05
[T+376213615us][CH2-Pc    ] 05
[T+376388753us][CH1-Dispenser] 06
[T+376388615us][CH2-Pc    ] 06
[T+376552614us][CH2-Pc    ] 01
[T+376559285us][CH1-Dispenser] 01 61
[T+376630639us][CH2-Pc    ] 02
[T+376637614us][CH1-Dispenser] 02 72
[T+376658638us][CH2-Pc    ] 22
[T+376664652us][CH1-Dispenser] 22 D2
[T+376679749us][CH1-Dispenser] FF
[T+376679614us][CH2-Pc    ] FF
[T+376692755us][CH1-Dispenser] E9
[T+376692616us][CH2-Pc    ] E9
[T+376704748us][CH1-Dispenser] FE
[T+376704614us][CH2-Pc    ] FE
[T+376717752us][CH1-Dispenser] E0
[T+376717617us][CH2-Pc    ] E0
[T+376730757us][CH1-Dispenser] E1
[T+376730618us][CH2-Pc    ] E1
[T+376742748us][CH1-Dispenser] E0
[T+376742614us][CH2-Pc    ] E0
[T+376756756us][CH1-Dispenser] FB
[T+376756618us][CH2-Pc    ] FB
[T+376768617us][CH1-Dispenser] EE
[T+376768751us][CH2-Pc    ] EE
[T+376781614us][CH2-Pc    ] F0
[T+376810614us][CH1-Dispenser] F0 BA B0 B3 B2 B0 B1 B0 B0 B0 B0 B1 B1 B1 B1 B1 C1 C1 8D 8A
[T+376882640us][CH2-Pc    ] 03
[T+376891639us][CH1-Dispenser] 03 63
[T+376967614us][CH2-Pc    ] 04
[T+376975247us][CH1-Dispenser] 04 64
[T+377046748us][CH1-Dispenser] 05
[T+377046615us][CH2-Pc    ] 05
[T+377207751us][CH1-Dispenser] 06
[T+377207616us][CH2-Pc    ] 06
[T+377382614us][CH2-Pc    ] 01
[T+377388637us][CH1-Dispenser] 01 61
[T+377460638us][CH2-Pc    ] 02
[T+377468621us][CH1-Dispenser] 02 72
[T+377488614us][CH2-Pc    ] 22
[T+377495614us][CH1-Dispenser] 22 D2
[T+377509662us][CH1-Dispenser] FF
[T+377509800us][CH2-Pc    ] FF
[T+377522757us][CH1-Dispenser] E9
[T+377522620us][CH2-Pc    ] E9
[T+377534752us][CH1-Dispenser] FE
[T+377534617us][CH2-Pc    ] FE
[T+377547752us][CH1-Dispenser] E0
[T+377547618us][CH2-Pc    ] E0
[T+377560749us][CH1-Dispenser] E1
[T+377560616us][CH2-Pc    ] E1
[T+377573746us][CH1-Dispenser] E0
[T+377573616us][CH2-Pc    ] E0
[T+377585748us][CH1-Dispenser] FB
[T+377585614us][CH2-Pc    ] FB
[T+377598614us][CH1-Dispenser] EE
[T+377598746us][CH2-Pc    ] EE
[T+377611618us][CH1-Dispenser] F0
[T+377611758us][CH2-Pc    ] F0
[T+377644774us][CH1-Dispenser] BA B0 B3 B2 B0 B1 B0 B0 B0 B0 B1 B1 B1 B1 B1 C1 C1 8D 8A
[T+377712614us][CH2-Pc    ] 03
[T+377721191us][CH1-Dispenser] 03 63
[T+377790614us][CH2-Pc    ] 04
[T+377799653us][CH1-Dispenser] 04 64
[T+377882750us][CH1-Dispenser] 05
[T+377882614us][CH2-Pc    ] 05
[T+378056615us][CH1-Dispenser] 06
[T+378056748us][CH2-Pc    ] 06
[T+378231614us][CH2-Pc    ] 01
[T+378239614us][CH1-Dispenser] 01 61
[T+378310614us][CH2-Pc    ] 02
[T+378319211us][CH1-Dispenser] 02 72
[T+378337614us][CH2-Pc    ] 22
[T+378344614us][CH1-Dispenser] 22 D2
[T+378359748us][CH1-Dispenser] FF
[T+378359614us][CH2-Pc    ] FF
[T+378371747us][CH1-Dispenser] E9
[T+378371617us][CH2-Pc    ] E9
[T+378384751us][CH1-Dispenser] FE
[T+378384617us][CH2-Pc    ] FE
[T+378397745us][CH1-Dispenser] E0
[T+378397616us][CH2-Pc    ] E0
[T+378410618us][CH1-Dispenser] E1
[T+378410756us][CH2-Pc    ] E1
[T+378422745us][CH1-Dispenser] E0
[T+378422614us][CH2-Pc    ] E0
[T+378435756us][CH1-Dispenser] FB
[T+378435617us][CH2-Pc    ] FB
[T+378448746us][CH1-Dispenser] EE
[T+378448614us][CH2-Pc    ] EE
[T+378461227us][CH2-Pc    ] F0
[T+378493638us][CH1-Dispenser] F0 BA B0 B3 B2 B0 B1 B0 B0 B0 B0 B1 B1 B1 B1 B1 C1 C1 8D 8A
[T+378562639us][CH2-Pc    ] 03
[T+378569614us][CH1-Dispenser] 03 63
[T+378632639us][CH2-Pc    ] 04
[T+378641638us][CH1-Dispenser] 04 64
[T+378710614us][CH1-Dispenser] 05
[T+378710748us][CH2-Pc    ] 05
[T+378885753us][CH1-Dispenser] 06
[T+378885616us][CH2-Pc    ] 06
[T+379060615us][CH2-Pc    ] 01
[T+379070614us][CH1-Dispenser] 01 61
[T+379138614us][CH2-Pc    ] 02
[T+379144638us][CH1-Dispenser] 02 72
[T+379166614us][CH2-Pc    ] 22
[T+379173038us][CH1-Dispenser] 22 D2
[T+379187742us][CH1-Dispenser] FF
[T+379187614us][CH2-Pc    ] FF
[T+379201741us][CH1-Dispenser] E9
[T+379201615us][CH2-Pc    ] E9
[T+379214748us][CH1-Dispenser] FE
[T+379214616us][CH2-Pc    ] FE
[T+379226745us][CH1-Dispenser] E0
[T+379226614us][CH2-Pc    ] E0
[T+379239614us][CH1-Dispenser] E1
[T+379239748us][CH2-Pc    ] E1
[T+379251752us][CH1-Dispenser] E0
[T+379251617us][CH2-Pc    ] E0
[T+379264758us][CH1-Dispenser] FB
[T+379264618us][CH2-Pc    ] FB
[T+379277745us][CH1-Dispenser] EE
[T+379277615us][CH2-Pc    ] EE
[T+379289638us][CH2-Pc    ] F0
[T+379320614us][CH1-Dispenser] F0 BA B0 B3 B2 B0 B1 B0 B0 B0 B0 B1 B1 B1 B1 B1 C1 C1 8D 8A
[T+379394614us][CH2-Pc    ] 03
[T+379401614us][CH1-Dispenser] 03 63
[T+379472614us][CH2-Pc    ] 04
[T+379480254us][CH1-Dispenser] 04 64
[T+379550748us][CH1-Dispenser] 05
[T+379550615us][CH2-Pc    ] 05
[T+379725748us][CH1-Dispenser] 06
[T+379725614us][CH2-Pc    ] 06
[T+379900614us][CH2-Pc    ] 01
[T+379909638us][CH1-Dispenser] 01 61
[T+379978638us][CH2-Pc    ] 02
[T+379984252us][CH1-Dispenser] 02 72
[T+380005614us][CH2-Pc    ] 22
[T+380012614us][CH1-Dispenser] 22 D2
[T+380027614us][CH1-Dispenser] FF
[T+380027749us][CH2-Pc    ] FF
[T+380039745us][CH1-Dispenser] E9
[T+380039614us][CH2-Pc    ] E9
[T+380052746us][CH1-Dispenser] FE
[T+380052614us][CH2-Pc    ] FE
[T+380065751us][CH1-Dispenser] E0
[T+380065617us][CH2-Pc    ] E0
[T+380078332us][CH1-Dispenser] E1
[T+380078179us][CH2-Pc    ] E1
[T+380090749us][CH1-Dispenser] E0
[T+380090617us][CH2-Pc    ] E0
[T+380103759us][CH1-Dispenser] FB
[T+380103620us][CH2-Pc    ] FB
[T+380115676us][CH1-Dispenser] EE
[T+380116613us][CH2-Pc    ] EE
[T+380128614us][CH2-Pc    ] F0
[T+380156614us][CH1-Dispenser] F0 BA B0 B3 B2 B0 B1 B0 B0 B0 B0 B1 B1 B1 B1 B1 C1 C1 8D 8A
[T+380220614us][CH2-Pc    ] 03
[T+380230614us][CH1-Dispenser] 03 63
[T+380292614us][CH2-Pc    ] 04
[T+380302618us][CH1-Dispenser] 04 64
[T+380371751us][CH1-Dispenser] 05
[T+380371614us][CH2-Pc    ] 05
[T+380545750us][CH1-Dispenser] 06
[T+380545615us][CH2-Pc    ] 06
[T+380709614us][CH2-Pc    ] 01
[T+380718647us][CH1-Dispenser] 01 61
[T+380788760us][CH2-Pc    ] 02
[T+380792613us][CH1-Dispenser] 02 72
[T+380815614us][CH2-Pc    ] 22
[T+380825614us][CH1-Dispenser] 22 D2
[T+380837748us][CH1-Dispenser] FF
[T+380837617us][CH2-Pc    ] FF
[T+380850335us][CH1-Dispenser] E9
[T+380850196us][CH2-Pc    ] E9
[T+380862750us][CH1-Dispenser] FE
[T+380862618us][CH2-Pc    ] FE
[T+380875614us][CH1-Dispenser] E0
[T+380874615us][CH2-Pc    ] E0
[T+380887750us][CH1-Dispenser] E1
[T+380887618us][CH2-Pc    ] E1
[T+380900746us][CH1-Dispenser] E0
[T+380900614us][CH2-Pc    ] E0
[T+380912746us][CH1-Dispenser] FB
[T+380912614us][CH2-Pc    ] FB
[T+380925614us][CH1-Dispenser] EE
[T+380925748us][CH2-Pc    ] EE
[T+380938614us][CH2-Pc    ] F0
[T+380965639us][CH1-Dispenser] F0 BA B0 B3 B2 B0 B1 B0 B0 B0 B0 B1 B1 B1 B1 B1 C1 C1 8D 8A
[T+381030614us][CH2-Pc    ] 03
[T+381034613us][CH1-Dispenser] 03 63
[T+381097638us][CH2-Pc    ] 04
[T+381105248us][CH1-Dispenser] 04 64
[T+381175615us][CH1-Dispenser] 05
[T+381175750us][CH2-Pc    ] 05
[T+381350614us][CH1-Dispenser] 06
[T+381350747us][CH2-Pc    ] 06
[T+381525614us][CH2-Pc    ] 01
[T+381533614us][CH1-Dispenser] 01 61
[T+381603614us][CH2-Pc    ] 02
[T+381608621us][CH1-Dispenser] 02 72
[T+381630614us][CH2-Pc    ] 22
[T+381639644us][CH1-Dispenser] 22 D2
[T+381652758us][CH1-Dispenser] FF
[T+381652621us][CH2-Pc    ] FF
[T+381664746us][CH1-Dispenser] E9
[T+381664614us][CH2-Pc    ] E9
[T+381677742us][CH1-Dispenser] FE
[T+381677614us][CH2-Pc    ] FE
[T+381690751us][CH1-Dispenser] E0
[T+381690617us][CH2-Pc    ] E0
[T+381702762us][CH1-Dispenser] E1
[T+381702621us][CH2-Pc    ] E1
[T+381715758us][CH1-Dispenser] E0
[T+381715620us][CH2-Pc    ] E0
[T+381728756us][CH1-Dispenser] FB
[T+381728618us][CH2-Pc    ] FB
[T+381740746us][CH1-Dispenser] EE
[T+381740615us][CH2-Pc    ] EE
[T+381753617us][CH2-Pc    ] F0
[T+381781614us][CH1-Dispenser] F0 BA B0 B3 B2 B0 B1 B0 B0 B0 B0 B1 B1 B1 B1 B1 C1 C1 8D 8A
[T+381845614us][CH2-Pc    ] 03
[T+381850614us][CH1-Dispenser] 03 63
[T+381923614us][CH2-Pc    ] 04
[T+381931614us][CH1-Dispenser] 04 64
[T+382001747us][CH1-Dispenser] 05
[T+382001614us][CH2-Pc    ] 05
[T+382176748us][CH1-Dispenser] 06
[T+382176615us][CH2-Pc    ] 06
[T+382348614us][CH2-Pc    ] 01
[T+382355277us][CH1-Dispenser] 01 61
[T+382426638us][CH2-Pc    ] 02
[T+382434614us][CH1-Dispenser] 02 72
[T+382453614us][CH2-Pc    ] 22
[T+382459652us][CH1-Dispenser] 22 D2
[T+382475614us][CH1-Dispenser] FF
[T+382475748us][CH2-Pc    ] FF
[T+382487844us][CH1-Dispenser] E9
[T+382487711us][CH2-Pc    ] E9
[T+382500746us][CH1-Dispenser] FE
[T+382500614us][CH2-Pc    ] FE
[T+382513746us][CH1-Dispenser] E0
[T+382513614us][CH2-Pc    ] E0
[T+382526757us][CH1-Dispenser] E1
[T+382526618us][CH2-Pc    ] E1
[T+382538759us][CH1-Dispenser] E0
[T+382538619us][CH2-Pc    ] E0
[T+382553746us][CH1-Dispenser] FB
[T+382553614us][CH2-Pc    ] FB
[T+382566749us][CH1-Dispenser] EE
[T+382566616us][CH2-Pc    ] EE
[T+382578618us][CH2-Pc    ] F0
[T+382607614us][CH1-Dispenser] F0 BA B0 B3 B2 B0 B1 B0 B0 B0 B0 B1 B1 B1 B1 B1 C1 C1 8D 8A
[T+382681614us][CH2-Pc    ] 03
[T+382690652us][CH1-Dispenser] 03 63
[T+382759638us][CH2-Pc    ] 04
[T+382766288us][CH1-Dispenser] 04 64
[T+382837750us][CH1-Dispenser] 05
[T+382837614us][CH2-Pc    ] 05
[T+383012751us][CH1-Dispenser] 06
[T+383012614us][CH2-Pc    ] 06
[T+383193614us][CH2-Pc    ] 01
[T+383199637us][CH1-Dispenser] 01 61
[T+383271638us][CH2-Pc    ] 02
[T+383277638us][CH1-Dispenser] 02 72
[T+383298639us][CH2-Pc    ] 22
[T+383304638us][CH1-Dispenser] 22 D2
[T+383320614us][CH1-Dispenser] FF
[T+383320746us][CH2-Pc    ] FF
[T+383332753us][CH1-Dispenser] E9
[T+383332617us][CH2-Pc    ] E9
[T+383345753us][CH1-Dispenser] FE
[T+383345620us][CH2-Pc    ] FE
[T+383358749us][CH1-Dispenser] E0
[T+383358616us][CH2-Pc    ] E0
[T+383371614us][CH1-Dispenser] E1
[T+383370622us][CH2-Pc    ] E1
[T+383383616us][CH1-Dispenser] E0
[T+383383749us][CH2-Pc    ] E0
[T+383396752us][CH1-Dispenser] FB
[T+383396618us][CH2-Pc    ] FB
[T+383408614us][CH1-Dispenser] EE
[T+383408746us][CH2-Pc    ] EE
[T+383421614us][CH2-Pc    ] F0
[T+383450618us][CH1-Dispenser] F0 BA B0 B3 B2 B0 B1 B0 B0 B0 B0 B1 B1 B1 B1 B1 C1 C1 8D 8A
[T+383523614us][CH2-Pc    ] 03
[T+383532253us][CH1-Dispenser] 03 63
[T+383599614us][CH2-Pc    ] 04
[T+383605652us][CH1-Dispenser] 04 64
[T+383677751us][CH1-Dispenser] 05
[T+383677614us][CH2-Pc    ] 05
[T+383852749us][CH1-Dispenser] 06
[T+383852614us][CH2-Pc    ] 06
[T+384027614us][CH2-Pc    ] 01
[T+384034614us][CH1-Dispenser] 01 61
[T+384105614us][CH2-Pc    ] 02
[T+384113795us][CH1-Dispenser] 02 72
[T+384132614us][CH2-Pc    ] 22
[T+384138638us][CH1-Dispenser] 22 D2
[T+384154748us][CH1-Dispenser] FF
[T+384154614us][CH2-Pc    ] FF
[T+384166759us][CH1-Dispenser] E9
[T+384166621us][CH2-Pc    ] E9
[T+384179745us][CH1-Dispenser] FE
[T+384179615us][CH2-Pc    ] FE
[T+384192744us][CH1-Dispenser] E0
[T+384192614us][CH2-Pc    ] E0
[T+384204754us][CH1-Dispenser] E1
[T+384204616us][CH2-Pc    ] E1
[T+384217751us][CH1-Dispenser] E0
[T+384217617us][CH2-Pc    ] E0
[T+384230750us][CH1-Dispenser] FB
[T+384230616us][CH2-Pc    ] FB
[T+384243619us][CH1-Dispenser] EE
[T+384243757us][CH2-Pc    ] EE
[T+384255640us][CH2-Pc    ] F0
[T+384288638us][CH1-Dispenser] F0 BA B0 B3 B2 B0 B1 B0 B0 B0 B0 B1 B1 B1 B1 B1 C1 C1 8D 8A
[T+384361614us][CH2-Pc    ] 03
[T+384370214us][CH1-Dispenser] 03 63
[T+384439639us][CH2-Pc    ] 04
[T+384445614us][CH1-Dispenser] 04 64
[T+384517749us][CH1-Dispenser] 05
[T+384517615us][CH2-Pc    ] 05
[T+384692614us][CH1-Dispenser] 06
[T+384692747us][CH2-Pc    ] 06
[T+384867614us][CH2-Pc    ] 01
[T+384873652us][CH1-Dispenser] 01 61
[T+384944614us][CH2-Pc    ] 02
[T+384955616us][CH1-Dispenser] 02 72
[T+384972614us][CH2-Pc    ] 22
[T+384978652us][CH1-Dispenser] 22 D2
[T+384993749us][CH1-Dispenser] FF
[T+384993614us][CH2-Pc    ] FF
[T+385028748us][CH1-Dispenser] E9
[T+385028614us][CH2-Pc    ] E9
[T+385040750us][CH1-Dispenser] FE
[T+385040617us][CH2-Pc    ] FE
[T+385053752us][CH1-Dispenser] E0
[T+385053619us][CH2-Pc    ] E0
[T+385066616us][CH1-Dispenser] E1
[T+385066748us][CH2-Pc    ] E1
[T+385078742us][CH1-Dispenser] E0
[T+385078614us][CH2-Pc    ] E0
[T+385091745us][CH1-Dispenser] FB
[T+385091614us][CH2-Pc    ] FB
[T+385104748us][CH1-Dispenser] EE
[T+385104614us][CH2-Pc    ] EE
[T+385117643us][CH2-Pc    ] F0
[T+385145614us][CH1-Dispenser] F0 BA B0 B3 B2 B0 B1 B0 B0 B0 B0 B1 B1 B1 B1 B1 C1 C1 8D 8A
[T+385219614us][CH2-Pc    ] 03
[T+385225637us][CH1-Dispenser] 03 63
[T+385297639us][CH2-Pc    ] 04
[T+385305249us][CH1-Dispenser] 04 64
[T+385375749us][CH1-Dispenser] 05
[T+385375615us][CH2-Pc    ] 05
[T+385561615us][CH1-Dispenser] 06
[T+385561748us][CH2-Pc    ] 06
[T+385725614us][CH2-Pc    ] 01
[T+385733621us][CH1-Dispenser] 01 61
[T+385803614us][CH2-Pc    ] 02
[T+385810286us][CH1-Dispenser] 02 72
[T+385830640us][CH2-Pc    ] 22
[T+385839639us][CH1-Dispenser] 22 D2
[T+385853115us][CH1-Dispenser] FF
[T+385853278us][CH2-Pc    ] FF
[T+385865751us][CH1-Dispenser] E9
[T+385865618us][CH2-Pc    ] E9
[T+385877750us][CH1-Dispenser] FE
[T+385877617us][CH2-Pc    ] FE
[T+385890755us][CH1-Dispenser] E0
[T+385890619us][CH2-Pc    ] E0
[T+385902745us][CH1-Dispenser] E1
[T+385902614us][CH2-Pc    ] E1
[T+385915750us][CH1-Dispenser] E0
[T+385915616us][CH2-Pc    ] E0
[T+385928758us][CH1-Dispenser] FB
[T+385928620us][CH2-Pc    ] FB
[T+385941759us][CH1-Dispenser] EE
[T+385941621us][CH2-Pc    ] EE
[T+385953638us][CH2-Pc    ] F0
[T+385981614us][CH1-Dispenser] F0 BA B0 B3 B2 B0 B1 B0 B0 B0 B0 B1 B1 B1 B1 B1 C1 C1 8D 8A
[T+386045638us][CH2-Pc    ] 03
[T+386050614us][CH1-Dispenser] 03 63
[T+386123614us][CH2-Pc    ] 04
[T+386130276us][CH1-Dispenser] 04 64
[T+386201748us][CH1-Dispenser] 05
[T+386201614us][CH2-Pc    ] 05
[T+386365748us][CH1-Dispenser] 06
[T+386365614us][CH2-Pc    ] 06
[T+386554638us][CH2-Pc    ] 01
[T+386558613us][CH1-Dispenser] 01 61
[T+386621640us][CH2-Pc    ] 02
[T+386629615us][CH1-Dispenser] 02 72
[T+386649614us][CH2-Pc    ] 22
[T+386655219us][CH1-Dispenser] 22 D2
[T+386670760us][CH1-Dispenser] FF
[T+386670622us][CH2-Pc    ] FF
[T+386683748us][CH1-Dispenser] E9
[T+386683616us][CH2-Pc    ] E9
[T+386695750us][CH1-Dispenser] FE
[T+386695617us][CH2-Pc    ] FE
[T+386708742us][CH1-Dispenser] E0
[T+386708614us][CH2-Pc    ] E0
[T+386721618us][CH1-Dispenser] E1
[T+386721754us][CH2-Pc    ] E1
[T+386733614us][CH2-Pc    ] E0
[T+386734613us][CH1-Dispenser] E0
[T+386746748us][CH1-Dispenser] FB
[T+386746614us][CH2-Pc    ] FB
[T+386762750us][CH1-Dispenser] EE
[T+386762617us][CH2-Pc    ] EE
[T+386775614us][CH2-Pc    ] F0
[T+386807614us][CH1-Dispenser] F0 BA B0 B3 B2 B0 B1 B0 B0 B0 B0 B1 B1 B1 B1 B1 C1 C1 8D 8A
[T+386876615us][CH1-Dispenser] 03
[T+386876748us][CH2-Pc    ] 03
[T+386888638us][CH1-Dispenser] 63
[T+386954638us][CH2-Pc    ] 04
[T+386960652us][CH1-Dispenser] 04 64
[T+387033752us][CH1-Dispenser] 05
[T+387033617us][CH2-Pc    ] 05
[T+387215751us][CH1-Dispenser] 06
[T+387215615us][CH2-Pc    ] 06
[T+387383639us][CH2-Pc    ] 01
[T+387389638us][CH1-Dispenser] 01 61
[T+387461639us][CH2-Pc    ] 02
[T+387468614us][CH1-Dispenser] 02 72
[T+387489614us][CH2-Pc    ] 22
[T+387493614us][CH1-Dispenser] 22 D2
[T+387510743us][CH1-Dispenser] FF
[T+387510615us][CH2-Pc    ] FF
[T+387523742us][CH1-Dispenser] E9
[T+387523614us][CH2-Pc    ] E9
[T+387535842us][CH1-Dispenser] FE
[T+387535706us][CH2-Pc    ] FE
[T+387548746us][CH1-Dispenser] E0
[T+387548614us][CH2-Pc    ] E0
[T+387561746us][CH1-Dispenser] E1
[T+387561614us][CH2-Pc    ] E1
[T+387573805us][CH1-Dispenser] E0
[T+387573664us][CH2-Pc    ] E0
[T+387586971us][CH1-Dispenser] FB
[T+387586821us][CH2-Pc    ] FB
[T+387599618us][CH1-Dispenser] EE
[T+387599757us][CH2-Pc    ] EE
[T+387611642us][CH2-Pc    ] F0
[T+387641638us][CH1-Dispenser] F0 BA B0 B3 B2 B0 B1 B0 B0 B0 B0 B1 B1 B1 B1 B1 C1 C1 8D 8A
[T+387714614us][CH2-Pc    ] 03
[T+387721256us][CH1-Dispenser] 03 63
[T+387792639us][CH2-Pc    ] 04
[T+387800615us][CH1-Dispenser] 04 64
[T+387870749us][CH1-Dispenser] 05
[T+387870614us][CH2-Pc    ] 05
[T+388045748us][CH1-Dispenser] 06
[T+388045615us][CH2-Pc    ] 06
[T+388209614us][CH2-Pc    ] 01
[T+388218647us][CH1-Dispenser] 01 61
[T+388287639us][CH2-Pc    ] 02
[T+388293637us][CH1-Dispenser] 02 72
[T+388315614us][CH2-Pc    ] 22
[T+388324652us][CH1-Dispenser] 22 D2
[T+388336748us][CH1-Dispenser] FF
[T+388336614us][CH2-Pc    ] FF
[T+388349755us][CH1-Dispenser] E9
[T+388349618us][CH2-Pc    ] E9
[T+388361757us][CH1-Dispenser] FE
[T+388361617us][CH2-Pc    ] FE
[T+388374757us][CH1-Dispenser] E0
[T+388374618us][CH2-Pc    ] E0
[T+388387750us][CH1-Dispenser] E1
[T+388387618us][CH2-Pc    ] E1
[T+388399746us][CH1-Dispenser] E0
[T+388399614us][CH2-Pc    ] E0
[T+388412745us][CH1-Dispenser] FB
[T+388412614us][CH2-Pc    ] FB
[T+388425615us][CH1-Dispenser] EE
[T+388425748us][CH2-Pc    ] EE
[T+388438618us][CH2-Pc    ] F0
[T+388466614us][CH1-Dispenser] F0 BA B0 B3 B2 B0 B1 B0 B0 B0 B0 B1 B1 B1 B1 B1 C1 C1 8D 8A
[T+388539614us][CH2-Pc    ] 03
[T+388546614us][CH1-Dispenser] 03 63
[T+388617614us][CH2-Pc    ] 04
[T+388626238us][CH1-Dispenser] 04 64
[T+388695748us][CH1-Dispenser] 05
[T+388695614us][CH2-Pc    ] 05
[T+388870748us][CH1-Dispenser] 06
[T+388870614us][CH2-Pc    ] 06
[T+389045614us][CH2-Pc    ] 01
[T+389054652us][CH1-Dispenser] 01 61
[T+389123638us][CH2-Pc    ] 02
[T+389129638us][CH1-Dispenser] 02 72
[T+389150638us][CH2-Pc    ] 22
[T+389158621us][CH1-Dispenser] 22 D2
[T+389172748us][CH1-Dispenser] FF
[T+389172614us][CH2-Pc    ] FF
[T+389185746us][CH1-Dispenser] E9
[T+389185615us][CH2-Pc    ] E9
[T+389198220us][CH1-Dispenser] FE
[T+389197615us][CH2-Pc    ] FE
[T+389211613us][CH1-Dispenser] E0
[T+389210618us][CH2-Pc    ] E0
[T+389223750us][CH1-Dispenser] E1
[T+389223614us][CH2-Pc    ] E1
[T+389235751us][CH1-Dispenser] E0
[T+389235616us][CH2-Pc    ] E0
[T+389248745us][CH1-Dispenser] FB
[T+389248614us][CH2-Pc    ] FB
[T+389261757us][CH1-Dispenser] EE
[T+389261618us][CH2-Pc    ] EE
[T+389273642us][CH2-Pc    ] F0
[T+389300638us][CH1-Dispenser] F0 BA B0 B3 B2 B0 B1 B0 B0 B0 B0 B1 B1 B1 B1 B1 C1 C1 8D 8A
[T+389365614us][CH2-Pc    ] 03
[T+389373621us][CH1-Dispenser] 03 63
[T+389443614us][CH2-Pc    ] 04
[T+389450614us][CH1-Dispenser] 04 64
[T+389522615us][CH1-Dispenser] 05
[T+389522749us][CH2-Pc    ] 05
[T+389697614us][CH1-Dispenser] 06
[T+389696614us][CH2-Pc    ] 06
[T+389871639us][CH2-Pc    ] 01
[T+389879614us][CH1-Dispenser] 01 61
[T+389949614us][CH2-Pc    ] 02
[T+389960614us][CH1-Dispenser] 02 72
[T+389977614us][CH2-Pc    ] 22
[T+389985621us][CH1-Dispenser] 22 D2
[T+389999749us][CH1-Dispenser] FF
[T+389999615us][CH2-Pc    ] FF
[T+390020748us][CH1-Dispenser] E9
[T+390020614us][CH2-Pc    ] E9
[T+390040747us][CH1-Dispenser] FE
[T+390040614us][CH2-Pc    ] FE
[T+390053751us][CH1-Dispenser] E0
[T+390053617us][CH2-Pc    ] E0
[T+390065747us][CH1-Dispenser] E1
[T+390065615us][CH2-Pc    ] E1
[T+390078748us][CH1-Dispenser] E0
[T+390078614us][CH2-Pc    ] E0
[T+390091758us][CH1-Dispenser] FB
[T+390091618us][CH2-Pc    ] FB
[T+390104754us][CH1-Dispenser] EE
[T+390104620us][CH2-Pc    ] EE
[T+390117614us][CH2-Pc    ] F0
[T+390146614us][CH1-Dispenser] F0 BA B0 B3 B2 B0 B1 B0 B0 B0 B0 B1 B1 B1 B1 B1 C1 C1 8D 8A
[T+390219614us][CH2-Pc    ] 03
[T+390227614us][CH1-Dispenser] 03 63
[T+390297614us][CH2-Pc    ] 04
[T+390308614us][CH1-Dispenser] 04 64
[T+390375615us][CH1-Dispenser] 05
[T+390375749us][CH2-Pc    ] 05
[T+390561750us][CH1-Dispenser] 06
[T+390561614us][CH2-Pc    ] 06
[T+390725614us][CH2-Pc    ] 01
[T+390735614us][CH1-Dispenser] 01 61
[T+390803614us][CH2-Pc    ] 02
[T+390810243us][CH1-Dispenser] 02 72
[T+390830650us][CH2-Pc    ] 22
[T+390838614us][CH1-Dispenser] 22 D2
[T+390852749us][CH1-Dispenser] FF
[T+390852615us][CH2-Pc    ] FF
[T+390864760us][CH1-Dispenser] E9
[T+390864620us][CH2-Pc    ] E9
[T+390877748us][CH1-Dispenser] FE
[T+390877616us][CH2-Pc    ] FE
[T+390890748us][CH1-Dispenser] E0
[T+390890614us][CH2-Pc    ] E0
[T+390902617us][CH1-Dispenser] E1
[T+390902751us][CH2-Pc    ] E1
[T+390915745us][CH1-Dispenser] E0
[T+390915614us][CH2-Pc    ] E0
[T+390928757us][CH1-Dispenser] FB
[T+390928619us][CH2-Pc    ] FB
[T+390940748us][CH1-Dispenser] EE
[T+390940614us][CH2-Pc    ] EE
[T+390953899us][CH2-Pc    ] F0
[T+390982614us][CH1-Dispenser] F0 BA B0 B3 B2 B0 B1 B0 B0 B0 B0 B1 B1 B1 B1 B1 C1 C1 8D 8A
[T+391055614us][CH2-Pc    ] 03
[T+391059613us][CH1-Dispenser] 03 63
[T+391133614us][CH2-Pc    ] 04
[T+391141252us][CH1-Dispenser] 04 64
[T+391211751us][CH1-Dispenser] 05
[T+391211614us][CH2-Pc    ] 05
[T+391387753us][CH1-Dispenser] 06
[T+391387614us][CH2-Pc    ] 06
[T+391551614us][CH2-Pc    ] 01
[T+391559253us][CH1-Dispenser] 01 61
[T+391629614us][CH2-Pc    ] 02
[T+391634614us][CH1-Dispenser] 02 72
[T+391656614us][CH2-Pc    ] 22
[T+391665639us][CH1-Dispenser] 22 D2
[T+391678615us][CH1-Dispenser] FF
[T+391678743us][CH2-Pc    ] FF
[T+391690746us][CH1-Dispenser] E9
[T+391690615us][CH2-Pc    ] E9
[T+391703749us][CH1-Dispenser] FE
[T+391703616us][CH2-Pc    ] FE
[T+391716744us][CH1-Dispenser] E0
[T+391716614us][CH2-Pc    ] E0
[T+391729614us][CH1-Dispenser] E1
[T+391729745us][CH2-Pc    ] E1
[T+391744748us][CH1-Dispenser] E0
[T+391744614us][CH2-Pc    ] E0
[T+391757748us][CH1-Dispenser] FB
[T+391757616us][CH2-Pc    ] FB
[T+391770745us][CH1-Dispenser] EE
[T+391770614us][CH2-Pc    ] EE
[T+391782813us][CH2-Pc    ] F0
[T+391812639us][CH1-Dispenser] F0 BA B0 B3 B2 B0 B1 B0 B0 B0 B0 B1 B1 B1 B1 B1 C1 C1 8D 8A
[T+391884638us][CH2-Pc    ] 03
[T+391890641us][CH1-Dispenser] 03 63
[T+391962639us][CH2-Pc    ] 04
[T+391971652us][CH1-Dispenser] 04 64
[T+392040614us][CH1-Dispenser] 05
[T+392040748us][CH2-Pc    ] 05
[T+392215614us][CH1-Dispenser] 06
[T+392215751us][CH2-Pc    ] 06
[T+392379614us][CH2-Pc    ] 01
[T+392384613us][CH1-Dispenser] 01 61
[T+392457614us][CH2-Pc    ] 02
[T+392464304us][CH1-Dispenser] 02 72
[T+392485614us][CH2-Pc    ] 22
[T+392506614us][CH1-Dispenser] 22 D2 FF
[T+392506748us][CH2-Pc    ] FF
[T+392519745us][CH1-Dispenser] E9
[T+392519614us][CH2-Pc    ] E9
[T+392531746us][CH1-Dispenser] FE
[T+392531614us][CH2-Pc    ] FE
[T+392544748us][CH1-Dispenser] E0
[T+392544616us][CH2-Pc    ] E0
[T+392557758us][CH1-Dispenser] E1
[T+392557618us][CH2-Pc    ] E1
[T+392569756us][CH1-Dispenser] E0
[T+392569623us][CH2-Pc    ] E0
[T+392582754us][CH1-Dispenser] FB
[T+392582619us][CH2-Pc    ] FB
[T+392596377us][CH1-Dispenser] EE
[T+392596224us][CH2-Pc    ] EE
[T+392607638us][CH2-Pc    ] F0
[T+392636614us][CH1-Dispenser] F0 BA B0 B3 B2 B0 B1 B0 B0 B0 B0 B1 B1 B1 B1 B1 C1 C1 8D 8A
[T+392714640us][CH2-Pc    ] 03
[T+392721614us][CH1-Dispenser] 03 63
[T+392792614us][CH2-Pc    ] 04
[T+392801188us][CH1-Dispenser] 04 64
[T+392870753us][CH1-Dispenser] 05
[T+392870618us][CH2-Pc    ] 05
[T+393045748us][CH1-Dispenser] 06
[T+393045614us][CH2-Pc    ] 06
[T+393209614us][CH2-Pc    ] 01
[T+393214613us][CH1-Dispenser] 01 61
[T+393287614us][CH2-Pc    ] 02
[T+393296248us][CH1-Dispenser] 02 72
[T+393314614us][CH2-Pc    ] 22
[T+393324614us][CH1-Dispenser] 22 D2
[T+393336753us][CH1-Dispenser] FF
[T+393336618us][CH2-Pc    ] FF
[T+393349754us][CH1-Dispenser] E9
[T+393349618us][CH2-Pc    ] E9
[T+393361759us][CH1-Dispenser] FE
[T+393361618us][CH2-Pc    ] FE
[T+393374749us][CH1-Dispenser] E0
[T+393374615us][CH2-Pc    ] E0
[T+393387751us][CH1-Dispenser] E1
[T+393387614us][CH2-Pc    ] E1
[T+393399884us][CH1-Dispenser] E0
[T+393399750us][CH2-Pc    ] E0
[T+393412750us][CH1-Dispenser] FB
[T+393412618us][CH2-Pc    ] FB
[T+393425753us][CH1-Dispenser] EE
[T+393425618us][CH2-Pc    ] EE
[T+393438614us][CH2-Pc    ] F0
[T+393467614us][CH1-Dispenser] F0 BA B0 B3 B2 B0 B1 B0 B0 B0 B0 B1 B1 B1 B1 B1 C1 C1 8D 8A
[T+393539638us][CH2-Pc    ] 03
[T+393546734us][CH1-Dispenser] 03 63
[T+393617614us][CH2-Pc    ] 04
[T+393625614us][CH1-Dispenser] 04 64
[T+393695614us][CH1-Dispenser] 05
[T+393695748us][CH2-Pc    ] 05
[T+393870615us][CH1-Dispenser] 06
[T+393870753us][CH2-Pc    ] 06
[T+394045614us][CH2-Pc    ] 01
[T+394054652us][CH1-Dispenser] 01 61
[T+394123639us][CH2-Pc    ] 02
[T+394130614us][CH1-Dispenser] 02 72
[T+394151638us][CH2-Pc    ] 22
[T+394160638us][CH1-Dispenser] 22 D2
[T+394172745us][CH1-Dispenser] FF
[T+394172615us][CH2-Pc    ] FF
[T+394185744us][CH1-Dispenser] E9
[T+394185614us][CH2-Pc    ] E9
[T+394206748us][CH1-Dispenser] FE
[T+394206615us][CH2-Pc    ] FE
[T+394221746us][CH1-Dispenser] E0
[T+394221614us][CH2-Pc    ] E0
[T+394236746us][CH1-Dispenser] E1
[T+394236614us][CH2-Pc    ] E1
[T+394249751us][CH1-Dispenser] E0
[T+394249617us][CH2-Pc    ] E0
[T+394262748us][CH1-Dispenser] FB
[T+394262614us][CH2-Pc    ] FB
[T+394274923us][CH1-Dispenser] EE
[T+394275075us][CH2-Pc    ] EE
[T+394287740us][CH2-Pc    ] F0
[T+394317638us][CH1-Dispenser] F0 BA B0 B3 B2 B0 B1 B0 B0 B0 B0 B1 B1 B1 B1 B1 C1 C1 8D 8A
[T+394389638us][CH2-Pc    ] 03
[T+394395638us][CH1-Dispenser] 03 63
[T+394467638us][CH2-Pc    ] 04
[T+394476616us][CH1-Dispenser] 04 64
[T+394545748us][CH1-Dispenser] 05
[T+394545614us][CH2-Pc    ] 05
[T+394715614us][CH1-Dispenser] 06
[T+394715751us][CH2-Pc    ] 06
[T+394879614us][CH2-Pc    ] 01
[T+394885652us][CH1-Dispenser] 01 61
[T+394957638us][CH2-Pc    ] 02
[T+394964614us][CH1-Dispenser] 02 72
[T+394984614us][CH2-Pc    ] 22
[T+394991614us][CH1-Dispenser] 22 D2
[T+395006616us][CH1-Dispenser] FF
[T+395006753us][CH2-Pc    ] FF
[T+395018614us][CH2-Pc    ] E9
[T+395019614us][CH1-Dispenser] E9
[T+395031750us][CH1-Dispenser] FE
[T+395031615us][CH2-Pc    ] FE
[T+395045492us][CH1-Dispenser] E0
[T+395045281us][CH2-Pc    ] E0
[T+395057758us][CH1-Dispenser] E1
[T+395057618us][CH2-Pc    ] E1
[T+395069748us][CH1-Dispenser] E0
[T+395069614us][CH2-Pc    ] E0
[T+395082745us][CH1-Dispenser] FB
[T+395082616us][CH2-Pc    ] FB
[T+395095744us][CH1-Dispenser] EE
[T+395095614us][CH2-Pc    ] EE
[T+395107638us][CH2-Pc    ] F0
[T+395137639us][CH1-Dispenser] F0 BA B0 B3 B2 B0 B1 B0 B0 B0 B0 B1 B1 B1 B1 B1 C1 C1 8D 8A
[T+395209638us][CH2-Pc    ] 03
[T+395216614us][CH1-Dispenser] 03 63
[T+395287614us][CH2-Pc    ] 04
[T+395297615us][CH1-Dispenser] 04 64
[T+395365614us][CH1-Dispenser] 05
[T+395365751us][CH2-Pc    ] 05
[T+395540615us][CH1-Dispenser] 06
[T+395540749us][CH2-Pc    ] 06
[T+395718614us][CH2-Pc    ] 01
[T+395726616us][CH1-Dispenser] 01 61
[T+395796614us][CH2-Pc    ] 02
[T+395805944us][CH1-Dispenser] 02 72
[T+395823638us][CH2-Pc    ] 22
[T+395829652us][CH1-Dispenser] 22 D2
[T+395845615us][CH1-Dispenser] FF
[T+395845748us][CH2-Pc    ] FF
[T+395857745us][CH1-Dispenser] E9
[T+395857614us][CH2-Pc    ] E9
[T+395870750us][CH1-Dispenser] FE
[T+395870616us][CH2-Pc    ] FE
[T+395883746us][CH1-Dispenser] E0
[T+395883614us][CH2-Pc    ] E0
[T+395895616us][CH1-Dispenser] E1
[T+395896620us][CH2-Pc    ] E1
[T+395908751us][CH1-Dispenser] E0
[T+395908617us][CH2-Pc    ] E0
[T+395921753us][CH1-Dispenser] FB
[T+395921618us][CH2-Pc    ] FB
[T+395934616us][CH1-Dispenser] EE
[T+395934748us][CH2-Pc    ] EE
[T+395947614us][CH2-Pc    ] F0
[T+395976614us][CH1-Dispenser] F0 BA B0 B3 B2 B0 B1 B0 B0 B0 B0 B1 B1 B1 B1 B1 C1 C1 8D 8A
[T+396048639us][CH2-Pc    ] 03
[T+396056614us][CH1-Dispenser] 03 63
[T+396126614us][CH2-Pc    ] 04
[T+396131621us][CH1-Dispenser] 04 64
[T+396204748us][CH1-Dispenser] 05
[T+396204614us][CH2-Pc    ] 05
[T+396379749us][CH1-Dispenser] 06
[T+396379614us][CH2-Pc    ] 06
[T+396554614us][CH2-Pc    ] 01
[T+396559614us][CH1-Dispenser] 01 61
[T+396654613us][CH1-Dispenser] 02 72
[T+396650614us][CH2-Pc    ] 02
[T+396677614us][CH2-Pc    ] 22
[T+396685817us][CH1-Dispenser] 22 D2
[T+396719746us][CH1-Dispenser] FF
[T+396719615us][CH2-Pc    ] FF
[T+396769748us][CH1-Dispenser] E9
[T+396769614us][CH2-Pc    ] E9
[T+396792751us][CH1-Dispenser] FE
[T+396792615us][CH2-Pc    ] FE
[T+396819747us][CH1-Dispenser] E0
[T+396819615us][CH2-Pc    ] E0
[T+396841748us][CH1-Dispenser] E1
[T+396841615us][CH2-Pc    ] E1
[T+396862747us][CH1-Dispenser] E0
[T+396862614us][CH2-Pc    ] E0
[T+396885742us][CH1-Dispenser] FB
[T+396885615us][CH2-Pc    ] FB
[T+396906617us][CH1-Dispenser] EE
[T+396906751us][CH2-Pc    ] EE
[T+396928614us][CH2-Pc    ] F0
[T+396957614us][CH1-Dispenser] F0 BA B0 B3 B2 B0 B1 B0 B0 B0 B0 B1 B1 B1 B1 B1 C1 C1 8D 8A
[T+397027614us][CH2-Pc    ] 03
[T+397036650us][CH1-Dispenser] 03 63
[T+397110613us][CH1-Dispenser] 04 64
[T+397106614us][CH2-Pc    ] 04
[T+397184615us][CH1-Dispenser] 05
[T+397184748us][CH2-Pc    ] 05
[T+397348615us][CH1-Dispenser] 06
[T+397348748us][CH2-Pc    ] 06
[T+397522639us][CH2-Pc    ] 01
[T+397530614us][CH1-Dispenser] 01 61
[T+397600614us][CH2-Pc    ] 02
[T+397609644us][CH1-Dispenser] 02 72
[T+397628614us][CH2-Pc    ] 22
[T+397634637us][CH1-Dispenser] 22 D2
[T+397649614us][CH1-Dispenser] FF
[T+397649747us][CH2-Pc    ] FF
[T+397662746us][CH1-Dispenser] E9
[T+397662614us][CH2-Pc    ] E9
[T+397675759us][CH1-Dispenser] FE
[T+397675618us][CH2-Pc    ] FE
[T+397687742us][CH1-Dispenser] E0
[T+397687614us][CH2-Pc    ] E0
[T+397700757us][CH1-Dispenser] E1
[T+397700618us][CH2-Pc    ] E1
[T+397713756us][CH1-Dispenser] E0
[T+397713619us][CH2-Pc    ] E0
[T+397725749us][CH1-Dispenser] FB
[T+397725616us][CH2-Pc    ] FB
[T+397738616us][CH1-Dispenser] EE
[T+397738749us][CH2-Pc    ] EE
[T+397751614us][CH2-Pc    ] F0
[T+397782614us][CH1-Dispenser] F0 BA B0 B3 B2 B0 B1 B0 B0 B0 B0 B1 B1 B1 B1 B1 C1 C1 8D 8A
[T+397854638us][CH2-Pc    ] 03
[T+397861614us][CH1-Dispenser] 03 63
[T+397932614us][CH2-Pc    ] 04
[T+397940621us][CH1-Dispenser] 04 64
[T+398010615us][CH1-Dispenser] 05
[T+398010750us][CH2-Pc    ] 05
[T+398185986us][CH1-Dispenser] 06
[T+398185765us][CH2-Pc    ] 06
[T+398349614us][CH2-Pc    ] 01
[T+398355638us][CH1-Dispenser] 01 61
[T+398427640us][CH2-Pc    ] 02
[T+398434614us][CH1-Dispenser] 02 72
[T+398454614us][CH2-Pc    ] 22
[T+398459613us][CH1-Dispenser] 22 D2
[T+398476748us][CH1-Dispenser] FF
[T+398476614us][CH2-Pc    ] FF
[T+398488756us][CH1-Dispenser] E9
[T+398488617us][CH2-Pc    ] E9
[T+398501924us][CH1-Dispenser] FE
[T+398501618us][CH2-Pc    ] FE
[T+398514750us][CH1-Dispenser] E0
[T+398514617us][CH2-Pc    ] E0
[T+398526614us][CH1-Dispenser] E1
[T+398526746us][CH2-Pc    ] E1
[T+398539744us][CH1-Dispenser] E0
[T+398539614us][CH2-Pc    ] E0
[T+398552753us][CH1-Dispenser] FB
[T+398552617us][CH2-Pc    ] FB
[T+398564750us][CH1-Dispenser] EE
[T+398564617us][CH2-Pc    ] EE
[T+398577837us][CH2-Pc    ] F0
[T+398607641us][CH1-Dispenser] F0 BA B0 B3 B2 B0 B1 B0 B0 B0 B0 B1 B1 B1 B1 B1 C1 C1 8D 8A
[T+398681614us][CH2-Pc    ] 03
[T+398687622us][CH1-Dispenser] 03 63
[T+398759638us][CH2-Pc    ] 04
[T+398768638us][CH1-Dispenser] 04 64
[T+398837748us][CH1-Dispenser] 05
[T+398837615us][CH2-Pc    ] 05
[T+399013750us][CH1-Dispenser] 06
[T+399013614us][CH2-Pc    ] 06
[T+399177614us][CH2-Pc    ] 01
[T+399186652us][CH1-Dispenser] 01 61
[T+399255638us][CH2-Pc    ] 02
[T+399260614us][CH1-Dispenser] 02 72
[T+399282614us][CH2-Pc    ] 22
[T+399290614us][CH1-Dispenser] 22 D2
[T+399304615us][CH1-Dispenser] FF
[T+399304749us][CH2-Pc    ] FF
[T+399317750us][CH1-Dispenser] E9
[T+399317618us][CH2-Pc    ] E9
[T+399329756us][CH1-Dispenser] FE
[T+399329616us][CH2-Pc    ] FE
[T+399342748us][CH1-Dispenser] E0
[T+399342616us][CH2-Pc    ] E0
[T+399354746us][CH1-Dispenser] E1
[T+399354614us][CH2-Pc    ] E1
[T+399367752us][CH1-Dispenser] E0
[T+399367617us][CH2-Pc    ] E0
[T+399380751us][CH1-Dispenser] FB
[T+399380618us][CH2-Pc    ] FB
[T+399393758us][CH1-Dispenser] EE
[T+399393618us][CH2-Pc    ] EE
[T+399412614us][CH2-Pc    ] F0
[T+399441614us][CH1-Dispenser] F0 BA B0 B3 B2 B0 B1 B0 B0 B0 B0 B1 B1 B1 B1 B1 C1 C1 8D 8A
[T+399513638us][CH2-Pc    ] 03
[T+399521615us][CH1-Dispenser] 03 63
[T+399591614us][CH2-Pc    ] 04
[T+399595614us][CH1-Dispenser] 04 64
[T+399658614us][CH1-Dispenser] 05
[T+399658749us][CH2-Pc    ] 05
[T+399833747us][CH1-Dispenser] 06
[T+399833614us][CH2-Pc    ] 06
[T+400009614us][CH2-Pc    ] 01
[T+400014613us][CH1-Dispenser] 01 61
[T+400087614us][CH2-Pc    ] 02
[T+400095251us][CH1-Dispenser] 02 72
[T+400114614us][CH2-Pc    ] 22
[T+400119613us][CH1-Dispenser] 22 D2
[T+400136748us][CH1-Dispenser] FF
[T+400136614us][CH2-Pc    ] FF
[T+400149620us][CH1-Dispenser] E9
[T+400149759us][CH2-Pc    ] E9
[T+400162084us][CH1-Dispenser] FE
[T+400161932us][CH2-Pc    ] FE
[T+400174757us][CH1-Dispenser] E0
[T+400174622us][CH2-Pc    ] E0
[T+400186614us][CH1-Dispenser] E1
[T+400186745us][CH2-Pc    ] E1
[T+400199756us][CH1-Dispenser] E0
[T+400199619us][CH2-Pc    ] E0
[T+400212749us][CH1-Dispenser] FB
[T+400212616us][CH2-Pc    ] FB
[T+400224614us][CH1-Dispenser] EE
[T+400225613us][CH2-Pc    ] EE
[T+400237614us][CH2-Pc    ] F0
[T+400267640us][CH1-Dispenser] F0 BA B0 B3 B2 B0 B1 B0 B0 B0 B0 B1 B1 B1 B1 B1 C1 C1 8D 8A
[T+400333638us][CH2-Pc    ] 03
[T+400343614us][CH1-Dispenser] 03 63
[T+400411614us][CH2-Pc    ] 04
[T+400416621us][CH1-Dispenser] 04 64
[T+400489747us][CH1-Dispenser] 05
[T+400489614us][CH2-Pc    ] 05
[T+400664747us][CH1-Dispenser] 06
[T+400664614us][CH2-Pc    ] 06
[T+400839614us][CH2-Pc    ] 01
[T+400843613us][CH1-Dispenser] 01 61
[T+400917614us][CH2-Pc    ] 02
[T+400924614us][CH1-Dispenser] 02 72
[T+400944614us][CH2-Pc    ] 22
[T+400951243us][CH1-Dispenser] 22 D2
[T+400966747us][CH1-Dispenser] FF
[T+400966615us][CH2-Pc    ] FF
[T+400979746us][CH1-Dispenser] E9
[T+400979616us][CH2-Pc    ] E9
[T+400991746us][CH1-Dispenser] FE
[T+400991614us][CH2-Pc    ] FE
[T+401004745us][CH1-Dispenser] E0
[T+401004614us][CH2-Pc    ] E0
[T+401016735us][CH1-Dispenser] E1
[T+401016614us][CH2-Pc    ] E1
[T+401029738us][CH1-Dispenser] E0
[T+401029614us][CH2-Pc    ] E0
[T+401042754us][CH1-Dispenser] FB
[T+401042618us][CH2-Pc    ] FB
[T+401055618us][CH1-Dispenser] EE
[T+401055759us][CH2-Pc    ] EE
[T+401067638us][CH2-Pc    ] F0
[T+401097638us][CH1-Dispenser] F0 BA B0 B3 B2 B0 B1 B0 B0 B0 B0 B1 B1 B1 B1 B1 C1 C1 8D 8A
[T+401169638us][CH2-Pc    ] 03
[T+401179614us][CH1-Dispenser] 03 63
[T+401247614us][CH2-Pc    ] 04
[T+401257174us][CH1-Dispenser] 04 64
[T+401325748us][CH1-Dispenser] 05
[T+401325614us][CH2-Pc    ] 05
[T+401489614us][CH1-Dispenser] 06
[T+401489749us][CH2-Pc    ] 06
[T+401664614us][CH2-Pc    ] 01
[T+401670652us][CH1-Dispenser] 01 61
[T+401742639us][CH2-Pc    ] 02
[T+401752614us][CH1-Dispenser] 02 72
[T+401769614us][CH2-Pc    ] 22
[T+401775705us][CH1-Dispenser] 22 D2
[T+401791614us][CH1-Dispenser] FF
[T+401791747us][CH2-Pc    ] FF
[T+401803736us][CH1-Dispenser] E9
[T+401803614us][CH2-Pc    ] E9
[T+401816748us][CH1-Dispenser] FE
[T+401816615us][CH2-Pc    ] FE
[T+401829750us][CH1-Dispenser] E0
[T+401829617us][CH2-Pc    ] E0
[T+401843000us][CH1-Dispenser] E1
[T+401842859us][CH2-Pc    ] E1
[T+401854760us][CH1-Dispenser] E0
[T+401854621us][CH2-Pc    ] E0
[T+401867760us][CH1-Dispenser] FB
[T+401867621us][CH2-Pc    ] FB
[T+401880618us][CH1-Dispenser] EE
[T+401880754us][CH2-Pc    ] EE
[T+401892643us][CH2-Pc    ] F0
[T+401923614us][CH1-Dispenser] F0 BA B0 B3 B2 B0 B1 B0 B0 B0 B0 B1 B1 B1 B1 B1 C1 C1 8D 8A
[T+401995639us][CH2-Pc    ] 03
[T+402000614us][CH1-Dispenser] 03 63
[T+402073614us][CH2-Pc    ] 04
[T+402081614us][CH1-Dispenser] 04 64
[T+402151614us][CH1-Dispenser] 05
[T+402151748us][CH2-Pc    ] 05
[T+402326749us][CH1-Dispenser] 06
[T+402326615us][CH2-Pc    ] 06
[T+402490614us][CH2-Pc    ] 01
[T+402499639us][CH1-Dispenser] 01 61
[T+402568639us][CH2-Pc    ] 02
[T+402575614us][CH1-Dispenser] 02 72
[T+402596614us][CH1-Dispenser] 22
[T+402596742us][CH2-Pc    ] 22
[T+402617617us][CH1-Dispenser] D2 FF
[T+402617749us][CH2-Pc    ] FF
[T+402630749us][CH1-Dispenser] E9
[T+402630617us][CH2-Pc    ] E9
[T+402643351us][CH1-Dispenser] FE
[T+402642614us][CH2-Pc    ] FE
[T+402655616us][CH1-Dispenser] E0
[T+402655753us][CH2-Pc    ] E0
[T+402668751us][CH1-Dispenser] E1
[T+402668618us][CH2-Pc    ] E1
[T+402680750us][CH1-Dispenser] E0
[T+402680617us][CH2-Pc    ] E0
[T+402693746us][CH1-Dispenser] FB
[T+402693614us][CH2-Pc    ] FB
[T+402706614us][CH1-Dispenser] EE
[T+402706747us][CH2-Pc    ] EE
[T+402719614us][CH2-Pc    ] F0
[T+402748614us][CH1-Dispenser] F0 BA B0 B3 B2 B0 B1 B0 B0 B0 B0 B1 B1 B1 B1 B1 C1 C1 8D 8A
[T+402820639us][CH2-Pc    ] 03
[T+402827614us][CH1-Dispenser] 03 63
[T+402898614us][CH2-Pc    ] 04
[T+402906245us][CH1-Dispenser] 04 64
[T+402976615us][CH1-Dispenser] 05
[T+402976750us][CH2-Pc    ] 05
[T+403151750us][CH1-Dispenser] 06
[T+403151614us][CH2-Pc    ] 06
[T+403326614us][CH2-Pc    ] 01
[T+403338614us][CH1-Dispenser] 01 61
[T+403404639us][CH2-Pc    ] 02
[T+403409621us][CH1-Dispenser] 02 72
[T+403432614us][CH2-Pc    ] 22
[T+403441203us][CH1-Dispenser] 22 D2
[T+403453800us][CH1-Dispenser] FF
[T+403453951us][CH2-Pc    ] FF
[T+403466753us][CH1-Dispenser] E9
[T+403466618us][CH2-Pc    ] E9
[T+403478750us][CH1-Dispenser] FE
[T+403478618us][CH2-Pc    ] FE
[T+403491872us][CH1-Dispenser] E0
[T+403491733us][CH2-Pc    ] E0
[T+403504615us][CH1-Dispenser] E1
[T+403504746us][CH2-Pc    ] E1
[T+403516748us][CH1-Dispenser] E0
[T+403516614us][CH2-Pc    ] E0
[T+403529737us][CH1-Dispenser] FB
[T+403529615us][CH2-Pc    ] FB
[T+403542737us][CH1-Dispenser] EE
[T+403542614us][CH2-Pc    ] EE
[T+403556614us][CH2-Pc    ] F0
[T+403587614us][CH1-Dispenser] F0 BA B0 B3 B2 B0 B1 B0 B0 B0 B0 B1 B1 B1 B1 B1 C1 C1 8D 8A
[T+403658614us][CH2-Pc    ] 03
[T+403665647us][CH1-Dispenser] 03 63
[T+403736614us][CH2-Pc    ] 04
[T+403743614us][CH1-Dispenser] 04 64
[T+403814748us][CH1-Dispenser] 05
[T+403814615us][CH2-Pc    ] 05
[T+403989614us][CH1-Dispenser] 06
[T+403989748us][CH2-Pc    ] 06
[T+404164614us][CH2-Pc    ] 01
[T+404170638us][CH1-Dispenser] 01 61
[T+404242638us][CH2-Pc    ] 02
[T+404251652us][CH1-Dispenser] 02 72
[T+404270621us][CH2-Pc    ] 22
[T+404280614us][CH1-Dispenser] 22 D2
[T+404292736us][CH1-Dispenser] FF
[T+404292615us][CH2-Pc    ] FF
[T+404306045us][CH1-Dispenser] E9
[T+404305904us][CH2-Pc    ] E9
[T+404317752us][CH1-Dispenser] FE
[T+404317618us][CH2-Pc    ] FE
[T+404330751us][CH1-Dispenser] E0
[T+404330618us][CH2-Pc    ] E0
[T+404343746us][CH1-Dispenser] E1
[T+404343614us][CH2-Pc    ] E1
[T+404356748us][CH1-Dispenser] E0
[T+404356616us][CH2-Pc    ] E0
[T+404368745us][CH1-Dispenser] FB
[T+404368614us][CH2-Pc    ] FB
[T+404381614us][CH1-Dispenser] EE
[T+404381744us][CH2-Pc    ] EE
[T+404393648us][CH2-Pc    ] F0
[T+404422614us][CH1-Dispenser] F0 BA B0 B3 B2 B0 B1 B0 B0 B0 B0 B1 B1 B1 B1 B1 C1 C1 8D 8A
[T+404495614us][CH2-Pc    ] 03
[T+404501638us][CH1-Dispenser] 03 63
[T+404573638us][CH2-Pc    ] 04
[T+404582652us][CH1-Dispenser] 04 64
[T+404651615us][CH1-Dispenser] 05
[T+404651750us][CH2-Pc    ] 05
[T+404826751us][CH1-Dispenser] 06
[T+404826615us][CH2-Pc    ] 06
[T+404990614us][CH2-Pc    ] 01
[T+404995614us][CH1-Dispenser] 01 61
[T+405068614us][CH2-Pc    ] 02
[T+405074652us][CH1-Dispenser] 02 72
[T+405095638us][CH2-Pc    ] 22
[T+405117750us][CH1-Dispenser] 22 D2 FF
[T+405117617us][CH2-Pc    ] FF
[T+405130748us][CH1-Dispenser] E9
[T+405130615us][CH2-Pc    ] E9
[T+405143141us][CH1-Dispenser] FE
[T+405142989us][CH2-Pc    ] FE
[T+405155757us][CH1-Dispenser] E0
[T+405155618us][CH2-Pc    ] E0
[T+405168749us][CH1-Dispenser] E1
[T+405168618us][CH2-Pc    ] E1
[T+405180752us][CH1-Dispenser] E0
[T+405180618us][CH2-Pc    ] E0
[T+405193748us][CH1-Dispenser] FB
[T+405193616us][CH2-Pc    ] FB
[T+405206756us][CH1-Dispenser] EE
[T+405206619us][CH2-Pc    ] EE
[T+405219614us][CH2-Pc    ] F0
[T+405249638us][CH1-Dispenser] F0 BA B0 B3 B2 B0 B1 B0 B0 B0 B0 B1 B1 B1 B1 B1 C1 C1 8D 8A
[T+405321638us][CH2-Pc    ] 03
[T+405326621us][CH1-Dispenser] 03 63
[T+405399614us][CH2-Pc    ] 04
[T+405406614us][CH1-Dispenser] 04 64
[T+405477614us][CH1-Dispenser] 05
[T+405478614us][CH2-Pc    ] 05
[T+405652614us][CH1-Dispenser] 06
[T+405652750us][CH2-Pc    ] 06
[T+405816614us][CH2-Pc    ] 01
[T+405826614us][CH1-Dispenser] 01 61
[T+405894614us][CH2-Pc    ] 02
[T+405901614us][CH1-Dispenser] 02 72
[T+405922638us][CH2-Pc    ] 22
[T+405930614us][CH1-Dispenser] 22 D2
[T+405943754us][CH1-Dispenser] FF
[T+405943619us][CH2-Pc    ] FF
[T+405956750us][CH1-Dispenser] E9
[T+405956618us][CH2-Pc    ] E9
[T+405968746us][CH1-Dispenser] FE
[T+405968614us][CH2-Pc    ] FE
[T+405981742us][CH1-Dispenser] E0
[T+405981615us][CH2-Pc    ] E0
[T+405994614us][CH1-Dispenser] E1
[T+405994744us][CH2-Pc    ] E1
[T+406009751us][CH1-Dispenser] E0
[T+406009617us][CH2-Pc    ] E0
[T+406021895us][CH1-Dispenser] FB
[T+406021742us][CH2-Pc    ] FB
[T+406034614us][CH1-Dispenser] EE
[T+406034745us][CH2-Pc    ] EE
[T+406047614us][CH2-Pc    ] F0
[T+406078614us][CH1-Dispenser] F0 BA B0 B3 B2 B0 B1 B0 B0 B0 B0 B1 B1 B1 B1 B1 C1 C1 8D 8A
[T+406148614us][CH2-Pc    ] 03
[T+406155614us][CH1-Dispenser] 03 63
[T+406227640us][CH2-Pc    ] 04
[T+406238614us][CH1-Dispenser] 04 64
[T+406305615us][CH1-Dispenser] 05
[T+406305749us][CH2-Pc    ] 05
[T+406479615us][CH1-Dispenser] 06
[T+406479751us][CH2-Pc    ] 06
[T+406654614us][CH2-Pc    ] 01
[T+406661092us][CH1-Dispenser] 01 61
[T+406732638us][CH2-Pc    ] 02
[T+406739614us][CH1-Dispenser] 02 72
[T+406760639us][CH2-Pc    ] 22
[T+406765023us][CH1-Dispenser] 22 D2
[T+406781750us][CH1-Dispenser] FF
[T+406781614us][CH2-Pc    ] FF
[T+406794750us][CH1-Dispenser] E9
[T+406794617us][CH2-Pc    ] E9
[T+406806749us][CH1-Dispenser] FE
[T+406806614us][CH2-Pc    ] FE
[T+406819745us][CH1-Dispenser] E0
[T+406819614us][CH2-Pc    ] E0
[T+406832742us][CH1-Dispenser] E1
[T+406832614us][CH2-Pc    ] E1
[T+406845751us][CH1-Dispenser] E0
[T+406845617us][CH2-Pc    ] E0
[T+406857747us][CH1-Dispenser] FB
[T+406857614us][CH2-Pc    ] FB
[T+406870757us][CH1-Dispenser] EE
[T+406870619us][CH2-Pc    ] EE
[T+406883614us][CH2-Pc    ] F0
[T+406912614us][CH1-Dispenser] F0 BA B0 B3 B2 B0 B1 B0 B0 B0 B0 B1 B1 B1 B1 B1 C1 C1 8D 8A
[T+406984638us][CH2-Pc    ] 03
[T+406991614us][CH1-Dispenser] 03 63
[T+407062614us][CH2-Pc    ] 04
[T+407071643us][CH1-Dispenser] 04 64
[T+407140747us][CH1-Dispenser] 05
[T+407140614us][CH2-Pc    ] 05
[T+407326751us][CH1-Dispenser] 06
[T+407326614us][CH2-Pc    ] 06
[T+407494613us][CH1-Dispenser] 01 61
[T+407490614us][CH2-Pc    ] 01
[T+407557638us][CH2-Pc    ] 02
[T+407566652us][CH1-Dispenser] 02 72
[T+407585614us][CH2-Pc    ] 22
[T+407590613us][CH1-Dispenser] 22 D2
[T+407606748us][CH1-Dispenser] FF
[T+407606614us][CH2-Pc    ] FF
[T+407619758us][CH1-Dispenser] E9
[T+407619618us][CH2-Pc    ] E9
[T+407632831us][CH1-Dispenser] FE
[T+407632694us][CH2-Pc    ] FE
[T+407644976us][CH1-Dispenser] E0
[T+407644839us][CH2-Pc    ] E0
[T+407658031us][CH1-Dispenser] E1
[T+407657619us][CH2-Pc    ] E1
[T+407670748us][CH1-Dispenser] E0
[T+407670616us][CH2-Pc    ] E0
[T+407682751us][CH1-Dispenser] FB
[T+407682614us][CH2-Pc    ] FB
[T+407700614us][CH1-Dispenser] EE
[T+407700749us][CH2-Pc    ] EE
[T+407712639us][CH2-Pc    ] F0
[T+407743614us][CH1-Dispenser] F0 BA B0 B3 B2 B0 B1 B0 B0 B0 B0 B1 B1 B1 B1 B1 C1 C1 8D 8A
[T+407808614us][CH2-Pc    ] 03
[T+407817638us][CH1-Dispenser] 03 63
[T+407886638us][CH2-Pc    ] 04
[T+407892777us][CH1-Dispenser] 04 64
[T+407965748us][CH1-Dispenser] 05
[T+407965614us][CH2-Pc    ] 05
[T+408129666us][CH1-Dispenser] 06
[T+408129805us][CH2-Pc    ] 06
[T+408304614us][CH2-Pc    ] 01
[T+408310637us][CH1-Dispenser] 01 61
[T+408382639us][CH2-Pc    ] 02
[T+408390621us][CH1-Dispenser] 02 72
[T+408409614us][CH2-Pc    ] 22
[T+408417621us][CH1-Dispenser] 22 D2
[T+408430750us][CH1-Dispenser] FF
[T+408430616us][CH2-Pc    ] FF
[T+408443757us][CH1-Dispenser] E9
[T+408443618us][CH2-Pc    ] E9
[T+408456753us][CH1-Dispenser] FE
[T+408456620us][CH2-Pc    ] FE
[T+408469215us][CH1-Dispenser] E0
[T+408469058us][CH2-Pc    ] E0
[T+408481758us][CH1-Dispenser] E1
[T+408481617us][CH2-Pc    ] E1
[T+408494747us][CH1-Dispenser] E0
[T+408494614us][CH2-Pc    ] E0
[T+408508748us][CH1-Dispenser] FB
[T+408508616us][CH2-Pc    ] FB
[T+408521753us][CH1-Dispenser] EE
[T+408521618us][CH2-Pc    ] EE
[T+408534614us][CH2-Pc    ] F0
[T+408562614us][CH1-Dispenser] F0 BA B0 B3 B2 B0 B1 B0 B0 B0 B0 B1 B1 B1 B1 B1 C1 C1 8D 8A
[T+408635614us][CH2-Pc    ] 03
[T+408642631us][CH1-Dispenser] 03 63
[T+408714639us][CH2-Pc    ] 04
[T+408721614us][CH1-Dispenser] 04 64
[T+408792615us][CH1-Dispenser] 05
[T+408792751us][CH2-Pc    ] 05
[T+408967615us][CH1-Dispenser] 06
[T+408967752us][CH2-Pc    ] 06
[T+409131621us][CH2-Pc    ] 01
[T+409143826us][CH1-Dispenser] 01 61
[T+409213614us][CH2-Pc    ] 02
[T+409220614us][CH1-Dispenser] 02 72
[T+409251745us][CH1-Dispenser] 22 D2 FF
[T+409251614us][CH2-Pc    ] 22 FF
[T+409263758us][CH1-Dispenser] E9
[T+409263619us][CH2-Pc    ] E9
[T+409276750us][CH1-Dispenser] FE
[T+409276618us][CH2-Pc    ] FE
[T+409289749us][CH1-Dispenser] E0
[T+409289616us][CH2-Pc    ] E0
[T+409303155us][CH1-Dispenser] E1
[T+409303296us][CH2-Pc    ] E1
[T+409314748us][CH1-Dispenser] E0
[T+409314614us][CH2-Pc    ] E0
[T+409327746us][CH1-Dispenser] FB
[T+409327614us][CH2-Pc    ] FB
[T+409339714us][CH2-Pc    ] EE
[T+409340721us][CH1-Dispenser] EE
[T+409352638us][CH2-Pc    ] F0
[T+409382642us][CH1-Dispenser] F0 BA B0 B3 B2 B0 B1 B0 B0 B0 B0 B1 B1 B1 B1 B1 C1 C1 8D 8A
[T+409454638us][CH2-Pc    ] 03
[T+409463268us][CH1-Dispenser] 03 63
[T+409532614us][CH2-Pc    ] 04
[T+409543614us][CH1-Dispenser] 04 64
[T+409610749us][CH1-Dispenser] 05
[T+409610615us][CH2-Pc    ] 05
[T+409791750us][CH1-Dispenser] 06
[T+409791615us][CH2-Pc    ] 06
[T+409965614us][CH2-Pc    ] 01
[T+409970725us][CH1-Dispenser] 01 61
[T+410033638us][CH2-Pc    ] 02
[T+410042614us][CH1-Dispenser] 02 72
[T+410060638us][CH2-Pc    ] 22
[T+410065614us][CH1-Dispenser] 22 D2
[T+410082615us][CH1-Dispenser] FF
[T+410082749us][CH2-Pc    ] FF
[T+410095748us][CH1-Dispenser] E9
[T+410095616us][CH2-Pc    ] E9
[T+410108614us][CH1-Dispenser] FE
[T+410107615us][CH2-Pc    ] FE
[T+410120753us][CH1-Dispenser] E0
[T+410120620us][CH2-Pc    ] E0
[T+410133614us][CH1-Dispenser] E1
[T+410133742us][CH2-Pc    ] E1
[T+410145750us][CH1-Dispenser] E0
[T+410145618us][CH2-Pc    ] E0
[T+410158730us][CH1-Dispenser] FB
[T+410158614us][CH2-Pc    ] FB
[T+410172130us][CH1-Dispenser] EE
[T+410171615us][CH2-Pc    ] EE
[T+410184615us][CH2-Pc    ] F0
[T+410213614us][CH1-Dispenser] F0 BA B0 B3 B2 B0 B1 B0 B0 B0 B0 B1 B1 B1 B1 B1 C1 C1 8D 8A
[T+410292614us][CH2-Pc    ] 03
[T+410296614us][CH1-Dispenser] 03 63
[T+410359638us][CH2-Pc    ] 04
[T+410366705us][CH1-Dispenser] 04 64
[T+410437614us][CH1-Dispenser] 05
[T+410437748us][CH2-Pc    ] 05
[T+410623614us][CH1-Dispenser] 06
[T+410623749us][CH2-Pc    ] 06
[T+410787614us][CH2-Pc    ] 01
[T+410796253us][CH1-Dispenser] 01 61
[T+410865614us][CH2-Pc    ] 02
[T+410871638us][CH1-Dispenser] 02 72
[T+410892648us][CH2-Pc    ] 22
[T+410902614us][CH1-Dispenser] 22 D2
[T+410914739us][CH1-Dispenser] FF
[T+410914614us][CH2-Pc    ] FF
[T+410926740us][CH1-Dispenser] E9
[T+410926614us][CH2-Pc    ] E9
[T+410939672us][CH1-Dispenser] FE
[T+410939614us][CH2-Pc    ] FE
[T+410952754us][CH1-Dispenser] E0
[T+410952617us][CH2-Pc    ] E0
[T+410965618us][CH1-Dispenser] E1
[T+410965752us][CH2-Pc    ] E1
[T+410978749us][CH1-Dispenser] E0
[T+410978616us][CH2-Pc    ] E0
[T+410990748us][CH1-Dispenser] FB
[T+410990616us][CH2-Pc    ] FB
[T+411003614us][CH1-Dispenser] EE
[T+411003747us][CH2-Pc    ] EE
[T+411015638us][CH2-Pc    ] F0
[T+411042639us][CH1-Dispenser] F0 BA B0 B3 B2 B0 B1 B0 B0 B0 B0 B1 B1 B1 B1 B1 C1 C1 8D 8A
[T+411107614us][CH2-Pc    ] 03
[T+411116771us][CH1-Dispenser] 03 63
[T+411185638us][CH2-Pc    ] 04
[T+411191637us][CH1-Dispenser] 04 64
[T+411263750us][CH1-Dispenser] 05
[T+411263614us][CH2-Pc    ] 05
[T+411428613us][CH1-Dispenser] 06
[T+411427614us][CH2-Pc    ] 06
[T+411602639us][CH2-Pc    ] 01
[T+411610623us][CH1-Dispenser] 01 61
[T+411680614us][CH2-Pc    ] 02
[T+411685614us][CH1-Dispenser] 02 72
[T+411708614us][CH2-Pc    ] 22
[T+411716614us][CH1-Dispenser] 22 D2
[T+411729749us][CH1-Dispenser] FF
[T+411729616us][CH2-Pc    ] FF
[T+411742738us][CH1-Dispenser] E9
[T+411742614us][CH2-Pc    ] E9
[T+411754757us][CH1-Dispenser] FE
[T+411754620us][CH2-Pc    ] FE
[T+411767748us][CH1-Dispenser] E0
[T+411767614us][CH2-Pc    ] E0
[T+411780748us][CH1-Dispenser] E1
[T+411780614us][CH2-Pc    ] E1
[T+411793758us][CH1-Dispenser] E0
[T+411793618us][CH2-Pc    ] E0
[T+411805742us][CH1-Dispenser] FB
[T+411805614us][CH2-Pc    ] FB
[T+411818758us][CH1-Dispenser] EE
[T+411818618us][CH2-Pc    ] EE
[T+411831614us][CH2-Pc    ] F0
[T+411858638us][CH1-Dispenser] F0 BA B0 B3 B2 B0 B1 B0 B0 B0 B0 B1 B1 B1 B1 B1 C1 C1 8D 8A
[T+411922614us][CH2-Pc    ] 03
[T+411932614us][CH1-Dispenser] 03 63
[T+412001639us][CH2-Pc    ] 04
[T+412007214us][CH1-Dispenser] 04 64
[T+412079615us][CH1-Dispenser] 05
[T+412079748us][CH2-Pc    ] 05
[T+412255749us][CH1-Dispenser] 06
[T+412255614us][CH2-Pc    ] 06
[T+412429639us][CH2-Pc    ] 01
[T+412439572us][CH1-Dispenser] 01 61
[T+412508638us][CH2-Pc    ] 02
[T+412518614us][CH1-Dispenser] 02 72
[T+412546748us][CH1-Dispenser] 22 D2 FF
[T+412546616us][CH2-Pc    ] 22 FF
[T+412558754us][CH1-Dispenser] E9
[T+412558619us][CH2-Pc    ] E9
[T+412571748us][CH1-Dispenser] FE
[T+412571616us][CH2-Pc    ] FE
[T+412584748us][CH1-Dispenser] E0
[T+412584616us][CH2-Pc    ] E0
[T+412596745us][CH1-Dispenser] E1
[T+412596614us][CH2-Pc    ] E1
[T+412609747us][CH1-Dispenser] E0
[T+412609614us][CH2-Pc    ] E0
[T+412622747us][CH1-Dispenser] FB
[T+412622614us][CH2-Pc    ] FB
[T+412634742us][CH1-Dispenser] EE
[T+412634614us][CH2-Pc    ] EE
[T+412647614us][CH2-Pc    ] F0
[T+412678614us][CH1-Dispenser] F0 BA B0 B3 B2 B0 B1 B0 B0 B0 B0 B1 B1 B1 B1 B1 C1 C1 8D 8A
[T+412752614us][CH2-Pc    ] 03
[T+412759614us][CH1-Dispenser] 03 63
[T+412830614us][CH2-Pc    ] 04
[T+412839250us][CH1-Dispenser] 04 64
[T+412908749us][CH1-Dispenser] 05
[T+412908614us][CH2-Pc    ] 05
[T+413083750us][CH1-Dispenser] 06
[T+413083614us][CH2-Pc    ] 06
[T+413258614us][CH2-Pc    ] 01
[T+413265614us][CH1-Dispenser] 01 61
[T+413336614us][CH2-Pc    ] 02
[T+413339641us][CH1-Dispenser] 02 72
[T+413352614us][CH2-Pc    ] 22
[T+413361616us][CH1-Dispenser] 22 D2
[T+413374619us][CH1-Dispenser] FF
[T+413374754us][CH2-Pc    ] FF
[T+413387750us][CH1-Dispenser] E9
[T+413387618us][CH2-Pc    ] E9
[T+413399616us][CH1-Dispenser] FE
[T+413399749us][CH2-Pc    ] FE
[T+413412747us][CH1-Dispenser] E0
[T+413412616us][CH2-Pc    ] E0
[T+413424748us][CH1-Dispenser] E1
[T+413424614us][CH2-Pc    ] E1
[T+413437745us][CH1-Dispenser] E0
[T+413437614us][CH2-Pc    ] E0
[T+413450772us][CH1-Dispenser] FB
[T+413450633us][CH2-Pc    ] FB
[T+413463618us][CH1-Dispenser] EE
[T+413463754us][CH2-Pc    ] EE
[T+413475643us][CH2-Pc    ] F0
[T+413503614us][CH1-Dispenser] F0 BA B0 B3 B2 B0 B1 B0 B0 B0 B0 B1 B1 B1 B1 B1 C1 C1 8D 8A
[T+413567614us][CH2-Pc    ] 03
[T+413572614us][CH1-Dispenser] 03 63
[T+413645614us][CH2-Pc    ] 04
[T+413651652us][CH1-Dispenser] 04 64
[T+413723748us][CH1-Dispenser] 05
[T+413723614us][CH2-Pc    ] 05
[T+413898751us][CH1-Dispenser] 06
[T+413898615us][CH2-Pc    ] 06
[T+414073614us][CH2-Pc    ] 01
[T+414080614us][CH1-Dispenser] 01 61
[T+414151614us][CH2-Pc    ] 02
[T+414161614us][CH1-Dispenser] 02 72
[T+414178614us][CH2-Pc    ] 22
[T+414184638us][CH1-Dispenser] 22 D2
[T+414200749us][CH1-Dispenser] FF
[T+414200616us][CH2-Pc    ] FF
[T+414212752us][CH1-Dispenser] E9
[T+414212617us][CH2-Pc    ] E9
[T+414225750us][CH1-Dispenser] FE
[T+414225618us][CH2-Pc    ] FE
[T+414238758us][CH1-Dispenser] E0
[T+414238617us][CH2-Pc    ] E0
[T+414253614us][CH1-Dispenser] E1
[T+414252614us][CH2-Pc    ] E1
[T+414265913us][CH1-Dispenser] E0
[T+414265617us][CH2-Pc    ] E0
[T+414278737us][CH1-Dispenser] FB
[T+414278615us][CH2-Pc    ] FB
[T+414291736us][CH1-Dispenser] EE
[T+414291614us][CH2-Pc    ] EE
[T+414303618us][CH2-Pc    ] F0
[T+414332614us][CH1-Dispenser] F0 BA B0 B3 B2 B0 B1 B0 B0 B0 B0 B1 B1 B1 B1 B1 C1 C1 8D 8A
[T+414405614us][CH2-Pc    ] 03
[T+414413614us][CH1-Dispenser] 03 63
[T+414483614us][CH2-Pc    ] 04
[T+414491614us][CH1-Dispenser] 04 64
[T+414561748us][CH1-Dispenser] 05
[T+414561614us][CH2-Pc    ] 05
[T+414747751us][CH1-Dispenser] 06
[T+414747614us][CH2-Pc    ] 06
[T+414911614us][CH2-Pc    ] 01
[T+414916613us][CH1-Dispenser] 01 61
[T+414989614us][CH2-Pc    ] 02
[T+414997621us][CH1-Dispenser] 02 72
[T+415016614us][CH2-Pc    ] 22
[T+415024737us][CH1-Dispenser] 22 D2
[T+415038614us][CH1-Dispenser] FF
[T+415038748us][CH2-Pc    ] FF
[T+415050748us][CH1-Dispenser] E9
[T+415050614us][CH2-Pc    ] E9
[T+415063739us][CH1-Dispenser] FE
[T+415063615us][CH2-Pc    ] FE
[T+415076740us][CH1-Dispenser] E0
[T+415076614us][CH2-Pc    ] E0
[T+415088614us][CH1-Dispenser] E1
[T+415088674us][CH2-Pc    ] E1
[T+415101666us][CH1-Dispenser] E0
[T+415101614us][CH2-Pc    ] E0
[T+415114650us][CH1-Dispenser] FB
[T+415114614us][CH2-Pc    ] FB
[T+415126669us][CH1-Dispenser] EE
[T+415126615us][CH2-Pc    ] EE
[T+415139715us][CH2-Pc    ] F0
[T+415168614us][CH1-Dispenser] F0 BA B0 B3 B2 B0 B1 B0 B0 B0 B0 B1 B1 B1 B1 B1 C1 C1 8D 8A
[T+415253614us][CH2-Pc    ] 03
[T+415262638us][CH1-Dispenser] 03 63
[T+415332614us][CH2-Pc    ] 04
[T+415337621us][CH1-Dispenser] 04 64
[T+415410752us][CH1-Dispenser] 05
[T+415410615us][CH2-Pc    ] 05
[T+415585748us][CH1-Dispenser] 06
[T+415585614us][CH2-Pc    ] 06
[T+415763614us][CH2-Pc    ] 01
[T+415772644us][CH1-Dispenser] 01 61
[T+415841639us][CH2-Pc    ] 02
[T+415851614us][CH1-Dispenser] 02 72
[T+415869639us][CH2-Pc    ] 22
[T+415875638us][CH1-Dispenser] 22 D2
[T+415890749us][CH1-Dispenser] FF
[T+415890614us][CH2-Pc    ] FF
[T+415903749us][CH1-Dispenser] E9
[T+415903617us][CH2-Pc    ] E9
[T+415916759us][CH1-Dispenser] FE
[T+415916621us][CH2-Pc    ] FE
[T+415928747us][CH1-Dispenser] E0
[T+415928615us][CH2-Pc    ] E0
[T+415941619us][CH1-Dispenser] E1
[T+415941757us][CH2-Pc    ] E1
[T+415954751us][CH1-Dispenser] E0
[T+415954617us][CH2-Pc    ] E0
[T+415966747us][CH1-Dispenser] FB
[T+415966616us][CH2-Pc    ] FB
[T+415979742us][CH1-Dispenser] EE
[T+415979614us][CH2-Pc    ] EE
[T+415992614us][CH2-Pc    ] F0
[T+416022639us][CH1-Dispenser] F0 BA B0 B3 B2 B0 B1 B0 B0 B0 B0 B1 B1 B1 B1 B1 C1 C1 8D 8A
[T+416095615us][CH2-Pc    ] 03
[T+416103621us][CH1-Dispenser] 03 63
[T+416172638us][CH2-Pc    ] 04
[T+416181650us][CH1-Dispenser] 04 64
[T+416251614us][CH1-Dispenser] 05
[T+416251748us][CH2-Pc    ] 05
[T+416425754us][CH1-Dispenser] 06
[T+416425617us][CH2-Pc    ] 06
[T+416600614us][CH2-Pc    ] 01
[T+416610614us][CH1-Dispenser] 01 61
[T+416678614us][CH2-Pc    ] 02
[T+416685614us][CH1-Dispenser] 02 72
[T+416706638us][CH2-Pc    ] 22
[T+416711613us][CH1-Dispenser] 22 D2
[T+416727614us][CH1-Dispenser] FF
[T+416727748us][CH2-Pc    ] FF
[T+416740746us][CH1-Dispenser] E9
[T+416740616us][CH2-Pc    ] E9
[T+416752748us][CH1-Dispenser] FE
[T+416752614us][CH2-Pc    ] FE
[T+416765745us][CH1-Dispenser] E0
[T+416765614us][CH2-Pc    ] E0
[T+416778621us][CH1-Dispenser] E1
[T+416778759us][CH2-Pc    ] E1
[T+416791615us][CH1-Dispenser] E0
[T+416790616us][CH2-Pc    ] E0
[T+416804616us][CH1-Dispenser] FB
[T+416804753us][CH2-Pc    ] FB
[T+416816753us][CH1-Dispenser] EE
[T+416816619us][CH2-Pc    ] EE
[T+416829614us][CH2-Pc    ] F0
[T+416858614us][CH1-Dispenser] F0 BA B0 B3 B2 B0 B1 B0 B0 B0 B0 B1 B1 B1 B1 B1 C1 C1 8D 8A
[T+416930638us][CH2-Pc    ] 03
[T+416938614us][CH1-Dispenser] 03 63
[T+417008614us][CH2-Pc    ] 04
[T+417017638us][CH1-Dispenser] 04 64
[T+417086614us][CH1-Dispenser] 05
[T+417087613us][CH2-Pc    ] 05
[T+417261751us][CH1-Dispenser] 06
[T+417261615us][CH2-Pc    ] 06
[T+417425614us][CH2-Pc    ] 01
[T+417430248us][CH1-Dispenser] 01 61
[T+417493614us][CH2-Pc    ] 02
[T+417500614us][CH1-Dispenser] 02 72
[T+417520614us][CH2-Pc    ] 22
[T+417525613us][CH1-Dispenser] 22 D2
[T+417542614us][CH1-Dispenser] FF
[T+417542745us][CH2-Pc    ] FF
[T+417555761us][CH1-Dispenser] E9
[T+417555621us][CH2-Pc    ] E9
[T+417567750us][CH1-Dispenser] FE
[T+417567618us][CH2-Pc    ] FE
[T+417580761us][CH1-Dispenser] E0
[T+417580621us][CH2-Pc    ] E0
[T+417592614us][CH1-Dispenser] E1
[T+417592732us][CH2-Pc    ] E1
[T+417614745us][CH1-Dispenser] E0
[T+417614615us][CH2-Pc    ] E0
[T+417629748us][CH1-Dispenser] FB
[T+417629614us][CH2-Pc    ] FB
[T+417641749us][CH1-Dispenser] EE
[T+417641614us][CH2-Pc    ] EE
[T+417654614us][CH2-Pc    ] F0
[T+417683614us][CH1-Dispenser] F0 BA B0 B3 B2 B0 B1 B0 B0 B0 B0 B1 B1 B1 B1 B1 C1 C1 8D 8A
[T+417756614us][CH2-Pc    ] 03
[T+417761613us][CH1-Dispenser] 03 63
[T+417834614us][CH2-Pc    ] 04
[T+417843213us][CH1-Dispenser] 04 64
[T+417913751us][CH1-Dispenser] 05
[T+417913616us][CH2-Pc    ] 05
[T+418087614us][CH1-Dispenser] 06
[T+418087750us][CH2-Pc    ] 06
[T+418262614us][CH2-Pc    ] 01
[T+418271614us][CH1-Dispenser] 01 61
[T+418340638us][CH2-Pc    ] 02
[T+418346249us][CH1-Dispenser] 02 72
[T+418368618us][CH2-Pc    ] 22
[T+418376614us][CH1-Dispenser] 22 D2
[T+418389614us][CH1-Dispenser] FF
[T+418389745us][CH2-Pc    ] FF
[T+418402749us][CH1-Dispenser] E9
[T+418402617us][CH2-Pc    ] E9
[T+418415752us][CH1-Dispenser] FE
[T+418415617us][CH2-Pc    ] FE
[T+418428063us][CH1-Dispenser] E0
[T+418427911us][CH2-Pc    ] E0
[T+418440617us][CH1-Dispenser] E1
[T+418440758us][CH2-Pc    ] E1
[T+418453810us][CH1-Dispenser] E0
[T+418453662us][CH2-Pc    ] E0
[T+418465752us][CH1-Dispenser] FB
[T+418465618us][CH2-Pc    ] FB
[T+418479019us][CH1-Dispenser] EE
[T+418479169us][CH2-Pc    ] EE
[T+418491614us][CH2-Pc    ] F0
[T+418518638us][CH1-Dispenser] F0 BA B0 B3 B2 B0 B1 B0 B0 B0 B0 B1 B1 B1 B1 B1 C1 C1 8D 8A
[T+418583614us][CH2-Pc    ] 03
[T+418593191us][CH1-Dispenser] 03 63
[T+418661640us][CH2-Pc    ] 04
[T+418667652us][CH1-Dispenser] 04 64
[T+418739614us][CH1-Dispenser] 05
[T+418739749us][CH2-Pc    ] 05
[T+418914614us][CH1-Dispenser] 06
[T+418914749us][CH2-Pc    ] 06
[T+419089614us][CH2-Pc    ] 01
[T+419097265us][CH1-Dispenser] 01 61
[T+419166614us][CH2-Pc    ] 02
[T+419176614us][CH1-Dispenser] 02 72
[T+419194640us][CH2-Pc    ] 22
[T+419203616us][CH1-Dispenser] 22 D2
[T+419215614us][CH1-Dispenser] FF
[T+419215742us][CH2-Pc    ] FF
[T+419228761us][CH1-Dispenser] E9
[T+419228621us][CH2-Pc    ] E9
[T+419241748us][CH1-Dispenser] FE
[T+419241616us][CH2-Pc    ] FE
[T+419253756us][CH1-Dispenser] E0
[T+419253618us][CH2-Pc    ] E0
[T+419266616us][CH1-Dispenser] E1
[T+419266746us][CH2-Pc    ] E1
[T+419279742us][CH1-Dispenser] E0
[T+419279614us][CH2-Pc    ] E0
[T+419292753us][CH1-Dispenser] FB
[T+419292617us][CH2-Pc    ] FB
[T+419308618us][CH1-Dispenser] EE
[T+419308751us][CH2-Pc    ] EE
[T+419321614us][CH2-Pc    ] F0
[T+419348638us][CH1-Dispenser] F0 BA B0 B3 B2 B0 B1 B0 B0 B0 B0 B1 B1 B1 B1 B1 C1 C1 8D 8A
[T+419413614us][CH2-Pc    ] 03
[T+419422652us][CH1-Dispenser] 03 63
[T+419491638us][CH2-Pc    ] 04
[T+419496616us][CH1-Dispenser] 04 64
[T+419569615us][CH1-Dispenser] 05
[T+419569748us][CH2-Pc    ] 05
[T+419744750us][CH1-Dispenser] 06
[T+419744614us][CH2-Pc    ] 06
[T+419918638us][CH2-Pc    ] 01
[T+419927614us][CH1-Dispenser] 01 61
[T+419997614us][CH2-Pc    ] 02
[T+420006638us][CH1-Dispenser] 02 72
[T+420024638us][CH2-Pc    ] 22
[T+420030652us][CH1-Dispenser] 22 D2
[T+420045614us][CH1-Dispenser] FF
[T+420046614us][CH2-Pc    ] FF
[T+420058748us][CH1-Dispenser] E9
[T+420058614us][CH2-Pc    ] E9
[T+420071748us][CH1-Dispenser] FE
[T+420071614us][CH2-Pc    ] FE
[T+420083614us][CH1-Dispenser] E0
[T+420083750us][CH2-Pc    ] E0
[T+420096792us][CH1-Dispenser] E1
[T+420096931us][CH2-Pc    ] E1
[T+420109877us][CH1-Dispenser] E0
[T+420109621us][CH2-Pc    ] E0
[T+420121745us][CH1-Dispenser] FB
[T+420121614us][CH2-Pc    ] FB
[T+420135756us][CH1-Dispenser] EE
[T+420135618us][CH2-Pc    ] EE
[T+420147638us][CH2-Pc    ] F0
[T+420179614us][CH1-Dispenser] F0 BA B0 B3 B2 B0 B1 B0 B0 B0 B0 B1 B1 B1 B1 B1 C1 C1 8D 8A
[T+420250614us][CH2-Pc    ] 03
[T+420260614us][CH1-Dispenser] 03 63
[T+420336614us][CH2-Pc    ] 04
[T+420342253us][CH1-Dispenser] 04 64
[T+420415752us][CH1-Dispenser] 05
[T+420415617us][CH2-Pc    ] 05
[T+420589615us][CH1-Dispenser] 06
[T+420589749us][CH2-Pc    ] 06
[T+420753614us][CH2-Pc    ] 01
[T+420761614us][CH1-Dispenser] 01 61
[T+420831614us][CH2-Pc    ] 02
[T+420840652us][CH1-Dispenser] 02 72
[T+420859614us][CH2-Pc    ] 22
[T+420867204us][CH1-Dispenser] 22 D2
[T+420880750us][CH1-Dispenser] FF
[T+420880614us][CH2-Pc    ] FF
[T+420893757us][CH1-Dispenser] E9
[T+420893618us][CH2-Pc    ] E9
[T+420906752us][CH1-Dispenser] FE
[T+420906618us][CH2-Pc    ] FE
[T+420918750us][CH1-Dispenser] E0
[T+420918618us][CH2-Pc    ] E0
[T+420931757us][CH1-Dispenser] E1
[T+420931621us][CH2-Pc    ] E1
[T+420944745us][CH1-Dispenser] E0
[T+420944614us][CH2-Pc    ] E0
[T+420956748us][CH1-Dispenser] FB
[T+420956614us][CH2-Pc    ] FB
[T+420969748us][CH1-Dispenser] EE
[T+420969614us][CH2-Pc    ] EE
[T+420982614us][CH2-Pc    ] F0
[T+421013614us][CH1-Dispenser] F0 BA B0 B3 B2 B0 B1 B0 B0 B0 B0 B1 B1 B1 B1 B1 C1 C1 8D 8A
[T+421085615us][CH2-Pc    ] 03
[T+421093615us][CH1-Dispenser] 03 63
[T+421163614us][CH2-Pc    ] 04
[T+421169265us][CH1-Dispenser] 04 64
[T+421241614us][CH1-Dispenser] 05
[T+421241750us][CH2-Pc    ] 05
[T+421415614us][CH1-Dispenser] 06
[T+421416613us][CH2-Pc    ] 06
[T+421590614us][CH2-Pc    ] 01
[T+421597614us][CH1-Dispenser] 01 61
[T+421668614us][CH2-Pc    ] 02
[T+421675614us][CH1-Dispenser] 02 72
[T+421707747us][CH1-Dispenser] 22 D2 FF
[T+421707614us][CH2-Pc    ] 22 FF
[T+421719751us][CH1-Dispenser] E9
[T+421719617us][CH2-Pc    ] E9
[T+421732752us][CH1-Dispenser] FE
[T+421732618us][CH2-Pc    ] FE
[T+421745748us][CH1-Dispenser] E0
[T+421745616us][CH2-Pc    ] E0
[T+421757747us][CH1-Dispenser] E1
[T+421757614us][CH2-Pc    ] E1
[T+421770745us][CH1-Dispenser] E0
[T+421770614us][CH2-Pc    ] E0
[T+421783747us][CH1-Dispenser] FB
[T+421783614us][CH2-Pc    ] FB
[T+421804614us][CH1-Dispenser] EE
[T+421804748us][CH2-Pc    ] EE
[T+421817614us][CH2-Pc    ] F0
[T+421848614us][CH1-Dispenser] F0 BA B0 B3 B2 B0 B1 B0 B0 B0 B0 B1 B1 B1 B1 B1 C1 C1 8D 8A
[T+421919614us][CH2-Pc    ] 03
[T+421928232us][CH1-Dispenser] 03 63
[T+421996639us][CH2-Pc    ] 04
[T+422003614us][CH1-Dispenser] 04 64
[T+422075615us][CH1-Dispenser] 05
[T+422075748us][CH2-Pc    ] 05
[T+422241750us][CH1-Dispenser] 06
[T+422241615us][CH2-Pc    ] 06
[T+422417614us][CH2-Pc    ] 01
[T+422426652us][CH1-Dispenser] 01 61
[T+422495614us][CH2-Pc    ] 02
[T+422503250us][CH1-Dispenser] 02 72
[T+422522614us][CH2-Pc    ] 22
[T+422531652us][CH1-Dispenser] 22 D2
[T+422551614us][CH1-Dispenser] FF
[T+422551748us][CH2-Pc    ] FF
[T+422563753us][CH1-Dispenser] E9
[T+422563620us][CH2-Pc    ] E9
[T+422576742us][CH1-Dispenser] FE
[T+422576614us][CH2-Pc    ] FE
[T+422588742us][CH1-Dispenser] E0
[T+422588614us][CH2-Pc    ] E0
[T+422601755us][CH1-Dispenser] E1
[T+422601618us][CH2-Pc    ] E1
[T+422614756us][CH1-Dispenser] E0
[T+422614618us][CH2-Pc    ] E0
[T+422627615us][CH1-Dispenser] FB
[T+422626618us][CH2-Pc    ] FB
[T+422640618us][CH1-Dispenser] EE
[T+422640752us][CH2-Pc    ] EE
[T+422652638us][CH2-Pc    ] F0
[T+422684614us][CH1-Dispenser] F0 BA B0 B3 B2 B0 B1 B0 B0 B0 B0 B1 B1 B1 B1 B1 C1 C1 8D 8A
[T+422754614us][CH2-Pc    ] 03
[T+422763639us][CH1-Dispenser] 03 63
[T+422832638us][CH2-Pc    ] 04
[T+422837621us][CH1-Dispenser] 04 64
[T+422900751us][CH1-Dispenser] 05
[T+422900614us][CH2-Pc    ] 05
[T+423075615us][CH1-Dispenser] 06
[T+423075751us][CH2-Pc    ] 06
[T+423239614us][CH2-Pc    ] 01
[T+423246614us][CH1-Dispenser] 01 61
[T+423317614us][CH2-Pc    ] 02
[T+423326250us][CH1-Dispenser] 02 72
[T+423344614us][CH2-Pc    ] 22
[T+423350637us][CH1-Dispenser] 22 D2
[T+423366614us][CH1-Dispenser] FF
[T+423366748us][CH2-Pc    ] FF
[T+423379173us][CH1-Dispenser] E9
[T+423379326us][CH2-Pc    ] E9
[T+423391758us][CH1-Dispenser] FE
[T+423391620us][CH2-Pc    ] FE
[T+423404753us][CH1-Dispenser] E0
[T+423404620us][CH2-Pc    ] E0
[T+423417751us][CH1-Dispenser] E1
[T+423417618us][CH2-Pc    ] E1
[T+423430262us][CH1-Dispenser] E0
[T+423429614us][CH2-Pc    ] E0
[T+423442747us][CH1-Dispenser] FB
[T+423442614us][CH2-Pc    ] FB
[T+423454614us][CH1-Dispenser] EE
[T+423455613us][CH2-Pc    ] EE
[T+423467614us][CH2-Pc    ] F0
[T+423498614us][CH1-Dispenser] F0 BA B0 B3 B2 B0 B1 B0 B0 B0 B0 B1 B1 B1 B1 B1 C1 C1 8D 8A
[T+423569614us][CH2-Pc    ] 03
[T+423578211us][CH1-Dispenser] 03 63
[T+423651613us][CH1-Dispenser] 04 64
[T+423647639us][CH2-Pc    ] 04
[T+423714748us][CH1-Dispenser] 05
[T+423714615us][CH2-Pc    ] 05
[T+423887858us][CH1-Dispenser] 06
[T+423887614us][CH2-Pc    ] 06
[T+424052638us][CH2-Pc    ] 01
[T+424060614us][CH1-Dispenser] 01 61
[T+424129638us][CH2-Pc    ] 02
[T+424136614us][CH1-Dispenser] 02 72
[T+424157638us][CH2-Pc    ] 22
[T+424166206us][CH1-Dispenser] 22 D2
[T+424178614us][CH1-Dispenser] FF
[T+424178750us][CH2-Pc    ] FF
[T+424191747us][CH1-Dispenser] E9
[T+424191614us][CH2-Pc    ] E9
[T+424204350us][CH1-Dispenser] FE
[T+424204191us][CH2-Pc    ] FE
[T+424216757us][CH1-Dispenser] E0
[T+424216618us][CH2-Pc    ] E0
[T+424231747us][CH1-Dispenser] E1
[T+424231614us][CH2-Pc    ] E1
[T+424243614us][CH2-Pc    ] E0
[T+424244614us][CH1-Dispenser] E0
[T+424256747us][CH1-Dispenser] FB
[T+424256614us][CH2-Pc    ] FB
[T+424269619us][CH1-Dispenser] EE
[T+424270613us][CH2-Pc    ] EE
[T+424282614us][CH2-Pc    ] F0
[T+424313614us][CH1-Dispenser] F0 BA B0 B3 B2 B0 B1 B0 B0 B0 B0 B1 B1 B1 B1 B1 C1 C1 8D 8A
[T+424384614us][CH2-Pc    ] 03
[T+424392621us][CH1-Dispenser] 03 63
[T+424462614us][CH2-Pc    ] 04
[T+424467614us][CH1-Dispenser] 04 64
[T+424540614us][CH1-Dispenser] 05
[T+424541613us][CH2-Pc    ] 05
[T+424715750us][CH1-Dispenser] 06
[T+424715614us][CH2-Pc    ] 06
[T+424879614us][CH2-Pc    ] 01
[T+424888614us][CH1-Dispenser] 01 61
[T+424957638us][CH2-Pc    ] 02
[T+424967614us][CH1-Dispenser] 02 72
[T+424985614us][CH2-Pc    ] 22
[T+424991209us][CH1-Dispenser] 22 D2
[T+425006615us][CH1-Dispenser] FF
[T+425006752us][CH2-Pc    ] FF
[T+425019748us][CH1-Dispenser] E9
[T+425019616us][CH2-Pc    ] E9
[T+425032745us][CH1-Dispenser] FE
[T+425032614us][CH2-Pc    ] FE
[T+425045745us][CH1-Dispenser] E0
[T+425045614us][CH2-Pc    ] E0
[T+425057614us][CH1-Dispenser] E1
[T+425057749us][CH2-Pc    ] E1
[T+425070753us][CH1-Dispenser] E0
[T+425070616us][CH2-Pc    ] E0
[T+425083011us][CH1-Dispenser] FB
[T+425082864us][CH2-Pc    ] FB
[T+425097754us][CH1-Dispenser] EE
[T+425097617us][CH2-Pc    ] EE
[T+425109614us][CH2-Pc    ] F0
[T+425138614us][CH1-Dispenser] F0 BA B0 B3 B2 B0 B1 B0 B0 B0 B0 B1 B1 B1 B1 B1 C1 C1 8D 8A
[T+425211614us][CH2-Pc    ] 03
[T+425217652us][CH1-Dispenser] 03 63
[T+425290614us][CH2-Pc    ] 04
[T+425299253us][CH1-Dispenser] 04 64
[T+425368613us][CH1-Dispenser] 05
[T+425367697us][CH2-Pc    ] 05
[T+425543748us][CH1-Dispenser] 06
[T+425543615us][CH2-Pc    ] 06
[T+425706614us][CH2-Pc    ] 01
[T+425713614us][CH1-Dispenser] 01 61
[T+425785638us][CH2-Pc    ] 02
[T+425790613us][CH1-Dispenser] 02 72
[T+425812614us][CH2-Pc    ] 22
[T+425833748us][CH1-Dispenser] 22 D2 FF
[T+425833614us][CH2-Pc    ] FF
[T+425846745us][CH1-Dispenser] E9
[T+425846615us][CH2-Pc    ] E9
[T+425859745us][CH1-Dispenser] FE
[T+425859614us][CH2-Pc    ] FE
[T+425872472us][CH1-Dispenser] E0
[T+425871614us][CH2-Pc    ] E0
[T+425884747us][CH1-Dispenser] E1
[T+425884614us][CH2-Pc    ] E1
[T+425897751us][CH1-Dispenser] E0
[T+425897616us][CH2-Pc    ] E0
[T+425910113us][CH1-Dispenser] FB
[T+425909961us][CH2-Pc    ] FB
[T+425922618us][CH1-Dispenser] EE
[T+425922761us][CH2-Pc    ] EE
[T+425936614us][CH2-Pc    ] F0
[T+425963638us][CH1-Dispenser] F0 BA B0 B3 B2 B0 B1 B0 B0 B0 B0 B1 B1 B1 B1 B1 C1 C1 8D 8A
[T+426038638us][CH2-Pc    ] 03
[T+426042614us][CH1-Dispenser] 03 63
[T+426105638us][CH2-Pc    ] 04
[T+426113614us][CH1-Dispenser] 04 64
[T+426183747us][CH1-Dispenser] 05
[T+426183614us][CH2-Pc    ] 05
[T+426347614us][CH1-Dispenser] 06
[T+426347748us][CH2-Pc    ] 06
[T+426522614us][CH2-Pc    ] 01
[T+426532212us][CH1-Dispenser] 01 61
[T+426600638us][CH2-Pc    ] 02
[T+426609195us][CH1-Dispenser] 02 72
[T+426628614us][CH2-Pc    ] 22
[T+426635614us][CH1-Dispenser] 22 D2
[T+426649749us][CH1-Dispenser] FF
[T+426649614us][CH2-Pc    ] FF
[T+426661912us][CH1-Dispenser] E9
[T+426661614us][CH2-Pc    ] E9
[T+426674747us][CH1-Dispenser] FE
[T+426674614us][CH2-Pc    ] FE
[T+426687759us][CH1-Dispenser] E0
[T+426687621us][CH2-Pc    ] E0
[T+426699616us][CH1-Dispenser] E1
[T+426700615us][CH2-Pc    ] E1
[T+426713758us][CH1-Dispenser] E0
[T+426713617us][CH2-Pc    ] E0
[T+426725751us][CH1-Dispenser] FB
[T+426725617us][CH2-Pc    ] FB
[T+426738748us][CH1-Dispenser] EE
[T+426738616us][CH2-Pc    ] EE
[T+426750639us][CH2-Pc    ] F0
[T+426779621us][CH1-Dispenser] F0 BA B0 B3 B2 B0 B1 B0 B0 B0 B0 B1 B1 B1 B1 B1 C1 C1 8D 8A
[T+426853614us][CH2-Pc    ] 03
[T+426859637us][CH1-Dispenser] 03 63
[T+426931638us][CH2-Pc    ] 04
[T+426940652us][CH1-Dispenser] 04 64
[T+427009615us][CH1-Dispenser] 05
[T+427009748us][CH2-Pc    ] 05
[T+427201614us][CH1-Dispenser] 06
[T+427202613us][CH2-Pc    ] 06
[T+427388614us][CH2-Pc    ] 01
[T+427396614us][CH1-Dispenser] 01 61
[T+427466614us][CH2-Pc    ] 02
[T+427472207us][CH1-Dispenser] 02 72
[T+427494620us][CH2-Pc    ] 22
[T+427500652us][CH1-Dispenser] 22 D2
[T+427515614us][CH1-Dispenser] FF
[T+427515748us][CH2-Pc    ] FF
[T+427528750us][CH1-Dispenser] E9
[T+427528617us][CH2-Pc    ] E9
[T+427540748us][CH1-Dispenser] FE
[T+427540614us][CH2-Pc    ] FE
[T+427553747us][CH1-Dispenser] E0
[T+427553614us][CH2-Pc    ] E0
[T+427567374us][CH1-Dispenser] E1
[T+427567235us][CH2-Pc    ] E1
[T+427578751us][CH1-Dispenser] E0
[T+427578617us][CH2-Pc    ] E0
[T+427591752us][CH1-Dispenser] FB
[T+427591618us][CH2-Pc    ] FB
[T+427611614us][CH1-Dispenser] EE
[T+427611747us][CH2-Pc    ] EE
[T+427623959us][CH2-Pc    ] F0
[T+427653638us][CH1-Dispenser] F0 BA B0 B3 B2 B0 B1 B0 B0 B0 B0 B1 B1 B1 B1 B1 C1 C1 8D 8A
[T+427725638us][CH2-Pc    ] 03
[T+427734245us][CH1-Dispenser] 03 63
[T+427806641us][CH1-Dispenser] 04 64
[T+427803614us][CH2-Pc    ] 04
[T+427871748us][CH1-Dispenser] 05
[T+427871615us][CH2-Pc    ] 05
[T+428035614us][CH1-Dispenser] 06
[T+428035748us][CH2-Pc    ] 06
[T+428209638us][CH2-Pc    ] 01
[T+428215638us][CH1-Dispenser] 01 61
[T+428288614us][CH2-Pc    ] 02
[T+428297639us][CH1-Dispenser] 02 72
[T+428316614us][CH2-Pc    ] 22
[T+428322652us][CH1-Dispenser] 22 D2
[T+428338748us][CH1-Dispenser] FF
[T+428338614us][CH2-Pc    ] FF
[T+428350747us][CH1-Dispenser] E9
[T+428350614us][CH2-Pc    ] E9
[T+428363747us][CH1-Dispenser] FE
[T+428363614us][CH2-Pc    ] FE
[T+428375750us][CH1-Dispenser] E0
[T+428375618us][CH2-Pc    ] E0
[T+428388749us][CH1-Dispenser] E1
[T+428388617us][CH2-Pc    ] E1
[T+428403754us][CH1-Dispenser] E0
[T+428403618us][CH2-Pc    ] E0
[T+428414758us][CH1-Dispenser] FB
[T+428414619us][CH2-Pc    ] FB
[T+428427749us][CH1-Dispenser] EE
[T+428427616us][CH2-Pc    ] EE
[T+428440614us][CH2-Pc    ] F0
[T+428469614us][CH1-Dispenser] F0 BA B0 B3 B2 B0 B1 B0 B0 B0 B0 B1 B1 B1 B1 B1 C1 C1 8D 8A
[T+428541638us][CH2-Pc    ] 03
[T+428547652us][CH1-Dispenser] 03 63
[T+428619640us][CH2-Pc    ] 04
[T+428628644us][CH1-Dispenser] 04 64
[T+428698614us][CH1-Dispenser] 05
[T+428698748us][CH2-Pc    ] 05
[T+428872750us][CH1-Dispenser] 06
[T+428872614us][CH2-Pc    ] 06
[T+429036614us][CH2-Pc    ] 01
[T+429045244us][CH1-Dispenser] 01 61
[T+429115614us][CH2-Pc    ] 02
[T+429122614us][CH1-Dispenser] 02 72
[T+429142614us][CH2-Pc    ] 22
[T+429151640us][CH1-Dispenser] 22 D2
[T+429164619us][CH1-Dispenser] FF
[T+429164754us][CH2-Pc    ] FF
[T+429176752us][CH1-Dispenser] E9
[T+429176618us][CH2-Pc    ] E9
[T+429189751us][CH1-Dispenser] FE
[T+429189618us][CH2-Pc    ] FE
[T+429202746us][CH1-Dispenser] E0
[T+429202616us][CH2-Pc    ] E0
[T+429214750us][CH1-Dispenser] E1
[T+429214614us][CH2-Pc    ] E1
[T+429227749us][CH1-Dispenser] E0
[T+429227614us][CH2-Pc    ] E0
[T+429240614us][CH1-Dispenser] FB
[T+429240162us][CH2-Pc    ] FB
[T+429252905us][CH1-Dispenser] EE
[T+429252765us][CH2-Pc    ] EE
[T+429265614us][CH2-Pc    ] F0
[T+429293660us][CH1-Dispenser] F0 BA B0 B3 B2 B0 B1 B0 B0 B0 B0 B1 B1 B1 B1 B1 C1 C1 8D 8A
[T+429357614us][CH2-Pc    ] 03
[T+429364287us][CH1-Dispenser] 03 63
[T+429435638us][CH2-Pc    ] 04
[T+429445216us][CH1-Dispenser] 04 64
[T+429513614us][CH1-Dispenser] 05
[T+429513748us][CH2-Pc    ] 05
[T+429677746us][CH1-Dispenser] 06
[T+429677615us][CH2-Pc    ] 06
[T+429852614us][CH2-Pc    ] 01
[T+429857621us][CH1-Dispenser] 01 61
[T+429930614us][CH2-Pc    ] 02
[T+429936637us][CH1-Dispenser] 02 72
[T+429957638us][CH2-Pc    ] 22
[T+429967614us][CH1-Dispenser] 22 D2
[T+429979742us][CH1-Dispenser] FF
[T+429979614us][CH2-Pc    ] FF
[T+429992617us][CH1-Dispenser] E9
[T+429992749us][CH2-Pc    ] E9
[T+430004763us][CH1-Dispenser] FE
[T+430004622us][CH2-Pc    ] FE
[T+430017758us][CH1-Dispenser] E0
[T+430017618us][CH2-Pc    ] E0
[T+430029751us][CH1-Dispenser] E1
[T+430029617us][CH2-Pc    ] E1
[T+430043360us][CH1-Dispenser] E0
[T+430043218us][CH2-Pc    ] E0
[T+430055748us][CH1-Dispenser] FB
[T+430055616us][CH2-Pc    ] FB
[T+430068748us][CH1-Dispenser] EE
[T+430068616us][CH2-Pc    ] EE
[T+430081614us][CH2-Pc    ] F0
[T+430109640us][CH1-Dispenser] F0 BA B0 B3 B2 B0 B1 B0 B0 B0 B0 B1 B1 B1 B1 B1 C1 C1 8D 8A
[T+430173614us][CH2-Pc    ] 03
[T+430178613us][CH1-Dispenser] 03 63
[T+430251614us][CH2-Pc    ] 04
[T+430257638us][CH1-Dispenser] 04 64
[T+430329748us][CH1-Dispenser] 05
[T+430329615us][CH2-Pc    ] 05
[T+430504749us][CH1-Dispenser] 06
[T+430504614us][CH2-Pc    ] 06
[T+430679614us][CH2-Pc    ] 01
[T+430686614us][CH1-Dispenser] 01 61
[T+430757614us][CH2-Pc    ] 02
[T+430767614us][CH1-Dispenser] 02 72
[T+430784614us][CH2-Pc    ] 22
[T+430791614us][CH1-Dispenser] 22 D2
[T+430806616us][CH1-Dispenser] FF
[T+430806754us][CH2-Pc    ] FF
[T+430827747us][CH1-Dispenser] E9
[T+430827614us][CH2-Pc    ] E9
[T+430840748us][CH1-Dispenser] FE
[T+430840616us][CH2-Pc    ] FE
[T+430853745us][CH1-Dispenser] E0
[T+430853614us][CH2-Pc    ] E0
[T+430866621us][CH1-Dispenser] E1
[T+430866759us][CH2-Pc    ] E1
[T+430878979us][CH1-Dispenser] E0
[T+430878833us][CH2-Pc    ] E0
[T+430891758us][CH1-Dispenser] FB
[T+430891618us][CH2-Pc    ] FB
[T+430904909us][CH1-Dispenser] EE
[T+430905063us][CH2-Pc    ] EE
[T+430917614us][CH2-Pc    ] F0
[T+430943614us][CH1-Dispenser] F0 BA B0 B3 B2 B0 B1 B0 B0 B0 B0 B1 B1 B1 B1 B1 C1 C1 8D 8A
[T+431008614us][CH2-Pc    ] 03
[T+431012613us][CH1-Dispenser] 03 63
[T+431076638us][CH2-Pc    ] 04
[T+431082652us][CH1-Dispenser] 04 64
[T+431154614us][CH1-Dispenser] 05
[T+431154748us][CH2-Pc    ] 05
[T+431318615us][CH1-Dispenser] 06
[T+431318748us][CH2-Pc    ] 06
[T+431496614us][CH2-Pc    ] 01
[T+431503278us][CH1-Dispenser] 01 61
[T+431575614us][CH2-Pc    ] 02
[T+431584187us][CH1-Dispenser] 02 72
[T+431602614us][CH2-Pc    ] 22
[T+431609614us][CH1-Dispenser] 22 D2
[T+431624616us][CH1-Dispenser] FF
[T+431624748us][CH2-Pc    ] FF
[T+431636747us][CH1-Dispenser] E9
[T+431636614us][CH2-Pc    ] E9
[T+431649749us][CH1-Dispenser] FE
[T+431649614us][CH2-Pc    ] FE
[T+431662757us][CH1-Dispenser] E0
[T+431662618us][CH2-Pc    ] E0
[T+431674742us][CH1-Dispenser] E1
[T+431674614us][CH2-Pc    ] E1
[T+431687742us][CH1-Dispenser] E0
[T+431687614us][CH2-Pc    ] E0
[T+431702752us][CH1-Dispenser] FB
[T+431702618us][CH2-Pc    ] FB
[T+431714747us][CH1-Dispenser] EE
[T+431714614us][CH2-Pc    ] EE
[T+431727614us][CH2-Pc    ] F0
[T+431754638us][CH1-Dispenser] F0 BA B0 B3 B2 B0 B1 B0 B0 B0 B0 B1 B1 B1 B1 B1 C1 C1 8D 8A
[T+431819614us][CH2-Pc    ] 03
[T+431828647us][CH1-Dispenser] 03 63
[T+431897638us][CH2-Pc    ] 04
[T+431904614us][CH1-Dispenser] 04 64
[T+431975748us][CH1-Dispenser] 05
[T+431975614us][CH2-Pc    ] 05
[T+432150746us][CH1-Dispenser] 06
[T+432150614us][CH2-Pc    ] 06
[T+432318639us][CH2-Pc    ] 01
[T+432327252us][CH1-Dispenser] 01 61
[T+432396639us][CH2-Pc    ] 02
[T+432401613us][CH1-Dispenser] 02 72
[T+432423614us][CH2-Pc    ] 22
[T+432432652us][CH1-Dispenser] 22 D2
[T+432445748us][CH1-Dispenser] FF
[T+432445614us][CH2-Pc    ] FF
[T+432457742us][CH1-Dispenser] E9
[T+432457614us][CH2-Pc    ] E9
[T+432470752us][CH1-Dispenser] FE
[T+432470618us][CH2-Pc    ] FE
[T+432483750us][CH1-Dispenser] E0
[T+432483617us][CH2-Pc    ] E0
[T+432495614us][CH1-Dispenser] E1
[T+432495747us][CH2-Pc    ] E1
[T+432508747us][CH1-Dispenser] E0
[T+432508614us][CH2-Pc    ] E0
[T+432521747us][CH1-Dispenser] FB
[T+432521616us][CH2-Pc    ] FB
[T+432533749us][CH1-Dispenser] EE
[T+432533614us][CH2-Pc    ] EE
[T+432546614us][CH2-Pc    ] F0
[T+432574614us][CH1-Dispenser] F0 BA B0 B3 B2 B0 B1 B0 B0 B0 B0 B1 B1 B1 B1 B1 C1 C1 8D 8A
[T+432638614us][CH2-Pc    ] 03
[T+432645614us][CH1-Dispenser] 03 63
[T+432716614us][CH2-Pc    ] 04
[T+432725652us][CH1-Dispenser] 04 64
[T+432794748us][CH1-Dispenser] 05
[T+432794614us][CH2-Pc    ] 05
[T+432958615us][CH1-Dispenser] 06
[T+432958747us][CH2-Pc    ] 06
[T+433133614us][CH2-Pc    ] 01
[T+433142652us][CH1-Dispenser] 01 61
[T+433211638us][CH2-Pc    ] 02
[T+433216614us][CH1-Dispenser] 02 72
[T+433239614us][CH2-Pc    ] 22
[T+433247614us][CH1-Dispenser] 22 D2
[T+433260615us][CH1-Dispenser] FF
[T+433260743us][CH2-Pc    ] FF
[T+433273749us][CH1-Dispenser] E9
[T+433273616us][CH2-Pc    ] E9
[T+433285745us][CH1-Dispenser] FE
[T+433285614us][CH2-Pc    ] FE
[T+433301747us][CH1-Dispenser] E0
[T+433301615us][CH2-Pc    ] E0
[T+433314748us][CH1-Dispenser] E1
[T+433314616us][CH2-Pc    ] E1
[T+433326756us][CH1-Dispenser] E0
[T+433326619us][CH2-Pc    ] E0
[T+433339751us][CH1-Dispenser] FB
[T+433339617us][CH2-Pc    ] FB
[T+433352747us][CH1-Dispenser] EE
[T+433352614us][CH2-Pc    ] EE
[T+433364638us][CH2-Pc    ] F0
[T+433396614us][CH1-Dispenser] F0 BA B0 B3 B2 B0 B1 B0 B0 B0 B0 B1 B1 B1 B1 B1 C1 C1 8D 8A
[T+433466614us][CH2-Pc    ] 03
[T+433473614us][CH1-Dispenser] 03 63
[T+433544614us][CH2-Pc    ] 04
[T+433553250us][CH1-Dispenser] 04 64
[T+433622614us][CH1-Dispenser] 05
[T+433622747us][CH2-Pc    ] 05
[T+433801750us][CH1-Dispenser] 06
[T+433801614us][CH2-Pc    ] 06
[T+433976614us][CH2-Pc    ] 01
[T+433981613us][CH1-Dispenser] 01 61
[T+434054614us][CH2-Pc    ] 02
[T+434061614us][CH1-Dispenser] 02 72
[T+434081614us][CH2-Pc    ] 22
[T+434088614us][CH1-Dispenser] 22 D2
[T+434103838us][CH1-Dispenser] FF
[T+434103993us][CH2-Pc    ] FF
[T+434116378us][CH1-Dispenser] E9
[T+434115615us][CH2-Pc    ] E9
[T+434128749us][CH1-Dispenser] FE
[T+434128616us][CH2-Pc    ] FE
[T+434141756us][CH1-Dispenser] E0
[T+434141618us][CH2-Pc    ] E0
[T+434154749us][CH1-Dispenser] E1
[T+434154616us][CH2-Pc    ] E1
[T+434166750us][CH1-Dispenser] E0
[T+434166618us][CH2-Pc    ] E0
[T+434179744us][CH1-Dispenser] FB
[T+434179614us][CH2-Pc    ] FB
[T+434192614us][CH1-Dispenser] EE
[T+434191614us][CH2-Pc    ] EE
[T+434204614us][CH2-Pc    ] F0
[T+434234638us][CH1-Dispenser] F0 BA B0 B3 B2 B0 B1 B0 B0 B0 B0 B1 B1 B1 B1 B1 C1 C1 8D 8A
[T+434299614us][CH2-Pc    ] 03
[T+434309614us][CH1-Dispenser] 03 63
[T+434377614us][CH2-Pc    ] 04
[T+434383638us][CH1-Dispenser] 04 64
[T+434455748us][CH1-Dispenser] 05
[T+434455615us][CH2-Pc    ] 05
[T+434630749us][CH1-Dispenser] 06
[T+434630614us][CH2-Pc    ] 06
[T+434805614us][CH2-Pc    ] 01
[T+434812614us][CH1-Dispenser] 01 61
[T+434883614us][CH2-Pc    ] 02
[T+434891614us][CH1-Dispenser] 02 72
[T+434910614us][CH2-Pc    ] 22
[T+434917614us][CH1-Dispenser] 22 D2
[T+434932749us][CH1-Dispenser] FF
[T+434932614us][CH2-Pc    ] FF
[T+434944748us][CH1-Dispenser] E9
[T+434944614us][CH2-Pc    ] E9
[T+434957893us][CH1-Dispenser] FE
[T+434957620us][CH2-Pc    ] FE
[T+434970868us][CH1-Dispenser] E0
[T+434970730us][CH2-Pc    ] E0
[T+434983752us][CH1-Dispenser] E1
[T+434983618us][CH2-Pc    ] E1
[T+435001749us][CH1-Dispenser] E0
[T+435001614us][CH2-Pc    ] E0
[T+435014745us][CH1-Dispenser] FB
[T+435014614us][CH2-Pc    ] FB
[T+435026614us][CH1-Dispenser] EE
[T+435027613us][CH2-Pc    ] EE
[T+435042614us][CH2-Pc    ] F0
[T+435070614us][CH1-Dispenser] F0 BA B0 B3 B2 B0 B1 B0 B0 B0 B0 B1 B1 B1 B1 B1 C1 C1 8D 8A
[T+435134747us][CH1-Dispenser] 03
[T+435134614us][CH2-Pc    ] 03
[T+435145614us][CH1-Dispenser] 63
[T+435212614us][CH2-Pc    ] 04
[T+435218246us][CH1-Dispenser] 04 64
[T+435290615us][CH1-Dispenser] 05
[T+435290749us][CH2-Pc    ] 05
[T+435465615us][CH1-Dispenser] 06
[T+435465748us][CH2-Pc    ] 06
[T+435629614us][CH2-Pc    ] 01
[T+435635652us][CH1-Dispenser] 01 61
[T+435707638us][CH2-Pc    ] 02
[T+435718621us][CH1-Dispenser] 02 72
[T+435734614us][CH2-Pc    ] 22
[T+435742810us][CH1-Dispenser] 22 D2
[T+435756754us][CH1-Dispenser] FF
[T+435756616us][CH2-Pc    ] FF
[T+435769747us][CH1-Dispenser] E9
[T+435769614us][CH2-Pc    ] E9
[T+435782003us][CH1-Dispenser] FE
[T+435781854us][CH2-Pc    ] FE
[T+435794759us][CH1-Dispenser] E0
[T+435794618us][CH2-Pc    ] E0
[T+435807754us][CH1-Dispenser] E1
[T+435807620us][CH2-Pc    ] E1
[T+435820750us][CH1-Dispenser] E0
[T+435820618us][CH2-Pc    ] E0
[T+435832747us][CH1-Dispenser] FB
[T+435832614us][CH2-Pc    ] FB
[T+435845616us][CH1-Dispenser] EE
[T+435845748us][CH2-Pc    ] EE
[T+435857638us][CH2-Pc    ] F0
[T+435890614us][CH1-Dispenser] F0 BA B0 B3 B2 B0 B1 B0 B0 B0 B0 B1 B1 B1 B1 B1 C1 C1 8D 8A
[T+435959638us][CH2-Pc    ] 03
[T+435967614us][CH1-Dispenser] 03 63
[T+436037614us][CH2-Pc    ] 04
[T+436043637us][CH1-Dispenser] 04 64
[T+436115615us][CH1-Dispenser] 05
[T+436115749us][CH2-Pc    ] 05
[T+436301614us][CH1-Dispenser] 06
[T+436301748us][CH2-Pc    ] 06
[T+436476614us][CH2-Pc    ] 01
[T+436482245us][CH1-Dispenser] 01 61
[T+436554614us][CH2-Pc    ] 02
[T+436562614us][CH1-Dispenser] 02 72
[T+436581614us][CH2-Pc    ] 22
[T+436587652us][CH1-Dispenser] 22 D2
[T+436603615us][CH1-Dispenser] FF
[T+436603747us][CH2-Pc    ] FF
[T+436615747us][CH1-Dispenser] E9
[T+436615614us][CH2-Pc    ] E9
[T+436628748us][CH1-Dispenser] FE
[T+436628614us][CH2-Pc    ] FE
[T+436641757us][CH1-Dispenser] E0
[T+436641618us][CH2-Pc    ] E0
[T+436653617us][CH1-Dispenser] E1
[T+436653751us][CH2-Pc    ] E1
[T+436666761us][CH1-Dispenser] E0
[T+436666623us][CH2-Pc    ] E0
[T+436679748us][CH1-Dispenser] FB
[T+436679616us][CH2-Pc    ] FB
[T+436691614us][CH1-Dispenser] EE
[T+436692613us][CH2-Pc    ] EE
[T+436704615us][CH2-Pc    ] F0
[T+436735614us][CH1-Dispenser] F0 BA B0 B3 B2 B0 B1 B0 B0 B0 B0 B1 B1 B1 B1 B1 C1 C1 8D 8A
[T+436806614us][CH2-Pc    ] 03
[T+436812652us][CH1-Dispenser] 03 63
[T+436884638us][CH2-Pc    ] 04
[T+436895614us][CH1-Dispenser] 04 64
[T+436962748us][CH1-Dispenser] 05
[T+436962614us][CH2-Pc    ] 05
[T+437137751us][CH1-Dispenser] 06
[T+437137615us][CH2-Pc    ] 06
[T+437301614us][CH2-Pc    ] 01
[T+437306613us][CH1-Dispenser] 01 61
[T+437379614us][CH2-Pc    ] 02
[T+437387614us][CH1-Dispenser] 02 72
[T+437407614us][CH2-Pc    ] 22
[T+437413213us][CH1-Dispenser] 22 D2
[T+437429749us][CH1-Dispenser] FF
[T+437429615us][CH2-Pc    ] FF
[T+437440756us][CH1-Dispenser] E9
[T+437440618us][CH2-Pc    ] E9
[T+437453752us][CH1-Dispenser] FE
[T+437453618us][CH2-Pc    ] FE
[T+437466751us][CH1-Dispenser] E0
[T+437466617us][CH2-Pc    ] E0
[T+437483742us][CH1-Dispenser] E1
[T+437483614us][CH2-Pc    ] E1
[T+437504747us][CH1-Dispenser] E0
[T+437504615us][CH2-Pc    ] E0
[T+437523748us][CH1-Dispenser] FB
[T+437523614us][CH2-Pc    ] FB
[T+437536750us][CH1-Dispenser] EE
[T+437536615us][CH2-Pc    ] EE
[T+437549614us][CH2-Pc    ] F0
[T+437580614us][CH1-Dispenser] F0 BA B0 B3 B2 B0 B1 B0 B0 B0 B0 B1 B1 B1 B1 B1 C1 C1 8D 8A
[T+437652639us][CH2-Pc    ] 03
[T+437657614us][CH1-Dispenser] 03 63
[T+437731614us][CH2-Pc    ] 04
[T+437738614us][CH1-Dispenser] 04 64
[T+437809748us][CH1-Dispenser] 05
[T+437809614us][CH2-Pc    ] 05
[T+437973750us][CH1-Dispenser] 06
[T+437973615us][CH2-Pc    ] 06
[T+438148614us][CH2-Pc    ] 01
[T+438156614us][CH1-Dispenser] 01 61
[T+438226614us][CH2-Pc    ] 02
[T+438232652us][CH1-Dispenser] 02 72
[T+438253639us][CH2-Pc    ] 22
[T+438261862us][CH1-Dispenser] 22 D2
[T+438275758us][CH1-Dispenser] FF
[T+438275621us][CH2-Pc    ] FF
[T+438287745us][CH1-Dispenser] E9
[T+438287614us][CH2-Pc    ] E9
[T+438303749us][CH1-Dispenser] FE
[T+438303614us][CH2-Pc    ] FE
[T+438316746us][CH1-Dispenser] E0
[T+438316616us][CH2-Pc    ] E0
[T+438328614us][CH1-Dispenser] E1
[T+438328749us][CH2-Pc    ] E1
[T+438341750us][CH1-Dispenser] E0
[T+438341616us][CH2-Pc    ] E0
[T+438354756us][CH1-Dispenser] FB
[T+438354618us][CH2-Pc    ] FB
[T+438366618us][CH1-Dispenser] EE
[T+438366755us][CH2-Pc    ] EE
[T+438379614us][CH2-Pc    ] F0
[T+438409614us][CH1-Dispenser] F0 BA B0 B3 B2 B0 B1 B0 B0 B0 B0 B1 B1 B1 B1 B1 C1 C1 8D 8A
[T+438481638us][CH2-Pc    ] 03
[T+438488614us][CH1-Dispenser] 03 63
[T+438559614us][CH2-Pc    ] 04
[T+438565652us][CH1-Dispenser] 04 64
[T+438637614us][CH1-Dispenser] 05
[T+438637748us][CH2-Pc    ] 05
[T+438804751us][CH1-Dispenser] 06
[T+438804614us][CH2-Pc    ] 06
[T+438979614us][CH2-Pc    ] 01
[T+438988242us][CH1-Dispenser] 01 61
[T+439057614us][CH2-Pc    ] 02
[T+439061613us][CH1-Dispenser] 02 72
[T+439073639us][CH2-Pc    ] 22
[T+439083614us][CH1-Dispenser] 22 D2
[T+439095614us][CH1-Dispenser] FF
[T+439095748us][CH2-Pc    ] FF
[T+439108327us][CH1-Dispenser] E9
[T+439108174us][CH2-Pc    ] E9
[T+439120757us][CH1-Dispenser] FE
[T+439120620us][CH2-Pc    ] FE
[T+439133752us][CH1-Dispenser] E0
[T+439133619us][CH2-Pc    ] E0
[T+439146616us][CH1-Dispenser] E1
[T+439146749us][CH2-Pc    ] E1
[T+439158757us][CH1-Dispenser] E0
[T+439158620us][CH2-Pc    ] E0
[T+439171747us][CH1-Dispenser] FB
[T+439171614us][CH2-Pc    ] FB
[T+439184614us][CH1-Dispenser] EE
[T+439184748us][CH2-Pc    ] EE
[T+439205638us][CH2-Pc    ] F0
[T+439237614us][CH1-Dispenser] F0 BA B0 B3 B2 B0 B1 B0 B0 B0 B0 B1 B1 B1 B1 B1 C1 C1 8D 8A
[T+439303638us][CH2-Pc    ] 03
[T+439308613us][CH1-Dispenser] 03 63
[T+439370614us][CH2-Pc    ] 04
[T+439379238us][CH1-Dispenser] 04 64
[T+439449615us][CH1-Dispenser] 05
[T+439448614us][CH2-Pc    ] 05
[T+439612614us][CH1-Dispenser] 06
[T+439612751us][CH2-Pc    ] 06
[T+439785614us][CH2-Pc    ] 01
[T+439793614us][CH1-Dispenser] 01 61
[T+439863614us][CH2-Pc    ] 02
[T+439872639us][CH1-Dispenser] 02 72
[T+439891614us][CH2-Pc    ] 22
[T+439904760us][CH1-Dispenser] 22 D2 FF
[T+439904619us][CH2-Pc    ] FF
[T+439916749us][CH1-Dispenser] E9
[T+439916616us][CH2-Pc    ] E9
[T+439929752us][CH1-Dispenser] FE
[T+439929619us][CH2-Pc    ] FE
[T+439941752us][CH1-Dispenser] E0
[T+439941619us][CH2-Pc    ] E0
[T+439954751us][CH1-Dispenser] E1
[T+439954618us][CH2-Pc    ] E1
[T+439967745us][CH1-Dispenser] E0
[T+439967614us][CH2-Pc    ] E0
[T+439980748us][CH1-Dispenser] FB
[T+439980614us][CH2-Pc    ] FB
[T+439992747us][CH1-Dispenser] EE
[T+439992614us][CH2-Pc    ] EE
[T+440005614us][CH2-Pc    ] F0
[T+440034614us][CH1-Dispenser] F0 BA B0 B3 B2 B0 B1 B0 B0 B0 B0 B1 B1 B1 B1 B1 C1 C1 8D 8A
[T+440106638us][CH2-Pc    ] 03
[T+440115643us][CH1-Dispenser] 03 63
[T+440185614us][CH2-Pc    ] 04
[T+440194652us][CH1-Dispenser] 04 64
[T+440262748us][CH1-Dispenser] 05
[T+440262614us][CH2-Pc    ] 05
[T+440426749us][CH1-Dispenser] 06
[T+440426614us][CH2-Pc    ] 06
[T+440601614us][CH2-Pc    ] 01
[T+440609621us][CH1-Dispenser] 01 61
[T+440686614us][CH2-Pc    ] 02
[T+440692652us][CH1-Dispenser] 02 72
[T+440713638us][CH2-Pc    ] 22
[T+440722644us][CH1-Dispenser] 22 D2
[T+440735614us][CH1-Dispenser] FF
[T+440735745us][CH2-Pc    ] FF
[T+440747748us][CH1-Dispenser] E9
[T+440747614us][CH2-Pc    ] E9
[T+440760747us][CH1-Dispenser] FE
[T+440760614us][CH2-Pc    ] FE
[T+440772750us][CH1-Dispenser] E0
[T+440772618us][CH2-Pc    ] E0
[T+440785752us][CH1-Dispenser] E1
[T+440785617us][CH2-Pc    ] E1
[T+440798746us][CH1-Dispenser] E0
[T+440798614us][CH2-Pc    ] E0
[T+440811756us][CH1-Dispenser] FB
[T+440811618us][CH2-Pc    ] FB
[T+440823618us][CH1-Dispenser] EE
[T+440823753us][CH2-Pc    ] EE
[T+440836614us][CH2-Pc    ] F0
[T+440864614us][CH1-Dispenser] F0 BA B0 B3 B2 B0 B1 B0 B0 B0 B0 B1 B1 B1 B1 B1 C1 C1 8D 8A
[T+440939639us][CH2-Pc    ] 03
[T+440944621us][CH1-Dispenser] 03 63
[T+441017614us][CH2-Pc    ] 04
[T+441026253us][CH1-Dispenser] 04 64
[T+441095751us][CH1-Dispenser] 05
[T+441095614us][CH2-Pc    ] 05
[T+441270749us][CH1-Dispenser] 06
[T+441270615us][CH2-Pc    ] 06
[T+441444639us][CH2-Pc    ] 01
[T+441453236us][CH1-Dispenser] 01 61
[T+441523614us][CH2-Pc    ] 02
[T+441533614us][CH1-Dispenser] 02 72
[T+441550614us][CH2-Pc    ] 22
[T+441557614us][CH1-Dispenser] 22 D2
[T+441571748us][CH1-Dispenser] FF
[T+441571614us][CH2-Pc    ] FF
[T+441584759us][CH1-Dispenser] E9
[T+441584620us][CH2-Pc    ] E9
[T+441605748us][CH1-Dispenser] FE
[T+441605614us][CH2-Pc    ] FE
[T+441627749us][CH1-Dispenser] E0
[T+441627615us][CH2-Pc    ] E0
[T+441648614us][CH1-Dispenser] E1
[T+441648745us][CH2-Pc    ] E1
[T+441670750us][CH1-Dispenser] E0
[T+441670614us][CH2-Pc    ] E0
[T+441692744us][CH1-Dispenser] FB
[T+441692614us][CH2-Pc    ] FB
[T+441713615us][CH1-Dispenser] EE
[T+441713749us][CH2-Pc    ] EE
[T+441735614us][CH2-Pc    ] F0
[T+441764614us][CH1-Dispenser] F0 BA B0 B3 B2 B0 B1 B0 B0 B0 B0 B1 B1 B1 B1 B1 C1 C1 8D 8A
[T+441864614us][CH2-Pc    ] 03
[T+441874614us][CH1-Dispenser] 03 63
[T+441942614us][CH2-Pc    ] 04
[T+441949614us][CH1-Dispenser] 04 64
[T+442021827us][CH1-Dispenser] 05
[T+442021962us][CH2-Pc    ] 05
[T+442195615us][CH1-Dispenser] 06
[T+442195749us][CH2-Pc    ] 06
[T+442370614us][CH2-Pc    ] 01
[T+442377270us][CH1-Dispenser] 01 61
[T+442448639us][CH2-Pc    ] 02
[T+442458618us][CH1-Dispenser] 02 72
[T+442476639us][CH2-Pc    ] 22
[T+442483765us][CH1-Dispenser] 22 D2
[T+442497614us][CH1-Dispenser] FF
[T+442497745us][CH2-Pc    ] FF
[T+442510751us][CH1-Dispenser] E9
[T+442510618us][CH2-Pc    ] E9
[T+442522748us][CH1-Dispenser] FE
[T+442522614us][CH2-Pc    ] FE
[T+442535757us][CH1-Dispenser] E0
[T+442535618us][CH2-Pc    ] E0
[T+442548617us][CH1-Dispenser] E1
[T+442548751us][CH2-Pc    ] E1
[T+442560753us][CH1-Dispenser] E0
[T+442560617us][CH2-Pc    ] E0
[T+442573742us][CH1-Dispenser] FB
[T+442573615us][CH2-Pc    ] FB
[T+442586614us][CH1-Dispenser] EE
[T+442586747us][CH2-Pc    ] EE
[T+442599619us][CH1-Dispenser] F0
[T+442600613us][CH2-Pc    ] F0
[T+442632614us][CH1-Dispenser] BA B0 B3 B2 B0 B1 B0 B0 B0 B0 B1 B1 B1 B1 B1 C1 C1 8D 8A
[T+442701638us][CH2-Pc    ] 03
[T+442711139us][CH1-Dispenser] 03 63
[T+442779638us][CH2-Pc    ] 04
[T+442789614us][CH1-Dispenser] 04 64
[T+442899747us][CH1-Dispenser] 05
[T+442899614us][CH2-Pc    ] 05
[T+443073748us][CH1-Dispenser] 06
[T+443073614us][CH2-Pc    ] 06
[T+443241613us][CH1-Dispenser] 01 61
[T+443237614us][CH2-Pc    ] 01
[T+443305614us][CH2-Pc    ] 02
[T+443312614us][CH1-Dispenser] 02 72
[T+443332614us][CH2-Pc    ] 22
[T+443337613us][CH1-Dispenser] 22 D2
[T+443354754us][CH1-Dispenser] FF
[T+443354617us][CH2-Pc    ] FF
[T+443367166us][CH1-Dispenser] E9
[T+443367013us][CH2-Pc    ] E9
[T+443379758us][CH1-Dispenser] FE
[T+443379618us][CH2-Pc    ] FE
[T+443392750us][CH1-Dispenser] E0
[T+443392618us][CH2-Pc    ] E0
[T+443404752us][CH1-Dispenser] E1
[T+443404618us][CH2-Pc    ] E1
[T+443418748us][CH1-Dispenser] E0
[T+443418616us][CH2-Pc    ] E0
[T+443430748us][CH1-Dispenser] FB
[T+443430614us][CH2-Pc    ] FB
[T+443442747us][CH1-Dispenser] EE
[T+443442614us][CH2-Pc    ] EE
[T+443455748us][CH2-Pc    ] F0
[T+443486614us][CH1-Dispenser] F0 BA B0 B3 B2 B0 B1 B0 B0 B0 B0 B1 B1 B1 B1 B1 C1 C1 8D 8A
[T+443507641us][CH2-Pc    ] 22
[T+443512613us][CH1-Dispenser] 22 D2
[T+443527745us][CH1-Dispenser] FF
[T+443527614us][CH2-Pc    ] FF
[T+443540748us][CH1-Dispenser] E5
[T+443540616us][CH2-Pc    ] E5
[T+443553745us][CH1-Dispenser] F4
[T+443553614us][CH2-Pc    ] F4
[T+443566729us][CH1-Dispenser] F6
[T+443566617us][CH2-Pc    ] F6
[T+443578753us][CH1-Dispenser] E0
[T+443578618us][CH2-Pc    ] E0
[T+443591751us][CH1-Dispenser] F7
[T+443591617us][CH2-Pc    ] F7
[T+443604750us][CH1-Dispenser] E0
[T+443604617us][CH2-Pc    ] E0
[T+443618510us][CH1-Dispenser] E3
[T+443618369us][CH2-Pc    ] E3
[T+443629761us][CH1-Dispenser] E1
[T+443629627us][CH2-Pc    ] E1
[T+443642618us][CH1-Dispenser] E1
[T+443642753us][CH2-Pc    ] E1
[T+443655750us][CH1-Dispenser] FB
[T+443655618us][CH2-Pc    ] FB
[T+443667617us][CH1-Dispenser] EB
[T+443667752us][CH2-Pc    ] EB
[T+443680614us][CH1-Dispenser] F0
[T+443680747us][CH2-Pc    ] F0
[T+443768614us][CH2-Pc    ] 02
[T+443777249us][CH1-Dispenser] 02 72
[T+443796614us][CH2-Pc    ] 22
[T+443804239us][CH1-Dispenser] 22 D2
[T+443817614us][CH1-Dispenser] FF
[T+443817747us][CH2-Pc    ] FF
[T+443839745us][CH1-Dispenser] E5
[T+443839614us][CH2-Pc    ] E5
[T+443852752us][CH1-Dispenser] F2
[T+443852617us][CH2-Pc    ] F2
[T+443864923us][CH1-Dispenser] F8
[T+443864619us][CH2-Pc    ] F8
[T+443877747us][CH1-Dispenser] E0
[T+443877616us][CH2-Pc    ] E0
[T+443890745us][CH1-Dispenser] E0
[T+443890614us][CH2-Pc    ] E0
[T+443964748us][CH1-Dispenser] E0
[T+443964614us][CH2-Pc    ] E0
[T+443977190us][CH1-Dispenser] E0
[T+443977041us][CH2-Pc    ] E0
[T+443989618us][CH1-Dispenser] E4
[T+443989757us][CH2-Pc    ] E4
[T+444004757us][CH1-Dispenser] E0
[T+444004617us][CH2-Pc    ] E0
[T+444017614us][CH1-Dispenser] FB
[T+444016616us][CH2-Pc    ] FB
[T+444029747us][CH1-Dispenser] E3
[T+444029614us][CH2-Pc    ] E3
[T+444042614us][CH1-Dispenser] F0
[T+444042748us][CH2-Pc    ] F0
[T+444131614us][CH2-Pc    ] 02
[T+444138273us][CH1-Dispenser] 02 72
[T+444158748us][CH1-Dispenser] 12
[T+444158615us][CH2-Pc    ] 12
[T+444263640us][CH2-Pc    ] 02
[T+444274614us][CH1-Dispenser] 02 92
[T+444341614us][CH2-Pc    ] 03
[T+444349621us][CH1-Dispenser] 03 63
[T+444419614us][CH2-Pc    ] 04
[T+444423613us][CH1-Dispenser] 04 64
[T+444486616us][CH1-Dispenser] 05
[T+444486749us][CH2-Pc    ] 05
[T+444661748us][CH1-Dispenser] 06
[T+444661614us][CH2-Pc    ] 06
[T+444836614us][CH2-Pc    ] 01
[T+444842250us][CH1-Dispenser] 01 61
[T+444917614us][CH2-Pc    ] 02
[T+444922614us][CH1-Dispenser] 02 92
[T+445495640us][CH2-Pc    ] 03
[T+445504642us][CH1-Dispenser] 03 63
[T+445573638us][CH2-Pc    ] 04
[T+445580614us][CH1-Dispenser] 04 64
[T+445651614us][CH1-Dispenser] 05
[T+445651747us][CH2-Pc    ] 05
[T+445816750us][CH1-Dispenser] 06
[T+445816614us][CH2-Pc    ] 06
[T+445991614us][CH2-Pc    ] 01
[T+445996613us][CH1-Dispenser] 01 61
[T+446069614us][CH2-Pc    ] 02
[T+446077614us][CH1-Dispenser] 02 92
[T+446097614us][CH2-Pc    ] 62
[T+446110614us][CH1-Dispenser] 62 E0 E0 E0 E0 E0 E0
[T+446176639us][CH2-Pc    ] 03
[T+446185223us][CH1-Dispenser] 03 63
[T+446255614us][CH2-Pc    ] 04
[T+446265614us][CH1-Dispenser] 04 64
[T+446337615us][CH1-Dispenser] 05
[T+446337748us][CH2-Pc    ] 05
[T+446512762us][CH1-Dispenser] 06
[T+446512622us][CH2-Pc    ] 06
[T+446676614us][CH2-Pc    ] 01
[T+446684240us][CH1-Dispenser] 01 61
[T+446755639us][CH2-Pc    ] 02
[T+446765163us][CH1-Dispenser] 02 92
[T+446782638us][CH2-Pc    ] 62
[T+446794614us][CH1-Dispenser] 62 E0 E0 E0 E0 E0 E0
[T+446860614us][CH2-Pc    ] 03
[T+446870614us][CH1-Dispenser] 03 63
[T+446938614us][CH2-Pc    ] 04
[T+446944637us][CH1-Dispenser] 04 64
[T+447017748us][CH1-Dispenser] 05
[T+447017615us][CH2-Pc    ] 05
[T+447191615us][CH1-Dispenser] 06
[T+447191748us][CH2-Pc    ] 06
[T+447366614us][CH2-Pc    ] 01
[T+447373276us][CH1-Dispenser] 01 61
[T+447444639us][CH2-Pc    ] 02
[T+447453639us][CH1-Dispenser] 02 92
[T+447472614us][CH2-Pc    ] 62
[T+447484639us][CH1-Dispenser] 62 E0 E0 E0 E0 E0 E0
[T+447551655us][CH2-Pc    ] 03
[T+447559250us][CH1-Dispenser] 03 63
[T+447629614us][CH2-Pc    ] 04
[T+447634614us][CH1-Dispenser] 04 64
[T+447707615us][CH1-Dispenser] 05
[T+447707749us][CH2-Pc    ] 05
[T+447882748us][CH1-Dispenser] 06
[T+447882614us][CH2-Pc    ] 06
[T+448057614us][CH2-Pc    ] 01
[T+448063652us][CH1-Dispenser] 01 61
[T+448135639us][CH2-Pc    ] 02
[T+448142614us][CH1-Dispenser] 02 92
[T+448162614us][CH2-Pc    ] 62
[T+448173614us][CH1-Dispenser] 62 E7 E4 E1 E0 E0 E0
[T+448240614us][CH2-Pc    ] 03
[T+448250614us][CH1-Dispenser] 03 63
[T+448318614us][CH2-Pc    ] 04
[T+448325290us][CH1-Dispenser] 04 64
[T+448396614us][CH1-Dispenser] 05
[T+448397613us][CH2-Pc    ] 05
[T+448571750us][CH1-Dispenser] 06
[T+448571614us][CH2-Pc    ] 06
[T+448746614us][CH2-Pc    ] 01
[T+448754614us][CH1-Dispenser] 01 61
[T+448824614us][CH2-Pc    ] 02
[T+448833644us][CH1-Dispenser] 02 92
[T+448851639us][CH2-Pc    ] 62
[T+448864614us][CH1-Dispenser] 62 E8 E2 E3 E0 E0 E0
[T+448930638us][CH2-Pc    ] 03
[T+448939652us][CH1-Dispenser] 03 63
[T+449008638us][CH2-Pc    ] 04
[T+449015288us][CH1-Dispenser] 04 64
[T+449086751us][CH1-Dispenser] 05
[T+449086614us][CH2-Pc    ] 05
[T+449261749us][CH1-Dispenser] 06
[T+449261615us][CH2-Pc    ] 06
[T+449425614us][CH2-Pc    ] 01
[T+449435229us][CH1-Dispenser] 01 61
[T+449505614us][CH2-Pc    ] 02
[T+449515614us][CH1-Dispenser] 02 92
[T+449532614us][CH2-Pc    ] 62
[T+449544643us][CH1-Dispenser] 62 E9 E0 E5 E0 E0 E0
[T+449610640us][CH2-Pc    ] 03
[T+449618614us][CH1-Dispenser] 03 63
[T+449688614us][CH2-Pc    ] 04
[T+449694222us][CH1-Dispenser] 04 64
[T+449766747us][CH1-Dispenser] 05
[T+449766614us][CH2-Pc    ] 05
[T+449941615us][CH1-Dispenser] 06
[T+449941751us][CH2-Pc    ] 06
[T+450116614us][CH2-Pc    ] 01
[T+450122637us][CH1-Dispenser] 01 61
[T+450194638us][CH2-Pc    ] 02
[T+450204614us][CH1-Dispenser] 02 92
[T+450221614us][CH2-Pc    ] 62
[T+450233646us][CH1-Dispenser] 62 E1 E8 E8 E0 E0 E0
[T+450302638us][CH2-Pc    ] 03
[T+450312614us][CH1-Dispenser] 03 63
[T+450380614us][CH2-Pc    ] 04
[T+450389652us][CH1-Dispenser] 04 64
[T+450458615us][CH1-Dispenser] 05
[T+450458748us][CH2-Pc    ] 05
[T+450630749us][CH1-Dispenser] 06
[T+450630615us][CH2-Pc    ] 06
[T+450804638us][CH2-Pc    ] 01
[T+450813643us][CH1-Dispenser] 01 61
[T+450883614us][CH2-Pc    ] 02
[T+450887613us][CH1-Dispenser] 02 92
[T+450899647us][CH2-Pc    ] 62
[T+450914638us][CH1-Dispenser] 62 E8 E8 E2 E1 E0 E0
[T+450988614us][CH2-Pc    ] 03
[T+450994638us][CH1-Dispenser] 03 63
[T+451066638us][CH2-Pc    ] 04
[T+451074614us][CH1-Dispenser] 04 64
[T+451144614us][CH1-Dispenser] 05
[T+451144749us][CH2-Pc    ] 05
[T+451319750us][CH1-Dispenser] 06
[T+451319614us][CH2-Pc    ] 06
[T+451494614us][CH2-Pc    ] 01
[T+451504854us][CH1-Dispenser] 01 61
[T+451572614us][CH2-Pc    ] 02
[T+451578637us][CH1-Dispenser] 02 92
[T+451600614us][CH2-Pc    ] 62
[T+451616614us][CH1-Dispenser] 62 E2 E7 E6 E1 E0 E0
[T+451685639us][CH2-Pc    ] 03
[T+451694638us][CH1-Dispenser] 03 63
[T+451763639us][CH2-Pc    ] 04
[T+451769637us][CH1-Dispenser] 04 64
[T+451842616us][CH1-Dispenser] 05
[T+451842749us][CH2-Pc    ] 05
[T+452027751us][CH1-Dispenser] 06
[T+452027614us][CH2-Pc    ] 06
[T+452191614us][CH2-Pc    ] 01
[T+452198614us][CH1-Dispenser] 01 61
[T+452269614us][CH2-Pc    ] 02
[T+452277614us][CH1-Dispenser] 02 92
[T+452297614us][CH2-Pc    ] 62
[T+452308614us][CH1-Dispenser] 62 E3 E1 E1 E2 E0 E0
[T+452375614us][CH2-Pc    ] 03
[T+452386614us][CH1-Dispenser] 03 63
[T+452453614us][CH2-Pc    ] 04
[T+452461621us][CH1-Dispenser] 04 64
[T+452531748us][CH1-Dispenser] 05
[T+452531615us][CH2-Pc    ] 05
[T+452706747us][CH1-Dispenser] 06
[T+452706614us][CH2-Pc    ] 06
[T+452885614us][CH2-Pc    ] 01
[T+452893614us][CH1-Dispenser] 01 61
[T+452964614us][CH2-Pc    ] 02
[T+452972614us][CH1-Dispenser] 02 92
[T+452991620us][CH2-Pc    ] 62
[T+453005614us][CH1-Dispenser] 62 E1 E3 E5 E2 E0 E0
[T+453069614us][CH2-Pc    ] 03
[T+453074613us][CH1-Dispenser] 03 63
[T+453147614us][CH2-Pc    ] 04
[T+453153638us][CH1-Dispenser] 04 64
[T+453225748us][CH1-Dispenser] 05
[T+453225615us][CH2-Pc    ] 05
[T+453400749us][CH1-Dispenser] 06
[T+453400614us][CH2-Pc    ] 06
[T+453575614us][CH2-Pc    ] 01
[T+453583614us][CH1-Dispenser] 01 61
[T+453653614us][CH2-Pc    ] 02
[T+453659652us][CH1-Dispenser] 02 92
[T+453681614us][CH2-Pc    ] 62
[T+453695717us][CH1-Dispenser] 62 E9 E4 E9 E2 E0 E0
[T+453759614us][CH2-Pc    ] 03
[T+453764613us][CH1-Dispenser] 03 63
[T+453837614us][CH2-Pc    ] 04
[T+453844290us][CH1-Dispenser] 04 64
[T+453915754us][CH1-Dispenser] 05
[T+453915615us][CH2-Pc    ] 05
[T+454090614us][CH1-Dispenser] 06
[T+454090748us][CH2-Pc    ] 06
[T+454254614us][CH2-Pc    ] 01
[T+454263638us][CH1-Dispenser] 01 61
[T+454332638us][CH2-Pc    ] 02
[T+454339614us][CH1-Dispenser] 02 92
[T+454359614us][CH2-Pc    ] 62
[T+454373614us][CH1-Dispenser] 62 E1 E0 E4 E3 E0 E0
[T+454437614us][CH2-Pc    ] 03
[T+454443637us][CH1-Dispenser] 03 63
[T+454515643us][CH2-Pc    ] 04
[T+454524652us][CH1-Dispenser] 04 64
[T+454594748us][CH1-Dispenser] 05
[T+454594614us][CH2-Pc    ] 05
[T+454768614us][CH1-Dispenser] 06
[T+454768750us][CH2-Pc    ] 06
[T+454943614us][CH2-Pc    ] 01
[T+454949236us][CH1-Dispenser] 01 61
[T+455021614us][CH2-Pc    ] 02
[T+455028614us][CH1-Dispenser] 02 92
[T+455049614us][CH2-Pc    ] 62
[T+455062614us][CH1-Dispenser] 62 E2 E4 E8 E3 E0 E0
[T+455127614us][CH2-Pc    ] 03
[T+455137614us][CH1-Dispenser] 03 63
[T+455205614us][CH2-Pc    ] 04
[T+455209613us][CH1-Dispenser] 04 64
[T+455286748us][CH1-Dispenser] 05
[T+455286615us][CH2-Pc    ] 05
[T+455461614us][CH1-Dispenser] 06
[T+455461749us][CH2-Pc    ] 06
[T+455635638us][CH2-Pc    ] 01
[T+455643621us][CH1-Dispenser] 01 61
[T+455714614us][CH2-Pc    ] 02
[T+455722614us][CH1-Dispenser] 02 92
[T+455741614us][CH2-Pc    ] 62
[T+455755614us][CH1-Dispenser] 62 E5 E0 E3 E4 E0 E0
[T+455820614us][CH2-Pc    ] 03
[T+455829652us][CH1-Dispenser] 03 63
[T+455898639us][CH2-Pc    ] 04
[T+455904638us][CH1-Dispenser] 04 64
[T+455977748us][CH1-Dispenser] 05
[T+455977614us][CH2-Pc    ] 05
[T+456151745us][CH1-Dispenser] 06
[T+456151614us][CH2-Pc    ] 06
[T+456315614us][CH2-Pc    ] 01
[T+456323614us][CH1-Dispenser] 01 61
[T+456393614us][CH2-Pc    ] 02
[T+456399236us][CH1-Dispenser] 02 92
[T+456421614us][CH2-Pc    ] 62
[T+456435614us][CH1-Dispenser] 62 E0 E8 E7 E4 E0 E0
[T+456499614us][CH2-Pc    ] 03
[T+456505652us][CH1-Dispenser] 03 63
[T+456577638us][CH2-Pc    ] 04
[T+456584614us][CH1-Dispenser] 04 64
[T+456655748us][CH1-Dispenser] 05
[T+456655614us][CH2-Pc    ] 05
[T+456832750us][CH1-Dispenser] 06
[T+456832614us][CH2-Pc    ] 06
[T+457006639us][CH2-Pc    ] 01
[T+457014614us][CH1-Dispenser] 01 61
[T+457085614us][CH2-Pc    ] 02
[T+457094652us][CH1-Dispenser] 02 92
[T+457125614us][CH2-Pc    ] 62
[T+457140640us][CH1-Dispenser] 62 E6 E6 E2 E5 E0 E0
[T+457214614us][CH2-Pc    ] 03
[T+457220637us][CH1-Dispenser] 03 63
[T+457292638us][CH2-Pc    ] 04
[T+457300250us][CH1-Dispenser] 04 64
[T+457370615us][CH1-Dispenser] 05
[T+457370750us][CH2-Pc    ] 05
[T+457534748us][CH1-Dispenser] 06
[T+457534614us][CH2-Pc    ] 06
[T+457756638us][CH2-Pc    ] 01
[T+457764614us][CH1-Dispenser] 01 61
[T+457834614us][CH2-Pc    ] 02
[T+457839613us][CH1-Dispenser] 02 92
[T+457861614us][CH2-Pc    ] 62
[T+457874618us][CH1-Dispenser] 62 E7 E9 E7 E5 E0 E0
[T+457939614us][CH2-Pc    ] 03
[T+457947248us][CH1-Dispenser] 03 63
[T+458017614us][CH2-Pc    ] 04
[T+458025614us][CH1-Dispenser] 04 64
[T+458095614us][CH1-Dispenser] 05
[T+458095748us][CH2-Pc    ] 05
[T+458270614us][CH1-Dispenser] 06
[T+458270750us][CH2-Pc    ] 06
[T+458445614us][CH2-Pc    ] 01
[T+458453615us][CH1-Dispenser] 01 61
[T+458523614us][CH2-Pc    ] 02
[T+458528613us][CH1-Dispenser] 02 92
[T+458551747us][CH1-Dispenser] 62
[T+458551614us][CH2-Pc    ] 62
[T+458568614us][CH1-Dispenser] E3 E8 E2 E6 E0 E0
[T+458641614us][CH2-Pc    ] 03
[T+458651615us][CH1-Dispenser] 03 63
[T+458719614us][CH2-Pc    ] 04
[T+458724621us][CH1-Dispenser] 04 64
[T+458798615us][CH1-Dispenser] 05
[T+458798749us][CH2-Pc    ] 05
[T+458972614us][CH1-Dispenser] 06
[T+458973613us][CH2-Pc    ] 06
[T+459147614us][CH2-Pc    ] 01
[T+459156652us][CH1-Dispenser] 01 61
[T+459226614us][CH2-Pc    ] 02
[T+459233614us][CH1-Dispenser] 02 92
[T+459253614us][CH2-Pc    ] 62
[T+459264616us][CH1-Dispenser] 62 E0 E8 E7 E6 E0 E0
[T+459331614us][CH2-Pc    ] 03
[T+459340004us][CH1-Dispenser] 03 63
[T+459414639us][CH2-Pc    ] 04
[T+459420637us][CH1-Dispenser] 04 64
[T+459492749us][CH1-Dispenser] 05
[T+459492614us][CH2-Pc    ] 05
[T+459667614us][CH1-Dispenser] 06
[T+459667748us][CH2-Pc    ] 06
[T+459831614us][CH2-Pc    ] 01
[T+459839621us][CH1-Dispenser] 01 61
[T+459909614us][CH2-Pc    ] 02
[T+459919614us][CH1-Dispenser] 02 92
[T+459936614us][CH2-Pc    ] 62
[T+459949614us][CH1-Dispenser] 62 E6 E6 E2 E7 E0 E0
[T+460015638us][CH2-Pc    ] 03
[T+460024638us][CH1-Dispenser] 03 63
[T+460094614us][CH2-Pc    ] 04
[T+460099613us][CH1-Dispenser] 04 64
[T+460172750us][CH1-Dispenser] 05
[T+460172615us][CH2-Pc    ] 05
[T+460351615us][CH1-Dispenser] 06
[T+460351749us][CH2-Pc    ] 06
[T+460518614us][CH2-Pc    ] 01
[T+460524247us][CH1-Dispenser] 01 61
[T+460587639us][CH2-Pc    ] 02
[T+460595614us][CH1-Dispenser] 02 92
[T+460615614us][CH2-Pc    ] 62
[T+460630614us][CH1-Dispenser] 62 E6 E8 E7 E7 E0 E0
[T+460694614us][CH2-Pc    ] 03
[T+460699614us][CH1-Dispenser] 03 63
[T+460772614us][CH2-Pc    ] 04
[T+460778652us][CH1-Dispenser] 04 64
[T+460850747us][CH1-Dispenser] 05
[T+460850614us][CH2-Pc    ] 05
[T+461025748us][CH1-Dispenser] 06
[T+461025615us][CH2-Pc    ] 06
[T+461200614us][CH2-Pc    ] 01
[T+461209250us][CH1-Dispenser] 01 61
[T+461279614us][CH2-Pc    ] 02
[T+461284614us][CH1-Dispenser] 02 92
[T+461306614us][CH2-Pc    ] 62
[T+461320614us][CH1-Dispenser] 62 E4 E9 E2 E8 E0 E0
[T+461385614us][CH2-Pc    ] 03
[T+461395614us][CH1-Dispenser] 03 63
[T+461463614us][CH2-Pc    ] 04
[T+461469637us][CH1-Dispenser] 04 64
[T+461542750us][CH1-Dispenser] 05
[T+461542614us][CH2-Pc    ] 05
[T+461706614us][CH1-Dispenser] 06
[T+461706751us][CH2-Pc    ] 06
[T+461881614us][CH2-Pc    ] 01
[T+461889356us][CH1-Dispenser] 01 61
[T+461960614us][CH2-Pc    ] 02
[T+461971614us][CH1-Dispenser] 02 92
[T+461987614us][CH2-Pc    ] 62
[T+462000620us][CH1-Dispenser] 62 E0 E8 E7 E8 E0 E0
[T+462065614us][CH2-Pc    ] 03
[T+462071652us][CH1-Dispenser] 03 63
[T+462143638us][CH2-Pc    ] 04
[T+462150614us][CH1-Dispenser] 04 64
[T+462221747us][CH1-Dispenser] 05
[T+462221614us][CH2-Pc    ] 05
[T+462399752us][CH1-Dispenser] 06
[T+462399615us][CH2-Pc    ] 06
[T+462574614us][CH2-Pc    ] 01
[T+462579613us][CH1-Dispenser] 01 61
[T+462675639us][CH2-Pc    ] 02
[T+462683614us][CH1-Dispenser] 02 92
[T+462703614us][CH2-Pc    ] 62
[T+462714614us][CH1-Dispenser] 62 E1 E1 E3 E9 E0 E0
[T+462782614us][CH2-Pc    ] 03
[T+462793614us][CH1-Dispenser] 03 63
[T+462860614us][CH2-Pc    ] 04
[T+462866258us][CH1-Dispenser] 04 64
[T+462938614us][CH1-Dispenser] 05
[T+462938748us][CH2-Pc    ] 05
[T+463115614us][CH1-Dispenser] 06
[T+463115748us][CH2-Pc    ] 06
[T+463290614us][CH2-Pc    ] 01
[T+463298614us][CH1-Dispenser] 01 61
[T+463368702us][CH2-Pc    ] 02
[T+463374652us][CH1-Dispenser] 02 92
[T+463395639us][CH2-Pc    ] 62
[T+463412614us][CH1-Dispenser] 62 E0 E2 E8 E9 E0 E0
[T+463485614us][CH2-Pc    ] 03
[T+463490613us][CH1-Dispenser] 03 63
[T+463564614us][CH2-Pc    ] 04
[T+463570652us][CH1-Dispenser] 04 64
[T+463643749us][CH1-Dispenser] 05
[T+463643615us][CH2-Pc    ] 05
[T+463818748us][CH1-Dispenser] 06
[T+463818614us][CH2-Pc    ] 06
[T+463993614us][CH2-Pc    ] 01
[T+464001621us][CH1-Dispenser] 01 61
[T+464071614us][CH2-Pc    ] 02
[T+464079614us][CH1-Dispenser] 02 92
[T+464098614us][CH2-Pc    ] 62
[T+464110645us][CH1-Dispenser] 62 E1 E5 E3 E0 E1 E0
[T+464176638us][CH2-Pc    ] 03
[T+464184614us][CH1-Dispenser] 03 63
[T+464254614us][CH2-Pc    ] 04
[T+464260652us][CH1-Dispenser] 04 64
[T+464333748us][CH1-Dispenser] 05
[T+464333614us][CH2-Pc    ] 05
[T+464508614us][CH1-Dispenser] 06
[T+464508747us][CH2-Pc    ] 06
[T+464682639us][CH2-Pc    ] 01
[T+464690241us][CH1-Dispenser] 01 61
[T+464760614us][CH2-Pc    ] 02
[T+464768614us][CH1-Dispenser] 02 92
[T+464788614us][CH2-Pc    ] 62
[T+464799618us][CH1-Dispenser] 62 E7 E3 E8 E0 E1 E0
[T+464867614us][CH2-Pc    ] 03
[T+464874614us][CH1-Dispenser] 03 63
[T+464945614us][CH2-Pc    ] 04
[T+464950613us][CH1-Dispenser] 04 64
[T+465023748us][CH1-Dispenser] 05
[T+465023615us][CH2-Pc    ] 05
[T+465198748us][CH1-Dispenser] 06
[T+465198615us][CH2-Pc    ] 06
[T+465363638us][CH2-Pc    ] 01
[T+465369703us][CH1-Dispenser] 01 61
[T+465441638us][CH2-Pc    ] 02
[T+465448614us][CH1-Dispenser] 02 92
[T+465468614us][CH2-Pc    ] 62
[T+465481614us][CH1-Dispenser] 62 E7 E5 E3 E1 E1 E0
[T+465546621us][CH2-Pc    ] 03
[T+465555652us][CH1-Dispenser] 03 63
[T+465625614us][CH2-Pc    ] 04
[T+465629613us][CH1-Dispenser] 04 64
[T+465703748us][CH1-Dispenser] 05
[T+465703614us][CH2-Pc    ] 05
[T+465877747us][CH1-Dispenser] 06
[T+465877614us][CH2-Pc    ] 06
[T+466057638us][CH2-Pc    ] 01
[T+466065614us][CH1-Dispenser] 01 61
[T+466135614us][CH2-Pc    ] 02
[T+466144643us][CH1-Dispenser] 02 92
[T+466163614us][CH2-Pc    ] 62
[T+466175639us][CH1-Dispenser] 62 E2 E4 E8 E1 E1 E0
[T+466246614us][CH2-Pc    ] 03
[T+466254621us][CH1-Dispenser] 03 63
[T+466324614us][CH2-Pc    ] 04
[T+466331287us][CH1-Dispenser] 04 64
[T+466402749us][CH1-Dispenser] 05
[T+466402615us][CH2-Pc    ] 05
[T+466566614us][CH1-Dispenser] 06
[T+466566748us][CH2-Pc    ] 06
[T+466739614us][CH2-Pc    ] 01
[T+466745614us][CH1-Dispenser] 01 61
[T+466817639us][CH2-Pc    ] 02
[T+466826615us][CH1-Dispenser] 02 92
[T+466844638us][CH2-Pc    ] 62
[T+466855618us][CH1-Dispenser] 62 E2 E6 E3 E2 E1 E0
[T+466922614us][CH2-Pc    ] 03
[T+466930614us][CH1-Dispenser] 03 63
[T+467000614us][CH2-Pc    ] 04
[T+467005212us][CH1-Dispenser] 04 64
[T+467068748us][CH1-Dispenser] 05
[T+467068614us][CH2-Pc    ] 05
[T+467243749us][CH1-Dispenser] 06
[T+467243614us][CH2-Pc    ] 06
[T+467417642us][CH2-Pc    ] 01
[T+467424614us][CH1-Dispenser] 01 61
[T+467496638us][CH2-Pc    ] 02
[T+467504621us][CH1-Dispenser] 02 92
[T+467523614us][CH2-Pc    ] 62
[T+467535644us][CH1-Dispenser] 62 E8 E4 E8 E2 E1 E0
[T+467602614us][CH2-Pc    ] 03
[T+467610615us][CH1-Dispenser] 03 63
[T+467680614us][CH2-Pc    ] 04
[T+467685621us][CH1-Dispenser] 04 64
[T+467758747us][CH1-Dispenser] 05
[T+467758614us][CH2-Pc    ] 05
[T+467933615us][CH1-Dispenser] 06
[T+467933751us][CH2-Pc    ] 06
[T+468097614us][CH2-Pc    ] 01
[T+468104614us][CH1-Dispenser] 01 61
[T+468175614us][CH2-Pc    ] 02
[T+468184652us][CH1-Dispenser] 02 92
[T+468204011us][CH2-Pc    ] 62
[T+468215615us][CH1-Dispenser] 62 E7 E5 E3 E3 E1 E0
[T+468288614us][CH2-Pc    ] 03
[T+468296614us][CH1-Dispenser] 03 63
[T+468367614us][CH2-Pc    ] 04
[T+468375623us][CH1-Dispenser] 04 64
[T+468445749us][CH1-Dispenser] 05
[T+468445615us][CH2-Pc    ] 05
[T+468620918us][CH1-Dispenser] 06
[T+468620783us][CH2-Pc    ] 06
[T+468784614us][CH2-Pc    ] 01
[T+468788613us][CH1-Dispenser] 01 61
[T+468851642us][CH2-Pc    ] 02
[T+468860667us][CH1-Dispenser] 02 92
[T+468878639us][CH2-Pc    ] 62
[T+468891614us][CH1-Dispenser] 62 E3 E4 E8 E3 E1 E0
[T+468956614us][CH2-Pc    ] 03
[T+468965249us][CH1-Dispenser] 03 63
[T+469035614us][CH2-Pc    ] 04
[T+469042615us][CH1-Dispenser] 04 64
[T+469113748us][CH1-Dispenser] 05
[T+469113614us][CH2-Pc    ] 05
[T+469287615us][CH1-Dispenser] 06
[T+469287749us][CH2-Pc    ] 06
[T+469461638us][CH2-Pc    ] 01
[T+469470614us][CH1-Dispenser] 01 61
[T+469540614us][CH2-Pc    ] 02
[T+469551614us][CH1-Dispenser] 02 92
[T+469567618us][CH2-Pc    ] 62
[T+469580614us][CH1-Dispenser] 62 E4 E7 E3 E4 E1 E0
[T+469657614us][CH2-Pc    ] 03
[T+469666638us][CH1-Dispenser] 03 63
[T+469735638us][CH2-Pc    ] 04
[T+469741652us][CH1-Dispenser] 04 64
[T+469813614us][CH1-Dispenser] 05
[T+469813747us][CH2-Pc    ] 05
[T+469988751us][CH1-Dispenser] 06
[T+469988616us][CH2-Pc    ] 06
[T+470163614us][CH2-Pc    ] 01
[T+470169637us][CH1-Dispenser] 01 61
[T+470241638us][CH2-Pc    ] 02
[T+470249240us][CH1-Dispenser] 02 92
[T+470268614us][CH2-Pc    ] 62
[T+470282614us][CH1-Dispenser] 62 E6 E1 E9 E4 E1 E0
[T+470353614us][CH2-Pc    ] 03
[T+470359652us][CH1-Dispenser] 03 63
[T+470431638us][CH2-Pc    ] 04
[T+470442614us][CH1-Dispenser] 04 64
[T+470509614us][CH1-Dispenser] 05
[T+470509748us][CH2-Pc    ] 05
[T+470697617us][CH1-Dispenser] 06
[T+470697753us][CH2-Pc    ] 06
[T+470872614us][CH2-Pc    ] 01
[T+470881248us][CH1-Dispenser] 01 61
[T+470952639us][CH2-Pc    ] 02
[T+470959614us][CH1-Dispenser] 02 92
[T+470980638us][CH2-Pc    ] 62
[T+470995638us][CH1-Dispenser] 62 E7 E4 E4 E5 E1 E0
[T+471070638us][CH2-Pc    ] 03
[T+471074613us][CH1-Dispenser] 03 63
[T+471148614us][CH2-Pc    ] 04
[T+471156614us][CH1-Dispenser] 04 64
[T+471226749us][CH1-Dispenser] 05
[T+471226615us][CH2-Pc    ] 05
[T+471401748us][CH1-Dispenser] 06
[T+471401615us][CH2-Pc    ] 06
[T+471565614us][CH2-Pc    ] 01
[T+471574937us][CH1-Dispenser] 01 61
[T+471644734us][CH2-Pc    ] 02
[T+471650638us][CH1-Dispenser] 02 92
[T+471671638us][CH2-Pc    ] 62
[T+471685614us][CH1-Dispenser] 62 E0 E1 E9 E5 E1 E0
[T+471750614us][CH2-Pc    ] 03
[T+471756622us][CH1-Dispenser] 03 63
[T+471828638us][CH2-Pc    ] 04
[T+471835614us][CH1-Dispenser] 04 64
[T+471907750us][CH1-Dispenser] 05
[T+471907614us][CH2-Pc    ] 05
[T+472081747us][CH1-Dispenser] 06
[T+472081614us][CH2-Pc    ] 06
[T+472256638us][CH2-Pc    ] 01
[T+472265652us][CH1-Dispenser] 01 61
[T+472334642us][CH2-Pc    ] 02
[T+472339613us][CH1-Dispenser] 02 92
[T+472351963us][CH2-Pc    ] 62
[T+472366638us][CH1-Dispenser] 62 E2 E4 E4 E6 E1 E0
[T+472437615us][CH2-Pc    ] 03
[T+472446652us][CH1-Dispenser] 03 63
[T+472524752us][CH1-Dispenser] 04
[T+472524615us][CH2-Pc    ] 04
[T+472536638us][CH1-Dispenser] 64
[T+472602748us][CH1-Dispenser] 05
[T+472602614us][CH2-Pc    ] 05
[T+472777749us][CH1-Dispenser] 06
[T+472777615us][CH2-Pc    ] 06
[T+472941614us][CH2-Pc    ] 01
[T+472950651us][CH1-Dispenser] 01 61
[T+473019638us][CH2-Pc    ] 02
[T+473028211us][CH1-Dispenser] 02 92
[T+473046614us][CH2-Pc    ] 62
[T+473060614us][CH1-Dispenser] 62 E7 E2 E9 E6 E1 E0
[T+473126639us][CH2-Pc    ] 03
[T+473130614us][CH1-Dispenser] 03 63
[T+473203614us][CH2-Pc    ] 04
[T+473210614us][CH1-Dispenser] 04 64
[T+473282614us][CH1-Dispenser] 05
[T+473282748us][CH2-Pc    ] 05
[T+473456752us][CH1-Dispenser] 06
[T+473456616us][CH2-Pc    ] 06
[T+473631614us][CH2-Pc    ] 01
[T+473640233us][CH1-Dispenser] 01 61
[T+473709614us][CH2-Pc    ] 02
[T+473715638us][CH1-Dispenser] 02 92
[T+473737614us][CH2-Pc    ] 62
[T+473751614us][CH1-Dispenser] 62 E6 E3 E4 E7 E1 E0
[T+473815614us][CH2-Pc    ] 03
[T+473821206us][CH1-Dispenser] 03 63
[T+473893614us][CH2-Pc    ] 04
[T+473902619us][CH1-Dispenser] 04 64
[T+473971752us][CH1-Dispenser] 05
[T+473971618us][CH2-Pc    ] 05
[T+474146615us][CH1-Dispenser] 06
[T+474146749us][CH2-Pc    ] 06
[T+474321614us][CH2-Pc    ] 01
[T+474330652us][CH1-Dispenser] 01 61
[T+474399638us][CH2-Pc    ] 02
[T+474405638us][CH1-Dispenser] 02 92
[T+474426638us][CH2-Pc    ] 62
[T+474442614us][CH1-Dispenser] 62 E7 E6 E9 E7 E1 E0
[T+474515614us][CH2-Pc    ] 03
[T+474521652us][CH1-Dispenser] 03 63
[T+474593638us][CH2-Pc    ] 04
[T+474601614us][CH1-Dispenser] 04 64
[T+474673750us][CH1-Dispenser] 05
[T+474673615us][CH2-Pc    ] 05
[T+474851614us][CH1-Dispenser] 06
[T+474851748us][CH2-Pc    ] 06
[T+475026614us][CH2-Pc    ] 01
[T+475035652us][CH1-Dispenser] 01 61
[T+475104638us][CH2-Pc    ] 02
[T+475111286us][CH1-Dispenser] 02 92
[T+475131748us][CH1-Dispenser] 62
[T+475131616us][CH2-Pc    ] 62
[T+475149638us][CH1-Dispenser] E7 E8 E4 E8 E1 E0
[T+475221638us][CH2-Pc    ] 03
[T+475226621us][CH1-Dispenser] 03 63
[T+475299614us][CH2-Pc    ] 04
[T+475305642us][CH1-Dispenser] 04 64
[T+475377614us][CH1-Dispenser] 05
[T+475377748us][CH2-Pc    ] 05
[T+475552614us][CH1-Dispenser] 06
[T+475552748us][CH2-Pc    ] 06
[T+475721614us][CH2-Pc    ] 01
[T+475729621us][CH1-Dispenser] 01 61
[T+475824614us][CH2-Pc    ] 02
[T+475828613us][CH1-Dispenser] 02 92
[T+475841614us][CH2-Pc    ] 62
[T+475856638us][CH1-Dispenser] 62 E8 E1 E0 E9 E1 E0
[T+475920614us][CH2-Pc    ] 03
[T+475925633us][CH1-Dispenser] 03 63
[T+475998615us][CH2-Pc    ] 04
[T+476008614us][CH1-Dispenser] 04 64
[T+476077747us][CH1-Dispenser] 05
[T+476077615us][CH2-Pc    ] 05
[T+476262615us][CH1-Dispenser] 06
[T+476262748us][CH2-Pc    ] 06
[T+476426614us][CH2-Pc    ] 01
[T+476434614us][CH1-Dispenser] 01 61
[T+476504614us][CH2-Pc    ] 02
[T+476510652us][CH1-Dispenser] 02 92
[T+476531644us][CH2-Pc    ] 62
[T+476545614us][CH1-Dispenser] 62 E5 E1 E5 E9 E1 E0
[T+476610614us][CH2-Pc    ] 03
[T+476615613us][CH1-Dispenser] 03 63
[T+476688614us][CH2-Pc    ] 04
[T+476696621us][CH1-Dispenser] 04 64
[T+476766750us][CH1-Dispenser] 05
[T+476766616us][CH2-Pc    ] 05
[T+476941614us][CH1-Dispenser] 06
[T+476941750us][CH2-Pc    ] 06
[T+477115639us][CH2-Pc    ] 01
[T+477125896us][CH1-Dispenser] 01 61
[T+477202614us][CH2-Pc    ] 02
[T+477210614us][CH1-Dispenser] 02 92
[T+477230614us][CH2-Pc    ] 62
[T+477242639us][CH1-Dispenser] 62 E5 E3 E0 E0 E2 E0
[T+477309614us][CH2-Pc    ] 03
[T+477316614us][CH1-Dispenser] 03 63
[T+477387614us][CH2-Pc    ] 04
[T+477395621us][CH1-Dispenser] 04 64
[T+477466614us][CH1-Dispenser] 05
[T+477466747us][CH2-Pc    ] 05
[T+477652749us][CH1-Dispenser] 06
[T+477652615us][CH2-Pc    ] 06
[T+477816747us][CH1-Dispenser] 01
[T+477816614us][CH2-Pc    ] 01
[T+477828638us][CH1-Dispenser] 61
[T+477894639us][CH2-Pc    ] 02
[T+477898614us][CH1-Dispenser] 02 92
[T+477921614us][CH2-Pc    ] 62
[T+477937614us][CH1-Dispenser] 62 E1 E2 E5 E0 E2 E0
[T+478024639us][CH2-Pc    ] 03
[T+478035614us][CH1-Dispenser] 03 63
[T+478102614us][CH2-Pc    ] 04
[T+478111622us][CH1-Dispenser] 04 64
[T+478180747us][CH1-Dispenser] 05
[T+478180614us][CH2-Pc    ] 05
[T+478349747us][CH1-Dispenser] 06
[T+478349614us][CH2-Pc    ] 06
[T+478524614us][CH2-Pc    ] 01
[T+478530638us][CH1-Dispenser] 01 61
[T+478602638us][CH2-Pc    ] 02
[T+478613614us][CH1-Dispenser] 02 92
[T+478629614us][CH2-Pc    ] 62
[T+478642614us][CH1-Dispenser] 62 E2 E5 E0 E1 E2 E0
[T+478718614us][CH2-Pc    ] 03
[T+478725614us][CH1-Dispenser] 03 63
[T+478796614us][CH2-Pc    ] 04
[T+478801613us][CH1-Dispenser] 04 64
[T+478864748us][CH1-Dispenser] 05
[T+478864614us][CH2-Pc    ] 05
[T+479039614us][CH1-Dispenser] 06
[T+479039748us][CH2-Pc    ] 06
[T+479205748us][CH1-Dispenser] 01
[T+479205615us][CH2-Pc    ] 01
[T+479217641us][CH1-Dispenser] 61
[T+479283638us][CH2-Pc    ] 02
[T+479289652us][CH1-Dispenser] 02 92
[T+479311614us][CH2-Pc    ] 62
[T+479327614us][CH1-Dispenser] 62 E2 E7 E5 E1 E2 E0
[T+479401616us][CH2-Pc    ] 03
[T+479406614us][CH1-Dispenser] 03 63
[T+479479614us][CH2-Pc    ] 04
[T+479485652us][CH1-Dispenser] 04 64
[T+479557749us][CH1-Dispenser] 05
[T+479557615us][CH2-Pc    ] 05
[T+479721748us][CH1-Dispenser] 06
[T+479721615us][CH2-Pc    ] 06
[T+479896614us][CH2-Pc    ] 01
[T+479904614us][CH1-Dispenser] 01 61
[T+479974614us][CH2-Pc    ] 02
[T+479980637us][CH1-Dispenser] 02 92
[T+480001639us][CH2-Pc    ] 62
[T+480016640us][CH1-Dispenser] 62 E0 E8 E0 E2 E2 E0
[T+480090614us][CH2-Pc    ] 03
[T+480097245us][CH1-Dispenser] 03 63
[T+480168638us][CH2-Pc    ] 04
[T+480176614us][CH1-Dispenser] 04 64
[T+480246749us][CH1-Dispenser] 05
[T+480246615us][CH2-Pc    ] 05
[T+480427614us][CH1-Dispenser] 06
[T+480427748us][CH2-Pc    ] 06
[T+480602747us][CH1-Dispenser] 01
[T+480602614us][CH2-Pc    ] 01
[T+480616614us][CH1-Dispenser] 61
[T+480680614us][CH2-Pc    ] 02
[T+480688243us][CH1-Dispenser] 02 92
[T+480707614us][CH2-Pc    ] 62
[T+480721614us][CH1-Dispenser] 62 E0 E0 E6 E2 E2 E0
[T+480786614us][CH2-Pc    ] 03
[T+480792652us][CH1-Dispenser] 03 63
[T+480859614us][CH2-Pc    ] 04
[T+480866614us][CH1-Dispenser] 04 64
[T+480937750us][CH1-Dispenser] 05
[T+480937615us][CH2-Pc    ] 05
[T+481112748us][CH1-Dispenser] 06
[T+481112614us][CH2-Pc    ] 06
[T+481286639us][CH2-Pc    ] 01
[T+481295243us][CH1-Dispenser] 01 61
[T+481364614us][CH2-Pc    ] 02
[T+481370734us][CH1-Dispenser] 02 92
[T+481392614us][CH2-Pc    ] 62
[T+481405614us][CH1-Dispenser] 62 E6 E8 E0 E3 E2 E0
[T+481470614us][CH2-Pc    ] 03
[T+481476652us][CH1-Dispenser] 03 63
[T+481548797us][CH2-Pc    ] 04
[T+481558614us][CH1-Dispenser] 04 64
[T+481626614us][CH1-Dispenser] 05
[T+481626745us][CH2-Pc    ] 05
[T+481801748us][CH1-Dispenser] 06
[T+481801614us][CH2-Pc    ] 06
[T+481977614us][CH2-Pc    ] 01
[T+481985614us][CH1-Dispenser] 01 61
[T+482055614us][CH2-Pc    ] 02
[T+482059614us][CH1-Dispenser] 02 92
[T+482071643us][CH2-Pc    ] 62
[T+482088614us][CH1-Dispenser] 62 E4 E9 E5 E3 E2 E0
[T+482160639us][CH2-Pc    ] 03
[T+482167614us][CH1-Dispenser] 03 63
[T+482239638us][CH2-Pc    ] 04
[T+482247210us][CH1-Dispenser] 04 64
[T+482317616us][CH1-Dispenser] 05
[T+482317749us][CH2-Pc    ] 05
[T+482491750us][CH1-Dispenser] 06
[T+482491614us][CH2-Pc    ] 06
[T+482666750us][CH1-Dispenser] 01
[T+482666615us][CH2-Pc    ] 01
[T+482678638us][CH1-Dispenser] 61
[T+482744638us][CH2-Pc    ] 02
[T+482750638us][CH1-Dispenser] 02 92
[T+482772614us][CH2-Pc    ] 62
[T+482786614us][CH1-Dispenser] 62 E4 E1 E1 E4 E2 E0
[T+482850614us][CH2-Pc    ] 03
[T+482856207us][CH1-Dispenser] 03 63
[T+482928614us][CH2-Pc    ] 04
[T+482938614us][CH1-Dispenser] 04 64
[T+483006749us][CH1-Dispenser] 05
[T+483006615us][CH2-Pc    ] 05
[T+483181749us][CH1-Dispenser] 06
[T+483181615us][CH2-Pc    ] 06
[T+483356614us][CH2-Pc    ] 01
[T+483365652us][CH1-Dispenser] 01 61
[T+483434639us][CH2-Pc    ] 02
[T+483439613us][CH1-Dispenser] 02 92
[T+483461748us][CH1-Dispenser] 62
[T+483461614us][CH2-Pc    ] 62
[T+483480614us][CH1-Dispenser] E0 E0 E6 E4 E2 E0
[T+483550614us][CH2-Pc    ] 03
[T+483557406us][CH1-Dispenser] 03 63
[T+483628614us][CH2-Pc    ] 04
[T+483635614us][CH1-Dispenser] 04 64
[T+483706748us][CH1-Dispenser] 05
[T+483706614us][CH2-Pc    ] 05
[T+483881750us][CH1-Dispenser] 06
[T+483881615us][CH2-Pc    ] 06
[T+484056614us][CH2-Pc    ] 01
[T+484065644us][CH1-Dispenser] 01 61
[T+484134638us][CH2-Pc    ] 02
[T+484140637us][CH1-Dispenser] 02 92
[T+484161638us][CH2-Pc    ] 62
[T+484177614us][CH1-Dispenser] 62 E1 E3 E1 E5 E2 E0
[T+484288639us][CH2-Pc    ] 03
[T+484297248us][CH1-Dispenser] 03 63
[T+484366614us][CH2-Pc    ] 04
[T+484370613us][CH1-Dispenser] 04 64
[T+484434615us][CH1-Dispenser] 05
[T+484434748us][CH2-Pc    ] 05
[T+484598614us][CH1-Dispenser] 06
[T+484598748us][CH2-Pc    ] 06
[T+484773614us][CH2-Pc    ] 01
[T+484781614us][CH1-Dispenser] 01 61
[T+484851614us][CH2-Pc    ] 02
[T+484860638us][CH1-Dispenser] 02 92
[T+484879614us][CH2-Pc    ] 62
[T+484892693us][CH1-Dispenser] 62 E1 E5 E6 E5 E2 E0
[T+484956614us][CH2-Pc    ] 03
[T+484963614us][CH1-Dispenser] 03 63
[T+485034614us][CH2-Pc    ] 04
[T+485043255us][CH1-Dispenser] 04 64
[T+485112750us][CH1-Dispenser] 05
[T+485112614us][CH2-Pc    ] 05
[T+485287748us][CH1-Dispenser] 06
[T+485287615us][CH2-Pc    ] 06
[T+485462614us][CH2-Pc    ] 01
[T+485469614us][CH1-Dispenser] 01 61
[T+485540614us][CH2-Pc    ] 02
[T+485545615us][CH1-Dispenser] 02 92
[T+485568614us][CH2-Pc    ] 62
[T+485583638us][CH1-Dispenser] 62 E2 E8 E1 E6 E2 E0
[T+485647614us][CH2-Pc    ] 03
[T+485657614us][CH1-Dispenser] 03 63
[T+485726639us][CH2-Pc    ] 04
[T+485732638us][CH1-Dispenser] 04 64
[T+485804749us][CH1-Dispenser] 05
[T+485804615us][CH2-Pc    ] 05
[T+485979614us][CH1-Dispenser] 06
[T+485979749us][CH2-Pc    ] 06
[T+486143614us][CH2-Pc    ] 01
[T+486151621us][CH1-Dispenser] 01 61
[T+486221614us][CH2-Pc    ] 02
[T+486230638us][CH1-Dispenser] 02 92
[T+486248638us][CH2-Pc    ] 62
[T+486261614us][CH1-Dispenser] 62 E8 E6 E6 E6 E2 E0
[T+486327638us][CH2-Pc    ] 03
[T+486338614us][CH1-Dispenser] 03 63
[T+486405614us][CH2-Pc    ] 04
[T+486412614us][CH1-Dispenser] 04 64
[T+486483615us][CH1-Dispenser] 05
[T+486484614us][CH2-Pc    ] 05
[T+486658750us][CH1-Dispenser] 06
[T+486658615us][CH2-Pc    ] 06
[T+486833614us][CH2-Pc    ] 01
[T+486840614us][CH1-Dispenser] 01 61
[T+486911614us][CH2-Pc    ] 02
[T+486919614us][CH1-Dispenser] 02 92
[T+486941748us][CH1-Dispenser] 62
[T+486941614us][CH2-Pc    ] 62
[T+486959638us][CH1-Dispenser] E8 E8 E1 E7 E2 E0
[T+487031639us][CH2-Pc    ] 03
[T+487035614us][CH1-Dispenser] 03 63
[T+487099614us][CH2-Pc    ] 04
[T+487108180us][CH1-Dispenser] 04 64
[T+487177614us][CH1-Dispenser] 05
[T+487177745us][CH2-Pc    ] 05
[T+487352746us][CH1-Dispenser] 06
[T+487352615us][CH2-Pc    ] 06
[T+487527614us][CH2-Pc    ] 01
[T+487536652us][CH1-Dispenser] 01 61
[T+487605639us][CH2-Pc    ] 02
[T+487614614us][CH1-Dispenser] 02 92
[T+487634614us][CH2-Pc    ] 62
[T+487648614us][CH1-Dispenser] 62 E4 E7 E6 E7 E2 E0
[T+487712614us][CH2-Pc    ] 03
[T+487722614us][CH1-Dispenser] 03 63
[T+487790614us][CH2-Pc    ] 04
[T+487796644us][CH1-Dispenser] 04 64
[T+487868748us][CH1-Dispenser] 05
[T+487868615us][CH2-Pc    ] 05
[T+488043747us][CH1-Dispenser] 06
[T+488043614us][CH2-Pc    ] 06
[T+488228614us][CH2-Pc    ] 01
[T+488236614us][CH1-Dispenser] 01 61
[T+488306616us][CH2-Pc    ] 02
[T+488311251us][CH1-Dispenser] 02 92
[T+488322644us][CH2-Pc    ] 62
[T+488339614us][CH1-Dispenser] 62 E5 E0 E2 E8 E2 E0
[T+488411643us][CH2-Pc    ] 03
[T+488416613us][CH1-Dispenser] 03 63
[T+488479638us][CH2-Pc    ] 04
[T+488487621us][CH1-Dispenser] 04 64
[T+488557750us][CH1-Dispenser] 05
[T+488557615us][CH2-Pc    ] 05
[T+488721751us][CH1-Dispenser] 06
[T+488721616us][CH2-Pc    ] 06
[T+488897614us][CH2-Pc    ] 01
[T+488905614us][CH1-Dispenser] 01 61
[T+488975614us][CH2-Pc    ] 02
[T+488980621us][CH1-Dispenser] 02 92
[T+489003614us][CH2-Pc    ] 62
[T+489017614us][CH1-Dispenser] 62 E1 E9 E6 E8 E2 E0
[T+489081614us][CH2-Pc    ] 03
[T+489086613us][CH1-Dispenser] 03 63
[T+489159614us][CH2-Pc    ] 04
[T+489167630us][CH1-Dispenser] 04 64
[T+489238613us][CH1-Dispenser] 05
[T+489237615us][CH2-Pc    ] 05
[T+489412615us][CH1-Dispenser] 06
[T+489412752us][CH2-Pc    ] 06
[T+489587614us][CH2-Pc    ] 01
[T+489596644us][CH1-Dispenser] 01 61
[T+489669613us][CH1-Dispenser] 02 92
[T+489665638us][CH2-Pc    ] 02
[T+489693638us][CH2-Pc    ] 62
[T+489708640us][CH1-Dispenser] 62 E2 E2 E2 E9 E2 E0
[T+489781614us][CH2-Pc    ] 03
[T+489787638us][CH1-Dispenser] 03 63
[T+489859638us][CH2-Pc    ] 04
[T+489866614us][CH1-Dispenser] 04 64
[T+489937614us][CH1-Dispenser] 05
[T+489938613us][CH2-Pc    ] 05
[T+490125614us][CH1-Dispenser] 06
[T+490125749us][CH2-Pc    ] 06
[T+490302638us][CH2-Pc    ] 01
[T+490310614us][CH1-Dispenser] 01 61
[T+490380614us][CH2-Pc    ] 02
[T+490385621us][CH1-Dispenser] 02 92
[T+490407614us][CH2-Pc    ] 62
[T+490422640us][CH1-Dispenser] 62 E9 E1 E7 E9 E2 E0
[T+490485639us][CH2-Pc    ] 03
[T+490491652us][CH1-Dispenser] 03 63
[T+490563639us][CH2-Pc    ] 04
[T+490572652us][CH1-Dispenser] 04 64
[T+490642748us][CH1-Dispenser] 05
[T+490642615us][CH2-Pc    ] 05
[T+490816748us][CH1-Dispenser] 06
[T+490816614us][CH2-Pc    ] 06
[T+490991614us][CH2-Pc    ] 01
[T+491000639us][CH1-Dispenser] 01 61
[T+491069638us][CH2-Pc    ] 02
[T+491076614us][CH1-Dispenser] 02 92
[T+491097638us][CH2-Pc    ] 62
[T+491111614us][CH1-Dispenser] 62 E9 E3 E2 E0 E3 E0
[T+491176614us][CH2-Pc    ] 03
[T+491184262us][CH1-Dispenser] 03 63
[T+491268614us][CH2-Pc    ] 04
[T+491277652us][CH1-Dispenser] 04 64
[T+491346749us][CH1-Dispenser] 05
[T+491346614us][CH2-Pc    ] 05
[T+491521748us][CH1-Dispenser] 06
[T+491521614us][CH2-Pc    ] 06
[T+491695639us][CH2-Pc    ] 01
[T+491700613us][CH1-Dispenser] 01 61
[T+491773614us][CH2-Pc    ] 02
[T+491780248us][CH1-Dispenser] 02 92
[T+491801614us][CH2-Pc    ] 62
[T+491814614us][CH1-Dispenser] 62 E7 E4 E7 E0 E3 E0
[T+491880638us][CH2-Pc    ] 03
[T+491886652us][CH1-Dispenser] 03 63
[T+491958638us][CH2-Pc    ] 04
[T+491967652us][CH1-Dispenser] 04 64
[T+492036751us][CH1-Dispenser] 05
[T+492036614us][CH2-Pc    ] 05
[T+492211614us][CH1-Dispenser] 06
[T+492211748us][CH2-Pc    ] 06
[T+492386614us][CH2-Pc    ] 01
[T+492391614us][CH1-Dispenser] 01 61
[T+492464614us][CH2-Pc    ] 02
[T+492470652us][CH1-Dispenser] 02 92
[T+492491638us][CH2-Pc    ] 62
[T+492507615us][CH1-Dispenser] 62 E1 E1 E2 E1 E3 E0
[T+492581614us][CH2-Pc    ] 03
[T+492587638us][CH1-Dispenser] 03 63
[T+492659638us][CH2-Pc    ] 04
[T+492666614us][CH1-Dispenser] 04 64
[T+492737749us][CH1-Dispenser] 05
[T+492737615us][CH2-Pc    ] 05
[T+492912749us][CH1-Dispenser] 06
[T+492912614us][CH2-Pc    ] 06
[T+493087638us][CH2-Pc    ] 01
[T+493096638us][CH1-Dispenser] 01 61
[T+493165638us][CH2-Pc    ] 02
[T+493170613us][CH1-Dispenser] 02 92
[T+493193614us][CH2-Pc    ] 62
[T+493207614us][CH1-Dispenser] 62 E0 E3 E7 E1 E3 E0
[T+493270639us][CH2-Pc    ] 03
[T+493279652us][CH1-Dispenser] 03 63
[T+493349614us][CH2-Pc    ] 04
[T+493359223us][CH1-Dispenser] 04 64
[T+493427750us][CH1-Dispenser] 05
[T+493427617us][CH2-Pc    ] 05
[T+493602615us][CH1-Dispenser] 06
[T+493602748us][CH2-Pc    ] 06
[T+493771614us][CH2-Pc    ] 01
[T+493781614us][CH1-Dispenser] 01 61
[T+493850639us][CH2-Pc    ] 02
[T+493859652us][CH1-Dispenser] 02 92
[T+493877639us][CH2-Pc    ] 62
[T+493891621us][CH1-Dispenser] 62 E0 E5 E2 E2 E3 E0
[T+493958614us][CH2-Pc    ] 03
[T+493967652us][CH1-Dispenser] 03 63
[T+494036638us][CH2-Pc    ] 04
[T+494041613us][CH1-Dispenser] 04 64
[T+494114748us][CH1-Dispenser] 05
[T+494114615us][CH2-Pc    ] 05
[T+494298614us][CH1-Dispenser] 06
[T+494298749us][CH2-Pc    ] 06
[T+494473614us][CH2-Pc    ] 01
[T+494481633us][CH1-Dispenser] 01 61
[T+494574638us][CH2-Pc    ] 02
[T+494580637us][CH1-Dispenser] 02 92
[T+494601748us][CH1-Dispenser] 62
[T+494601614us][CH2-Pc    ] 62
[T+494620614us][CH1-Dispenser] E0 E7 E7 E2 E3 E0
[T+494690614us][CH2-Pc    ] 03
[T+494698244us][CH1-Dispenser] 03 63
[T+494769614us][CH2-Pc    ] 04
[T+494776614us][CH1-Dispenser] 04 64
[T+494847747us][CH1-Dispenser] 05
[T+494847614us][CH2-Pc    ] 05
[T+495021614us][CH1-Dispenser] 06
[T+495021748us][CH2-Pc    ] 06
[T+495196614us][CH2-Pc    ] 01
[T+495206793us][CH1-Dispenser] 01 61
[T+495274614us][CH2-Pc    ] 02
[T+495280637us][CH1-Dispenser] 02 92
[T+495302614us][CH2-Pc    ] 62
[T+495318615us][CH1-Dispenser] 62 E0 E9 E2 E3 E3 E0
[T+495391614us][CH2-Pc    ] 03
[T+495398614us][CH1-Dispenser] 03 63
[T+495469614us][CH2-Pc    ] 04
[T+495477614us][CH1-Dispenser] 04 64
[T+495547614us][CH1-Dispenser] 05
[T+495547748us][CH2-Pc    ] 05
[T+495729615us][CH1-Dispenser] 06
[T+495729751us][CH2-Pc    ] 06
[T+495893614us][CH2-Pc    ] 01
[T+495900614us][CH1-Dispenser] 01 61
[T+495972638us][CH2-Pc    ] 02
[T+495981638us][CH1-Dispenser] 02 92
[T+495999639us][CH2-Pc    ] 62
[T+496012614us][CH1-Dispenser] 62 E0 E1 E8 E3 E3 E0
[T+496078638us][CH2-Pc    ] 03
[T+496088614us][CH1-Dispenser] 03 63
[T+496156614us][CH2-Pc    ] 04
[T+496163271us][CH1-Dispenser] 04 64
[T+496234615us][CH1-Dispenser] 05
[T+496234749us][CH2-Pc    ] 05
[T+496409614us][CH1-Dispenser] 06
[T+496409748us][CH2-Pc    ] 06
[T+496584614us][CH2-Pc    ] 01
[T+496593638us][CH1-Dispenser] 01 61
[T+496662638us][CH2-Pc    ] 02
[T+496672614us][CH1-Dispenser] 02 92
[T+496691614us][CH2-Pc    ] 62
[T+496702118us][CH1-Dispenser] 62 E6 E9 E2 E4 E3 E0
[T+496768614us][CH2-Pc    ] 03
[T+496776614us][CH1-Dispenser] 03 63
[T+496846614us][CH2-Pc    ] 04
[T+496852652us][CH1-Dispenser] 04 64
[T+496925748us][CH1-Dispenser] 05
[T+496925614us][CH2-Pc    ] 05
[T+497099748us][CH1-Dispenser] 06
[T+497099615us][CH2-Pc    ] 06
[T+497274614us][CH2-Pc    ] 01
[T+497280637us][CH1-Dispenser] 01 61
[T+497352638us][CH2-Pc    ] 02
[T+497361653us][CH1-Dispenser] 02 92
[T+497380614us][CH2-Pc    ] 62
[T+497394621us][CH1-Dispenser] 62 E4 E0 E8 E4 E3 E0
[T+497459614us][CH2-Pc    ] 03
[T+497468641us][CH1-Dispenser] 03 63
[T+497537638us][CH2-Pc    ] 04
[T+497542613us][CH1-Dispenser] 04 64
[T+497615614us][CH1-Dispenser] 05
[T+497615748us][CH2-Pc    ] 05
[T+497790751us][CH1-Dispenser] 06
[T+497790614us][CH2-Pc    ] 06
[T+497965614us][CH2-Pc    ] 01
[T+497972614us][CH1-Dispenser] 01 61
[T+498043614us][CH2-Pc    ] 02
[T+498052639us][CH1-Dispenser] 02 92
[T+498070638us][CH2-Pc    ] 62
[T+498083614us][CH1-Dispenser] 62 E0 E9 E2 E5 E3 E0
[T+498148614us][CH2-Pc    ] 03
[T+498158614us][CH1-Dispenser] 03 63
[T+498227639us][CH2-Pc    ] 04
[T+498232613us][CH1-Dispenser] 04 64
[T+498305748us][CH1-Dispenser] 05
[T+498305615us][CH2-Pc    ] 05
[T+498479614us][CH1-Dispenser] 06
[T+498479747us][CH2-Pc    ] 06
[T+498643614us][CH2-Pc    ] 01
[T+498651615us][CH1-Dispenser] 01 61
[T+498722614us][CH2-Pc    ] 02
[T+498730621us][CH1-Dispenser] 02 92
[T+498749614us][CH2-Pc    ] 62
[T+498762757us][CH1-Dispenser] 62 E7 E8 E7 E5 E3 E0
[T+498827614us][CH2-Pc    ] 03
[T+498832614us][CH1-Dispenser] 03 63
[T+498925639us][CH2-Pc    ] 04
[T+498931652us][CH1-Dispenser] 04 64
[T+499003748us][CH1-Dispenser] 05
[T+499003614us][CH2-Pc    ] 05
[T+499178751us][CH1-Dispenser] 06
[T+499178616us][CH2-Pc    ] 06
[T+499352638us][CH2-Pc    ] 01
[T+499362152us][CH1-Dispenser] 01 61
[T+499431614us][CH2-Pc    ] 02
[T+499437637us][CH1-Dispenser] 02 92
[T+499462748us][CH1-Dispenser] 62
[T+499462614us][CH2-Pc    ] 62
[T+499480639us][CH1-Dispenser] E8 E1 E3 E6 E3 E0
[T+499551614us][CH2-Pc    ] 03
[T+499556621us][CH1-Dispenser] 03 63
[T+499629614us][CH2-Pc    ] 04
[T+499638224us][CH1-Dispenser] 04 64
[T+499707614us][CH1-Dispenser] 05
[T+499707748us][CH2-Pc    ] 05
[T+499882753us][CH1-Dispenser] 06
[T+499882614us][CH2-Pc    ] 06
[T+500056639us][CH2-Pc    ] 01
[T+500061613us][CH1-Dispenser] 01 61
[T+500124638us][CH2-Pc    ] 02
[T+500132241us][CH1-Dispenser] 02 92
[T+500151614us][CH2-Pc    ] 62
[T+500162614us][CH1-Dispenser] 62 E9 E4 E8 E6 E3 E0
[T+500229614us][CH2-Pc    ] 03
[T+500237621us][CH1-Dispenser] 03 63
[T+500307614us][CH2-Pc    ] 04
[T+500311613us][CH1-Dispenser] 04 64
[T+500375737us][CH1-Dispenser] 05
[T+500375615us][CH2-Pc    ] 05
[T+500550750us][CH1-Dispenser] 06
[T+500550614us][CH2-Pc    ] 06
[T+500724640us][CH2-Pc    ] 01
[T+500731292us][CH1-Dispenser] 01 61
[T+500802643us][CH2-Pc    ] 02
[T+500812213us][CH1-Dispenser] 02 92
[T+500830614us][CH2-Pc    ] 62
[T+500842640us][CH1-Dispenser] 62 E4 E2 E3 E7 E3 E0
[T+500909614us][CH2-Pc    ] 03
[T+500917621us][CH1-Dispenser] 03 63
[T+500987614us][CH2-Pc    ] 04
[T+500992614us][CH1-Dispenser] 04 64
[T+501065748us][CH1-Dispenser] 05
[T+501065615us][CH2-Pc    ] 05
[T+501238748us][CH1-Dispenser] 06
[T+501238615us][CH2-Pc    ] 06
[T+501413614us][CH2-Pc    ] 01
[T+501421614us][CH1-Dispenser] 01 61
[T+501491614us][CH2-Pc    ] 02
[T+501497214us][CH1-Dispenser] 02 92
[T+501523639us][CH2-Pc    ] 62
[T+501536614us][CH1-Dispenser] 62 E2 E3 E8 E7 E3 E0
[T+501602638us][CH2-Pc    ] 03
[T+501609614us][CH1-Dispenser] 03 63
[T+501680614us][CH2-Pc    ] 04
[T+501690614us][CH1-Dispenser] 04 64
[T+501759615us][CH1-Dispenser] 05
[T+501759748us][CH2-Pc    ] 05
[T+501933748us][CH1-Dispenser] 06
[T+501933614us][CH2-Pc    ] 06
[T+502097614us][CH2-Pc    ] 01
[T+502108614us][CH1-Dispenser] 01 61
[T+502176614us][CH2-Pc    ] 02
[T+502181621us][CH1-Dispenser] 02 92
[T+502224614us][CH2-Pc    ] 62
[T+502238614us][CH1-Dispenser] 62 E4 E6 E3 E8 E3 E0
[T+502302614us][CH2-Pc    ] 03
[T+502308638us][CH1-Dispenser] 03 63
[T+502381614us][CH2-Pc    ] 04
[T+502387652us][CH1-Dispenser] 04 64
[T+502459614us][CH1-Dispenser] 05
[T+502459747us][CH2-Pc    ] 05
[T+502634616us][CH1-Dispenser] 06
[T+502634749us][CH2-Pc    ] 06
[T+502808638us][CH2-Pc    ] 01
[T+502816614us][CH1-Dispenser] 01 61
[T+502886614us][CH2-Pc    ] 02
[T+502892653us][CH1-Dispenser] 02 92
[T+502914614us][CH2-Pc    ] 62
[T+502927615us][CH1-Dispenser] 62 E9 E4 E8 E8 E3 E0
[T+502992614us][CH2-Pc    ] 03
[T+502998638us][CH1-Dispenser] 03 63
[T+503070638us][CH2-Pc    ] 04
[T+503079614us][CH1-Dispenser] 04 64
[T+503148746us][CH1-Dispenser] 05
[T+503148614us][CH2-Pc    ] 05
[T+503323749us][CH1-Dispenser] 06
[T+503323615us][CH2-Pc    ] 06
[T+503487620us][CH2-Pc    ] 01
[T+503496681us][CH1-Dispenser] 01 61
[T+503566614us][CH2-Pc    ] 02
[T+503571254us][CH1-Dispenser] 02 92
[T+503583614us][CH2-Pc    ] 62
[T+503599614us][CH1-Dispenser] 62 E7 E4 E3 E9 E3 E0
[T+503672614us][CH2-Pc    ] 03
[T+503677613us][CH1-Dispenser] 03 63
[T+503750614us][CH2-Pc    ] 04
[T+503756638us][CH1-Dispenser] 04 64
[T+503828749us][CH1-Dispenser] 05
[T+503828615us][CH2-Pc    ] 05
[T+504003749us][CH1-Dispenser] 06
[T+504003614us][CH2-Pc    ] 06
[T+504177638us][CH2-Pc    ] 01
[T+504187614us][CH1-Dispenser] 01 61
[T+504256638us][CH2-Pc    ] 02
[T+504263614us][CH1-Dispenser] 02 92
[T+504283615us][CH2-Pc    ] 62
[T+504297614us][CH1-Dispenser] 62 E4 E7 E6 E9 E3 E0
[T+504363638us][CH2-Pc    ] 03
[T+504373614us][CH1-Dispenser] 03 63
[T+504441614us][CH2-Pc    ] 04
[T+504450638us][CH1-Dispenser] 04 64
[T+504519748us][CH1-Dispenser] 05
[T+504519614us][CH2-Pc    ] 05
[T+504694750us][CH1-Dispenser] 06
[T+504694615us][CH2-Pc    ] 06
[T+504865638us][CH2-Pc    ] 01
[T+504871712us][CH1-Dispenser] 01 61
[T+504943638us][CH2-Pc    ] 02
[T+504951621us][CH1-Dispenser] 02 92
[T+504970614us][CH2-Pc    ] 62
[T+504986614us][CH1-Dispenser] 62 E6 E8 E6 E9 E3 E0
[T+505060614us][CH2-Pc    ] 03
[T+505068614us][CH1-Dispenser] 03 63
[T+505137638us][CH2-Pc    ] 04
[T+505143238us][CH1-Dispenser] 04 64
[T+505216614us][CH1-Dispenser] 05
[T+505216748us][CH2-Pc    ] 05
[T+505401749us][CH1-Dispenser] 06
[T+505401615us][CH2-Pc    ] 06
[T+505565614us][CH2-Pc    ] 01
[T+505572614us][CH1-Dispenser] 01 61
[T+505643614us][CH2-Pc    ] 02
[T+505652238us][CH1-Dispenser] 02 92
[T+505671614us][CH2-Pc    ] 62
[T+505682614us][CH1-Dispenser] 62 E0 E2 E7 E9 E3 E0
[T+505750614us][CH2-Pc    ] 03
[T+505757614us][CH1-Dispenser] 03 63
[T+505828614us][CH2-Pc    ] 04
[T+505834652us][CH1-Dispenser] 04 64
[T+505906747us][CH1-Dispenser] 05
[T+505906614us][CH2-Pc    ] 05
[T+506081615us][CH1-Dispenser] 06
[T+506081750us][CH2-Pc    ] 06
[T+506256614us][CH2-Pc    ] 01
[T+506261613us][CH1-Dispenser] 01 61
[T+506335614us][CH2-Pc    ] 02
[T+506342614us][CH1-Dispenser] 02 92
[T+506362614us][CH2-Pc    ] 62
[T+506378614us][CH1-Dispenser] 62 E5 E6 E7 E9 E3 E0
[T+506451614us][CH2-Pc    ] 03
[T+506458614us][CH1-Dispenser] 03 63
[T+506529614us][CH2-Pc    ] 04
[T+506538270us][CH1-Dispenser] 04 64
[T+506607614us][CH1-Dispenser] 05
[T+506607751us][CH2-Pc    ] 05
[T+506793614us][CH1-Dispenser] 06
[T+506793748us][CH2-Pc    ] 06
[T+506959614us][CH2-Pc    ] 01
[T+506966614us][CH1-Dispenser] 01 61
[T+507037614us][CH2-Pc    ] 02
[T+507043637us][CH1-Dispenser] 02 92
[T+507064638us][CH2-Pc    ] 62
[T+507078614us][CH1-Dispenser] 62 E9 E9 E7 E9 E3 E0
[T+507143614us][CH2-Pc    ] 03
[T+507148615us][CH1-Dispenser] 03 63
[T+507211614us][CH2-Pc    ] 04
[T+507218672us][CH1-Dispenser] 04 64
[T+507289614us][CH1-Dispenser] 05
[T+507289748us][CH2-Pc    ] 05
[T+507464615us][CH1-Dispenser] 06
[T+507464752us][CH2-Pc    ] 06
[T+507628614us][CH2-Pc    ] 01
[T+507637638us][CH1-Dispenser] 01 61
[T+507724638us][CH2-Pc    ] 02
[T+507731614us][CH1-Dispenser] 02 92
[T+507752639us][CH2-Pc    ] 62
[T+507764618us][CH1-Dispenser] 62 E3 E3 E8 E9 E3 E0
[T+507830638us][CH2-Pc    ] 03
[T+507838614us][CH1-Dispenser] 03 63
[T+507911641us][CH1-Dispenser] 04 64
[T+507908614us][CH2-Pc    ] 04
[T+507975748us][CH1-Dispenser] 05
[T+507975614us][CH2-Pc    ] 05
[T+508150747us][CH1-Dispenser] 06
[T+508150614us][CH2-Pc    ] 06
[T+508314614us][CH2-Pc    ] 01
[T+508323252us][CH1-Dispenser] 01 61
[T+508392614us][CH2-Pc    ] 02
[T+508402614us][CH1-Dispenser] 02 92
[T+508419614us][CH2-Pc    ] 62
[T+508434638us][CH1-Dispenser] 62 E8 E7 E8 E9 E3 E0
[T+508498614us][CH2-Pc    ] 03
[T+508504254us][CH1-Dispenser] 03 63
[T+508576614us][CH2-Pc    ] 04
[T+508585649us][CH1-Dispenser] 04 64
[T+508654614us][CH1-Dispenser] 05
[T+508654748us][CH2-Pc    ] 05
[T+508835614us][CH1-Dispenser] 06
[T+508835747us][CH2-Pc    ] 06
[T+509007614us][CH2-Pc    ] 01
[T+509018616us][CH1-Dispenser] 01 61
[T+509085614us][CH2-Pc    ] 02
[T+509092614us][CH1-Dispenser] 02 92
[T+509113638us][CH2-Pc    ] 62
[T+509129614us][CH1-Dispenser] 62 E2 E1 E9 E9 E3 E0
[T+509202614us][CH2-Pc    ] 03
[T+509208253us][CH1-Dispenser] 03 63
[T+509280614us][CH2-Pc    ] 04
[T+509288614us][CH1-Dispenser] 04 64
[T+509358748us][CH1-Dispenser] 05
[T+509358614us][CH2-Pc    ] 05
[T+509533751us][CH1-Dispenser] 06
[T+509533615us][CH2-Pc    ] 06
[T+509709615us][CH2-Pc    ] 01
[T+509716614us][CH1-Dispenser] 01 61
[T+509787614us][CH2-Pc    ] 02
[T+509793211us][CH1-Dispenser] 02 92
[T+509814614us][CH2-Pc    ] 62
[T+509828614us][CH1-Dispenser] 62 E7 E5 E9 E9 E3 E0
[T+509892614us][CH2-Pc    ] 03
[T+509899614us][CH1-Dispenser] 03 63
[T+509970614us][CH2-Pc    ] 04
[T+509980614us][CH1-Dispenser] 04 64
[T+510048614us][CH1-Dispenser] 05
[T+510049614us][CH2-Pc    ] 05
[T+510223752us][CH1-Dispenser] 06
[T+510223615us][CH2-Pc    ] 06
[T+510400638us][CH2-Pc    ] 01
[T+510407614us][CH1-Dispenser] 01 61
[T+510478614us][CH2-Pc    ] 02
[T+510487255us][CH1-Dispenser] 02 92
[T+510505614us][CH2-Pc    ] 62
[T+510519614us][CH1-Dispenser] 62 E0 E0 E0 E0 E4 E0
[T+510584614us][CH2-Pc    ] 03
[T+510593639us][CH1-Dispenser] 03 63
[T+510662638us][CH2-Pc    ] 04
[T+510668652us][CH1-Dispenser] 04 64
[T+510740748us][CH1-Dispenser] 05
[T+510740614us][CH2-Pc    ] 05
[T+510915749us][CH1-Dispenser] 06
[T+510915615us][CH2-Pc    ] 06
[T+511089638us][CH2-Pc    ] 01
[T+511096614us][CH1-Dispenser] 01 61
[T+511167614us][CH2-Pc    ] 02
[T+511177614us][CH1-Dispenser] 02 92
[T+511195638us][CH2-Pc    ] 62
[T+511208614us][CH1-Dispenser] 62 E0 E0 E0 E0 E4 E0
[T+511273614us][CH2-Pc    ] 03
[T+511277613us][CH1-Dispenser] 03 63
[T+511340638us][CH2-Pc    ] 04
[T+511351062us][CH1-Dispenser] 04 64
[T+511419748us][CH1-Dispenser] 05
[T+511419614us][CH2-Pc    ] 05
[T+511604750us][CH1-Dispenser] 06
[T+511604615us][CH2-Pc    ] 06
[T+511768614us][CH2-Pc    ] 01
[T+511778614us][CH1-Dispenser] 01 61
[T+511846614us][CH2-Pc    ] 02
[T+511851613us][CH1-Dispenser] 02 92
[T+511874614us][CH2-Pc    ] 62
[T+511888616us][CH1-Dispenser] 62 E0 E0 E0 E0 E4 E0
[T+511954638us][CH2-Pc    ] 03
[T+511962625us][CH1-Dispenser] 03 63
[T+512032614us][CH2-Pc    ] 04
[T+512038637us][CH1-Dispenser] 04 64
[T+512110749us][CH1-Dispenser] 05
[T+512110614us][CH2-Pc    ] 05
[T+512285748us][CH1-Dispenser] 06
[T+512285614us][CH2-Pc    ] 06
[T+512459638us][CH2-Pc    ] 01
[T+512467248us][CH1-Dispenser] 01 61
[T+512538638us][CH2-Pc    ] 02
[T+512546614us][CH1-Dispenser] 02 92
[T+512565614us][CH2-Pc    ] 62
[T+512577643us][CH1-Dispenser] 62 E0 E0 E0 E0 E4 E0
[T+512645614us][CH2-Pc    ] 03
[T+512653232us][CH1-Dispenser] 03 63
[T+512722614us][CH2-Pc    ] 04
[T+512728638us][CH1-Dispenser] 04 64
[T+512800748us][CH1-Dispenser] 05
[T+512800615us][CH2-Pc    ] 05
[T+512977750us][CH1-Dispenser] 06
[T+512977615us][CH2-Pc    ] 06
[T+513152614us][CH2-Pc    ] 01
[T+513157621us][CH1-Dispenser] 01 61
[T+513230614us][CH2-Pc    ] 02
[T+513236637us][CH1-Dispenser] 02 92
[T+513257638us][CH2-Pc    ] 62
[T+513268614us][CH1-Dispenser] 62 E0 E0 E0 E0 E4 E0
[T+513336614us][CH2-Pc    ] 03
[T+513344614us][CH1-Dispenser] 03 63
[T+513415614us][CH2-Pc    ] 04
[T+513423614us][CH1-Dispenser] 04 64
[T+513493748us][CH1-Dispenser] 05
[T+513493614us][CH2-Pc    ] 05
[T+513667748us][CH1-Dispenser] 06
[T+513667615us][CH2-Pc    ] 06
[T+513831614us][CH2-Pc    ] 01
[T+513837652us][CH1-Dispenser] 01 61
[T+513910614us][CH2-Pc    ] 02
[T+513916638us][CH1-Dispenser] 02 92
[T+513937638us][CH2-Pc    ] 62
[T+513949644us][CH1-Dispenser] 62 E0 E0 E0 E0 E4 E0
[T+514015640us][CH2-Pc    ] 03
[T+514026618us][CH1-Dispenser] 03 63
[T+514093614us][CH2-Pc    ] 04
[T+514097613us][CH1-Dispenser] 04 64
[T+514161747us][CH1-Dispenser] 05
[T+514161614us][CH2-Pc    ] 05
[T+514331748us][CH1-Dispenser] 06
[T+514331615us][CH2-Pc    ] 06
[T+514506614us][CH2-Pc    ] 01
[T+514512652us][CH1-Dispenser] 01 61
[T+514584638us][CH2-Pc    ] 02
[T+514591614us][CH1-Dispenser] 02 92
[T+514612638us][CH2-Pc    ] 62
[T+514626615us][CH1-Dispenser] 62 E0 E0 E0 E0 E4 E0
[T+514690614us][CH2-Pc    ] 03
[T+514699638us][CH1-Dispenser] 03 63
[T+514780638us][CH2-Pc    ] 04
[T+514787614us][CH1-Dispenser] 04 64
[T+514858749us][CH1-Dispenser] 05
[T+514858615us][CH2-Pc    ] 05
[T+515033614us][CH1-Dispenser] 06
[T+515033748us][CH2-Pc    ] 06
[T+515207640us][CH2-Pc    ] 01
[T+515213638us][CH1-Dispenser] 01 61
[T+515286614us][CH2-Pc    ] 02
[T+515292653us][CH1-Dispenser] 02 92
[T+515313638us][CH2-Pc    ] 62
[T+515329614us][CH1-Dispenser] 62 E0 E0 E0 E0 E4 E0
[T+515402614us][CH2-Pc    ] 03
[T+515407613us][CH1-Dispenser] 03 63
[T+515480614us][CH2-Pc    ] 04
[T+515488621us][CH1-Dispenser] 04 64
[T+515558615us][CH1-Dispenser] 05
[T+515558749us][CH2-Pc    ] 05
[T+515721748us][CH1-Dispenser] 06
[T+515721615us][CH2-Pc    ] 06
[T+515904639us][CH2-Pc    ] 01
[T+515913644us][CH1-Dispenser] 01 61
[T+515982639us][CH2-Pc    ] 02
[T+515987613us][CH1-Dispenser] 02 92
[T+516009614us][CH2-Pc    ] 62
[T+516023614us][CH1-Dispenser] 62 E0 E0 E0 E0 E4 E0
[T+516088614us][CH2-Pc    ] 03
[T+516097243us][CH1-Dispenser] 03 63
[T+516166614us][CH2-Pc    ] 04
[T+516175652us][CH1-Dispenser] 04 64
[T+516245748us][CH1-Dispenser] 05
[T+516245614us][CH2-Pc    ] 05
[T+516409748us][CH1-Dispenser] 06
[T+516409614us][CH2-Pc    ] 06
[T+516583640us][CH2-Pc    ] 01
[T+516595617us][CH1-Dispenser] 01 61
[T+516662614us][CH2-Pc    ] 02
[T+516667240us][CH1-Dispenser] 02 92
[T+516689614us][CH2-Pc    ] 62
[T+516703614us][CH1-Dispenser] 62 E0 E0 E0 E0 E4 E0
[T+516767614us][CH2-Pc    ] 03
[T+516773903us][CH1-Dispenser] 03 63
[T+516845639us][CH2-Pc    ] 04
[T+516853215us][CH1-Dispenser] 04 64
[T+516923615us][CH1-Dispenser] 05
[T+516923747us][CH2-Pc    ] 05
[T+517098747us][CH1-Dispenser] 06
[T+517098614us][CH2-Pc    ] 06
[T+517274614us][CH2-Pc    ] 01
[T+517282614us][CH1-Dispenser] 01 61
[T+517352614us][CH2-Pc    ] 02
[T+517357621us][CH1-Dispenser] 02 92
[T+517379614us][CH2-Pc    ] 62
[T+517394638us][CH1-Dispenser] 62 E0 E0 E0 E0 E4 E0
[T+517458614us][CH2-Pc    ] 03
[T+517466216us][CH1-Dispenser] 03 63
[T+517537639us][CH2-Pc    ] 04
[T+517544614us][CH1-Dispenser] 04 64
[T+517615614us][CH1-Dispenser] 05
[T+517615748us][CH2-Pc    ] 05
[T+517789750us][CH1-Dispenser] 06
[T+517789614us][CH2-Pc    ] 06
[T+517964614us][CH2-Pc    ] 01
[T+517972614us][CH1-Dispenser] 01 61
[T+518042614us][CH2-Pc    ] 02
[T+518048693us][CH1-Dispenser] 02 A2
[T+518620614us][CH2-Pc    ] 03
[T+518629650us][CH1-Dispenser] 03 63
[T+518699614us][CH2-Pc    ] 04
[T+518703613us][CH1-Dispenser] 04 64
[T+518766749us][CH1-Dispenser] 05
[T+518766615us][CH2-Pc    ] 05
[T+518941748us][CH1-Dispenser] 06
[T+518941614us][CH2-Pc    ] 06
[T+519116614us][CH2-Pc    ] 01
[T+519122652us][CH1-Dispenser] 01 61
[T+519194639us][CH2-Pc    ] 02
[T+519201614us][CH1-Dispenser] 02 62
[T+519772614us][CH2-Pc    ] 03
[T+519779614us][CH1-Dispenser] 03 63
[T+519850616us][CH2-Pc    ] 04
[T+519858621us][CH1-Dispenser] 04 64
[T+519928747us][CH1-Dispenser] 05
[T+519928615us][CH2-Pc    ] 05
[T+520103747us][CH1-Dispenser] 06
[T+520103614us][CH2-Pc    ] 06
[T+520268614us][CH2-Pc    ] 01
[T+520278079us][CH1-Dispenser] 01 61
[T+520346638us][CH2-Pc    ] 02
[T+520353614us][CH1-Dispenser] 02 62
[T+520373748us][CH1-Dispenser] 42
[T+520373614us][CH2-Pc    ] 42
[T+520425614us][CH1-Dispenser] FF F1 F8 EB E1 E0 E0 E0 F6 E0 F4 F7 E0 E3 E1 E1 F9 E0 E0 E4 E5 E3 E0 FA E0 E0 E0 E0 E4 E0 FB E8 F0
[T+520447749us][CH1-Dispenser] 52
[T+520447614us][CH2-Pc    ] 52
[T+520579639us][CH1-Dispenser] FF F6 E0 F9 E7 E3 E5 E1 E4 E6 E6 E2 FA E7 E1 E5 E4 E5 E8 E2 E8 F4 E0 E3 E1 E1 F5 E0 E0 E0 E0 F6 E1 F9 E8 E6 E9 E6 E0 E6 E5 E3 FA E3 E2 E4 E2 E4 E2 E2 E8 F4 E0 E0 E1 E1 F5 E0 E0 E0 E0 F6 E2 F9 E2 E3 E9 E0 E1 E4 E9 E9 FA E9 E1 E3 E3 E7 E1 E1 E8 F4 E0 E3 E4 E1 F5 E0 E0 E0 E0 FB E8 F0
[T+520648638us][CH2-Pc    ] 03
[T+520652613us][CH1-Dispenser] 03 63
[T+520726614us][CH2-Pc    ] 04
[T+520736220us][CH1-Dispenser] 04 64
[T+520804747us][CH1-Dispenser] 05
[T+520804614us][CH2-Pc    ] 05
[T+520979616us][CH1-Dispenser] 06
[T+520979750us][CH2-Pc    ] 06
[T+521143614us][CH2-Pc    ] 01
[T+521153614us][CH1-Dispenser] 01 61
[T+521221614us][CH2-Pc    ] 02
[T+521227637us][CH1-Dispenser] 02 62
[T+521248750us][CH1-Dispenser] 42
[T+521248614us][CH2-Pc    ] 42
[T+521302638us][CH1-Dispenser] FF F1 F8 EB E1 E0 E0 E0 F6 E0 F4 F7 E0 E3 E1 E1 F9 E0 E0 E4 E5 E3 E0 FA E0 E0 E0 E0 E4 E0 FB E8 F0
[T+521322748us][CH1-Dispenser] 52
[T+521322614us][CH2-Pc    ] 52
[T+521451640us][CH1-Dispenser] FF F6 E0 F9 E7 E3 E5 E1 E4 E6 E6 E2 FA E7 E1 E5 E4 E5 E8 E2 E8 F4 E0 E3 E1 E1 F5 E0 E0 E0 E0 F6 E1 F9 E8 E6 E9 E6 E0 E6 E5 E3 FA E3 E2 E4 E2 E4 E2 E2 E8 F4 E0 E0 E1 E1 F5 E0 E0 E0 E0 F6 E2 F9 E2 E3 E9 E0 E1 E4 E9 E9 FA E9 E1 E3 E3 E7 E1 E1 E8 F4 E0 E3 E4 E1 F5 E0 E0 E0 E0 FB E8 F0
[T+521529639us][CH2-Pc    ] 03
[T+521537614us][CH1-Dispenser] 03 63
[T+521607614us][CH2-Pc    ] 04
[T+521613637us][CH1-Dispenser] 04 64
[T+521685747us][CH1-Dispenser] 05
[T+521685614us][CH2-Pc    ] 05
[T+521871837us][CH1-Dispenser] 06
[T+521871704us][CH2-Pc    ] 06
[T+522035614us][CH2-Pc    ] 01
[T+522042614us][CH1-Dispenser] 01 61
[T+522113614us][CH2-Pc    ] 02
[T+522119258us][CH1-Dispenser] 02 62
[T+522191614us][CH2-Pc    ] 03
[T+522199801us][CH1-Dispenser] 03 63
[T+522269614us][CH2-Pc    ] 04
[T+522274613us][CH1-Dispenser] 04 64
[T+522347747us][CH1-Dispenser] 05
[T+522347614us][CH2-Pc    ] 05
[T+522522614us][CH1-Dispenser] 06
[T+522522748us][CH2-Pc    ] 06
[T+522697614us][CH2-Pc    ] 01
[T+522702613us][CH1-Dispenser] 01 61
[T+522775614us][CH2-Pc    ] 02
[T+522786196us][CH1-Dispenser] 02 62
[T+522853614us][CH2-Pc    ] 03
[T+522859266us][CH1-Dispenser] 03 63
[T+522931614us][CH2-Pc    ] 04
[T+522939614us][CH1-Dispenser] 04 64
[T+523011751us][CH1-Dispenser] 05
[T+523011615us][CH2-Pc    ] 05
[T+523177750us][CH1-Dispenser] 06
[T+523177614us][CH2-Pc    ] 06
[T+523352614us][CH2-Pc    ] 01
[T+523358622us][CH1-Dispenser] 01 61
[T+523430644us][CH2-Pc    ] 02
[T+523439652us][CH1-Dispenser] 02 62
[T+523508638us][CH2-Pc    ] 03
[T+523514638us][CH1-Dispenser] 03 63
[T+523590614us][CH2-Pc    ] 04
[T+523599622us][CH1-Dispenser] 04 64
[T+523668747us][CH1-Dispenser] 05
[T+523668615us][CH2-Pc    ] 05
[T+523854747us][CH1-Dispenser] 06
[T+523854614us][CH2-Pc    ] 06
[T+524027614us][CH2-Pc    ] 01
[T+524033638us][CH1-Dispenser] 01 61
[T+524105638us][CH2-Pc    ] 02
[T+524114642us][CH1-Dispenser] 02 62
[T+524183638us][CH2-Pc    ] 03
[T+524189255us][CH1-Dispenser] 03 63
[T+524261638us][CH2-Pc    ] 04
[T+524269995us][CH1-Dispenser] 04 64
[T+524340751us][CH1-Dispenser] 05
[T+524340614us][CH2-Pc    ] 05
[T+524526614us][CH1-Dispenser] 06
[T+524526749us][CH2-Pc    ] 06
[T+524690614us][CH2-Pc    ] 01
[T+524698615us][CH1-Dispenser] 01 61
[T+524769614us][CH2-Pc    ] 02
[T+524779614us][CH1-Dispenser] 02 62
[T+524848638us][CH2-Pc    ] 03
[T+524854638us][CH1-Dispenser] 03 63
[T+524926640us][CH2-Pc    ] 04
[T+524936614us][CH1-Dispenser] 04 64
[T+525018615us][CH1-Dispenser] 05
[T+525018748us][CH2-Pc    ] 05
[T+525196614us][CH1-Dispenser] 06
[T+525195614us][CH2-Pc    ] 06
[T+525370639us][CH2-Pc    ] 01
[T+525378614us][CH1-Dispenser] 01 61
[T+525448614us][CH2-Pc    ] 02
[T+525459614us][CH1-Dispenser] 02 62
[T+525527614us][CH2-Pc    ] 03
[T+525537614us][CH1-Dispenser] 03 63
[T+525605614us][CH2-Pc    ] 04
[T+525613615us][CH1-Dispenser] 04 64
[T+525702750us][CH1-Dispenser] 05
[T+525702614us][CH2-Pc    ] 05
[T+525888753us][CH1-Dispenser] 06
[T+525888616us][CH2-Pc    ] 06
[T+526067614us][CH2-Pc    ] 01
[T+526073652us][CH1-Dispenser] 01 61
[T+526145638us][CH2-Pc    ] 02
[T+526152614us][CH1-Dispenser] 02 62
[T+526223614us][CH2-Pc    ] 03
[T+526232269us][CH1-Dispenser] 03 63
[T+526298614us][CH2-Pc    ] 04
[T+526304261us][CH1-Dispenser] 04 64
[T+526376750us][CH1-Dispenser] 05
[T+526376614us][CH2-Pc    ] 05
[T+526558614us][CH1-Dispenser] 06
[T+526558750us][CH2-Pc    ] 06
[T+526730614us][CH2-Pc    ] 01
[T+526738614us][CH1-Dispenser] 01 61
[T+526808614us][CH2-Pc    ] 02
[T+526813621us][CH1-Dispenser] 02 62
[T+526886614us][CH1-Dispenser] 03
[T+526886748us][CH2-Pc    ] 03
[T+526898709us][CH1-Dispenser] 63
[T+526965614us][CH2-Pc    ] 04
[T+526975614us][CH1-Dispenser] 04 64
[T+527043749us][CH1-Dispenser] 05
[T+527043616us][CH2-Pc    ] 05
[T+527230616us][CH1-Dispenser] 06
[T+527230748us][CH2-Pc    ] 06
[T+527394614us][CH2-Pc    ] 01
[T+527403647us][CH1-Dispenser] 01 61
[T+527476613us][CH1-Dispenser] 02 62
[T+527472639us][CH2-Pc    ] 02
[T+527550614us][CH2-Pc    ] 03
[T+527559652us][CH1-Dispenser] 03 63
[T+527642614us][CH2-Pc    ] 04
[T+527650248us][CH1-Dispenser] 04 64
[T+527721751us][CH1-Dispenser] 05
[T+527721615us][CH2-Pc    ] 05
[T+527904615us][CH1-Dispenser] 06
[T+527904749us][CH2-Pc    ] 06
[T+528091614us][CH2-Pc    ] 01
[T+528098614us][CH1-Dispenser] 01 61
[T+528169614us][CH2-Pc    ] 02
[T+528178614us][CH1-Dispenser] 02 62
[T+528247638us][CH2-Pc    ] 03
[T+528256291us][CH1-Dispenser] 03 63
[T+528326614us][CH2-Pc    ] 04
[T+528335226us][CH1-Dispenser] 04 64
[T+528404748us][CH1-Dispenser] 05
[T+528404614us][CH2-Pc    ] 05
[T+528589748us][CH1-Dispenser] 06
[T+528589614us][CH2-Pc    ] 06
[T+528753614us][CH2-Pc    ] 01
[T+528759639us][CH1-Dispenser] 01 61
[T+528831638us][CH2-Pc    ] 02
[T+528837638us][CH1-Dispenser] 02 62
[T+528909639us][CH2-Pc    ] 03
[T+528914614us][CH1-Dispenser] 03 63
[T+528987614us][CH2-Pc    ] 04
[T+528993653us][CH1-Dispenser] 04 64
[T+529066615us][CH1-Dispenser] 05
[T+529066749us][CH2-Pc    ] 05
[T+529240614us][CH1-Dispenser] 06
[T+529241613us][CH2-Pc    ] 06
[T+529415614us][CH2-Pc    ] 01
[T+529424252us][CH1-Dispenser] 01 61
[T+529493614us][CH2-Pc    ] 02
[T+529498613us][CH1-Dispenser] 02 62
[T+529572614us][CH2-Pc    ] 03
[T+529579614us][CH1-Dispenser] 03 63
[T+529650614us][CH2-Pc    ] 04
[T+529658614us][CH1-Dispenser] 04 64
[T+529728747us][CH1-Dispenser] 05
[T+529728614us][CH2-Pc    ] 05
[T+529892615us][CH1-Dispenser] 06
[T+529892750us][CH2-Pc    ] 06
[T+530066639us][CH2-Pc    ] 01
[T+530073614us][CH1-Dispenser] 01 61
[T+530145638us][CH2-Pc    ] 02
[T+530152614us][CH1-Dispenser] 02 62
[T+530223614us][CH2-Pc    ] 03
[T+530229638us][CH1-Dispenser] 03 63
[T+530295639us][CH2-Pc    ] 04
[T+530304264us][CH1-Dispenser] 04 64
[T+530373750us][CH1-Dispenser] 05
[T+530373614us][CH2-Pc    ] 05
[T+530548614us][CH1-Dispenser] 06
[T+530548747us][CH2-Pc    ] 06
[T+530723614us][CH2-Pc    ] 01
[T+530727613us][CH1-Dispenser] 01 61
[T+530790640us][CH2-Pc    ] 02
[T+530797615us][CH1-Dispenser] 02 62
[T+530868614us][CH2-Pc    ] 03
[T+530874652us][CH1-Dispenser] 03 63
[T+530947614us][CH2-Pc    ] 04
[T+530954614us][CH1-Dispenser] 04 64
[T+531025614us][CH1-Dispenser] 05
[T+531025748us][CH2-Pc    ] 05
[T+531194747us][CH1-Dispenser] 06
[T+531194614us][CH2-Pc    ] 06
[T+531370614us][CH2-Pc    ] 01
[T+531378614us][CH1-Dispenser] 01 61
[T+531448614us][CH2-Pc    ] 02
[T+531454256us][CH1-Dispenser] 02 62
[T+531527614us][CH2-Pc    ] 03
[T+531538614us][CH1-Dispenser] 03 63
[T+531605614us][CH2-Pc    ] 04
[T+531613621us][CH1-Dispenser] 04 64
[T+531683748us][CH1-Dispenser] 05
[T+531683615us][CH2-Pc    ] 05
[T+531847748us][CH1-Dispenser] 06
[T+531847614us][CH2-Pc    ] 06
[T+532022614us][CH2-Pc    ] 01
[T+532029291us][CH1-Dispenser] 01 61