connected
[T+10820296us][CH1-Dispenser] 05
[T+10822293us][CH2-Pc    ] 05
[T+10994295us][CH1-Dispenser] 06
[T+10996293us][CH2-Pc    ] 06
[T+11171295us][CH2-Pc    ] 01
[T+11178293us][CH1-Dispenser] 01 61
[T+11252293us][CH1-Dispenser] 02 62
[T+11249294us][CH2-Pc    ] 02
[T+11320293us][CH1-Dispenser] 03 63
[T+11317294us][CH2-Pc    ] 03
[T+11395295us][CH2-Pc    ] 04
[T+11401917us][CH1-Dispenser] 04 64
[T+11471294us][CH1-Dispenser] 05
[T+11473293us][CH2-Pc    ] 05
[T+11646295us][CH1-Dispenser] 06
[T+11648293us][CH2-Pc    ] 06
[T+11824294us][CH2-Pc    ] 01
[T+11828322us][CH1-Dispenser] 01 61
[T+11907293us][CH1-Dispenser] 02 62
[T+11902294us][CH2-Pc    ] 02
[T+11980294us][CH2-Pc    ] 03
[T+11985293us][CH1-Dispenser] 03 63
[T+12061293us][CH1-Dispenser] 04 64
[T+12058294us][CH2-Pc    ] 04
[T+12134294us][CH1-Dispenser] 05
[T+12136294us][CH2-Pc    ] 05
[T+12310294us][CH1-Dispenser] 06
[T+12312293us][CH2-Pc    ] 06
[T+12476295us][CH2-Pc    ] 01
[T+12482935us][CH1-Dispenser] 01 61
[T+12554295us][CH2-Pc    ] 02
[T+12558329us][CH1-Dispenser] 02 62
[T+12636322us][CH1-Dispenser] 03 63
[T+12632294us][CH2-Pc    ] 03
[T+12710294us][CH2-Pc    ] 04
[T+12717294us][CH1-Dispenser] 04 64
[T+12786294us][CH1-Dispenser] 05
[T+12788293us][CH2-Pc    ] 05
[T+12962294us][CH1-Dispenser] 06
[T+12964293us][CH2-Pc    ] 06
[T+13139295us][CH2-Pc    ] 01
[T+13144928us][CH1-Dispenser] 01 61
[T+13217294us][CH2-Pc    ] 02
[T+13223293us][CH1-Dispenser] 02 62
[T+13300293us][CH1-Dispenser] 03 63
[T+13295295us][CH2-Pc    ] 03
[T+13376294us][CH1-Dispenser] 04 64
[T+13373294us][CH2-Pc    ] 04
[T+13449295us][CH1-Dispenser] 05
[T+13451295us][CH2-Pc    ] 05
[T+13624295us][CH1-Dispenser] 06
[T+13626294us][CH2-Pc    ] 06
[T+13790294us][CH2-Pc    ] 01
[T+13794322us][CH1-Dispenser] 01 61
[T+13873322us][CH1-Dispenser] 02 62
[T+13869295us][CH2-Pc    ] 02
[T+13951322us][CH1-Dispenser] 03 63
[T+13947294us][CH2-Pc    ] 03
[T+14025294us][CH2-Pc    ] 04
[T+14032294us][CH1-Dispenser] 04 64
[T+14101294us][CH1-Dispenser] 05
[T+14103293us][CH2-Pc    ] 05
[T+14275294us][CH1-Dispenser] 06
[T+14278294us][CH2-Pc    ] 06
[T+14452295us][CH2-Pc    ] 01
[T+14459920us][CH1-Dispenser] 01 61
[T+14531295us][CH2-Pc    ] 02
[T+14538727us][CH1-Dispenser] 02 62
[T+14612295us][CH2-Pc    ] 03
[T+14616322us][CH1-Dispenser] 03 63
[T+14690294us][CH2-Pc    ] 04
[T+14699294us][CH1-Dispenser] 04 64
[T+14766295us][CH1-Dispenser] 05
[T+14768293us][CH2-Pc    ] 05
[T+14942294us][CH1-Dispenser] 06
[T+14945295us][CH2-Pc    ] 06
[T+15122293us][CH1-Dispenser] 01 61
[T+15119295us][CH2-Pc    ] 01
[T+15198295us][CH2-Pc    ] 02
[T+15205303us][CH1-Dispenser] 02 62
[T+15276299us][CH2-Pc    ] 03
[T+15283303us][CH1-Dispenser] 03 63
[T+15356293us][CH1-Dispenser] 04 64
[T+15354294us][CH2-Pc    ] 04
[T+15430295us][CH1-Dispenser] 05
[T+15432293us][CH2-Pc    ] 05
[T+15605294us][CH1-Dispenser] 06
[T+15607293us][CH2-Pc    ] 06
[T+15781294us][CH2-Pc    ] 01
[T+15789318us][CH1-Dispenser] 01 61
[T+15863293us][CH1-Dispenser] 02 62
[T+15860294us][CH2-Pc    ] 02
[T+15938296us][CH2-Pc    ] 03
[T+15942322us][CH1-Dispenser] 03 63
[T+16016294us][CH2-Pc    ] 04
[T+16021892us][CH1-Dispenser] 04 64
[T+16092295us][CH1-Dispenser] 05
[T+16094293us][CH2-Pc    ] 05
[T+16256294us][CH1-Dispenser] 06
[T+16258295us][CH2-Pc    ] 06
[T+16433295us][CH2-Pc    ] 01
[T+16439293us][CH1-Dispenser] 01 61
[T+16519294us][CH2-Pc    ] 02
[T+16524910us][CH1-Dispenser] 02 62
[T+16601322us][CH1-Dispenser] 03 63
[T+16597294us][CH2-Pc    ] 03
[T+16675294us][CH2-Pc    ] 04
[T+16681293us][CH1-Dispenser] 04 64
[T+16751294us][CH1-Dispenser] 05
[T+16753293us][CH2-Pc    ] 05
[T+16928294us][CH1-Dispenser] 06
[T+16930293us][CH2-Pc    ] 06
[T+17108294us][CH1-Dispenser] 01 61
[T+17105295us][CH2-Pc    ] 01
[T+17183295us][CH2-Pc    ] 02
[T+17189293us][CH1-Dispenser] 02 62
[T+17261295us][CH2-Pc    ] 03
[T+17266295us][CH1-Dispenser] 03 63
[T+17339295us][CH2-Pc    ] 04
[T+17346302us][CH1-Dispenser] 04 64
[T+17415294us][CH1-Dispenser] 05
[T+17417295us][CH2-Pc    ] 05
[T+17590294us][CH1-Dispenser] 06
[T+17592293us][CH2-Pc    ] 06
[T+17767295us][CH2-Pc    ] 01
[T+17772948us][CH1-Dispenser] 01 61
[T+17848294us][CH1-Dispenser] 02 62
[T+17845294us][CH2-Pc    ] 02
[T+17926293us][CH1-Dispenser] 03 63
[T+17923295us][CH2-Pc    ] 03
[T+18001295us][CH2-Pc    ] 04
[T+18007294us][CH1-Dispenser] 04 64
[T+18077294us][CH1-Dispenser] 05
[T+18079295us][CH2-Pc    ] 05
[T+18241294us][CH1-Dispenser] 06
[T+18243293us][CH2-Pc    ] 06
[T+18418295us][CH2-Pc    ] 01
[T+18425931us][CH1-Dispenser] 01 61
[T+18496297us][CH2-Pc    ] 02
[T+18504719us][CH1-Dispenser] 02 62
[T+18574294us][CH2-Pc    ] 03
[T+18582332us][CH1-Dispenser] 03 63
[T+18655294us][CH1-Dispenser] 04 64
[T+18652294us][CH2-Pc    ] 04
[T+18729295us][CH1-Dispenser] 05
[T+18731293us][CH2-Pc    ] 05
[T+18903294us][CH1-Dispenser] 06
[T+18906297us][CH2-Pc    ] 06
[T+19073322us][CH1-Dispenser] 01 61
[T+19069294us][CH2-Pc    ] 01
[T+19148295us][CH2-Pc    ] 02
[T+19153294us][CH1-Dispenser] 02 62
[T+19226294us][CH2-Pc    ] 03
[T+19232302us][CH1-Dispenser] 03 63
[T+19306295us][CH1-Dispenser] 04 64
[T+19304294us][CH2-Pc    ] 04
[T+19369294us][CH1-Dispenser] 05
[T+19371293us][CH2-Pc    ] 05
[T+19544295us][CH1-Dispenser] 06
[T+19546293us][CH2-Pc    ] 06
[T+19710805us][CH2-Pc    ] 01
[T+19713293us][CH1-Dispenser] 01 61
[T+19788295us][CH2-Pc    ] 02
[T+19794293us][CH1-Dispenser] 02 62
[T+19866295us][CH2-Pc    ] 03
[T+19872293us][CH1-Dispenser] 03 63
[T+19945295us][CH2-Pc    ] 04
[T+19951943us][CH1-Dispenser] 04 64
[T+20020294us][CH1-Dispenser] 05
[T+20023294us][CH2-Pc    ] 05
[T+20195294us][CH1-Dispenser] 06
[T+20197293us][CH2-Pc    ] 06
[T+20372295us][CH2-Pc    ] 01
[T+20378302us][CH1-Dispenser] 01 61
[T+20454322us][CH1-Dispenser] 02 62
[T+20450295us][CH2-Pc    ] 02
[T+20531293us][CH1-Dispenser] 03 63
[T+20528294us][CH2-Pc    ] 03
[T+20607295us][CH2-Pc    ] 04
[T+20612294us][CH1-Dispenser] 04 64
[T+20683294us][CH1-Dispenser] 05
[T+20685295us][CH2-Pc    ] 05
[T+20857295us][CH1-Dispenser] 06
[T+20859293us][CH2-Pc    ] 06
[T+21024294us][CH2-Pc    ] 01
[T+21030294us][CH1-Dispenser] 01 61
[T+21102295us][CH2-Pc    ] 02
[T+21110332us][CH1-Dispenser] 02 62
[T+21180295us][CH2-Pc    ] 03
[T+21187302us][CH1-Dispenser] 03 63
[T+21258294us][CH2-Pc    ] 04
[T+21261295us][CH1-Dispenser] 04 64
[T+21334295us][CH1-Dispenser] 05
[T+21336295us][CH2-Pc    ] 05
[T+21509294us][CH1-Dispenser] 06
[T+21511295us][CH2-Pc    ] 06
[T+21692295us][CH2-Pc    ] 01
[T+21701294us][CH1-Dispenser] 01 61
[T+21773296us][CH1-Dispenser] 02 62
[T+21771295us][CH2-Pc    ] 02
[T+21838295us][CH2-Pc    ] 03
[T+21841293us][CH1-Dispenser] 03 63
[T+21916295us][CH2-Pc    ] 04
[T+21922302us][CH1-Dispenser] 04 64
[T+21992295us][CH1-Dispenser] 05
[T+21994293us][CH2-Pc    ] 05
[T+22167294us][CH1-Dispenser] 06
[T+22169295us][CH2-Pc    ] 06
[T+22349295us][CH1-Dispenser] 01 61
[T+22344303us][CH2-Pc    ] 01
[T+22422294us][CH2-Pc    ] 02
[T+22429302us][CH1-Dispenser] 02 62
[T+22500294us][CH2-Pc    ] 03
[T+22506293us][CH1-Dispenser] 03 63
[T+22582322us][CH1-Dispenser] 04 64
[T+22578295us][CH2-Pc    ] 04
[T+22654294us][CH1-Dispenser] 05
[T+22656295us][CH2-Pc    ] 05
[T+22826294us][CH1-Dispenser] 06
[T+22828293us][CH2-Pc    ] 06
[T+22994293us][CH1-Dispenser] 01 61
[T+22991295us][CH2-Pc    ] 01
[T+23069295us][CH2-Pc    ] 02
[T+23075912us][CH1-Dispenser] 02 62
[T+23151294us][CH1-Dispenser] 03 63
[T+23148294us][CH2-Pc    ] 03
[T+23226295us][CH2-Pc    ] 04
[T+23232293us][CH1-Dispenser] 04 64
[T+23312294us][CH1-Dispenser] 05
[T+23314293us][CH2-Pc    ] 05
[T+23528294us][CH1-Dispenser] 06
[T+23530293us][CH2-Pc    ] 06
[T+23696294us][CH2-Pc    ] 01
[T+23699293us][CH1-Dispenser] 01 61
[T+23774294us][CH2-Pc    ] 02
[T+23780481us][CH1-Dispenser] 02 62
[T+23854295us][CH2-Pc    ] 03
[T+23859294us][CH1-Dispenser] 03 63
[T+23932294us][CH2-Pc    ] 04
[T+23938302us][CH1-Dispenser] 04 64
[T+24008295us][CH1-Dispenser] 05
[T+24010295us][CH2-Pc    ] 05
[T+24183295us][CH1-Dispenser] 06
[T+24185295us][CH2-Pc    ] 06
[T+24364293us][CH1-Dispenser] 01 61
[T+24361294us][CH2-Pc    ] 01
[T+24439295us][CH2-Pc    ] 02
[T+24447332us][CH1-Dispenser] 02 62
[T+24517295us][CH2-Pc    ] 03
[T+24522294us][CH1-Dispenser] 03 63
[T+24595294us][CH2-Pc    ] 04
[T+24602302us][CH1-Dispenser] 04 64
[T+24672294us][CH1-Dispenser] 05
[T+24675297us][CH2-Pc    ] 05
[T+24857294us][CH1-Dispenser] 06
[T+24859293us][CH2-Pc    ] 06
[T+25023294us][CH2-Pc    ] 01
[T+25030294us][CH1-Dispenser] 01 61
[T+25102295us][CH2-Pc    ] 02
[T+25110332us][CH1-Dispenser] 02 62
[T+25180296us][CH2-Pc    ] 03
[T+25187303us][CH1-Dispenser] 03 63
[T+25258294us][CH2-Pc    ] 04
[T+25263937us][CH1-Dispenser] 04 64
[T+25334295us][CH1-Dispenser] 05
[T+25336293us][CH2-Pc    ] 05
[T+25509295us][CH1-Dispenser] 06
[T+25511294us][CH2-Pc    ] 06
[T+25688295us][CH1-Dispenser] 01 61
[T+25686294us][CH2-Pc    ] 01
[T+25764294us][CH2-Pc    ] 02
[T+25769293us][CH1-Dispenser] 02 62
[T+25842294us][CH2-Pc    ] 03
[T+25849907us][CH1-Dispenser] 03 63
[T+25920295us][CH2-Pc    ] 04
[T+25926928us][CH1-Dispenser] 04 64
[T+25996295us][CH1-Dispenser] 05
[T+25998294us][CH2-Pc    ] 05
[T+26171294us][CH1-Dispenser] 06
[T+26173295us][CH2-Pc    ] 06
[T+26337294us][CH2-Pc    ] 01
[T+26344302us][CH1-Dispenser] 01 61
[T+26418294us][CH1-Dispenser] 02 62
[T+26415294us][CH2-Pc    ] 02
[T+26497322us][CH1-Dispenser] 03 63
[T+26493295us][CH2-Pc    ] 03
[T+26576293us][CH1-Dispenser] 04 64
[T+26571294us][CH2-Pc    ] 04
[T+26647296us][CH1-Dispenser] 05
[T+26649295us][CH2-Pc    ] 05
[T+26822294us][CH1-Dispenser] 06
[T+26824294us][CH2-Pc    ] 06
[T+27003293us][CH1-Dispenser] 01 61
[T+27000294us][CH2-Pc    ] 01
[T+27077294us][CH2-Pc    ] 02
[T+27084293us][CH1-Dispenser] 02 62
[T+27155294us][CH2-Pc    ] 03
[T+27162295us][CH1-Dispenser] 03 63
[T+27233294us][CH2-Pc    ] 04
[T+27238293us][CH1-Dispenser] 04 64
[T+27310295us][CH1-Dispenser] 05
[T+27312293us][CH2-Pc    ] 05
[T+27474295us][CH1-Dispenser] 06
[T+27476293us][CH2-Pc    ] 06
[T+27650294us][CH2-Pc    ] 01
[T+27656294us][CH1-Dispenser] 01 61
[T+27729294us][CH2-Pc    ] 02
[T+27733324us][CH1-Dispenser] 02 62
[T+27807294us][CH2-Pc    ] 03
[T+27813293us][CH1-Dispenser] 03 63
[T+27888294us][CH1-Dispenser] 04 64
[T+27885295us][CH2-Pc    ] 04
[T+27961294us][CH1-Dispenser] 05
[T+27963293us][CH2-Pc    ] 05
[T+28136294us][CH1-Dispenser] 06
[T+28138293us][CH2-Pc    ] 06
[T+28312294us][CH2-Pc    ] 01
[T+28319294us][CH1-Dispenser] 01 61
[T+28391295us][CH2-Pc    ] 02
[T+28398303us][CH1-Dispenser] 02 62
[T+28469294us][CH2-Pc    ] 03
[T+28472293us][CH1-Dispenser] 03 63
[T+28547295us][CH2-Pc    ] 04
[T+28555318us][CH1-Dispenser] 04 64
[T+28623294us][CH1-Dispenser] 05
[T+28625295us][CH2-Pc    ] 05
[T+28787294us][CH1-Dispenser] 06
[T+28789294us][CH2-Pc    ] 06
[T+28976295us][CH2-Pc    ] 01
[T+28980322us][CH1-Dispenser] 01 61
[T+29054294us][CH2-Pc    ] 02
[T+29059293us][CH1-Dispenser] 02 62
[T+29132295us][CH2-Pc    ] 03
[T+29139302us][CH1-Dispenser] 03 63
[T+29210294us][CH2-Pc    ] 04
[T+29218327us][CH1-Dispenser] 04 64
[T+29286295us][CH1-Dispenser] 05
[T+29288293us][CH2-Pc    ] 05
[T+29461294us][CH1-Dispenser] 06
[T+29463293us][CH2-Pc    ] 06
[T+29638295us][CH2-Pc    ] 01
[T+29645295us][CH1-Dispenser] 01 61
[T+29721293us][CH1-Dispenser] 02 62
[T+29716294us][CH2-Pc    ] 02
[T+29798322us][CH1-Dispenser] 03 63
[T+29794294us][CH2-Pc    ] 03
[T+29877293us][CH1-Dispenser] 04 64
[T+29872294us][CH2-Pc    ] 04
[T+29948295us][CH1-Dispenser] 05
[T+29950293us][CH2-Pc    ] 05
[T+30123294us][CH1-Dispenser] 06
[T+30125294us][CH2-Pc    ] 06
[T+30294293us][CH1-Dispenser] 01 61
[T+30289294us][CH2-Pc    ] 01
[T+30367294us][CH2-Pc    ] 02
[T+30375325us][CH1-Dispenser] 02 62
[T+30445294us][CH2-Pc    ] 03
[T+30452294us][CH1-Dispenser] 03 63
[T+30523294us][CH2-Pc    ] 04
[T+30528293us][CH1-Dispenser] 04 64
[T+30599294us][CH1-Dispenser] 05
[T+30601294us][CH2-Pc    ] 05
[T+30776294us][CH1-Dispenser] 06
[T+30778295us][CH2-Pc    ] 06
[T+30958293us][CH1-Dispenser] 01 61
[T+30953295us][CH2-Pc    ] 01
[T+31034293us][CH1-Dispenser] 02 62
[T+31031294us][CH2-Pc    ] 02
[T+31112293us][CH1-Dispenser] 03 63
[T+31110294us][CH2-Pc    ] 03
[T+31188294us][CH2-Pc    ] 04
[T+31193337us][CH1-Dispenser] 04 64
[T+31268294us][CH1-Dispenser] 05
[T+31270295us][CH2-Pc    ] 05
[T+31442295us][CH1-Dispenser] 06
[T+31444293us][CH2-Pc    ] 06
[T+31620294us][CH2-Pc    ] 01
[T+31627912us][CH1-Dispenser] 01 61
[T+31698295us][CH2-Pc    ] 02
[T+31706332us][CH1-Dispenser] 02 62
[T+31776294us][CH2-Pc    ] 03
[T+31782303us][CH1-Dispenser] 03 63
[T+31858293us][CH1-Dispenser] 04 64
[T+31855294us][CH2-Pc    ] 04
[T+31930295us][CH1-Dispenser] 05
[T+31933294us][CH2-Pc    ] 05
[T+32105294us][CH1-Dispenser] 06
[T+32107294us][CH2-Pc    ] 06
[T+32282295us][CH2-Pc    ] 01
[T+32290318us][CH1-Dispenser] 01 61
[T+32364322us][CH1-Dispenser] 02 62
[T+32360294us][CH2-Pc    ] 02
[T+32438294us][CH2-Pc    ] 03
[T+32443293us][CH1-Dispenser] 03 63
[T+32516294us][CH2-Pc    ] 04
[T+32522294us][CH1-Dispenser] 04 64
[T+32592294us][CH1-Dispenser] 05
[T+32595294us][CH2-Pc    ] 05
[T+32757294us][CH1-Dispenser] 06
[T+32759295us][CH2-Pc    ] 06
[T+32934295us][CH2-Pc    ] 01
[T+32940302us][CH1-Dispenser] 01 61
[T+33014295us][CH1-Dispenser] 02 62
[T+33012294us][CH2-Pc    ] 02
[T+33092293us][CH1-Dispenser] 03 63
[T+33090294us][CH2-Pc    ] 03
[T+33157294us][CH2-Pc    ] 04
[T+33162914us][CH1-Dispenser] 04 64
[T+33233295us][CH1-Dispenser] 05
[T+33235293us][CH2-Pc    ] 05
[T+33397294us][CH1-Dispenser] 06
[T+33399293us][CH2-Pc    ] 06
[T+33574295us][CH2-Pc    ] 01
[T+33578322us][CH1-Dispenser] 01 61
[T+33652297us][CH2-Pc    ] 02
[T+33661913us][CH1-Dispenser] 02 62
[T+33730295us][CH2-Pc    ] 03
[T+33737294us][CH1-Dispenser] 03 63
[T+33808294us][CH2-Pc    ] 04
[T+33813293us][CH1-Dispenser] 04 64
[T+33885294us][CH1-Dispenser] 05
[T+33887293us][CH2-Pc    ] 05
[T+34059295us][CH1-Dispenser] 06
[T+34061368us][CH2-Pc    ] 06
[T+34229293us][CH1-Dispenser] 01 61
[T+34226294us][CH2-Pc    ] 01
[T+34304295us][CH2-Pc    ] 02
[T+34312512us][CH1-Dispenser] 02 62
[T+34382294us][CH2-Pc    ] 03
[T+34388302us][CH1-Dispenser] 03 63
[T+34463294us][CH1-Dispenser] 04 64
[T+34460295us][CH2-Pc    ] 04
[T+34536294us][CH1-Dispenser] 05
[T+34538293us][CH2-Pc    ] 05
[T+34711294us][CH1-Dispenser] 06
[T+34713293us][CH2-Pc    ] 06
[T+34887294us][CH1-Dispenser] 01
[T+34890295us][CH2-Pc    ] 01
[T+34899333us][CH1-Dispenser] 61
[T+34968295us][CH2-Pc    ] 02
[T+34975302us][CH1-Dispenser] 02 62
[T+35046294us][CH2-Pc    ] 03
[T+35052302us][CH1-Dispenser] 03 63
[T+35128503us][CH1-Dispenser] 04 64
[T+35124295us][CH2-Pc    ] 04
[T+35200295us][CH1-Dispenser] 05
[T+35202293us][CH2-Pc    ] 05
[T+35364294us][CH1-Dispenser] 06
[T+35366293us][CH2-Pc    ] 06
[T+35541295us][CH2-Pc    ] 01
[T+35544293us][CH1-Dispenser] 01 61
[T+35619295us][CH2-Pc    ] 02
[T+35625293us][CH1-Dispenser] 02 62
[T+35697294us][CH2-Pc    ] 03
[T+35703293us][CH1-Dispenser] 03 63
[T+35778293us][CH1-Dispenser] 04 64
[T+35775295us][CH2-Pc    ] 04
[T+35851294us][CH1-Dispenser] 05
[T+35853293us][CH2-Pc    ] 05
[T+36026295us][CH1-Dispenser] 06
[T+36028293us][CH2-Pc    ] 06
[T+36204295us][CH2-Pc    ] 01
[T+36209294us][CH1-Dispenser] 01 61
[T+36282294us][CH2-Pc    ] 02
[T+36285293us][CH1-Dispenser] 02 62
[T+36364322us][CH1-Dispenser] 03 63
[T+36360295us][CH2-Pc    ] 03
[T+36438294us][CH2-Pc    ] 04
[T+36445294us][CH1-Dispenser] 04 64
[T+36514294us][CH1-Dispenser] 05
[T+36516293us][CH2-Pc    ] 05
[T+36679295us][CH1-Dispenser] 06
[T+36681293us][CH2-Pc    ] 06
[T+36859322us][CH1-Dispenser] 01 61
[T+36855294us][CH2-Pc    ] 01
[T+36933294us][CH2-Pc    ] 02
[T+36939294us][CH1-Dispenser] 02 62
[T+37012294us][CH2-Pc    ] 03
[T+37018302us][CH1-Dispenser] 03 63
[T+37092293us][CH1-Dispenser] 04 64
[T+37090294us][CH2-Pc    ] 04
[T+37166294us][CH1-Dispenser] 05
[T+37168295us][CH2-Pc    ] 05
[T+37343294us][CH1-Dispenser] 06
[T+37345293us][CH2-Pc    ] 06
[T+37535322us][CH1-Dispenser] 01 61
[T+37531294us][CH2-Pc    ] 01
[T+37614293us][CH1-Dispenser] 02 62
[T+37609294us][CH2-Pc    ] 02
[T+37687294us][CH2-Pc    ] 03
[T+37696294us][CH1-Dispenser] 03 63
[T+37766295us][CH2-Pc    ] 04
[T+37773302us][CH1-Dispenser] 04 64
[T+37842294us][CH1-Dispenser] 05
[T+37844295us][CH2-Pc    ] 05
[T+38006295us][CH1-Dispenser] 06
[T+38008293us][CH2-Pc    ] 06
[T+38182294us][CH2-Pc    ] 01
[T+38189294us][CH1-Dispenser] 01 61
[T+38260294us][CH2-Pc    ] 02
[T+38265293us][CH1-Dispenser] 02 62
[T+38339294us][CH2-Pc    ] 03
[T+38344894us][CH1-Dispenser] 03 63
[T+38417294us][CH2-Pc    ] 04
[T+38425318us][CH1-Dispenser] 04 64
[T+38493294us][CH1-Dispenser] 05
[T+38495293us][CH2-Pc    ] 05
[T+38669297us][CH1-Dispenser] 06
[T+38671295us][CH2-Pc    ] 06
[T+38835294us][CH2-Pc    ] 01
[T+38840293us][CH1-Dispenser] 01 61
[T+38913294us][CH2-Pc    ] 02
[T+38919294us][CH1-Dispenser] 02 62
[T+38991295us][CH2-Pc    ] 03
[T+38998302us][CH1-Dispenser] 03 63
[T+39069294us][CH2-Pc    ] 04
[T+39072293us][CH1-Dispenser] 04 64
[T+39145295us][CH1-Dispenser] 05
[T+39147295us][CH2-Pc    ] 05
[T+39320294us][CH1-Dispenser] 06
[T+39322293us][CH2-Pc    ] 06
[T+39499293us][CH1-Dispenser] 01 61
[T+39497294us][CH2-Pc    ] 01
[T+39580293us][CH1-Dispenser] 02 62
[T+39575294us][CH2-Pc    ] 02
[T+39658293us][CH1-Dispenser] 03 63
[T+39653294us][CH2-Pc    ] 03
[T+39731294us][CH2-Pc    ] 04
[T+39739975us][CH1-Dispenser] 04 64
[T+39807294us][CH1-Dispenser] 05
[T+39809293us][CH2-Pc    ] 05
[T+39982295us][CH1-Dispenser] 06
[T+39984293us][CH2-Pc    ] 06
[T+40149295us][CH2-Pc    ] 01
[T+40155928us][CH1-Dispenser] 01 61
[T+40227295us][CH2-Pc    ] 02
[T+40231322us][CH1-Dispenser] 02 62
[T+40305294us][CH2-Pc    ] 03
[T+40308295us][CH1-Dispenser] 03 63
[T+40387322us][CH1-Dispenser] 04 64
[T+40383326us][CH2-Pc    ] 04
[T+40460294us][CH1-Dispenser] 05
[T+40462293us][CH2-Pc    ] 05
[T+40634295us][CH1-Dispenser] 06
[T+40636293us][CH2-Pc    ] 06
[T+40815322us][CH1-Dispenser] 01 61
[T+40811295us][CH2-Pc    ] 01
[T+40881295us][CH2-Pc    ] 02
[T+40885322us][CH1-Dispenser] 02 62
[T+40959294us][CH2-Pc    ] 03
[T+40962293us][CH1-Dispenser] 03 63
[T+41037295us][CH2-Pc    ] 04
[T+41043293us][CH1-Dispenser] 04 64
[T+41113295us][CH1-Dispenser] 05
[T+41115295us][CH2-Pc    ] 05
[T+41288294us][CH1-Dispenser] 06
[T+41290295us][CH2-Pc    ] 06
[T+41470293us][CH1-Dispenser] 01 61
[T+41465295us][CH2-Pc    ] 01
[T+41543294us][CH2-Pc    ] 02
[T+41550294us][CH1-Dispenser] 02 62
[T+41621294us][CH2-Pc    ] 03
[T+41627294us][CH1-Dispenser] 03 63
[T+41699295us][CH2-Pc    ] 04
[T+41703322us][CH1-Dispenser] 04 64
[T+41775294us][CH1-Dispenser] 05
[T+41777293us][CH2-Pc    ] 05
[T+41950294us][CH1-Dispenser] 06
[T+41952293us][CH2-Pc    ] 06
[T+42119293us][CH1-Dispenser] 01 61
[T+42116294us][CH2-Pc    ] 01
[T+42194294us][CH2-Pc    ] 02
[T+42200310us][CH1-Dispenser] 02 62
[T+42274513us][CH2-Pc    ] 03
[T+42278339us][CH1-Dispenser] 03 63
[T+42355105us][CH1-Dispenser] 04 64
[T+42351849us][CH2-Pc    ] 04
[T+42426294us][CH1-Dispenser] 05
[T+42428293us][CH2-Pc    ] 05
[T+42601294us][CH1-Dispenser] 06
[T+42604296us][CH2-Pc    ] 06
[T+42780294us][CH2-Pc    ] 01
[T+42784322us][CH1-Dispenser] 01 61
[T+42860293us][CH1-Dispenser] 02 62
[T+42857294us][CH2-Pc    ] 02
[T+42935295us][CH2-Pc    ] 03
[T+42939322us][CH1-Dispenser] 03 63
[T+43014295us][CH2-Pc    ] 04
[T+43018322us][CH1-Dispenser] 04 64
[T+43089294us][CH1-Dispenser] 05
[T+43092294us][CH2-Pc    ] 05
[T+43264294us][CH1-Dispenser] 06
[T+43266295us][CH2-Pc    ] 06
[T+43430294us][CH2-Pc    ] 01
[T+43434322us][CH1-Dispenser] 01 61
[T+43508294us][CH2-Pc    ] 02
[T+43515293us][CH1-Dispenser] 02 62
[T+43587296us][CH2-Pc    ] 03
[T+43593294us][CH1-Dispenser] 03 63
[T+43665295us][CH2-Pc    ] 04
[T+43669322us][CH1-Dispenser] 04 64
[T+43741294us][CH1-Dispenser] 05
[T+43743293us][CH2-Pc    ] 05
[T+43914295us][CH1-Dispenser] 06
[T+43917295us][CH2-Pc    ] 06
[T+44092294us][CH2-Pc    ] 01
[T+44096325us][CH1-Dispenser] 01 61
[T+44175322us][CH1-Dispenser] 02 62
[T+44171295us][CH2-Pc    ] 02
[T+44253322us][CH1-Dispenser] 03 63
[T+44249294us][CH2-Pc    ] 03
[T+44327294us][CH2-Pc    ] 04
[T+44334293us][CH1-Dispenser] 04 64
[T+44403297us][CH1-Dispenser] 05
[T+44405297us][CH2-Pc    ] 05
[T+44567294us][CH1-Dispenser] 06
[T+44569294us][CH2-Pc    ] 06
[T+44744295us][CH2-Pc    ] 01
[T+44750293us][CH1-Dispenser] 01 61
[T+44827294us][CH2-Pc    ] 02
[T+44831322us][CH1-Dispenser] 02 62
[T+44905295us][CH2-Pc    ] 03
[T+44908293us][CH1-Dispenser] 03 63
[T+44983295us][CH2-Pc    ] 04
[T+44989303us][CH1-Dispenser] 04 64
[T+45059295us][CH1-Dispenser] 05
[T+45061293us][CH2-Pc    ] 05
[T+45223295us][CH1-Dispenser] 06
[T+45225296us][CH2-Pc    ] 06
[T+45400295us][CH2-Pc    ] 01
[T+45406293us][CH1-Dispenser] 01 61
[T+45478295us][CH2-Pc    ] 02
[T+45485293us][CH1-Dispenser] 02 62
[T+45556294us][CH2-Pc    ] 03
[T+45564979us][CH1-Dispenser] 03 63
[T+45634294us][CH2-Pc    ] 04
[T+45638323us][CH1-Dispenser] 04 64
[T+45710294us][CH1-Dispenser] 05
[T+45713295us][CH2-Pc    ] 05
[T+45885295us][CH1-Dispenser] 06
[T+45887293us][CH2-Pc    ] 06
[T+46062295us][CH2-Pc    ] 01
[T+46065293us][CH1-Dispenser] 01 61
[T+46140295us][CH2-Pc    ] 02
[T+46146969us][CH1-Dispenser] 02 62
[T+46218295us][CH2-Pc    ] 03
[T+46224303us][CH1-Dispenser] 03 73
[T+46246297us][CH2-Pc    ] 23
[T+46252293us][CH1-Dispenser] 23 D3
[T+46265295us][CH1-Dispenser] FF
[T+46267293us][CH2-Pc    ] FF
[T+46278296us][CH1-Dispenser] E9
[T+46280461us][CH2-Pc    ] E9
[T+46290295us][CH1-Dispenser] FE
[T+46293294us][CH2-Pc    ] FE
[T+46303303us][CH1-Dispenser] E0
[T+46305298us][CH2-Pc    ] E0
[T+46316297us][CH1-Dispenser] E1
[T+46318295us][CH2-Pc    ] E1
[T+46329295us][CH1-Dispenser] E0
[T+46331294us][CH2-Pc    ] E0
[T+46341298us][CH1-Dispenser] FB
[T+46344296us][CH2-Pc    ] FB
[T+46354299us][CH1-Dispenser] EE
[T+46356295us][CH2-Pc    ] EE
[T+46369295us][CH2-Pc    ] F0
[T+46398294us][CH1-Dispenser] F0 BA B0 B3 B3 B0 B1 B0 B0 B0 B0 B1 B1 B1 B1 B1 B9 C1 8D 8A
[T+46471295us][CH2-Pc    ] 04
[T+46478303us][CH1-Dispenser] 04 64
[T+46547294us][CH1-Dispenser] 05
[T+46549293us][CH2-Pc    ] 05
[T+46733294us][CH1-Dispenser] 06
[T+46735293us][CH2-Pc    ] 06
[T+46899294us][CH2-Pc    ] 01
[T+46905302us][CH1-Dispenser] 01 61
[T+46986295us][CH2-Pc    ] 02
[T+46991940us][CH1-Dispenser] 02 62
[T+47069293us][CH1-Dispenser] 03 73
[T+47064294us][CH2-Pc    ] 03
[T+47091294us][CH2-Pc    ] 23
[T+47097302us][CH1-Dispenser] 23 D3
[T+47111294us][CH1-Dispenser] FF
[T+47113295us][CH2-Pc    ] FF
[T+47124294us][CH1-Dispenser] E9
[T+47125295us][CH2-Pc    ] E9
[T+47136295us][CH1-Dispenser] FE
[T+47138293us][CH2-Pc    ] FE
[T+47149295us][CH1-Dispenser] E0
[T+47151293us][CH2-Pc    ] E0
[T+47161295us][CH1-Dispenser] E1
[T+47165059us][CH2-Pc    ] E1
[T+47174302us][CH1-Dispenser] E0
[T+47176298us][CH2-Pc    ] E0
[T+47188331us][CH1-Dispenser] FB
[T+47200295us][CH1-Dispenser] EE
[T+47202295us][CH2-Pc    ] FB EE
[T+47214295us][CH2-Pc    ] F0
[T+47243294us][CH1-Dispenser] F0 BA B0 B3 B3 B0 B1 B0 B0 B0 B0 B1 B1 B1 B1 B1 B9 C1 8D 8A
[T+47317295us][CH2-Pc    ] 04
[T+47323931us][CH1-Dispenser] 04 64
[T+47393294us][CH1-Dispenser] 05
[T+47395295us][CH2-Pc    ] 05
[T+47569294us][CH1-Dispenser] 06
[T+47571295us][CH2-Pc    ] 06
[T+47750322us][CH1-Dispenser] 01 61
[T+47746295us][CH2-Pc    ] 01
[T+47824294us][CH2-Pc    ] 02
[T+47831293us][CH1-Dispenser] 02 62
[T+47902294us][CH2-Pc    ] 03
[T+47908293us][CH1-Dispenser] 03 73
[T+47929295us][CH2-Pc    ] 23
[T+47935293us][CH1-Dispenser] 23 D3
[T+47949294us][CH1-Dispenser] FF
[T+47951293us][CH2-Pc    ] FF
[T+47966294us][CH1-Dispenser] E9
[T+47978294us][CH1-Dispenser] FE
[T+47979295us][CH2-Pc    ] E9 FE
[T+47991299us][CH1-Dispenser] E0
[T+47993295us][CH2-Pc    ] E0
[T+48004295us][CH1-Dispenser] E1
[T+48006294us][CH2-Pc    ] E1
[T+48017298us][CH1-Dispenser] E0
[T+48018295us][CH2-Pc    ] E0
[T+48031297us][CH1-Dispenser] FB
[T+48032294us][CH2-Pc    ] FB
[T+48041726us][CH1-Dispenser] EE
[T+48044295us][CH2-Pc    ] EE
[T+48054297us][CH1-Dispenser] F0
[T+48056293us][CH2-Pc    ] F0
[T+48089298us][CH1-Dispenser] BA B0 B3 B3 B0 B1 B0 B0 B0 B0 B1 B1 B1 B1 B1 B9 C1 8D 8A
[T+48162322us][CH1-Dispenser] 04 64
[T+48158295us][CH2-Pc    ] 04
[T+48236294us][CH1-Dispenser] 05
[T+48238293us][CH2-Pc    ] 05
[T+48413294us][CH1-Dispenser] 06
[T+48415294us][CH2-Pc    ] 06
[T+48589294us][CH2-Pc    ] 01
[T+48595302us][CH1-Dispenser] 01 61
[T+48667325us][CH2-Pc    ] 02
[T+48672926us][CH1-Dispenser] 02 62
[T+48750322us][CH1-Dispenser] 03 73
[T+48746294us][CH2-Pc    ] 03
[T+48778293us][CH1-Dispenser] 23 D3
[T+48773294us][CH2-Pc    ] 23
[T+48792294us][CH1-Dispenser] FF
[T+48794293us][CH2-Pc    ] FF
[T+48805294us][CH1-Dispenser] E9
[T+48807295us][CH2-Pc    ] E9
[T+48818294us][CH1-Dispenser] FE
[T+48820293us][CH2-Pc    ] FE
[T+48831294us][CH1-Dispenser] E0
[T+48832295us][CH2-Pc    ] E0
[T+48843295us][CH1-Dispenser] E1
[T+48845294us][CH2-Pc    ] E1
[T+48856295us][CH1-Dispenser] E0
[T+48858295us][CH2-Pc    ] E0
[T+48877294us][CH1-Dispenser] FB
[T+48879293us][CH2-Pc    ] FB
[T+48890302us][CH1-Dispenser] EE
[T+48905412us][CH2-Pc    ] EE F0
[T+48932294us][CH1-Dispenser] F0 BA B0 B3 B3 B0 B1 B0 B0 B0 B0 B1 B1 B1 B1 B1 B9 C1 8D 8A
[T+49006295us][CH2-Pc    ] 04
[T+49013302us][CH1-Dispenser] 04 64
[T+49082294us][CH1-Dispenser] 05
[T+49084295us][CH2-Pc    ] 05
[T+49258294us][CH1-Dispenser] 06
[T+49260295us][CH2-Pc    ] 06
[T+49440293us][CH1-Dispenser] 01 61
[T+49437294us][CH2-Pc    ] 01
[T+49515295us][CH2-Pc    ] 02
[T+49522251us][CH1-Dispenser] 02 62
[T+49593294us][CH2-Pc    ] 03
[T+49598894us][CH1-Dispenser] 03 73
[T+49624294us][CH1-Dispenser] 23 D3
[T+49621568us][CH2-Pc    ] 23
[T+49640294us][CH1-Dispenser] FF
[T+49642295us][CH2-Pc    ] FF
[T+49653295us][CH1-Dispenser] E9
[T+49655294us][CH2-Pc    ] E9
[T+49667297us][CH1-Dispenser] FE
[T+49668294us][CH2-Pc    ] FE
[T+49679295us][CH1-Dispenser] E0
[T+49681294us][CH2-Pc    ] E0
[T+49691294us][CH1-Dispenser] E1
[T+49693294us][CH2-Pc    ] E1
[T+49705296us][CH1-Dispenser] E0
[T+49706293us][CH2-Pc    ] E0
[T+49716297us][CH1-Dispenser] FB
[T+49719300us][CH2-Pc    ] FB
[T+49729298us][CH1-Dispenser] EE
[T+49731298us][CH2-Pc    ] EE
[T+49744296us][CH2-Pc    ] F0
[T+49773294us][CH1-Dispenser] F0 BA B0 B3 B3 B0 B1 B0 B0 B0 B0 B1 B1 B1 B1 B1 B9 C1 8D 8A
[T+49845295us][CH2-Pc    ] 04
[T+49849322us][CH1-Dispenser] 04 64
[T+49922294us][CH1-Dispenser] 05
[T+49924294us][CH2-Pc    ] 05
[T+50108295us][CH1-Dispenser] 06
[T+50110295us][CH2-Pc    ] 06
[T+50274295us][CH2-Pc    ] 01
[T+50280944us][CH1-Dispenser] 01 61
[T+50352295us][CH2-Pc    ] 02
[T+50355293us][CH1-Dispenser] 02 62
[T+50433294us][CH1-Dispenser] 03 73
[T+50430295us][CH2-Pc    ] 03
[T+50458294us][CH2-Pc    ] 23
[T+50463293us][CH1-Dispenser] 23 D3
[T+50477296us][CH1-Dispenser] FF
[T+50490294us][CH1-Dispenser] E9
[T+50491293us][CH2-Pc    ] FF E9
[T+50502297us][CH1-Dispenser] FE
[T+50504297us][CH2-Pc    ] FE
[T+50515294us][CH1-Dispenser] E0
[T+50517294us][CH2-Pc    ] E0
[T+50528294us][CH1-Dispenser] E1
[T+50530293us][CH2-Pc    ] E1
[T+50541294us][CH1-Dispenser] E0
[T+50554296us][CH1-Dispenser] FB
[T+50555295us][CH2-Pc    ] E0 FB
[T+50575294us][CH1-Dispenser] EE
[T+50577294us][CH2-Pc    ] EE
[T+50589298us][CH2-Pc    ] F0
[T+50616295us][CH1-Dispenser] F0 BA B0 B3 B3 B0 B1 B0 B0 B0 B0 B1 B1 B1 B1 B1 B9 C1 8D 8A
[T+50694293us][CH1-Dispenser] 04 64
[T+50691295us][CH2-Pc    ] 04
[T+50767294us][CH1-Dispenser] 05
[T+50769293us][CH2-Pc    ] 05
[T+50942295us][CH1-Dispenser] 06
[T+50944293us][CH2-Pc    ] 06
[T+51119295us][CH2-Pc    ] 01
[T+51125925us][CH1-Dispenser] 01 61
[T+51197294us][CH2-Pc    ] 02
[T+51200293us][CH1-Dispenser] 02 62
[T+51278294us][CH1-Dispenser] 03 73
[T+51275295us][CH2-Pc    ] 03
[T+51302295us][CH2-Pc    ] 23
[T+51308302us][CH1-Dispenser] 23 D3
[T+51322294us][CH1-Dispenser] FF
[T+51324295us][CH2-Pc    ] FF
[T+51334294us][CH1-Dispenser] E9
[T+51336295us][CH2-Pc    ] E9
[T+51347294us][CH1-Dispenser] FE
[T+51349293us][CH2-Pc    ] FE
[T+51360295us][CH1-Dispenser] E0
[T+51362293us][CH2-Pc    ] E0
[T+51372294us][CH1-Dispenser] E1
[T+51374293us][CH2-Pc    ] E1
[T+51385295us][CH1-Dispenser] E0
[T+51387293us][CH2-Pc    ] E0
[T+51398300us][CH1-Dispenser] FB
[T+51400293us][CH2-Pc    ] FB
[T+51411295us][CH1-Dispenser] EE
[T+51412293us][CH2-Pc    ] EE
[T+51425294us][CH2-Pc    ] F0
[T+51451294us][CH1-Dispenser] F0 BA B0 B3 B3 B0 B1 B0 B0 B0 B0 B1 B1 B1 B1 B1 B9 C1 8D 8A
[T+51517295us][CH2-Pc    ] 04
[T+51525331us][CH1-Dispenser] 04 64
[T+51593296us][CH1-Dispenser] 05
[T+51595293us][CH2-Pc    ] 05
[T+51779294us][CH1-Dispenser] 06
[T+51781295us][CH2-Pc    ] 06
[T+51950293us][CH1-Dispenser] 01 61
[T+51945294us][CH2-Pc    ] 01
[T+52026293us][CH1-Dispenser] 02 62
[T+52023294us][CH2-Pc    ] 02
[T+52133295us][CH2-Pc    ] 03
[T+52139929us][CH1-Dispenser] 03 73
[T+52169294us][CH1-Dispenser] 23 D3 FF
[T+52171295us][CH2-Pc    ] 23 FF
[T+52182295us][CH1-Dispenser] E9
[T+52184390us][CH2-Pc    ] E9
[T+52195295us][CH1-Dispenser] FE
[T+52197293us][CH2-Pc    ] FE
[T+52207295us][CH1-Dispenser] E0
[T+52209293us][CH2-Pc    ] E0
[T+52220295us][CH1-Dispenser] E1
[T+52222293us][CH2-Pc    ] E1
[T+52233922us][CH1-Dispenser] E0
[T+52235293us][CH2-Pc    ] E0
[T+52246301us][CH1-Dispenser] FB
[T+52248294us][CH2-Pc    ] FB
[T+52267294us][CH1-Dispenser] EE
[T+52269293us][CH2-Pc    ] EE
[T+52291296us][CH2-Pc    ] F0
[T+52316294us][CH1-Dispenser] F0 BA B0 B3 B3 B0 B1 B0 B0 B0 B0 B1 B1 B1 B1 B1 B9 C1 8D 8A
[T+52396294us][CH2-Pc    ] 04
[T+52399293us][CH1-Dispenser] 04 64
[T+52472295us][CH1-Dispenser] 05
[T+52474295us][CH2-Pc    ] 05
[T+52647295us][CH1-Dispenser] 06
[T+52649295us][CH2-Pc    ] 06
[T+52824295us][CH2-Pc    ] 01
[T+52831293us][CH1-Dispenser] 01 61
[T+52903298us][CH2-Pc    ] 02
[T+52907324us][CH1-Dispenser] 02 62
[T+52984293us][CH1-Dispenser] 03 73
[T+52981294us][CH2-Pc    ] 03
[T+53008295us][CH2-Pc    ] 23
[T+53013293us][CH1-Dispenser] 23 D3
[T+53028294us][CH1-Dispenser] FF
[T+53030295us][CH2-Pc    ] FF
[T+53042299us][CH1-Dispenser] E9
[T+53043295us][CH2-Pc    ] E9
[T+53053299us][CH1-Dispenser] FE
[T+53055299us][CH2-Pc    ] FE
[T+53066298us][CH1-Dispenser] E0
[T+53068295us][CH2-Pc    ] E0
[T+53078294us][CH1-Dispenser] E1
[T+53080295us][CH2-Pc    ] E1
[T+53091295us][CH1-Dispenser] E0
[T+53093293us][CH2-Pc    ] E0
[T+53105397us][CH1-Dispenser] FB
[T+53106294us][CH2-Pc    ] FB
[T+53116294us][CH1-Dispenser] EE
[T+53119294us][CH2-Pc    ] EE
[T+53131425us][CH2-Pc    ] F0
[T+53155318us][CH1-Dispenser] F0 BA B0 B3 B3 B0 B1 B0 B0 B0 B0 B1 B1 B1 B1 B1 B9 C1 8D 8A
[T+53172295us][CH2-Pc    ] 23
[T+53179302us][CH1-Dispenser] 23 D3
[T+53192295us][CH1-Dispenser] FF
[T+53194294us][CH2-Pc    ] FF
[T+53205295us][CH1-Dispenser] E5
[T+53207294us][CH2-Pc    ] E5
[T+53218302us][CH1-Dispenser] F4
[T+53219293us][CH2-Pc    ] F4
[T+53242294us][CH1-Dispenser] F6
[T+53245294us][CH2-Pc    ] F6
[T+53255294us][CH1-Dispenser] E0
[T+53257295us][CH2-Pc    ] E0
[T+53268294us][CH1-Dispenser] F7
[T+53270293us][CH2-Pc    ] F7
[T+53281295us][CH1-Dispenser] E0
[T+53283293us][CH2-Pc    ] E0
[T+53293294us][CH1-Dispenser] E3
[T+53295293us][CH2-Pc    ] E3
[T+53306294us][CH1-Dispenser] E1
[T+53308293us][CH2-Pc    ] E1
[T+53319294us][CH1-Dispenser] E1
[T+53321293us][CH2-Pc    ] E1
[T+53331294us][CH1-Dispenser] FB
[T+53333295us][CH2-Pc    ] FB
[T+53344295us][CH1-Dispenser] EB
[T+53346300us][CH2-Pc    ] EB
[T+53357295us][CH1-Dispenser] F0
[T+53359293us][CH2-Pc    ] F0
[T+53456295us][CH2-Pc    ] 03
[T+53463302us][CH1-Dispenser] 03 73
[T+53484295us][CH2-Pc    ] 23
[T+53490302us][CH1-Dispenser] 23 D3
[T+53503294us][CH1-Dispenser] FF
[T+53505295us][CH2-Pc    ] FF
[T+53516296us][CH1-Dispenser] E5
[T+53518295us][CH2-Pc    ] E5
[T+53529298us][CH1-Dispenser] F2
[T+53531295us][CH2-Pc    ] F2
[T+53541338us][CH1-Dispenser] F8
[T+53543301us][CH2-Pc    ] F8
[T+53554295us][CH1-Dispenser] E0
[T+53557294us][CH2-Pc    ] E0
[T+53567299us][CH1-Dispenser] E0
[T+53569294us][CH2-Pc    ] E0
[T+53579294us][CH1-Dispenser] E0
[T+53581294us][CH2-Pc    ] E0
[T+53592294us][CH1-Dispenser] E0
[T+53594293us][CH2-Pc    ] E0
[T+53605297us][CH1-Dispenser] E0
[T+53607295us][CH2-Pc    ] E0
[T+53618302us][CH1-Dispenser] E0
[T+53620295us][CH2-Pc    ] E0
[T+53631423us][CH1-Dispenser] FB
[T+53632293us][CH2-Pc    ] FB
[T+53645088us][CH1-Dispenser] E7
[T+53645293us][CH2-Pc    ] E7
[T+53656301us][CH1-Dispenser] F0
[T+53658293us][CH2-Pc    ] F0
[T+53746326us][CH2-Pc    ] 03
[T+53752941us][CH1-Dispenser] 03 73
[T+53797294us][CH1-Dispenser] 13
[T+53799295us][CH2-Pc    ] 13
[T+53886295us][CH2-Pc    ] 03
[T+53891294us][CH1-Dispenser] 03 93
[T+53965294us][CH2-Pc    ] 04
[T+53968293us][CH1-Dispenser] 04 64
[T+54041295us][CH1-Dispenser] 05
[T+54043293us][CH2-Pc    ] 05
[T+54216294us][CH1-Dispenser] 06
[T+54218295us][CH2-Pc    ] 06
[T+54382294us][CH2-Pc    ] 01
[T+54386324us][CH1-Dispenser] 01 61
[T+54465293us][CH1-Dispenser] 02 62
[T+54460294us][CH2-Pc    ] 02
[T+54543326us][CH1-Dispenser] 03 93
[T+54539294us][CH2-Pc    ] 03
[T+55117294us][CH2-Pc    ] 04
[T+55123293us][CH1-Dispenser] 04 64
[T+55193294us][CH1-Dispenser] 05
[T+55195293us][CH2-Pc    ] 05
[T+55368295us][CH1-Dispenser] 06
[T+55370293us][CH2-Pc    ] 06
[T+55546295us][CH2-Pc    ] 01
[T+55550322us][CH1-Dispenser] 01 61
[T+55624294us][CH2-Pc    ] 02
[T+55631474us][CH1-Dispenser] 02 62
[T+55704294us][CH2-Pc    ] 03
[T+55709293us][CH1-Dispenser] 03 93
[T+55731294us][CH2-Pc    ] 63
[T+55741336us][CH1-Dispenser] 63 E0 E0 E0 E0 E0 E0
[T+55810295us][CH2-Pc    ] 04
[T+55814322us][CH1-Dispenser] 04 64
[T+55886296us][CH1-Dispenser] 05
[T+55888293us][CH2-Pc    ] 05
[T+56061294us][CH1-Dispenser] 06
[T+56063293us][CH2-Pc    ] 06
[T+56227294us][CH2-Pc    ] 01
[T+56231324us][CH1-Dispenser] 01 61
[T+56305294us][CH2-Pc    ] 02
[T+56312293us][CH1-Dispenser] 02 62
[T+56383397us][CH2-Pc    ] 03
[T+56389293us][CH1-Dispenser] 03 93
[T+56411294us][CH2-Pc    ] 63
[T+56419332us][CH1-Dispenser] 63 E0 E0 E0 E0 E0 E0
[T+56490294us][CH2-Pc    ] 04
[T+56495905us][CH1-Dispenser] 04 64
[T+56568294us][CH1-Dispenser] 05
[T+56570295us][CH2-Pc    ] 05
[T+56742294us][CH1-Dispenser] 06
[T+56744293us][CH2-Pc    ] 06
[T+56921323us][CH1-Dispenser] 01 61
[T+56917294us][CH2-Pc    ] 01
[T+56995294us][CH2-Pc    ] 02
[T+57001298us][CH1-Dispenser] 02 62
[T+57079294us][CH1-Dispenser] 03 93
[T+57076295us][CH2-Pc    ] 03
[T+57103329us][CH2-Pc    ] 63
[T+57116294us][CH1-Dispenser] 63 E0 E0 E0 E0 E0 E0
[T+57182295us][CH2-Pc    ] 04
[T+57188293us][CH1-Dispenser] 04 64
[T+57258294us][CH1-Dispenser] 05
[T+57260293us][CH2-Pc    ] 05
[T+57433294us][CH1-Dispenser] 06
[T+57435293us][CH2-Pc    ] 06
[T+57610294us][CH2-Pc    ] 01
[T+57617294us][CH1-Dispenser] 01 61
[T+57691414us][CH1-Dispenser] 02 62
[T+57688295us][CH2-Pc    ] 02
[T+57770294us][CH1-Dispenser] 03 93
[T+57767294us][CH2-Pc    ] 03
[T+57793295us][CH2-Pc    ] 63
[T+57805622us][CH1-Dispenser] 63 E0 E7 E1 E0 E0 E0
[T+57873294us][CH1-Dispenser] 04 64
[T+57871294us][CH2-Pc    ] 04
[T+57937294us][CH1-Dispenser] 05
[T+57939293us][CH2-Pc    ] 05
[T+58123295us][CH1-Dispenser] 06
[T+58125295us][CH2-Pc    ] 06
[T+58289294us][CH2-Pc    ] 01
[T+58298294us][CH1-Dispenser] 01 61
[T+58370293us][CH1-Dispenser] 02 62
[T+58368295us][CH2-Pc    ] 02
[T+58435294us][CH2-Pc    ] 03
[T+58439322us][CH1-Dispenser] 03 93
[T+58460294us][CH1-Dispenser] 63
[T+58462293us][CH2-Pc    ] 63
[T+58477294us][CH1-Dispenser] E2 E6 E3 E0 E0 E0
[T+58559293us][CH1-Dispenser] 04 64
[T+58554294us][CH2-Pc    ] 04
[T+58630295us][CH1-Dispenser] 05
[T+58632295us][CH2-Pc    ] 05
[T+58805294us][CH1-Dispenser] 06
[T+58807295us][CH2-Pc    ] 06
[T+58986293us][CH1-Dispenser] 01 61
[T+58983294us][CH2-Pc    ] 01
[T+59061295us][CH2-Pc    ] 02
[T+59067293us][CH1-Dispenser] 02 62
[T+59139295us][CH2-Pc    ] 03
[T+59146869us][CH1-Dispenser] 03 93
[T+59166294us][CH2-Pc    ] 63
[T+59175392us][CH1-Dispenser] 63 E8 E8 E5 E0 E0 E0
[T+59245294us][CH2-Pc    ] 04
[T+59251302us][CH1-Dispenser] 04 64
[T+59321295us][CH1-Dispenser] 05
[T+59324295us][CH2-Pc    ] 05
[T+59496295us][CH1-Dispenser] 06
[T+59498294us][CH2-Pc    ] 06
[T+59665293us][CH1-Dispenser] 01 61
[T+59663297us][CH2-Pc    ] 01
[T+59741294us][CH2-Pc    ] 02
[T+59747293us][CH1-Dispenser] 02 62
[T+59824293us][CH1-Dispenser] 03 93
[T+59819295us][CH2-Pc    ] 03
[T+59846294us][CH2-Pc    ] 63
[T+59855861us][CH1-Dispenser] 63 E0 E7 E8 E0 E0 E0
[T+59924295us][CH2-Pc    ] 04
[T+59929293us][CH1-Dispenser] 04 64
[T+60000294us][CH1-Dispenser] 05
[T+60002293us][CH2-Pc    ] 05
[T+60178294us][CH1-Dispenser] 06
[T+60180294us][CH2-Pc    ] 06
[T+60357295us][CH2-Pc    ] 01
[T+60361322us][CH1-Dispenser] 01 61
[T+60435294us][CH2-Pc    ] 02
[T+60442302us][CH1-Dispenser] 02 62
[T+60518293us][CH1-Dispenser] 03 93
[T+60513294us][CH2-Pc    ] 03
[T+60540294us][CH2-Pc    ] 63
[T+60551294us][CH1-Dispenser] 63 E0 E7 E8 E0 E0 E0
[T+60623322us][CH1-Dispenser] 04 64
[T+60619294us][CH2-Pc    ] 04
[T+60695294us][CH1-Dispenser] 05
[T+60698295us][CH2-Pc    ] 05
[T+60866294us][CH1-Dispenser] 06
[T+60869294us][CH2-Pc    ] 06
[T+61066293us][CH1-Dispenser] 01 61
[T+61064294us][CH2-Pc    ] 01
[T+61136293us][CH1-Dispenser] 02 62
[T+61133294us][CH2-Pc    ] 02
[T+61211295us][CH2-Pc    ] 03
[T+61216294us][CH1-Dispenser] 03 93
[T+61239294us][CH2-Pc    ] 63
[T+61251318us][CH1-Dispenser] 63 E0 E7 E8 E0 E0 E0
[T+61318294us][CH2-Pc    ] 04
[T+61325294us][CH1-Dispenser] 04 64
[T+61395295us][CH1-Dispenser] 05
[T+61397293us][CH2-Pc    ] 05
[T+61572294us][CH1-Dispenser] 06
[T+61574293us][CH2-Pc    ] 06
[T+61748294us][CH2-Pc    ] 01
[T+61752322us][CH1-Dispenser] 01 61
[T+61831293us][CH1-Dispenser] 02 62
[T+61826294us][CH2-Pc    ] 02
[T+61909322us][CH1-Dispenser] 03 93
[T+61905294us][CH2-Pc    ] 03
[T+61932294us][CH2-Pc    ] 63
[T+61943303us][CH1-Dispenser] 63 E0 E7 E8 E0 E0 E0
[T+62019325us][CH1-Dispenser] 04 64
[T+62015574us][CH2-Pc    ] 04
[T+62091294us][CH1-Dispenser] 05
[T+62093293us][CH2-Pc    ] 05
[T+62255294us][CH1-Dispenser] 06
[T+62257293us][CH2-Pc    ] 06
[T+62432295us][CH2-Pc    ] 01
[T+62437293us][CH1-Dispenser] 01 61
[T+62510294us][CH2-Pc    ] 02
[T+62516294us][CH1-Dispenser] 02 62
[T+62589295us][CH2-Pc    ] 03
[T+62594294us][CH1-Dispenser] 03 93
[T+62617295us][CH2-Pc    ] 63
[T+62630294us][CH1-Dispenser] 63 E0 E7 E8 E0 E0 E0
[T+62707294us][CH2-Pc    ] 04
[T+62714294us][CH1-Dispenser] 04 64
[T+62784294us][CH1-Dispenser] 05
[T+62786294us][CH2-Pc    ] 05
[T+62960294us][CH1-Dispenser] 06
[T+62962295us][CH2-Pc    ] 06
[T+63141293us][CH1-Dispenser] 01 61
[T+63138294us][CH2-Pc    ] 01
[T+63216295us][CH2-Pc    ] 02
[T+63221293us][CH1-Dispenser] 02 62
[T+63294295us][CH2-Pc    ] 03
[T+63301303us][CH1-Dispenser] 03 93
[T+63322295us][CH2-Pc    ] 63
[T+63331295us][CH1-Dispenser] 63 E0 E3 E1 E1 E0 E0
[T+63404294us][CH1-Dispenser] 04 64
[T+63401294us][CH2-Pc    ] 04
[T+63494294us][CH1-Dispenser] 05
[T+63496294us][CH2-Pc    ] 05
[T+63670294us][CH1-Dispenser] 06
[T+63672295us][CH2-Pc    ] 06
[T+63840294us][CH1-Dispenser] 01 61
[T+63837294us][CH2-Pc    ] 01
[T+63916294us][CH2-Pc    ] 02
[T+63923294us][CH1-Dispenser] 02 62
[T+63993294us][CH2-Pc    ] 03
[T+64001980us][CH1-Dispenser] 03 93
[T+64022295us][CH2-Pc    ] 63
[T+64030334us][CH1-Dispenser] 63 E6 E0 E7 E1 E0 E0
[T+64103294us][CH2-Pc    ] 04
[T+64109294us][CH1-Dispenser] 04 64
[T+64179295us][CH1-Dispenser] 05
[T+64181295us][CH2-Pc    ] 05
[T+64355294us][CH1-Dispenser] 06
[T+64357293us][CH2-Pc    ] 06
[T+64527322us][CH1-Dispenser] 01 61
[T+64523295us][CH2-Pc    ] 01
[T+64602295us][CH2-Pc    ] 02
[T+64606322us][CH1-Dispenser] 02 62
[T+64680296us][CH2-Pc    ] 03
[T+64684322us][CH1-Dispenser] 03 93
[T+64709294us][CH2-Pc    ] 63
[T+64722295us][CH1-Dispenser] 63 E9 E7 E0 E2 E0 E0
[T+64804322us][CH1-Dispenser] 04 64
[T+64800295us][CH2-Pc    ] 04
[T+64876294us][CH1-Dispenser] 05
[T+64878293us][CH2-Pc    ] 05
[T+65056294us][CH1-Dispenser] 06
[T+65058293us][CH2-Pc    ] 06
[T+65233295us][CH2-Pc    ] 01
[T+65237322us][CH1-Dispenser] 01 61
[T+65311295us][CH2-Pc    ] 02
[T+65316294us][CH1-Dispenser] 02 62
[T+65389294us][CH2-Pc    ] 03
[T+65395303us][CH1-Dispenser] 03 93
[T+65416295us][CH2-Pc    ] 63
[T+65429294us][CH1-Dispenser] 63 E9 E4 E2 E2 E0 E0
[T+65496493us][CH2-Pc    ] 04
[T+65500327us][CH1-Dispenser] 04 64
[T+65572294us][CH1-Dispenser] 05
[T+65574294us][CH2-Pc    ] 05
[T+65745294us][CH1-Dispenser] 06
[T+65747295us][CH2-Pc    ] 06
[T+65913295us][CH2-Pc    ] 01
[T+65918294us][CH1-Dispenser] 01 61
[T+65991294us][CH2-Pc    ] 02
[T+65997303us][CH1-Dispenser] 02 62
[T+66070294us][CH2-Pc    ] 03
[T+66078979us][CH1-Dispenser] 03 93
[T+66097295us][CH2-Pc    ] 63
[T+66105935us][CH1-Dispenser] 63 E3 E7 E3 E2 E0 E0
[T+66175294us][CH2-Pc    ] 04
[T+66180293us][CH1-Dispenser] 04 64
[T+66251294us][CH1-Dispenser] 05
[T+66253294us][CH2-Pc    ] 05
[T+66426295us][CH1-Dispenser] 06
[T+66428295us][CH2-Pc    ] 06
[T+66606295us][CH2-Pc    ] 01
[T+66612294us][CH1-Dispenser] 01 61
[T+66685294us][CH2-Pc    ] 02
[T+66691302us][CH1-Dispenser] 02 62
[T+66770294us][CH2-Pc    ] 03
[T+66774322us][CH1-Dispenser] 03 93
[T+66797299us][CH2-Pc    ] 63
[T+66805334us][CH1-Dispenser] 63 E1 E3 E5 E2 E0 E0
[T+66875295us][CH2-Pc    ] 04
[T+66879322us][CH1-Dispenser] 04 64
[T+66951294us][CH1-Dispenser] 05
[T+66953293us][CH2-Pc    ] 05
[T+67138296us][CH1-Dispenser] 06
[T+67140293us][CH2-Pc    ] 06
[T+67305294us][CH2-Pc    ] 01
[T+67311293us][CH1-Dispenser] 01 61
[T+67387294us][CH2-Pc    ] 02
[T+67392293us][CH1-Dispenser] 02 62
[T+67465294us][CH2-Pc    ] 03
[T+67469323us][CH1-Dispenser] 03 93
[T+67492294us][CH2-Pc    ] 63
[T+67507294us][CH1-Dispenser] 63 E1 E3 E5 E2 E0 E0
[T+67581295us][CH2-Pc    ] 04
[T+67585322us][CH1-Dispenser] 04 64
[T+67657294us][CH1-Dispenser] 05
[T+67660295us][CH2-Pc    ] 05
[T+67832295us][CH1-Dispenser] 06
[T+67834293us][CH2-Pc    ] 06
[T+68014294us][CH2-Pc    ] 01
[T+68017293us][CH1-Dispenser] 01 61
[T+68096322us][CH1-Dispenser] 02 62
[T+68092295us][CH2-Pc    ] 02
[T+68178295us][CH2-Pc    ] 03
[T+68185302us][CH1-Dispenser] 03 93
[T+68205295us][CH2-Pc    ] 63
[T+68215294us][CH1-Dispenser] 63 E1 E0 E7 E2 E0 E0
[T+68283294us][CH2-Pc    ] 04
[T+68290303us][CH1-Dispenser] 04 64
[T+68359295us][CH1-Dispenser] 05
[T+68362295us][CH2-Pc    ] 05
[T+68535294us][CH1-Dispenser] 06
[T+68537293us][CH2-Pc    ] 06
[T+68716293us][CH1-Dispenser] 01 61
[T+68713294us][CH2-Pc    ] 01
[T+68792294us][CH2-Pc    ] 02
[T+68797907us][CH1-Dispenser] 02 62
[T+68875322us][CH1-Dispenser] 03 93
[T+68871294us][CH2-Pc    ] 03
[T+68900294us][CH2-Pc    ] 63
[T+68910298us][CH1-Dispenser] 63 E7 E2 E9 E2 E0 E0
[T+68994295us][CH2-Pc    ] 04
[T+69000302us][CH1-Dispenser] 04 64
[T+69071294us][CH1-Dispenser] 05
[T+69073295us][CH2-Pc    ] 05
[T+69247295us][CH1-Dispenser] 06
[T+69249293us][CH2-Pc    ] 06
[T+69413294us][CH2-Pc    ] 01
[T+69417322us][CH1-Dispenser] 01 61
[T+69491296us][CH2-Pc    ] 02
[T+69498908us][CH1-Dispenser] 02 62
[T+69570295us][CH2-Pc    ] 03
[T+69575865us][CH1-Dispenser] 03 93
[T+69597294us][CH2-Pc    ] 63
[T+69610294us][CH1-Dispenser] 63 E7 E2 E9 E2 E0 E0
[T+69689293us][CH1-Dispenser] 04 64
[T+69686294us][CH2-Pc    ] 04
[T+69762295us][CH1-Dispenser] 05
[T+69764293us][CH2-Pc    ] 05
[T+69926294us][CH1-Dispenser] 06
[T+69928293us][CH2-Pc    ] 06
[T+70103295us][CH2-Pc    ] 01
[T+70107325us][CH1-Dispenser] 01 61
[T+70182295us][CH2-Pc    ] 02
[T+70187294us][CH1-Dispenser] 02 62
[T+70260294us][CH2-Pc    ] 03
[T+70264322us][CH1-Dispenser] 03 93
[T+70287294us][CH2-Pc    ] 63
[T+70297295us][CH1-Dispenser] 63 E8 E2 E0 E3 E0 E0
[T+70373295us][CH2-Pc    ] 04
[T+70380302us][CH1-Dispenser] 04 64
[T+70450295us][CH1-Dispenser] 05
[T+70452293us][CH2-Pc    ] 05
[T+70614294us][CH1-Dispenser] 06
[T+70616293us][CH2-Pc    ] 06
[T+70794295us][CH2-Pc    ] 01
[T+70799293us][CH1-Dispenser] 01 61
[T+70872295us][CH2-Pc    ] 02
[T+70878904us][CH1-Dispenser] 02 62
[T+70950295us][CH2-Pc    ] 03
[T+70955901us][CH1-Dispenser] 03 93
[T+70978294us][CH2-Pc    ] 63
[T+70986318us][CH1-Dispenser] 63 E9 E0 E2 E3 E0 E0
[T+71060293us][CH1-Dispenser] 04 64
[T+71057294us][CH2-Pc    ] 04
[T+71146295us][CH1-Dispenser] 05
[T+71148293us][CH2-Pc    ] 05
[T+71325294us][CH1-Dispenser] 06
[T+71327295us][CH2-Pc    ] 06
[T+71492294us][CH2-Pc    ] 01
[T+71496322us][CH1-Dispenser] 01 61
[T+71570294us][CH2-Pc    ] 02
[T+71579888us][CH1-Dispenser] 02 62
[T+71648295us][CH2-Pc    ] 03
[T+71654293us][CH1-Dispenser] 03 93
[T+71676294us][CH2-Pc    ] 63
[T+71685298us][CH1-Dispenser] 63 E0 E9 E3 E3 E0 E0
[T+71755294us][CH2-Pc    ] 04
[T+71759322us][CH1-Dispenser] 04 64
[T+71834294us][CH1-Dispenser] 05
[T+71836295us][CH2-Pc    ] 05
[T+72009296us][CH1-Dispenser] 06
[T+72011293us][CH2-Pc    ] 06
[T+72186295us][CH2-Pc    ] 01
[T+72192294us][CH1-Dispenser] 01 61
[T+72266293us][CH1-Dispenser] 02 62
[T+72264295us][CH2-Pc    ] 02
[T+72334295us][CH1-Dispenser] 03 93
[T+72332295us][CH2-Pc    ] 03
[T+72349295us][CH2-Pc    ] 63
[T+72362294us][CH1-Dispenser] 63 E5 E0 E6 E3 E0 E0
[T+72430294us][CH2-Pc    ] 04
[T+72436293us][CH1-Dispenser] 04 64
[T+72515295us][CH1-Dispenser] 05
[T+72517293us][CH2-Pc    ] 05
[T+72691295us][CH1-Dispenser] 06
[T+72694294us][CH2-Pc    ] 06
[T+72871295us][CH2-Pc    ] 01
[T+72878294us][CH1-Dispenser] 01 61
[T+72952293us][CH1-Dispenser] 02 62
[T+72949294us][CH2-Pc    ] 02
[T+73027295us][CH2-Pc    ] 03
[T+73030293us][CH1-Dispenser] 03 93
[T+73055294us][CH2-Pc    ] 63
[T+73067320us][CH1-Dispenser] 63 E9 E1 E8 E3 E0 E0
[T+73136295us][CH2-Pc    ] 04
[T+73141294us][CH1-Dispenser] 04 64
[T+73212294us][CH1-Dispenser] 05
[T+73214293us][CH2-Pc    ] 05
[T+73388294us][CH1-Dispenser] 06
[T+73390293us][CH2-Pc    ] 06
[T+73556295us][CH2-Pc    ] 01
[T+73563294us][CH1-Dispenser] 01 61
[T+73637293us][CH1-Dispenser] 02 62
[T+73634294us][CH2-Pc    ] 02
[T+73712295us][CH2-Pc    ] 03
[T+73716322us][CH1-Dispenser] 03 93
[T+73736295us][CH1-Dispenser] 63
[T+73738293us][CH2-Pc    ] 63
[T+73756507us][CH1-Dispenser] E3 E2 E0 E4 E0 E0
[T+73830293us][CH1-Dispenser] 04 64
[T+73827294us][CH2-Pc    ] 04
[T+73903295us][CH1-Dispenser] 05
[T+73905295us][CH2-Pc    ] 05
[T+74067294us][CH1-Dispenser] 06
[T+74069294us][CH2-Pc    ] 06
[T+74246295us][CH1-Dispenser] 01 61
[T+74244294us][CH2-Pc    ] 01
[T+74316322us][CH1-Dispenser] 02 62
[T+74312295us][CH2-Pc    ] 02
[T+74396294us][CH2-Pc    ] 03
[T+74403294us][CH1-Dispenser] 03 93
[T+74423294us][CH2-Pc    ] 63
[T+74436295us][CH1-Dispenser] 63 E4 E0 E2 E4 E0 E0
[T+74503294us][CH2-Pc    ] 04
[T+74510302us][CH1-Dispenser] 04 64
[T+74580294us][CH1-Dispenser] 05
[T+74582293us][CH2-Pc    ] 05
[T+74755294us][CH1-Dispenser] 06
[T+74757293us][CH2-Pc    ] 06
[T+74932295us][CH2-Pc    ] 01
[T+74936322us][CH1-Dispenser] 01 61
[T+75010295us][CH2-Pc    ] 02
[T+75017302us][CH1-Dispenser] 02 62
[T+75088294us][CH2-Pc    ] 03
[T+75096327us][CH1-Dispenser] 03 93
[T+75115294us][CH2-Pc    ] 63
[T+75130295us][CH1-Dispenser] 63 E3 E7 E3 E4 E0 E0
[T+75217295us][CH2-Pc    ] 04
[T+75220293us][CH1-Dispenser] 04 64
[T+75293294us][CH1-Dispenser] 05
[T+75295294us][CH2-Pc    ] 05
[T+75458295us][CH1-Dispenser] 06
[T+75460293us][CH2-Pc    ] 06
[T+75636294us][CH2-Pc    ] 01
[T+75644464us][CH1-Dispenser] 01 61
[T+75716295us][CH2-Pc    ] 02
[T+75724332us][CH1-Dispenser] 02 62
[T+75794295us][CH2-Pc    ] 03
[T+75800906us][CH1-Dispenser] 03 93
[T+75821295us][CH2-Pc    ] 63
[T+75833318us][CH1-Dispenser] 63 E7 E7 E5 E4 E0 E0
[T+75901294us][CH2-Pc    ] 04
[T+75907293us][CH1-Dispenser] 04 64
[T+75976294us][CH1-Dispenser] 05
[T+75979294us][CH2-Pc    ] 05
[T+76145295us][CH1-Dispenser] 06
[T+76147295us][CH2-Pc    ] 06
[T+76322295us][CH2-Pc    ] 01
[T+76327293us][CH1-Dispenser] 01 61
[T+76400294us][CH2-Pc    ] 02
[T+76406294us][CH1-Dispenser] 02 62
[T+76478295us][CH2-Pc    ] 03
[T+76486332us][CH1-Dispenser] 03 93
[T+76506294us][CH2-Pc    ] 63
[T+76517298us][CH1-Dispenser] 63 E1 E9 E7 E4 E0 E0
[T+76588294us][CH2-Pc    ] 04
[T+76594303us][CH1-Dispenser] 04 64
[T+76664295us][CH1-Dispenser] 05
[T+76666293us][CH2-Pc    ] 05
[T+76834294us][CH1-Dispenser] 06
[T+76836293us][CH2-Pc    ] 06
[T+77017293us][CH1-Dispenser] 01 61
[T+77015295us][CH2-Pc    ] 01
[T+77101326us][CH2-Pc    ] 02
[T+77107294us][CH1-Dispenser] 02 62
[T+77186293us][CH1-Dispenser] 03 93
[T+77181294us][CH2-Pc    ] 03
[T+77208294us][CH2-Pc    ] 63
[T+77222294us][CH1-Dispenser] 63 E9 E2 E0 E5 E0 E0
[T+77300293us][CH1-Dispenser] 04 64
[T+77297295us][CH2-Pc    ] 04
[T+77373294us][CH1-Dispenser] 05
[T+77375294us][CH2-Pc    ] 05
[T+77539294us][CH1-Dispenser] 06
[T+77541293us][CH2-Pc    ] 06
[T+77752293us][CH1-Dispenser] 01 61
[T+77747294us][CH2-Pc    ] 01
[T+77825294us][CH2-Pc    ] 02
[T+77832294us][CH1-Dispenser] 02 62
[T+77903294us][CH2-Pc    ] 03
[T+77910294us][CH1-Dispenser] 03 93
[T+77931295us][CH2-Pc    ] 63
[T+77941294us][CH1-Dispenser] 63 E6 E6 E2 E5 E0 E0
[T+78010295us][CH2-Pc    ] 04
[T+78015940us][CH1-Dispenser] 04 64
[T+78086295us][CH1-Dispenser] 05
[T+78088293us][CH2-Pc    ] 05
[T+78261294us][CH1-Dispenser] 06
[T+78263295us][CH2-Pc    ] 06
[T+78438295us][CH2-Pc    ] 01
[T+78443293us][CH1-Dispenser] 01 61
[T+78516294us][CH2-Pc    ] 02
[T+78522294us][CH1-Dispenser] 02 62
[T+78594295us][CH2-Pc    ] 03
[T+78601302us][CH1-Dispenser] 03 93
[T+78621295us][CH2-Pc    ] 63
[T+78632295us][CH1-Dispenser] 63 E4 E1 E5 E5 E0 E0
[T+78699294us][CH2-Pc    ] 04
[T+78708295us][CH1-Dispenser] 04 64
[T+78775295us][CH1-Dispenser] 05
[T+78777293us][CH2-Pc    ] 05
[T+78952295us][CH1-Dispenser] 06
[T+78954295us][CH2-Pc    ] 06
[T+79142294us][CH2-Pc    ] 01
[T+79147293us][CH1-Dispenser] 01 61
[T+79223293us][CH1-Dispenser] 02 62
[T+79220294us][CH2-Pc    ] 02
[T+79301293us][CH1-Dispenser] 03 93
[T+79298295us][CH2-Pc    ] 03
[T+79325295us][CH2-Pc    ] 63
[T+79335334us][CH1-Dispenser] 63 E0 E4 E7 E5 E0 E0
[T+79403294us][CH2-Pc    ] 04
[T+79411334us][CH1-Dispenser] 04 64
[T+79479294us][CH1-Dispenser] 05
[T+79481294us][CH2-Pc    ] 05
[T+79644423us][CH1-Dispenser] 06
[T+79646296us][CH2-Pc    ] 06
[T+79822294us][CH2-Pc    ] 01
[T+79828293us][CH1-Dispenser] 01 61
[T+79901294us][CH2-Pc    ] 02
[T+79907293us][CH1-Dispenser] 02 62
[T+79979295us][CH2-Pc    ] 03
[T+79986898us][CH1-Dispenser] 03 93
[T+80007295us][CH2-Pc    ] 63
[T+80019326us][CH1-Dispenser] 63 E9 E8 E9 E5 E0 E0
[T+80085295us][CH2-Pc    ] 04
[T+80091302us][CH1-Dispenser] 04 64
[T+80161295us][CH1-Dispenser] 05
[T+80163293us][CH2-Pc    ] 05
[T+80336294us][CH1-Dispenser] 06
[T+80338294us][CH2-Pc    ] 06
[T+80516294us][CH1-Dispenser] 01 61
[T+80513295us][CH2-Pc    ] 01
[T+80591295us][CH2-Pc    ] 02
[T+80599974us][CH1-Dispenser] 02 62
[T+80669294us][CH2-Pc    ] 03
[T+80677334us][CH1-Dispenser] 03 93
[T+80696294us][CH2-Pc    ] 63
[T+80706295us][CH1-Dispenser] 63 E8 E3 E2 E6 E0 E0
[T+80774295us][CH2-Pc    ] 04
[T+80782921us][CH1-Dispenser] 04 64
[T+80850294us][CH1-Dispenser] 05
[T+80853294us][CH2-Pc    ] 05
[T+81045294us][CH1-Dispenser] 06
[T+81047293us][CH2-Pc    ] 06
[T+81211295us][CH2-Pc    ] 01
[T+81219332us][CH1-Dispenser] 01 61
[T+81289294us][CH2-Pc    ] 02
[T+81293324us][CH1-Dispenser] 02 62
[T+81371296us][CH1-Dispenser] 03 93
[T+81368472us][CH2-Pc    ] 03
[T+81395295us][CH2-Pc    ] 63
[T+81407318us][CH1-Dispenser] 63 E0 E2 E5 E6 E0 E0
[T+81476295us][CH2-Pc    ] 04
[T+81480322us][CH1-Dispenser] 04 64
[T+81551294us][CH1-Dispenser] 05
[T+81554294us][CH2-Pc    ] 05
[T+81727294us][CH1-Dispenser] 06
[T+81729295us][CH2-Pc    ] 06
[T+81906295us][CH2-Pc    ] 01
[T+81913302us][CH1-Dispenser] 01 61
[T+81984298us][CH2-Pc    ] 02
[T+81987295us][CH1-Dispenser] 02 62
[T+82065294us][CH1-Dispenser] 03 93
[T+82062295us][CH2-Pc    ] 03
[T+82090294us][CH2-Pc    ] 63
[T+82104294us][CH1-Dispenser] 63 E5 E2 E8 E6 E0 E0
[T+82179295us][CH2-Pc    ] 04
[T+82185920us][CH1-Dispenser] 04 64
[T+82256295us][CH1-Dispenser] 05
[T+82258293us][CH2-Pc    ] 05
[T+82430294us][CH1-Dispenser] 06
[T+82432295us][CH2-Pc    ] 06
[T+82612322us][CH1-Dispenser] 01 61
[T+82608295us][CH2-Pc    ] 01
[T+82686294us][CH2-Pc    ] 02
[T+82693294us][CH1-Dispenser] 02 62
[T+82764294us][CH2-Pc    ] 03
[T+82771900us][CH1-Dispenser] 03 93
[T+82792295us][CH2-Pc    ] 63
[T+82801294us][CH1-Dispenser] 63 E8 E0 E1 E7 E0 E0
[T+82870295us][CH2-Pc    ] 04
[T+82878327us][CH1-Dispenser] 04 64
[T+82946296us][CH1-Dispenser] 05
[T+82948293us][CH2-Pc    ] 05
[T+83123295us][CH1-Dispenser] 06
[T+83125293us][CH2-Pc    ] 06
[T+83293293us][CH1-Dispenser] 01 61
[T+83290294us][CH2-Pc    ] 01
[T+83368295us][CH2-Pc    ] 02
[T+83374293us][CH1-Dispenser] 02 62
[T+83447295us][CH2-Pc    ] 03
[T+83450293us][CH1-Dispenser] 03 93
[T+83471294us][CH1-Dispenser] 63
[T+83473293us][CH2-Pc    ] 63
[T+83489318us][CH1-Dispenser] E8 E5 E4 E7 E0 E0
[T+83564295us][CH2-Pc    ] 04
[T+83570946us][CH1-Dispenser] 04 64
[T+83640294us][CH1-Dispenser] 05
[T+83642293us][CH2-Pc    ] 05
[T+83828296us][CH1-Dispenser] 06
[T+83830293us][CH2-Pc    ] 06
[T+84016294us][CH2-Pc    ] 01
[T+84023302us][CH1-Dispenser] 01 61
[T+84097294us][CH1-Dispenser] 02 62
[T+84094294us][CH2-Pc    ] 02
[T+84172295us][CH2-Pc    ] 03
[T+84177293us][CH1-Dispenser] 03 93
[T+84200294us][CH2-Pc    ] 63
[T+84214294us][CH1-Dispenser] 63 E1 E3 E8 E7 E0 E0
[T+84326294us][CH2-Pc    ] 04
[T+84331293us][CH1-Dispenser] 04 64
[T+84402294us][CH1-Dispenser] 05
[T+84404293us][CH2-Pc    ] 05
[T+84570294us][CH1-Dispenser] 06
[T+84572294us][CH2-Pc    ] 06
[T+84747295us][CH2-Pc    ] 01
[T+84753293us][CH1-Dispenser] 01 61
[T+84826294us][CH2-Pc    ] 02
[T+84832294us][CH1-Dispenser] 02 62
[T+84904295us][CH2-Pc    ] 03
[T+84911302us][CH1-Dispenser] 03 93
[T+84932295us][CH2-Pc    ] 63
[T+84942295us][CH1-Dispenser] 63 E7 E5 E0 E8 E0 E0
[T+85011295us][CH2-Pc    ] 04
[T+85016293us][CH1-Dispenser] 04 64
[T+85087294us][CH1-Dispenser] 05
[T+85089293us][CH2-Pc    ] 05
[T+85262295us][CH1-Dispenser] 06
[T+85264295us][CH2-Pc    ] 06
[T+85430294us][CH2-Pc    ] 01
[T+85434322us][CH1-Dispenser] 01 61
[T+85510294us][CH2-Pc    ] 02
[T+85515293us][CH1-Dispenser] 02 62
[T+85588295us][CH2-Pc    ] 03
[T+85593294us][CH1-Dispenser] 03 93
[T+85615295us][CH2-Pc    ] 63
[T+85627319us][CH1-Dispenser] 63 E6 E3 E1 E8 E0 E0
[T+85694294us][CH2-Pc    ] 04
[T+85702318us][CH1-Dispenser] 04 64
[T+85770294us][CH1-Dispenser] 05
[T+85772399us][CH2-Pc    ] 05
[T+85945294us][CH1-Dispenser] 06
[T+85947293us][CH2-Pc    ] 06
[T+86122295us][CH2-Pc    ] 01
[T+86127293us][CH1-Dispenser] 01 61
[T+86201294us][CH2-Pc    ] 02
[T+86207314us][CH1-Dispenser] 02 62
[T+86279295us][CH2-Pc    ] 03
[T+86285296us][CH1-Dispenser] 03 93
[T+86306295us][CH2-Pc    ] 63
[T+86316303us][CH1-Dispenser] 63 E2 E5 E4 E8 E0 E0
[T+86386298us][CH2-Pc    ] 04
[T+86390326us][CH1-Dispenser] 04 64
[T+86463295us][CH1-Dispenser] 05
[T+86465293us][CH2-Pc    ] 05
[T+86639294us][CH1-Dispenser] 06
[T+86641295us][CH2-Pc    ] 06
[T+86806294us][CH2-Pc    ] 01
[T+86812294us][CH1-Dispenser] 01 61
[T+86889295us][CH2-Pc    ] 02
[T+86893322us][CH1-Dispenser] 02 62
[T+86971294us][CH1-Dispenser] 03 93
[T+86968295us][CH2-Pc    ] 03
[T+86995295us][CH2-Pc    ] 63
[T+87007327us][CH1-Dispenser] 63 E8 E9 E4 E8 E0 E0
[T+87074294us][CH2-Pc    ] 04
[T+87081909us][CH1-Dispenser] 04 64
[T+87150295us][CH1-Dispenser] 05
[T+87152295us][CH2-Pc    ] 05
[T+87325295us][CH1-Dispenser] 06
[T+87327293us][CH2-Pc    ] 06
[T+87491295us][CH2-Pc    ] 01
[T+87499899us][CH1-Dispenser] 01 61
[T+87598294us][CH1-Dispenser] 02 62
[T+87596294us][CH2-Pc    ] 02
[T+87676295us][CH2-Pc    ] 03
[T+87681294us][CH1-Dispenser] 03 93
[T+87703295us][CH2-Pc    ] 63
[T+87712294us][CH1-Dispenser] 63 E5 E3 E7 E8 E0 E0
[T+87786322us][CH1-Dispenser] 04 64
[T+87782294us][CH2-Pc    ] 04
[T+87858295us][CH1-Dispenser] 05
[T+87860293us][CH2-Pc    ] 05
[T+88044295us][CH1-Dispenser] 06
[T+88046293us][CH2-Pc    ] 06
[T+88212295us][CH2-Pc    ] 01
[T+88220332us][CH1-Dispenser] 01 61
[T+88293294us][CH1-Dispenser] 02 62
[T+88290294us][CH2-Pc    ] 02
[T+88369294us][CH2-Pc    ] 03
[T+88377334us][CH1-Dispenser] 03 93
[T+88396297us][CH2-Pc    ] 63
[T+88406294us][CH1-Dispenser] 63 E8 E5 E7 E8 E0 E0
[T+88474295us][CH2-Pc    ] 04
[T+88483294us][CH1-Dispenser] 04 64
[T+88550294us][CH1-Dispenser] 05
[T+88552293us][CH2-Pc    ] 05
[T+88762294us][CH1-Dispenser] 06
[T+88764295us][CH2-Pc    ] 06
[T+88930295us][CH2-Pc    ] 01
[T+88933293us][CH1-Dispenser] 01 61
[T+89008295us][CH2-Pc    ] 02
[T+89012322us][CH1-Dispenser] 02 62
[T+89091322us][CH1-Dispenser] 03 93
[T+89087295us][CH2-Pc    ] 03
[T+89114294us][CH2-Pc    ] 63
[T+89128294us][CH1-Dispenser] 63 E7 E2 E9 E8 E0 E0
[T+89204294us][CH2-Pc    ] 04
[T+89211302us][CH1-Dispenser] 04 64
[T+89280295us][CH1-Dispenser] 05
[T+89282293us][CH2-Pc    ] 05
[T+89467295us][CH1-Dispenser] 06
[T+89470294us][CH2-Pc    ] 06
[T+89655294us][CH2-Pc    ] 01
[T+89657293us][CH1-Dispenser] 01 61
[T+89722295us][CH2-Pc    ] 02
[T+89728904us][CH1-Dispenser] 02 62
[T+89806293us][CH1-Dispenser] 03 93
[T+89803295us][CH2-Pc    ] 03
[T+89832294us][CH2-Pc    ] 63
[T+89842438us][CH1-Dispenser] 63 E8 E0 E1 E9 E0 E0
[T+89911295us][CH2-Pc    ] 04
[T+89916293us][CH1-Dispenser] 04 64
[T+89989294us][CH1-Dispenser] 05
[T+89991293us][CH2-Pc    ] 05
[T+90165294us][CH1-Dispenser] 06
[T+90167295us][CH2-Pc    ] 06
[T+90347322us][CH1-Dispenser] 01 61
[T+90343294us][CH2-Pc    ] 01
[T+90422295us][CH2-Pc    ] 02
[T+90428931us][CH1-Dispenser] 02 62
[T+90500295us][CH2-Pc    ] 03
[T+90507611us][CH1-Dispenser] 03 93
[T+90527294us][CH2-Pc    ] 63
[T+90536294us][CH1-Dispenser] 63 E3 E2 E3 E9 E0 E0
[T+90610293us][CH1-Dispenser] 04 64
[T+90605295us][CH2-Pc    ] 04
[T+90681294us][CH1-Dispenser] 05
[T+90683293us][CH2-Pc    ] 05
[T+90868294us][CH1-Dispenser] 06
[T+90870293us][CH2-Pc    ] 06
[T+91045295us][CH2-Pc    ] 01
[T+91048293us][CH1-Dispenser] 01 61
[T+91123295us][CH2-Pc    ] 02
[T+91129293us][CH1-Dispenser] 02 62
[T+91201390us][CH2-Pc    ] 03
[T+91207294us][CH1-Dispenser] 03 93
[T+91228295us][CH2-Pc    ] 63
[T+91238494us][CH1-Dispenser] 63 E9 E4 E5 E9 E0 E0
[T+91306294us][CH2-Pc    ] 04
[T+91310322us][CH1-Dispenser] 04 64
[T+91382294us][CH1-Dispenser] 05
[T+91385294us][CH2-Pc    ] 05
[T+91558295us][CH1-Dispenser] 06
[T+91560293us][CH2-Pc    ] 06
[T+91725294us][CH2-Pc    ] 01
[T+91731293us][CH1-Dispenser] 01 61
[T+91803295us][CH2-Pc    ] 02
[T+91809293us][CH1-Dispenser] 02 62
[T+91881364us][CH2-Pc    ] 03
[T+91887294us][CH1-Dispenser] 03 93
[T+91909294us][CH2-Pc    ] 63
[T+91918326us][CH1-Dispenser] 63 E3 E6 E7 E9 E0 E0
[T+91987295us][CH2-Pc    ] 04
[T+91992294us][CH1-Dispenser] 04 64
[T+92063295us][CH1-Dispenser] 05
[T+92065293us][CH2-Pc    ] 05
[T+92240294us][CH1-Dispenser] 06
[T+92242295us][CH2-Pc    ] 06
[T+92418295us][CH2-Pc    ] 01
[T+92423294us][CH1-Dispenser] 01 61
[T+92496294us][CH2-Pc    ] 02
[T+92499295us][CH1-Dispenser] 02 62
[T+92576293us][CH1-Dispenser] 03 93
[T+92574294us][CH2-Pc    ] 03
[T+92591295us][CH2-Pc    ] 63
[T+92603328us][CH1-Dispenser] 63 E8 E7 E9 E9 E0 E0
[T+92670294us][CH2-Pc    ] 04
[T+92675293us][CH1-Dispenser] 04 64
[T+92746294us][CH1-Dispenser] 05
[T+92748294us][CH2-Pc    ] 05
[T+92921295us][CH1-Dispenser] 06
[T+92923293us][CH2-Pc    ] 06
[T+93101295us][CH2-Pc    ] 01
[T+93108294us][CH1-Dispenser] 01 61
[T+93179294us][CH2-Pc    ] 02
[T+93184293us][CH1-Dispenser] 02 62
[T+93257295us][CH2-Pc    ] 03
[T+93261322us][CH1-Dispenser] 03 93
[T+93285295us][CH2-Pc    ] 63
[T+93299294us][CH1-Dispenser] 63 E4 E0 E2 E0 E1 E0
[T+93377293us][CH1-Dispenser] 04 64
[T+93374295us][CH2-Pc    ] 04
[T+93450294us][CH1-Dispenser] 05
[T+93452293us][CH2-Pc    ] 05
[T+93616294us][CH1-Dispenser] 06
[T+93618293us][CH2-Pc    ] 06
[T+93798293us][CH1-Dispenser] 01 61
[T+93795294us][CH2-Pc    ] 01
[T+93873295us][CH2-Pc    ] 02
[T+93879294us][CH1-Dispenser] 02 62
[T+93957322us][CH1-Dispenser] 03 93
[T+93953294us][CH2-Pc    ] 03
[T+93980294us][CH2-Pc    ] 63
[T+93993294us][CH1-Dispenser] 63 E1 E4 E4 E0 E1 E0
[T+94095295us][CH2-Pc    ] 04
[T+94103334us][CH1-Dispenser] 04 64
[T+94170295us][CH1-Dispenser] 05
[T+94173296us][CH2-Pc    ] 05
[T+94357294us][CH1-Dispenser] 06
[T+94359293us][CH2-Pc    ] 06
[T+94529322us][CH1-Dispenser] 01 61
[T+94525295us][CH2-Pc    ] 01
[T+94604295us][CH2-Pc    ] 02
[T+94609294us][CH1-Dispenser] 02 62
[T+94682294us][CH2-Pc    ] 03
[T+94687940us][CH1-Dispenser] 03 93
[T+94710294us][CH2-Pc    ] 63
[T+94722331us][CH1-Dispenser] 63 E7 E6 E6 E0 E1 E0
[T+94791295us][CH2-Pc    ] 04
[T+94796945us][CH1-Dispenser] 04 64
[T+94867295us][CH1-Dispenser] 05
[T+94869293us][CH2-Pc    ] 05
[T+95044295us][CH1-Dispenser] 06
[T+95046293us][CH2-Pc    ] 06
[T+95212295us][CH2-Pc    ] 01
[T+95218944us][CH1-Dispenser] 01 61
[T+95292294us][CH2-Pc    ] 02
[T+95299295us][CH1-Dispenser] 02 62
[T+95370294us][CH2-Pc    ] 03
[T+95378334us][CH1-Dispenser] 03 93
[T+95397294us][CH2-Pc    ] 63
[T+95407294us][CH1-Dispenser] 63 E5 E0 E9 E0 E1 E0
[T+95477294us][CH2-Pc    ] 04
[T+95481324us][CH1-Dispenser] 04 64
[T+95553295us][CH1-Dispenser] 05
[T+95555293us][CH2-Pc    ] 05
[T+95729294us][CH1-Dispenser] 06
[T+95731293us][CH2-Pc    ] 06
[T+95908293us][CH1-Dispenser] 01 61
[T+95906294us][CH2-Pc    ] 01
[T+95973294us][CH2-Pc    ] 02
[T+95978293us][CH1-Dispenser] 02 62
[T+96052294us][CH2-Pc    ] 03
[T+96058302us][CH1-Dispenser] 03 93
[T+96080294us][CH2-Pc    ] 63
[T+96092327us][CH1-Dispenser] 63 E9 E1 E1 E1 E1 E0
[T+96196294us][CH2-Pc    ] 04
[T+96203996us][CH1-Dispenser] 04 64
[T+96272295us][CH1-Dispenser] 05
[T+96274293us][CH2-Pc    ] 05
[T+96449295us][CH1-Dispenser] 06
[T+96451295us][CH2-Pc    ] 06
[T+96618294us][CH2-Pc    ] 01
[T+96625293us][CH1-Dispenser] 01 61
[T+96698295us][CH2-Pc    ] 02
[T+96705303us][CH1-Dispenser] 02 62
[T+96781322us][CH1-Dispenser] 03 93
[T+96777295us][CH2-Pc    ] 03
[T+96804294us][CH2-Pc    ] 63
[T+96812318us][CH1-Dispenser] 63 E9 E7 E3 E1 E1 E0
[T+96886322us][CH1-Dispenser] 04 64
[T+96882294us][CH2-Pc    ] 04
[T+96959294us][CH1-Dispenser] 05
[T+96962294us][CH2-Pc    ] 05
[T+97136294us][CH1-Dispenser] 06
[T+97139296us][CH2-Pc    ] 06
[T+97304295us][CH2-Pc    ] 01
[T+97310293us][CH1-Dispenser] 01 61
[T+97382295us][CH2-Pc    ] 02
[T+97389931us][CH1-Dispenser] 02 62
[T+97466322us][CH1-Dispenser] 03 93
[T+97462295us][CH2-Pc    ] 03
[T+97490295us][CH2-Pc    ] 63
[T+97505294us][CH1-Dispenser] 63 E9 E3 E6 E1 E1 E0
[T+97580295us][CH2-Pc    ] 04
[T+97586946us][CH1-Dispenser] 04 64
[T+97656294us][CH1-Dispenser] 05
[T+97658295us][CH2-Pc    ] 05
[T+97833294us][CH1-Dispenser] 06
[T+97836294us][CH2-Pc    ] 06
[T+98013295us][CH2-Pc    ] 01
[T+98020293us][CH1-Dispenser] 01 61
[T+98095322us][CH1-Dispenser] 02 62
[T+98091294us][CH2-Pc    ] 02
[T+98170295us][CH2-Pc    ] 03
[T+98177302us][CH1-Dispenser] 03 93
[T+98192295us][CH2-Pc    ] 63
[T+98202301us][CH1-Dispenser] 63 E9 E9 E8 E1 E1 E0
[T+98271295us][CH2-Pc    ] 04
[T+98277293us][CH1-Dispenser] 04 64
[T+98347295us][CH1-Dispenser] 05
[T+98349293us][CH2-Pc    ] 05
[T+98522294us][CH1-Dispenser] 06
[T+98524294us][CH2-Pc    ] 06
[T+98699295us][CH2-Pc    ] 01
[T+98704293us][CH1-Dispenser] 01 61
[T+98777295us][CH2-Pc    ] 02
[T+98785020us][CH1-Dispenser] 02 62
[T+98860294us][CH1-Dispenser] 03 93
[T+98857294us][CH2-Pc    ] 03
[T+98898294us][CH2-Pc    ] 63
[T+98907294us][CH1-Dispenser] 63 E9 E5 E1 E2 E1 E0
[T+98977294us][CH2-Pc    ] 04
[T+98982293us][CH1-Dispenser] 04 64
[T+99053294us][CH1-Dispenser] 05
[T+99055295us][CH2-Pc    ] 05
[T+99229294us][CH1-Dispenser] 06
[T+99231293us][CH2-Pc    ] 06
[T+99397295us][CH2-Pc    ] 01
[T+99403293us][CH1-Dispenser] 01 61
[T+99494296us][CH1-Dispenser] 02 62
[T+99491294us][CH2-Pc    ] 02
[T+99569295us][CH2-Pc    ] 03
[T+99573322us][CH1-Dispenser] 03 93
[T+99596294us][CH2-Pc    ] 63
[T+99609295us][CH1-Dispenser] 63 E0 E2 E5 E2 E1 E0
[T+99685295us][CH2-Pc    ] 04
[T+99692923us][CH1-Dispenser] 04 64
[T+99761294us][CH1-Dispenser] 05
[T+99763294us][CH2-Pc    ] 05
[T+99925295us][CH1-Dispenser] 06
[T+99927295us][CH2-Pc    ] 06
[T+100108322us][CH1-Dispenser] 01 61
[T+100104294us][CH2-Pc    ] 01
[T+100182294us][CH2-Pc    ] 02
[T+100189294us][CH1-Dispenser] 02 62
[T+100263294us][CH2-Pc    ] 03
[T+100269293us][CH1-Dispenser] 03 93
[T+100291294us][CH2-Pc    ] 63
[T+100303330us][CH1-Dispenser] 63 E6 E5 E6 E2 E1 E0
[T+100370295us][CH2-Pc    ] 04
[T+100376901us][CH1-Dispenser] 04 64
[T+100446294us][CH1-Dispenser] 05
[T+100448293us][CH2-Pc    ] 05
[T+100644428us][CH1-Dispenser] 06
[T+100646296us][CH2-Pc    ] 06
[T+100823293us][CH1-Dispenser] 01 61
[T+100821295us][CH2-Pc    ] 01
[T+100899295us][CH2-Pc    ] 02
[T+100903322us][CH1-Dispenser] 02 62
[T+100977294us][CH2-Pc    ] 03
[T+100981322us][CH1-Dispenser] 03 93
[T+101004294us][CH2-Pc    ] 63
[T+101014295us][CH1-Dispenser] 63 E6 E2 E8 E2 E1 E0
[T+101086293us][CH1-Dispenser] 04 64
[T+101083295us][CH2-Pc    ] 04
[T+101159294us][CH1-Dispenser] 05
[T+101161293us][CH2-Pc    ] 05
[T+101335294us][CH1-Dispenser] 06
[T+101337296us][CH2-Pc    ] 06
[T+101513294us][CH2-Pc    ] 01
[T+101519293us][CH1-Dispenser] 01 61
[T+101595322us][CH1-Dispenser] 02 62
[T+101591295us][CH2-Pc    ] 02
[T+101672293us][CH1-Dispenser] 03 93
[T+101669294us][CH2-Pc    ] 03
[T+101694295us][CH2-Pc    ] 63
[T+101703294us][CH1-Dispenser] 63 E4 E7 E0 E3 E1 E0
[T+101775295us][CH2-Pc    ] 04
[T+101781945us][CH1-Dispenser] 04 64
[T+101851295us][CH1-Dispenser] 05
[T+101853293us][CH2-Pc    ] 05
[T+102028295us][CH1-Dispenser] 06
[T+102030293us][CH2-Pc    ] 06
[T+102198909us][CH1-Dispenser] 01 61
[T+102194294us][CH2-Pc    ] 01
[T+102272296us][CH2-Pc    ] 02
[T+102280489us][CH1-Dispenser] 02 62
[T+102351295us][CH2-Pc    ] 03
[T+102359301us][CH1-Dispenser] 03 93
[T+102379438us][CH2-Pc    ] 63
[T+102388861us][CH1-Dispenser] 63 E9 E7 E3 E3 E1 E0
[T+102458655us][CH2-Pc    ] 04
[T+102464302us][CH1-Dispenser] 04 64
[T+102533294us][CH1-Dispenser] 05
[T+102536294us][CH2-Pc    ] 05
[T+102710294us][CH1-Dispenser] 06
[T+102712295us][CH2-Pc    ] 06
[T+102883293us][CH1-Dispenser] 01 61
[T+102881378us][CH2-Pc    ] 01
[T+102959295us][CH2-Pc    ] 02
[T+102964294us][CH1-Dispenser] 02 62
[T+103043322us][CH1-Dispenser] 03 93
[T+103039295us][CH2-Pc    ] 03
[T+103066294us][CH2-Pc    ] 63
[T+103079295us][CH1-Dispenser] 63 E5 E1 E5 E3 E1 E0
[T+103156295us][CH2-Pc    ] 04
[T+103162926us][CH1-Dispenser] 04 64
[T+103232295us][CH1-Dispenser] 05
[T+103234293us][CH2-Pc    ] 05
[T+103397294us][CH1-Dispenser] 06
[T+103399293us][CH2-Pc    ] 06
[T+103576294us][CH2-Pc    ] 01
[T+103582294us][CH1-Dispenser] 01 61
[T+103654295us][CH2-Pc    ] 02
[T+103659294us][CH1-Dispenser] 02 62
[T+103732294us][CH2-Pc    ] 03
[T+103737943us][CH1-Dispenser] 03 93
[T+103759294us][CH2-Pc    ] 63
[T+103768295us][CH1-Dispenser] 63 E0 E5 E6 E3 E1 E0
[T+103842323us][CH1-Dispenser] 04 64
[T+103838294us][CH2-Pc    ] 04
[T+103914295us][CH1-Dispenser] 05
[T+103916293us][CH2-Pc    ] 05
[T+104082294us][CH1-Dispenser] 06
[T+104084294us][CH2-Pc    ] 06
[T+104263295us][CH1-Dispenser] 01 61
[T+104261294us][CH2-Pc    ] 01
[T+104328294us][CH2-Pc    ] 02
[T+104333293us][CH1-Dispenser] 02 62
[T+104407294us][CH2-Pc    ] 03
[T+104411331us][CH1-Dispenser] 03 93
[T+104434294us][CH2-Pc    ] 63
[T+104442332us][CH1-Dispenser] 63 E3 E6 E7 E3 E1 E0
[T+104515295us][CH2-Pc    ] 04
[T+104524300us][CH1-Dispenser] 04 64
[T+104591294us][CH1-Dispenser] 05
[T+104593293us][CH2-Pc    ] 05
[T+104755294us][CH1-Dispenser] 06
[T+104757303us][CH2-Pc    ] 06
[T+104936295us][CH2-Pc    ] 01
[T+104941294us][CH1-Dispenser] 01 61
[T+105014294us][CH2-Pc    ] 02
[T+105022332us][CH1-Dispenser] 02 62
[T+105097293us][CH1-Dispenser] 03 93
[T+105092294us][CH2-Pc    ] 03
[T+105122295us][CH2-Pc    ] 63
[T+105135294us][CH1-Dispenser] 63 E4 E4 E9 E3 E1 E0
[T+105210295us][CH2-Pc    ] 04
[T+105216303us][CH1-Dispenser] 04 64
[T+105286295us][CH1-Dispenser] 05
[T+105288293us][CH2-Pc    ] 05
[T+105457294us][CH1-Dispenser] 06
[T+105460294us][CH2-Pc    ] 06
[T+105637295us][CH2-Pc    ] 01
[T+105643302us][CH1-Dispenser] 01 61
[T+105719293us][CH1-Dispenser] 02 62
[T+105716294us][CH2-Pc    ] 02
[T+105796293us][CH1-Dispenser] 03 93
[T+105793294us][CH2-Pc    ] 03
[T+105821294us][CH2-Pc    ] 63
[T+105833320us][CH1-Dispenser] 63 E5 E2 E1 E4 E1 E0
[T+105901294us][CH2-Pc    ] 04
[T+105907303us][CH1-Dispenser] 04 64
[T+105981294us][CH1-Dispenser] 05
[T+105983293us][CH2-Pc    ] 05
[T+106147294us][CH1-Dispenser] 06
[T+106149295us][CH2-Pc    ] 06
[T+106324295us][CH2-Pc    ] 01
[T+106332318us][CH1-Dispenser] 01 61
[T+106404295us][CH2-Pc    ] 02
[T+106411302us][CH1-Dispenser] 02 62
[T+106484294us][CH2-Pc    ] 03
[T+106489293us][CH1-Dispenser] 03 93
[T+106511294us][CH2-Pc    ] 63
[T+106524295us][CH1-Dispenser] 63 E9 E4 E2 E4 E1 E0
[T+106597293us][CH1-Dispenser] 04 64
[T+106592294us][CH2-Pc    ] 04
[T+106670294us][CH1-Dispenser] 05
[T+106672295us][CH2-Pc    ] 05
[T+106856294us][CH1-Dispenser] 06
[T+106858293us][CH2-Pc    ] 06
[T+107029293us][CH1-Dispenser] 01 61
[T+107027295us][CH2-Pc    ] 01
[T+107094295us][CH2-Pc    ] 02
[T+107099294us][CH1-Dispenser] 02 62
[T+107196295us][CH2-Pc    ] 03
[T+107205301us][CH1-Dispenser] 03 93
[T+107223295us][CH2-Pc    ] 63
[T+107234296us][CH1-Dispenser] 63 E9 E4 E2 E4 E1 E0
[T+107306293us][CH1-Dispenser] 04 64
[T+107304294us][CH2-Pc    ] 04
[T+107369295us][CH1-Dispenser] 05
[T+107371293us][CH2-Pc    ] 05
[T+107544295us][CH1-Dispenser] 06
[T+107546293us][CH2-Pc    ] 06
[T+107710294us][CH2-Pc    ] 01
[T+107714324us][CH1-Dispenser] 01 61
[T+107788295us][CH2-Pc    ] 02
[T+107795302us][CH1-Dispenser] 02 62
[T+107872293us][CH1-Dispenser] 03 93
[T+107869294us][CH2-Pc    ] 03
[T+107897295us][CH2-Pc    ] 63
[T+107908295us][CH1-Dispenser] 63 E3 E5 E4 E4 E1 E0
[T+107975294us][CH2-Pc    ] 04
[T+107982310us][CH1-Dispenser] 04 64
[T+108053294us][CH1-Dispenser] 05
[T+108055293us][CH2-Pc    ] 05
[T+108230294us][CH1-Dispenser] 06
[T+108232295us][CH2-Pc    ] 06
[T+108397294us][CH2-Pc    ] 01
[T+108404296us][CH1-Dispenser] 01 61
[T+108479322us][CH1-Dispenser] 02 62
[T+108475294us][CH2-Pc    ] 02
[T+108554295us][CH2-Pc    ] 03
[T+108557293us][CH1-Dispenser] 03 93
[T+108581295us][CH2-Pc    ] 63
[T+108594294us][CH1-Dispenser] 63 E7 E4 E7 E4 E1 E0
[T+108659295us][CH2-Pc    ] 04
[T+108662294us][CH1-Dispenser] 04 64
[T+108737294us][CH1-Dispenser] 05
[T+108739293us][CH2-Pc    ] 05
[T+108915294us][CH1-Dispenser] 06
[T+108917294us][CH2-Pc    ] 06
[T+109083295us][CH2-Pc    ] 01
[T+109090294us][CH1-Dispenser] 01 61
[T+109164293us][CH1-Dispenser] 02 62
[T+109161294us][CH2-Pc    ] 02
[T+109240295us][CH2-Pc    ] 03
[T+109243293us][CH1-Dispenser] 03 93
[T+109267295us][CH2-Pc    ] 63
[T+109279319us][CH1-Dispenser] 63 E6 E0 E0 E5 E1 E0
[T+109346294us][CH2-Pc    ] 04
[T+109351946us][CH1-Dispenser] 04 64
[T+109451294us][CH1-Dispenser] 05
[T+109453293us][CH2-Pc    ] 05
[T+109638294us][CH1-Dispenser] 06
[T+109640295us][CH2-Pc    ] 06
[T+109806295us][CH2-Pc    ] 01
[T+109809293us][CH1-Dispenser] 01 61
[T+109884295us][CH2-Pc    ] 02
[T+109890303us][CH1-Dispenser] 02 62
[T+109963294us][CH2-Pc    ] 03
[T+109968293us][CH1-Dispenser] 03 93
[T+109992295us][CH2-Pc    ] 63
[T+110004320us][CH1-Dispenser] 63 E9 E8 E2 E5 E1 E0
[T+110070295us][CH2-Pc    ] 04
[T+110073293us][CH1-Dispenser] 04 64
[T+110136295us][CH1-Dispenser] 05
[T+110138293us][CH2-Pc    ] 05
[T+110302294us][CH1-Dispenser] 06
[T+110304294us][CH2-Pc    ] 06
[T+110480294us][CH2-Pc    ] 01
[T+110485293us][CH1-Dispenser] 01 61
[T+110562294us][CH2-Pc    ] 02
[T+110566322us][CH1-Dispenser] 02 62
[T+110642294us][CH2-Pc    ] 03
[T+110648303us][CH1-Dispenser] 03 93
[T+110669295us][CH2-Pc    ] 63
[T+110678294us][CH1-Dispenser] 63 E3 E8 E5 E5 E1 E0
[T+110746294us][CH1-Dispenser] 04
[T+110749295us][CH2-Pc    ] 04
[T+110758294us][CH1-Dispenser] 64
[T+110825294us][CH1-Dispenser] 05
[T+110827295us][CH2-Pc    ] 05
[T+110993294us][CH1-Dispenser] 06
[T+110995294us][CH2-Pc    ] 06
[T+111169296us][CH2-Pc    ] 01
[T+111175293us][CH1-Dispenser] 01 61
[T+111247326us][CH2-Pc    ] 02
[T+111254294us][CH1-Dispenser] 02 62
[T+111332295us][CH2-Pc    ] 03
[T+111338303us][CH1-Dispenser] 03 93
[T+111360294us][CH2-Pc    ] 63
[T+111369932us][CH1-Dispenser] 63 E3 E4 E8 E5 E1 E0
[T+111441294us][CH1-Dispenser] 04 64
[T+111438294us][CH2-Pc    ] 04
[T+111505294us][CH1-Dispenser] 05
[T+111507293us][CH2-Pc    ] 05
[T+111681294us][CH1-Dispenser] 06
[T+111683293us][CH2-Pc    ] 06
[T+111860294us][CH2-Pc    ] 01
[T+111865293us][CH1-Dispenser] 01 61
[T+111938294us][CH2-Pc    ] 02
[T+111944294us][CH1-Dispenser] 02 62
[T+112016298us][CH2-Pc    ] 03
[T+112024387us][CH1-Dispenser] 03 93
[T+112043295us][CH2-Pc    ] 63
[T+112053295us][CH1-Dispenser] 63 E3 E0 E1 E6 E1 E0
[T+112122295us][CH2-Pc    ] 04
[T+112129293us][CH1-Dispenser] 04 64
[T+112198294us][CH1-Dispenser] 05
[T+112200293us][CH2-Pc    ] 05
[T+112365294us][CH1-Dispenser] 06
[T+112367293us][CH2-Pc    ] 06
[T+112536295us][CH2-Pc    ] 01
[T+112539293us][CH1-Dispenser] 01 61
[T+112605295us][CH2-Pc    ] 02
[T+112609322us][CH1-Dispenser] 02 62
[T+112683294us][CH2-Pc    ] 03
[T+112689293us][CH1-Dispenser] 03 93
[T+112710295us][CH2-Pc    ] 63
[T+112718318us][CH1-Dispenser] 63 E4 E7 E3 E6 E1 E0
[T+112792294us][CH2-Pc    ] 04
[T+112798293us][CH1-Dispenser] 04 64
[T+112869295us][CH1-Dispenser] 05
[T+112871293us][CH2-Pc    ] 05
[T+113034295us][CH1-Dispenser] 06
[T+113036293us][CH2-Pc    ] 06
[T+113212294us][CH2-Pc    ] 01
[T+113215463us][CH1-Dispenser] 01 61
[T+113294293us][CH1-Dispenser] 02 62
[T+113291294us][CH2-Pc    ] 02
[T+113369295us][CH2-Pc    ] 03
[T+113374293us][CH1-Dispenser] 03 93
[T+113397295us][CH2-Pc    ] 63
[T+113411294us][CH1-Dispenser] 63 E6 E5 E6 E6 E1 E0
[T+113495295us][CH2-Pc    ] 04
[T+113503332us][CH1-Dispenser] 04 64
[T+113571295us][CH1-Dispenser] 05
[T+113574294us][CH2-Pc    ] 05
[T+113746294us][CH1-Dispenser] 06
[T+113748294us][CH2-Pc    ] 06
[T+113919294us][CH2-Pc    ] 01
[T+113925294us][CH1-Dispenser] 01 61
[T+113997295us][CH2-Pc    ] 02
[T+114000293us][CH1-Dispenser] 02 62
[T+114075295us][CH2-Pc    ] 03
[T+114083331us][CH1-Dispenser] 03 93
[T+114103294us][CH2-Pc    ] 63
[T+114114303us][CH1-Dispenser] 63 E7 E2 E9 E6 E1 E0
[T+114186295us][CH2-Pc    ] 04
[T+114194968us][CH1-Dispenser] 04 64
[T+114262294us][CH1-Dispenser] 05
[T+114264293us][CH2-Pc    ] 05
[T+114427295us][CH1-Dispenser] 06
[T+114429295us][CH2-Pc    ] 06
[T+114605294us][CH2-Pc    ] 01
[T+114609322us][CH1-Dispenser] 01 61
[T+114689294us][CH2-Pc    ] 02
[T+114694293us][CH1-Dispenser] 02 62
[T+114782294us][CH2-Pc    ] 03
[T+114788294us][CH1-Dispenser] 03 93
[T+114809295us][CH2-Pc    ] 63
[T+114819299us][CH1-Dispenser] 63 E0 E1 E2 E7 E1 E0
[T+114896294us][CH2-Pc    ] 04
[T+114902294us][CH1-Dispenser] 04 64
[T+114972294us][CH1-Dispenser] 05
[T+114974294us][CH2-Pc    ] 05
[T+115146295us][CH1-Dispenser] 06
[T+115149295us][CH2-Pc    ] 06
[T+115324294us][CH2-Pc    ] 01
[T+115330302us][CH1-Dispenser] 01 61
[T+115404293us][CH1-Dispenser] 02 62
[T+115402294us][CH2-Pc    ] 02
[T+115474322us][CH1-Dispenser] 03 93
[T+115470297us][CH2-Pc    ] 03
[T+115503294us][CH2-Pc    ] 63
[T+115513585us][CH1-Dispenser] 63 E0 E7 E4 E7 E1 E0
[T+115583294us][CH2-Pc    ] 04
[T+115587322us][CH1-Dispenser] 04 64
[T+115661294us][CH1-Dispenser] 05
[T+115663293us][CH2-Pc    ] 05
[T+115836295us][CH1-Dispenser] 06
[T+115838293us][CH2-Pc    ] 06
[T+116014294us][CH2-Pc    ] 01
[T+116020303us][CH1-Dispenser] 01 61
[T+116094293us][CH1-Dispenser] 02 62
[T+116092294us][CH2-Pc    ] 02
[T+116162295us][CH1-Dispenser] 03 93
[T+116159294us][CH2-Pc    ] 03
[T+116190294us][CH2-Pc    ] 63
[T+116200295us][CH1-Dispenser] 63 E1 E4 E7 E7 E1 E0
[T+116273322us][CH1-Dispenser] 04 64
[T+116269295us][CH2-Pc    ] 04
[T+116345294us][CH1-Dispenser] 05
[T+116347293us][CH2-Pc    ] 05
[T+116521295us][CH1-Dispenser] 06
[T+116523293us][CH2-Pc    ] 06
[T+116699298us][CH2-Pc    ] 01
[T+116705947us][CH1-Dispenser] 01 61
[T+116779294us][CH2-Pc    ] 02
[T+116784293us][CH1-Dispenser] 02 62
[T+116858295us][CH2-Pc    ] 03
[T+116862322us][CH1-Dispenser] 03 93
[T+116885295us][CH2-Pc    ] 63
[T+116893332us][CH1-Dispenser] 63 E4 E2 E0 E8 E1 E0
[T+116969293us][CH1-Dispenser] 04 64
[T+116964294us][CH2-Pc    ] 04
[T+117040296us][CH1-Dispenser] 05
[T+117042293us][CH2-Pc    ] 05
[T+117215295us][CH1-Dispenser] 06
[T+117217293us][CH2-Pc    ] 06
[T+117384293us][CH1-Dispenser] 01 61
[T+117382380us][CH2-Pc    ] 01
[T+117449294us][CH2-Pc    ] 02
[T+117454293us][CH1-Dispenser] 02 62
[T+117527295us][CH2-Pc    ] 03
[T+117533946us][CH1-Dispenser] 03 93
[T+117555294us][CH2-Pc    ] 63
[T+117567318us][CH1-Dispenser] 63 E3 E8 E2 E8 E1 E0
[T+117636295us][CH2-Pc    ] 04
[T+117643302us][CH1-Dispenser] 04 64
[T+117714294us][CH1-Dispenser] 05
[T+117716293us][CH2-Pc    ] 05
[T+117878294us][CH1-Dispenser] 06
[T+117880294us][CH2-Pc    ] 06
[T+118055295us][CH2-Pc    ] 01
[T+118060293us][CH1-Dispenser] 01 61
[T+118146293us][CH1-Dispenser] 02 62
[T+118143294us][CH2-Pc    ] 02
[T+118221295us][CH2-Pc    ] 03
[T+118227897us][CH1-Dispenser] 03 93
[T+118248295us][CH2-Pc    ] 63
[T+118262294us][CH1-Dispenser] 63 E6 E6 E5 E8 E1 E0
[T+118352293us][CH1-Dispenser] 04 64
[T+118347294us][CH2-Pc    ] 04
[T+118423294us][CH1-Dispenser] 05
[T+118425293us][CH2-Pc    ] 05
[T+118598294us][CH1-Dispenser] 06
[T+118600294us][CH2-Pc    ] 06
[T+118775295us][CH2-Pc    ] 01
[T+118781293us][CH1-Dispenser] 01 61
[T+118854294us][CH2-Pc    ] 02
[T+118860294us][CH1-Dispenser] 02 62
[T+118938293us][CH1-Dispenser] 03 93
[T+118935295us][CH2-Pc    ] 03
[T+118962295us][CH2-Pc    ] 63
[T+118974342us][CH1-Dispenser] 63 E7 E3 E8 E8 E1 E0
[T+119043293us][CH1-Dispenser] 04 64
[T+119040295us][CH2-Pc    ] 04
[T+119125295us][CH1-Dispenser] 05
[T+119127293us][CH2-Pc    ] 05
[T+119304294us][CH1-Dispenser] 06
[T+119306294us][CH2-Pc    ] 06
[T+119485322us][CH1-Dispenser] 01 61
[T+119481326us][CH2-Pc    ] 01
[T+119560295us][CH2-Pc    ] 02
[T+119564326us][CH1-Dispenser] 02 62
[T+119638294us][CH2-Pc    ] 03
[T+119647295us][CH1-Dispenser] 03 93
[T+119665295us][CH2-Pc    ] 63
[T+119674294us][CH1-Dispenser] 63 E7 E9 E0 E9 E1 E0
[T+119743295us][CH2-Pc    ] 04
[T+119748904us][CH1-Dispenser] 04 64
[T+119819295us][CH1-Dispenser] 05
[T+119821293us][CH2-Pc    ] 05
[T+119996295us][CH1-Dispenser] 06
[T+119998295us][CH2-Pc    ] 06
[T+120164295us][CH1-Dispenser] 01 61
[T+120162295us][CH2-Pc    ] 01
[T+120230295us][CH2-Pc    ] 02
[T+120235294us][CH1-Dispenser] 02 62
[T+120308294us][CH2-Pc    ] 03
[T+120314303us][CH1-Dispenser] 03 93
[T+120337294us][CH2-Pc    ] 63
[T+120348294us][CH1-Dispenser] 63 E0 E8 E3 E9 E1 E0
[T+120417295us][CH2-Pc    ] 04
[T+120424345us][CH1-Dispenser] 04 64
[T+120493295us][CH1-Dispenser] 05
[T+120495293us][CH2-Pc    ] 05
[T+120668294us][CH1-Dispenser] 06
[T+120670295us][CH2-Pc    ] 06
[T+120834294us][CH2-Pc    ] 01
[T+120840302us][CH1-Dispenser] 01 61
[T+120912295us][CH2-Pc    ] 02
[T+120918293us][CH1-Dispenser] 02 62
[T+120994322us][CH1-Dispenser] 03 93
[T+120990295us][CH2-Pc    ] 03
[T+121018295us][CH2-Pc    ] 63
[T+121030327us][CH1-Dispenser] 63 E9 E3 E6 E9 E1 E0
[T+121097294us][CH2-Pc    ] 04
[T+121102353us][CH1-Dispenser] 04 64
[T+121174294us][CH1-Dispenser] 05
[T+121176293us][CH2-Pc    ] 05
[T+121348294us][CH1-Dispenser] 06
[T+121351294us][CH2-Pc    ] 06
[T+121523294us][CH2-Pc    ] 01
[T+121527322us][CH1-Dispenser] 01 61
[T+121601295us][CH2-Pc    ] 02
[T+121604293us][CH1-Dispenser] 02 62
[T+121679295us][CH2-Pc    ] 03
[T+121686303us][CH1-Dispenser] 03 93
[T+121706294us][CH2-Pc    ] 63
[T+121719294us][CH1-Dispenser] 63 E2 E2 E9 E9 E1 E0
[T+121799323us][CH1-Dispenser] 04 64
[T+121795294us][CH2-Pc    ] 04
[T+121871295us][CH1-Dispenser] 05
[T+121873293us][CH2-Pc    ] 05
[T+122035294us][CH1-Dispenser] 06
[T+122037294us][CH2-Pc    ] 06
[T+122213294us][CH2-Pc    ] 01
[T+122220935us][CH1-Dispenser] 01 61
[T+122291294us][CH2-Pc    ] 02
[T+122296293us][CH1-Dispenser] 02 62
[T+122369295us][CH2-Pc    ] 03
[T+122373322us][CH1-Dispenser] 03 93
[T+122397295us][CH2-Pc    ] 63
[T+122411294us][CH1-Dispenser] 63 E2 E8 E1 E0 E2 E0
[T+122486295us][CH2-Pc    ] 04
[T+122493294us][CH1-Dispenser] 04 64
[T+122563295us][CH1-Dispenser] 05
[T+122566294us][CH2-Pc    ] 05
[T+122741296us][CH1-Dispenser] 06
[T+122743295us][CH2-Pc    ] 06
[T+122920294us][CH2-Pc    ] 01
[T+122925928us][CH1-Dispenser] 01 61
[T+123000295us][CH2-Pc    ] 02
[T+123006294us][CH1-Dispenser] 02 62
[T+123079294us][CH2-Pc    ] 03
[T+123084934us][CH1-Dispenser] 03 93
[T+123107294us][CH2-Pc    ] 63
[T+123118316us][CH1-Dispenser] 63 E3 E5 E4 E0 E2 E0
[T+123187294us][CH1-Dispenser] 04 64
[T+123185294us][CH2-Pc    ] 04
[T+123261294us][CH1-Dispenser] 05
[T+123263293us][CH2-Pc    ] 05
[T+123427294us][CH1-Dispenser] 06
[T+123429293us][CH2-Pc    ] 06
[T+123605294us][CH2-Pc    ] 01
[T+123613318us][CH1-Dispenser] 01 61
[T+123684294us][CH2-Pc    ] 02
[T+123691914us][CH1-Dispenser] 02 62
[T+123762578us][CH2-Pc    ] 03
[T+123767294us][CH1-Dispenser] 03 93
[T+123806295us][CH2-Pc    ] 63
[T+123816302us][CH1-Dispenser] 63 E4 E2 E7 E0 E2 E0
[T+123887294us][CH2-Pc    ] 04
[T+123894302us][CH1-Dispenser] 04 64
[T+123963295us][CH1-Dispenser] 05
[T+123965295us][CH2-Pc    ] 05
[T+124131294us][CH1-Dispenser] 06
[T+124133295us][CH2-Pc    ] 06
[T+124306294us][CH2-Pc    ] 01
[T+124310323us][CH1-Dispenser] 01 61
[T+124384295us][CH2-Pc    ] 02
[T+124390896us][CH1-Dispenser] 02 62
[T+124472293us][CH1-Dispenser] 03 93
[T+124469294us][CH2-Pc    ] 03
[T+124496295us][CH2-Pc    ] 63
[T+124509294us][CH1-Dispenser] 63 E7 E0 E0 E1 E2 E0
[T+124577295us][CH1-Dispenser] 04 64
[T+124575294us][CH2-Pc    ] 04
[T+124641294us][CH1-Dispenser] 05
[T+124643295us][CH2-Pc    ] 05
[T+124815294us][CH1-Dispenser] 06
[T+124817293us][CH2-Pc    ] 06
[T+124993294us][CH2-Pc    ] 01
[T+125001332us][CH1-Dispenser] 01 61
[T+125072294us][CH2-Pc    ] 02
[T+125075293us][CH1-Dispenser] 02 62
[T+125143294us][CH1-Dispenser] 03 93
[T+125140294us][CH2-Pc    ] 03
[T+125167295us][CH2-Pc    ] 63
[T+125180294us][CH1-Dispenser] 63 E7 E6 E2 E1 E2 E0
[T+125248293us][CH1-Dispenser] 04 64
[T+125245294us][CH2-Pc    ] 04
[T+125321294us][CH1-Dispenser] 05
[T+125323293us][CH2-Pc    ] 05
[T+125497295us][CH1-Dispenser] 06
[T+125499293us][CH2-Pc    ] 06
[T+125664295us][CH2-Pc    ] 01
[T+125671302us][CH1-Dispenser] 01 61
[T+125741295us][CH2-Pc    ] 02
[T+125745323us][CH1-Dispenser] 02 62
[T+125819294us][CH2-Pc    ] 03
[T+125823322us][CH1-Dispenser] 03 93
[T+125847295us][CH2-Pc    ] 63
[T+125860295us][CH1-Dispenser] 63 E7 E2 E5 E1 E2 E0
[T+125934294us][CH1-Dispenser] 04
[T+125937295us][CH2-Pc    ] 04
[T+125946297us][CH1-Dispenser] 64
[T+126012294us][CH1-Dispenser] 05
[T+126015297us][CH2-Pc    ] 05
[T+126177295us][CH1-Dispenser] 06
[T+126179293us][CH2-Pc    ] 06
[T+126355294us][CH2-Pc    ] 01
[T+126361304us][CH1-Dispenser] 01 61
[T+126438293us][CH1-Dispenser] 02 62
[T+126433295us][CH2-Pc    ] 02
[T+126513294us][CH2-Pc    ] 03
[T+126519294us][CH1-Dispenser] 03 93
[T+126540295us][CH2-Pc    ] 63
[T+126550294us][CH1-Dispenser] 63 E9 E0 E8 E1 E2 E0
[T+126619295us][CH2-Pc    ] 04
[T+126623322us][CH1-Dispenser] 04 64
[T+126695294us][CH1-Dispenser] 05
[T+126697293us][CH2-Pc    ] 05
[T+126871294us][CH1-Dispenser] 06
[T+126873294us][CH2-Pc    ] 06
[T+127040296us][CH1-Dispenser] 01 61
[T+127037294us][CH2-Pc    ] 01
[T+127150293us][CH1-Dispenser] 02 62
[T+127145297us][CH2-Pc    ] 02
[T+127228322us][CH1-Dispenser] 03 93
[T+127224294us][CH2-Pc    ] 03
[T+127251294us][CH2-Pc    ] 63
[T+127264295us][CH1-Dispenser] 63 E2 E9 E0 E2 E2 E0
[T+127330295us][CH2-Pc    ] 04
[T+127335294us][CH1-Dispenser] 04 64
[T+127406294us][CH1-Dispenser] 05
[T+127408293us][CH2-Pc    ] 05
[T+127582294us][CH1-Dispenser] 06
[T+127584294us][CH2-Pc    ] 06
[T+127760294us][CH2-Pc    ] 01
[T+127765293us][CH1-Dispenser] 01 61
[T+127840295us][CH1-Dispenser] 02 62
[T+127838295us][CH2-Pc    ] 02
[T+127916294us][CH2-Pc    ] 03
[T+127919293us][CH1-Dispenser] 03 93
[T+127943295us][CH2-Pc    ] 63
[T+127955318us][CH1-Dispenser] 63 E1 E5 E3 E2 E2 E0
[T+128023294us][CH2-Pc    ] 04
[T+128027322us][CH1-Dispenser] 04 64
[T+128099294us][CH1-Dispenser] 05
[T+128101294us][CH2-Pc    ] 05
[T+128274294us][CH1-Dispenser] 06
[T+128276293us][CH2-Pc    ] 06
[T+128456294us][CH1-Dispenser] 01 61
[T+128453294us][CH2-Pc    ] 01
[T+128531295us][CH2-Pc    ] 02
[T+128536293us][CH1-Dispenser] 02 62
[T+128609295us][CH2-Pc    ] 03
[T+128613323us][CH1-Dispenser] 03 93
[T+128637295us][CH2-Pc    ] 63
[T+128651294us][CH1-Dispenser] 63 E4 E3 E6 E2 E2 E0
[T+128723295us][CH2-Pc    ] 04
[T+128729900us][CH1-Dispenser] 04 64
[T+128799295us][CH1-Dispenser] 05
[T+128801293us][CH2-Pc    ] 05
[T+128976295us][CH1-Dispenser] 06
[T+128978293us][CH2-Pc    ] 06
[T+129154294us][CH2-Pc    ] 01
[T+129161898us][CH1-Dispenser] 01 61
[T+129234294us][CH2-Pc    ] 02
[T+129240293us][CH1-Dispenser] 02 62
[T+129311294us][CH2-Pc    ] 03
[T+129320908us][CH1-Dispenser] 03 93
[T+129339294us][CH2-Pc    ] 63
[T+129351318us][CH1-Dispenser] 63 E5 E0 E9 E2 E2 E0
[T+129429295us][CH2-Pc    ] 04
[T+129436413us][CH1-Dispenser] 04 64
[T+129505295us][CH1-Dispenser] 05
[T+129507293us][CH2-Pc    ] 05
[T+129680294us][CH1-Dispenser] 06
[T+129682293us][CH2-Pc    ] 06
[T+129856294us][CH2-Pc    ] 01
[T+129860322us][CH1-Dispenser] 01 61
[T+129935295us][CH2-Pc    ] 02
[T+129941293us][CH1-Dispenser] 02 62
[T+130013295us][CH2-Pc    ] 03
[T+130018293us][CH1-Dispenser] 03 93
[T+130040294us][CH2-Pc    ] 63
[T+130051297us][CH1-Dispenser] 63 E5 E6 E1 E3 E2 E0
[T+130118295us][CH2-Pc    ] 04
[T+130123294us][CH1-Dispenser] 04 64
[T+130194294us][CH1-Dispenser] 05
[T+130196293us][CH2-Pc    ] 05
[T+130363294us][CH1-Dispenser] 06
[T+130365293us][CH2-Pc    ] 06
[T+130544295us][CH2-Pc    ] 01
[T+130550898us][CH1-Dispenser] 01 61
[T+130622295us][CH2-Pc    ] 02
[T+130626330us][CH1-Dispenser] 02 62
[T+130703294us][CH1-Dispenser] 03 93
[T+130700294us][CH2-Pc    ] 03
[T+130727295us][CH2-Pc    ] 63
[T+130740294us][CH1-Dispenser] 63 E6 E3 E4 E3 E2 E0
[T+130807294us][CH2-Pc    ] 04
[T+130814871us][CH1-Dispenser] 04 64
[T+130887294us][CH1-Dispenser] 05
[T+130889293us][CH2-Pc    ] 05
[T+131054294us][CH1-Dispenser] 06
[T+131056293us][CH2-Pc    ] 06
[T+131230294us][CH2-Pc    ] 01
[T+131237302us][CH1-Dispenser] 01 61
[T+131310294us][CH2-Pc    ] 02
[T+131316294us][CH1-Dispenser] 02 62
[T+131388295us][CH2-Pc    ] 03
[T+131394865us][CH1-Dispenser] 03 93
[T+131415295us][CH2-Pc    ] 63
[T+131425294us][CH1-Dispenser] 63 E9 E1 E7 E3 E2 E0
[T+131499322us][CH1-Dispenser] 04 64
[T+131495294us][CH2-Pc    ] 04
[T+131572295us][CH1-Dispenser] 05
[T+131574294us][CH2-Pc    ] 05
[T+131740294us][CH1-Dispenser] 06
[T+131742295us][CH2-Pc    ] 06
[T+131917295us][CH2-Pc    ] 01
[T+131923293us][CH1-Dispenser] 01 61
[T+131995295us][CH2-Pc    ] 02
[T+132003332us][CH1-Dispenser] 02 62
[T+132074294us][CH2-Pc    ] 03
[T+132079909us][CH1-Dispenser] 03 93
[T+132101294us][CH2-Pc    ] 63
[T+132110294us][CH1-Dispenser] 63 E9 E7 E9 E3 E2 E0
[T+132184293us][CH1-Dispenser] 04 64
[T+132181294us][CH2-Pc    ] 04
[T+132256294us][CH1-Dispenser] 05
[T+132259294us][CH2-Pc    ] 05
[T+132432295us][CH1-Dispenser] 06
[T+132434293us][CH2-Pc    ] 06
[T+132598294us][CH2-Pc    ] 01
[T+132603293us][CH1-Dispenser] 01 61
[T+132677295us][CH2-Pc    ] 02
[T+132680293us][CH1-Dispenser] 02 62
[T+132755295us][CH2-Pc    ] 03
[T+132759322us][CH1-Dispenser] 03 93
[T+132782295us][CH2-Pc    ] 63
[T+132795297us][CH1-Dispenser] 63 E0 E5 E2 E4 E2 E0
[T+132864295us][CH2-Pc    ] 04
[T+132868322us][CH1-Dispenser] 04 64
[T+132942294us][CH1-Dispenser] 05
[T+132944293us][CH2-Pc    ] 05
[T+133117294us][CH1-Dispenser] 06
[T+133119293us][CH2-Pc    ] 06
[T+133294295us][CH2-Pc    ] 01
[T+133300294us][CH1-Dispenser] 01 61
[T+133372295us][CH2-Pc    ] 02
[T+133376322us][CH1-Dispenser] 02 62
[T+133450294us][CH2-Pc    ] 03
[T+133453293us][CH1-Dispenser] 03 93
[T+133476295us][CH1-Dispenser] 63
[T+133478295us][CH2-Pc    ] 63
[T+133493294us][CH1-Dispenser] E1 E2 E5 E4 E2 E0
[T+133566294us][CH2-Pc    ] 04
[T+133569293us][CH1-Dispenser] 04 64
[T+133642295us][CH1-Dispenser] 05
[T+133644432us][CH2-Pc    ] 05
[T+133819295us][CH1-Dispenser] 06
[T+133821293us][CH2-Pc    ] 06
[T+133998294us][CH2-Pc    ] 01
[T+134001293us][CH1-Dispenser] 01 61
[T+134080322us][CH1-Dispenser] 02 72
[T+134076295us][CH2-Pc    ] 02
[T+134107324us][CH1-Dispenser] 22 D2
[T+134103294us][CH2-Pc    ] 22
[T+134123295us][CH1-Dispenser] FF
[T+134125295us][CH2-Pc    ] FF
[T+134135301us][CH1-Dispenser] E9
[T+134137293us][CH2-Pc    ] E9
[T+134148294us][CH1-Dispenser] FE
[T+134150293us][CH2-Pc    ] FE
[T+134161295us][CH1-Dispenser] E0
[T+134173294us][CH1-Dispenser] E1
[T+134175293us][CH2-Pc    ] E0 E1
[T+134188299us][CH1-Dispenser] E0
[T+134189293us][CH2-Pc    ] E0
[T+134199297us][CH1-Dispenser] FB
[T+134202296us][CH2-Pc    ] FB
[T+134212294us][CH1-Dispenser] EE
[T+134226295us][CH2-Pc    ] EE F0
[T+134253294us][CH1-Dispenser] F0 BA B0 B3 B2 B0 B1 B0 B0 B0 B0 B1 B1 B1 B1 B1 C1 C1 8D 8A
[T+134320294us][CH2-Pc    ] 03
[T+134326293us][CH1-Dispenser] 03 93
[T+134348294us][CH2-Pc    ] 63
[T+134361295us][CH1-Dispenser] 63 E0 E6 E8 E4 E2 E0
[T+134433322us][CH1-Dispenser] 04 64
[T+134429294us][CH2-Pc    ] 04
[T+134504295us][CH1-Dispenser] 05
[T+134507294us][CH2-Pc    ] 05
[T+134679294us][CH1-Dispenser] 06
[T+134682294us][CH2-Pc    ] 06
[T+134856295us][CH2-Pc    ] 01
[T+134862293us][CH1-Dispenser] 01 61
[T+134994295us][CH2-Pc    ] 02
[T+135003294us][CH1-Dispenser] 02 72
[T+135021295us][CH2-Pc    ] 22
[T+135029057us][CH1-Dispenser] 22 D2
[T+135041294us][CH1-Dispenser] FF
[T+135043295us][CH2-Pc    ] FF
[T+135053294us][CH1-Dispenser] E9
[T+135055293us][CH2-Pc    ] E9
[T+135066294us][CH1-Dispenser] FE
[T+135068294us][CH2-Pc    ] FE
[T+135080302us][CH1-Dispenser] E0
[T+135081293us][CH2-Pc    ] E0
[T+135092298us][CH1-Dispenser] E1
[T+135094293us][CH2-Pc    ] E1
[T+135104297us][CH1-Dispenser] E0
[T+135106293us][CH2-Pc    ] E0
[T+135117294us][CH1-Dispenser] FB
[T+135119295us][CH2-Pc    ] FB
[T+135129294us][CH1-Dispenser] EE
[T+135132477us][CH2-Pc    ] EE
[T+135144295us][CH2-Pc    ] F0
[T+135174294us][CH1-Dispenser] F0 BA B0 B3 B2 B0 B1 B0 B0 B0 B0 B1 B1 B1 B1 B1 C1 C1 8D 8A
[T+135246295us][CH2-Pc    ] 03
[T+135251294us][CH1-Dispenser] 03 93
[T+135273296us][CH2-Pc    ] 63
[T+135285318us][CH1-Dispenser] 63 E3 E3 E2 E5 E2 E0
[T+135352294us][CH2-Pc    ] 04
[T+135358293us][CH1-Dispenser] 04 64
[T+135429294us][CH1-Dispenser] 05
[T+135431295us][CH2-Pc    ] 05
[T+135603294us][CH1-Dispenser] 06
[T+135605294us][CH2-Pc    ] 06
[T+135772295us][CH2-Pc    ] 01
[T+135776323us][CH1-Dispenser] 01 61
[T+135852294us][CH2-Pc    ] 02
[T+135857293us][CH1-Dispenser] 02 72
[T+135876295us][CH2-Pc    ] 22
[T+135882990us][CH1-Dispenser] 22 D2
[T+135895294us][CH1-Dispenser] FF
[T+135908294us][CH1-Dispenser] E9
[T+135909294us][CH2-Pc    ] FF E9
[T+135926294us][CH1-Dispenser] FE
[T+135928302us][CH2-Pc    ] FE
[T+135939294us][CH1-Dispenser] E0
[T+135941293us][CH2-Pc    ] E0
[T+135952294us][CH1-Dispenser] E1
[T+135954293us][CH2-Pc    ] E1
[T+135964294us][CH1-Dispenser] E0
[T+135966293us][CH2-Pc    ] E0
[T+135977295us][CH1-Dispenser] FB
[T+135980294us][CH2-Pc    ] FB
[T+135990294us][CH1-Dispenser] EE
[T+135992295us][CH2-Pc    ] EE
[T+136005295us][CH2-Pc    ] F0
[T+136035297us][CH1-Dispenser] F0 BA B0 B3 B2 B0 B1 B0 B0 B0 B0 B1 B1 B1 B1 B1 C1 C1 8D 8A
[T+136108294us][CH2-Pc    ] 03
[T+136115293us][CH1-Dispenser] 03 93
[T+136135294us][CH2-Pc    ] 63
[T+136146302us][CH1-Dispenser] 63 E1 E6 E5 E5 E2 E0
[T+136215295us][CH2-Pc    ] 04
[T+136220294us][CH1-Dispenser] 04 64
[T+136292296us][CH1-Dispenser] 05
[T+136294293us][CH2-Pc    ] 05
[T+136467295us][CH1-Dispenser] 06
[T+136469295us][CH2-Pc    ] 06
[T+136648294us][CH2-Pc    ] 01
[T+136651293us][CH1-Dispenser] 01 61
[T+136717295us][CH2-Pc    ] 02
[T+136722293us][CH1-Dispenser] 02 72
[T+136747294us][CH2-Pc    ] 22
[T+136751322us][CH1-Dispenser] 22 D2
[T+136766294us][CH1-Dispenser] FF
[T+136768296us][CH2-Pc    ] FF
[T+136779295us][CH1-Dispenser] E9
[T+136781294us][CH2-Pc    ] E9
[T+136792294us][CH1-Dispenser] FE
[T+136794293us][CH2-Pc    ] FE
[T+136804294us][CH1-Dispenser] E0
[T+136806293us][CH2-Pc    ] E0
[T+136818296us][CH1-Dispenser] E1
[T+136820293us][CH2-Pc    ] E1
[T+136834294us][CH1-Dispenser] E0
[T+136836293us][CH2-Pc    ] E0
[T+136846294us][CH1-Dispenser] FB
[T+136848293us][CH2-Pc    ] FB
[T+136868294us][CH1-Dispenser] EE
[T+136870296us][CH2-Pc    ] EE
[T+136891294us][CH2-Pc    ] F0
[T+136918295us][CH1-Dispenser] F0 BA B0 B3 B2 B0 B1 B0 B0 B0 B0 B1 B1 B1 B1 B1 C1 C1 8D 8A
[T+137000294us][CH2-Pc    ] 03
[T+137005933us][CH1-Dispenser] 03 93
[T+137027294us][CH2-Pc    ] 63
[T+137042295us][CH1-Dispenser] 63 E2 E2 E9 E5 E2 E0
[T+137117295us][CH2-Pc    ] 04
[T+137125332us][CH1-Dispenser] 04 64
[T+137197294us][CH1-Dispenser] 05
[T+137199293us][CH2-Pc    ] 05
[T+137363294us][CH1-Dispenser] 06
[T+137365293us][CH2-Pc    ] 06
[T+137542294us][CH2-Pc    ] 01
[T+137547293us][CH1-Dispenser] 01 61
[T+137620294us][CH2-Pc    ] 02
[T+137626294us][CH1-Dispenser] 02 72
[T+137647295us][CH2-Pc    ] 22
[T+137651322us][CH1-Dispenser] 22 D2
[T+137667318us][CH1-Dispenser] FF
[T+137679294us][CH1-Dispenser] E9
[T+137681295us][CH2-Pc    ] FF E9
[T+137692294us][CH1-Dispenser] FE
[T+137694294us][CH2-Pc    ] FE
[T+137705295us][CH1-Dispenser] E0
[T+137707293us][CH2-Pc    ] E0
[T+137718296us][CH1-Dispenser] E1
[T+137720295us][CH2-Pc    ] E1
[T+137731295us][CH1-Dispenser] E0
[T+137744294us][CH1-Dispenser] FB
[T+137745295us][CH2-Pc    ] E0 FB
[T+137756297us][CH1-Dispenser] EE
[T+137759295us][CH2-Pc    ] EE
[T+137771296us][CH2-Pc    ] F0
[T+137799336us][CH1-Dispenser] F0 BA B0 B3 B2 B0 B1 B0 B0 B0 B0 B1 B1 B1 B1 B1 C1 C1 8D 8A
[T+137874295us][CH2-Pc    ] 03
[T+137880302us][CH1-Dispenser] 03 93
[T+137901295us][CH2-Pc    ] 63
[T+137911295us][CH1-Dispenser] 63 E0 E5 E2 E6 E2 E0
[T+137983293us][CH1-Dispenser] 04 64
[T+137980297us][CH2-Pc    ] 04
[T+138088294us][CH1-Dispenser] 05
[T+138090293us][CH2-Pc    ] 05
[T+138253294us][CH1-Dispenser] 06
[T+138255293us][CH2-Pc    ] 06
[T+138435294us][CH2-Pc    ] 01
[T+138441293us][CH1-Dispenser] 01 61
[T+138516293us][CH1-Dispenser] 02 72
[T+138514294us][CH2-Pc    ] 02
[T+138541294us][CH2-Pc    ] 22
[T+138547294us][CH1-Dispenser] 22 D2
[T+138560295us][CH1-Dispenser] FF
[T+138562293us][CH2-Pc    ] FF
[T+138573294us][CH1-Dispenser] E9
[T+138575293us][CH2-Pc    ] E9
[T+138585355us][CH1-Dispenser] FE
[T+138588310us][CH2-Pc    ] FE
[T+138598297us][CH1-Dispenser] E0
[T+138600293us][CH2-Pc    ] E0
[T+138611402us][CH1-Dispenser] E1
[T+138613296us][CH2-Pc    ] E1
[T+138624295us][CH1-Dispenser] E0
[T+138626294us][CH2-Pc    ] E0
[T+138637298us][CH1-Dispenser] FB
[T+138638293us][CH2-Pc    ] FB
[T+138649297us][CH1-Dispenser] EE
[T+138651294us][CH2-Pc    ] EE
[T+138664295us][CH2-Pc    ] F0
[T+138689295us][CH1-Dispenser] F0 BA B0 B3 B2 B0 B1 B0 B0 B0 B0 B1 B1 B1 B1 B1 C1 C1 8D 8A
[T+138756294us][CH2-Pc    ] 03
[T+138758293us][CH1-Dispenser] 03 93
[T+138783295us][CH2-Pc    ] 63
[T+138796294us][CH1-Dispenser] 63 E9 E8 E5 E6 E2 E0
[T+138873294us][CH2-Pc    ] 04
[T+138879293us][CH1-Dispenser] 04 64
[T+138950294us][CH1-Dispenser] 05
[T+138952294us][CH2-Pc    ] 05
[T+139114294us][CH1-Dispenser] 06
[T+139116293us][CH2-Pc    ] 06
[T+139291295us][CH2-Pc    ] 01
[T+139296293us][CH1-Dispenser] 01 61
[T+139372293us][CH1-Dispenser] 02 72
[T+139369294us][CH2-Pc    ] 02
[T+139395004us][CH1-Dispenser] 22
[T+139396295us][CH2-Pc    ] 22
[T+139416294us][CH1-Dispenser] D2 FF
[T+139418293us][CH2-Pc    ] FF
[T+139428294us][CH1-Dispenser] E9
[T+139430303us][CH2-Pc    ] E9
[T+139441294us][CH1-Dispenser] FE
[T+139443294us][CH2-Pc    ] FE
[T+139454294us][CH1-Dispenser] E0
[T+139456296us][CH2-Pc    ] E0
[T+139467297us][CH1-Dispenser] E1
[T+139468293us][CH2-Pc    ] E1
[T+139481297us][CH1-Dispenser] E0
[T+139483293us][CH2-Pc    ] E0
[T+139494295us][CH1-Dispenser] FB
[T+139496293us][CH2-Pc    ] FB
[T+139506294us][CH1-Dispenser] EE
[T+139508293us][CH2-Pc    ] EE
[T+139521295us][CH2-Pc    ] F0
[T+139549318us][CH1-Dispenser] F0 BA B0 B3 B2 B0 B1 B0 B0 B0 B0 B1 B1 B1 B1 B1 C1 C1 8D 8A
[T+139623295us][CH2-Pc    ] 03
[T+139631333us][CH1-Dispenser] 03 93
[T+139650295us][CH2-Pc    ] 63
[T+139660296us][CH1-Dispenser] 63 E8 E2 E9 E6 E2 E0
[T+139728294us][CH2-Pc    ] 04
[T+139734302us][CH1-Dispenser] 04 64
[T+139804295us][CH1-Dispenser] 05
[T+139806293us][CH2-Pc    ] 05
[T+139979294us][CH1-Dispenser] 06
[T+139981294us][CH2-Pc    ] 06
[T+140146294us][CH2-Pc    ] 01
[T+140152293us][CH1-Dispenser] 01 61
[T+140226294us][CH2-Pc    ] 02
[T+140232302us][CH1-Dispenser] 02 72
[T+140257294us][CH1-Dispenser] 22 D2
[T+140254294us][CH2-Pc    ] 22
[T+140273294us][CH1-Dispenser] FF
[T+140275293us][CH2-Pc    ] FF
[T+140286295us][CH1-Dispenser] E9
[T+140288293us][CH2-Pc    ] E9
[T+140299294us][CH1-Dispenser] FE
[T+140300293us][CH2-Pc    ] FE
[T+140311294us][CH1-Dispenser] E0
[T+140313293us][CH2-Pc    ] E0
[T+140324297us][CH1-Dispenser] E1
[T+140326294us][CH2-Pc    ] E1
[T+140339295us][CH1-Dispenser] E0
[T+140341293us][CH2-Pc    ] E0
[T+140352294us][CH1-Dispenser] FB
[T+140354295us][CH2-Pc    ] FB
[T+140373295us][CH1-Dispenser] EE
[T+140376295us][CH2-Pc    ] EE
[T+140388295us][CH2-Pc    ] F0
[T+140414984us][CH1-Dispenser] F0 BA B0 B3 B2 B0 B1 B0 B0 B0 B0 B1 B1 B1 B1 B1 C1 C1 8D 8A
[T+140482295us][CH2-Pc    ] 03
[T+140489302us][CH1-Dispenser] 03 93
[T+140509295us][CH2-Pc    ] 63
[T+140520295us][CH1-Dispenser] 63 E7 E6 E2 E7 E2 E0
[T+140589295us][CH2-Pc    ] 04
[T+140596294us][CH1-Dispenser] 04 64
[T+140665294us][CH1-Dispenser] 05
[T+140667293us][CH2-Pc    ] 05
[T+140831295us][CH1-Dispenser] 06
[T+140833293us][CH2-Pc    ] 06
[T+141009294us][CH2-Pc    ] 01
[T+141012293us][CH1-Dispenser] 01 61
[T+141087295us][CH2-Pc    ] 02
[T+141093293us][CH1-Dispenser] 02 72
[T+141127294us][CH2-Pc    ] 22
[T+141131322us][CH1-Dispenser] 22 D2
[T+141146295us][CH1-Dispenser] FF
[T+141148293us][CH2-Pc    ] FF
[T+141159295us][CH1-Dispenser] E9
[T+141161293us][CH2-Pc    ] E9
[T+141171295us][CH1-Dispenser] FE
[T+141173297us][CH2-Pc    ] FE
[T+141184295us][CH1-Dispenser] E0
[T+141186293us][CH2-Pc    ] E0
[T+141198302us][CH1-Dispenser] E1
[T+141199293us][CH2-Pc    ] E1
[T+141209297us][CH1-Dispenser] E0
[T+141212301us][CH2-Pc    ] E0
[T+141222434us][CH1-Dispenser] FB
[T+141224295us][CH2-Pc    ] FB
[T+141235294us][CH1-Dispenser] EE
[T+141237294us][CH2-Pc    ] EE
[T+141250295us][CH2-Pc    ] F0
[T+141278320us][CH1-Dispenser] F0 BA B0 B3 B2 B0 B1 B0 B0 B0 B0 B1 B1 B1 B1 B1 C1 C1 8D 8A
[T+141352295us][CH2-Pc    ] 03
[T+141360332us][CH1-Dispenser] 03 93
[T+141381295us][CH2-Pc    ] 63
[T+141391302us][CH1-Dispenser] 63 E6 E0 E6 E7 E2 E0
[T+141465294us][CH2-Pc    ] 04
[T+141470293us][CH1-Dispenser] 04 64
[T+141543295us][CH1-Dispenser] 05
[T+141545293us][CH2-Pc    ] 05
[T+141707294us][CH1-Dispenser] 06
[T+141709295us][CH2-Pc    ] 06
[T+141887295us][CH2-Pc    ] 01
[T+141891326us][CH1-Dispenser] 01 61
[T+141965294us][CH2-Pc    ] 02
[T+141972302us][CH1-Dispenser] 02 72
[T+141996294us][CH1-Dispenser] 22 D2
[T+141993298us][CH2-Pc    ] 22
[T+142014295us][CH1-Dispenser] FF
[T+142027295us][CH1-Dispenser] E9
[T+142028293us][CH2-Pc    ] FF E9
[T+142040301us][CH1-Dispenser] FE
[T+142042295us][CH2-Pc    ] FE
[T+142053297us][CH1-Dispenser] E0
[T+142054301us][CH2-Pc    ] E0
[T+142066297us][CH1-Dispenser] E1
[T+142067294us][CH2-Pc    ] E1
[T+142083294us][CH1-Dispenser] E0
[T+142085294us][CH2-Pc    ] E0
[T+142096391us][CH1-Dispenser] FB
[T+142099294us][CH2-Pc    ] FB
[T+142109301us][CH1-Dispenser] EE
[T+142111294us][CH2-Pc    ] EE
[T+142124295us][CH2-Pc    ] F0
[T+142149295us][CH1-Dispenser] F0 BA B0 B3 B2 B0 B1 B0 B0 B0 B0 B1 B1 B1 B1 B1 C1 C1 8D 8A
[T+142215295us][CH2-Pc    ] 03
[T+142220294us][CH1-Dispenser] 03 93
[T+142243294us][CH2-Pc    ] 63
[T+142256294us][CH1-Dispenser] 63 E4 E3 E9 E7 E2 E0
[T+142336322us][CH1-Dispenser] 04 64
[T+142332294us][CH2-Pc    ] 04
[T+142408296us][CH1-Dispenser] 05
[T+142410295us][CH2-Pc    ] 05
[T+142584294us][CH1-Dispenser] 06
[T+142586293us][CH2-Pc    ] 06
[T+142765295us][CH2-Pc    ] 01
[T+142770294us][CH1-Dispenser] 01 61
[T+142842295us][CH2-Pc    ] 02
[T+142846322us][CH1-Dispenser] 02 72
[T+142870295us][CH2-Pc    ] 22
[T+142877294us][CH1-Dispenser] 22 D2
[T+142890326us][CH1-Dispenser] FF
[T+142903294us][CH1-Dispenser] E9
[T+142904295us][CH2-Pc    ] FF E9
[T+142915294us][CH1-Dispenser] FE
[T+142917293us][CH2-Pc    ] FE
[T+142928297us][CH1-Dispenser] E0
[T+142930293us][CH2-Pc    ] E0
[T+142941299us][CH1-Dispenser] E1
[T+142943295us][CH2-Pc    ] E1
[T+142954299us][CH1-Dispenser] E0
[T+142956294us][CH2-Pc    ] E0
[T+142967295us][CH1-Dispenser] FB
[T+142968293us][CH2-Pc    ] FB
[T+142981297us][CH1-Dispenser] EE
[T+142983293us][CH2-Pc    ] EE
[T+142996299us][CH2-Pc    ] F0
[T+143024320us][CH1-Dispenser] F0 BA B0 B3 B2 B0 B1 B0 B0 B0 B0 B1 B1 B1 B1 B1 C1 C1 8D 8A
[T+143097294us][CH2-Pc    ] 03
[T+143105318us][CH1-Dispenser] 03 93
[T+143126295us][CH2-Pc    ] 63
[T+143136298us][CH1-Dispenser] 63 E5 E9 E2 E8 E2 E0
[T+143210323us][CH1-Dispenser] 04 64
[T+143206294us][CH2-Pc    ] 04
[T+143288294us][CH1-Dispenser] 05
[T+143290293us][CH2-Pc    ] 05
[T+143465295us][CH1-Dispenser] 06
[T+143467293us][CH2-Pc    ] 06
[T+143637322us][CH1-Dispenser] 01 61
[T+143633296us][CH2-Pc    ] 01
[T+143711294us][CH2-Pc    ] 02
[T+143718909us][CH1-Dispenser] 02 72
[T+143738294us][CH2-Pc    ] 22
[T+143742322us][CH1-Dispenser] 22 D2
[T+143757294us][CH1-Dispenser] FF
[T+143770294us][CH1-Dispenser] E9
[T+143771293us][CH2-Pc    ] FF E9
[T+143783297us][CH1-Dispenser] FE
[T+143785295us][CH2-Pc    ] FE
[T+143796295us][CH1-Dispenser] E0
[T+143798294us][CH2-Pc    ] E0
[T+143808294us][CH1-Dispenser] E1
[T+143810294us][CH2-Pc    ] E1
[T+143821295us][CH1-Dispenser] E0
[T+143823293us][CH2-Pc    ] E0
[T+143833295us][CH1-Dispenser] FB
[T+143836108us][CH2-Pc    ] FB
[T+143846294us][CH1-Dispenser] EE
[T+143848293us][CH2-Pc    ] EE
[T+143863294us][CH2-Pc    ] F0
[T+143891318us][CH1-Dispenser] F0 BA B0 B3 B2 B0 B1 B0 B0 B0 B0 B1 B1 B1 B1 B1 C1 C1 8D 8A
[T+143964294us][CH2-Pc    ] 03
[T+143971294us][CH1-Dispenser] 03 93
[T+143992295us][CH2-Pc    ] 63
[T+144000334us][CH1-Dispenser] 63 E3 E2 E6 E8 E2 E0
[T+144070295us][CH2-Pc    ] 04
[T+144074322us][CH1-Dispenser] 04 64
[T+144146294us][CH1-Dispenser] 05
[T+144148295us][CH2-Pc    ] 05
[T+144322294us][CH1-Dispenser] 06
[T+144324294us][CH2-Pc    ] 06
[T+144490295us][CH2-Pc    ] 01
[T+144497931us][CH1-Dispenser] 01 61
[T+144575295us][CH2-Pc    ] 02
[T+144582293us][CH1-Dispenser] 02 72
[T+144607293us][CH1-Dispenser] 22 D2
[T+144602294us][CH2-Pc    ] 22
[T+144621294us][CH1-Dispenser] FF
[T+144624294us][CH2-Pc    ] FF
[T+144635295us][CH1-Dispenser] E9
[T+144637293us][CH2-Pc    ] E9
[T+144648297us][CH1-Dispenser] FE
[T+144650293us][CH2-Pc    ] FE
[T+144689294us][CH1-Dispenser] E0
[T+144691295us][CH2-Pc    ] E0
[T+144703299us][CH1-Dispenser] E1
[T+144705295us][CH2-Pc    ] E1
[T+144715294us][CH1-Dispenser] E0
[T+144717294us][CH2-Pc    ] E0
[T+144728294us][CH1-Dispenser] FB
[T+144730293us][CH2-Pc    ] FB
[T+144741295us][CH1-Dispenser] EE
[T+144743293us][CH2-Pc    ] EE
[T+144755295us][CH2-Pc    ] F0
[T+144785294us][CH1-Dispenser] F0 BA B0 B3 B2 B0 B1 B0 B0 B0 B0 B1 B1 B1 B1 B1 C1 C1 8D 8A
[T+144864295us][CH2-Pc    ] 03
[T+144872318us][CH1-Dispenser] 03 93
[T+144891294us][CH2-Pc    ] 63
[T+144901302us][CH1-Dispenser] 63 E3 E7 E9 E8 E2 E0
[T+144969294us][CH2-Pc    ] 04
[T+144974293us][CH1-Dispenser] 04 64
[T+145045294us][CH1-Dispenser] 05
[T+145047293us][CH2-Pc    ] 05
[T+145231294us][CH1-Dispenser] 06
[T+145233295us][CH2-Pc    ] 06
[T+145415301us][CH1-Dispenser] 01 61
[T+145413297us][CH2-Pc    ] 01
[T+145486293us][CH1-Dispenser] 02 72
[T+145483294us][CH2-Pc    ] 02
[T+145510295us][CH2-Pc    ] 22
[T+145518979us][CH1-Dispenser] 22 D2
[T+145530294us][CH1-Dispenser] FF
[T+145532293us][CH2-Pc    ] FF
[T+145544297us][CH1-Dispenser] E9
[T+145546295us][CH2-Pc    ] E9
[T+145557294us][CH1-Dispenser] FE
[T+145559293us][CH2-Pc    ] FE
[T+145570295us][CH1-Dispenser] E0
[T+145572293us][CH2-Pc    ] E0
[T+145582297us][CH1-Dispenser] E1
[T+145584294us][CH2-Pc    ] E1
[T+145596294us][CH1-Dispenser] E0
[T+145597294us][CH2-Pc    ] E0
[T+145608294us][CH1-Dispenser] FB
[T+145610293us][CH2-Pc    ] FB
[T+145620294us][CH1-Dispenser] EE
[T+145623294us][CH2-Pc    ] EE
[T+145635414us][CH2-Pc    ] F0
[T+145666294us][CH1-Dispenser] F0 BA B0 B3 B2 B0 B1 B0 B0 B0 B0 B1 B1 B1 B1 B1 C1 C1 8D 8A
[T+145738295us][CH2-Pc    ] 03
[T+145745294us][CH1-Dispenser] 03 93
[T+145795294us][CH2-Pc    ] 63
[T+145808295us][CH1-Dispenser] 63 E4 E2 E3 E9 E2 E0
[T+145884295us][CH2-Pc    ] 04
[T+145890294us][CH1-Dispenser] 04 64
[T+145960294us][CH1-Dispenser] 05
[T+145962294us][CH2-Pc    ] 05
[T+146135294us][CH1-Dispenser] 06
[T+146137295us][CH2-Pc    ] 06
[T+146301295us][CH2-Pc    ] 01
[T+146307926us][CH1-Dispenser] 01 61
[T+146381293us][CH1-Dispenser] 02 72
[T+146380294us][CH2-Pc    ] 02
[T+146396295us][CH2-Pc    ] 22
[T+146405294us][CH1-Dispenser] 22 D2
[T+146417295us][CH1-Dispenser] FF
[T+146429294us][CH1-Dispenser] E9
[T+146431293us][CH2-Pc    ] FF E9
[T+146445295us][CH1-Dispenser] FE
[T+146447295us][CH2-Pc    ] FE
[T+146466294us][CH1-Dispenser] E0
[T+146468293us][CH2-Pc    ] E0
[T+146482294us][CH1-Dispenser] E1
[T+146494294us][CH1-Dispenser] E0
[T+146496296us][CH2-Pc    ] E1 E0
[T+146507294us][CH1-Dispenser] FB
[T+146509294us][CH2-Pc    ] FB
[T+146520295us][CH1-Dispenser] EE
[T+146522293us][CH2-Pc    ] EE
[T+146535299us][CH2-Pc    ] F0
[T+146563318us][CH1-Dispenser] F0 BA B0 B3 B2 B0 B1 B0 B0 B0 B0 B1 B1 B1 B1 B1 C1 C1 8D 8A
[T+146636294us][CH1-Dispenser] 03
[T+146638293us][CH2-Pc    ] 03
[T+146648302us][CH1-Dispenser] 93
[T+146666295us][CH2-Pc    ] 63
[T+146676334us][CH1-Dispenser] 63 E2 E7 E5 E9 E2 E0
[T+146746294us][CH2-Pc    ] 04
[T+146750322us][CH1-Dispenser] 04 64
[T+146822295us][CH1-Dispenser] 05
[T+146824293us][CH2-Pc    ] 05
[T+146997295us][CH1-Dispenser] 06
[T+146999294us][CH2-Pc    ] 06
[T+147169293us][CH1-Dispenser] 01 61
[T+147164294us][CH2-Pc    ] 01
[T+147242294us][CH2-Pc    ] 02
[T+147248293us][CH1-Dispenser] 02 72
[T+147272295us][CH1-Dispenser] 22 D2
[T+147269310us][CH2-Pc    ] 22
[T+147288294us][CH1-Dispenser] FF
[T+147291294us][CH2-Pc    ] FF
[T+147301295us][CH1-Dispenser] E9
[T+147303293us][CH2-Pc    ] E9
[T+147314430us][CH1-Dispenser] FE
[T+147317222us][CH2-Pc    ] FE
[T+147326297us][CH1-Dispenser] E0
[T+147329300us][CH2-Pc    ] E0
[T+147339298us][CH1-Dispenser] E1
[T+147341295us][CH2-Pc    ] E1
[T+147352294us][CH1-Dispenser] E0
[T+147354294us][CH2-Pc    ] E0
[T+147365294us][CH1-Dispenser] FB
[T+147367293us][CH2-Pc    ] FB
[T+147378295us][CH1-Dispenser] EE
[T+147379293us][CH2-Pc    ] EE
[T+147393296us][CH2-Pc    ] F0
[T+147421322us][CH1-Dispenser] F0 BA B0 B3 B2 B0 B1 B0 B0 B0 B0 B1 B1 B1 B1 B1 C1 C1 8D 8A
[T+147499322us][CH1-Dispenser] 03 93
[T+147495294us][CH2-Pc    ] 03
[T+147522294us][CH2-Pc    ] 63
[T+147530318us][CH1-Dispenser] 63 E4 E6 E7 E9 E2 E0
[T+147602295us][CH2-Pc    ] 04
[T+147605293us][CH1-Dispenser] 04 64
[T+147678294us][CH1-Dispenser] 05
[T+147680295us][CH2-Pc    ] 05
[T+147854294us][CH1-Dispenser] 06
[T+147856295us][CH2-Pc    ] 06
[T+148020294us][CH2-Pc    ] 01
[T+148026293us][CH1-Dispenser] 01 61
[T+148102323us][CH1-Dispenser] 02 72
[T+148098295us][CH2-Pc    ] 02
[T+148125294us][CH2-Pc    ] 22
[T+148131293us][CH1-Dispenser] 22 D2
[T+148145294us][CH1-Dispenser] FF
[T+148147293us][CH2-Pc    ] FF
[T+148157295us][CH1-Dispenser] E9
[T+148160294us][CH2-Pc    ] E9
[T+148170298us][CH1-Dispenser] FE
[T+148183295us][CH1-Dispenser] E0
[T+148184295us][CH2-Pc    ] FE E0
[T+148196294us][CH1-Dispenser] E1
[T+148198293us][CH2-Pc    ] E1
[T+148208302us][CH1-Dispenser] E0
[T+148210294us][CH2-Pc    ] E0
[T+148221412us][CH1-Dispenser] FB
[T+148223295us][CH2-Pc    ] FB
[T+148235297us][CH1-Dispenser] EE
[T+148237295us][CH2-Pc    ] EE
[T+148250295us][CH2-Pc    ] F0
[T+148275295us][CH1-Dispenser] F0 BA B0 B3 B2 B0 B1 B0 B0 B0 B0 B1 B1 B1 B1 B1 C1 C1 8D 8A
[T+148341296us][CH2-Pc    ] 03
[T+148345322us][CH1-Dispenser] 03 93
[T+148369295us][CH2-Pc    ] 63
[T+148381319us][CH1-Dispenser] 63 E8 E5 E0 E0 E3 E0
[T+148449294us][CH2-Pc    ] 04
[T+148455294us][CH1-Dispenser] 04 64
[T+148525294us][CH1-Dispenser] 05
[T+148527294us][CH2-Pc    ] 05
[T+148699295us][CH1-Dispenser] 06
[T+148702295us][CH2-Pc    ] 06
[T+148866295us][CH2-Pc    ] 01
[T+148871294us][CH1-Dispenser] 01 61
[T+148944294us][CH2-Pc    ] 02
[T+148947293us][CH1-Dispenser] 02 72
[T+148971295us][CH2-Pc    ] 22
[T+148976894us][CH1-Dispenser] 22 D2
[T+148991294us][CH1-Dispenser] FF
[T+148993293us][CH2-Pc    ] FF
[T+149003294us][CH1-Dispenser] E9
[T+149005294us][CH2-Pc    ] E9
[T+149017294us][CH1-Dispenser] FE
[T+149018294us][CH2-Pc    ] FE
[T+149029294us][CH1-Dispenser] E0
[T+149031295us][CH2-Pc    ] E0
[T+149042295us][CH1-Dispenser] E1
[T+149044293us][CH2-Pc    ] E1
[T+149055473us][CH1-Dispenser] E0
[T+149057296us][CH2-Pc    ] E0
[T+149068332us][CH1-Dispenser] FB
[T+149070295us][CH2-Pc    ] FB
[T+149089294us][CH1-Dispenser] EE
[T+149091295us][CH2-Pc    ] EE
[T+149104295us][CH2-Pc    ] F0
[T+149131295us][CH1-Dispenser] F0 BA B0 B3 B2 B0 B1 B0 B0 B0 B0 B1 B1 B1 B1 B1 C1 C1 8D 8A
[T+149217295us][CH2-Pc    ] 03
[T+149220293us][CH1-Dispenser] 03 93
[T+149234790us][CH2-Pc    ] 63
[T+149245295us][CH1-Dispenser] 63 E8 E2 E2 E0 E3 E0
[T+149312294us][CH2-Pc    ] 04
[T+149316324us][CH1-Dispenser] 04 64
[T+149388296us][CH1-Dispenser] 05
[T+149390293us][CH2-Pc    ] 05
[T+149574295us][CH1-Dispenser] 06
[T+149576293us][CH2-Pc    ] 06
[T+149744322us][CH1-Dispenser] 01 61
[T+149740294us][CH2-Pc    ] 01
[T+149821293us][CH1-Dispenser] 02 72
[T+149818294us][CH2-Pc    ] 02
[T+149845295us][CH2-Pc    ] 22
[T+149854294us][CH1-Dispenser] 22 D2
[T+149865294us][CH1-Dispenser] FF
[T+149868295us][CH2-Pc    ] FF
[T+149882389us][CH1-Dispenser] E9
[T+149894910us][CH1-Dispenser] FE
[T+149895293us][CH2-Pc    ] E9 FE
[T+149907299us][CH1-Dispenser] E0
[T+149909295us][CH2-Pc    ] E0
[T+149920297us][CH1-Dispenser] E1
[T+149921293us][CH2-Pc    ] E1
[T+149932297us][CH1-Dispenser] E0
[T+149934294us][CH2-Pc    ] E0
[T+149945330us][CH1-Dispenser] FB
[T+149947294us][CH2-Pc    ] FB
[T+149959299us][CH1-Dispenser] EE
[T+149960293us][CH2-Pc    ] EE
[T+149973294us][CH2-Pc    ] F0
[T+149999294us][CH1-Dispenser] F0 BA B0 B3 B2 B0 B1 B0 B0 B0 B0 B1 B1 B1 B1 B1 C1 C1 8D 8A
[T+150075294us][CH2-Pc    ] 03
[T+150080295us][CH1-Dispenser] 03 93
[T+150102294us][CH2-Pc    ] 63
[T+150111294us][CH1-Dispenser] 63 E3 E3 E5 E0 E3 E0
[T+150192293us][CH1-Dispenser] 04 64
[T+150187294us][CH2-Pc    ] 04
[T+150263294us][CH1-Dispenser] 05
[T+150265293us][CH2-Pc    ] 05
[T+150449295us][CH1-Dispenser] 06
[T+150452294us][CH2-Pc    ] 06
[T+150617295us][CH2-Pc    ] 01
[T+150623303us][CH1-Dispenser] 01 61
[T+150697293us][CH1-Dispenser] 02 72
[T+150695307us][CH2-Pc    ] 02
[T+150711294us][CH2-Pc    ] 22
[T+150719327us][CH1-Dispenser] 22 D2
[T+150732295us][CH1-Dispenser] FF
[T+150744294us][CH1-Dispenser] E9
[T+150746295us][CH2-Pc    ] FF E9
[T+150757415us][CH1-Dispenser] FE
[T+150759295us][CH2-Pc    ] FE
[T+150770295us][CH1-Dispenser] E0
[T+150772294us][CH2-Pc    ] E0
[T+150783294us][CH1-Dispenser] E1
[T+150785293us][CH2-Pc    ] E1
[T+150795509us][CH1-Dispenser] E0
[T+150797295us][CH2-Pc    ] E0
[T+150811294us][CH1-Dispenser] FB
[T+150813295us][CH2-Pc    ] FB
[T+150824299us][CH1-Dispenser] EE
[T+150826295us][CH2-Pc    ] EE
[T+150838295us][CH2-Pc    ] F0
[T+150865294us][CH1-Dispenser] F0 BA B0 B3 B2 B0 B1 B0 B0 B0 B0 B1 B1 B1 B1 B1 C1 C1 8D 8A
[T+150941294us][CH2-Pc    ] 03
[T+150945324us][CH1-Dispenser] 03 93
[T+150960295us][CH2-Pc    ] 63
[T+150972320us][CH1-Dispenser] 63 E5 E1 E8 E0 E3 E0
[T+151039295us][CH2-Pc    ] 04
[T+151046302us][CH1-Dispenser] 04 64
[T+151116295us][CH1-Dispenser] 05
[T+151118293us][CH2-Pc    ] 05
[T+151292294us][CH1-Dispenser] 06
[T+151294294us][CH2-Pc    ] 06
[T+151462295us][CH2-Pc    ] 01
[T+151468884us][CH1-Dispenser] 01 61
[T+151541294us][CH2-Pc    ] 02
[T+151549318us][CH1-Dispenser] 02 72
[T+151568294us][CH2-Pc    ] 22
[T+151574745us][CH1-Dispenser] 22 D2
[T+151587294us][CH1-Dispenser] FF
[T+151589294us][CH2-Pc    ] FF
[T+151601294us][CH1-Dispenser] E9
[T+151602294us][CH2-Pc    ] E9
[T+151613294us][CH1-Dispenser] FE
[T+151615500us][CH2-Pc    ] FE
[T+151625294us][CH1-Dispenser] E0
[T+151627293us][CH2-Pc    ] E0
[T+151640294us][CH1-Dispenser] E1
[T+151642293us][CH2-Pc    ] E1
[T+151653300us][CH1-Dispenser] E0
[T+151655295us][CH2-Pc    ] E0
[T+151665294us][CH1-Dispenser] FB
[T+151667293us][CH2-Pc    ] FB
[T+151678294us][CH1-Dispenser] EE
[T+151680294us][CH2-Pc    ] EE
[T+151693296us][CH2-Pc    ] F0
[T+151720295us][CH1-Dispenser] F0 BA B0 B3 B2 B0 B1 B0 B0 B0 B0 B1 B1 B1 B1 B1 C1 C1 8D 8A
[T+151795295us][CH2-Pc    ] 03
[T+151800865us][CH1-Dispenser] 03 93
[T+151823294us][CH2-Pc    ] 63
[T+151832903us][CH1-Dispenser] 63 E3 E4 E1 E1 E3 E0
[T+151901295us][CH2-Pc    ] 04
[T+151907293us][CH1-Dispenser] 04 64
[T+151978294us][CH1-Dispenser] 05
[T+151980294us][CH2-Pc    ] 05
[T+152143296us][CH1-Dispenser] 06
[T+152145295us][CH2-Pc    ] 06
[T+152320294us][CH2-Pc    ] 01
[T+152322293us][CH1-Dispenser] 01 61
[T+152387294us][CH2-Pc    ] 02
[T+152392863us][CH1-Dispenser] 02 72
[T+152414716us][CH2-Pc    ] 22
[T+152418324us][CH1-Dispenser] 22 D2
[T+152434323us][CH1-Dispenser] FF
[T+152446295us][CH1-Dispenser] E9
[T+152448295us][CH2-Pc    ] FF E9
[T+152459294us][CH1-Dispenser] FE
[T+152461293us][CH2-Pc    ] FE
[T+152472297us][CH1-Dispenser] E0
[T+152475031us][CH2-Pc    ] E0
[T+152485301us][CH1-Dispenser] E1
[T+152487295us][CH2-Pc    ] E1
[T+152498311us][CH1-Dispenser] E0
[T+152500295us][CH2-Pc    ] E0
[T+152510295us][CH1-Dispenser] FB
[T+152523295us][CH1-Dispenser] EE
[T+152525293us][CH2-Pc    ] FB EE
[T+152538296us][CH2-Pc    ] F0
[T+152565294us][CH1-Dispenser] F0 BA B0 B3 B2 B0 B1 B0 B0 B0 B0 B1 B1 B1 B1 B1 C1 C1 8D 8A
[T+152643296us][CH2-Pc    ] 03
[T+152651327us][CH1-Dispenser] 03 93
[T+152670294us][CH2-Pc    ] 63
[T+152682318us][CH1-Dispenser] 63 E8 E4 E4 E1 E3 E0
[T+152746295us][CH1-Dispenser] 04
[T+152748293us][CH2-Pc    ] 04
[T+152758295us][CH1-Dispenser] 64
[T+152824295us][CH1-Dispenser] 05
[T+152827295us][CH2-Pc    ] 05
[T+152987294us][CH1-Dispenser] 06
[T+152990294us][CH2-Pc    ] 06
[T+153165294us][CH2-Pc    ] 01
[T+153172293us][CH1-Dispenser] 01 61
[T+153244295us][CH2-Pc    ] 02
[T+153248322us][CH1-Dispenser] 02 72
[T+153271294us][CH2-Pc    ] 22
[T+153277294us][CH1-Dispenser] 22 D2
[T+153290294us][CH1-Dispenser] FF
[T+153292293us][CH2-Pc    ] FF
[T+153303297us][CH1-Dispenser] E9
[T+153305293us][CH2-Pc    ] E9
[T+153318297us][CH1-Dispenser] FE
[T+153319293us][CH2-Pc    ] FE
[T+153329297us][CH1-Dispenser] E0
[T+153330294us][CH2-Pc    ] E0
[T+153341297us][CH1-Dispenser] E1
[T+153343295us][CH2-Pc    ] E1
[T+153354294us][CH1-Dispenser] E0
[T+153356295us][CH2-Pc    ] E0
[T+153366294us][CH1-Dispenser] FB
[T+153368294us][CH2-Pc    ] FB
[T+153380328us][CH1-Dispenser] EE
[T+153381295us][CH2-Pc    ] EE
[T+153394294us][CH2-Pc    ] F0
[T+153419294us][CH1-Dispenser] F0 BA B0 B3 B2 B0 B1 B0 B0 B0 B0 B1 B1 B1 B1 B1 C1 C1 8D 8A
[T+153487295us][CH2-Pc    ] 03
[T+153491322us][CH1-Dispenser] 03 93
[T+153516294us][CH2-Pc    ] 63
[T+153528327us][CH1-Dispenser] 63 E0 E1 E8 E1 E3 E0
[T+153594295us][CH2-Pc    ] 04
[T+153600293us][CH1-Dispenser] 04 64
[T+153672294us][CH1-Dispenser] 05
[T+153674293us][CH2-Pc    ] 05
[T+153847294us][CH1-Dispenser] 06
[T+153849293us][CH2-Pc    ] 06
[T+154028294us][CH1-Dispenser] 01 61
[T+154025294us][CH2-Pc    ] 01
[T+154103295us][CH2-Pc    ] 02
[T+154108293us][CH1-Dispenser] 02 72
[T+154130294us][CH2-Pc    ] 22
[T+154137294us][CH1-Dispenser] 22 D2
[T+154150319us][CH1-Dispenser] FF
[T+154162295us][CH1-Dispenser] E9
[T+154164295us][CH2-Pc    ] FF E9
[T+154175297us][CH1-Dispenser] FE
[T+154178295us][CH2-Pc    ] FE
[T+154188294us][CH1-Dispenser] E0
[T+154190293us][CH2-Pc    ] E0
[T+154200294us][CH1-Dispenser] E1
[T+154202293us][CH2-Pc    ] E1
[T+154213295us][CH1-Dispenser] E0
[T+154215298us][CH2-Pc    ] E0
[T+154226295us][CH1-Dispenser] FB
[T+154228293us][CH2-Pc    ] FB
[T+154238294us][CH1-Dispenser] EE
[T+154240293us][CH2-Pc    ] EE
[T+154253295us][CH2-Pc    ] F0
[T+154279407us][CH1-Dispenser] F0 BA B0 B3 B2 B0 B1 B0 B0 B0 B0 B1 B1 B1 B1 B1 C1 C1 8D 8A
[T+154355293us][CH1-Dispenser] 03 93
[T+154353295us][CH2-Pc    ] 03
[T+154369294us][CH2-Pc    ] 63
[T+154382386us][CH1-Dispenser] 63 E1 E7 E1 E2 E3 E0
[T+154449294us][CH2-Pc    ] 04
[T+154454869us][CH1-Dispenser] 04 64
[T+154525295us][CH1-Dispenser] 05
[T+154527293us][CH2-Pc    ] 05
[T+154696294us][CH1-Dispenser] 06
[T+154699295us][CH2-Pc    ] 06
[T+154864295us][CH2-Pc    ] 01
[T+154868322us][CH1-Dispenser] 01 61
[T+154949293us][CH1-Dispenser] 02 72
[T+154944294us][CH2-Pc    ] 02
[T+154976293us][CH1-Dispenser] 22 D2
[T+154971294us][CH2-Pc    ] 22
[T+154992294us][CH1-Dispenser] FF
[T+155004294us][CH1-Dispenser] E9
[T+155006295us][CH2-Pc    ] FF E9
[T+155017458us][CH1-Dispenser] FE
[T+155019295us][CH2-Pc    ] FE
[T+155030294us][CH1-Dispenser] E0
[T+155031294us][CH2-Pc    ] E0
[T+155042294us][CH1-Dispenser] E1
[T+155044293us][CH2-Pc    ] E1
[T+155055299us][CH1-Dispenser] E0
[T+155057293us][CH2-Pc    ] E0
[T+155067903us][CH1-Dispenser] FB
[T+155070467us][CH2-Pc    ] FB
[T+155082297us][CH1-Dispenser] EE
[T+155084295us][CH2-Pc    ] EE
[T+155097296us][CH2-Pc    ] F0
[T+155124294us][CH1-Dispenser] F0 BA B0 B3 B2 B0 B1 B0 B0 B0 B0 B1 B1 B1 B1 B1 C1 C1 8D 8A
[T+155199442us][CH2-Pc    ] 03
[T+155206302us][CH1-Dispenser] 03 93
[T+155226295us][CH2-Pc    ] 63
[T+155240294us][CH1-Dispenser] 63 E4 E4 E5 E2 E3 E0
[T+155320322us][CH1-Dispenser] 04 64
[T+155316294us][CH2-Pc    ] 04
[T+155392294us][CH1-Dispenser] 05
[T+155394293us][CH2-Pc    ] 05
[T+155568301us][CH1-Dispenser] 06
[T+155571294us][CH2-Pc    ] 06
[T+155745295us][CH2-Pc    ] 01
[T+155753327us][CH1-Dispenser] 01 61
[T+155824294us][CH2-Pc    ] 02
[T+155829293us][CH1-Dispenser] 02 72
[T+155851295us][CH2-Pc    ] 22
[T+155870295us][CH1-Dispenser] 22 D2 FF
[T+155872295us][CH2-Pc    ] FF
[T+155883294us][CH1-Dispenser] E9
[T+155885293us][CH2-Pc    ] E9
[T+155896297us][CH1-Dispenser] FE
[T+155899299us][CH2-Pc    ] FE
[T+155908315us][CH1-Dispenser] E0
[T+155910298us][CH2-Pc    ] E0
[T+155921925us][CH1-Dispenser] E1
[T+155923293us][CH2-Pc    ] E1
[T+155934294us][CH1-Dispenser] E0
[T+155936294us][CH2-Pc    ] E0
[T+155947294us][CH1-Dispenser] FB
[T+155950294us][CH2-Pc    ] FB
[T+155961297us][CH1-Dispenser] EE
[T+155962294us][CH2-Pc    ] EE
[T+155975295us][CH2-Pc    ] F0
[T+156005294us][CH1-Dispenser] F0 BA B0 B3 B2 B0 B1 B0 B0 B0 B0 B1 B1 B1 B1 B1 C1 C1 8D 8A
[T+156077295us][CH2-Pc    ] 03
[T+156080293us][CH1-Dispenser] 03 93
[T+156105295us][CH2-Pc    ] 63
[T+156118294us][CH1-Dispenser] 63 E0 E4 E9 E2 E3 E0
[T+156197295us][CH2-Pc    ] 04
[T+156200293us][CH1-Dispenser] 04 64
[T+156273295us][CH1-Dispenser] 05
[T+156275293us][CH2-Pc    ] 05
[T+156450295us][CH1-Dispenser] 06
[T+156452293us][CH2-Pc    ] 06
[T+156623295us][CH2-Pc    ] 01
[T+156628294us][CH1-Dispenser] 01 61
[T+156701294us][CH2-Pc    ] 02
[T+156710295us][CH1-Dispenser] 02 72
[T+156733293us][CH1-Dispenser] 22 D2
[T+156730294us][CH2-Pc    ] 22
[T+156749294us][CH1-Dispenser] FF
[T+156752294us][CH2-Pc    ] FF
[T+156788294us][CH1-Dispenser] E9
[T+156790293us][CH2-Pc    ] E9
[T+156801407us][CH1-Dispenser] FE
[T+156803295us][CH2-Pc    ] FE
[T+156815310us][CH1-Dispenser] E0
[T+156816325us][CH2-Pc    ] E0
[T+156827301us][CH1-Dispenser] E1
[T+156839412us][CH1-Dispenser] E0
[T+156841293us][CH2-Pc    ] E1 E0
[T+156852295us][CH1-Dispenser] FB
[T+156854944us][CH2-Pc    ] FB
[T+156865295us][CH1-Dispenser] EE
[T+156866295us][CH2-Pc    ] EE
[T+156879294us][CH2-Pc    ] F0
[T+156904294us][CH1-Dispenser] F0 BA B0 B3 B2 B0 B1 B0 B0 B0 B0 B1 B1 B1 B1 B1 C1 C1 8D 8A
[T+156972294us][CH2-Pc    ] 03
[T+156977293us][CH1-Dispenser] 03 93
[T+156999294us][CH2-Pc    ] 63
[T+157011319us][CH1-Dispenser] 63 E5 E3 E3 E3 E3 E0
[T+157079294us][CH2-Pc    ] 04
[T+157085303us][CH1-Dispenser] 04 64
[T+157156294us][CH1-Dispenser] 05
[T+157158293us][CH2-Pc    ] 05
[T+157330294us][CH1-Dispenser] 06
[T+157332294us][CH2-Pc    ] 06
[T+157507295us][CH2-Pc    ] 01
[T+157513293us][CH1-Dispenser] 01 61
[T+157589322us][CH1-Dispenser] 02 72
[T+157585295us][CH2-Pc    ] 02
[T+157613295us][CH2-Pc    ] 22
[T+157620293us][CH1-Dispenser] 22 D2
[T+157632475us][CH1-Dispenser] FF
[T+157645294us][CH1-Dispenser] E9
[T+157646293us][CH2-Pc    ] FF E9
[T+157666295us][CH1-Dispenser] FE
[T+157668293us][CH2-Pc    ] FE
[T+157688295us][CH1-Dispenser] E0
[T+157690293us][CH2-Pc    ] E0
[T+157701294us][CH1-Dispenser] E1
[T+157713295us][CH1-Dispenser] E0
[T+157715293us][CH2-Pc    ] E1 E0
[T+157726295us][CH1-Dispenser] FB
[T+157728295us][CH2-Pc    ] FB
[T+157738295us][CH1-Dispenser] EE
[T+157740293us][CH2-Pc    ] EE
[T+157753295us][CH2-Pc    ] F0
[T+157780294us][CH1-Dispenser] F0 BA B0 B3 B2 B0 B1 B0 B0 B0 B0 B1 B1 B1 B1 B1 C1 C1 8D 8A
[T+157848294us][CH2-Pc    ] 03
[T+157851293us][CH1-Dispenser] 03 93
[T+157865294us][CH2-Pc    ] 63
[T+157878294us][CH1-Dispenser] 63 E9 E1 E7 E3 E3 E0
[T+157946295us][CH2-Pc    ] 04
[T+157951294us][CH1-Dispenser] 04 64
[T+158022295us][CH1-Dispenser] 05
[T+158024295us][CH2-Pc    ] 05
[T+158200296us][CH1-Dispenser] 06
[T+158202295us][CH2-Pc    ] 06
[T+158388294us][CH2-Pc    ] 01
[T+158394294us][CH1-Dispenser] 01 61
[T+158466295us][CH2-Pc    ] 02
[T+158474488us][CH1-Dispenser] 02 72
[T+158493295us][CH2-Pc    ] 22
[T+158497323us][CH1-Dispenser] 22 D2
[T+158513295us][CH1-Dispenser] FF
[T+158515294us][CH2-Pc    ] FF
[T+158526294us][CH1-Dispenser] E9
[T+158528294us][CH2-Pc    ] E9
[T+158538814us][CH1-Dispenser] FE
[T+158541331us][CH2-Pc    ] FE
[T+158551294us][CH1-Dispenser] E0
[T+158564294us][CH1-Dispenser] E1
[T+158566293us][CH2-Pc    ] E0 E1
[T+158576295us][CH1-Dispenser] E0
[T+158578293us][CH2-Pc    ] E0
[T+158589295us][CH1-Dispenser] FB
[T+158591293us][CH2-Pc    ] FB
[T+158602302us][CH1-Dispenser] EE
[T+158604298us][CH2-Pc    ] EE
[T+158616298us][CH2-Pc    ] F0
[T+158645294us][CH1-Dispenser] F0 BA B0 B3 B2 B0 B1 B0 B0 B0 B0 B1 B1 B1 B1 B1 C1 C1 8D 8A
[T+158720294us][CH1-Dispenser] 03 93
[T+158718294us][CH2-Pc    ] 03
[T+158735295us][CH2-Pc    ] 63
[T+158747318us][CH1-Dispenser] 63 E3 E0 E1 E4 E3 E0
[T+158816293us][CH1-Dispenser] 04 64
[T+158813295us][CH2-Pc    ] 04
[T+158900294us][CH1-Dispenser] 05
[T+158902294us][CH2-Pc    ] 05
[T+159065294us][CH1-Dispenser] 06
[T+159068294us][CH2-Pc    ] 06
[T+159247323us][CH1-Dispenser] 01 61
[T+159243294us][CH2-Pc    ] 01
[T+159321294us][CH2-Pc    ] 02
[T+159330937us][CH1-Dispenser] 02 72
[T+159353293us][CH1-Dispenser] 22 D2
[T+159348295us][CH2-Pc    ] 22
[T+159367294us][CH1-Dispenser] FF
[T+159369293us][CH2-Pc    ] FF
[T+159380298us][CH1-Dispenser] E9
[T+159382372us][CH2-Pc    ] E9
[T+159394299us][CH1-Dispenser] FE
[T+159395293us][CH2-Pc    ] FE
[T+159406295us][CH1-Dispenser] E0
[T+159407293us][CH2-Pc    ] E0
[T+159418295us][CH1-Dispenser] E1
[T+159420293us][CH2-Pc    ] E1
[T+159431294us][CH1-Dispenser] E0
[T+159433293us][CH2-Pc    ] E0
[T+159444453us][CH1-Dispenser] FB
[T+159456294us][CH1-Dispenser] EE
[T+159458295us][CH2-Pc    ] FB EE
[T+159471295us][CH2-Pc    ] F0
[T+159500297us][CH1-Dispenser] F0 BA B0 B3 B2 B0 B1 B0 B0 B0 B0 B1 B1 B1 B1 B1 C1 C1 8D 8A
[T+159573294us][CH2-Pc    ] 03
[T+159580303us][CH1-Dispenser] 03 93
[T+159601295us][CH2-Pc    ] 63
[T+159611340us][CH1-Dispenser] 63 E5 E5 E5 E4 E3 E0
[T+159679294us][CH2-Pc    ] 04
[T+159685293us][CH1-Dispenser] 04 64
[T+159755294us][CH1-Dispenser] 05
[T+159757293us][CH2-Pc    ] 05
[T+159930295us][CH1-Dispenser] 06
[T+159932293us][CH2-Pc    ] 06
[T+160107295us][CH2-Pc    ] 01
[T+160114269us][CH1-Dispenser] 01 61
[T+160187293us][CH1-Dispenser] 02 72
[T+160185295us][CH2-Pc    ] 02
[T+160202295us][CH2-Pc    ] 22
[T+160207294us][CH1-Dispenser] 22 D2
[T+160222294us][CH1-Dispenser] FF
[T+160233294us][CH1-Dispenser] E9
[T+160235295us][CH2-Pc    ] FF E9
[T+160246294us][CH1-Dispenser] FE
[T+160248294us][CH2-Pc    ] FE
[T+160259294us][CH1-Dispenser] E0
[T+160261293us][CH2-Pc    ] E0
[T+160272295us][CH1-Dispenser] E1
[T+160274965us][CH2-Pc    ] E1
[T+160284294us][CH1-Dispenser] E0
[T+160286293us][CH2-Pc    ] E0
[T+160298836us][CH1-Dispenser] FB
[T+160300303us][CH2-Pc    ] FB
[T+160311308us][CH1-Dispenser] EE
[T+160313293us][CH2-Pc    ] EE
[T+160327295us][CH2-Pc    ] F0
[T+160356294us][CH1-Dispenser] F0 BA B0 B3 B2 B0 B1 B0 B0 B0 B0 B1 B1 B1 B1 B1 C1 C1 8D 8A
[T+160429294us][CH2-Pc    ] 03
[T+160437332us][CH1-Dispenser] 03 93
[T+160456294us][CH2-Pc    ] 63
[T+160468320us][CH1-Dispenser] 63 E7 E0 E0 E5 E3 E0
[T+160545293us][CH1-Dispenser] 04 64
[T+160542294us][CH2-Pc    ] 04
[T+160618294us][CH1-Dispenser] 05
[T+160620293us][CH2-Pc    ] 05
[T+160793294us][CH1-Dispenser] 06
[T+160795293us][CH2-Pc    ] 06
[T+160962295us][CH1-Dispenser] 01 61
[T+160960294us][CH2-Pc    ] 01
[T+161037298us][CH2-Pc    ] 02
[T+161043294us][CH1-Dispenser] 02 72
[T+161097293us][CH1-Dispenser] 22 D2
[T+161094295us][CH2-Pc    ] 22
[T+161113294us][CH1-Dispenser] FF
[T+161115293us][CH2-Pc    ] FF
[T+161126335us][CH1-Dispenser] E9
[T+161128295us][CH2-Pc    ] E9
[T+161139296us][CH1-Dispenser] FE
[T+161141302us][CH2-Pc    ] FE
[T+161151294us][CH1-Dispenser] E0
[T+161153294us][CH2-Pc    ] E0
[T+161164295us][CH1-Dispenser] E1
[T+161166293us][CH2-Pc    ] E1
[T+161179294us][CH1-Dispenser] E0
[T+161181293us][CH2-Pc    ] E0
[T+161191423us][CH1-Dispenser] FB
[T+161194296us][CH2-Pc    ] FB
[T+161204295us][CH1-Dispenser] EE
[T+161207295us][CH2-Pc    ] EE
[T+161219295us][CH2-Pc    ] F0
[T+161245294us][CH1-Dispenser] F0 BA B0 B3 B2 B0 B1 B0 B0 B0 B0 B1 B1 B1 B1 B1 C1 C1 8D 8A
[T+161311295us][CH2-Pc    ] 03
[T+161316911us][CH1-Dispenser] 03 93
[T+161338294us][CH2-Pc    ] 63
[T+161347294us][CH1-Dispenser] 63 E9 E5 E4 E5 E3 E0
[T+161425322us][CH1-Dispenser] 04 64
[T+161421294us][CH2-Pc    ] 04
[T+161497294us][CH1-Dispenser] 05
[T+161499293us][CH2-Pc    ] 05
[T+161677294us][CH1-Dispenser] 06
[T+161679293us][CH2-Pc    ] 06
[T+161856294us][CH2-Pc    ] 01
[T+161863990us][CH1-Dispenser] 01 61
[T+161933322us][CH1-Dispenser] 02 72
[T+161929295us][CH2-Pc    ] 02
[T+161956294us][CH2-Pc    ] 22
[T+161962293us][CH1-Dispenser] 22 D2
[T+161976295us][CH1-Dispenser] FF
[T+161978293us][CH2-Pc    ] FF
[T+161988295us][CH1-Dispenser] E9
[T+161990293us][CH2-Pc    ] E9
[T+162001294us][CH1-Dispenser] FE
[T+162003293us][CH2-Pc    ] FE
[T+162017152us][CH1-Dispenser] E0
[T+162017295us][CH2-Pc    ] E0
[T+162030297us][CH1-Dispenser] E1
[T+162031293us][CH2-Pc    ] E1
[T+162042526us][CH1-Dispenser] E0
[T+162047294us][CH2-Pc    ] E0
[T+162053295us][CH1-Dispenser] FB
[T+162055302us][CH2-Pc    ] FB
[T+162065294us][CH1-Dispenser] EE
[T+162067294us][CH2-Pc    ] EE
[T+162082294us][CH2-Pc    ] F0
[T+162108294us][CH1-Dispenser] F0 BA B0 B3 B2 B0 B1 B0 B0 B0 B0 B1 B1 B1 B1 B1 C1 C1 8D 8A
[T+162205171us][CH2-Pc    ] 03
[T+162211294us][CH1-Dispenser] 03 93
[T+162232295us][CH2-Pc    ] 63
[T+162244371us][CH1-Dispenser] 63 E3 E1 E0 E6 E3 E0
[T+162310294us][CH2-Pc    ] 04
[T+162316344us][CH1-Dispenser] 04 64
[T+162386310us][CH1-Dispenser] 05
[T+162388302us][CH2-Pc    ] 05
[T+162551294us][CH1-Dispenser] 06
[T+162553293us][CH2-Pc    ] 06
[T+162728294us][CH2-Pc    ] 01
[T+162735909us][CH1-Dispenser] 01 61
[T+162806294us][CH2-Pc    ] 02
[T+162814318us][CH1-Dispenser] 02 72
[T+162838293us][CH1-Dispenser] 22 D2
[T+162833294us][CH2-Pc    ] 22
[T+162853295us][CH1-Dispenser] FF
[T+162855293us][CH2-Pc    ] FF
[T+162875294us][CH1-Dispenser] E9
[T+162877294us][CH2-Pc    ] E9
[T+162889299us][CH1-Dispenser] FE
[T+162900295us][CH1-Dispenser] E0
[T+162902293us][CH2-Pc    ] FE E0
[T+162913294us][CH1-Dispenser] E1
[T+162915293us][CH2-Pc    ] E1
[T+162926877us][CH1-Dispenser] E0
[T+162928293us][CH2-Pc    ] E0
[T+162939301us][CH1-Dispenser] FB
[T+162941294us][CH2-Pc    ] FB
[T+162951294us][CH1-Dispenser] EE
[T+162953295us][CH2-Pc    ] EE
[T+162966295us][CH2-Pc    ] F0
[T+162996294us][CH1-Dispenser] F0 BA B0 B3 B2 B0 B1 B0 B0 B0 B0 B1 B1 B1 B1 B1 C1 C1 8D 8A
[T+163069294us][CH2-Pc    ] 03
[T+163077327us][CH1-Dispenser] 03 93
[T+163097294us][CH2-Pc    ] 63
[T+163107302us][CH1-Dispenser] 63 E4 E4 E5 E6 E3 E0
[T+163176295us][CH2-Pc    ] 04
[T+163181293us][CH1-Dispenser] 04 64
[T+163252294us][CH1-Dispenser] 05
[T+163254295us][CH2-Pc    ] 05
[T+163450294us][CH1-Dispenser] 06
[T+163452295us][CH2-Pc    ] 06
[T+163632466us][CH2-Pc    ] 01
[T+163640334us][CH1-Dispenser] 01 61
[T+163710295us][CH2-Pc    ] 02
[T+163713293us][CH1-Dispenser] 02 72
[T+163737295us][CH2-Pc    ] 22
[T+163742294us][CH1-Dispenser] 22 D2
[T+163757318us][CH1-Dispenser] FF
[T+163769294us][CH1-Dispenser] E9
[T+163771293us][CH2-Pc    ] FF E9
[T+163783295us][CH1-Dispenser] FE
[T+163784293us][CH2-Pc    ] FE
[T+163797929us][CH1-Dispenser] E0
[T+163799294us][CH2-Pc    ] E0
[T+163810298us][CH1-Dispenser] E1
[T+163812293us][CH2-Pc    ] E1
[T+163822295us][CH1-Dispenser] E0
[T+163825294us][CH2-Pc    ] E0
[T+163839294us][CH1-Dispenser] FB
[T+163841293us][CH2-Pc    ] FB
[T+163852297us][CH1-Dispenser] EE
[T+163854294us][CH2-Pc    ] EE
[T+163868294us][CH2-Pc    ] F0
[T+163895294us][CH1-Dispenser] F0 BA B0 B3 B2 B0 B1 B0 B0 B0 B0 B1 B1 B1 B1 B1 C1 C1 8D 8A
[T+163970295us][CH2-Pc    ] 03
[T+163976293us][CH1-Dispenser] 03 93
[T+163998294us][CH2-Pc    ] 63
[T+164011295us][CH1-Dispenser] 63 E7 E5 E6 E6 E3 E0
[T+164086295us][CH2-Pc    ] 04
[T+164090322us][CH1-Dispenser] 04 64
[T+164162296us][CH1-Dispenser] 05
[T+164164295us][CH2-Pc    ] 05
[T+164340294us][CH1-Dispenser] 06
[T+164342294us][CH2-Pc    ] 06
[T+164511294us][CH2-Pc    ] 01
[T+164517303us][CH1-Dispenser] 01 61
[T+164593322us][CH1-Dispenser] 02 72
[T+164589295us][CH2-Pc    ] 02
[T+164616294us][CH2-Pc    ] 22
[T+164623296us][CH1-Dispenser] 22 D2
[T+164638294us][CH1-Dispenser] FF
[T+164650294us][CH1-Dispenser] E9
[T+164652294us][CH2-Pc    ] FF E9
[T+164663298us][CH1-Dispenser] FE
[T+164665293us][CH2-Pc    ] FE
[T+164676296us][CH1-Dispenser] E0
[T+164678293us][CH2-Pc    ] E0
[T+164688295us][CH1-Dispenser] E1
[T+164690293us][CH2-Pc    ] E1
[T+164701295us][CH1-Dispenser] E0
[T+164703294us][CH2-Pc    ] E0
[T+164714890us][CH1-Dispenser] FB
[T+164716293us][CH2-Pc    ] FB
[T+164729295us][CH1-Dispenser] EE
[T+164731295us][CH2-Pc    ] EE
[T+164743295us][CH2-Pc    ] F0
[T+164771318us][CH1-Dispenser] F0 BA B0 B3 B2 B0 B1 B0 B0 B0 B0 B1 B1 B1 B1 B1 C1 C1 8D 8A
[T+164845295us][CH2-Pc    ] 03
[T+164851938us][CH1-Dispenser] 03 93
[T+164872295us][CH2-Pc    ] 63
[T+164881295us][CH1-Dispenser] 63 E5 E2 E7 E6 E3 E0
[T+164951294us][CH2-Pc    ] 04
[T+164957293us][CH1-Dispenser] 04 64
[T+165029294us][CH1-Dispenser] 05
[T+165031296us][CH2-Pc    ] 05
[T+165208295us][CH1-Dispenser] 06
[T+165210295us][CH2-Pc    ] 06
[T+165386294us][CH2-Pc    ] 01
[T+165393999us][CH1-Dispenser] 01 61
[T+165497294us][CH1-Dispenser] 02 72
[T+165494294us][CH2-Pc    ] 02
[T+165522294us][CH2-Pc    ] 22
[T+165541294us][CH1-Dispenser] 22 D2 FF
[T+165543295us][CH2-Pc    ] FF
[T+165554297us][CH1-Dispenser] E9
[T+165556301us][CH2-Pc    ] E9
[T+165575294us][CH1-Dispenser] FE
[T+165577293us][CH2-Pc    ] FE
[T+165588877us][CH1-Dispenser] E0
[T+165590293us][CH2-Pc    ] E0
[T+165601294us][CH1-Dispenser] E1
[T+165603294us][CH2-Pc    ] E1
[T+165614314us][CH1-Dispenser] E0
[T+165616297us][CH2-Pc    ] E0
[T+165628297us][CH1-Dispenser] FB
[T+165629293us][CH2-Pc    ] FB
[T+165640298us][CH1-Dispenser] EE
[T+165642293us][CH2-Pc    ] EE
[T+165654295us][CH2-Pc    ] F0
[T+165681295us][CH1-Dispenser] F0 BA B0 B3 B2 B0 B1 B0 B0 B0 B0 B1 B1 B1 B1 B1 C1 C1 8D 8A
[T+165756295us][CH2-Pc    ] 03
[T+165761293us][CH1-Dispenser] 03 93
[T+165783294us][CH2-Pc    ] 63
[T+165795320us][CH1-Dispenser] 63 E9 E5 E7 E6 E3 E0
[T+165866294us][CH1-Dispenser] 04 64
[T+165863294us][CH2-Pc    ] 04
[T+165939294us][CH1-Dispenser] 05
[T+165941293us][CH2-Pc    ] 05
[T+166115295us][CH1-Dispenser] 06
[T+166117295us][CH2-Pc    ] 06
[T+166293294us][CH2-Pc    ] 01
[T+166297322us][CH1-Dispenser] 01 61
[T+166371294us][CH2-Pc    ] 02
[T+166378293us][CH1-Dispenser] 02 72
[T+166399973us][CH2-Pc    ] 22
[T+166406294us][CH1-Dispenser] 22 D2
[T+166419322us][CH1-Dispenser] FF
[T+166432294us][CH1-Dispenser] E9
[T+166433293us][CH2-Pc    ] FF E9
[T+166444297us][CH1-Dispenser] FE
[T+166446294us][CH2-Pc    ] FE
[T+166461294us][CH1-Dispenser] E0
[T+166473294us][CH1-Dispenser] E1
[T+166475295us][CH2-Pc    ] E0 E1
[T+166485294us][CH1-Dispenser] E0
[T+166487302us][CH2-Pc    ] E0
[T+166498321us][CH1-Dispenser] FB
[T+166500294us][CH2-Pc    ] FB
[T+166511297us][CH1-Dispenser] EE
[T+166525294us][CH2-Pc    ] EE F0
[T+166551294us][CH1-Dispenser] F0 BA B0 B3 B2 B0 B1 B0 B0 B0 B0 B1 B1 B1 B1 B1 C1 C1 8D 8A
[T+166620295us][CH2-Pc    ] 03
[T+166627943us][CH1-Dispenser] 03 93
[T+166648295us][CH2-Pc    ] 63
[T+166657295us][CH1-Dispenser] 63 E7 E2 E8 E6 E3 E0
[T+166726295us][CH2-Pc    ] 04
[T+166732302us][CH1-Dispenser] 04 64
[T+166802639us][CH1-Dispenser] 05
[T+166804293us][CH2-Pc    ] 05
[T+166976295us][CH1-Dispenser] 06
[T+166979296us][CH2-Pc    ] 06
[T+167149322us][CH1-Dispenser] 01 61
[T+167145294us][CH2-Pc    ] 01
[T+167227322us][CH1-Dispenser] 02 72
[T+167223294us][CH2-Pc    ] 02
[T+167254322us][CH1-Dispenser] 22 D2
[T+167250294us][CH2-Pc    ] 22
[T+167269295us][CH1-Dispenser] FF
[T+167272294us][CH2-Pc    ] FF
[T+167283303us][CH1-Dispenser] E9
[T+167295294us][CH1-Dispenser] FE
[T+167296295us][CH2-Pc    ] E9 FE
[T+167308298us][CH1-Dispenser] E0
[T+167310295us][CH2-Pc    ] E0
[T+167320297us][CH1-Dispenser] E1
[T+167323294us][CH2-Pc    ] E1
[T+167333295us][CH1-Dispenser] E0
[T+167335293us][CH2-Pc    ] E0
[T+167346294us][CH1-Dispenser] FB
[T+167348293us][CH2-Pc    ] FB
[T+167360301us][CH1-Dispenser] EE
[T+167362301us][CH2-Pc    ] EE
[T+167375295us][CH2-Pc    ] F0
[T+167400295us][CH1-Dispenser] F0 BA B0 B3 B2 B0 B1 B0 B0 B0 B0 B1 B1 B1 B1 B1 C1 C1 8D 8A
[T+167467294us][CH2-Pc    ] 03
[T+167470293us][CH1-Dispenser] 03 93
[T+167506295us][CH2-Pc    ] 63
[T+167517298us][CH1-Dispenser] 63 E9 E4 E8 E6 E3 E0
[T+167586293us][CH1-Dispenser] 04 64
[T+167583295us][CH2-Pc    ] 04
[T+167688295us][CH1-Dispenser] 05
[T+167690293us][CH2-Pc    ] 05
[T+167863294us][CH1-Dispenser] 06
[T+167865295us][CH2-Pc    ] 06
[T+168043294us][CH1-Dispenser] 01 61
[T+168040295us][CH2-Pc    ] 01
[T+168118295us][CH2-Pc    ] 02
[T+168123293us][CH1-Dispenser] 02 72
[T+168154294us][CH1-Dispenser] 22 D2 FF
[T+168156295us][CH2-Pc    ] 22 FF
[T+168168295us][CH1-Dispenser] E9
[T+168170293us][CH2-Pc    ] E9
[T+168181294us][CH1-Dispenser] FE
[T+168183293us][CH2-Pc    ] FE
[T+168193294us][CH1-Dispenser] E0
[T+168195298us][CH2-Pc    ] E0
[T+168208294us][CH1-Dispenser] E1
[T+168210293us][CH2-Pc    ] E1
[T+168221300us][CH1-Dispenser] E0
[T+168223295us][CH2-Pc    ] E0
[T+168233332us][CH1-Dispenser] FB
[T+168235295us][CH2-Pc    ] FB
[T+168246295us][CH1-Dispenser] EE
[T+168249295us][CH2-Pc    ] EE
[T+168263294us][CH2-Pc    ] F0
[T+168290294us][CH1-Dispenser] F0 BA B0 B3 B2 B0 B1 B0 B0 B0 B0 B1 B1 B1 B1 B1 C1 C1 8D 8A
[T+168364294us][CH2-Pc    ] 03
[T+168370302us][CH1-Dispenser] 03 93
[T+168392294us][CH2-Pc    ] 63
[T+168403375us][CH1-Dispenser] 63 E8 E2 E9 E6 E3 E0
[T+168470295us][CH2-Pc    ] 04
[T+168477293us][CH1-Dispenser] 04 64
[T+168546294us][CH1-Dispenser] 05
[T+168548293us][CH2-Pc    ] 05
[T+168721295us][CH1-Dispenser] 06
[T+168723293us][CH2-Pc    ] 06
[T+168901295us][CH2-Pc    ] 01
[T+168908302us][CH1-Dispenser] 01 61
[T+168982294us][CH1-Dispenser] 02 72
[T+168980294us][CH2-Pc    ] 02
[T+169007294us][CH2-Pc    ] 22
[T+169013293us][CH1-Dispenser] 22 D2
[T+169026295us][CH1-Dispenser] FF
[T+169028293us][CH2-Pc    ] FF
[T+169039294us][CH1-Dispenser] E9
[T+169041295us][CH2-Pc    ] E9
[T+169052294us][CH1-Dispenser] FE
[T+169054295us][CH2-Pc    ] FE
[T+169064294us][CH1-Dispenser] E0
[T+169066294us][CH2-Pc    ] E0
[T+169078295us][CH1-Dispenser] E1
[T+169080293us][CH2-Pc    ] E1
[T+169091295us][CH1-Dispenser] E0
[T+169093293us][CH2-Pc    ] E0
[T+169103448us][CH1-Dispenser] FB
[T+169105293us][CH2-Pc    ] FB
[T+169116294us][CH1-Dispenser] EE
[T+169118295us][CH2-Pc    ] EE
[T+169131295us][CH2-Pc    ] F0
[T+169157294us][CH1-Dispenser] F0 BA B0 B3 B2 B0 B1 B0 B0 B0 B0 B1 B1 B1 B1 B1 C1 C1 8D 8A
[T+169225294us][CH2-Pc    ] 03
[T+169230296us][CH1-Dispenser] 03 93
[T+169250294us][CH1-Dispenser] 63
[T+169252295us][CH2-Pc    ] 63
[T+169268318us][CH1-Dispenser] E1 E5 E9 E6 E3 E0
[T+169341294us][CH2-Pc    ] 04
[T+169346293us][CH1-Dispenser] 04 64
[T+169417294us][CH1-Dispenser] 05
[T+169419294us][CH2-Pc    ] 05
[T+169581295us][CH1-Dispenser] 06
[T+169583293us][CH2-Pc    ] 06
[T+169758295us][CH2-Pc    ] 01
[T+169764294us][CH1-Dispenser] 01 61
[T+169843293us][CH1-Dispenser] 02 72
[T+169838294us][CH2-Pc    ] 02
[T+169869323us][CH1-Dispenser] 22 D2
[T+169865294us][CH2-Pc    ] 22
[T+169885294us][CH1-Dispenser] FF
[T+169887293us][CH2-Pc    ] FF
[T+169897294us][CH1-Dispenser] E9
[T+169899294us][CH2-Pc    ] E9
[T+169910294us][CH1-Dispenser] FE
[T+169912293us][CH2-Pc    ] FE
[T+169923295us][CH1-Dispenser] E0
[T+169925293us][CH2-Pc    ] E0
[T+169935296us][CH1-Dispenser] E1
[T+169938295us][CH2-Pc    ] E1
[T+169948302us][CH1-Dispenser] E0
[T+169950298us][CH2-Pc    ] E0
[T+169970294us][CH1-Dispenser] FB
[T+169972295us][CH2-Pc    ] FB
[T+169993294us][CH1-Dispenser] EE
[T+170008295us][CH2-Pc    ] EE F0
[T+170038295us][CH1-Dispenser] F0 BA B0 B3 B2 B0 B1 B0 B0 B0 B0 B1 B1 B1 B1 B1 C1 C1 8D 8A
[T+170116293us][CH1-Dispenser] 03 93
[T+170111294us][CH2-Pc    ] 03
[T+170139294us][CH2-Pc    ] 63
[T+170148876us][CH1-Dispenser] 63 E1 E4 E0 E7 E3 E0
[T+170231293us][CH1-Dispenser] 04 64
[T+170226295us][CH2-Pc    ] 04
[T+170302295us][CH1-Dispenser] 05
[T+170304293us][CH2-Pc    ] 05
[T+170477295us][CH1-Dispenser] 06
[T+170479293us][CH2-Pc    ] 06
[T+170653294us][CH2-Pc    ] 01
[T+170658891us][CH1-Dispenser] 01 61
[T+170732294us][CH2-Pc    ] 02
[T+170739294us][CH1-Dispenser] 02 72
[T+170762298us][CH1-Dispenser] 22 D2
[T+170759294us][CH2-Pc    ] 22
[T+170778295us][CH1-Dispenser] FF
[T+170780293us][CH2-Pc    ] FF
[T+170791294us][CH1-Dispenser] E9
[T+170793295us][CH2-Pc    ] E9
[T+170804294us][CH1-Dispenser] FE
[T+170806295us][CH2-Pc    ] FE
[T+170817294us][CH1-Dispenser] E0
[T+170818294us][CH2-Pc    ] E0
[T+170829295us][CH1-Dispenser] E1
[T+170831293us][CH2-Pc    ] E1
[T+170842294us][CH1-Dispenser] E0
[T+170844301us][CH2-Pc    ] E0
[T+170855294us][CH1-Dispenser] FB
[T+170856295us][CH2-Pc    ] FB
[T+170868294us][CH1-Dispenser] EE
[T+170869295us][CH2-Pc    ] EE
[T+170882367us][CH2-Pc    ] F0
[T+170910318us][CH1-Dispenser] F0 BA B0 B3 B2 B0 B1 B0 B0 B0 B0 B1 B1 B1 B1 B1 C1 C1 8D 8A
[T+170983294us][CH2-Pc    ] 03
[T+170988293us][CH1-Dispenser] 03 93
[T+171011295us][CH2-Pc    ] 63
[T+171023318us][CH1-Dispenser] 63 E7 E8 E0 E7 E3 E0
[T+171090294us][CH2-Pc    ] 04
[T+171097293us][CH1-Dispenser] 04 64
[T+171166295us][CH1-Dispenser] 05
[T+171168295us][CH2-Pc    ] 05
[T+171330294us][CH1-Dispenser] 06
[T+171332294us][CH2-Pc    ] 06
[T+171508294us][CH2-Pc    ] 01
[T+171514293us][CH1-Dispenser] 01 61
[T+171588293us][CH1-Dispenser] 02 72
[T+171586295us][CH2-Pc    ] 02
[T+171603295us][CH2-Pc    ] 22
[T+171609293us][CH1-Dispenser] 22 D2
[T+171622295us][CH1-Dispenser] FF
[T+171624295us][CH2-Pc    ] FF
[T+171637294us][CH1-Dispenser] E9
[T+171639293us][CH2-Pc    ] E9
[T+171649294us][CH1-Dispenser] FE
[T+171651293us][CH2-Pc    ] FE
[T+171662296us][CH1-Dispenser] E0
[T+171664294us][CH2-Pc    ] E0
[T+171675297us][CH1-Dispenser] E1
[T+171677295us][CH2-Pc    ] E1
[T+171688296us][CH1-Dispenser] E0
[T+171690293us][CH2-Pc    ] E0
[T+171705294us][CH1-Dispenser] FB
[T+171707294us][CH2-Pc    ] FB
[T+171718295us][CH1-Dispenser] EE
[T+171720294us][CH2-Pc    ] EE
[T+171733295us][CH2-Pc    ] F0
[T+171762294us][CH1-Dispenser] F0 BA B0 B3 B2 B0 B1 B0 B0 B0 B0 B1 B1 B1 B1 B1 C1 C1 8D 8A
[T+171835295us][CH2-Pc    ] 03
[T+171843332us][CH1-Dispenser] 03 93
[T+171862295us][CH2-Pc    ] 63
[T+171872294us][CH1-Dispenser] 63 E6 E6 E1 E7 E3 E0
[T+171940294us][CH2-Pc    ] 04
[T+171946302us][CH1-Dispenser] 04 64
[T+172018294us][CH1-Dispenser] 05
[T+172020293us][CH2-Pc    ] 05
[T+172197294us][CH1-Dispenser] 06
[T+172199295us][CH2-Pc    ] 06
[T+172368293us][CH1-Dispenser] 01 61
[T+172366295us][CH2-Pc    ] 01
[T+172434295us][CH2-Pc    ] 02
[T+172440302us][CH1-Dispenser] 02 72
[T+172461295us][CH2-Pc    ] 22
[T+172465322us][CH1-Dispenser] 22 D2
[T+172480294us][CH1-Dispenser] FF
[T+172493295us][CH1-Dispenser] E9
[T+172494293us][CH2-Pc    ] FF E9
[T+172513294us][CH1-Dispenser] FE
[T+172526296us][CH1-Dispenser] E0
[T+172527295us][CH2-Pc    ] FE E0
[T+172538294us][CH1-Dispenser] E1
[T+172540293us][CH2-Pc    ] E1
[T+172551294us][CH1-Dispenser] E0
[T+172553293us][CH2-Pc    ] E0
[T+172563294us][CH1-Dispenser] FB
[T+172577295us][CH1-Dispenser] EE
[T+172578295us][CH2-Pc    ] FB EE
[T+172591294us][CH2-Pc    ] F0
[T+172616294us][CH1-Dispenser] F0 BA B0 B3 B2 B0 B1 B0 B0 B0 B0 B1 B1 B1 B1 B1 C1 C1 8D 8A
[T+172683294us][CH2-Pc    ] 03
[T+172687324us][CH1-Dispenser] 03 93
[T+172711297us][CH2-Pc    ] 63
[T+172723320us][CH1-Dispenser] 63 E6 E5 E2 E7 E3 E0
[T+172793295us][CH2-Pc    ] 04
[T+172797323us][CH1-Dispenser] 04 64
[T+172870297us][CH1-Dispenser] 05
[T+172872295us][CH2-Pc    ] 05
[T+173033294us][CH1-Dispenser] 06
[T+173035293us][CH2-Pc    ] 06
[T+173212294us][CH2-Pc    ] 01
[T+173218293us][CH1-Dispenser] 01 61
[T+173290295us][CH2-Pc    ] 02
[T+173294322us][CH1-Dispenser] 02 72
[T+173317294us][CH2-Pc    ] 22
[T+173325141us][CH1-Dispenser] 22 D2
[T+173337294us][CH1-Dispenser] FF
[T+173339295us][CH2-Pc    ] FF
[T+173349543us][CH1-Dispenser] E9
[T+173352296us][CH2-Pc    ] E9
[T+173371294us][CH1-Dispenser] FE
[T+173373295us][CH2-Pc    ] FE
[T+173384300us][CH1-Dispenser] E0
[T+173386295us][CH2-Pc    ] E0
[T+173396370us][CH1-Dispenser] E1
[T+173398294us][CH2-Pc    ] E1
[T+173409294us][CH1-Dispenser] E0
[T+173411293us][CH2-Pc    ] E0
[T+173423295us][CH1-Dispenser] FB
[T+173425293us][CH2-Pc    ] FB
[T+173435294us][CH1-Dispenser] EE
[T+173437293us][CH2-Pc    ] EE
[T+173450295us][CH2-Pc    ] F0
[T+173476294us][CH1-Dispenser] F0 BA B0 B3 B2 B0 B1 B0 B0 B0 B0 B1 B1 B1 B1 B1 C1 C1 8D 8A
[T+173544294us][CH2-Pc    ] 03
[T+173550293us][CH1-Dispenser] 03 93
[T+173571295us][CH2-Pc    ] 63
[T+173584295us][CH1-Dispenser] 63 E6 E5 E2 E7 E3 E0
[T+173651294us][CH2-Pc    ] 04
[T+173655324us][CH1-Dispenser] 04 64
[T+173730295us][CH1-Dispenser] 05
[T+173732295us][CH2-Pc    ] 05
[T+173893295us][CH1-Dispenser] 06
[T+173895295us][CH2-Pc    ] 06
[T+174071295us][CH2-Pc    ] 01
[T+174076294us][CH1-Dispenser] 01 61
[T+174149294us][CH2-Pc    ] 02
[T+174155302us][CH1-Dispenser] 02 72
[T+174177294us][CH2-Pc    ] 22
[T+174184293us][CH1-Dispenser] 22 D2
[T+174196297us][CH1-Dispenser] FF
[T+174209294us][CH1-Dispenser] E9
[T+174210293us][CH2-Pc    ] FF E9
[T+174222294us][CH1-Dispenser] FE
[T+174223294us][CH2-Pc    ] FE
[T+174234302us][CH1-Dispenser] E0
[T+174247295us][CH1-Dispenser] E1
[T+174249293us][CH2-Pc    ] E0 E1
[T+174260294us][CH1-Dispenser] E0
[T+174262293us][CH2-Pc    ] E0
[T+174272294us][CH1-Dispenser] FB
[T+174274294us][CH2-Pc    ] FB
[T+174285294us][CH1-Dispenser] EE
[T+174287389us][CH2-Pc    ] EE
[T+174300299us][CH2-Pc    ] F0
[T+174326294us][CH1-Dispenser] F0 BA B0 B3 B2 B0 B1 B0 B0 B0 B0 B1 B1 B1 B1 B1 C1 C1 8D 8A
[T+174416293us][CH1-Dispenser] 03 93
[T+174413295us][CH2-Pc    ] 03
[T+174440295us][CH2-Pc    ] 63
[T+174454294us][CH1-Dispenser] 63 E6 E5 E2 E7 E3 E0
[T+174529295us][CH2-Pc    ] 04
[T+174535920us][CH1-Dispenser] 04 64
[T+174605295us][CH1-Dispenser] 05
[T+174607293us][CH2-Pc    ] 05
[T+174773294us][CH1-Dispenser] 06
[T+174776294us][CH2-Pc    ] 06
[T+174945294us][CH2-Pc    ] 01
[T+174950293us][CH1-Dispenser] 01 61
[T+175026295us][CH2-Pc    ] 02
[T+175029293us][CH1-Dispenser] 02 72
[T+175054294us][CH2-Pc    ] 22
[T+175060293us][CH1-Dispenser] 22 D2
[T+175073294us][CH1-Dispenser] FF
[T+175075294us][CH2-Pc    ] FF
[T+175087299us][CH1-Dispenser] E9
[T+175088293us][CH2-Pc    ] E9
[T+175098295us][CH1-Dispenser] FE
[T+175101294us][CH2-Pc    ] FE
[T+175111295us][CH1-Dispenser] E0
[T+175113293us][CH2-Pc    ] E0
[T+175124294us][CH1-Dispenser] E1
[T+175126293us][CH2-Pc    ] E1
[T+175139297us][CH1-Dispenser] E0
[T+175141293us][CH2-Pc    ] E0
[T+175151294us][CH1-Dispenser] FB
[T+175153293us][CH2-Pc    ] FB
[T+175164294us][CH1-Dispenser] EE
[T+175166293us][CH2-Pc    ] EE
[T+175179295us][CH2-Pc    ] F0
[T+175206294us][CH1-Dispenser] F0 BA B0 B3 B2 B0 B1 B0 B0 B0 B0 B1 B1 B1 B1 B1 C1 C1 8D 8A
[T+175280295us][CH2-Pc    ] 03
[T+175287302us][CH1-Dispenser] 03 93
[T+175308295us][CH2-Pc    ] 63
[T+175319009us][CH1-Dispenser] 63 E9 E7 E2 E7 E3 E0
[T+175398294us][CH2-Pc    ] 04
[T+175403293us][CH1-Dispenser] 04 64
[T+175475294us][CH1-Dispenser] 05
[T+175478296us][CH2-Pc    ] 05
[T+175652294us][CH1-Dispenser] 06
[T+175654293us][CH2-Pc    ] 06
[T+175842294us][CH2-Pc    ] 01
[T+175849293us][CH1-Dispenser] 01 61
[T+175928294us][CH2-Pc    ] 02
[T+175936330us][CH1-Dispenser] 02 72
[T+175955294us][CH2-Pc    ] 22
[T+175959324us][CH1-Dispenser] 22 D2
[T+175975318us][CH1-Dispenser] FF
[T+175987294us][CH1-Dispenser] E9
[T+175989296us][CH2-Pc    ] FF E9
[T+176000294us][CH1-Dispenser] FE
[T+176002295us][CH2-Pc    ] FE
[T+176012294us][CH1-Dispenser] E0
[T+176014295us][CH2-Pc    ] E0
[T+176025294us][CH1-Dispenser] E1
[T+176027295us][CH2-Pc    ] E1
[T+176038294us][CH1-Dispenser] E0
[T+176040293us][CH2-Pc    ] E0
[T+176050294us][CH1-Dispenser] FB
[T+176053294us][CH2-Pc    ] FB
[T+176063296us][CH1-Dispenser] EE
[T+176065293us][CH2-Pc    ] EE
[T+176078295us][CH2-Pc    ] F0
[T+176106320us][CH1-Dispenser] F0 BA B0 B3 B2 B0 B1 B0 B0 B0 B0 B1 B1 B1 B1 B1 C1 C1 8D 8A
[T+176180294us][CH2-Pc    ] 03
[T+176187294us][CH1-Dispenser] 03 93
[T+176207294us][CH2-Pc    ] 63
[T+176218298us][CH1-Dispenser] 63 E4 E2 E3 E7 E3 E0
[T+176286295us][CH2-Pc    ] 04
[T+176292906us][CH1-Dispenser] 04 64
[T+176362294us][CH1-Dispenser] 05
[T+176364293us][CH2-Pc    ] 05
[T+176537294us][CH1-Dispenser] 06
[T+176539293us][CH2-Pc    ] 06
[T+176707295us][CH2-Pc    ] 01
[T+176714303us][CH1-Dispenser] 01 61
[T+176785294us][CH2-Pc    ] 02
[T+176790903us][CH1-Dispenser] 02 72
[T+176812294us][CH2-Pc    ] 22
[T+176818302us][CH1-Dispenser] 22 D2
[T+176835294us][CH1-Dispenser] FF
[T+176847295us][CH1-Dispenser] E9
[T+176849295us][CH2-Pc    ] FF E9
[T+176861296us][CH1-Dispenser] FE
[T+176863293us][CH2-Pc    ] FE
[T+176874294us][CH1-Dispenser] E0
[T+176876293us][CH2-Pc    ] E0
[T+176889297us][CH1-Dispenser] E1
[T+176891293us][CH2-Pc    ] E1
[T+176901294us][CH1-Dispenser] E0
[T+176903295us][CH2-Pc    ] E0
[T+176920294us][CH1-Dispenser] FB
[T+176922293us][CH2-Pc    ] FB
[T+176932295us][CH1-Dispenser] EE
[T+176935295us][CH2-Pc    ] EE
[T+176948294us][CH2-Pc    ] F0
[T+176977294us][CH1-Dispenser] F0 BA B0 B3 B2 B0 B1 B0 B0 B0 B0 B1 B1 B1 B1 B1 C1 C1 8D 8A
[T+177056293us][CH1-Dispenser] 03 93
[T+177051294us][CH2-Pc    ] 03
[T+177080295us][CH2-Pc    ] 63
[T+177092330us][CH1-Dispenser] 63 E8 E5 E3 E7 E3 E0
[T+177159295us][CH2-Pc    ] 04
[T+177162294us][CH1-Dispenser] 04 64
[T+177236295us][CH1-Dispenser] 05
[T+177238295us][CH2-Pc    ] 05
[T+177411294us][CH1-Dispenser] 06
[T+177413294us][CH2-Pc    ] 06
[T+177593293us][CH1-Dispenser] 01 61
[T+177588295us][CH2-Pc    ] 01
[T+177669293us][CH1-Dispenser] 02 72
[T+177666294us][CH2-Pc    ] 02
[T+177693295us][CH2-Pc    ] 22
[T+177699293us][CH1-Dispenser] 22 D2
[T+177713294us][CH1-Dispenser] FF
[T+177715293us][CH2-Pc    ] FF
[T+177725342us][CH1-Dispenser] E9
[T+177729294us][CH2-Pc    ] E9
[T+177738334us][CH1-Dispenser] FE
[T+177742294us][CH2-Pc    ] FE
[T+177751302us][CH1-Dispenser] E0
[T+177753298us][CH2-Pc    ] E0
[T+177763297us][CH1-Dispenser] E1
[T+177766301us][CH2-Pc    ] E1
[T+177776383us][CH1-Dispenser] E0
[T+177778295us][CH2-Pc    ] E0
[T+177791295us][CH1-Dispenser] FB
[T+177793293us][CH2-Pc    ] FB
[T+177803882us][CH1-Dispenser] EE
[T+177805293us][CH2-Pc    ] EE
[T+177818295us][CH2-Pc    ] F0
[T+177847295us][CH1-Dispenser] F0 BA B0 B3 B2 B0 B1 B0 B0 B0 B0 B1 B1 B1 B1 B1 C1 C1 8D 8A
[T+177913295us][CH2-Pc    ] 03
[T+177916293us][CH1-Dispenser] 03 93
[T+177931295us][CH2-Pc    ] 63
[T+177943320us][CH1-Dispenser] 63 E8 E5 E3 E7 E3 E0
[T+178012295us][CH2-Pc    ] 04
[T+178019900us][CH1-Dispenser] 04 64
[T+178088295us][CH1-Dispenser] 05
[T+178090294us][CH2-Pc    ] 05
[T+178255295us][CH1-Dispenser] 06
[T+178257293us][CH2-Pc    ] 06
[T+178431294us][CH2-Pc    ] 01
[T+178435324us][CH1-Dispenser] 01 61
[T+178514322us][CH1-Dispenser] 02 72
[T+178510295us][CH2-Pc    ] 02
[T+178537294us][CH2-Pc    ] 22
[T+178556294us][CH1-Dispenser] 22 D2 FF
[T+178558295us][CH2-Pc    ] FF
[T+178569297us][CH1-Dispenser] E9
[T+178571294us][CH2-Pc    ] E9
[T+178582808us][CH1-Dispenser] FE
[T+178584293us][CH2-Pc    ] FE
[T+178595018us][CH1-Dispenser] E0
[T+178596294us][CH2-Pc    ] E0
[T+178607294us][CH1-Dispenser] E1
[T+178609294us][CH2-Pc    ] E1
[T+178620385us][CH1-Dispenser] E0
[T+178622314us][CH2-Pc    ] E0
[T+178632476us][CH1-Dispenser] FB
[T+178635302us][CH2-Pc    ] FB
[T+178645294us][CH1-Dispenser] EE
[T+178647293us][CH2-Pc    ] EE
[T+178660295us][CH2-Pc    ] F0
[T+178687294us][CH1-Dispenser] F0 BA B0 B3 B2 B0 B1 B0 B0 B0 B0 B1 B1 B1 B1 B1 C1 C1 8D 8A
[T+178762295us][CH2-Pc    ] 03
[T+178769769us][CH1-Dispenser] 03 93
[T+178789294us][CH2-Pc    ] 63
[T+178798294us][CH1-Dispenser] 63 E0 E8 E3 E7 E3 E0
[T+178871294us][CH2-Pc    ] 04
[T+178877303us][CH1-Dispenser] 04 64
[T+178948294us][CH1-Dispenser] 05
[T+178950295us][CH2-Pc    ] 05
[T+179115294us][CH1-Dispenser] 06
[T+179117293us][CH2-Pc    ] 06
[T+179292295us][CH2-Pc    ] 01
[T+179299867us][CH1-Dispenser] 01 61
[T+179373294us][CH1-Dispenser] 02 72
[T+179370294us][CH2-Pc    ] 02
[T+179395295us][CH1-Dispenser] 22
[T+179397293us][CH2-Pc    ] 22
[T+179419294us][CH1-Dispenser] D2 FF
[T+179431294us][CH1-Dispenser] E9
[T+179433294us][CH2-Pc    ] FF E9
[T+179444296us][CH1-Dispenser] FE
[T+179446293us][CH2-Pc    ] FE
[T+179457295us][CH1-Dispenser] E0
[T+179459293us][CH2-Pc    ] E0
[T+179470295us][CH1-Dispenser] E1
[T+179482294us][CH1-Dispenser] E0
[T+179484295us][CH2-Pc    ] E1 E0
[T+179495297us][CH1-Dispenser] FB
[T+179497299us][CH2-Pc    ] FB
[T+179508295us][CH1-Dispenser] EE
[T+179510294us][CH2-Pc    ] EE
[T+179522295us][CH2-Pc    ] F0
[T+179552294us][CH1-Dispenser] F0 BA B0 B3 B2 B0 B1 B0 B0 B0 B0 B1 B1 B1 B1 B1 C1 C1 8D 8A
[T+179630295us][CH2-Pc    ] 03
[T+179636302us][CH1-Dispenser] 03 93
[T+179658294us][CH2-Pc    ] 63
[T+179668302us][CH1-Dispenser] 63 E4 E1 E4 E7 E3 E0
[T+179737295us][CH2-Pc    ] 04
[T+179743294us][CH1-Dispenser] 04 64
[T+179813294us][CH1-Dispenser] 05
[T+179815294us][CH2-Pc    ] 05
[T+179995294us][CH1-Dispenser] 06
[T+179997294us][CH2-Pc    ] 06
[T+180173295us][CH1-Dispenser] 01 61
[T+180172294us][CH2-Pc    ] 01
[T+180328322us][CH1-Dispenser] 02 72
[T+180324294us][CH2-Pc    ] 02
[T+180369294us][CH2-Pc    ] 22
[T+180375294us][CH1-Dispenser] 22 D2
[T+180387295us][CH1-Dispenser] FF
[T+180389295us][CH2-Pc    ] FF
[T+180400294us][CH1-Dispenser] E9
[T+180402293us][CH2-Pc    ] E9
[T+180413297us][CH1-Dispenser] FE
[T+180415293us][CH2-Pc    ] FE
[T+180425295us][CH1-Dispenser] E0
[T+180427293us][CH2-Pc    ] E0
[T+180438297us][CH1-Dispenser] E1
[T+180440295us][CH2-Pc    ] E1
[T+180451295us][CH1-Dispenser] E0
[T+180453295us][CH2-Pc    ] E0
[T+180464294us][CH1-Dispenser] FB
[T+180466293us][CH2-Pc    ] FB
[T+180476294us][CH1-Dispenser] EE
[T+180478293us][CH2-Pc    ] EE
[T+180491295us][CH2-Pc    ] F0
[T+180517294us][CH1-Dispenser] F0 BA B0 B3 B2 B0 B1 B0 B0 B0 B0 B1 B1 B1 B1 B1 C1 C1 8D 8A
[T+180587294us][CH2-Pc    ] 03
[T+180592895us][CH1-Dispenser] 03 93
[T+180614297us][CH2-Pc    ] 63
[T+180622325us][CH1-Dispenser] 63 E3 E9 E4 E7 E3 E0
[T+180696323us][CH1-Dispenser] 04 64
[T+180692294us][CH2-Pc    ] 04
[T+180768294us][CH1-Dispenser] 05
[T+180770293us][CH2-Pc    ] 05
[T+180940294us][CH1-Dispenser] 06
[T+180942293us][CH2-Pc    ] 06
[T+181118294us][CH2-Pc    ] 01
[T+181125293us][CH1-Dispenser] 01 61
[T+181199293us][CH1-Dispenser] 02 72
[T+181196294us][CH2-Pc    ] 02
[T+181223295us][CH2-Pc    ] 22
[T+181229293us][CH1-Dispenser] 22 D2
[T+181243294us][CH1-Dispenser] FF
[T+181245295us][CH2-Pc    ] FF
[T+181262294us][CH1-Dispenser] E9
[T+181274298us][CH1-Dispenser] FE
[T+181275294us][CH2-Pc    ] E9 FE
[T+181287295us][CH1-Dispenser] E0
[T+181289293us][CH2-Pc    ] E0
[T+181301318us][CH1-Dispenser] E1
[T+181313294us][CH1-Dispenser] E0
[T+181315293us][CH2-Pc    ] E1 E0
[T+181326294us][CH1-Dispenser] FB
[T+181328295us][CH2-Pc    ] FB
[T+181339300us][CH1-Dispenser] EE
[T+181341295us][CH2-Pc    ] EE
[T+181351407us][CH1-Dispenser] F0
[T+181353295us][CH2-Pc    ] F0
[T+181384295us][CH1-Dispenser] BA B0 B3 B2 B0 B1 B0 B0 B0 B0 B1 B1 B1 B1 B1 C1 C1 8D 8A
[T+181455294us][CH2-Pc    ] 03
[T+181462294us][CH1-Dispenser] 03 93
[T+181496294us][CH2-Pc    ] 63
[T+181508327us][CH1-Dispenser] 63 E3 E9 E4 E7 E3 E0
[T+181576294us][CH1-Dispenser] 04 64
[T+181574294us][CH2-Pc    ] 04
[T+181650294us][CH1-Dispenser] 05
[T+181652295us][CH2-Pc    ] 05
[T+181814294us][CH1-Dispenser] 06
[T+181816293us][CH2-Pc    ] 06
[T+181992294us][CH2-Pc    ] 01
[T+181998294us][CH1-Dispenser] 01 61
[T+182070295us][CH2-Pc    ] 02
[T+182074322us][CH1-Dispenser] 02 72
[T+182097294us][CH2-Pc    ] 22
[T+182105926us][CH1-Dispenser] 22 D2
[T+182117294us][CH1-Dispenser] FF
[T+182119293us][CH2-Pc    ] FF
[T+182129431us][CH1-Dispenser] E9
[T+182132494us][CH2-Pc    ] E9
[T+182143298us][CH1-Dispenser] FE
[T+182145295us][CH2-Pc    ] FE
[T+182166294us][CH1-Dispenser] E0
[T+182168293us][CH2-Pc    ] E0
[T+182187294us][CH1-Dispenser] E1
[T+182189293us][CH2-Pc    ] E1
[T+182200302us][CH1-Dispenser] E0
[T+182212294us][CH1-Dispenser] FB
[T+182214294us][CH2-Pc    ] E0 FB
[T+182225294us][CH1-Dispenser] EE
[T+182227294us][CH2-Pc    ] EE
[T+182241295us][CH2-Pc    ] F0
[T+182267295us][CH1-Dispenser] F0 BA B0 B3 B2 B0 B1 B0 B0 B0 B0 B1 B1 B1 B1 B1 C1 C1 8D 8A
[T+182387295us][CH2-Pc    ] 03
[T+182393294us][CH1-Dispenser] 03 93
[T+182414295us][CH2-Pc    ] 63
[T+182424299us][CH1-Dispenser] 63 E5 E0 E5 E7 E3 E0
[T+182493295us][CH2-Pc    ] 04
[T+182499059us][CH1-Dispenser] 04 64
[T+182569295us][CH1-Dispenser] 05
[T+182571293us][CH2-Pc    ] 05
[T+182744294us][CH1-Dispenser] 06
[T+182746295us][CH2-Pc    ] 06
[T+182914322us][CH1-Dispenser] 01 61
[T+182910294us][CH2-Pc    ] 01
[T+182989295us][CH2-Pc    ] 02
[T+182995294us][CH1-Dispenser] 02 72
[T+183016295us][CH2-Pc    ] 22
[T+183020322us][CH1-Dispenser] 22 D2
[T+183036294us][CH1-Dispenser] FF
[T+183038293us][CH2-Pc    ] FF
[T+183049294us][CH1-Dispenser] E9
[T+183051294us][CH2-Pc    ] E9
[T+183062295us][CH1-Dispenser] FE
[T+183064294us][CH2-Pc    ] FE
[T+183075298us][CH1-Dispenser] E0
[T+183077302us][CH2-Pc    ] E0
[T+183088297us][CH1-Dispenser] E1
[T+183090295us][CH2-Pc    ] E1
[T+183101298us][CH1-Dispenser] E0
[T+183102293us][CH2-Pc    ] E0
[T+183113297us][CH1-Dispenser] FB
[T+183115294us][CH2-Pc    ] FB
[T+183134146us][CH1-Dispenser] EE
[T+183135293us][CH2-Pc    ] EE
[T+183149296us][CH2-Pc    ] F0
[T+183177318us][CH1-Dispenser] F0 BA B0 B3 B2 B0 B1 B0 B0 B0 B0 B1 B1 B1 B1 B1 C1 C1 8D 8A
[T+183252295us][CH2-Pc    ] 03
[T+183260332us][CH1-Dispenser] 03 93
[T+183279294us][CH2-Pc    ] 63
[T+183289295us][CH1-Dispenser] 63 E5 E0 E5 E7 E3 E0
[T+183362329us][CH1-Dispenser] 04 64
[T+183358295us][CH2-Pc    ] 04
[T+183434294us][CH1-Dispenser] 05
[T+183436293us][CH2-Pc    ] 05
[T+183621294us][CH1-Dispenser] 06
[T+183623293us][CH2-Pc    ] 06
[T+183789295us][CH2-Pc    ] 01
[T+183795293us][CH1-Dispenser] 01 61
[T+183869294us][CH1-Dispenser] 02 72
[T+183867294us][CH2-Pc    ] 02
[T+183884295us][CH2-Pc    ] 22
[T+183889293us][CH1-Dispenser] 22 D2
[T+183903295us][CH1-Dispenser] FF
[T+183905293us][CH2-Pc    ] FF
[T+183917294us][CH1-Dispenser] E9
[T+183918293us][CH2-Pc    ] E9
[T+183928302us][CH1-Dispenser] FE
[T+183930298us][CH2-Pc    ] FE
[T+183941320us][CH1-Dispenser] E0
[T+183954295us][CH1-Dispenser] E1
[T+183956293us][CH2-Pc    ] E0 E1
[T+183966294us][CH1-Dispenser] E0
[T+183968294us][CH2-Pc    ] E0
[T+183980298us][CH1-Dispenser] FB
[T+183981294us][CH2-Pc    ] FB
[T+183992298us][CH1-Dispenser] EE
[T+183994295us][CH2-Pc    ] EE
[T+184007296us][CH2-Pc    ] F0
[T+184031318us][CH1-Dispenser] F0 BA B0 B3 B2 B0 B1 B0 B0 B0 B0 B1 B1 B1 B1 B1 C1 C1 8D 8A
[T+184051323us][CH1-Dispenser] 22 D2
[T+184047294us][CH2-Pc    ] 22
[T+184066294us][CH1-Dispenser] FF
[T+184068295us][CH2-Pc    ] FF
[T+184088294us][CH1-Dispenser] E5
[T+184090293us][CH2-Pc    ] E5
[T+184109294us][CH1-Dispenser] F4
[T+184111294us][CH2-Pc    ] F4
[T+184122295us][CH1-Dispenser] F6
[T+184124295us][CH2-Pc    ] F6
[T+184134294us][CH1-Dispenser] E0
[T+184136294us][CH2-Pc    ] E0
[T+184147294us][CH1-Dispenser] F7
[T+184149293us][CH2-Pc    ] F7
[T+184168294us][CH1-Dispenser] E0
[T+184171294us][CH2-Pc    ] E0
[T+184187294us][CH1-Dispenser] E3
[T+184189293us][CH2-Pc    ] E3
[T+184200295us][CH1-Dispenser] E1
[T+184202293us][CH2-Pc    ] E1
[T+184225294us][CH1-Dispenser] E1
[T+184227294us][CH2-Pc    ] E1
[T+184238302us][CH1-Dispenser] FB
[T+184240293us][CH2-Pc    ] FB
[T+184251302us][CH1-Dispenser] EB
[T+184253294us][CH2-Pc    ] EB
[T+184263295us][CH1-Dispenser] F0
[T+184265293us][CH2-Pc    ] F0
[T+184354294us][CH2-Pc    ] 02
[T+184359293us][CH1-Dispenser] 02 72
[T+184382385us][CH2-Pc    ] 22
[T+184386329us][CH1-Dispenser] 22 D2
[T+184401294us][CH1-Dispenser] FF
[T+184414294us][CH1-Dispenser] E5
[T+184415295us][CH2-Pc    ] FF E5
[T+184426294us][CH1-Dispenser] F2
[T+184428294us][CH2-Pc    ] F2
[T+184439294us][CH1-Dispenser] F8
[T+184441293us][CH2-Pc    ] F8
[T+184452295us][CH1-Dispenser] E0
[T+184454293us][CH2-Pc    ] E0
[T+184464295us][CH1-Dispenser] E0
[T+184466301us][CH2-Pc    ] E0
[T+184477294us][CH1-Dispenser] E6
[T+184479293us][CH2-Pc    ] E6
[T+184490295us][CH1-Dispenser] E2
[T+184492293us][CH2-Pc    ] E2
[T+184502295us][CH1-Dispenser] E2
[T+184505294us][CH2-Pc    ] E2
[T+184515297us][CH1-Dispenser] E0
[T+184518294us][CH2-Pc    ] E0
[T+184530300us][CH1-Dispenser] FB
[T+184532295us][CH2-Pc    ] FB
[T+184543297us][CH1-Dispenser] ED
[T+184545293us][CH2-Pc    ] ED
[T+184564295us][CH1-Dispenser] F0
[T+184566294us][CH2-Pc    ] F0
[T+184664294us][CH2-Pc    ] 02
[T+184669293us][CH1-Dispenser] 02 72
[T+184689294us][CH1-Dispenser] 12
[T+184691295us][CH2-Pc    ] 12
[T+184778294us][CH2-Pc    ] 02
[T+184784293us][CH1-Dispenser] 02 92
[T+184856295us][CH2-Pc    ] 03
[T+184862294us][CH1-Dispenser] 03 93
[T+184884295us][CH2-Pc    ] 63
[T+184895298us][CH1-Dispenser] 63 E2 E5 E6 E7 E3 E0
[T+184967322us][CH1-Dispenser] 04 64
[T+184963294us][CH2-Pc    ] 04
[T+185032296us][CH1-Dispenser] 05
[T+185034293us][CH2-Pc    ] 05
[T+185207294us][CH1-Dispenser] 06
[T+185209295us][CH2-Pc    ] 06
[T+185388294us][CH2-Pc    ] 01
[T+185393929us][CH1-Dispenser] 01 61
[T+185469294us][CH1-Dispenser] 02 92
[T+185466294us][CH2-Pc    ] 02
[T+186035294us][CH2-Pc    ] 03
[T+186041294us][CH1-Dispenser] 03 93
[T+186062295us][CH2-Pc    ] 63
[T+186074319us][CH1-Dispenser] 63 E7 E9 E6 E7 E3 E0
[T+186141294us][CH2-Pc    ] 04
[T+186150294us][CH1-Dispenser] 04 64
[T+186221295us][CH1-Dispenser] 05
[T+186224294us][CH2-Pc    ] 05
[T+186397294us][CH1-Dispenser] 06
[T+186399295us][CH2-Pc    ] 06
[T+186579293us][CH1-Dispenser] 01 61
[T+186576294us][CH2-Pc    ] 01
[T+186654295us][CH2-Pc    ] 02
[T+186660940us][CH1-Dispenser] 02 92
[T+186681295us][CH2-Pc    ] 62
[T+186691294us][CH1-Dispenser] 62 E0 E0 E0 E0 E0 E0
[T+186761294us][CH2-Pc    ] 03
[T+186768294us][CH1-Dispenser] 03 93
[T+186788294us][CH2-Pc    ] 63
[T+186799299us][CH1-Dispenser] 63 E9 E1 E7 E7 E3 E0
[T+186866294us][CH2-Pc    ] 04
[T+186875953us][CH1-Dispenser] 04 64
[T+186942294us][CH1-Dispenser] 05
[T+186944294us][CH2-Pc    ] 05
[T+187117294us][CH1-Dispenser] 06
[T+187119293us][CH2-Pc    ] 06
[T+187294295us][CH2-Pc    ] 01
[T+187302331us][CH1-Dispenser] 01 61
[T+187374293us][CH1-Dispenser] 02 92
[T+187372294us][CH2-Pc    ] 02
[T+187397295us][CH1-Dispenser] 62
[T+187399295us][CH2-Pc    ] 62
[T+187414294us][CH1-Dispenser] E0 E0 E0 E0 E0 E0
[T+187493293us][CH1-Dispenser] 03 93
[T+187488294us][CH2-Pc    ] 03
[T+187515294us][CH2-Pc    ] 63
[T+187529295us][CH1-Dispenser] 63 E7 E8 E7 E7 E3 E0
[T+187624294us][CH2-Pc    ] 04
[T+187629293us][CH1-Dispenser] 04 64
[T+187700295us][CH1-Dispenser] 05
[T+187702294us][CH2-Pc    ] 05
[T+187885296us][CH1-Dispenser] 06
[T+187887293us][CH2-Pc    ] 06
[T+188053295us][CH2-Pc    ] 01
[T+188059906us][CH1-Dispenser] 01 61
[T+188131295us][CH2-Pc    ] 02
[T+188135322us][CH1-Dispenser] 02 92
[T+188159295us][CH2-Pc    ] 62
[T+188171318us][CH1-Dispenser] 62 E0 E0 E0 E0 E0 E0
[T+188238294us][CH2-Pc    ] 03
[T+188242322us][CH1-Dispenser] 03 93
[T+188263294us][CH1-Dispenser] 63
[T+188265295us][CH2-Pc    ] 63
[T+188281294us][CH1-Dispenser] E0 E1 E8 E7 E3 E0
[T+188354295us][CH2-Pc    ] 04
[T+188357293us][CH1-Dispenser] 04 64
[T+188430294us][CH1-Dispenser] 05
[T+188432295us][CH2-Pc    ] 05
[T+188606294us][CH1-Dispenser] 06
[T+188608293us][CH2-Pc    ] 06
[T+188794294us][CH2-Pc    ] 01
[T+188802318us][CH1-Dispenser] 01 61
[T+188874294us][CH1-Dispenser] 02 92
[T+188872294us][CH2-Pc    ] 02
[T+188897297us][CH1-Dispenser] 62
[T+188899293us][CH2-Pc    ] 62
[T+188914294us][CH1-Dispenser] E1 E7 E2 E0 E0 E0
[T+188988294us][CH2-Pc    ] 03
[T+188993293us][CH1-Dispenser] 03 93
[T+189015294us][CH2-Pc    ] 63
[T+189028294us][CH1-Dispenser] 63 E8 E7 E8 E7 E3 E0
[T+189103295us][CH2-Pc    ] 04
[T+189109888us][CH1-Dispenser] 04 64
[T+189179294us][CH1-Dispenser] 05
[T+189181293us][CH2-Pc    ] 05
[T+189354295us][CH1-Dispenser] 06
[T+189356293us][CH2-Pc    ] 06
[T+189520295us][CH2-Pc    ] 01
[T+189529295us][CH1-Dispenser] 01 61
[T+189598295us][CH2-Pc    ] 02
[T+189606327us][CH1-Dispenser] 02 92
[T+189626294us][CH2-Pc    ] 62
[T+189636302us][CH1-Dispenser] 62 E0 E5 E3 E0 E0 E0
[T+189704294us][CH2-Pc    ] 03
[T+189711296us][CH1-Dispenser] 03 93
[T+189731294us][CH2-Pc    ] 63
[T+189744295us][CH1-Dispenser] 63 E9 E8 E8 E7 E3 E0
[T+189822293us][CH1-Dispenser] 04 64
[T+189820295us][CH2-Pc    ] 04
[T+189885294us][CH1-Dispenser] 05
[T+189887294us][CH2-Pc    ] 05
[T+190051294us][CH1-Dispenser] 06
[T+190053299us][CH2-Pc    ] 06
[T+190228295us][CH2-Pc    ] 01
[T+190234302us][CH1-Dispenser] 01 61
[T+190310322us][CH1-Dispenser] 02 92
[T+190306295us][CH2-Pc    ] 02
[T+190334535us][CH2-Pc    ] 62
[T+190346328us][CH1-Dispenser] 62 E9 E8 E6 E0 E0 E0
[T+190412295us][CH2-Pc    ] 03
[T+190418294us][CH1-Dispenser] 03 93
[T+190439295us][CH2-Pc    ] 63
[T+190449294us][CH1-Dispenser] 63 E3 E2 E9 E7 E3 E0
[T+190518295us][CH2-Pc    ] 04
[T+190521293us][CH1-Dispenser] 04 64
[T+190594295us][CH1-Dispenser] 05
[T+190596295us][CH2-Pc    ] 05
[T+190769294us][CH1-Dispenser] 06
[T+190771294us][CH2-Pc    ] 06
[T+190950322us][CH1-Dispenser] 01 61
[T+190946295us][CH2-Pc    ] 01
[T+191024294us][CH2-Pc    ] 02
[T+191029293us][CH1-Dispenser] 02 92
[T+191051294us][CH2-Pc    ] 62
[T+191062551us][CH1-Dispenser] 62 E5 E8 E0 E1 E0 E0
[T+191132440us][CH1-Dispenser] 03 93
[T+191129294us][CH2-Pc    ] 03
[T+191157295us][CH2-Pc    ] 63
[T+191170294us][CH1-Dispenser] 63 E5 E4 E9 E7 E3 E0
[T+191252293us][CH1-Dispenser] 04 64
[T+191247295us][CH2-Pc    ] 04
[T+191323294us][CH1-Dispenser] 05
[T+191325293us][CH2-Pc    ] 05
[T+191487294us][CH1-Dispenser] 06
[T+191489294us][CH2-Pc    ] 06
[T+191664295us][CH2-Pc    ] 01
[T+191671293us][CH1-Dispenser] 01 61
[T+191745293us][CH1-Dispenser] 02 92
[T+191742294us][CH2-Pc    ] 02
[T+191776295us][CH2-Pc    ] 62
[T+191787295us][CH1-Dispenser] 62 E3 E0 E5 E1 E0 E0
[T+191854294us][CH2-Pc    ] 03
[T+191857293us][CH1-Dispenser] 03 93
[T+191892294us][CH2-Pc    ] 63
[T+191904329us][CH1-Dispenser] 63 E8 E6 E9 E7 E3 E0
[T+191973293us][CH1-Dispenser] 04 64
[T+191970295us][CH2-Pc    ] 04
[T+192046294us][CH1-Dispenser] 05
[T+192048293us][CH2-Pc    ] 05
[T+192221294us][CH1-Dispenser] 06
[T+192223295us][CH2-Pc    ] 06
[T+192396294us][CH1-Dispenser] 01
[T+192398295us][CH2-Pc    ] 01
[T+192409302us][CH1-Dispenser] 61
[T+192479293us][CH1-Dispenser] 02 92
[T+192476294us][CH2-Pc    ] 02
[T+192503295us][CH2-Pc    ] 62
[T+192517294us][CH1-Dispenser] 62 E4 E4 E9 E1 E0 E0
[T+192593294us][CH2-Pc    ] 03
[T+192598907us][CH1-Dispenser] 03 93
[T+192622295us][CH2-Pc    ] 63
[T+192635295us][CH1-Dispenser] 63 E9 E7 E9 E7 E3 E0
[T+192712294us][CH2-Pc    ] 04
[T+192720327us][CH1-Dispenser] 04 64
[T+192787294us][CH1-Dispenser] 05
[T+192790294us][CH2-Pc    ] 05
[T+192963296us][CH1-Dispenser] 06
[T+192965293us][CH2-Pc    ] 06
[T+193129295us][CH2-Pc    ] 01
[T+193134294us][CH1-Dispenser] 01 61
[T+193208294us][CH2-Pc    ] 02
[T+193215293us][CH1-Dispenser] 02 92
[T+193235294us][CH2-Pc    ] 62
[T+193246302us][CH1-Dispenser] 62 E4 E8 E3 E2 E0 E0
[T+193314294us][CH2-Pc    ] 03
[T+193318322us][CH1-Dispenser] 03 93
[T+193341294us][CH2-Pc    ] 63
[T+193354295us][CH1-Dispenser] 63 E9 E7 E9 E7 E3 E0
[T+193422294us][CH2-Pc    ] 04
[T+193428293us][CH1-Dispenser] 04 64
[T+193497297us][CH1-Dispenser] 05
[T+193500296us][CH2-Pc    ] 05
[T+193678294us][CH1-Dispenser] 06
[T+193680295us][CH2-Pc    ] 06
[T+193855295us][CH2-Pc    ] 01
[T+193861293us][CH1-Dispenser] 01 61
[T+193933295us][CH2-Pc    ] 02
[T+193940293us][CH1-Dispenser] 02 92
[T+193960294us][CH2-Pc    ] 62
[T+193971302us][CH1-Dispenser] 62 E5 E2 E8 E2 E0 E0
[T+194040295us][CH2-Pc    ] 03
[T+194045294us][CH1-Dispenser] 03 93
[T+194087295us][CH2-Pc    ] 63
[T+194099318us][CH1-Dispenser] 63 E1 E9 E9 E7 E3 E0
[T+194165294us][CH1-Dispenser] 04
[T+194167293us][CH2-Pc    ] 04
[T+194177302us][CH1-Dispenser] 64
[T+194243294us][CH1-Dispenser] 05
[T+194245293us][CH2-Pc    ] 05
[T+194417295us][CH1-Dispenser] 06
[T+194419296us][CH2-Pc    ] 06
[T+194582294us][CH1-Dispenser] 01
[T+194584293us][CH2-Pc    ] 01
[T+194593976us][CH1-Dispenser] 61
[T+194665293us][CH1-Dispenser] 02 92
[T+194662295us][CH2-Pc    ] 02
[T+194689295us][CH2-Pc    ] 62
[T+194701318us][CH1-Dispenser] 62 E1 E1 E3 E3 E0 E0
[T+194779295us][CH2-Pc    ] 03
[T+194782293us][CH1-Dispenser] 03 93
[T+194805294us][CH2-Pc    ] 63
[T+194815294us][CH1-Dispenser] 63 E1 E9 E9 E7 E3 E0
[T+194887293us][CH1-Dispenser] 04 64
[T+194885294us][CH2-Pc    ] 04
[T+194951294us][CH1-Dispenser] 05
[T+194953293us][CH2-Pc    ] 05
[T+195136295us][CH1-Dispenser] 06
[T+195138293us][CH2-Pc    ] 06
[T+195305294us][CH1-Dispenser] 01 61
[T+195302294us][CH2-Pc    ] 01
[T+195384322us][CH1-Dispenser] 02 92
[T+195380295us][CH2-Pc    ] 02
[T+195408295us][CH2-Pc    ] 62
[T+195421296us][CH1-Dispenser] 62 E2 E5 E7 E3 E0 E0
[T+195498294us][CH2-Pc    ] 03
[T+195505422us][CH1-Dispenser] 03 93
[T+195525294us][CH2-Pc    ] 63
[T+195534294us][CH1-Dispenser] 63 E1 E9 E9 E7 E3 E0
[T+195604294us][CH2-Pc    ] 04
[T+195609293us][CH1-Dispenser] 04 64
[T+195680294us][CH1-Dispenser] 05
[T+195682293us][CH2-Pc    ] 05
[T+195845295us][CH1-Dispenser] 06
[T+195847293us][CH2-Pc    ] 06
[T+196028295us][CH2-Pc    ] 01
[T+196036932us][CH1-Dispenser] 01 61
[T+196106294us][CH2-Pc    ] 02
[T+196111910us][CH1-Dispenser] 02 92
[T+196133294us][CH2-Pc    ] 62
[T+196148295us][CH1-Dispenser] 62 E6 E2 E2 E4 E0 E0
[T+196224295us][CH2-Pc    ] 03
[T+196228323us][CH1-Dispenser] 03 93
[T+196251295us][CH2-Pc    ] 63
[T+196261294us][CH1-Dispenser] 63 E1 E9 E9 E7 E3 E0
[T+196348294us][CH1-Dispenser] 04 64
[T+196345295us][CH2-Pc    ] 04
[T+196412294us][CH1-Dispenser] 05
[T+196414293us][CH2-Pc    ] 05
[T+196586294us][CH1-Dispenser] 06
[T+196588294us][CH2-Pc    ] 06
[T+196763295us][CH2-Pc    ] 01
[T+196771318us][CH1-Dispenser] 01 61
[T+196845322us][CH1-Dispenser] 02 92
[T+196841294us][CH2-Pc    ] 02
[T+196869295us][CH2-Pc    ] 62
[T+196882364us][CH1-Dispenser] 62 E6 E4 E7 E4 E0 E0
[T+196957295us][CH2-Pc    ] 03
[T+196964867us][CH1-Dispenser] 03 93
[T+196985295us][CH2-Pc    ] 63
[T+196995294us][CH1-Dispenser] 63 E1 E9 E9 E7 E3 E0
[T+197063294us][CH2-Pc    ] 04
[T+197067322us][CH1-Dispenser] 04 64
[T+197139295us][CH1-Dispenser] 05
[T+197141293us][CH2-Pc    ] 05
[T+197314294us][CH1-Dispenser] 06
[T+197316294us][CH2-Pc    ] 06
[T+197494293us][CH1-Dispenser] 01 61
[T+197492294us][CH2-Pc    ] 01
[T+197570294us][CH2-Pc    ] 02
[T+197575293us][CH1-Dispenser] 02 92
[T+197597294us][CH2-Pc    ] 62
[T+197607298us][CH1-Dispenser] 62 E1 E2 E2 E5 E0 E0
[T+197676295us][CH2-Pc    ] 03
[T+197682302us][CH1-Dispenser] 03 93
[T+197704294us][CH2-Pc    ] 63
[T+197714719us][CH1-Dispenser] 63 E1 E9 E9 E7 E3 E0
[T+197782294us][CH2-Pc    ] 04
[T+197789293us][CH1-Dispenser] 04 64
[T+197858295us][CH1-Dispenser] 05
[T+197860295us][CH2-Pc    ] 05
[T+198032294us][CH1-Dispenser] 06
[T+198035295us][CH2-Pc    ] 06
[T+198210294us][CH2-Pc    ] 01
[T+198216294us][CH1-Dispenser] 01 61
[T+198288295us][CH2-Pc    ] 02
[T+198295302us][CH1-Dispenser] 02 92
[T+198316295us][CH2-Pc    ] 62
[T+198328318us][CH1-Dispenser] 62 E8 E1 E7 E5 E0 E0
[T+198398293us][CH1-Dispenser] 03 93
[T+198395294us][CH2-Pc    ] 03
[T+198422295us][CH2-Pc    ] 63
[T+198434761us][CH1-Dispenser] 63 E1 E9 E9 E7 E3 E0
[T+198503293us][CH1-Dispenser] 04 64
[T+198500296us][CH2-Pc    ] 04
[T+198567294us][CH1-Dispenser] 05
[T+198569294us][CH2-Pc    ] 05
[T+198743294us][CH1-Dispenser] 06
[T+198745293us][CH2-Pc    ] 06
[T+198920295us][CH2-Pc    ] 01
[T+198924331us][CH1-Dispenser] 01 61
[T+198997294us][CH2-Pc    ] 02
[T+199000293us][CH1-Dispenser] 02 92
[T+199025294us][CH2-Pc    ] 62
[T+199037330us][CH1-Dispenser] 62 E8 E3 E2 E6 E0 E0
[T+199103295us][CH2-Pc    ] 03
[T+199108293us][CH1-Dispenser] 03 93
[T+199130294us][CH2-Pc    ] 63
[T+199143295us][CH1-Dispenser] 63 E1 E9 E9 E7 E3 E0
[T+199209295us][CH2-Pc    ] 04
[T+199213322us][CH1-Dispenser] 04 64
[T+199285294us][CH1-Dispenser] 05
[T+199287293us][CH2-Pc    ] 05
[T+199485294us][CH1-Dispenser] 06
[T+199487293us][CH2-Pc    ] 06
[T+199662295us][CH2-Pc    ] 01
[T+199666322us][CH1-Dispenser] 01 61
[T+199745331us][CH1-Dispenser] 02 92
[T+199741295us][CH2-Pc    ] 02
[T+199768294us][CH2-Pc    ] 62
[T+199782295us][CH1-Dispenser] 62 E0 E8 E7 E6 E0 E0
[T+199857295us][CH2-Pc    ] 03
[T+199864908us][CH1-Dispenser] 03 93
[T+199884294us][CH2-Pc    ] 63
[T+199895298us][CH1-Dispenser] 63 E1 E9 E9 E7 E3 E0
[T+199962295us][CH2-Pc    ] 04
[T+199969302us][CH1-Dispenser] 04 64
[T+200038294us][CH1-Dispenser] 05
[T+200040293us][CH2-Pc    ] 05
[T+200204294us][CH1-Dispenser] 06
[T+200207295us][CH2-Pc    ] 06
[T+200385322us][CH1-Dispenser] 01 61
[T+200381295us][CH2-Pc    ] 01
[T+200460299us][CH2-Pc    ] 02
[T+200464324us][CH1-Dispenser] 02 92
[T+200487294us][CH2-Pc    ] 62
[T+200497299us][CH1-Dispenser] 62 E9 E8 E2 E7 E0 E0
[T+200587295us][CH2-Pc    ] 03
[T+200594293us][CH1-Dispenser] 03 93
[T+200615295us][CH2-Pc    ] 63
[T+200623926us][CH1-Dispenser] 63 E1 E9 E9 E7 E3 E0
[T+200695294us][CH2-Pc    ] 04
[T+200697293us][CH1-Dispenser] 04 64
[T+200771294us][CH1-Dispenser] 05
[T+200773293us][CH2-Pc    ] 05
[T+200944296us][CH1-Dispenser] 06
[T+200946293us][CH2-Pc    ] 06
[T+201121295us][CH2-Pc    ] 01
[T+201125322us][CH1-Dispenser] 01 61
[T+201199295us][CH2-Pc    ] 02
[T+201206302us][CH1-Dispenser] 02 92
[T+201226295us][CH2-Pc    ] 62
[T+201237295us][CH1-Dispenser] 62 E0 E2 E8 E7 E0 E0
[T+201304294us][CH2-Pc    ] 03
[T+201309942us][CH1-Dispenser] 03 93
[T+201331294us][CH2-Pc    ] 63
[T+201345294us][CH1-Dispenser] 63 E1 E9 E9 E7 E3 E0
[T+201421294us][CH2-Pc    ] 04
[T+201428927us][CH1-Dispenser] 04 64
[T+201497295us][CH1-Dispenser] 05
[T+201499294us][CH2-Pc    ] 05
[T+201683294us][CH1-Dispenser] 06
[T+201685295us][CH2-Pc    ] 06
[T+201855293us][CH1-Dispenser] 01 61
[T+201850294us][CH2-Pc    ] 01
[T+201932322us][CH1-Dispenser] 02 92
[T+201928294us][CH2-Pc    ] 02
[T+201955294us][CH2-Pc    ] 62
[T+201967318us][CH1-Dispenser] 62 E3 E7 E3 E8 E0 E0
[T+202034295us][CH2-Pc    ] 03
[T+202039294us][CH1-Dispenser] 03 93
[T+202061295us][CH2-Pc    ] 63
[T+202070294us][CH1-Dispenser] 63 E1 E9 E9 E7 E3 E0
[T+202139295us][CH2-Pc    ] 04
[T+202144928us][CH1-Dispenser] 04 64
[T+202215295us][CH1-Dispenser] 05
[T+202217293us][CH2-Pc    ] 05
[T+202401294us][CH1-Dispenser] 06
[T+202403295us][CH2-Pc    ] 06
[T+202571293us][CH1-Dispenser] 01 61
[T+202568294us][CH2-Pc    ] 01
[T+202646297us][CH2-Pc    ] 02
[T+202650322us][CH1-Dispenser] 02 92
[T+202673294us][CH2-Pc    ] 62
[T+202681929us][CH1-Dispenser] 62 E2 E8 E8 E8 E0 E0
[T+202752295us][CH2-Pc    ] 03
[T+202760815us][CH1-Dispenser] 03 B3
[T+203338294us][CH2-Pc    ] 04
[T+203344294us][CH1-Dispenser] 04 64
[T+203414294us][CH1-Dispenser] 05
[T+203416294us][CH2-Pc    ] 05
[T+203589295us][CH1-Dispenser] 06
[T+203591293us][CH2-Pc    ] 06
[T+203755294us][CH2-Pc    ] 01
[T+203761293us][CH1-Dispenser] 01 61
[T+203834295us][CH2-Pc    ] 02
[T+203842806us][CH1-Dispenser] 02 92
[T+203861295us][CH2-Pc    ] 62
[T+203871294us][CH1-Dispenser] 62 E2 E5 E7 E9 E0 E0
[T+203959294us][CH2-Pc    ] 03
[T+203964931us][CH1-Dispenser] 03 63
[T+204537295us][CH2-Pc    ] 04
[T+204544293us][CH1-Dispenser] 04 64
[T+204613295us][CH1-Dispenser] 05
[T+204615293us][CH2-Pc    ] 05
[T+204788295us][CH1-Dispenser] 06
[T+204790293us][CH2-Pc    ] 06
[T+204970325us][CH1-Dispenser] 01 61
[T+204966294us][CH2-Pc    ] 01
[T+205045295us][CH2-Pc    ] 02
[T+205051909us][CH1-Dispenser] 02 92
[T+205072295us][CH2-Pc    ] 62
[T+205082295us][CH1-Dispenser] 62 E6 E5 E6 E0 E1 E0
[T+205150294us][CH2-Pc    ] 03
[T+205153293us][CH1-Dispenser] 03 63
[T+205175294us][CH1-Dispenser] 43
[T+205177293us][CH2-Pc    ] 43
[T+205226294us][CH1-Dispenser] FF F1 F8 EB E2 E0 E0 E0 F6 E0 F4 F7 E0 E3 E1 E1 F9 E0 E2 E6 E3 E3 E0 FA E1 E9 E9 E7 E3 E0 FB EC F0
[T+205247294us][CH1-Dispenser] 53
[T+205249295us][CH2-Pc    ] 53
[T+205388294us][CH1-Dispenser] FF F6 E0 F9 E2 E6 E7 E2 E1 E1 E1 E4 FA E2 E5 E1 E4 E5 E1 E9 E7 F4 E0 E3 E1 E1 F5 E0 E0 E0 E0 F6 E1 F9 E3 E7 E6 E2 E3 E5 E0 E4 FA E9 E5 E5 E5 E9 E0 E3 E4 F4 E0 E0 E1 E1 F5 E0 E0 E0 E0 F6 E2 F9 E6 E5 E8 E1 E8 E9 E5 E5 FA E6 E5 E5 E5 E3 E0 E7 E0 F4 E0 E3 E4 E1 F5 E0 E0 E0 E0 FB E0 F0
[T+205462294us][CH2-Pc    ] 04
[T+205471295us][CH1-Dispenser] 04 64
[T+205538294us][CH1-Dispenser] 05
[T+205540293us][CH2-Pc    ] 05
[T+205713295us][CH1-Dispenser] 06
[T+205715295us][CH2-Pc    ] 06
[T+205879294us][CH2-Pc    ] 01
[T+205886294us][CH1-Dispenser] 01 61
[T+205960293us][CH1-Dispenser] 02 92
[T+205957294us][CH2-Pc    ] 02
[T+205985295us][CH2-Pc    ] 62
[T+205997319us][CH1-Dispenser] 62 E3 E2 E3 E1 E1 E0
[T+206069293us][CH1-Dispenser] 03 63
[T+206064294us][CH2-Pc    ] 03
[T+206091294us][CH2-Pc    ] 43
[T+206136294us][CH1-Dispenser] 43 FF F1 F8 EB E2 E0 E0 E0 F6 E0 F4 F7 E0 E3 E1 E1 F9 E0 E2 E6 E3 E3 E0 FA E1 E9 E9 E7 E3 E0 FB EC F0
[T+206150294us][CH1-Dispenser] 53
[T+206153294us][CH2-Pc    ] 53
[T+206284294us][CH1-Dispenser] FF F6 E0 F9 E2 E6 E7 E2 E1 E1 E1 E4 FA E2 E5 E1 E4 E5 E1 E9 E7 F4 E0 E3 E1 E1 F5 E0 E0 E0 E0 F6 E1 F9 E3 E7 E6 E2 E3 E5 E0 E4 FA E9 E5 E5 E5 E9 E0 E3 E4 F4 E0 E0 E1 E1 F5 E0 E0 E0 E0 F6 E2 F9 E6 E5 E8 E1 E8 E9 E5 E5 FA E6 E5 E5 E5 E3 E0 E7 E0 F4 E0 E3 E4 E1 F5 E0 E0 E0 E0 FB E0 F0
[T+206579294us][CH2-Pc    ] 04
[T+206583322us][CH1-Dispenser] 04 64
[T+206654294us][CH1-Dispenser] 05
[T+206657294us][CH2-Pc    ] 05
[T+206829294us][CH1-Dispenser] 06
[T+206831293us][CH2-Pc    ] 06
[T+207006294us][CH2-Pc    ] 01
[T+207011293us][CH1-Dispenser] 01 61
[T+207084294us][CH2-Pc    ] 02
[T+207090294us][CH1-Dispenser] 02 92
[T+207112295us][CH2-Pc    ] 62
[T+207121294us][CH1-Dispenser] 62 E6 E3 E1 E2 E1 E0
[T+207190295us][CH2-Pc    ] 03
[T+207196303us][CH1-Dispenser] 03 63
[T+207273293us][CH1-Dispenser] 04 64
[T+207268295us][CH2-Pc    ] 04
[T+207344295us][CH1-Dispenser] 05
[T+207346293us][CH2-Pc    ] 05
[T+207523294us][CH1-Dispenser] 06
[T+207525294us][CH2-Pc    ] 06
[T+207701294us][CH2-Pc    ] 01
[T+207705322us][CH1-Dispenser] 01 61
[T+207781293us][CH1-Dispenser] 02 92
[T+207779295us][CH2-Pc    ] 02
[T+207804294us][CH1-Dispenser] 62
[T+207806295us][CH2-Pc    ] 62
[T+207821294us][CH1-Dispenser] E5 E4 E6 E2 E1 E0
[T+207895295us][CH2-Pc    ] 03
[T+207898293us][CH1-Dispenser] 03 63
[T+207973295us][CH2-Pc    ] 04
[T+207978929us][CH1-Dispenser] 04 64
[T+208049296us][CH1-Dispenser] 05
[T+208051293us][CH2-Pc    ] 05
[T+208226295us][CH1-Dispenser] 06
[T+208228293us][CH2-Pc    ] 06
[T+208394295us][CH2-Pc    ] 01
[T+208402332us][CH1-Dispenser] 01 61
[T+208475294us][CH1-Dispenser] 02 92
[T+208472294us][CH2-Pc    ] 02
[T+208490295us][CH2-Pc    ] 62
[T+208503295us][CH1-Dispenser] 62 E5 E6 E1 E3 E1 E0
[T+208590295us][CH2-Pc    ] 03
[T+208594322us][CH1-Dispenser] 03 63
[T+208673293us][CH1-Dispenser] 04 64
[T+208670294us][CH2-Pc    ] 04
[T+208754294us][CH1-Dispenser] 05
[T+208756296us][CH2-Pc    ] 05
[T+208933296us][CH1-Dispenser] 06
[T+208935294us][CH2-Pc    ] 06
[T+209099294us][CH2-Pc    ] 01
[T+209105293us][CH1-Dispenser] 01 61
[T+209195295us][CH2-Pc    ] 02
[T+209200948us][CH1-Dispenser] 02 92
[T+209223294us][CH2-Pc    ] 62
[T+209233366us][CH1-Dispenser] 62 E4 E8 E6 E3 E1 E0
[T+209313295us][CH2-Pc    ] 03
[T+209318294us][CH1-Dispenser] 03 63
[T+209392294us][CH2-Pc    ] 04
[T+209399293us][CH1-Dispenser] 04 64
[T+209470294us][CH1-Dispenser] 05
[T+209472296us][CH2-Pc    ] 05
[T+209667294us][CH1-Dispenser] 06
[T+209669293us][CH2-Pc    ] 06
[T+209837295us][CH2-Pc    ] 01
[T+209841322us][CH1-Dispenser] 01 61
[T+209915294us][CH2-Pc    ] 02
[T+209922853us][CH1-Dispenser] 02 92
[T+209943295us][CH2-Pc    ] 62
[T+209953302us][CH1-Dispenser] 62 E5 E1 E2 E4 E1 E0
[T+210025322us][CH1-Dispenser] 03 63
[T+210021294us][CH2-Pc    ] 03
[T+210099294us][CH2-Pc    ] 04
[T+210104293us][CH1-Dispenser] 04 64
[T+210175294us][CH1-Dispenser] 05
[T+210177293us][CH2-Pc    ] 05
[T+210345296us][CH1-Dispenser] 06
[T+210347293us][CH2-Pc    ] 06
[T+210523294us][CH2-Pc    ] 01
[T+210526293us][CH1-Dispenser] 01 61
[T+210605322us][CH1-Dispenser] 02 92
[T+210601296us][CH2-Pc    ] 02
[T+210628294us][CH2-Pc    ] 62
[T+210638302us][CH1-Dispenser] 62 E3 E1 E7 E4 E1 E0
[T+210707295us][CH2-Pc    ] 03
[T+210713294us][CH1-Dispenser] 03 63
[T+210787294us][CH2-Pc    ] 04
[T+210796900us][CH1-Dispenser] 04 64
[T+210864295us][CH1-Dispenser] 05
[T+210866293us][CH2-Pc    ] 05
[T+211040294us][CH1-Dispenser] 06
[T+211042293us][CH2-Pc    ] 06
[T+211219294us][CH2-Pc    ] 01
[T+211227954us][CH1-Dispenser] 01 61
[T+211297294us][CH2-Pc    ] 02
[T+211301323us][CH1-Dispenser] 02 92
[T+211324294us][CH2-Pc    ] 62
[T+211338294us][CH1-Dispenser] 62 E1 E2 E2 E5 E1 E0
[T+211408322us][CH1-Dispenser] 03 63
[T+211404295us][CH2-Pc    ] 03
[T+211483295us][CH2-Pc    ] 04
[T+211489294us][CH1-Dispenser] 04 64
[T+211559295us][CH1-Dispenser] 05
[T+211561294us][CH2-Pc    ] 05
[T+211744294us][CH1-Dispenser] 06
[T+211746293us][CH2-Pc    ] 06
[T+211911294us][CH2-Pc    ] 01
[T+211916927us][CH1-Dispenser] 01 61
[T+211990293us][CH1-Dispenser] 02 92
[T+211989294us][CH2-Pc    ] 02
[T+212005299us][CH2-Pc    ] 62
[T+212018294us][CH1-Dispenser] 62 E0 E3 E7 E5 E1 E0
[T+212096295us][CH2-Pc    ] 03
[T+212100322us][CH1-Dispenser] 03 63
[T+212175295us][CH2-Pc    ] 04
[T+212180294us][CH1-Dispenser] 04 64
[T+212251294us][CH1-Dispenser] 05
[T+212253293us][CH2-Pc    ] 05
[T+212426294us][CH1-Dispenser] 06
[T+212428293us][CH2-Pc    ] 06
[T+212602294us][CH2-Pc    ] 01
[T+212605293us][CH1-Dispenser] 01 61
[T+212680295us][CH2-Pc    ] 02
[T+212688318us][CH1-Dispenser] 02 92
[T+212707294us][CH2-Pc    ] 62
[T+212717302us][CH1-Dispenser] 62 E1 E6 E2 E6 E1 E0
[T+212789322us][CH1-Dispenser] 03 63
[T+212785294us][CH2-Pc    ] 03
[T+212863294us][CH2-Pc    ] 04
[T+212868293us][CH1-Dispenser] 04 64
[T+212940294us][CH1-Dispenser] 05
[T+212942293us][CH2-Pc    ] 05
[T+213114294us][CH1-Dispenser] 06
[T+213116293us][CH2-Pc    ] 06
[T+213291295us][CH2-Pc    ] 01
[T+213296921us][CH1-Dispenser] 01 61
[T+213369294us][CH2-Pc    ] 02
[T+213377318us][CH1-Dispenser] 02 92
[T+213397294us][CH2-Pc    ] 62
[T+213408294us][CH1-Dispenser] 62 E7 E4 E7 E6 E1 E0
[T+213475294us][CH2-Pc    ] 03
[T+213479322us][CH1-Dispenser] 03 63
[T+213554295us][CH2-Pc    ] 04
[T+213558323us][CH1-Dispenser] 04 64
[T+213630295us][CH1-Dispenser] 05
[T+213632432us][CH2-Pc    ] 05
[T+213805295us][CH1-Dispenser] 06
[T+213807294us][CH2-Pc    ] 06
[T+213982295us][CH2-Pc    ] 01
[T+213987293us][CH1-Dispenser] 01 61
[T+214060294us][CH2-Pc    ] 02
[T+214068334us][CH1-Dispenser] 02 92
[T+214087294us][CH2-Pc    ] 62
[T+214097294us][CH1-Dispenser] 62 E6 E6 E2 E7 E1 E0
[T+214165295us][CH2-Pc    ] 03
[T+214169322us][CH1-Dispenser] 03 63
[T+214243294us][CH2-Pc    ] 04
[T+214250318us][CH1-Dispenser] 04 64
[T+214326294us][CH1-Dispenser] 05
[T+214328293us][CH2-Pc    ] 05
[T+214502294us][CH1-Dispenser] 06
[T+214504293us][CH2-Pc    ] 06
[T+214679294us][CH2-Pc    ] 01
[T+214681293us][CH1-Dispenser] 01 61
[T+214746294us][CH2-Pc    ] 02
[T+214751941us][CH1-Dispenser] 02 92
[T+214774294us][CH2-Pc    ] 62
[T+214784302us][CH1-Dispenser] 62 E2 E5 E7 E7 E1 E0
[T+214859295us][CH2-Pc    ] 03
[T+214864294us][CH1-Dispenser] 03 63
[T+214938295us][CH1-Dispenser] 04 64
[T+214937294us][CH2-Pc    ] 04
[T+215002435us][CH1-Dispenser] 05
[T+215004293us][CH2-Pc    ] 05
[T+215177294us][CH1-Dispenser] 06
[T+215179295us][CH2-Pc    ] 06
[T+215355295us][CH2-Pc    ] 01
[T+215361293us][CH1-Dispenser] 01 61
[T+215433295us][CH2-Pc    ] 02
[T+215437322us][CH1-Dispenser] 02 92
[T+215460294us][CH2-Pc    ] 62
[T+215473301us][CH1-Dispenser] 62 E2 E7 E2 E8 E1 E0
[T+215555293us][CH1-Dispenser] 03 63
[T+215550294us][CH2-Pc    ] 03
[T+215628294us][CH2-Pc    ] 04
[T+215636944us][CH1-Dispenser] 04 64
[T+215704294us][CH1-Dispenser] 05
[T+215706295us][CH2-Pc    ] 05
[T+215885295us][CH1-Dispenser] 06
[T+215887293us][CH2-Pc    ] 06
[T+216051295us][CH2-Pc    ] 01
[T+216057933us][CH1-Dispenser] 01 61
[T+216129295us][CH2-Pc    ] 02
[T+216131293us][CH1-Dispenser] 02 92
[T+216146295us][CH2-Pc    ] 62
[T+216157294us][CH1-Dispenser] 62 E8 E5 E7 E8 E1 E0
[T+216228323us][CH1-Dispenser] 03 63
[T+216224294us][CH2-Pc    ] 03
[T+216304294us][CH1-Dispenser] 04 64
[T+216302294us][CH2-Pc    ] 04
[T+216367294us][CH1-Dispenser] 05
[T+216369293us][CH2-Pc    ] 05
[T+216542294us][CH1-Dispenser] 06
[T+216544293us][CH2-Pc    ] 06
[T+216712322us][CH1-Dispenser] 01 61
[T+216708294us][CH2-Pc    ] 01
[T+216786294us][CH2-Pc    ] 02
[T+216791293us][CH1-Dispenser] 02 92
[T+216814295us][CH2-Pc    ] 62
[T+216822849us][CH1-Dispenser] 62 E7 E6 E2 E9 E1 E0
[T+216896295us][CH2-Pc    ] 03
[T+216899293us][CH1-Dispenser] 03 63
[T+216974295us][CH2-Pc    ] 04
[T+216980303us][CH1-Dispenser] 04 64
[T+217050295us][CH1-Dispenser] 05
[T+217052296us][CH2-Pc    ] 05
[T+217224294us][CH1-Dispenser] 06
[T+217227296us][CH2-Pc    ] 06
[T+217402294us][CH2-Pc    ] 01
[T+217408293us][CH1-Dispenser] 01 61
[T+217478294us][CH1-Dispenser] 02
[T+217480293us][CH2-Pc    ] 02
[T+217489295us][CH1-Dispenser] 92
[T+217507295us][CH2-Pc    ] 62
[T+217518299us][CH1-Dispenser] 62 E2 E5 E7 E9 E1 E0
[T+217586295us][CH2-Pc    ] 03
[T+217591294us][CH1-Dispenser] 03 63
[T+217664294us][CH2-Pc    ] 04
[T+217670303us][CH1-Dispenser] 04 64
[T+217740295us][CH1-Dispenser] 05
[T+217742295us][CH2-Pc    ] 05
[T+217915295us][CH1-Dispenser] 06
[T+217917294us][CH2-Pc    ] 06
[T+218081294us][CH2-Pc    ] 01
[T+218088293us][CH1-Dispenser] 01 61
[T+218162294us][CH1-Dispenser] 02 92
[T+218159315us][CH2-Pc    ] 02
[T+218176297us][CH2-Pc    ] 62
[T+218187298us][CH1-Dispenser] 62 E7 E2 E2 E0 E2 E0
[T+218254294us][CH2-Pc    ] 03
[T+218263399us][CH1-Dispenser] 03 63
[T+218332295us][CH2-Pc    ] 04
[T+218338882us][CH1-Dispenser] 04 64
[T+218408294us][CH1-Dispenser] 05
[T+218410295us][CH2-Pc    ] 05
[T+218583295us][CH1-Dispenser] 06
[T+218585293us][CH2-Pc    ] 06
[T+218760295us][CH2-Pc    ] 01
[T+218766302us][CH1-Dispenser] 01 61
[T+218841294us][CH1-Dispenser] 02 92
[T+218838295us][CH2-Pc    ] 02
[T+218865295us][CH2-Pc    ] 62
[T+218878294us][CH1-Dispenser] 62 E8 E5 E7 E0 E2 E0
[T+218949294us][CH2-Pc    ] 03
[T+218955293us][CH1-Dispenser] 03 63
[T+219034294us][CH2-Pc    ] 04
[T+219039934us][CH1-Dispenser] 04 64
[T+219112294us][CH1-Dispenser] 05
[T+219114293us][CH2-Pc    ] 05
[T+219287295us][CH1-Dispenser] 06
[T+219289293us][CH2-Pc    ] 06
[T+219464295us][CH2-Pc    ] 01
[T+219467293us][CH1-Dispenser] 01 61
[T+219543294us][CH2-Pc    ] 02
[T+219547322us][CH1-Dispenser] 02 92
[T+219567294us][CH1-Dispenser] 62
[T+219569295us][CH2-Pc    ] 62
[T+219585318us][CH1-Dispenser] E9 E8 E2 E1 E2 E0
[T+219659294us][CH2-Pc    ] 03
[T+219665293us][CH1-Dispenser] 03 63
[T+219737295us][CH2-Pc    ] 04
[T+219744293us][CH1-Dispenser] 04 64
[T+219813416us][CH1-Dispenser] 05
[T+219815296us][CH2-Pc    ] 05
[T+219988294us][CH1-Dispenser] 06
[T+219990295us][CH2-Pc    ] 06
[T+220165294us][CH2-Pc    ] 01
[T+220171294us][CH1-Dispenser] 01 61
[T+220243295us][CH2-Pc    ] 02
[T+220246293us][CH1-Dispenser] 02 92
[T+220270295us][CH2-Pc    ] 62
[T+220283294us][CH1-Dispenser] 62 E9 E0 E8 E1 E2 E0
[T+220350294us][CH2-Pc    ] 03
[T+220355295us][CH1-Dispenser] 03 63
[T+220428298us][CH2-Pc    ] 04
[T+220434293us][CH1-Dispenser] 04 64
[T+220504294us][CH1-Dispenser] 05
[T+220506293us][CH2-Pc    ] 05
[T+220678294us][CH1-Dispenser] 06
[T+220681294us][CH2-Pc    ] 06
[T+220853295us][CH1-Dispenser] 01
[T+220855293us][CH2-Pc    ] 01
[T+220865294us][CH1-Dispenser] 61
[T+220934295us][CH2-Pc    ] 02
[T+220937293us][CH1-Dispenser] 02 92
[T+220961295us][CH2-Pc    ] 62
[T+220973319us][CH1-Dispenser] 62 E2 E7 E2 E2 E2 E0
[T+221040294us][CH2-Pc    ] 03
[T+221045940us][CH1-Dispenser] 03 63
[T+221116295us][CH1-Dispenser] 04
[T+221118293us][CH2-Pc    ] 04
[T+221128301us][CH1-Dispenser] 64
[T+221195295us][CH1-Dispenser] 05
[T+221197293us][CH2-Pc    ] 05
[T+221369294us][CH1-Dispenser] 06
[T+221371294us][CH2-Pc    ] 06
[T+221535294us][CH2-Pc    ] 01
[T+221541302us][CH1-Dispenser] 01 61
[T+221617322us][CH1-Dispenser] 02 92
[T+221613295us][CH2-Pc    ] 02
[T+221641295us][CH2-Pc    ] 62
[T+221653331us][CH1-Dispenser] 62 E5 E9 E2 E2 E2 E0
[T+221729294us][CH2-Pc    ] 03
[T+221735294us][CH1-Dispenser] 03 63
[T+221808294us][CH2-Pc    ] 04
[T+221814302us][CH1-Dispenser] 04 64
[T+221884295us][CH1-Dispenser] 05
[T+221886293us][CH2-Pc    ] 05
[T+222056295us][CH1-Dispenser] 06
[T+222058293us][CH2-Pc    ] 06
[T+222229295us][CH2-Pc    ] 01
[T+222232293us][CH1-Dispenser] 01 61
[T+222307294us][CH2-Pc    ] 02
[T+222313986us][CH1-Dispenser] 02 92
[T+222335868us][CH2-Pc    ] 62
[T+222344318us][CH1-Dispenser] 62 E8 E1 E3 E2 E2 E0
[T+222414595us][CH2-Pc    ] 03
[T+222422115us][CH1-Dispenser] 03 63
[T+222496294us][CH1-Dispenser] 04 64
[T+222492294us][CH2-Pc    ] 04
[T+222570297us][CH1-Dispenser] 05
[T+222573984us][CH2-Pc    ] 05
[T+222745294us][CH1-Dispenser] 06
[T+222747293us][CH2-Pc    ] 06
[T+222911295us][CH2-Pc    ] 01
[T+222917912us][CH1-Dispenser] 01 61
[T+222991294us][CH2-Pc    ] 02
[T+222996293us][CH1-Dispenser] 02 92
[T+223019294us][CH2-Pc    ] 62
[T+223028724us][CH1-Dispenser] 62 E1 E5 E3 E2 E2 E0
[T+223098294us][CH2-Pc    ] 03
[T+223104303us][CH1-Dispenser] 03 63
[T+223180322us][CH1-Dispenser] 04 64
[T+223176295us][CH2-Pc    ] 04
[T+223252294us][CH1-Dispenser] 05
[T+223254293us][CH2-Pc    ] 05
[T+223437294us][CH1-Dispenser] 06
[T+223439295us][CH2-Pc    ] 06
[T+223617322us][CH1-Dispenser] 01 61
[T+223613294us][CH2-Pc    ] 01
[T+223692295us][CH2-Pc    ] 02
[T+223696322us][CH1-Dispenser] 02 92
[T+223719294us][CH2-Pc    ] 62
[T+223733294us][CH1-Dispenser] 62 E7 E9 E3 E2 E2 E0
[T+223808295us][CH2-Pc    ] 03
[T+223814303us][CH1-Dispenser] 03 63
[T+223890322us][CH1-Dispenser] 04 64
[T+223886295us][CH2-Pc    ] 04
[T+223962295us][CH1-Dispenser] 05
[T+223964293us][CH2-Pc    ] 05
[T+224126294us][CH1-Dispenser] 06
[T+224128294us][CH2-Pc    ] 06
[T+224303295us][CH2-Pc    ] 01
[T+224308293us][CH1-Dispenser] 01 61
[T+224381294us][CH2-Pc    ] 02
[T+224387294us][CH1-Dispenser] 02 92
[T+224408295us][CH2-Pc    ] 62
[T+224420320us][CH1-Dispenser] 62 E1 E3 E4 E2 E2 E0
[T+224487294us][CH2-Pc    ] 03
[T+224490293us][CH1-Dispenser] 03 63
[T+224565295us][CH2-Pc    ] 04
[T+224571293us][CH1-Dispenser] 04 64
[T+224641294us][CH1-Dispenser] 05
[T+224643295us][CH2-Pc    ] 05
[T+224816294us][CH1-Dispenser] 06
[T+224818293us][CH2-Pc    ] 06
[T+224994295us][CH2-Pc    ] 01
[T+224997293us][CH1-Dispenser] 01 61
[T+225072295us][CH2-Pc    ] 02
[T+225078302us][CH1-Dispenser] 02 92
[T+225100294us][CH2-Pc    ] 62
[T+225109890us][CH1-Dispenser] 62 E6 E7 E4 E2 E2 E0
[T+225178295us][CH2-Pc    ] 03
[T+225184293us][CH1-Dispenser] 03 63
[T+225256295us][CH2-Pc    ] 04
[T+225263926us][CH1-Dispenser] 04 64
[T+225332294us][CH1-Dispenser] 05
[T+225334294us][CH2-Pc    ] 05
[T+225507294us][CH1-Dispenser] 06
[T+225509293us][CH2-Pc    ] 06
[T+225684295us][CH2-Pc    ] 01
[T+225687293us][CH1-Dispenser] 01 61
[T+225766322us][CH1-Dispenser] 02 92
[T+225762295us][CH2-Pc    ] 02
[T+225789294us][CH2-Pc    ] 62
[T+225798883us][CH1-Dispenser] 62 E1 E2 E5 E2 E2 E0
[T+225869295us][CH2-Pc    ] 03
[T+225876302us][CH1-Dispenser] 03 63
[T+225951295us][CH2-Pc    ] 04
[T+225958089us][CH1-Dispenser] 04 64
[T+226027294us][CH1-Dispenser] 05
[T+226029293us][CH2-Pc    ] 05
[T+226213294us][CH1-Dispenser] 06
[T+226215294us][CH2-Pc    ] 06
[T+226382393us][CH1-Dispenser] 01 61
[T+226379294us][CH2-Pc    ] 01
[T+226457295us][CH2-Pc    ] 02
[T+226463293us][CH1-Dispenser] 02 92
[T+226484295us][CH2-Pc    ] 62
[T+226494977us][CH1-Dispenser] 62 E7 E7 E5 E2 E2 E0
[T+226564293us][CH1-Dispenser] 03 63
[T+226562294us][CH2-Pc    ] 03
[T+226630295us][CH2-Pc    ] 04
[T+226634324us][CH1-Dispenser] 04 64
[T+226711295us][CH1-Dispenser] 05
[T+226713293us][CH2-Pc    ] 05
[T+226885294us][CH1-Dispenser] 06
[T+226888294us][CH2-Pc    ] 06
[T+227052294us][CH2-Pc    ] 01
[T+227060328us][CH1-Dispenser] 01 61
[T+227132469us][CH1-Dispenser] 02 92
[T+227130294us][CH2-Pc    ] 02
[T+227153295us][CH2-Pc    ] 62
[T+227165320us][CH1-Dispenser] 62 E0 E0 E6 E2 E2 E0
[T+227234293us][CH1-Dispenser] 03 63
[T+227232294us][CH2-Pc    ] 03
[T+227300295us][CH2-Pc    ] 04
[T+227304322us][CH1-Dispenser] 04 64
[T+227376295us][CH1-Dispenser] 05
[T+227378294us][CH2-Pc    ] 05
[T+227550295us][CH1-Dispenser] 06
[T+227553294us][CH2-Pc    ] 06
[T+227727295us][CH2-Pc    ] 01
[T+227732294us][CH1-Dispenser] 01 61
[T+227806294us][CH2-Pc    ] 02
[T+227812293us][CH1-Dispenser] 02 92
[T+227833295us][CH2-Pc    ] 62
[T+227843295us][CH1-Dispenser] 62 E0 E0 E6 E2 E2 E0
[T+227915293us][CH1-Dispenser] 03 63
[T+227912295us][CH2-Pc    ] 03
[T+227994322us][CH1-Dispenser] 04 64
[T+227990295us][CH2-Pc    ] 04
[T+228066294us][CH1-Dispenser] 05
[T+228068293us][CH2-Pc    ] 05
[T+228241295us][CH1-Dispenser] 06
[T+228243295us][CH2-Pc    ] 06
[T+228418296us][CH2-Pc    ] 01
[T+228423294us][CH1-Dispenser] 01 61
[T+228496294us][CH2-Pc    ] 02
[T+228502302us][CH1-Dispenser] 02 92
[T+228523295us][CH2-Pc    ] 62
[T+228535318us][CH1-Dispenser] 62 E0 E0 E6 E2 E2 E0
[T+228605293us][CH1-Dispenser] 03 63
[T+228602294us][CH2-Pc    ] 03
[T+228680295us][CH2-Pc    ] 04
[T+228685293us][CH1-Dispenser] 04 64
[T+228757294us][CH1-Dispenser] 05
[T+228759293us][CH2-Pc    ] 05
[T+228925294us][CH1-Dispenser] 06
[T+228927295us][CH2-Pc    ] 06
[T+229102295us][CH2-Pc    ] 01
[T+229107293us][CH1-Dispenser] 01 61
[T+229180294us][CH2-Pc    ] 02
[T+229188332us][CH1-Dispenser] 02 92
[T+229208295us][CH2-Pc    ] 62
[T+229220318us][CH1-Dispenser] 62 E0 E0 E6 E2 E2 E0
[T+229286295us][CH2-Pc    ] 03
[T+229290322us][CH1-Dispenser] 03 63
[T+229369293us][CH1-Dispenser] 04 64
[T+229364294us][CH2-Pc    ] 04
[T+229440295us][CH1-Dispenser] 05
[T+229442296us][CH2-Pc    ] 05
[T+229615294us][CH1-Dispenser] 06
[T+229617293us][CH2-Pc    ] 06
[T+229792295us][CH2-Pc    ] 01
[T+229799293us][CH1-Dispenser] 01 61
[T+229873293us][CH1-Dispenser] 02 92
[T+229870294us][CH2-Pc    ] 02
[T+229897295us][CH2-Pc    ] 62
[T+229909318us][CH1-Dispenser] 62 E0 E0 E6 E2 E2 E0
[T+229975295us][CH2-Pc    ] 03
[T+229980293us][CH1-Dispenser] 03 63
[T+230053294us][CH2-Pc    ] 04
[T+230059294us][CH1-Dispenser] 04 64
[T+230130294us][CH1-Dispenser] 05
[T+230132428us][CH2-Pc    ] 05
[T+230304295us][CH1-Dispenser] 06
[T+230306295us][CH2-Pc    ] 06
[T+230481295us][CH2-Pc    ] 01
[T+230486293us][CH1-Dispenser] 01 61
[T+230559295us][CH2-Pc    ] 02
[T+230562293us][CH1-Dispenser] 02 92
[T+230587294us][CH2-Pc    ] 62
[T+230598294us][CH1-Dispenser] 62 E0 E0 E6 E2 E2 E0
[T+230665294us][CH2-Pc    ] 03
[T+230672295us][CH1-Dispenser] 03 63
[T+230743294us][CH2-Pc    ] 04
[T+230751885us][CH1-Dispenser] 04 64
[T+230827295us][CH1-Dispenser] 05
[T+230829293us][CH2-Pc    ] 05
[T+231002296us][CH1-Dispenser] 06
[T+231004293us][CH2-Pc    ] 06
[T+231188295us][CH2-Pc    ] 01
[T+231191293us][CH1-Dispenser] 01 61
[T+231266295us][CH2-Pc    ] 02
[T+231272293us][CH1-Dispenser] 02 92
[T+231294294us][CH2-Pc    ] 62
[T+231305339us][CH1-Dispenser] 62 E0 E0 E6 E2 E2 E0
[T+231372294us][CH2-Pc    ] 03
[T+231377293us][CH1-Dispenser] 03 63
[T+231450294us][CH2-Pc    ] 04
[T+231458427us][CH1-Dispenser] 04 64
[T+231533295us][CH1-Dispenser] 05
[T+231535293us][CH2-Pc    ] 05
[T+231708294us][CH1-Dispenser] 06
[T+231710293us][CH2-Pc    ] 06
[T+231888294us][CH1-Dispenser] 01 61
[T+231885295us][CH2-Pc    ] 01
[T+231967322us][CH1-Dispenser] 02 A2
[T+231963295us][CH2-Pc    ] 02
[T+232541294us][CH2-Pc    ] 03
[T+232546293us][CH1-Dispenser] 03 63
[T+232619295us][CH2-Pc    ] 04
[T+232625888us][CH1-Dispenser] 04 64
[T+232695294us][CH1-Dispenser] 05
[T+232697293us][CH2-Pc    ] 05
[T+232870294us][CH1-Dispenser] 06
[T+232872293us][CH2-Pc    ] 06
[T+233036295us][CH2-Pc    ] 01
[T+233043302us][CH1-Dispenser] 01 61
[T+233114294us][CH2-Pc    ] 02
[T+233116295us][CH1-Dispenser] 02 62
[T+233698295us][CH2-Pc    ] 03
[T+233706318us][CH1-Dispenser] 03 63
[T+233780323us][CH1-Dispenser] 04 64
[T+233776294us][CH2-Pc    ] 04
[T+233852294us][CH1-Dispenser] 05
[T+233854293us][CH2-Pc    ] 05
[T+234016294us][CH1-Dispenser] 06
[T+234018294us][CH2-Pc    ] 06
[T+234197322us][CH1-Dispenser] 01 61
[T+234193295us][CH2-Pc    ] 01
[T+234271294us][CH2-Pc    ] 02
[T+234277293us][CH1-Dispenser] 02 62
[T+234298325us][CH2-Pc    ] 42
[T+234346318us][CH1-Dispenser] 42 FF F1 F8 EB E1 E0 E0 E0 F6 E0 F4 F7 E0 E3 E1 E1 F9 E0 E0 E0 E0 E2 E0 FA E0 E0 E6 E2 E2 E0 FB EC F0
[T+234372294us][CH1-Dispenser] 52
[T+234374295us][CH2-Pc    ] 52
[T+234505294us][CH1-Dispenser] FF F6 E0 F9 E5 E8 E1 E6 E4 E8 E6 E2 FA E9 E0 E1 E7 E6 E1 E5 E8 F4 E0 E3 E1 E1 F5 E0 E0 E0 E0 F6 E1 F9 E5 E8 E3 E2 E4 E8 E5 E3 FA E0 E9 E9 E1 E3 E8 E4 E8 F4 E0 E0 E1 E1 F5 E0 E0 E0 E0 F6 E2 F9 E6 E7 E8 E9 E5 E4 E9 E9 FA E8 E2 E2 E3 E7 E8 E1 E8 F4 E0 E3 E4 E1 F5 E0 E0 E0 E0 FB E1 F0
[T+234575293us][CH1-Dispenser] 03 63
[T+234572294us][CH2-Pc    ] 03
[T+234650295us][CH2-Pc    ] 04
[T+234656293us][CH1-Dispenser] 04 64
[T+234726294us][CH1-Dispenser] 05
[T+234728295us][CH2-Pc    ] 05
[T+234901294us][CH1-Dispenser] 06
[T+234903293us][CH2-Pc    ] 06
[T+235067294us][CH2-Pc    ] 01
[T+235074293us][CH1-Dispenser] 01 61
[T+235148293us][CH1-Dispenser] 02 62
[T+235145294us][CH2-Pc    ] 02
[T+235171294us][CH1-Dispenser] 42
[T+235173293us][CH2-Pc    ] 42
[T+235222295us][CH1-Dispenser] FF F1 F8 EB E1 E0 E0 E0 F6 E0 F4 F7 E0 E3 E1 E1 F9 E0 E0 E0 E0 E2 E0 FA E0 E0 E6 E2 E2 E0 FB EC F0
[T+235244294us][CH1-Dispenser] 52
[T+235246295us][CH2-Pc    ] 52
[T+235379294us][CH1-Dispenser] FF F6 E0 F9 E5 E8 E1 E6 E4 E8 E6 E2 FA E9 E0 E1 E7 E6 E1 E5 E8 F4 E0 E3 E1 E1 F5 E0 E0 E0 E0 F6 E1 F9 E5 E8 E3 E2 E4 E8 E5 E3 FA E0 E9 E9 E1 E3 E8 E4 E8 F4 E0 E0 E1 E1 F5 E0 E0 E0 E0 F6 E2 F9 E6 E7 E8 E9 E5 E4 E9 E9 FA E8 E2 E2 E3 E7 E8 E1 E8 F4 E0 E3 E4 E1 F5 E0 E0 E0 E0 FB E1 F0
[T+235470294us][CH2-Pc    ] 03
[T+235476293us][CH1-Dispenser] 03 63
[T+235549295us][CH2-Pc    ] 04
[T+235555868us][CH1-Dispenser] 04 64
[T+235625294us][CH1-Dispenser] 05
[T+235627293us][CH2-Pc    ] 05
[T+235799295us][CH1-Dispenser] 06
[T+235801293us][CH2-Pc    ] 06
[T+235976295us][CH2-Pc    ] 01
[T+235983913us][CH1-Dispenser] 01 61
[T+236054294us][CH2-Pc    ] 02
[T+236058322us][CH1-Dispenser] 02 62
[T+236135293us][CH1-Dispenser] 03 63
[T+236133296us][CH2-Pc    ] 03
[T+236211295us][CH2-Pc    ] 04
[T+236218302us][CH1-Dispenser] 04 64
[T+236287294us][CH1-Dispenser] 05
[T+236289295us][CH2-Pc    ] 05
[T+236461294us][CH1-Dispenser] 06
[T+236463293us][CH2-Pc    ] 06
[T+236628294us][CH2-Pc    ] 01
[T+236635303us][CH1-Dispenser] 01 61
[T+236706294us][CH2-Pc    ] 02
[T+236714323us][CH1-Dispenser] 02 62
[T+236784294us][CH2-Pc    ] 03
[T+236791294us][CH1-Dispenser] 03 63
[T+236862294us][CH2-Pc    ] 04
[T+236867293us][CH1-Dispenser] 04 64
[T+236938294us][CH1-Dispenser] 05
[T+236940294us][CH2-Pc    ] 05
[T+237148295us][CH1-Dispenser] 06
[T+237150293us][CH2-Pc    ] 06
[T+237318294us][CH2-Pc    ] 01
[T+237323293us][CH1-Dispenser] 01 61
[T+237396294us][CH2-Pc    ] 02
[T+237402294us][CH1-Dispenser] 02 62
[T+237474295us][CH2-Pc    ] 03
[T+237480909us][CH1-Dispenser] 03 63
[T+237545294us][CH2-Pc    ] 04
[T+237550293us][CH1-Dispenser] 04 64
[T+237636295us][CH1-Dispenser] 05
[T+237638294us][CH2-Pc    ] 05
[T+237822295us][CH1-Dispenser] 06
[T+237824293us][CH2-Pc    ] 06
[T+237991294us][CH2-Pc    ] 01
[T+237997294us][CH1-Dispenser] 01 61
[T+238073293us][CH1-Dispenser] 02 62
[T+238071294us][CH2-Pc    ] 02
[T+238139295us][CH2-Pc    ] 03
[T+238146297us][CH1-Dispenser] 03 63
[T+238221295us][CH2-Pc    ] 04
[T+238227293us][CH1-Dispenser] 04 64
[T+238298294us][CH1-Dispenser] 05
[T+238300293us][CH2-Pc    ] 05
[T+238472295us][CH1-Dispenser] 06
[T+238474293us][CH2-Pc    ] 06
[T+238653293us][CH1-Dispenser] 01 61
[T+238650294us][CH2-Pc    ] 01
[T+238730294us][CH2-Pc    ] 02
[T+238732293us][CH1-Dispenser] 02 62
[T+238815294us][CH2-Pc    ] 03
[T+238820293us][CH1-Dispenser] 03 63
[T+238893295us][CH2-Pc    ] 04
[T+238896293us][CH1-Dispenser] 04 64
[T+238958294us][CH1-Dispenser] 05
[T+238961295us][CH2-Pc    ] 05
[T+239131294us][CH1-Dispenser] 06
[T+239133476us][CH2-Pc    ] 06
[T+239312322us][CH1-Dispenser] 01 61
[T+239308295us][CH2-Pc    ] 01
[T+239386294us][CH2-Pc    ] 02
[T+239393294us][CH1-Dispenser] 02 62
[T+239466294us][CH2-Pc    ] 03
[T+239471912us][CH1-Dispenser] 03 63
[T+239544294us][CH2-Pc    ] 04
[T+239552318us][CH1-Dispenser] 04 64
[T+239626294us][CH1-Dispenser] 05
[T+239628293us][CH2-Pc    ] 05
[T+239806295us][CH1-Dispenser] 06
[T+239808295us][CH2-Pc    ] 06
[T+239972294us][CH2-Pc    ] 01
[T+239977293us][CH1-Dispenser] 01 61
[T+240051295us][CH2-Pc    ] 02
[T+240058303us][CH1-Dispenser] 02 62
[T+240131294us][CH2-Pc    ] 03
[T+240137293us][CH1-Dispenser] 03 63
[T+240209295us][CH2-Pc    ] 04
[T+240216944us][CH1-Dispenser] 04 64
[T+240285294us][CH1-Dispenser] 05
[T+240287295us][CH2-Pc    ] 05
[T+240460294us][CH1-Dispenser] 06
[T+240462293us][CH2-Pc    ] 06
[T+240637295us][CH2-Pc    ] 01
[T+240644470us][CH1-Dispenser] 01 61
[T+240718294us][CH1-Dispenser] 02 62
[T+240715294us][CH2-Pc    ] 02
[T+240795295us][CH1-Dispenser] 03 63
[T+240793294us][CH2-Pc    ] 03
[T+240871294us][CH2-Pc    ] 04
[T+240876293us][CH1-Dispenser] 04 64
[T+240944294us][CH1-Dispenser] 05
[T+240946293us][CH2-Pc    ] 05
[T+241115294us][CH1-Dispenser] 06
[T+241117294us][CH2-Pc    ] 06
[T+241292295us][CH2-Pc    ] 01
[T+241298293us][CH1-Dispenser] 01 61
[T+241372293us][CH1-Dispenser] 02 62
[T+241370294us][CH2-Pc    ] 02
[T+241440293us][CH1-Dispenser] 03 63
[T+241437294us][CH2-Pc    ] 03
[T+241547294us][CH2-Pc    ] 04
[T+241550293us][CH1-Dispenser] 04 64
[T+241618295us][CH1-Dispenser] 05
[T+241620293us][CH2-Pc    ] 05
[T+241782295us][CH1-Dispenser] 06
[T+241784293us][CH2-Pc    ] 06
[T+241959295us][CH2-Pc    ] 01
[T+241963322us][CH1-Dispenser] 01 61
[T+242037296us][CH2-Pc    ] 02
[T+242044293us][CH1-Dispenser] 02 62
[T+242115294us][CH2-Pc    ] 03
[T+242121293us][CH1-Dispenser] 03 63
[T+242195295us][CH1-Dispenser] 04 64
[T+242193294us][CH2-Pc    ] 04
[T+242258295us][CH1-Dispenser] 05
[T+242260293us][CH2-Pc    ] 05
[T+242422294us][CH1-Dispenser] 06
[T+242424295us][CH2-Pc    ] 06
[T+242603293us][CH1-Dispenser] 01 61
[T+242600294us][CH2-Pc    ] 01
[T+242678295us][CH2-Pc    ] 02
[T+242684294us][CH1-Dispenser] 02 62
[T+242757294us][CH2-Pc    ] 03
[T+242765327us][CH1-Dispenser] 03 63
[T+242840293us][CH1-Dispenser] 04 64
[T+242835294us][CH2-Pc    ] 04
[T+242911294us][CH1-Dispenser] 05
[T+242913295us][CH2-Pc    ] 05
[T+243085294us][CH1-Dispenser] 06
[T+243088294us][CH2-Pc    ] 06
[T+243262295us][CH2-Pc    ] 01
[T+243268293us][CH1-Dispenser] 01 61
[T+243345293us][CH1-Dispenser] 02 62
[T+243340295us][CH2-Pc    ] 02
[T+243422323us][CH1-Dispenser] 03 63
[T+243418294us][CH2-Pc    ] 03
[T+243497295us][CH2-Pc    ] 04
[T+243501322us][CH1-Dispenser] 04 64
[T+243573294us][CH1-Dispenser] 05
[T+243575293us][CH2-Pc    ] 05
[T+243743295us][CH1-Dispenser] 06
[T+243746294us][CH2-Pc    ] 06
[T+243956295us][CH2-Pc    ] 01
[T+243959293us][CH1-Dispenser] 01 61
[T+244039293us][CH1-Dispenser] 02 62
[T+244034295us][CH2-Pc    ] 02
[T+244112294us][CH2-Pc    ] 03
[T+244118293us][CH1-Dispenser] 03 63
[T+244195293us][CH1-Dispenser] 04 64
[T+244190295us][CH2-Pc    ] 04
[T+244266294us][CH1-Dispenser] 05
[T+244268295us][CH2-Pc    ] 05
[T+244441294us][CH1-Dispenser] 06
[T+244443293us][CH2-Pc    ] 06
[T+244618295us][CH2-Pc    ] 01
[T+244622322us][CH1-Dispenser] 01 61
[T+244698295us][CH1-Dispenser] 02 62
[T+244696295us][CH2-Pc    ] 02
[T+244766293us][CH1-Dispenser] 03 63
[T+244763294us][CH2-Pc    ] 03
[T+244845294us][CH2-Pc    ] 04
[T+244853332us][CH1-Dispenser] 04 64
[T+244923295us][CH1-Dispenser] 05
[T+244925293us][CH2-Pc    ] 05
[T+245097294us][CH1-Dispenser] 06
[T+245099293us][CH2-Pc    ] 06
[T+245278322us][CH1-Dispenser] 01 61
[T+245274295us][CH2-Pc    ] 01
[T+245352294us][CH2-Pc    ] 02
[T+245358293us][CH1-Dispenser] 02 62
[T+245430295us][CH2-Pc    ] 03
[T+245436293us][CH1-Dispenser] 03 63
[T+245510295us][CH1-Dispenser] 04 64
[T+245508294us][CH2-Pc    ] 04
[T+245574294us][CH1-Dispenser] 05
[T+245576294us][CH2-Pc    ] 05
[T+245759295us][CH1-Dispenser] 06
[T+245762295us][CH2-Pc    ] 06
[T+245929327us][CH1-Dispenser] 01 61
[T+245925295us][CH2-Pc    ] 01
[T+246003294us][CH2-Pc    ] 02
[T+246008293us][CH1-Dispenser] 02 62
[T+246090294us][CH2-Pc    ] 03
[T+246096294us][CH1-Dispenser] 03 63
[T+246181294us][CH2-Pc    ] 04
[T+246186293us][CH1-Dispenser] 04 64
[T+246257294us][CH1-Dispenser] 05
[T+246259293us][CH2-Pc    ] 05
[T+246432295us][CH1-Dispenser] 06
[T+246434295us][CH2-Pc    ] 06
[T+246598294us][CH2-Pc    ] 01
[T+246603293us][CH1-Dispenser] 01 61
[T+246676295us][CH2-Pc    ] 02
[T+246684332us][CH1-Dispenser] 02 62
[T+246752294us][CH1-Dispenser] 03
[T+246754293us][CH2-Pc    ] 03
[T+246766318us][CH1-Dispenser] 63
[T+246832295us][CH2-Pc    ] 04
[T+246836322us][CH1-Dispenser] 04 64
[T+246908295us][CH1-Dispenser] 05
[T+246911294us][CH2-Pc    ] 05
[T+247083294us][CH1-Dispenser] 06
[T+247086294us][CH2-Pc    ] 06
[T+247264293us][CH1-Dispenser] 01 61
[T+247261294us][CH2-Pc    ] 01
[T+247338294us][CH2-Pc    ] 02
[T+247343293us][CH1-Dispenser] 02 62
[T+247417295us][CH2-Pc    ] 03
[T+247420293us][CH1-Dispenser] 03 63
[T+247495295us][CH2-Pc    ] 04
[T+247501304us][CH1-Dispenser] 04 64
[T+247571295us][CH1-Dispenser] 05
[T+247573293us][CH2-Pc    ] 05
[T+247735294us][CH1-Dispenser] 06
[T+247737295us][CH2-Pc    ] 06
[T+247912295us][CH2-Pc    ] 01
[T+247918293us][CH1-Dispenser] 01 61
[T+247994322us][CH1-Dispenser] 02 62
[T+247990295us][CH2-Pc    ] 02