connected
[T+254723149us][CH2-Pc    ] 02
[T+254732018us][CH1-Dispenser] 02 72
[T+254751125us][CH2-Pc    ] 22
[T+254756124us][CH1-Dispenser] 22 D2
[T+254772257us][CH1-Dispenser] FF
[T+254772126us][CH2-Pc    ] FF
[T+254785268us][CH1-Dispenser] E9
[T+254785133us][CH2-Pc    ] E9
[T+254798124us][CH1-Dispenser] FE
[T+254797203us][CH2-Pc    ] FE
[T+254812129us][CH1-Dispenser] E0
[T+254812267us][CH2-Pc    ] E0
[T+254824125us][CH1-Dispenser] E1
[T+254823138us][CH2-Pc    ] E1
[T+254847375us][CH1-Dispenser] E0
[T+254847238us][CH2-Pc    ] E0
[T+254879258us][CH1-Dispenser] FB EE
[T+254879126us][CH2-Pc    ] FB EE
[T+254893125us][CH2-Pc    ] F0
[T+254923125us][CH1-Dispenser] F0 BA B0 B3 B2 B0 B1 B0 B0 B0 B0 B1 B1 B1 B1 B1 C1 C1 8D 8A
[T+254994125us][CH2-Pc    ] 03
[T+255003125us][CH1-Dispenser] 03 93
[T+255021125us][CH2-Pc    ] 63
[T+255032719us][CH1-Dispenser] 63 E5 E3 E4 E3 E0 E0
[T+255101125us][CH2-Pc    ] 04
[T+255106732us][CH1-Dispenser] 04 64
[T+255178259us][CH1-Dispenser] 05
[T+255178126us][CH2-Pc    ] 05
[T+255364259us][CH1-Dispenser] 06
[T+255364126us][CH2-Pc    ] 06
[T+255532150us][CH2-Pc    ] 01
[T+255541125us][CH1-Dispenser] 01 61
[T+255610125us][CH2-Pc    ] 02
[T+255617133us][CH1-Dispenser] 02 72
[T+255637149us][CH2-Pc    ] 22
[T+255646535us][CH1-Dispenser] 22 D2
[T+255671260us][CH1-Dispenser] FF E9
[T+255671126us][CH2-Pc    ] FF E9
[T+255685267us][CH1-Dispenser] FE
[T+255685129us][CH2-Pc    ] FE
[T+255697313us][CH1-Dispenser] E0
[T+255697130us][CH2-Pc    ] E0
[T+255710125us][CH1-Dispenser] E1
[T+255709133us][CH2-Pc    ] E1
[T+255722259us][CH1-Dispenser] E0
[T+255722126us][CH2-Pc    ] E0
[T+255735263us][CH1-Dispenser] FB
[T+255735129us][CH2-Pc    ] FB
[T+255748960us][CH2-Pc    ] EE
[T+255749099us][CH1-Dispenser] EE
[T+255760127us][CH2-Pc    ] F0
[T+255788149us][CH1-Dispenser] F0 BA B0 B3 B2 B0 B1 B0 B0 B0 B0 B1 B1 B1 B1 B1 C1 C1 8D 8A
[T+255855125us][CH2-Pc    ] 03
[T+255861124us][CH1-Dispenser] 03 93
[T+255882125us][CH2-Pc    ] 63
[T+255898152us][CH1-Dispenser] 63 E0 E7 E1 E4 E0 E0
[T+255972125us][CH2-Pc    ] 04
[T+255983125us][CH1-Dispenser] 04 64
[T+256052260us][CH1-Dispenser] 05
[T+256052126us][CH2-Pc    ] 05
[T+256215260us][CH1-Dispenser] 06
[T+256215126us][CH2-Pc    ] 06
[T+256390125us][CH2-Pc    ] 01
[T+256396124us][CH1-Dispenser] 01 61
[T+256468149us][CH2-Pc    ] 02
[T+256477132us][CH1-Dispenser] 02 72
[T+256496125us][CH2-Pc    ] 22
[T+256500153us][CH1-Dispenser] 22 D2
[T+256529266us][CH1-Dispenser] FF E9
[T+256529130us][CH2-Pc    ] FF E9
[T+256551258us][CH1-Dispenser] FE
[T+256551126us][CH2-Pc    ] FE
[T+256564257us][CH1-Dispenser] E0
[T+256564126us][CH2-Pc    ] E0
[T+256577257us][CH1-Dispenser] E1
[T+256577126us][CH2-Pc    ] E1
[T+256589601us][CH1-Dispenser] E0
[T+256589275us][CH2-Pc    ] E0
[T+256602263us][CH1-Dispenser] FB
[T+256602128us][CH2-Pc    ] FB
[T+256615221us][CH1-Dispenser] EE
[T+256615126us][CH2-Pc    ] EE
[T+256627149us][CH2-Pc    ] F0
[T+256660125us][CH1-Dispenser] F0 BA B0 B3 B2 B0 B1 B0 B0 B0 B0 B1 B1 B1 B1 B1 C1 C1 8D 8A
[T+256729125us][CH2-Pc    ] 03
[T+256736154us][CH1-Dispenser] 03 93
[T+256756149us][CH2-Pc    ] 63
[T+256769125us][CH1-Dispenser] 63 E3 E4 E5 E4 E0 E0
[T+256836125us][CH2-Pc    ] 04
[T+256845758us][CH1-Dispenser] 04 64
[T+256915260us][CH1-Dispenser] 05
[T+256915126us][CH2-Pc    ] 05
[T+257089261us][CH1-Dispenser] 06
[T+257089126us][CH2-Pc    ] 06
[T+257264125us][CH2-Pc    ] 01
[T+257273125us][CH1-Dispenser] 01 61
[T+257342125us][CH2-Pc    ] 02
[T+257351729us][CH1-Dispenser] 02 72
[T+257370125us][CH2-Pc    ] 22
[T+257376124us][CH1-Dispenser] 22 D2
[T+257392263us][CH1-Dispenser] FF
[T+257392127us][CH2-Pc    ] FF
[T+257404265us][CH1-Dispenser] E9
[T+257404135us][CH2-Pc    ] E9
[T+257417262us][CH1-Dispenser] FE
[T+257417129us][CH2-Pc    ] FE
[T+257429264us][CH1-Dispenser] E0
[T+257429132us][CH2-Pc    ] E0
[T+257442271us][CH1-Dispenser] E1
[T+257442132us][CH2-Pc    ] E1
[T+257455271us][CH1-Dispenser] E0
[T+257455133us][CH2-Pc    ] E0
[T+257467259us][CH1-Dispenser] FB
[T+257467126us][CH2-Pc    ] FB
[T+257480256us][CH1-Dispenser] EE
[T+257480126us][CH2-Pc    ] EE
[T+257493126us][CH2-Pc    ] F0
[T+257523125us][CH1-Dispenser] F0 BA B0 B3 B2 B0 B1 B0 B0 B0 B0 B1 B1 B1 B1 B1 C1 C1 8D 8A
[T+257593125us][CH2-Pc    ] 03
[T+257601819us][CH1-Dispenser] 03 93
[T+257621149us][CH2-Pc    ] 63
[T+257632125us][CH1-Dispenser] 63 E1 E6 E9 E4 E0 E0
[T+257715154us][CH1-Dispenser] 04 64
[T+257711126us][CH2-Pc    ] 04
[T+257779260us][CH1-Dispenser] 05
[T+257779126us][CH2-Pc    ] 05
[T+257954266us][CH1-Dispenser] 06
[T+257954128us][CH2-Pc    ] 06
[T+258128125us][CH2-Pc    ] 01
[T+258136149us][CH1-Dispenser] 01 61
[T+258207127us][CH2-Pc    ] 02
[T+258212125us][CH1-Dispenser] 02 72
[T+258234125us][CH2-Pc    ] 22
[T+258241125us][CH1-Dispenser] 22 D2
[T+258255253us][CH1-Dispenser] FF
[T+258255126us][CH2-Pc    ] FF
[T+258268262us][CH1-Dispenser] E9
[T+258268133us][CH2-Pc    ] E9
[T+258281919us][CH1-Dispenser] FE
[T+258282058us][CH2-Pc    ] FE
[T+258293543us][CH1-Dispenser] E0
[T+258293391us][CH2-Pc    ] E0
[T+258306264us][CH1-Dispenser] E1
[T+258306129us][CH2-Pc    ] E1
[T+258319400us][CH1-Dispenser] E0
[T+258319268us][CH2-Pc    ] E0
[T+258333129us][CH1-Dispenser] FB
[T+258333268us][CH2-Pc    ] FB
[T+258344272us][CH1-Dispenser] EE
[T+258344133us][CH2-Pc    ] EE
[T+258357126us][CH2-Pc    ] F0
[T+258385150us][CH1-Dispenser] F0 BA B0 B3 B2 B0 B1 B0 B0 B0 B0 B1 B1 B1 B1 B1 C1 C1 8D 8A
[T+258449151us][CH2-Pc    ] 03
[T+258456133us][CH1-Dispenser] 03 93
[T+258476151us][CH2-Pc    ] 63
[T+258489125us][CH1-Dispenser] 63 E5 E5 E2 E5 E0 E0
[T+258555125us][CH2-Pc    ] 04
[T+258563149us][CH1-Dispenser] 04 64
[T+258633260us][CH1-Dispenser] 05
[T+258633126us][CH2-Pc    ] 05
[T+258808263us][CH1-Dispenser] 06
[T+258808126us][CH2-Pc    ] 06
[T+258983125us][CH2-Pc    ] 01
[T+258992244us][CH1-Dispenser] 01 61
[T+259061125us][CH2-Pc    ] 02
[T+259066124us][CH1-Dispenser] 02 72
[T+259088125us][CH2-Pc    ] 22
[T+259097125us][CH1-Dispenser] 22 D2
[T+259111782us][CH1-Dispenser] FF
[T+259111638us][CH2-Pc    ] FF
[T+259123272us][CH1-Dispenser] E9
[T+259123133us][CH2-Pc    ] E9
[T+259136274us][CH1-Dispenser] FE
[T+259136136us][CH2-Pc    ] FE
[T+259148270us][CH1-Dispenser] E0
[T+259148133us][CH2-Pc    ] E0
[T+259161270us][CH1-Dispenser] E1
[T+259161133us][CH2-Pc    ] E1
[T+259176129us][CH1-Dispenser] E0
[T+259176267us][CH2-Pc    ] E0
[T+259186272us][CH1-Dispenser] FB
[T+259186133us][CH2-Pc    ] FB
[T+259199270us][CH1-Dispenser] EE
[T+259199133us][CH2-Pc    ] EE
[T+259211165us][CH2-Pc    ] F0
[T+259241125us][CH1-Dispenser] F0 BA B0 B3 B2 B0 B1 B0 B0 B0 B0 B1 B1 B1 B1 B1 C1 C1 8D 8A
[T+259313149us][CH2-Pc    ] 03
[T+259322125us][CH1-Dispenser] 03 93
[T+259340126us][CH2-Pc    ] 63
[T+259352161us][CH1-Dispenser] 63 E0 E6 E5 E5 E0 E0
[T+259418125us][CH2-Pc    ] 04
[T+259425732us][CH1-Dispenser] 04 64
[T+259497260us][CH1-Dispenser] 05
[T+259497126us][CH2-Pc    ] 05
[T+259671261us][CH1-Dispenser] 06
[T+259671126us][CH2-Pc    ] 06
[T+259860125us][CH2-Pc    ] 01
[T+259866125us][CH1-Dispenser] 01 61
[T+259938150us][CH2-Pc    ] 02
[T+259945133us][CH1-Dispenser] 02 72
[T+259965150us][CH2-Pc    ] 22
[T+259971771us][CH1-Dispenser] 22 D2
[T+259987257us][CH1-Dispenser] FF
[T+259987126us][CH2-Pc    ] FF
[T+259999262us][CH1-Dispenser] E9
[T+259999127us][CH2-Pc    ] E9
[T+260012270us][CH1-Dispenser] FE
[T+260012132us][CH2-Pc    ] FE
[T+260025270us][CH1-Dispenser] E0
[T+260025132us][CH2-Pc    ] E0
[T+260038267us][CH1-Dispenser] E1
[T+260038131us][CH2-Pc    ] E1
[T+260050256us][CH1-Dispenser] E0
[T+260050126us][CH2-Pc    ] E0
[T+260063257us][CH1-Dispenser] FB
[T+260063126us][CH2-Pc    ] FB
[T+260076261us][CH1-Dispenser] EE
[T+260076127us][CH2-Pc    ] EE
[T+260088149us][CH2-Pc    ] F0
[T+260118126us][CH1-Dispenser] F0 BA B0 B3 B2 B0 B1 B0 B0 B0 B0 B1 B1 B1 B1 B1 C1 C1 8D 8A
[T+260191125us][CH2-Pc    ] 03
[T+260196124us][CH1-Dispenser] 03 93
[T+260218125us][CH2-Pc    ] 63
[T+260232125us][CH1-Dispenser] 63 E7 E5 E0 E6 E0 E0
[T+260296149us][CH2-Pc    ] 04
[T+260301124us][CH1-Dispenser] 04 64
[T+260374264us][CH1-Dispenser] 05
[T+260374126us][CH2-Pc    ] 05
[T+260550264us][CH1-Dispenser] 06
[T+260550126us][CH2-Pc    ] 06
[T+260714149us][CH2-Pc    ] 01
[T+260722800us][CH1-Dispenser] 01 61
[T+260798150us][CH2-Pc    ] 02
[T+260808125us][CH1-Dispenser] 02 72
[T+260825126us][CH2-Pc    ] 22
[T+260832133us][CH1-Dispenser] 22 D2
[T+260847063us][CH1-Dispenser] FF
[T+260846924us][CH2-Pc    ] FF
[T+260859269us][CH1-Dispenser] E9
[T+260859131us][CH2-Pc    ] E9
[T+260872125us][CH1-Dispenser] FE
[T+260871130us][CH2-Pc    ] FE
[T+260884260us][CH1-Dispenser] E0
[T+260884126us][CH2-Pc    ] E0
[T+260897259us][CH1-Dispenser] E1
[T+260897126us][CH2-Pc    ] E1
[T+260911300us][CH1-Dispenser] E0
[T+260911164us][CH2-Pc    ] E0
[T+260922924us][CH1-Dispenser] FB
[T+260922779us][CH2-Pc    ] FB
[T+260944258us][CH1-Dispenser] EE
[T+260944126us][CH2-Pc    ] EE
[T+260965125us][CH2-Pc    ] F0
[T+260996125us][CH1-Dispenser] F0 BA B0 B3 B2 B0 B1 B0 B0 B0 B0 B1 B1 B1 B1 B1 C1 C1 8D 8A
[T+261066125us][CH2-Pc    ] 03
[T+261071124us][CH1-Dispenser] 03 93
[T+261093125us][CH2-Pc    ] 63
[T+261107125us][CH1-Dispenser] 63 E7 E7 E5 E6 E0 E0
[T+261171151us][CH2-Pc    ] 04
[T+261178734us][CH1-Dispenser] 04 64
[T+261250259us][CH1-Dispenser] 05
[T+261250126us][CH2-Pc    ] 05
[T+261424258us][CH1-Dispenser] 06
[T+261424126us][CH2-Pc    ] 06
[T+261599125us][CH2-Pc    ] 01
[T+261607133us][CH1-Dispenser] 01 61
[T+261677125us][CH2-Pc    ] 02
[T+261686743us][CH1-Dispenser] 02 72
[T+261705125us][CH2-Pc    ] 22
[T+261711124us][CH1-Dispenser] 22 D2
[T+261726257us][CH1-Dispenser] FF
[T+261726126us][CH2-Pc    ] FF
[T+261739270us][CH1-Dispenser] E9
[T+261739133us][CH2-Pc    ] E9
[T+261751272us][CH1-Dispenser] FE
[T+261751133us][CH2-Pc    ] FE
[T+261764272us][CH1-Dispenser] E0
[T+261764133us][CH2-Pc    ] E0
[T+261777272us][CH1-Dispenser] E1
[T+261777133us][CH2-Pc    ] E1
[T+261790124us][CH1-Dispenser] E0
[T+261789133us][CH2-Pc    ] E0
[T+261803265us][CH1-Dispenser] FB
[T+261803128us][CH2-Pc    ] FB
[T+261816270us][CH1-Dispenser] EE
[T+261816131us][CH2-Pc    ] EE
[T+261828133us][CH2-Pc    ] F0
[T+261859125us][CH1-Dispenser] F0 BA B0 B3 B2 B0 B1 B0 B0 B0 B0 B1 B1 B1 B1 B1 C1 C1 8D 8A
[T+261929125us][CH2-Pc    ] 03
[T+261936124us][CH1-Dispenser] 03 93
[T+261956149us][CH2-Pc    ] 63
[T+261967133us][CH1-Dispenser] 63 E7 E8 E1 E7 E0 E0
[T+262054125us][CH2-Pc    ] 04
[T+262061125us][CH1-Dispenser] 04 64
[T+262131261us][CH1-Dispenser] 05
[T+262131126us][CH2-Pc    ] 05
[T+262317261us][CH1-Dispenser] 06
[T+262317126us][CH2-Pc    ] 06
[T+262481149us][CH2-Pc    ] 01
[T+262486124us][CH1-Dispenser] 01 61
[T+262559126us][CH2-Pc    ] 02
[T+262567164us][CH1-Dispenser] 02 72
[T+262586755us][CH2-Pc    ] 22
[T+262592732us][CH1-Dispenser] 22 D2
[T+262608258us][CH1-Dispenser] FF
[T+262608126us][CH2-Pc    ] FF
[T+262621125us][CH1-Dispenser] E9
[T+262620133us][CH2-Pc    ] E9
[T+262633263us][CH1-Dispenser] FE
[T+262633127us][CH2-Pc    ] FE
[T+262647329us][CH1-Dispenser] E0
[T+262647190us][CH2-Pc    ] E0
[T+262659257us][CH1-Dispenser] E1
[T+262659126us][CH2-Pc    ] E1
[T+262671260us][CH1-Dispenser] E0
[T+262671126us][CH2-Pc    ] E0
[T+262684259us][CH1-Dispenser] FB
[T+262684126us][CH2-Pc    ] FB
[T+262697256us][CH1-Dispenser] EE
[T+262697126us][CH2-Pc    ] EE
[T+262710114us][CH2-Pc    ] F0
[T+262742150us][CH1-Dispenser] F0 BA B0 B3 B2 B0 B1 B0 B0 B0 B0 B1 B1 B1 B1 B1 C1 C1 8D 8A
[T+262811125us][CH2-Pc    ] 03
[T+262818125us][CH1-Dispenser] 03 93
[T+262842150us][CH2-Pc    ] 63
[T+262858150us][CH1-Dispenser] 63 E2 E5 E7 E7 E0 E0
[T+262931125us][CH2-Pc    ] 04
[T+262937125us][CH1-Dispenser] 04 64
[T+263009260us][CH1-Dispenser] 05
[T+263009126us][CH2-Pc    ] 05
[T+263184263us][CH1-Dispenser] 06
[T+263184127us][CH2-Pc    ] 06
[T+263359125us][CH2-Pc    ] 01
[T+263367165us][CH1-Dispenser] 01 61
[T+263437126us][CH2-Pc    ] 02
[T+263444124us][CH1-Dispenser] 02 72
[T+263464151us][CH2-Pc    ] 22
[T+263472149us][CH1-Dispenser] 22 D2
[T+263486854us][CH1-Dispenser] FF
[T+263486719us][CH2-Pc    ] FF
[T+263499133us][CH1-Dispenser] E9
[T+263499272us][CH2-Pc    ] E9
[T+263511133us][CH1-Dispenser] FE
[T+263511272us][CH2-Pc    ] FE
[T+263525129us][CH1-Dispenser] E0
[T+263525264us][CH2-Pc    ] E0
[T+263537125us][CH1-Dispenser] E1
[T+263536129us][CH2-Pc    ] E1
[T+263549271us][CH1-Dispenser] E0
[T+263549133us][CH2-Pc    ] E0
[T+263562268us][CH1-Dispenser] FB
[T+263562130us][CH2-Pc    ] FB
[T+263575258us][CH1-Dispenser] EE
[T+263575126us][CH2-Pc    ] EE
[T+263587150us][CH2-Pc    ] F0
[T+263616125us][CH1-Dispenser] F0 BA B0 B3 B2 B0 B1 B0 B0 B0 B0 B1 B1 B1 B1 B1 C1 C1 8D 8A
[T+263690125us][CH2-Pc    ] 03
[T+263696133us][CH1-Dispenser] 03 93
[T+263717125us][CH2-Pc    ] 63
[T+263732126us][CH1-Dispenser] 63 E7 E1 E3 E8 E0 E0
[T+263806125us][CH2-Pc    ] 04
[T+263812124us][CH1-Dispenser] 04 64
[T+263884258us][CH1-Dispenser] 05
[T+263884126us][CH2-Pc    ] 05
[T+264059260us][CH1-Dispenser] 06
[T+264059126us][CH2-Pc    ] 06
[T+264234126us][CH2-Pc    ] 01
[T+264243125us][CH1-Dispenser] 01 61
[T+264312125us][CH2-Pc    ] 02
[T+264329125us][CH2-Pc    ] 22
[T+264337126us][CH1-Dispenser] 02 72 22 D2
[T+264350262us][CH1-Dispenser] FF
[T+264350127us][CH2-Pc    ] FF
[T+264363256us][CH1-Dispenser] E9
[T+264363126us][CH2-Pc    ] E9
[T+264375272us][CH1-Dispenser] FE
[T+264375136us][CH2-Pc    ] FE
[T+264388272us][CH1-Dispenser] E0
[T+264388133us][CH2-Pc    ] E0
[T+264401272us][CH1-Dispenser] E1
[T+264401133us][CH2-Pc    ] E1
[T+264413272us][CH1-Dispenser] E0
[T+264413134us][CH2-Pc    ] E0
[T+264426270us][CH1-Dispenser] FB
[T+264426133us][CH2-Pc    ] FB
[T+264439264us][CH1-Dispenser] EE
[T+264439130us][CH2-Pc    ] EE
[T+264452569us][CH2-Pc    ] F0
[T+264479125us][CH1-Dispenser] F0 BA B0 B3 B2 B0 B1 B0 B0 B0 B0 B1 B1 B1 B1 B1 C1 C1 8D 8A
[T+264543151us][CH2-Pc    ] 03
[T+264551163us][CH1-Dispenser] 03 93
[T+264571154us][CH2-Pc    ] 63
[T+264581133us][CH1-Dispenser] 63 E7 E3 E8 E8 E0 E0
[T+264650125us][CH2-Pc    ] 04
[T+264656125us][CH1-Dispenser] 04 64
[T+264728259us][CH1-Dispenser] 05
[T+264728126us][CH2-Pc    ] 05
[T+264903262us][CH1-Dispenser] 06
[T+264903126us][CH2-Pc    ] 06
[T+265081125us][CH2-Pc    ] 01
[T+265089165us][CH1-Dispenser] 01 61
[T+265159126us][CH2-Pc    ] 02
[T+265169125us][CH1-Dispenser] 02 72
[T+265207125us][CH2-Pc    ] 22
[T+265212745us][CH1-Dispenser] 22 D2
[T+265228269us][CH1-Dispenser] FF
[T+265228134us][CH2-Pc    ] FF
[T+265249258us][CH1-Dispenser] E9
[T+265249126us][CH2-Pc    ] E9
[T+265271257us][CH1-Dispenser] FE
[T+265271126us][CH2-Pc    ] FE
[T+265292259us][CH1-Dispenser] E0
[T+265292126us][CH2-Pc    ] E0
[T+265314258us][CH1-Dispenser] E1
[T+265314126us][CH2-Pc    ] E1
[T+265335257us][CH1-Dispenser] E0
[T+265335126us][CH2-Pc    ] E0
[T+265357260us][CH1-Dispenser] FB
[T+265357126us][CH2-Pc    ] FB
[T+265370260us][CH1-Dispenser] EE
[T+265370128us][CH2-Pc    ] EE
[T+265382155us][CH2-Pc    ] F0
[T+265408126us][CH1-Dispenser] F0 BA B0 B3 B2 B0 B1 B0 B0 B0 B0 B1 B1 B1 B1 B1 C1 C1 8D 8A
[T+265474126us][CH2-Pc    ] 03
[T+265481133us][CH1-Dispenser] 03 93
[T+265501151us][CH2-Pc    ] 63
[T+265514125us][CH1-Dispenser] 63 E4 E2 E4 E9 E0 E0
[T+265580125us][CH2-Pc    ] 04
[T+265586127us][CH1-Dispenser] 04 64
[T+265658261us][CH1-Dispenser] 05
[T+265658126us][CH2-Pc    ] 05
[T+265832261us][CH1-Dispenser] 06
[T+265832127us][CH2-Pc    ] 06
[T+266000151us][CH2-Pc    ] 01
[T+266007830us][CH1-Dispenser] 01 61
[T+266078125us][CH2-Pc    ] 02
[T+266086149us][CH1-Dispenser] 02 72
[T+266106149us][CH2-Pc    ] 22
[T+266111124us][CH1-Dispenser] 22 D2
[T+266127265us][CH1-Dispenser] FF
[T+266127130us][CH2-Pc    ] FF
[T+266152260us][CH1-Dispenser] E9 FE
[T+266152126us][CH2-Pc    ] E9 FE
[T+266165256us][CH1-Dispenser] E0
[T+266165126us][CH2-Pc    ] E0
[T+266178256us][CH1-Dispenser] E1
[T+266178126us][CH2-Pc    ] E1
[T+266191280us][CH1-Dispenser] E0
[T+266191134us][CH2-Pc    ] E0
[T+266204133us][CH1-Dispenser] FB
[T+266204272us][CH2-Pc    ] FB
[T+266216272us][CH1-Dispenser] EE
[T+266216133us][CH2-Pc    ] EE
[T+266229125us][CH2-Pc    ] F0
[T+266259125us][CH1-Dispenser] F0 BA B0 B3 B2 B0 B1 B0 B0 B0 B0 B1 B1 B1 B1 B1 C1 C1 8D 8A
[T+266331151us][CH2-Pc    ] 03
[T+266348125us][CH2-Pc    ] 63
[T+266363125us][CH1-Dispenser] 03 93 63 E8 E5 E4 E9 E0 E0
[T+266438126us][CH2-Pc    ] 04
[T+266446163us][CH1-Dispenser] 04 64
[T+266516260us][CH1-Dispenser] 05
[T+266516126us][CH2-Pc    ] 05
[T+266691260us][CH1-Dispenser] 06
[T+266691126us][CH2-Pc    ] 06
[T+266856125us][CH2-Pc    ] 01
[T+266863124us][CH1-Dispenser] 01 61
[T+266934125us][CH2-Pc    ] 02
[T+266942795us][CH1-Dispenser] 02 72
[T+266961126us][CH2-Pc    ] 22
[T+266967129us][CH1-Dispenser] 22 D2
[T+266983260us][CH1-Dispenser] FF
[T+266983126us][CH2-Pc    ] FF
[T+266996124us][CH1-Dispenser] E9
[T+266995133us][CH2-Pc    ] E9
[T+267009125us][CH1-Dispenser] FE
[T+267008128us][CH2-Pc    ] FE
[T+267021259us][CH1-Dispenser] E0
[T+267021126us][CH2-Pc    ] E0
[T+267034270us][CH1-Dispenser] E1
[T+267034132us][CH2-Pc    ] E1
[T+267046272us][CH1-Dispenser] E0
[T+267046133us][CH2-Pc    ] E0
[T+267059265us][CH1-Dispenser] FB
[T+267059129us][CH2-Pc    ] FB
[T+267072256us][CH1-Dispenser] EE
[T+267072126us][CH2-Pc    ] EE
[T+267084149us][CH2-Pc    ] F0
[T+267115125us][CH1-Dispenser] F0 BA B0 B3 B2 B0 B1 B0 B0 B0 B0 B1 B1 B1 B1 B1 C1 C1 8D 8A
[T+267186125us][CH2-Pc    ] 03
[T+267194163us][CH1-Dispenser] 03 93
[T+267213125us][CH2-Pc    ] 63
[T+267228126us][CH1-Dispenser] 63 E6 E2 E5 E9 E0 E0
[T+267303125us][CH2-Pc    ] 04
[T+267311164us][CH1-Dispenser] 04 64
[T+267381260us][CH1-Dispenser] 05
[T+267381126us][CH2-Pc    ] 05
[T+267567263us][CH1-Dispenser] 06
[T+267567126us][CH2-Pc    ] 06
[T+267731149us][CH2-Pc    ] 01
[T+267736883us][CH1-Dispenser] 01 61
[T+267809150us][CH2-Pc    ] 02
[T+267819134us][CH1-Dispenser] 02 72
[T+267836125us][CH2-Pc    ] 22
[T+267843124us][CH1-Dispenser] 22 D2
[T+267870265us][CH1-Dispenser] FF E9
[T+267870127us][CH2-Pc    ] FF E9
[T+267883271us][CH1-Dispenser] FE
[T+267883132us][CH2-Pc    ] FE
[T+267896260us][CH1-Dispenser] E0
[T+267896127us][CH2-Pc    ] E0
[T+267908257us][CH1-Dispenser] E1
[T+267908126us][CH2-Pc    ] E1
[T+267921256us][CH1-Dispenser] E0
[T+267921126us][CH2-Pc    ] E0
[T+267935272us][CH1-Dispenser] FB
[T+267935133us][CH2-Pc    ] FB
[T+267947272us][CH1-Dispenser] EE
[T+267947133us][CH2-Pc    ] EE
[T+267959163us][CH2-Pc    ] F0
[T+267989126us][CH1-Dispenser] F0 BA B0 B3 B2 B0 B1 B0 B0 B0 B0 B1 B1 B1 B1 B1 C1 C1 8D 8A
[T+268061151us][CH2-Pc    ] 03
[T+268067133us][CH1-Dispenser] 03 93
[T+268088125us][CH2-Pc    ] 63
[T+268103126us][CH1-Dispenser] 63 E5 E0 E6 E9 E0 E0
[T+268167151us][CH2-Pc    ] 04
[T+268175808us][CH1-Dispenser] 04 64
[T+268245258us][CH1-Dispenser] 05
[T+268245126us][CH2-Pc    ] 05
[T+268420261us][CH1-Dispenser] 06
[T+268420126us][CH2-Pc    ] 06
[T+268595126us][CH2-Pc    ] 01
[T+268605125us][CH1-Dispenser] 01 61
[T+268673151us][CH2-Pc    ] 02
[T+268683126us][CH1-Dispenser] 02 72
[T+268700125us][CH2-Pc    ] 22
[T+268708163us][CH1-Dispenser] 22 D2
[T+268722263us][CH1-Dispenser] FF
[T+268722127us][CH2-Pc    ] FF
[T+268735260us][CH1-Dispenser] E9
[T+268735127us][CH2-Pc    ] E9
[T+268747133us][CH2-Pc    ] FE
[T+268748125us][CH1-Dispenser] FE
[T+268760256us][CH1-Dispenser] E0
[T+268760126us][CH2-Pc    ] E0
[T+268773272us][CH1-Dispenser] E1
[T+268773133us][CH2-Pc    ] E1
[T+268786133us][CH1-Dispenser] E0
[T+268786272us][CH2-Pc    ] E0
[T+268800324us][CH1-Dispenser] FB
[T+268800129us][CH2-Pc    ] FB
[T+268813256us][CH1-Dispenser] EE
[T+268813126us][CH2-Pc    ] EE
[T+268825150us][CH2-Pc    ] F0
[T+268853149us][CH1-Dispenser] F0 BA B0 B3 B2 B0 B1 B0 B0 B0 B0 B1 B1 B1 B1 B1 C1 C1 8D 8A
[T+268925149us][CH2-Pc    ] 03
[T+268932728us][CH1-Dispenser] 03 93
[T+268952149us][CH2-Pc    ] 63
[T+268968152us][CH1-Dispenser] 63 E2 E6 E6 E9 E0 E0
[T+269041125us][CH2-Pc    ] 04
[T+269048134us][CH1-Dispenser] 04 64
[T+269120259us][CH1-Dispenser] 05
[T+269120126us][CH2-Pc    ] 05
[T+269294261us][CH1-Dispenser] 06
[T+269294126us][CH2-Pc    ] 06
[T+269469125us][CH2-Pc    ] 01
[T+269477275us][CH1-Dispenser] 01 61
[T+269547125us][CH2-Pc    ] 02
[T+269551153us][CH1-Dispenser] 02 72
[T+269564125us][CH2-Pc    ] 22
[T+269573126us][CH1-Dispenser] 22 D2
[T+269585257us][CH1-Dispenser] FF
[T+269585126us][CH2-Pc    ] FF
[T+269598270us][CH1-Dispenser] E9
[T+269598134us][CH2-Pc    ] E9
[T+269611596us][CH1-Dispenser] FE
[T+269611457us][CH2-Pc    ] FE
[T+269624577us][CH1-Dispenser] E0
[T+269624731us][CH2-Pc    ] E0
[T+269645258us][CH1-Dispenser] E1
[T+269645126us][CH2-Pc    ] E1
[T+269672259us][CH1-Dispenser] E0 FB
[T+269672127us][CH2-Pc    ] E0 FB
[T+269686272us][CH1-Dispenser] EE
[T+269686133us][CH2-Pc    ] EE
[T+269698165us][CH2-Pc    ] F0
[T+269729125us][CH1-Dispenser] F0 BA B0 B3 B2 B0 B1 B0 B0 B0 B0 B1 B1 B1 B1 B1 C1 C1 8D 8A
[T+269812125us][CH2-Pc    ] 03
[T+269816155us][CH1-Dispenser] 03 93
[T+269828152us][CH2-Pc    ] 63
[T+269843125us][CH1-Dispenser] 63 E0 E0 E7 E9 E0 E0
[T+269909125us][CH2-Pc    ] 04
[T+269917165us][CH1-Dispenser] 04 64
[T+269988261us][CH1-Dispenser] 05
[T+269988126us][CH2-Pc    ] 05
[T+270152263us][CH1-Dispenser] 06
[T+270152126us][CH2-Pc    ] 06
[T+270326126us][CH2-Pc    ] 01
[T+270331125us][CH1-Dispenser] 01 61
[T+270405125us][CH2-Pc    ] 02
[T+270414774us][CH1-Dispenser] 02 72
[T+270432125us][CH2-Pc    ] 22
[T+270437125us][CH1-Dispenser] 22 D2
[T+270466126us][CH1-Dispenser] FF E9
[T+270465125us][CH2-Pc    ] FF E9
[T+270479268us][CH1-Dispenser] FE
[T+270479129us][CH2-Pc    ] FE
[T+270491260us][CH1-Dispenser] E0
[T+270491126us][CH2-Pc    ] E0
[T+270504260us][CH1-Dispenser] E1
[T+270504126us][CH2-Pc    ] E1
[T+270517259us][CH1-Dispenser] E0
[T+270517126us][CH2-Pc    ] E0
[T+270529126us][CH2-Pc    ] FB
[T+270530125us][CH1-Dispenser] FB
[T+270542133us][CH1-Dispenser] EE
[T+270542265us][CH2-Pc    ] EE
[T+270555126us][CH2-Pc    ] F0
[T+270585125us][CH1-Dispenser] F0 BA B0 B3 B2 B0 B1 B0 B0 B0 B0 B1 B1 B1 B1 B1 C1 C1 8D 8A
[T+270657149us][CH2-Pc    ] 03
[T+270667125us][CH1-Dispenser] 03 93
[T+270685125us][CH2-Pc    ] 63
[T+270701151us][CH1-Dispenser] 63 E0 E0 E7 E9 E0 E0
[T+270774125us][CH2-Pc    ] 04
[T+270781134us][CH1-Dispenser] 04 64
[T+270852258us][CH1-Dispenser] 05
[T+270852126us][CH2-Pc    ] 05
[T+271027260us][CH1-Dispenser] 06
[T+271027127us][CH2-Pc    ] 06
[T+271201125us][CH2-Pc    ] 01
[T+271209163us][CH1-Dispenser] 01 61
[T+271280125us][CH2-Pc    ] 02
[T+271288762us][CH1-Dispenser] 02 72
[T+271307125us][CH2-Pc    ] 22
[T+271313125us][CH1-Dispenser] 22 D2
[T+271328258us][CH1-Dispenser] FF
[T+271328126us][CH2-Pc    ] FF
[T+271341271us][CH1-Dispenser] E9
[T+271341134us][CH2-Pc    ] E9
[T+271366263us][CH1-Dispenser] FE E0
[T+271366130us][CH2-Pc    ] FE E0
[T+271379261us][CH1-Dispenser] E1
[T+271379127us][CH2-Pc    ] E1
[T+271392271us][CH1-Dispenser] E0
[T+271392134us][CH2-Pc    ] E0
[T+271405270us][CH1-Dispenser] FB
[T+271405133us][CH2-Pc    ] FB
[T+271417392us][CH1-Dispenser] EE
[T+271417252us][CH2-Pc    ] EE
[T+271432126us][CH2-Pc    ] F0
[T+271459125us][CH1-Dispenser] F0 BA B0 B3 B2 B0 B1 B0 B0 B0 B0 B1 B1 B1 B1 B1 C1 C1 8D 8A
[T+271531149us][CH2-Pc    ] 03
[T+271539149us][CH1-Dispenser] 03 93
[T+271559149us][CH2-Pc    ] 63
[T+271574125us][CH1-Dispenser] 63 E0 E0 E7 E9 E0 E0
[T+271649125us][CH2-Pc    ] 04
[T+271657163us][CH1-Dispenser] 04 64
[T+271729261us][CH1-Dispenser] 05
[T+271729127us][CH2-Pc    ] 05
[T+271905259us][CH1-Dispenser] 06
[T+271905126us][CH2-Pc    ] 06
[T+272079126us][CH2-Pc    ] 01
[T+272088125us][CH1-Dispenser] 01 61
[T+272158125us][CH2-Pc    ] 02
[T+272174125us][CH2-Pc    ] 22
[T+272195125us][CH1-Dispenser] 02 72 22 D2 FF
[T+272196126us][CH2-Pc    ] FF
[T+272208272us][CH1-Dispenser] E9
[T+272208133us][CH2-Pc    ] E9
[T+272221264us][CH1-Dispenser] FE
[T+272221129us][CH2-Pc    ] FE
[T+272234266us][CH1-Dispenser] E0
[T+272234129us][CH2-Pc    ] E0
[T+272247119us][CH1-Dispenser] E1
[T+272246974us][CH2-Pc    ] E1
[T+272259270us][CH1-Dispenser] E0
[T+272259132us][CH2-Pc    ] E0
[T+272272270us][CH1-Dispenser] FB
[T+272272130us][CH2-Pc    ] FB
[T+272284257us][CH1-Dispenser] EE
[T+272284126us][CH2-Pc    ] EE
[T+272297125us][CH2-Pc    ] F0
[T+272324125us][CH1-Dispenser] F0 BA B0 B3 B2 B0 B1 B0 B0 B0 B0 B1 B1 B1 B1 B1 C1 C1 8D 8A
[T+272389125us][CH2-Pc    ] 03
[T+272398126us][CH1-Dispenser] 03 93
[T+272417125us][CH2-Pc    ] 63
[T+272428133us][CH1-Dispenser] 63 E0 E0 E7 E9 E0 E0
[T+272495125us][CH2-Pc    ] 04
[T+272501125us][CH1-Dispenser] 04 64
[T+272573259us][CH1-Dispenser] 05
[T+272573126us][CH2-Pc    ] 05
[T+272748261us][CH1-Dispenser] 06
[T+272748126us][CH2-Pc    ] 06
[T+272923125us][CH2-Pc    ] 01
[T+272933128us][CH1-Dispenser] 01 61
[T+273003125us][CH2-Pc    ] 02
[T+273012731us][CH1-Dispenser] 02 72
[T+273030125us][CH2-Pc    ] 22
[T+273038149us][CH1-Dispenser] 22 D2
[T+273052263us][CH1-Dispenser] FF
[T+273052127us][CH2-Pc    ] FF
[T+273065133us][CH1-Dispenser] E9
[T+273065270us][CH2-Pc    ] E9
[T+273077271us][CH1-Dispenser] FE
[T+273077136us][CH2-Pc    ] FE
[T+273091489us][CH1-Dispenser] E0
[T+273091349us][CH2-Pc    ] E0
[T+273103265us][CH1-Dispenser] E1
[T+273103128us][CH2-Pc    ] E1
[T+273115258us][CH1-Dispenser] E0
[T+273115126us][CH2-Pc    ] E0
[T+273128260us][CH1-Dispenser] FB
[T+273128126us][CH2-Pc    ] FB
[T+273141257us][CH1-Dispenser] EE
[T+273141126us][CH2-Pc    ] EE
[T+273154126us][CH2-Pc    ] F0
[T+273185125us][CH1-Dispenser] F0 BA B0 B3 B2 B0 B1 B0 B0 B0 B0 B1 B1 B1 B1 B1 C1 C1 8D 8A
[T+273255125us][CH2-Pc    ] 03
[T+273261133us][CH1-Dispenser] 03 93
[T+273282126us][CH2-Pc    ] 63
[T+273294153us][CH1-Dispenser] 63 E0 E0 E7 E9 E0 E0
[T+273372125us][CH2-Pc    ] 04
[T+273377125us][CH1-Dispenser] 04 64
[T+273449260us][CH1-Dispenser] 05
[T+273449126us][CH2-Pc    ] 05
[T+273624261us][CH1-Dispenser] 06
[T+273624126us][CH2-Pc    ] 06
[T+273799125us][CH2-Pc    ] 01
[T+273807165us][CH1-Dispenser] 01 61
[T+273877125us][CH2-Pc    ] 02
[T+273883125us][CH1-Dispenser] 02 72
[T+273904125us][CH2-Pc    ] 22
[T+273911125us][CH1-Dispenser] 22 D2
[T+273926627us][CH1-Dispenser] FF
[T+273926489us][CH2-Pc    ] FF
[T+273939271us][CH1-Dispenser] E9
[T+273939133us][CH2-Pc    ] E9
[T+273951361us][CH1-Dispenser] FE
[T+273951222us][CH2-Pc    ] FE
[T+273964254us][CH1-Dispenser] E0
[T+273964126us][CH2-Pc    ] E0
[T+273977268us][CH1-Dispenser] E1
[T+273977133us][CH2-Pc    ] E1
[T+273992130us][CH1-Dispenser] E0
[T+273992270us][CH2-Pc    ] E0
[T+274002669us][CH1-Dispenser] FB
[T+274002531us][CH2-Pc    ] FB
[T+274015258us][CH1-Dispenser] EE
[T+274015126us][CH2-Pc    ] EE
[T+274027151us][CH2-Pc    ] F0
[T+274055149us][CH1-Dispenser] F0 BA B0 B3 B2 B0 B1 B0 B0 B0 B0 B1 B1 B1 B1 B1 C1 C1 8D 8A
[T+274119152us][CH2-Pc    ] 03
[T+274127749us][CH1-Dispenser] 03 93
[T+274147149us][CH2-Pc    ] 63
[T+274158125us][CH1-Dispenser] 63 E0 E0 E7 E9 E0 E0
[T+274226149us][CH2-Pc    ] 04
[T+274232125us][CH1-Dispenser] 04 64
[T+274304259us][CH1-Dispenser] 05
[T+274304126us][CH2-Pc    ] 05
[T+274490261us][CH1-Dispenser] 06
[T+274490126us][CH2-Pc    ] 06
[T+274654150us][CH2-Pc    ] 01
[T+274663619us][CH1-Dispenser] 01 61
[T+274732126us][CH2-Pc    ] 02
[T+274737126us][CH1-Dispenser] 02 72
[T+274759126us][CH2-Pc    ] 22
[T+274770126us][CH1-Dispenser] 22 D2
[T+274807125us][CH1-Dispenser] FF E9
[T+274806127us][CH2-Pc    ] FF E9
[T+274819253us][CH1-Dispenser] FE
[T+274819126us][CH2-Pc    ] FE
[T+274832257us][CH1-Dispenser] E0
[T+274832126us][CH2-Pc    ] E0
[T+274845270us][CH1-Dispenser] E1
[T+274845132us][CH2-Pc    ] E1
[T+274858258us][CH1-Dispenser] E0
[T+274858126us][CH2-Pc    ] E0
[T+274870257us][CH1-Dispenser] FB
[T+274870126us][CH2-Pc    ] FB
[T+274894257us][CH1-Dispenser] EE
[T+274894126us][CH2-Pc    ] EE
[T+274908125us][CH2-Pc    ] F0
[T+274935126us][CH1-Dispenser] F0 BA B0 B3 B2 B0 B1 B0 B0 B0 B0 B1 B1 B1 B1 B1 C1 C1 8D 8A
[T+275008125us][CH2-Pc    ] 03
[T+275018133us][CH1-Dispenser] 03 A3
[T+275586149us][CH2-Pc    ] 04
[T+275594764us][CH1-Dispenser] 04 64
[T+275664262us][CH1-Dispenser] 05
[T+275664126us][CH2-Pc    ] 05
[T+275839261us][CH1-Dispenser] 06
[T+275839126us][CH2-Pc    ] 06
[T+276014125us][CH2-Pc    ] 01
[T+276023279us][CH1-Dispenser] 01 61
[T+276092126us][CH2-Pc    ] 02
[T+276097125us][CH1-Dispenser] 02 72
[T+276119126us][CH2-Pc    ] 22
[T+276128125us][CH1-Dispenser] 22 D2
[T+276141255us][CH1-Dispenser] FF
[T+276141126us][CH2-Pc    ] FF
[T+276154260us][CH1-Dispenser] E9
[T+276154127us][CH2-Pc    ] E9
[T+276166258us][CH1-Dispenser] FE
[T+276166126us][CH2-Pc    ] FE
[T+276179261us][CH1-Dispenser] E0
[T+276179127us][CH2-Pc    ] E0
[T+276204254us][CH1-Dispenser] E1 E0
[T+276204126us][CH2-Pc    ] E1 E0
[T+276218267us][CH1-Dispenser] FB
[T+276218129us][CH2-Pc    ] FB
[T+276230269us][CH1-Dispenser] EE
[T+276230132us][CH2-Pc    ] EE
[T+276242149us][CH2-Pc    ] F0
[T+276270126us][CH1-Dispenser] F0 BA B0 B3 B2 B0 B1 B0 B0 B0 B0 B1 B1 B1 B1 B1 C1 C1 8D 8A
[T+276334149us][CH2-Pc    ] 03
[T+276344129us][CH1-Dispenser] 03 63
[T+276912151us][CH2-Pc    ] 04
[T+276918736us][CH1-Dispenser] 04 64
[T+276990264us][CH1-Dispenser] 05
[T+276990126us][CH2-Pc    ] 05
[T+277176264us][CH1-Dispenser] 06
[T+277176126us][CH2-Pc    ] 06
[T+277340152us][CH2-Pc    ] 01
[T+277347133us][CH1-Dispenser] 01 61
[T+277418125us][CH2-Pc    ] 02
[T+277421125us][CH1-Dispenser] 02 72
[T+277435125us][CH2-Pc    ] 22
[T+277443163us][CH1-Dispenser] 22 D2
[T+277468267us][CH1-Dispenser] FF E9
[T+277468132us][CH2-Pc    ] FF E9
[T+277482271us][CH1-Dispenser] FE
[T+277482133us][CH2-Pc    ] FE
[T+277494272us][CH1-Dispenser] E0
[T+277494133us][CH2-Pc    ] E0
[T+277507271us][CH1-Dispenser] E1
[T+277507133us][CH2-Pc    ] E1
[T+277520270us][CH1-Dispenser] E0
[T+277520134us][CH2-Pc    ] E0
[T+277533272us][CH1-Dispenser] FB
[T+277533133us][CH2-Pc    ] FB
[T+277545272us][CH1-Dispenser] EE
[T+277545133us][CH2-Pc    ] EE
[T+277558125us][CH2-Pc    ] F0
[T+277585125us][CH1-Dispenser] F0 BA B0 B3 B2 B0 B1 B0 B0 B0 B0 B1 B1 B1 B1 B1 C1 C1 8D 8A
[T+277650125us][CH2-Pc    ] 03
[T+277657125us][CH1-Dispenser] 03 63
[T+277677152us][CH2-Pc    ] 43
[T+277726126us][CH1-Dispenser] 43 FF F1 F8 EB E2 E0 E0 E0 F6 E0 F4 F7 E0 E3 E1 E1 F9 E0 E8 E5 E8 E0 E0 FA E0 E0 E7 E9 E0 E0 FB E2 F0
[T+277749259us][CH1-Dispenser] 53
[T+277749126us][CH2-Pc    ] 53
[T+277888132us][CH1-Dispenser] FF F6 E0 F9 E2 E3 E5 E4 E1 E1 E1 E4 FA E2 E5 E1 E4 E7 E1 E9 E7 F4 E0 E3 E1 E1 F5 E0 E0 E0 E0 F6 E1 F9 E3 E7 E6 E2 E3 E5 E0 E4 FA E9 E5 E5 E5 E9 E0 E3 E4 F4 E0 E0 E1 E1 F5 E0 E0 E0 E0 F6 E2 F9 E6 E5 E8 E1 E8 E9 E5 E5 FA E6 E5 E5 E5 E3 E0 E7 E0 F4 E0 E3 E4 E1 F5 E0 E0 E0 E0 FB E1 F0
[T+277965125us][CH2-Pc    ] 04
[T+277973163us][CH1-Dispenser] 04 64
[T+278043260us][CH1-Dispenser] 05
[T+278043126us][CH2-Pc    ] 05
[T+278218258us][CH1-Dispenser] 06
[T+278218126us][CH2-Pc    ] 06
[T+278393125us][CH2-Pc    ] 01
[T+278398722us][CH1-Dispenser] 01 61
[T+278471125us][CH2-Pc    ] 02
[T+278477125us][CH1-Dispenser] 02 72
[T+278498125us][CH2-Pc    ] 22
[T+278503689us][CH1-Dispenser] 22 D2
[T+278520260us][CH1-Dispenser] FF
[T+278520126us][CH2-Pc    ] FF
[T+278532262us][CH1-Dispenser] E9
[T+278532126us][CH2-Pc    ] E9
[T+278573263us][CH1-Dispenser] FE E0
[T+278573126us][CH2-Pc    ] FE E0
[T+278586261us][CH1-Dispenser] E1
[T+278586127us][CH2-Pc    ] E1
[T+278599256us][CH1-Dispenser] E0
[T+278599126us][CH2-Pc    ] E0
[T+278624258us][CH1-Dispenser] FB EE
[T+278624126us][CH2-Pc    ] FB EE
[T+278638125us][CH2-Pc    ] F0
[T+278665126us][CH1-Dispenser] F0 BA B0 B3 B2 B0 B1 B0 B0 B0 B0 B1 B1 B1 B1 B1 C1 C1 8D 8A
[T+278729151us][CH2-Pc    ] 03
[T+278737779us][CH1-Dispenser] 03 63
[T+278756259us][CH1-Dispenser] 53
[T+278756126us][CH2-Pc    ] 53
[T+278890126us][CH1-Dispenser] FF F6 E0 F9 E2 E3 E5 E4 E1 E1 E1 E4 FA E2 E5 E1 E4 E7 E1 E9 E7 F4 E0 E3 E1 E1 F5 E0 E0 E0 E0 F6 E1 F9 E3 E7 E6 E2 E3 E5 E0 E4 FA E9 E5 E5 E5 E9 E0 E3 E4 F4 E0 E0 E1 E1 F5 E0 E0 E0 E0 F6 E2 F9 E6 E5 E8 E1 E8 E9 E5 E5 FA E6 E5 E5 E5 E3 E0 E7 E0 F4 E0 E3 E4 E1 F5 E0 E0 E0 E0 FB E1 F0
[T+278976125us][CH2-Pc    ] 04
[T+278982125us][CH1-Dispenser] 04 64
[T+279054259us][CH1-Dispenser] 05
[T+279054126us][CH2-Pc    ] 05
[T+279239262us][CH1-Dispenser] 06
[T+279239126us][CH2-Pc    ] 06
[T+279403150us][CH2-Pc    ] 01
[T+279413130us][CH1-Dispenser] 01 61
[T+279481149us][CH2-Pc    ] 02
[T+279488133us][CH1-Dispenser] 02 72
[T+279509125us][CH2-Pc    ] 22
[T+279517150us][CH1-Dispenser] 22 D2
[T+279530261us][CH1-Dispenser] FF
[T+279530127us][CH2-Pc    ] FF
[T+279552257us][CH1-Dispenser] E9
[T+279552126us][CH2-Pc    ] E9
[T+279573257us][CH1-Dispenser] FE
[T+279573126us][CH2-Pc    ] FE
[T+279595260us][CH1-Dispenser] E0
[T+279595126us][CH2-Pc    ] E0
[T+279616262us][CH1-Dispenser] E1
[T+279616127us][CH2-Pc    ] E1
[T+279638257us][CH1-Dispenser] E0
[T+279638126us][CH2-Pc    ] E0
[T+279659260us][CH1-Dispenser] FB
[T+279659126us][CH2-Pc    ] FB
[T+279681253us][CH1-Dispenser] EE
[T+279681126us][CH2-Pc    ] EE
[T+279702125us][CH2-Pc    ] F0
[T+279731125us][CH1-Dispenser] F0 BA B0 B3 B2 B0 B1 B0 B0 B0 B0 B1 B1 B1 B1 B1 C1 C1 8D 8A
[T+279802125us][CH2-Pc    ] 03
[T+279807694us][CH1-Dispenser] 03 63
[T+279880125us][CH2-Pc    ] 04
[T+279887125us][CH1-Dispenser] 04 64
[T+279958259us][CH1-Dispenser] 05
[T+279958126us][CH2-Pc    ] 05
[T+280124259us][CH1-Dispenser] 06
[T+280124126us][CH2-Pc    ] 06
[T+280299125us][CH2-Pc    ] 01
[T+280308517us][CH1-Dispenser] 01 61
[T+280377126us][CH2-Pc    ] 02
[T+280384134us][CH1-Dispenser] 02 72
[T+280404150us][CH2-Pc    ] 22
[T+280413125us][CH1-Dispenser] 22 D2
[T+280438263us][CH1-Dispenser] FF E9
[T+280438126us][CH2-Pc    ] FF E9
[T+280451268us][CH1-Dispenser] FE
[T+280451133us][CH2-Pc    ] FE
[T+280464270us][CH1-Dispenser] E0
[T+280464133us][CH2-Pc    ] E0
[T+280477271us][CH1-Dispenser] E1
[T+280477133us][CH2-Pc    ] E1
[T+280489271us][CH1-Dispenser] E0
[T+280489133us][CH2-Pc    ] E0
[T+280502271us][CH1-Dispenser] FB
[T+280502135us][CH2-Pc    ] FB
[T+280515169us][CH1-Dispenser] EE
[T+280515306us][CH2-Pc    ] EE
[T+280528125us][CH2-Pc    ] F0
[T+280555126us][CH1-Dispenser] F0 BA B0 B3 B2 B0 B1 B0 B0 B0 B0 B1 B1 B1 B1 B1 C1 C1 8D 8A
[T+280631150us][CH2-Pc    ] 03
[T+280636125us][CH1-Dispenser] 03 63
[T+280709125us][CH2-Pc    ] 04
[T+280717163us][CH1-Dispenser] 04 64
[T+280787260us][CH1-Dispenser] 05
[T+280787126us][CH2-Pc    ] 05
[T+280973262us][CH1-Dispenser] 06
[T+280973126us][CH2-Pc    ] 06
[T+281137150us][CH2-Pc    ] 01
[T+281144125us][CH1-Dispenser] 01 61
[T+281215125us][CH2-Pc    ] 02
[T+281222743us][CH1-Dispenser] 02 72
[T+281242149us][CH2-Pc    ] 22
[T+281249769us][CH1-Dispenser] 22 D2
[T+281265258us][CH1-Dispenser] FF
[T+281265126us][CH2-Pc    ] FF
[T+281286258us][CH1-Dispenser] E9
[T+281286126us][CH2-Pc    ] E9
[T+281308270us][CH1-Dispenser] FE
[T+281308133us][CH2-Pc    ] FE
[T+281329258us][CH1-Dispenser] E0
[T+281329126us][CH2-Pc    ] E0
[T+281359258us][CH1-Dispenser] E1
[T+281359126us][CH2-Pc    ] E1
[T+281381258us][CH1-Dispenser] E0
[T+281381126us][CH2-Pc    ] E0
[T+281403257us][CH1-Dispenser] FB
[T+281403126us][CH2-Pc    ] FB
[T+281424259us][CH1-Dispenser] EE
[T+281424126us][CH2-Pc    ] EE
[T+281446125us][CH2-Pc    ] F0
[T+281476125us][CH1-Dispenser] F0 BA B0 B3 B2 B0 B1 B0 B0 B0 B0 B1 B1 B1 B1 B1 C1 C1 8D 8A
[T+281541125us][CH2-Pc    ] 03
[T+281548424us][CH1-Dispenser] 03 63
[T+281618125us][CH2-Pc    ] 04
[T+281627125us][CH1-Dispenser] 04 64
[T+281696258us][CH1-Dispenser] 05
[T+281696126us][CH2-Pc    ] 05
[T+281871262us][CH1-Dispenser] 06
[T+281871127us][CH2-Pc    ] 06
[T+282062125us][CH2-Pc    ] 01
[T+282068125us][CH1-Dispenser] 01 61
[T+282140150us][CH2-Pc    ] 02
[T+282148682us][CH1-Dispenser] 02 72
[T+282179262us][CH1-Dispenser] 22 D2 FF
[T+282179126us][CH2-Pc    ] 22 FF
[T+282223259us][CH1-Dispenser] E9
[T+282223126us][CH2-Pc    ] E9
[T+282244259us][CH1-Dispenser] FE
[T+282244126us][CH2-Pc    ] FE
[T+282266443us][CH1-Dispenser] E0
[T+282266307us][CH2-Pc    ] E0
[T+282287261us][CH1-Dispenser] E1
[T+282287126us][CH2-Pc    ] E1
[T+282309258us][CH1-Dispenser] E0
[T+282309126us][CH2-Pc    ] E0
[T+282330263us][CH1-Dispenser] FB
[T+282330128us][CH2-Pc    ] FB
[T+282352258us][CH1-Dispenser] EE
[T+282352126us][CH2-Pc    ] EE
[T+282373125us][CH2-Pc    ] F0
[T+282400126us][CH1-Dispenser] F0 BA B0 B3 B2 B0 B1 B0 B0 B0 B0 B1 B1 B1 B1 B1 C1 C1 8D 8A
[T+282475125us][CH2-Pc    ] 03
[T+282481125us][CH1-Dispenser] 03 63
[T+282553150us][CH2-Pc    ] 04
[T+282557153us][CH1-Dispenser] 04 64
[T+282620262us][CH1-Dispenser] 05
[T+282620126us][CH2-Pc    ] 05
[T+282796261us][CH1-Dispenser] 06
[T+282796126us][CH2-Pc    ] 06
[T+282967125us][CH2-Pc    ] 01
[T+282973125us][CH1-Dispenser] 01 61
[T+283045149us][CH2-Pc    ] 02
[T+283054126us][CH1-Dispenser] 02 72
[T+283072125us][CH2-Pc    ] 22
[T+283077125us][CH1-Dispenser] 22 D2
[T+283094256us][CH1-Dispenser] FF
[T+283094126us][CH2-Pc    ] FF
[T+283115258us][CH1-Dispenser] E9
[T+283115126us][CH2-Pc    ] E9
[T+283137258us][CH1-Dispenser] FE
[T+283137126us][CH2-Pc    ] FE
[T+283158257us][CH1-Dispenser] E0
[T+283158126us][CH2-Pc    ] E0
[T+283180378us][CH1-Dispenser] E1
[T+283180247us][CH2-Pc    ] E1
[T+283201266us][CH1-Dispenser] E0
[T+283201127us][CH2-Pc    ] E0
[T+283215264us][CH1-Dispenser] FB
[T+283215128us][CH2-Pc    ] FB
[T+283230258us][CH1-Dispenser] EE
[T+283230127us][CH2-Pc    ] EE
[T+283251125us][CH2-Pc    ] F0
[T+283281125us][CH1-Dispenser] F0 BA B0 B3 B2 B0 B1 B0 B0 B0 B0 B1 B1 B1 B1 B1 C1 C1 8D 8A
[T+283351125us][CH2-Pc    ] 03
[T+283359165us][CH1-Dispenser] 03 63
[T+283429125us][CH2-Pc    ] 04
[T+283438750us][CH1-Dispenser] 04 64
[T+283507265us][CH1-Dispenser] 05
[T+283507129us][CH2-Pc    ] 05
[T+283692260us][CH1-Dispenser] 06
[T+283692126us][CH2-Pc    ] 06
[T+283857125us][CH2-Pc    ] 01
[T+283863125us][CH1-Dispenser] 01 61
[T+283935151us][CH2-Pc    ] 02
[T+283942133us][CH1-Dispenser] 02 72
[T+283962150us][CH2-Pc    ] 22
[T+283969133us][CH1-Dispenser] 22 D2
[T+283983258us][CH1-Dispenser] FF
[T+283983126us][CH2-Pc    ] FF
[T+283996264us][CH1-Dispenser] E9
[T+283996129us][CH2-Pc    ] E9
[T+284009266us][CH1-Dispenser] FE
[T+284009130us][CH2-Pc    ] FE
[T+284021265us][CH1-Dispenser] E0
[T+284021129us][CH2-Pc    ] E0
[T+284034260us][CH1-Dispenser] E1
[T+284034127us][CH2-Pc    ] E1
[T+284047257us][CH1-Dispenser] E0
[T+284047126us][CH2-Pc    ] E0
[T+284060125us][CH1-Dispenser] FB
[T+284059140us][CH2-Pc    ] FB
[T+284072417us][CH1-Dispenser] EE
[T+284072279us][CH2-Pc    ] EE
[T+284085125us][CH2-Pc    ] F0
[T+284115125us][CH1-Dispenser] F0 BA B0 B3 B2 B0 B1 B0 B0 B0 B0 B1 B1 B1 B1 B1 C1 C1 8D 8A
[T+284137125us][CH2-Pc    ] 22
[T+284142125us][CH1-Dispenser] 22 D2
[T+284158257us][CH1-Dispenser] FF
[T+284158126us][CH2-Pc    ] FF
[T+284171270us][CH1-Dispenser] E5
[T+284171134us][CH2-Pc    ] E5
[T+284184273us][CH1-Dispenser] F4
[T+284184133us][CH2-Pc    ] F4
[T+284196272us][CH1-Dispenser] F6
[T+284196133us][CH2-Pc    ] F6
[T+284209272us][CH1-Dispenser] E0
[T+284209133us][CH2-Pc    ] E0
[T+284222268us][CH1-Dispenser] F7
[T+284222134us][CH2-Pc    ] F7
[T+284243257us][CH1-Dispenser] E0
[T+284243126us][CH2-Pc    ] E0
[T+284265256us][CH1-Dispenser] E3
[T+284265126us][CH2-Pc    ] E3
[T+284286256us][CH1-Dispenser] E1
[T+284286126us][CH2-Pc    ] E1
[T+284308264us][CH1-Dispenser] E1
[T+284308130us][CH2-Pc    ] E1
[T+284320265us][CH1-Dispenser] FB
[T+284320130us][CH2-Pc    ] FB
[T+284333265us][CH1-Dispenser] EB
[T+284333130us][CH2-Pc    ] EB
[T+284346254us][CH1-Dispenser] F0
[T+284346126us][CH2-Pc    ] F0
[T+284435125us][CH2-Pc    ] 02
[T+284443149us][CH1-Dispenser] 02 72
[T+284464125us][CH2-Pc    ] 22
[T+284469125us][CH1-Dispenser] 22 D2
[T+284484257us][CH1-Dispenser] FF
[T+284484126us][CH2-Pc    ] FF
[T+284497272us][CH1-Dispenser] E5
[T+284497133us][CH2-Pc    ] E5
[T+284510133us][CH1-Dispenser] F2
[T+284510272us][CH2-Pc    ] F2
[T+284522267us][CH1-Dispenser] F8
[T+284522131us][CH2-Pc    ] F8
[T+284535256us][CH1-Dispenser] E0
[T+284535126us][CH2-Pc    ] E0
[T+284548270us][CH1-Dispenser] E0
[T+284548132us][CH2-Pc    ] E0
[T+284561259us][CH1-Dispenser] E9
[T+284561127us][CH2-Pc    ] E9
[T+284573378us][CH1-Dispenser] E3
[T+284573223us][CH2-Pc    ] E3
[T+284586257us][CH1-Dispenser] E3
[T+284586126us][CH2-Pc    ] E3
[T+284599270us][CH1-Dispenser] E0
[T+284599134us][CH2-Pc    ] E0
[T+284611273us][CH1-Dispenser] FB
[T+284611134us][CH2-Pc    ] FB
[T+284624495us][CH1-Dispenser] E8
[T+284624134us][CH2-Pc    ] E8
[T+284637272us][CH1-Dispenser] F0
[T+284637133us][CH2-Pc    ] F0
[T+284726126us][CH2-Pc    ] 02
[T+284733134us][CH1-Dispenser] 02 72
[T+284753260us][CH1-Dispenser] 12
[T+284753127us][CH2-Pc    ] 12
[T+284840126us][CH2-Pc    ] 02
[T+284849128us][CH1-Dispenser] 02 92
[T+284918125us][CH2-Pc    ] 03
[T+284925594us][CH1-Dispenser] 03 63
[T+284987125us][CH2-Pc    ] 04
[T+284993125us][CH1-Dispenser] 04 64
[T+285065260us][CH1-Dispenser] 05
[T+285065127us][CH2-Pc    ] 05
[T+285230261us][CH1-Dispenser] 06
[T+285230126us][CH2-Pc    ] 06
[T+285406150us][CH2-Pc    ] 01
[T+285414829us][CH1-Dispenser] 01 61
[T+285484125us][CH2-Pc    ] 02
[T+285494127us][CH1-Dispenser] 02 92
[T+286062149us][CH2-Pc    ] 03
[T+286067125us][CH1-Dispenser] 03 63
[T+286141125us][CH2-Pc    ] 04
[T+286146125us][CH1-Dispenser] 04 64
[T+286219260us][CH1-Dispenser] 05
[T+286219126us][CH2-Pc    ] 05
[T+286394260us][CH1-Dispenser] 06
[T+286394126us][CH2-Pc    ] 06
[T+286558150us][CH2-Pc    ] 01
[T+286562153us][CH1-Dispenser] 01 61
[T+286636125us][CH2-Pc    ] 02
[T+286643293us][CH1-Dispenser] 02 92
[T+286664125us][CH2-Pc    ] 62
[T+286680472us][CH1-Dispenser] 62 E0 E0 E0 E0 E0 E0
[T+286753125us][CH2-Pc    ] 03
[T+286757154us][CH1-Dispenser] 03 63
[T+286822126us][CH2-Pc    ] 04
[T+286829133us][CH1-Dispenser] 04 64
[T+286900261us][CH1-Dispenser] 05
[T+286900126us][CH2-Pc    ] 05
[T+287075264us][CH1-Dispenser] 06
[T+287075126us][CH2-Pc    ] 06
[T+287250125us][CH2-Pc    ] 01
[T+287258149us][CH1-Dispenser] 01 61
[T+287329125us][CH2-Pc    ] 02
[T+287337163us][CH1-Dispenser] 02 92
[T+287362126us][CH2-Pc    ] 62
[T+287376125us][CH1-Dispenser] 62 E0 E0 E0 E0 E0 E0
[T+287439126us][CH2-Pc    ] 03
[T+287447810us][CH1-Dispenser] 03 63
[T+287517125us][CH2-Pc    ] 04
[T+287523133us][CH1-Dispenser] 04 64
[T+287596259us][CH1-Dispenser] 05
[T+287596126us][CH2-Pc    ] 05
[T+287770260us][CH1-Dispenser] 06
[T+287770126us][CH2-Pc    ] 06
[T+287936125us][CH2-Pc    ] 01
[T+287944163us][CH1-Dispenser] 01 61
[T+288014126us][CH2-Pc    ] 02
[T+288017125us][CH1-Dispenser] 02 92
[T+288031125us][CH2-Pc    ] 62
[T+288045125us][CH1-Dispenser] 62 E0 E0 E0 E0 E0 E0
[T+288109150us][CH2-Pc    ] 03
[T+288119125us][CH1-Dispenser] 03 63
[T+288187150us][CH2-Pc    ] 04
[T+288193133us][CH1-Dispenser] 04 64
[T+288266259us][CH1-Dispenser] 05
[T+288266126us][CH2-Pc    ] 05
[T+288440262us][CH1-Dispenser] 06
[T+288440126us][CH2-Pc    ] 06
[T+288604151us][CH2-Pc    ] 01
[T+288613126us][CH1-Dispenser] 01 61
[T+288682125us][CH2-Pc    ] 02
[T+288688125us][CH1-Dispenser] 02 92
[T+288710125us][CH2-Pc    ] 62
[T+288725125us][CH1-Dispenser] 62 E3 E1 E1 E0 E0 E0
[T+288805126us][CH2-Pc    ] 03
[T+288813834us][CH1-Dispenser] 03 63
[T+288883125us][CH2-Pc    ] 04
[T+288887153us][CH1-Dispenser] 04 64
[T+288950260us][CH1-Dispenser] 05
[T+288950126us][CH2-Pc    ] 05
[T+289125260us][CH1-Dispenser] 06
[T+289125126us][CH2-Pc    ] 06
[T+289300125us][CH2-Pc    ] 01
[T+289309754us][CH1-Dispenser] 01 61
[T+289378125us][CH2-Pc    ] 02
[T+289384125us][CH1-Dispenser] 02 92
[T+289405125us][CH2-Pc    ] 62
[T+289423126us][CH1-Dispenser] 62 E6 E1 E3 E0 E0 E0
[T+289495149us][CH2-Pc    ] 03
[T+289503163us][CH1-Dispenser] 03 63
[T+289573125us][CH2-Pc    ] 04
[T+289579125us][CH1-Dispenser] 04 64
[T+289652264us][CH1-Dispenser] 05
[T+289652126us][CH2-Pc    ] 05
[T+289831261us][CH1-Dispenser] 06
[T+289831126us][CH2-Pc    ] 06
[T+290019149us][CH2-Pc    ] 01
[T+290028125us][CH1-Dispenser] 01 61
[T+290097125us][CH2-Pc    ] 02
[T+290102125us][CH1-Dispenser] 02 92
[T+290125125us][CH2-Pc    ] 62
[T+290140125us][CH1-Dispenser] 62 E7 E9 E4 E0 E0 E0
[T+290214126us][CH2-Pc    ] 03
[T+290222197us][CH1-Dispenser] 03 63
[T+290292125us][CH2-Pc    ] 04
[T+290298134us][CH1-Dispenser] 04 64
[T+290370263us][CH1-Dispenser] 05
[T+290370127us][CH2-Pc    ] 05
[T+290545262us][CH1-Dispenser] 06
[T+290545127us][CH2-Pc    ] 06
[T+290720125us][CH2-Pc    ] 01
[T+290730759us][CH1-Dispenser] 01 61
[T+290800125us][CH2-Pc    ] 02
[T+290811125us][CH1-Dispenser] 02 92
[T+290827149us][CH2-Pc    ] 62
[T+290840125us][CH1-Dispenser] 62 E4 E0 E9 E0 E0 E0
[T+290905125us][CH2-Pc    ] 03
[T+290912125us][CH1-Dispenser] 03 63
[T+290983125us][CH2-Pc    ] 04
[T+290988125us][CH1-Dispenser] 04 64
[T+291061259us][CH1-Dispenser] 05
[T+291061126us][CH2-Pc    ] 05
[T+291236262us][CH1-Dispenser] 06
[T+291236126us][CH2-Pc    ] 06
[T+291411126us][CH2-Pc    ] 01
[T+291419173us][CH1-Dispenser] 01 61
[T+291489125us][CH2-Pc    ] 02
[T+291500125us][CH1-Dispenser] 02 92
[T+291517125us][CH2-Pc    ] 62
[T+291531125us][CH1-Dispenser] 62 E2 E2 E3 E1 E0 E0
[T+291595130us][CH2-Pc    ] 03
[T+291602125us][CH1-Dispenser] 03 63
[T+291673125us][CH2-Pc    ] 04
[T+291678125us][CH1-Dispenser] 04 64
[T+291751261us][CH1-Dispenser] 05
[T+291751126us][CH2-Pc    ] 05
[T+291926262us][CH1-Dispenser] 06
[T+291926126us][CH2-Pc    ] 06
[T+292127125us][CH1-Dispenser] 01 61
[T+292124125us][CH2-Pc    ] 01
[T+292191149us][CH2-Pc    ] 02
[T+292198125us][CH1-Dispenser] 02 92
[T+292219125us][CH2-Pc    ] 62
[T+292229183us][CH1-Dispenser] 62 E0 E4 E7 E1 E0 E0
[T+292302125us][CH2-Pc    ] 03
[T+292309726us][CH1-Dispenser] 03 63
[T+292380126us][CH2-Pc    ] 04
[T+292388173us][CH1-Dispenser] 04 64
[T+292458263us][CH1-Dispenser] 05
[T+292458126us][CH2-Pc    ] 05
[T+292622266us][CH1-Dispenser] 06
[T+292622126us][CH2-Pc    ] 06
[T+292799125us][CH2-Pc    ] 01
[T+292804125us][CH1-Dispenser] 01 61
[T+292877125us][CH2-Pc    ] 02
[T+292883125us][CH1-Dispenser] 02 92
[T+292904125us][CH2-Pc    ] 62
[T+292919125us][CH1-Dispenser] 62 E6 E3 E1 E2 E0 E0
[T+292996125us][CH2-Pc    ] 03
[T+293002125us][CH1-Dispenser] 03 63
[T+293074150us][CH2-Pc    ] 04
[T+293085126us][CH1-Dispenser] 04 64
[T+293152260us][CH1-Dispenser] 05
[T+293152126us][CH2-Pc    ] 05
[T+293327260us][CH1-Dispenser] 06
[T+293327126us][CH2-Pc    ] 06
[T+293502125us][CH2-Pc    ] 01
[T+293509824us][CH1-Dispenser] 01 61
[T+293580125us][CH2-Pc    ] 02
[T+293588149us][CH1-Dispenser] 02 92
[T+293607128us][CH2-Pc    ] 62
[T+293623161us][CH1-Dispenser] 62 E6 E7 E5 E2 E0 E0
[T+293697126us][CH2-Pc    ] 03
[T+293703726us][CH1-Dispenser] 03 63
[T+293775149us][CH2-Pc    ] 04
[T+293783163us][CH1-Dispenser] 04 64
[T+293853262us][CH1-Dispenser] 05
[T+293853127us][CH2-Pc    ] 05
[T+294028263us][CH1-Dispenser] 06
[T+294028127us][CH2-Pc    ] 06
[T+294203125us][CH2-Pc    ] 01
[T+294210125us][CH1-Dispenser] 01 61
[T+294281125us][CH2-Pc    ] 02
[T+294290230us][CH1-Dispenser] 02 92
[T+294308125us][CH2-Pc    ] 62
[T+294321125us][CH1-Dispenser] 62 E5 E9 E9 E2 E0 E0
[T+294386125us][CH2-Pc    ] 03
[T+294394165us][CH1-Dispenser] 03 63
[T+294465126us][CH2-Pc    ] 04
[T+294473163us][CH1-Dispenser] 04 64
[T+294543259us][CH1-Dispenser] 05
[T+294543126us][CH2-Pc    ] 05
[T+294718263us][CH1-Dispenser] 06
[T+294718126us][CH2-Pc    ] 06
[T+294892125us][CH2-Pc    ] 01
[T+294899125us][CH1-Dispenser] 01 61
[T+294970125us][CH2-Pc    ] 02
[T+294979125us][CH1-Dispenser] 02 92
[T+294998125us][CH2-Pc    ] 62
[T+295010151us][CH1-Dispenser] 62 E8 E5 E4 E3 E0 E0
[T+295077129us][CH2-Pc    ] 03
[T+295084138us][CH1-Dispenser] 03 63
[T+295155125us][CH2-Pc    ] 04
[T+295163149us][CH1-Dispenser] 04 64
[T+295257261us][CH1-Dispenser] 05
[T+295257126us][CH2-Pc    ] 05
[T+295442264us][CH1-Dispenser] 06
[T+295442127us][CH2-Pc    ] 06
[T+295606150us][CH2-Pc    ] 01
[T+295613125us][CH1-Dispenser] 01 61
[T+295704125us][CH2-Pc    ] 02
[T+295709125us][CH1-Dispenser] 02 92
[T+295731125us][CH2-Pc    ] 62
[T+295745125us][CH1-Dispenser] 62 E2 E3 E9 E3 E0 E0
[T+295809149us][CH2-Pc    ] 03
[T+295819125us][CH1-Dispenser] 03 63
[T+295902125us][CH2-Pc    ] 04
[T+295909763us][CH1-Dispenser] 04 64
[T+295980258us][CH1-Dispenser] 05
[T+295980126us][CH2-Pc    ] 05
[T+296155259us][CH1-Dispenser] 06
[T+296155126us][CH2-Pc    ] 06
[T+296330125us][CH2-Pc    ] 01
[T+296339126us][CH1-Dispenser] 01 61
[T+296414125us][CH2-Pc    ] 02
[T+296419125us][CH1-Dispenser] 02 92
[T+296441125us][CH2-Pc    ] 62
[T+296456133us][CH1-Dispenser] 62 E4 E8 E3 E4 E0 E0
[T+296520150us][CH2-Pc    ] 03
[T+296529125us][CH1-Dispenser] 03 63
[T+296598125us][CH2-Pc    ] 04
[T+296602153us][CH1-Dispenser] 04 64
[T+296666263us][CH1-Dispenser] 05
[T+296666127us][CH2-Pc    ] 05
[T+296841263us][CH1-Dispenser] 06
[T+296841127us][CH2-Pc    ] 06
[T+297015125us][CH2-Pc    ] 01
[T+297024767us][CH1-Dispenser] 01 61
[T+297093125us][CH2-Pc    ] 02
[T+297099125us][CH1-Dispenser] 02 92
[T+297121125us][CH2-Pc    ] 62
[T+297136125us][CH1-Dispenser] 62 E2 E8 E8 E4 E0 E0
[T+297211125us][CH2-Pc    ] 03
[T+297221133us][CH1-Dispenser] 03 63
[T+297289151us][CH2-Pc    ] 04
[T+297294125us][CH1-Dispenser] 04 64
[T+297367259us][CH1-Dispenser] 05
[T+297367126us][CH2-Pc    ] 05
[T+297542262us][CH1-Dispenser] 06
[T+297542126us][CH2-Pc    ] 06
[T+297716126us][CH2-Pc    ] 01
[T+297723764us][CH1-Dispenser] 01 61
[T+297795151us][CH2-Pc    ] 02
[T+297803163us][CH1-Dispenser] 02 92
[T+297822165us][CH2-Pc    ] 62
[T+297837134us][CH1-Dispenser] 62 E4 E3 E3 E5 E0 E0
[T+297900126us][CH2-Pc    ] 03
[T+297909125us][CH1-Dispenser] 03 63
[T+297978125us][CH2-Pc    ] 04
[T+297983763us][CH1-Dispenser] 04 64
[T+298057276us][CH1-Dispenser] 05
[T+298057136us][CH2-Pc    ] 05
[T+298232163us][CH1-Dispenser] 06
[T+298231922us][CH2-Pc    ] 06
[T+298407135us][CH2-Pc    ] 01
[T+298415653us][CH1-Dispenser] 01 61
[T+298484125us][CH2-Pc    ] 02
[T+298488153us][CH1-Dispenser] 02 92
[T+298501125us][CH2-Pc    ] 62
[T+298515127us][CH1-Dispenser] 62 E2 E4 E8 E5 E0 E0
[T+298580125us][CH2-Pc    ] 03
[T+298590126us][CH1-Dispenser] 03 63
[T+298658150us][CH2-Pc    ] 04
[T+298664786us][CH1-Dispenser] 04 64
[T+298736257us][CH1-Dispenser] 05
[T+298736126us][CH2-Pc    ] 05
[T+298901259us][CH1-Dispenser] 06
[T+298901126us][CH2-Pc    ] 06
[T+299076125us][CH2-Pc    ] 01
[T+299083125us][CH1-Dispenser] 01 61
[T+299154125us][CH2-Pc    ] 02
[T+299159125us][CH1-Dispenser] 02 92
[T+299181127us][CH2-Pc    ] 62
[T+299195126us][CH1-Dispenser] 62 E5 E0 E3 E6 E0 E0
[T+299259151us][CH2-Pc    ] 03
[T+299269588us][CH1-Dispenser] 03 63
[T+299338126us][CH2-Pc    ] 04
[T+299345133us][CH1-Dispenser] 04 64
[T+299416260us][CH1-Dispenser] 05
[T+299416127us][CH2-Pc    ] 05
[T+299591265us][CH1-Dispenser] 06
[T+299591128us][CH2-Pc    ] 06
[T+299765125us][CH2-Pc    ] 01
[T+299776125us][CH1-Dispenser] 01 61
[T+299843125us][CH2-Pc    ] 02
[T+299851149us][CH1-Dispenser] 02 92
[T+299871151us][CH2-Pc    ] 62
[T+299886133us][CH1-Dispenser] 62 E4 E1 E8 E6 E0 E0
[T+299961125us][CH2-Pc    ] 03
[T+299968817us][CH1-Dispenser] 03 63
[T+300039125us][CH2-Pc    ] 04
[T+300044125us][CH1-Dispenser] 04 64
[T+300117259us][CH1-Dispenser] 05
[T+300117126us][CH2-Pc    ] 05
[T+300292262us][CH1-Dispenser] 06
[T+300292127us][CH2-Pc    ] 06
[T+300466125us][CH2-Pc    ] 01
[T+300474785us][CH1-Dispenser] 01 61
[T+300545126us][CH2-Pc    ] 02
[T+300549153us][CH1-Dispenser] 02 92
[T+300572126us][CH2-Pc    ] 62
[T+300586125us][CH1-Dispenser] 62 E0 E0 E3 E7 E0 E0
[T+300651125us][CH2-Pc    ] 03
[T+300660745us][CH1-Dispenser] 03 63
[T+300729125us][CH2-Pc    ] 04
[T+300738125us][CH1-Dispenser] 04 64
[T+300813267us][CH1-Dispenser] 05
[T+300813131us][CH2-Pc    ] 05
[T+300980263us][CH1-Dispenser] 06
[T+300980128us][CH2-Pc    ] 06
[T+301155125us][CH2-Pc    ] 01
[T+301164125us][CH1-Dispenser] 01 61
[T+301233125us][CH2-Pc    ] 02
[T+301240125us][CH1-Dispenser] 02 92
[T+301260150us][CH2-Pc    ] 62
[T+301276149us][CH1-Dispenser] 62 E0 E2 E8 E7 E0 E0
[T+301349125us][CH2-Pc    ] 03
[T+301358125us][CH1-Dispenser] 03 63
[T+301429125us][CH2-Pc    ] 04
[T+301440832us][CH1-Dispenser] 04 64
[T+301507258us][CH1-Dispenser] 05
[T+301507126us][CH2-Pc    ] 05
[T+301682261us][CH1-Dispenser] 06
[T+301682128us][CH2-Pc    ] 06
[T+301857125us][CH2-Pc    ] 01
[T+301864762us][CH1-Dispenser] 01 61
[T+301935126us][CH2-Pc    ] 02
[T+301943840us][CH1-Dispenser] 02 92
[T+301963149us][CH2-Pc    ] 62
[T+301976125us][CH1-Dispenser] 62 E1 E5 E3 E8 E0 E0
[T+302041125us][CH2-Pc    ] 03
[T+302050769us][CH1-Dispenser] 03 63
[T+302119125us][CH2-Pc    ] 04
[T+302123154us][CH1-Dispenser] 04 64
[T+302197258us][CH1-Dispenser] 05
[T+302197126us][CH2-Pc    ] 05
[T+302377261us][CH1-Dispenser] 06
[T+302377126us][CH2-Pc    ] 06
[T+302551125us][CH2-Pc    ] 01
[T+302560125us][CH1-Dispenser] 01 61
[T+302630125us][CH2-Pc    ] 02
[T+302634155us][CH1-Dispenser] 02 92
[T+302657126us][CH2-Pc    ] 62
[T+302670125us][CH1-Dispenser] 62 E7 E3 E8 E8 E0 E0
[T+302735125us][CH2-Pc    ] 03
[T+302743149us][CH1-Dispenser] 03 63
[T+302814125us][CH2-Pc    ] 04
[T+302819125us][CH1-Dispenser] 04 64
[T+302892260us][CH1-Dispenser] 05
[T+302892127us][CH2-Pc    ] 05
[T+303064264us][CH1-Dispenser] 06
[T+303064126us][CH2-Pc    ] 06
[T+303239125us][CH2-Pc    ] 01
[T+303244125us][CH1-Dispenser] 01 61
[T+303321125us][CH2-Pc    ] 02
[T+303330126us][CH1-Dispenser] 02 92
[T+303348125us][CH2-Pc    ] 62
[T+303361127us][CH1-Dispenser] 62 E8 E6 E3 E9 E0 E0
[T+303427126us][CH2-Pc    ] 03
[T+303435163us][CH1-Dispenser] 03 63
[T+303505125us][CH2-Pc    ] 04
[T+303516125us][CH1-Dispenser] 04 64
[T+303584262us][CH1-Dispenser] 05
[T+303584126us][CH2-Pc    ] 05
[T+303769260us][CH1-Dispenser] 06
[T+303769126us][CH2-Pc    ] 06
[T+303933152us][CH2-Pc    ] 01
[T+303940125us][CH1-Dispenser] 01 61
[T+304011125us][CH2-Pc    ] 02
[T+304019163us][CH1-Dispenser] 02 92
[T+304039150us][CH2-Pc    ] 62
[T+304050126us][CH1-Dispenser] 62 E6 E7 E8 E9 E0 E0
[T+304132125us][CH2-Pc    ] 03
[T+304138133us][CH1-Dispenser] 03 63
[T+304210151us][CH2-Pc    ] 04
[T+304219769us][CH1-Dispenser] 04 64
[T+304288260us][CH1-Dispenser] 05
[T+304288126us][CH2-Pc    ] 05
[T+304473262us][CH1-Dispenser] 06
[T+304473126us][CH2-Pc    ] 06
[T+304638125us][CH2-Pc    ] 01
[T+304645758us][CH1-Dispenser] 01 61
[T+304716126us][CH2-Pc    ] 02
[T+304724821us][CH1-Dispenser] 02 92
[T+304744153us][CH2-Pc    ] 62
[T+304755125us][CH1-Dispenser] 62 E2 E6 E3 E0 E1 E0
[T+304822125us][CH2-Pc    ] 03
[T+304832133us][CH1-Dispenser] 03 63
[T+304900151us][CH2-Pc    ] 04
[T+304909196us][CH1-Dispenser] 04 64
[T+304978258us][CH1-Dispenser] 05
[T+304978126us][CH2-Pc    ] 05
[T+305153261us][CH1-Dispenser] 06
[T+305153126us][CH2-Pc    ] 06
[T+305334125us][CH2-Pc    ] 01
[T+305339766us][CH1-Dispenser] 01 61
[T+305413125us][CH2-Pc    ] 02
[T+305418126us][CH1-Dispenser] 02 92
[T+305440125us][CH2-Pc    ] 62
[T+305451126us][CH1-Dispenser] 62 E5 E0 E9 E0 E1 E0
[T+305518125us][CH2-Pc    ] 03
[T+305524125us][CH1-Dispenser] 03 63
[T+305596151us][CH2-Pc    ] 04
[T+305603134us][CH1-Dispenser] 04 64
[T+305674263us][CH1-Dispenser] 05
[T+305674127us][CH2-Pc    ] 05
[T+305839261us][CH1-Dispenser] 06
[T+305839126us][CH2-Pc    ] 06
[T+306013126us][CH2-Pc    ] 01
[T+306019756us][CH1-Dispenser] 01 61
[T+306091149us][CH2-Pc    ] 02
[T+306100125us][CH1-Dispenser] 02 92
[T+306119125us][CH2-Pc    ] 62
[T+306131659us][CH1-Dispenser] 62 E9 E7 E3 E1 E1 E0
[T+306198125us][CH2-Pc    ] 03
[T+306206163us][CH1-Dispenser] 03 63
[T+306276126us][CH2-Pc    ] 04
[T+306286132us][CH1-Dispenser] 04 64
[T+306354259us][CH1-Dispenser] 05
[T+306354126us][CH2-Pc    ] 05
[T+306529260us][CH1-Dispenser] 06
[T+306529126us][CH2-Pc    ] 06
[T+306704125us][CH2-Pc    ] 01
[T+306710125us][CH1-Dispenser] 01 61
[T+306784126us][CH2-Pc    ] 02
[T+306789125us][CH1-Dispenser] 02 92
[T+306814125us][CH2-Pc    ] 62
[T+306826160us][CH1-Dispenser] 62 E0 E1 E9 E1 E1 E0
[T+306892125us][CH2-Pc    ] 03
[T+306898125us][CH1-Dispenser] 03 63
[T+306970150us][CH2-Pc    ] 04
[T+306980125us][CH1-Dispenser] 04 64
[T+307048262us][CH1-Dispenser] 05
[T+307048126us][CH2-Pc    ] 05
[T+307223262us][CH1-Dispenser] 06
[T+307223126us][CH2-Pc    ] 06
[T+307414125us][CH2-Pc    ] 01
[T+307419125us][CH1-Dispenser] 01 61
[T+307492125us][CH2-Pc    ] 02
[T+307501143us][CH1-Dispenser] 02 92
[T+307519125us][CH2-Pc    ] 62
[T+307534125us][CH1-Dispenser] 62 E1 E4 E4 E2 E1 E0
[T+307609125us][CH2-Pc    ] 03
[T+307614762us][CH1-Dispenser] 03 63
[T+307687125us][CH2-Pc    ] 04
[T+307693125us][CH1-Dispenser] 04 64
[T+307765262us][CH1-Dispenser] 05
[T+307765126us][CH2-Pc    ] 05
[T+307940260us][CH1-Dispenser] 06
[T+307940126us][CH2-Pc    ] 06
[T+308104149us][CH2-Pc    ] 01
[T+308109125us][CH1-Dispenser] 01 61
[T+308182350us][CH2-Pc    ] 02
[T+308188125us][CH1-Dispenser] 02 92
[T+308209125us][CH2-Pc    ] 62
[T+308221152us][CH1-Dispenser] 62 E7 E2 E9 E2 E1 E0
[T+308288126us][CH2-Pc    ] 03
[T+308295598us][CH1-Dispenser] 03 63
[T+308366125us][CH2-Pc    ] 04
[T+308374149us][CH1-Dispenser] 04 64
[T+308444260us][CH1-Dispenser] 05
[T+308444126us][CH2-Pc    ] 05
[T+308629264us][CH1-Dispenser] 06
[T+308629126us][CH2-Pc    ] 06
[T+308794125us][CH2-Pc    ] 01
[T+308800125us][CH1-Dispenser] 01 61
[T+308872126us][CH2-Pc    ] 02
[T+308879134us][CH1-Dispenser] 02 92
[T+308899164us][CH2-Pc    ] 62
[T+308910126us][CH1-Dispenser] 62 E6 E3 E4 E3 E1 E0
[T+308978149us][CH2-Pc    ] 03
[T+308985125us][CH1-Dispenser] 03 63
[T+309056125us][CH2-Pc    ] 04
[T+309064802us][CH1-Dispenser] 04 64
[T+309134260us][CH1-Dispenser] 05
[T+309134126us][CH2-Pc    ] 05
[T+309309262us][CH1-Dispenser] 06
[T+309309127us][CH2-Pc    ] 06
[T+309484126us][CH2-Pc    ] 01
[T+309489125us][CH1-Dispenser] 01 61
[T+309562125us][CH2-Pc    ] 02
[T+309570163us][CH1-Dispenser] 02 92
[T+309589125us][CH2-Pc    ] 62
[T+309601149us][CH1-Dispenser] 62 E3 E3 E9 E3 E1 E0
[T+309669133us][CH2-Pc    ] 03
[T+309673158us][CH1-Dispenser] 03 63
[T+309747126us][CH2-Pc    ] 04
[T+309754133us][CH1-Dispenser] 04 64
[T+309825262us][CH1-Dispenser] 05
[T+309825126us][CH2-Pc    ] 05
[T+309999264us][CH1-Dispenser] 06
[T+309999126us][CH2-Pc    ] 06
[T+310174125us][CH2-Pc    ] 01
[T+310180305us][CH1-Dispenser] 01 61
[T+310252149us][CH2-Pc    ] 02
[T+310259125us][CH1-Dispenser] 02 92
[T+310280125us][CH2-Pc    ] 62
[T+310292160us][CH1-Dispenser] 62 E4 E6 E4 E4 E1 E0
[T+310358125us][CH2-Pc    ] 03
[T+310363125us][CH1-Dispenser] 03 63
[T+310436126us][CH2-Pc    ] 04
[T+310444761us][CH1-Dispenser] 04 64
[T+310514258us][CH1-Dispenser] 05
[T+310514126us][CH2-Pc    ] 05
[T+310689258us][CH1-Dispenser] 06
[T+310689126us][CH2-Pc    ] 06
[T+310864125us][CH2-Pc    ] 01
[T+310872149us][CH1-Dispenser] 01 61
[T+310942125us][CH2-Pc    ] 02
[T+310949126us][CH1-Dispenser] 02 92
[T+310969149us][CH2-Pc    ] 62
[T+310981126us][CH1-Dispenser] 62 E0 E5 E9 E4 E1 E0
[T+311047125us][CH2-Pc    ] 03
[T+311057128us][CH1-Dispenser] 03 63
[T+311126125us][CH2-Pc    ] 04
[T+311135126us][CH1-Dispenser] 04 64
[T+311204259us][CH1-Dispenser] 05
[T+311204126us][CH2-Pc    ] 05
[T+311379261us][CH1-Dispenser] 06
[T+311379126us][CH2-Pc    ] 06
[T+311543150us][CH2-Pc    ] 01
[T+311550133us][CH1-Dispenser] 01 61
[T+311621125us][CH2-Pc    ] 02
[T+311630126us][CH1-Dispenser] 02 92
[T+311649125us][CH2-Pc    ] 62
[T+311660133us][CH1-Dispenser] 62 E1 E8 E4 E5 E1 E0
[T+311728149us][CH2-Pc    ] 03
[T+311735700us][CH1-Dispenser] 03 63
[T+311807151us][CH2-Pc    ] 04
[T+311814217us][CH1-Dispenser] 04 64
[T+311885261us][CH1-Dispenser] 05
[T+311885126us][CH2-Pc    ] 05
[T+312060267us][CH1-Dispenser] 06
[T+312060128us][CH2-Pc    ] 06
[T+312235125us][CH2-Pc    ] 01
[T+312239154us][CH1-Dispenser] 01 61
[T+312302125us][CH2-Pc    ] 02
[T+312309125us][CH1-Dispenser] 02 92
[T+312329151us][CH2-Pc    ] 62
[T+312341130us][CH1-Dispenser] 62 E7 E6 E9 E5 E1 E0
[T+312409149us][CH2-Pc    ] 03
[T+312414727us][CH1-Dispenser] 03 63
[T+312487125us][CH2-Pc    ] 04
[T+312497133us][CH1-Dispenser] 04 64
[T+312565260us][CH1-Dispenser] 05
[T+312565126us][CH2-Pc    ] 05
[T+312729263us][CH1-Dispenser] 06
[T+312729126us][CH2-Pc    ] 06
[T+312904125us][CH2-Pc    ] 01
[T+312910125us][CH1-Dispenser] 01 61
[T+312985125us][CH2-Pc    ] 02
[T+312989155us][CH1-Dispenser] 02 92
[T+313015125us][CH2-Pc    ] 62
[T+313026125us][CH1-Dispenser] 62 E5 E7 E4 E6 E1 E0
[T+313094149us][CH2-Pc    ] 03
[T+313099859us][CH1-Dispenser] 03 63
[T+313172125us][CH2-Pc    ] 04
[T+313180165us][CH1-Dispenser] 04 64
[T+313250259us][CH1-Dispenser] 05
[T+313250126us][CH2-Pc    ] 05
[T+313425261us][CH1-Dispenser] 06
[T+313425126us][CH2-Pc    ] 06
[T+313589125us][CH2-Pc    ] 01
[T+313595133us][CH1-Dispenser] 01 61
[T+313667150us][CH2-Pc    ] 02
[T+313676711us][CH1-Dispenser] 02 92
[T+313695125us][CH2-Pc    ] 62
[T+313706226us][CH1-Dispenser] 62 E1 E6 E9 E6 E1 E0
[T+313776125us][CH2-Pc    ] 03
[T+313785685us][CH1-Dispenser] 03 63
[T+313854125us][CH2-Pc    ] 04
[T+313861125us][CH1-Dispenser] 04 64
[T+313932349us][CH1-Dispenser] 05
[T+313932210us][CH2-Pc    ] 05
[T+314107260us][CH1-Dispenser] 06
[T+314107126us][CH2-Pc    ] 06
[T+314282126us][CH2-Pc    ] 01
[T+314290163us][CH1-Dispenser] 01 61
[T+314360125us][CH2-Pc    ] 02
[T+314365720us][CH1-Dispenser] 02 92
[T+314387125us][CH2-Pc    ] 62
[T+314402126us][CH1-Dispenser] 62 E1 E8 E4 E7 E1 E0
[T+314465125us][CH2-Pc    ] 03
[T+314475133us][CH1-Dispenser] 03 63
[T+314543149us][CH2-Pc    ] 04
[T+314549125us][CH1-Dispenser] 04 64
[T+314621260us][CH1-Dispenser] 05
[T+314621126us][CH2-Pc    ] 05
[T+314796262us][CH1-Dispenser] 06
[T+314796126us][CH2-Pc    ] 06
[T+314971126us][CH2-Pc    ] 01
[T+314981126us][CH1-Dispenser] 01 61
[T+315053150us][CH2-Pc    ] 02
[T+315061163us][CH1-Dispenser] 02 92
[T+315080126us][CH2-Pc    ] 62
[T+315092150us][CH1-Dispenser] 62 E7 E6 E9 E7 E1 E0
[T+315159125us][CH2-Pc    ] 03
[T+315164730us][CH1-Dispenser] 03 63
[T+315227125us][CH2-Pc    ] 04
[T+315234125us][CH1-Dispenser] 04 64
[T+315305259us][CH1-Dispenser] 05
[T+315305126us][CH2-Pc    ] 05
[T+315480260us][CH1-Dispenser] 06
[T+315480126us][CH2-Pc    ] 06
[T+315655125us][CH2-Pc    ] 01
[T+315660126us][CH1-Dispenser] 01 61
[T+315733125us][CH2-Pc    ] 02
[T+315739125us][CH1-Dispenser] 02 92
[T+315760125us][CH2-Pc    ] 62
[T+315771129us][CH1-Dispenser] 62 E7 E8 E4 E8 E1 E0
[T+315839149us][CH2-Pc    ] 03
[T+315848125us][CH1-Dispenser] 03 63
[T+315917125us][CH2-Pc    ] 04
[T+315926681us][CH1-Dispenser] 04 64
[T+315995260us][CH1-Dispenser] 05
[T+315995126us][CH2-Pc    ] 05
[T+316170259us][CH1-Dispenser] 06
[T+316170126us][CH2-Pc    ] 06
[T+316345125us][CH2-Pc    ] 01
[T+316351125us][CH1-Dispenser] 01 61
[T+316423149us][CH2-Pc    ] 02
[T+316432370us][CH1-Dispenser] 02 92
[T+316450125us][CH2-Pc    ] 62
[T+316461125us][CH1-Dispenser] 62 E5 E9 E9 E8 E1 E0
[T+316530400us][CH2-Pc    ] 03
[T+316535125us][CH1-Dispenser] 03 63
[T+316608125us][CH2-Pc    ] 04
[T+316614125us][CH1-Dispenser] 04 64
[T+316678259us][CH1-Dispenser] 05
[T+316678126us][CH2-Pc    ] 05
[T+316863259us][CH1-Dispenser] 06
[T+316863126us][CH2-Pc    ] 06
[T+317027150us][CH2-Pc    ] 01
[T+317034133us][CH1-Dispenser] 01 61
[T+317105125us][CH2-Pc    ] 02
[T+317110726us][CH1-Dispenser] 02 92
[T+317132125us][CH2-Pc    ] 62
[T+317146126us][CH1-Dispenser] 62 E5 E1 E5 E9 E1 E0
[T+317214154us][CH1-Dispenser] 03 63
[T+317210151us][CH2-Pc    ] 03
[T+317278149us][CH2-Pc    ] 04
[T+317284125us][CH1-Dispenser] 04 64
[T+317356258us][CH1-Dispenser] 05
[T+317356126us][CH2-Pc    ] 05
[T+317531261us][CH1-Dispenser] 06
[T+317531128us][CH2-Pc    ] 06
[T+317703126us][CH2-Pc    ] 01
[T+317711163us][CH1-Dispenser] 01 61
[T+317781125us][CH2-Pc    ] 02
[T+317784126us][CH1-Dispenser] 02 92
[T+317797126us][CH2-Pc    ] 62
[T+317812126us][CH1-Dispenser] 62 E0 E9 E9 E9 E1 E0
[T+317888151us][CH2-Pc    ] 03
[T+317895688us][CH1-Dispenser] 03 63
[T+317966126us][CH2-Pc    ] 04
[T+317974731us][CH1-Dispenser] 04 64
[T+318044259us][CH1-Dispenser] 05
[T+318044126us][CH2-Pc    ] 05
[T+318219263us][CH1-Dispenser] 06
[T+318219128us][CH2-Pc    ] 06
[T+318394125us][CH2-Pc    ] 01
[T+318400133us][CH1-Dispenser] 01 61
[T+318472151us][CH2-Pc    ] 02
[T+318483133us][CH1-Dispenser] 02 92
[T+318499149us][CH2-Pc    ] 62
[T+318512126us][CH1-Dispenser] 62 E0 E1 E5 E0 E2 E0
[T+318578125us][CH2-Pc    ] 03
[T+318585726us][CH1-Dispenser] 03 63
[T+318657149us][CH2-Pc    ] 04
[T+318666126us][CH1-Dispenser] 04 64
[T+318735263us][CH1-Dispenser] 05
[T+318735126us][CH2-Pc    ] 05
[T+318909262us][CH1-Dispenser] 06
[T+318909126us][CH2-Pc    ] 06
[T+319074125us][CH2-Pc    ] 01
[T+319080134us][CH1-Dispenser] 01 61
[T+319152149us][CH2-Pc    ] 02
[T+319160149us][CH1-Dispenser] 02 92
[T+319179125us][CH2-Pc    ] 62
[T+319192125us][CH1-Dispenser] 62 E5 E9 E9 E0 E2 E0
[T+319258125us][CH2-Pc    ] 03
[T+319265720us][CH1-Dispenser] 03 63
[T+319336126us][CH2-Pc    ] 04
[T+319347128us][CH1-Dispenser] 04 64
[T+319414259us][CH1-Dispenser] 05
[T+319414126us][CH2-Pc    ] 05
[T+319589264us][CH1-Dispenser] 06
[T+319589128us][CH2-Pc    ] 06
[T+319764126us][CH2-Pc    ] 01
[T+319770720us][CH1-Dispenser] 01 61
[T+319842149us][CH2-Pc    ] 02
[T+319851126us][CH1-Dispenser] 02 92
[T+319869125us][CH2-Pc    ] 62
[T+319882125us][CH1-Dispenser] 62 E7 E2 E5 E1 E2 E0
[T+319947125us][CH2-Pc    ] 03
[T+319955149us][CH1-Dispenser] 03 63
[T+320026125us][CH2-Pc    ] 04
[T+320036128us][CH1-Dispenser] 04 64
[T+320104263us][CH1-Dispenser] 05
[T+320104127us][CH2-Pc    ] 05
[T+320279263us][CH1-Dispenser] 06
[T+320279126us][CH2-Pc    ] 06
[T+320453125us][CH2-Pc    ] 01
[T+320463125us][CH1-Dispenser] 01 61
[T+320532125us][CH2-Pc    ] 02
[T+320540165us][CH1-Dispenser] 02 92
[T+320559125us][CH2-Pc    ] 62
[T+320571152us][CH1-Dispenser] 62 E5 E3 E0 E2 E2 E0
[T+320638125us][CH2-Pc    ] 03
[T+320645125us][CH1-Dispenser] 03 63
[T+320716125us][CH2-Pc    ] 04
[T+320724165us][CH1-Dispenser] 04 64
[T+320795260us][CH1-Dispenser] 05
[T+320795126us][CH2-Pc    ] 05
[T+320969263us][CH1-Dispenser] 06
[T+320969126us][CH2-Pc    ] 06
[T+321144125us][CH2-Pc    ] 01
[T+321150134us][CH1-Dispenser] 01 61
[T+321222151us][CH2-Pc    ] 02
[T+321231767us][CH1-Dispenser] 02 92
[T+321250125us][CH2-Pc    ] 62
[T+321262149us][CH1-Dispenser] 62 E1 E2 E5 E2 E2 E0
[T+321327125us][CH2-Pc    ] 03
[T+321335800us][CH1-Dispenser] 03 63
[T+321405125us][CH2-Pc    ] 04
[T+321409153us][CH1-Dispenser] 04 64
[T+321473258us][CH1-Dispenser] 05
[T+321473126us][CH2-Pc    ] 05
[T+321637260us][CH1-Dispenser] 06
[T+321637126us][CH2-Pc    ] 06
[T+321812126us][CH2-Pc    ] 01
[T+321821125us][CH1-Dispenser] 01 61
[T+321890126us][CH2-Pc    ] 02
[T+321895125us][CH1-Dispenser] 02 92
[T+321917126us][CH2-Pc    ] 62
[T+321931189us][CH1-Dispenser] 62 E7 E0 E0 E3 E2 E0
[T+321995149us][CH2-Pc    ] 03
[T+322000726us][CH1-Dispenser] 03 63
[T+322063125us][CH2-Pc    ] 04
[T+322070125us][CH1-Dispenser] 04 64
[T+322141261us][CH1-Dispenser] 05
[T+322141126us][CH2-Pc    ] 05
[T+322316264us][CH1-Dispenser] 06
[T+322316126us][CH2-Pc    ] 06
[T+322480151us][CH2-Pc    ] 01
[T+322486125us][CH1-Dispenser] 01 61
[T+322558151us][CH2-Pc    ] 02
[T+322567125us][CH1-Dispenser] 02 92
[T+322585363us][CH2-Pc    ] 62
[T+322596128us][CH1-Dispenser] 62 E4 E0 E5 E3 E2 E0
[T+322663126us][CH2-Pc    ] 03
[T+322670134us][CH1-Dispenser] 03 63
[T+322741125us][CH2-Pc    ] 04
[T+322749165us][CH1-Dispenser] 04 64
[T+322820259us][CH1-Dispenser] 05
[T+322820126us][CH2-Pc    ] 05
[T+322999264us][CH1-Dispenser] 06
[T+322999127us][CH2-Pc    ] 06
[T+323174125us][CH2-Pc    ] 01
[T+323180125us][CH1-Dispenser] 01 61
[T+323252151us][CH2-Pc    ] 02
[T+323260166us][CH1-Dispenser] 02 92
[T+323280150us][CH2-Pc    ] 62
[T+323293125us][CH1-Dispenser] 62 E4 E2 E0 E4 E2 E0
[T+323359125us][CH2-Pc    ] 03
[T+323366125us][CH1-Dispenser] 03 63
[T+323437125us][CH2-Pc    ] 04
[T+323447230us][CH1-Dispenser] 04 64
[T+323515259us][CH1-Dispenser] 05
[T+323515126us][CH2-Pc    ] 05
[T+323690261us][CH1-Dispenser] 06
[T+323690126us][CH2-Pc    ] 06
[T+323855126us][CH2-Pc    ] 01
[T+323860125us][CH1-Dispenser] 01 61
[T+323933198us][CH2-Pc    ] 02
[T+323940134us][CH1-Dispenser] 02 92
[T+323960149us][CH2-Pc    ] 62
[T+323972149us][CH1-Dispenser] 62 E0 E1 E5 E4 E2 E0
[T+324038125us][CH2-Pc    ] 03
[T+324047126us][CH1-Dispenser] 03 63
[T+324116125us][CH2-Pc    ] 04
[T+324128163us][CH1-Dispenser] 04 64
[T+324194261us][CH1-Dispenser] 05
[T+324194126us][CH2-Pc    ] 05
[T+324369263us][CH1-Dispenser] 06
[T+324369126us][CH2-Pc    ] 06
[T+324544125us][CH2-Pc    ] 01
[T+324551721us][CH1-Dispenser] 01 61
[T+324623149us][CH2-Pc    ] 02
[T+324630133us][CH1-Dispenser] 02 92
[T+324650149us][CH2-Pc    ] 62
[T+324661125us][CH1-Dispenser] 62 E0 E3 E0 E5 E2 E0
[T+324729151us][CH2-Pc    ] 03
[T+324735125us][CH1-Dispenser] 03 63
[T+324807151us][CH2-Pc    ] 04
[T+324814729us][CH1-Dispenser] 04 64
[T+324885261us][CH1-Dispenser] 05
[T+324885126us][CH2-Pc    ] 05
[T+325060261us][CH1-Dispenser] 06
[T+325060128us][CH2-Pc    ] 06
[T+325235126us][CH2-Pc    ] 01
[T+325240125us][CH1-Dispenser] 01 61
[T+325320149us][CH2-Pc    ] 02
[T+325337125us][CH2-Pc    ] 62
[T+325352125us][CH1-Dispenser] 02 92 62 E9 E4 E5 E5 E2 E0
[T+325427125us][CH2-Pc    ] 03
[T+325436126us][CH1-Dispenser] 03 63
[T+325505125us][CH2-Pc    ] 04
[T+325510125us][CH1-Dispenser] 04 64
[T+325583259us][CH1-Dispenser] 05
[T+325583126us][CH2-Pc    ] 05
[T+325769260us][CH1-Dispenser] 06
[T+325769126us][CH2-Pc    ] 06
[T+325933236us][CH2-Pc    ] 01
[T+325942125us][CH1-Dispenser] 01 61
[T+326011126us][CH2-Pc    ] 02
[T+326015153us][CH1-Dispenser] 02 92
[T+326050125us][CH2-Pc    ] 62
[T+326063125us][CH1-Dispenser] 62 E5 E3 E0 E6 E2 E0
[T+326129125us][CH2-Pc    ] 03
[T+326135125us][CH1-Dispenser] 03 63
[T+326207154us][CH2-Pc    ] 04
[T+326216125us][CH1-Dispenser] 04 64
[T+326297260us][CH1-Dispenser] 05
[T+326297126us][CH2-Pc    ] 05
[T+326471261us][CH1-Dispenser] 06
[T+326471126us][CH2-Pc    ] 06
[T+326635150us][CH2-Pc    ] 01
[T+326641733us][CH1-Dispenser] 01 61
[T+326713149us][CH2-Pc    ] 02
[T+326721133us][CH1-Dispenser] 02 92
[T+326740126us][CH2-Pc    ] 62
[T+326752149us][CH1-Dispenser] 62 E6 E6 E5 E6 E2 E0
[T+326819315us][CH2-Pc    ] 03
[T+326825125us][CH1-Dispenser] 03 63
[T+326897149us][CH2-Pc    ] 04
[T+326904693us][CH1-Dispenser] 04 64
[T+326975264us][CH1-Dispenser] 05
[T+326975127us][CH2-Pc    ] 05
[T+327161263us][CH1-Dispenser] 06
[T+327161126us][CH2-Pc    ] 06
[T+327324125us][CH2-Pc    ] 01
[T+327332882us][CH1-Dispenser] 01 61
[T+327402125us][CH2-Pc    ] 02
[T+327411131us][CH1-Dispenser] 02 92
[T+327430126us][CH2-Pc    ] 62
[T+327442150us][CH1-Dispenser] 62 E2 E5 E0 E7 E2 E0
[T+327509125us][CH2-Pc    ] 03
[T+327515125us][CH1-Dispenser] 03 63
[T+327587149us][CH2-Pc    ] 04
[T+327594125us][CH1-Dispenser] 04 64
[T+327665261us][CH1-Dispenser] 05
[T+327665126us][CH2-Pc    ] 05
[T+327847263us][CH1-Dispenser] 06
[T+327847126us][CH2-Pc    ] 06
[T+328011151us][CH2-Pc    ] 01
[T+328016726us][CH1-Dispenser] 01 61
[T+328089125us][CH2-Pc    ] 02
[T+328096124us][CH1-Dispenser] 02 92
[T+328116125us][CH2-Pc    ] 62
[T+328127134us][CH1-Dispenser] 62 E3 E8 E5 E7 E2 E0
[T+328195150us][CH2-Pc    ] 03
[T+328200125us][CH1-Dispenser] 03 63
[T+328273126us][CH2-Pc    ] 04
[T+328279732us][CH1-Dispenser] 04 64
[T+328352258us][CH1-Dispenser] 05
[T+328352126us][CH2-Pc    ] 05
[T+328527260us][CH1-Dispenser] 06
[T+328527126us][CH2-Pc    ] 06
[T+328701126us][CH2-Pc    ] 01
[T+328706125us][CH1-Dispenser] 01 61
[T+328779125us][CH2-Pc    ] 02
[T+328785133us][CH1-Dispenser] 02 92
[T+328820126us][CH2-Pc    ] 62
[T+328833125us][CH1-Dispenser] 62 E2 E9 E0 E8 E2 E0
[T+328898125us][CH2-Pc    ] 03
[T+328906166us][CH1-Dispenser] 03 73
[T+328937254us][CH1-Dispenser] 23 D3 FF
[T+328937126us][CH2-Pc    ] 23 FF
[T+328949133us][CH1-Dispenser] E9
[T+328949272us][CH2-Pc    ] E9
[T+328962689us][CH1-Dispenser] FE
[T+328962550us][CH2-Pc    ] FE
[T+328975272us][CH1-Dispenser] E0
[T+328975133us][CH2-Pc    ] E0
[T+328987273us][CH1-Dispenser] E1
[T+328987137us][CH2-Pc    ] E1
[T+329000257us][CH1-Dispenser] E0
[T+329000126us][CH2-Pc    ] E0
[T+329013670us][CH1-Dispenser] FB
[T+329013534us][CH2-Pc    ] FB
[T+329026133us][CH1-Dispenser] EE
[T+329026271us][CH2-Pc    ] EE
[T+329038165us][CH2-Pc    ] F0
[T+329068125us][CH1-Dispenser] F0 BA B0 B3 B3 B0 B1 B0 B0 B0 B0 B1 B1 B1 B1 B2 B9 B9 8D 8A
[T+329141125us][CH2-Pc    ] 04
[T+329146125us][CH1-Dispenser] 04 64
[T+329219261us][CH1-Dispenser] 05
[T+329219127us][CH2-Pc    ] 05
[T+329389259us][CH1-Dispenser] 06
[T+329389126us][CH2-Pc    ] 06
[T+329563125us][CH2-Pc    ] 01
[T+329572684us][CH1-Dispenser] 01 61
[T+329642125us][CH2-Pc    ] 02
[T+329647689us][CH1-Dispenser] 02 92
[T+329669125us][CH2-Pc    ] 62
[T+329685149us][CH1-Dispenser] 62 E2 E0 E7 E8 E2 E0
[T+329758125us][CH2-Pc    ] 03
[T+329766726us][CH1-Dispenser] 03 73
[T+329785199us][CH2-Pc    ] 23
[T+329791127us][CH1-Dispenser] 23 D3
[T+329807260us][CH1-Dispenser] FF
[T+329807126us][CH2-Pc    ] FF
[T+329819267us][CH1-Dispenser] E9
[T+329819134us][CH2-Pc    ] E9
[T+329833130us][CH1-Dispenser] FE
[T+329833267us][CH2-Pc    ] FE
[T+329845898us][CH1-Dispenser] E0
[T+329845766us][CH2-Pc    ] E0
[T+329858261us][CH1-Dispenser] E1
[T+329858128us][CH2-Pc    ] E1
[T+329870261us][CH1-Dispenser] E0
[T+329870129us][CH2-Pc    ] E0
[T+329883260us][CH1-Dispenser] FB
[T+329883126us][CH2-Pc    ] FB
[T+329896125us][CH1-Dispenser] EE
[T+329895126us][CH2-Pc    ] EE
[T+329909125us][CH2-Pc    ] F0
[T+329937149us][CH1-Dispenser] F0 BA B0 B3 B3 B0 B1 B0 B0 B0 B0 B1 B1 B1 B1 B2 B9 B9 8D 8A
[T+330010125us][CH2-Pc    ] 04
[T+330014155us][CH1-Dispenser] 04 64
[T+330088259us][CH1-Dispenser] 05
[T+330088126us][CH2-Pc    ] 05
[T+330264263us][CH1-Dispenser] 06
[T+330264127us][CH2-Pc    ] 06
[T+330438125us][CH2-Pc    ] 01
[T+330446149us][CH1-Dispenser] 01 61
[T+330517125us][CH2-Pc    ] 02
[T+330520125us][CH1-Dispenser] 02 92
[T+330533125us][CH2-Pc    ] 62
[T+330547126us][CH1-Dispenser] 62 E5 E3 E3 E9 E2 E0
[T+330611154us][CH2-Pc    ] 03
[T+330620125us][CH1-Dispenser] 03 73
[T+330639125us][CH2-Pc    ] 23
[T+330647163us][CH1-Dispenser] 23 D3
[T+330660259us][CH1-Dispenser] FF
[T+330660126us][CH2-Pc    ] FF
[T+330673267us][CH1-Dispenser] E9
[T+330673134us][CH2-Pc    ] E9
[T+330686271us][CH1-Dispenser] FE
[T+330686133us][CH2-Pc    ] FE
[T+330699267us][CH1-Dispenser] E0
[T+330699129us][CH2-Pc    ] E0
[T+330712131us][CH1-Dispenser] E1
[T+330712415us][CH2-Pc    ] E1
[T+330725125us][CH1-Dispenser] E0
[T+330724135us][CH2-Pc    ] E0
[T+330737270us][CH1-Dispenser] FB
[T+330737134us][CH2-Pc    ] FB
[T+330749270us][CH1-Dispenser] EE
[T+330749133us][CH2-Pc    ] EE
[T+330762147us][CH2-Pc    ] F0
[T+330793125us][CH1-Dispenser] F0 BA B0 B3 B3 B0 B1 B0 B0 B0 B0 B1 B1 B1 B1 B2 B9 B9 8D 8A
[T+330865150us][CH2-Pc    ] 04
[T+330870125us][CH1-Dispenser] 04 64
[T+330943261us][CH1-Dispenser] 05
[T+330943126us][CH2-Pc    ] 05
[T+331129260us][CH1-Dispenser] 06
[T+331129126us][CH2-Pc    ] 06
[T+331299125us][CH2-Pc    ] 01
[T+331306125us][CH1-Dispenser] 01 61
[T+331369125us][CH2-Pc    ] 02
[T+331376133us][CH1-Dispenser] 02 92
[T+331396149us][CH2-Pc    ] 62
[T+331407128us][CH1-Dispenser] 62 E6 E5 E9 E9 E2 E0
[T+331475151us][CH2-Pc    ] 03
[T+331479153us][CH1-Dispenser] 03 73
[T+331502125us][CH2-Pc    ] 23
[T+331510751us][CH1-Dispenser] 23 D3
[T+331523257us][CH1-Dispenser] FF
[T+331523126us][CH2-Pc    ] FF
[T+331558260us][CH1-Dispenser] E9
[T+331558126us][CH2-Pc    ] E9
[T+331570257us][CH1-Dispenser] FE
[T+331570126us][CH2-Pc    ] FE
[T+331583256us][CH1-Dispenser] E0
[T+331583126us][CH2-Pc    ] E0
[T+331596258us][CH1-Dispenser] E1
[T+331596126us][CH2-Pc    ] E1
[T+331608260us][CH1-Dispenser] E0
[T+331608127us][CH2-Pc    ] E0
[T+331622125us][CH1-Dispenser] FB
[T+331621126us][CH2-Pc    ] FB
[T+331643414us][CH1-Dispenser] EE
[T+331643282us][CH2-Pc    ] EE
[T+331663149us][CH2-Pc    ] F0
[T+331692125us][CH1-Dispenser] F0 BA B0 B3 B3 B0 B1 B0 B0 B0 B0 B1 B1 B1 B1 B2 B9 B9 8D 8A
[T+331765125us][CH2-Pc    ] 04
[T+331771125us][CH1-Dispenser] 04 64
[T+331843261us][CH1-Dispenser] 05
[T+331843127us][CH2-Pc    ] 05
[T+332018261us][CH1-Dispenser] 06
[T+332018128us][CH2-Pc    ] 06
[T+332183126us][CH2-Pc    ] 01
[T+332192129us][CH1-Dispenser] 01 61
[T+332261125us][CH2-Pc    ] 02
[T+332265153us][CH1-Dispenser] 02 92
[T+332288125us][CH2-Pc    ] 62
[T+332304149us][CH1-Dispenser] 62 E2 E1 E6 E0 E3 E0
[T+332378125us][CH2-Pc    ] 03
[T+332386165us][CH1-Dispenser] 03 73
[T+332405125us][CH2-Pc    ] 23
[T+332411125us][CH1-Dispenser] 23 D3
[T+332439260us][CH1-Dispenser] FF E9
[T+332439127us][CH2-Pc    ] FF E9
[T+332452258us][CH1-Dispenser] FE
[T+332452126us][CH2-Pc    ] FE
[T+332465270us][CH1-Dispenser] E0
[T+332465133us][CH2-Pc    ] E0
[T+332478134us][CH1-Dispenser] E1
[T+332478270us][CH2-Pc    ] E1
[T+332490270us][CH1-Dispenser] E0
[T+332490133us][CH2-Pc    ] E0
[T+332504268us][CH1-Dispenser] FB
[T+332504130us][CH2-Pc    ] FB
[T+332516273us][CH1-Dispenser] EE
[T+332516133us][CH2-Pc    ] EE
[T+332528163us][CH2-Pc    ] F0
[T+332558125us][CH1-Dispenser] F0 BA B0 B3 B3 B0 B1 B0 B0 B0 B0 B1 B1 B1 B1 B2 B9 B9 8D 8A
[T+332630149us][CH2-Pc    ] 04
[T+332636125us][CH1-Dispenser] 04 64
[T+332708259us][CH1-Dispenser] 05
[T+332708126us][CH2-Pc    ] 05
[T+332885261us][CH1-Dispenser] 06
[T+332885126us][CH2-Pc    ] 06
[T+333060125us][CH2-Pc    ] 01
[T+333066125us][CH1-Dispenser] 01 61
[T+333138149us][CH2-Pc    ] 02
[T+333147125us][CH1-Dispenser] 02 92
[T+333165125us][CH2-Pc    ] 62
[T+333179126us][CH1-Dispenser] 62 E1 E1 E2 E1 E3 E0
[T+333244125us][CH2-Pc    ] 03
[T+333250125us][CH1-Dispenser] 03 73
[T+333272126us][CH2-Pc    ] 23
[T+333293274us][CH1-Dispenser] 23 D3 FF
[T+333293134us][CH2-Pc    ] FF
[T+333306266us][CH1-Dispenser] E9
[T+333306133us][CH2-Pc    ] E9
[T+333318265us][CH1-Dispenser] FE
[T+333318131us][CH2-Pc    ] FE
[T+333332269us][CH1-Dispenser] E0
[T+333332131us][CH2-Pc    ] E0
[T+333345270us][CH1-Dispenser] E1
[T+333345132us][CH2-Pc    ] E1
[T+333357273us][CH1-Dispenser] E0
[T+333357134us][CH2-Pc    ] E0
[T+333369268us][CH1-Dispenser] FB
[T+333369133us][CH2-Pc    ] FB
[T+333393150us][CH2-Pc    ] EE F0
[T+333423125us][CH1-Dispenser] EE F0 BA B0 B3 B3 B0 B1 B0 B0 B0 B0 B1 B1 B1 B1 B2 B9 B9 8D 8A
[T+333496125us][CH2-Pc    ] 04
[T+333501767us][CH1-Dispenser] 04 64
[T+333574259us][CH1-Dispenser] 05
[T+333574126us][CH2-Pc    ] 05
[T+333749259us][CH1-Dispenser] 06
[T+333749126us][CH2-Pc    ] 06
[T+333924125us][CH2-Pc    ] 01
[T+333932126us][CH1-Dispenser] 01 61
[T+334002125us][CH2-Pc    ] 02
[T+334011125us][CH1-Dispenser] 02 92
[T+334029125us][CH2-Pc    ] 62
[T+334042126us][CH1-Dispenser] 62 E2 E3 E8 E1 E3 E0
[T+334108126us][CH2-Pc    ] 03
[T+334115133us][CH1-Dispenser] 03 73
[T+334136125us][CH2-Pc    ] 23
[T+334140153us][CH1-Dispenser] 23 D3
[T+334157257us][CH1-Dispenser] FF
[T+334157126us][CH2-Pc    ] FF
[T+334170259us][CH1-Dispenser] E9
[T+334170127us][CH2-Pc    ] E9
[T+334182126us][CH2-Pc    ] FE
[T+334183125us][CH1-Dispenser] FE
[T+334195262us][CH1-Dispenser] E0
[T+334195126us][CH2-Pc    ] E0
[T+334208271us][CH1-Dispenser] E1
[T+334208133us][CH2-Pc    ] E1
[T+334221270us][CH1-Dispenser] E0
[T+334221134us][CH2-Pc    ] E0
[T+334233199us][CH1-Dispenser] FB
[T+334233133us][CH2-Pc    ] FB
[T+334247268us][CH1-Dispenser] EE
[T+334247130us][CH2-Pc    ] EE
[T+334259158us][CH2-Pc    ] F0
[T+334289125us][CH1-Dispenser] F0 BA B0 B3 B3 B0 B1 B0 B0 B0 B0 B1 B1 B1 B1 B2 B9 B9 8D 8A
[T+334369149us][CH2-Pc    ] 04
[T+334377149us][CH1-Dispenser] 04 64
[T+334447263us][CH1-Dispenser] 05
[T+334447126us][CH2-Pc    ] 05
[T+334622262us][CH1-Dispenser] 06
[T+334622126us][CH2-Pc    ] 06
[T+334797125us][CH2-Pc    ] 01
[T+334804787us][CH1-Dispenser] 01 61
[T+334875126us][CH2-Pc    ] 02
[T+334882133us][CH1-Dispenser] 02 92
[T+334899125us][CH2-Pc    ] 62
[T+334913130us][CH1-Dispenser] 62 E4 E5 E4 E2 E3 E0
[T+334979126us][CH2-Pc    ] 03
[T+334986134us][CH1-Dispenser] 03 73
[T+335006158us][CH2-Pc    ] 23
[T+335011125us][CH1-Dispenser] 23 D3
[T+335027259us][CH1-Dispenser] FF
[T+335027126us][CH2-Pc    ] FF
[T+335040269us][CH1-Dispenser] E9
[T+335040130us][CH2-Pc    ] E9
[T+335053259us][CH1-Dispenser] FE
[T+335053126us][CH2-Pc    ] FE
[T+335065258us][CH1-Dispenser] E0
[T+335065126us][CH2-Pc    ] E0
[T+335078258us][CH1-Dispenser] E1
[T+335078126us][CH2-Pc    ] E1
[T+335091272us][CH1-Dispenser] E0
[T+335091133us][CH2-Pc    ] E0
[T+335103271us][CH1-Dispenser] FB
[T+335103133us][CH2-Pc    ] FB
[T+335116872us][CH1-Dispenser] EE
[T+335116722us][CH2-Pc    ] EE
[T+335129128us][CH2-Pc    ] F0
[T+335159125us][CH1-Dispenser] F0 BA B0 B3 B3 B0 B1 B0 B0 B0 B0 B1 B1 B1 B1 B2 B9 B9 8D 8A
[T+335230125us][CH2-Pc    ] 04
[T+335236125us][CH1-Dispenser] 04 64
[T+335308260us][CH1-Dispenser] 05
[T+335308126us][CH2-Pc    ] 05
[T+335483261us][CH1-Dispenser] 06
[T+335483127us][CH2-Pc    ] 06
[T+335658125us][CH2-Pc    ] 01
[T+335666786us][CH1-Dispenser] 01 61
[T+335736125us][CH2-Pc    ] 02
[T+335742125us][CH1-Dispenser] 02 92
[T+335764126us][CH2-Pc    ] 62
[T+335776149us][CH1-Dispenser] 62 E9 E0 E1 E3 E3 E0
[T+335843125us][CH2-Pc    ] 03
[T+335851149us][CH1-Dispenser] 03 73
[T+335870125us][CH2-Pc    ] 23
[T+335876125us][CH1-Dispenser] 23 D3
[T+335892257us][CH1-Dispenser] FF
[T+335892126us][CH2-Pc    ] FF
[T+335904270us][CH1-Dispenser] E9
[T+335904134us][CH2-Pc    ] E9
[T+335917272us][CH1-Dispenser] FE
[T+335917133us][CH2-Pc    ] FE
[T+335930272us][CH1-Dispenser] E0
[T+335930133us][CH2-Pc    ] E0
[T+335950258us][CH1-Dispenser] E1
[T+335950126us][CH2-Pc    ] E1
[T+335963766us][CH1-Dispenser] E0
[T+335963134us][CH2-Pc    ] E0
[T+335976481us][CH1-Dispenser] FB
[T+335975134us][CH2-Pc    ] FB
[T+335988272us][CH1-Dispenser] EE
[T+335988133us][CH2-Pc    ] EE
[T+336001125us][CH2-Pc    ] F0
[T+336029151us][CH1-Dispenser] F0 BA B0 B3 B3 B0 B1 B0 B0 B0 B0 B1 B1 B1 B1 B2 B9 B9 8D 8A
[T+336102149us][CH2-Pc    ] 04
[T+336110806us][CH1-Dispenser] 04 64
[T+336181259us][CH1-Dispenser] 05
[T+336181126us][CH2-Pc    ] 05
[T+336355262us][CH1-Dispenser] 06
[T+336355127us][CH2-Pc    ] 06
[T+336530125us][CH2-Pc    ] 01
[T+336537771us][CH1-Dispenser] 01 61
[T+336608126us][CH2-Pc    ] 02
[T+336616216us][CH1-Dispenser] 02 92
[T+336637125us][CH2-Pc    ] 62
[T+336651129us][CH1-Dispenser] 62 E5 E9 E5 E3 E3 E0
[T+336716125us][CH2-Pc    ] 03
[T+336723753us][CH1-Dispenser] 03 73
[T+336743149us][CH2-Pc    ] 23
[T+336749126us][CH1-Dispenser] 23 D3
[T+336777259us][CH1-Dispenser] FF E9
[T+336777126us][CH2-Pc    ] FF E9
[T+336791125us][CH1-Dispenser] FE
[T+336804125us][CH1-Dispenser] E0
[T+336803132us][CH2-Pc    ] FE E0
[T+336817125us][CH1-Dispenser] E1
[T+336816127us][CH2-Pc    ] E1
[T+336829272us][CH1-Dispenser] E0
[T+336829132us][CH2-Pc    ] E0
[T+336842257us][CH1-Dispenser] FB
[T+336842126us][CH2-Pc    ] FB
[T+336854265us][CH1-Dispenser] EE
[T+336854130us][CH2-Pc    ] EE
[T+336872125us][CH2-Pc    ] F0
[T+336903125us][CH1-Dispenser] F0 BA B0 B3 B3 B0 B1 B0 B0 B0 B0 B1 B1 B1 B1 B2 B9 B9 8D 8A
[T+336974125us][CH2-Pc    ] 04
[T+336982165us][CH1-Dispenser] 04 64
[T+337053258us][CH1-Dispenser] 05
[T+337053126us][CH2-Pc    ] 05
[T+337238259us][CH1-Dispenser] 06
[T+337238126us][CH2-Pc    ] 06
[T+337402125us][CH2-Pc    ] 01
[T+337412132us][CH1-Dispenser] 01 61
[T+337480151us][CH2-Pc    ] 02
[T+337485125us][CH1-Dispenser] 02 92
[T+337508125us][CH2-Pc    ] 62
[T+337524149us][CH1-Dispenser] 62 E8 E1 E6 E3 E3 E0
[T+337598125us][CH2-Pc    ] 03
[T+337606165us][CH1-Dispenser] 03 73
[T+337625125us][CH2-Pc    ] 23
[T+337631134us][CH1-Dispenser] 23 D3
[T+337646264us][CH1-Dispenser] FF
[T+337646129us][CH2-Pc    ] FF
[T+337659260us][CH1-Dispenser] E9
[T+337659127us][CH2-Pc    ] E9
[T+337672271us][CH1-Dispenser] FE
[T+337672133us][CH2-Pc    ] FE
[T+337685268us][CH1-Dispenser] E0
[T+337685133us][CH2-Pc    ] E0
[T+337697273us][CH1-Dispenser] E1
[T+337697134us][CH2-Pc    ] E1
[T+337710264us][CH1-Dispenser] E0
[T+337710128us][CH2-Pc    ] E0
[T+337724269us][CH1-Dispenser] FB
[T+337724131us][CH2-Pc    ] FB
[T+337735272us][CH1-Dispenser] EE
[T+337735133us][CH2-Pc    ] EE
[T+337748125us][CH2-Pc    ] F0
[T+337778147us][CH1-Dispenser] F0 BA B0 B3 B3 B0 B1 B0 B0 B0 B0 B1 B1 B1 B1 B2 B9 B9 8D 8A
[T+337849125us][CH2-Pc    ] 04
[T+337856125us][CH1-Dispenser] 04 64
[T+337928259us][CH1-Dispenser] 05
[T+337928126us][CH2-Pc    ] 05
[T+338114259us][CH1-Dispenser] 06
[T+338114126us][CH2-Pc    ] 06
[T+338277125us][CH2-Pc    ] 01
[T+338282125us][CH1-Dispenser] 01 61
[T+338355125us][CH2-Pc    ] 02
[T+338365129us][CH1-Dispenser] 02 92
[T+338383126us][CH2-Pc    ] 62
[T+338398125us][CH1-Dispenser] 62 E1 E5 E6 E3 E3 E0
[T+338476153us][CH1-Dispenser] 03 73
[T+338472125us][CH2-Pc    ] 03
[T+338499125us][CH2-Pc    ] 23
[T+338506125us][CH1-Dispenser] 23 D3
[T+338520264us][CH1-Dispenser] FF
[T+338520127us][CH2-Pc    ] FF
[T+338533261us][CH1-Dispenser] E9
[T+338533128us][CH2-Pc    ] E9
[T+338546272us][CH1-Dispenser] FE
[T+338546133us][CH2-Pc    ] FE
[T+338559134us][CH1-Dispenser] E0
[T+338559272us][CH2-Pc    ] E0
[T+338571320us][CH1-Dispenser] E1
[T+338571182us][CH2-Pc    ] E1
[T+338597266us][CH1-Dispenser] E0 FB
[T+338597131us][CH2-Pc    ] E0 FB
[T+338610261us][CH1-Dispenser] EE
[T+338610128us][CH2-Pc    ] EE
[T+338623126us][CH2-Pc    ] F0
[T+338654126us][CH1-Dispenser] F0 BA B0 B3 B3 B0 B1 B0 B0 B0 B0 B1 B1 B1 B1 B2 B9 B9 8D 8A
[T+338725126us][CH2-Pc    ] 04
[T+338730125us][CH1-Dispenser] 04 64
[T+338808125us][CH1-Dispenser] 05
[T+338807126us][CH2-Pc    ] 05
[T+338982260us][CH1-Dispenser] 06
[T+338982126us][CH2-Pc    ] 06
[T+339157125us][CH2-Pc    ] 01
[T+339166295us][CH1-Dispenser] 01 61
[T+339235126us][CH2-Pc    ] 02
[T+339243165us][CH1-Dispenser] 02 92
[T+339263126us][CH2-Pc    ] 62
[T+339278126us][CH1-Dispenser] 62 E8 E0 E7 E3 E3 E0
[T+339355153us][CH1-Dispenser] 03 73
[T+339351125us][CH2-Pc    ] 03
[T+339368125us][CH2-Pc    ] 23
[T+339375133us][CH1-Dispenser] 23 D3
[T+339402258us][CH1-Dispenser] FF E9
[T+339402126us][CH2-Pc    ] FF E9
[T+339416270us][CH1-Dispenser] FE
[T+339416131us][CH2-Pc    ] FE
[T+339428271us][CH1-Dispenser] E0
[T+339428133us][CH2-Pc    ] E0
[T+339440272us][CH1-Dispenser] E1
[T+339440133us][CH2-Pc    ] E1
[T+339453270us][CH1-Dispenser] E0
[T+339453133us][CH2-Pc    ] E0
[T+339466272us][CH1-Dispenser] FB
[T+339466133us][CH2-Pc    ] FB
[T+339478267us][CH1-Dispenser] EE
[T+339478134us][CH2-Pc    ] EE
[T+339491126us][CH2-Pc    ] F0
[T+339517128us][CH1-Dispenser] F0 BA B0 B3 B3 B0 B1 B0 B0 B0 B0 B1 B1 B1 B1 B2 B9 B9 8D 8A
[T+339582125us][CH2-Pc    ] 04
[T+339591691us][CH1-Dispenser] 04 64
[T+339660260us][CH1-Dispenser] 05
[T+339660126us][CH2-Pc    ] 05
[T+339824261us][CH1-Dispenser] 06
[T+339824127us][CH2-Pc    ] 06
[T+339999125us][CH2-Pc    ] 01
[T+340006133us][CH1-Dispenser] 01 61
[T+340077125us][CH2-Pc    ] 02
[T+340084125us][CH1-Dispenser] 02 92
[T+340104149us][CH2-Pc    ] 62
[T+340119125us][CH1-Dispenser] 62 E3 E5 E7 E3 E3 E0
[T+340183150us][CH2-Pc    ] 03
[T+340193129us][CH1-Dispenser] 03 73
[T+340211126us][CH2-Pc    ] 23
[T+340216125us][CH1-Dispenser] 23 D3
[T+340232260us][CH1-Dispenser] FF
[T+340232126us][CH2-Pc    ] FF
[T+340246267us][CH1-Dispenser] E9
[T+340246129us][CH2-Pc    ] E9
[T+340258265us][CH1-Dispenser] FE
[T+340258128us][CH2-Pc    ] FE
[T+340270266us][CH1-Dispenser] E0
[T+340270128us][CH2-Pc    ] E0
[T+340284130us][CH1-Dispenser] E1
[T+340284269us][CH2-Pc    ] E1
[T+340297125us][CH1-Dispenser] E0
[T+340296128us][CH2-Pc    ] E0
[T+340310267us][CH1-Dispenser] FB
[T+340310129us][CH2-Pc    ] FB
[T+340321264us][CH1-Dispenser] EE
[T+340321129us][CH2-Pc    ] EE
[T+340343125us][CH2-Pc    ] F0
[T+340373125us][CH1-Dispenser] F0 BA B0 B3 B3 B0 B1 B0 B0 B0 B0 B1 B1 B1 B1 B2 B9 B9 8D 8A
[T+340442125us][CH2-Pc    ] 04
[T+340453125us][CH1-Dispenser] 04 64
[T+340520258us][CH1-Dispenser] 05
[T+340520126us][CH2-Pc    ] 05
[T+340706260us][CH1-Dispenser] 06
[T+340706127us][CH2-Pc    ] 06
[T+340870149us][CH2-Pc    ] 01
[T+340877335us][CH1-Dispenser] 01 61
[T+340978125us][CH2-Pc    ] 02
[T+340987739us][CH1-Dispenser] 02 92
[T+341009126us][CH2-Pc    ] 62
[T+341023125us][CH1-Dispenser] 62 E0 E1 E8 E3 E3 E0
[T+341097125us][CH2-Pc    ] 03
[T+341108125us][CH1-Dispenser] 03 73
[T+341125133us][CH2-Pc    ] 23
[T+341132125us][CH1-Dispenser] 23 D3
[T+341146266us][CH1-Dispenser] FF
[T+341146127us][CH2-Pc    ] FF
[T+341159267us][CH1-Dispenser] E9
[T+341159127us][CH2-Pc    ] E9
[T+341172267us][CH1-Dispenser] FE
[T+341172131us][CH2-Pc    ] FE
[T+341184382us][CH1-Dispenser] E0
[T+341184244us][CH2-Pc    ] E0
[T+341199739us][CH1-Dispenser] E1
[T+341199600us][CH2-Pc    ] E1
[T+341212271us][CH1-Dispenser] E0
[T+341212133us][CH2-Pc    ] E0
[T+341225125us][CH1-Dispenser] FB
[T+341224134us][CH2-Pc    ] FB
[T+341237272us][CH1-Dispenser] EE
[T+341237136us][CH2-Pc    ] EE
[T+341250163us][CH2-Pc    ] F0
[T+341278149us][CH1-Dispenser] F0 BA B0 B3 B3 B0 B1 B0 B0 B0 B0 B1 B1 B1 B1 B2 B9 B9 8D 8A
[T+341342149us][CH2-Pc    ] 04
[T+341348125us][CH1-Dispenser] 04 64
[T+341420259us][CH1-Dispenser] 05
[T+341420126us][CH2-Pc    ] 05
[T+341595260us][CH1-Dispenser] 06
[T+341595126us][CH2-Pc    ] 06
[T+341769125us][CH2-Pc    ] 01
[T+341779133us][CH1-Dispenser] 01 61
[T+341848125us][CH2-Pc    ] 02
[T+341856163us][CH1-Dispenser] 02 92
[T+341875126us][CH2-Pc    ] 62
[T+341889125us][CH1-Dispenser] 62 E7 E7 E8 E3 E3 E0
[T+341953151us][CH2-Pc    ] 03
[T+341961163us][CH1-Dispenser] 03 73
[T+341980126us][CH2-Pc    ] 23
[T+341987133us][CH1-Dispenser] 23 D3
[T+342002262us][CH1-Dispenser] FF
[T+342002126us][CH2-Pc    ] FF
[T+342014271us][CH1-Dispenser] E9
[T+342014132us][CH2-Pc    ] E9
[T+342027260us][CH1-Dispenser] FE
[T+342027127us][CH2-Pc    ] FE
[T+342049258us][CH1-Dispenser] E0
[T+342049126us][CH2-Pc    ] E0
[T+342061259us][CH1-Dispenser] E1
[T+342061126us][CH2-Pc    ] E1
[T+342074601us][CH1-Dispenser] E0
[T+342074461us][CH2-Pc    ] E0
[T+342087258us][CH1-Dispenser] FB
[T+342087126us][CH2-Pc    ] FB
[T+342099258us][CH1-Dispenser] EE
[T+342099126us][CH2-Pc    ] EE
[T+342112126us][CH2-Pc    ] F0
[T+342143126us][CH1-Dispenser] F0 BA B0 B3 B3 B0 B1 B0 B0 B0 B0 B1 B1 B1 B1 B2 B9 B9 8D 8A
[T+342214126us][CH2-Pc    ] 04
[T+342220720us][CH1-Dispenser] 04 64
[T+342293260us][CH1-Dispenser] 05
[T+342293126us][CH2-Pc    ] 05
[T+342468261us][CH1-Dispenser] 06
[T+342468126us][CH2-Pc    ] 06
[T+342642126us][CH2-Pc    ] 01
[T+342648715us][CH1-Dispenser] 01 61
[T+342720151us][CH2-Pc    ] 02
[T+342727134us][CH1-Dispenser] 02 92
[T+342749125us][CH2-Pc    ] 62
[T+342764125us][CH1-Dispenser] 62 E0 E0 E9 E3 E3 E0
[T+342829126us][CH2-Pc    ] 03
[T+342836135us][CH1-Dispenser] 03 73
[T+342856149us][CH2-Pc    ] 23
[T+342861125us][CH1-Dispenser] 23 D3
[T+342890259us][CH1-Dispenser] FF E9
[T+342890126us][CH2-Pc    ] FF E9
[T+342903260us][CH1-Dispenser] FE
[T+342903127us][CH2-Pc    ] FE
[T+342916491us][CH1-Dispenser] E0
[T+342916352us][CH2-Pc    ] E0
[T+342928273us][CH1-Dispenser] E1
[T+342928133us][CH2-Pc    ] E1
[T+342941272us][CH1-Dispenser] E0
[T+342941133us][CH2-Pc    ] E0
[T+342954272us][CH1-Dispenser] FB
[T+342954133us][CH2-Pc    ] FB
[T+342967268us][CH1-Dispenser] EE
[T+342967133us][CH2-Pc    ] EE
[T+342979164us][CH2-Pc    ] F0
[T+343009125us][CH1-Dispenser] F0 BA B0 B3 B3 B0 B1 B0 B0 B0 B0 B1 B1 B1 B1 B2 B9 B9 8D 8A
[T+343078126us][CH2-Pc    ] 04
[T+343085133us][CH1-Dispenser] 04 64
[T+343156260us][CH1-Dispenser] 05
[T+343156126us][CH2-Pc    ] 05
[T+343331260us][CH1-Dispenser] 06
[T+343331126us][CH2-Pc    ] 06
[T+343495150us][CH2-Pc    ] 01
[T+343506125us][CH1-Dispenser] 01 61
[T+343573126us][CH2-Pc    ] 02
[T+343581163us][CH1-Dispenser] 02 92
[T+343600126us][CH2-Pc    ] 62
[T+343613384us][CH1-Dispenser] 62 E0 E0 E9 E3 E3 E0
[T+343680125us][CH2-Pc    ] 03
[T+343685125us][CH1-Dispenser] 03 73
[T+343707125us][CH2-Pc    ] 23
[T+343712125us][CH1-Dispenser] 23 D3
[T+343728259us][CH1-Dispenser] FF
[T+343728126us][CH2-Pc    ] FF
[T+343750257us][CH1-Dispenser] E9
[T+343750126us][CH2-Pc    ] E9
[T+343769258us][CH1-Dispenser] FE
[T+343769126us][CH2-Pc    ] FE
[T+343797257us][CH1-Dispenser] E0
[T+343797126us][CH2-Pc    ] E0
[T+343809268us][CH1-Dispenser] E1
[T+343809134us][CH2-Pc    ] E1
[T+343822272us][CH1-Dispenser] E0
[T+343822133us][CH2-Pc    ] E0
[T+343835274us][CH1-Dispenser] FB
[T+343835137us][CH2-Pc    ] FB
[T+343848273us][CH1-Dispenser] EE
[T+343848131us][CH2-Pc    ] EE
[T+343860152us][CH2-Pc    ] F0
[T+343889125us][CH1-Dispenser] F0 BA B0 B3 B3 B0 B1 B0 B0 B0 B0 B1 B1 B1 B1 B2 B9 B9 8D 8A
[T+343963126us][CH2-Pc    ] 04
[T+343972126us][CH1-Dispenser] 04 64
[T+344041259us][CH1-Dispenser] 05
[T+344041126us][CH2-Pc    ] 05
[T+344216259us][CH1-Dispenser] 06
[T+344216127us][CH2-Pc    ] 06
[T+344390126us][CH2-Pc    ] 01
[T+344397133us][CH1-Dispenser] 01 61
[T+344469149us][CH2-Pc    ] 02
[T+344478730us][CH1-Dispenser] 02 92
[T+344496259us][CH1-Dispenser] 62
[T+344496126us][CH2-Pc    ] 62
[T+344514125us][CH1-Dispenser] E0 E0 E9 E3 E3 E0
[T+344585125us][CH2-Pc    ] 03
[T+344591125us][CH1-Dispenser] 03 73
[T+344612125us][CH2-Pc    ] 23
[T+344620149us][CH1-Dispenser] 23 D3
[T+344634265us][CH1-Dispenser] FF
[T+344634127us][CH2-Pc    ] FF
[T+344646428us][CH1-Dispenser] E9
[T+344646290us][CH2-Pc    ] E9
[T+344659257us][CH1-Dispenser] FE
[T+344659126us][CH2-Pc    ] FE
[T+344672258us][CH1-Dispenser] E0
[T+344672126us][CH2-Pc    ] E0
[T+344684383us][CH1-Dispenser] E1
[T+344684252us][CH2-Pc    ] E1
[T+344697257us][CH1-Dispenser] E0
[T+344697126us][CH2-Pc    ] E0
[T+344710268us][CH1-Dispenser] FB
[T+344710134us][CH2-Pc    ] FB
[T+344723267us][CH1-Dispenser] EE
[T+344723133us][CH2-Pc    ] EE
[T+344738126us][CH2-Pc    ] F0
[T+344770149us][CH1-Dispenser] F0 BA B0 B3 B3 B0 B1 B0 B0 B0 B0 B1 B1 B1 B1 B2 B9 B9 8D 8A
[T+344845125us][CH2-Pc    ] 04
[T+344851125us][CH1-Dispenser] 04 64
[T+344924259us][CH1-Dispenser] 05
[T+344924126us][CH2-Pc    ] 05
[T+345095261us][CH1-Dispenser] 06
[T+345095126us][CH2-Pc    ] 06
[T+345259149us][CH2-Pc    ] 01
[T+345268293us][CH1-Dispenser] 01 61
[T+345338125us][CH2-Pc    ] 02
[T+345341125us][CH1-Dispenser] 02 92
[T+345355130us][CH1-Dispenser] 62
[T+345355266us][CH2-Pc    ] 62
[T+345372126us][CH1-Dispenser] E0 E0 E9 E3 E3 E0
[T+345443126us][CH2-Pc    ] 03
[T+345451368us][CH1-Dispenser] 03 73
[T+345470126us][CH2-Pc    ] 23
[T+345476697us][CH1-Dispenser] 23 D3
[T+345492261us][CH1-Dispenser] FF
[T+345492126us][CH2-Pc    ] FF
[T+345505260us][CH1-Dispenser] E9
[T+345505128us][CH2-Pc    ] E9
[T+345518125us][CH1-Dispenser] FE
[T+345517129us][CH2-Pc    ] FE
[T+345530275us][CH1-Dispenser] E0
[T+345530130us][CH2-Pc    ] E0
[T+345543265us][CH1-Dispenser] E1
[T+345543130us][CH2-Pc    ] E1
[T+345556038us][CH1-Dispenser] E0
[T+345555902us][CH2-Pc    ] E0
[T+345568264us][CH1-Dispenser] FB
[T+345568127us][CH2-Pc    ] FB
[T+345581260us][CH1-Dispenser] EE
[T+345581127us][CH2-Pc    ] EE
[T+345594125us][CH2-Pc    ] F0
[T+345624125us][CH1-Dispenser] F0 BA B0 B3 B3 B0 B1 B0 B0 B0 B0 B1 B1 B1 B1 B2 B9 B9 8D 8A
[T+345695125us][CH2-Pc    ] 04
[T+345701125us][CH1-Dispenser] 04 64
[T+345773259us][CH1-Dispenser] 05
[T+345773126us][CH2-Pc    ] 05
[T+345948263us][CH1-Dispenser] 06
[T+345948127us][CH2-Pc    ] 06
[T+346123125us][CH2-Pc    ] 01
[T+346128125us][CH1-Dispenser] 01 61
[T+346201125us][CH2-Pc    ] 02
[T+346209181us][CH1-Dispenser] 02 92
[T+346228125us][CH2-Pc    ] 62
[T+346243125us][CH1-Dispenser] 62 E0 E0 E9 E3 E3 E0
[T+346317125us][CH2-Pc    ] 03
[T+346327126us][CH1-Dispenser] 03 73
[T+346344689us][CH2-Pc    ] 23
[T+346352163us][CH1-Dispenser] 23 D3
[T+346366263us][CH1-Dispenser] FF
[T+346366127us][CH2-Pc    ] FF
[T+346396261us][CH1-Dispenser] E9
[T+346396126us][CH2-Pc    ] E9
[T+346410268us][CH1-Dispenser] FE
[T+346410130us][CH2-Pc    ] FE
[T+346422270us][CH1-Dispenser] E0
[T+346422131us][CH2-Pc    ] E0
[T+346434328us][CH1-Dispenser] E1
[T+346434196us][CH2-Pc    ] E1
[T+346447257us][CH1-Dispenser] E0
[T+346447126us][CH2-Pc    ] E0
[T+346460270us][CH1-Dispenser] FB
[T+346460133us][CH2-Pc    ] FB
[T+346472273us][CH1-Dispenser] EE
[T+346472134us][CH2-Pc    ] EE
[T+346485128us][CH2-Pc    ] F0
[T+346514126us][CH1-Dispenser] F0 BA B0 B3 B3 B0 B1 B0 B0 B0 B0 B1 B1 B1 B1 B2 B9 B9 8D 8A
[T+346591153us][CH1-Dispenser] 04 64
[T+346587125us][CH2-Pc    ] 04
[T+346665258us][CH1-Dispenser] 05
[T+346665126us][CH2-Pc    ] 05
[T+346840125us][CH1-Dispenser] 06
[T+346839125us][CH2-Pc    ] 06
[T+347014125us][CH2-Pc    ] 01
[T+347024126us][CH1-Dispenser] 01 61
[T+347092150us][CH2-Pc    ] 02
[T+347098126us][CH1-Dispenser] 02 92
[T+347120125us][CH2-Pc    ] 62
[T+347134125us][CH1-Dispenser] 62 E0 E0 E9 E3 E3 E0
[T+347198155us][CH2-Pc    ] 03
[T+347206165us][CH1-Dispenser] 03 73
[T+347225125us][CH2-Pc    ] 23
[T+347231125us][CH1-Dispenser] 23 D3
[T+347247258us][CH1-Dispenser] FF
[T+347247126us][CH2-Pc    ] FF
[T+347260125us][CH1-Dispenser] E9
[T+347259128us][CH2-Pc    ] E9
[T+347272268us][CH1-Dispenser] FE
[T+347272130us][CH2-Pc    ] FE
[T+347297272us][CH1-Dispenser] E0 E1
[T+347297131us][CH2-Pc    ] E0 E1
[T+347310271us][CH1-Dispenser] E0
[T+347310133us][CH2-Pc    ] E0
[T+347323272us][CH1-Dispenser] FB
[T+347323133us][CH2-Pc    ] FB
[T+347344264us][CH1-Dispenser] EE
[T+347344129us][CH2-Pc    ] EE
[T+347366126us][CH2-Pc    ] F0
[T+347395125us][CH1-Dispenser] F0 BA B0 B3 B3 B0 B1 B0 B0 B0 B0 B1 B1 B1 B1 B2 B9 B9 8D 8A
[T+347467149us][CH2-Pc    ] 04
[T+347476125us][CH1-Dispenser] 04 64
[T+347546263us][CH1-Dispenser] 05
[T+347546128us][CH2-Pc    ] 05
[T+347720261us][CH1-Dispenser] 06
[T+347720127us][CH2-Pc    ] 06
[T+347884151us][CH2-Pc    ] 01
[T+347893126us][CH1-Dispenser] 01 61
[T+347963125us][CH2-Pc    ] 02
[T+347979125us][CH2-Pc    ] 62
[T+347994125us][CH1-Dispenser] 02 92 62 E0 E0 E9 E3 E3 E0
[T+348068125us][CH2-Pc    ] 03
[T+348076163us][CH1-Dispenser] 03 73
[T+348095125us][CH2-Pc    ] 23
[T+348101125us][CH1-Dispenser] 23 D3
[T+348117259us][CH1-Dispenser] FF
[T+348117126us][CH2-Pc    ] FF
[T+348130270us][CH1-Dispenser] E9
[T+348130131us][CH2-Pc    ] E9
[T+348142272us][CH1-Dispenser] FE
[T+348142132us][CH2-Pc    ] FE
[T+348155257us][CH1-Dispenser] E0
[T+348155126us][CH2-Pc    ] E0
[T+348168128us][CH1-Dispenser] E1
[T+348168262us][CH2-Pc    ] E1
[T+348180128us][CH1-Dispenser] E0
[T+348180264us][CH2-Pc    ] E0
[T+348193259us][CH1-Dispenser] FB
[T+348193126us][CH2-Pc    ] FB
[T+348206261us][CH1-Dispenser] EE
[T+348206130us][CH2-Pc    ] EE
[T+348218149us][CH2-Pc    ] F0
[T+348249125us][CH1-Dispenser] F0 BA B0 B3 B3 B0 B1 B0 B0 B0 B0 B1 B1 B1 B1 B2 B9 B9 8D 8A
[T+348320125us][CH2-Pc    ] 04
[T+348327226us][CH1-Dispenser] 04 64
[T+348400261us][CH1-Dispenser] 05
[T+348400127us][CH2-Pc    ] 05
[T+348575265us][CH1-Dispenser] 06
[T+348575126us][CH2-Pc    ] 06
[T+348750125us][CH2-Pc    ] 01
[T+348757737us][CH1-Dispenser] 01 61
[T+348828126us][CH2-Pc    ] 02
[T+348832153us][CH1-Dispenser] 02 92
[T+348862125us][CH2-Pc    ] 62
[T+348874163us][CH1-Dispenser] 62 E0 E0 E9 E3 E3 E0
[T+348940126us][CH2-Pc    ] 03
[T+348947125us][CH1-Dispenser] 03 73
[T+348967149us][CH2-Pc    ] 23
[T+348989128us][CH1-Dispenser] 23 D3 FF
[T+348989264us][CH2-Pc    ] FF
[T+349002129us][CH1-Dispenser] E9
[T+349002262us][CH2-Pc    ] E9
[T+349015270us][CH1-Dispenser] FE
[T+349015131us][CH2-Pc    ] FE
[T+349027258us][CH1-Dispenser] E0
[T+349027127us][CH2-Pc    ] E0
[T+349040382us][CH1-Dispenser] E1
[T+349040247us][CH2-Pc    ] E1
[T+349052263us][CH1-Dispenser] E0
[T+349052129us][CH2-Pc    ] E0
[T+349066125us][CH1-Dispenser] FB
[T+349065128us][CH2-Pc    ] FB
[T+349078262us][CH1-Dispenser] EE
[T+349078128us][CH2-Pc    ] EE
[T+349090159us][CH2-Pc    ] F0
[T+349119125us][CH1-Dispenser] F0 BA B0 B3 B3 B0 B1 B0 B0 B0 B0 B1 B1 B1 B1 B2 B9 B9 8D 8A
[T+349193126us][CH2-Pc    ] 04
[T+349201163us][CH1-Dispenser] 04 64
[T+349271260us][CH1-Dispenser] 05
[T+349271126us][CH2-Pc    ] 05
[T+349447261us][CH1-Dispenser] 06
[T+349447126us][CH2-Pc    ] 06
[T+349622125us][CH2-Pc    ] 01
[T+349627125us][CH1-Dispenser] 01 61
[T+349700125us][CH2-Pc    ] 02
[T+349707125us][CH1-Dispenser] 02 A2
[T+350278125us][CH2-Pc    ] 03
[T+350287125us][CH1-Dispenser] 03 73
[T+350305125us][CH2-Pc    ] 23
[T+350312744us][CH1-Dispenser] 23 D3
[T+350339258us][CH1-Dispenser] FF E9
[T+350339126us][CH2-Pc    ] FF E9
[T+350352253us][CH1-Dispenser] FE
[T+350352126us][CH2-Pc    ] FE
[T+350365272us][CH1-Dispenser] E0
[T+350365133us][CH2-Pc    ] E0
[T+350378271us][CH1-Dispenser] E1
[T+350378133us][CH2-Pc    ] E1
[T+350390273us][CH1-Dispenser] E0
[T+350390133us][CH2-Pc    ] E0
[T+350403270us][CH1-Dispenser] FB
[T+350403134us][CH2-Pc    ] FB
[T+350416271us][CH1-Dispenser] EE
[T+350416134us][CH2-Pc    ] EE
[T+350430126us][CH2-Pc    ] F0
[T+350458150us][CH1-Dispenser] F0 BA B0 B3 B3 B0 B1 B0 B0 B0 B0 B1 B1 B1 B1 B2 B9 B9 8D 8A
[T+350538149us][CH2-Pc    ] 04
[T+350547434us][CH1-Dispenser] 04 64
[T+350616260us][CH1-Dispenser] 05
[T+350616126us][CH2-Pc    ] 05
[T+350791258us][CH1-Dispenser] 06
[T+350791126us][CH2-Pc    ] 06
[T+350965125us][CH2-Pc    ] 01
[T+350973163us][CH1-Dispenser] 01 61
[T+351044125us][CH2-Pc    ] 02
[T+351055125us][CH1-Dispenser] 02 62
[T+351622125us][CH2-Pc    ] 03
[T+351638125us][CH2-Pc    ] 23
[T+351645125us][CH1-Dispenser] 03 73 23 D3
[T+351660254us][CH1-Dispenser] FF
[T+351660126us][CH2-Pc    ] FF
[T+351673271us][CH1-Dispenser] E9
[T+351673134us][CH2-Pc    ] E9
[T+351685284us][CH1-Dispenser] FE
[T+351685147us][CH2-Pc    ] FE
[T+351698272us][CH1-Dispenser] E0
[T+351698133us][CH2-Pc    ] E0
[T+351711128us][CH1-Dispenser] E1
[T+351711263us][CH2-Pc    ] E1
[T+351723130us][CH1-Dispenser] E0
[T+351723262us][CH2-Pc    ] E0
[T+351736263us][CH1-Dispenser] FB
[T+351736129us][CH2-Pc    ] FB
[T+351750266us][CH1-Dispenser] EE
[T+351750128us][CH2-Pc    ] EE
[T+351761126us][CH2-Pc    ] F0
[T+351790125us][CH1-Dispenser] F0 BA B0 B3 B3 B0 B1 B0 B0 B0 B0 B1 B1 B1 B1 B2 B9 B9 8D 8A
[T+351863125us][CH2-Pc    ] 04
[T+351871163us][CH1-Dispenser] 04 64
[T+351941264us][CH1-Dispenser] 05
[T+351941127us][CH2-Pc    ] 05
[T+352105260us][CH1-Dispenser] 06
[T+352105126us][CH2-Pc    ] 06
[T+352282125us][CH2-Pc    ] 01
[T+352289160us][CH1-Dispenser] 01 61
[T+352360125us][CH2-Pc    ] 02
[T+352370133us][CH1-Dispenser] 02 62
[T+352387125us][CH2-Pc    ] 42
[T+352436213us][CH1-Dispenser] 42 FF F1 F8 EB E1 E0 E0 E0 F6 E0 F4 F7 E0 E3 E1 E1 F9 E0 E0 E0 E0 E3 E0 FA E0 E0 E9 E3 E3 E0 FB E6 F0
[T+352460259us][CH1-Dispenser] 52
[T+352460126us][CH2-Pc    ] 52
[T+352591125us][CH1-Dispenser] FF F6 E0 F9 E6 E8 E7 E1 E5 E8 E6 E2 FA E9 E9 E3 E0 E3 E2 E5 E8 F4 E0 E3 E1 E1 F5 E0 E0 E0 E0 F6 E1 F9 E6 E7 E3 E4 E4 E8 E5 E3 FA E0 E9 E8 E3 E5 E8 E4 E8 F4 E0 E0 E1 E1 F5 E0 E0 E0 E0 F6 E2 F9 E6 E7 E8 E9 E5 E4 E9 E9 FA E8 E2 E2 E3 E7 E8 E1 E8 F4 E0 E3 E4 E1 F5 E0 E0 E0 E0 FB E7 F0
[T+352660125us][CH2-Pc    ] 03
[T+352667125us][CH1-Dispenser] 03 73
[T+352687152us][CH2-Pc    ] 23
[T+352692125us][CH1-Dispenser] 23 D3
[T+352721260us][CH1-Dispenser] FF E9
[T+352721126us][CH2-Pc    ] FF E9
[T+352734262us][CH1-Dispenser] FE
[T+352734128us][CH2-Pc    ] FE
[T+352747253us][CH1-Dispenser] E0
[T+352747126us][CH2-Pc    ] E0
[T+352759254us][CH1-Dispenser] E1
[T+352759126us][CH2-Pc    ] E1
[T+352772271us][CH1-Dispenser] E0
[T+352772134us][CH2-Pc    ] E0
[T+352785261us][CH1-Dispenser] FB
[T+352785128us][CH2-Pc    ] FB
[T+352799260us][CH1-Dispenser] EE
[T+352799127us][CH2-Pc    ] EE
[T+352812125us][CH2-Pc    ] F0
[T+352840149us][CH1-Dispenser] F0 BA B0 B3 B3 B0 B1 B0 B0 B0 B0 B1 B1 B1 B1 B2 B9 B9 8D 8A
[T+352914125us][CH2-Pc    ] 04
[T+352921125us][CH1-Dispenser] 04 64
[T+352992260us][CH1-Dispenser] 05
[T+352992126us][CH2-Pc    ] 05
[T+353167261us][CH1-Dispenser] 06
[T+353167128us][CH2-Pc    ] 06
[T+353342125us][CH2-Pc    ] 01
[T+353349748us][CH1-Dispenser] 01 61
[T+353419125us][CH2-Pc    ] 02
[T+353428259us][CH1-Dispenser] 02 62
[T+353447126us][CH2-Pc    ] 42
[T+353496125us][CH1-Dispenser] 42 FF F1 F8 EB E1 E0 E0 E0 F6 E0 F4 F7 E0 E3 E1 E1 F9 E0 E0 E0 E0 E3 E0 FA E0 E0 E9 E3 E3 E0 FB E6 F0
[T+353519259us][CH1-Dispenser] 52
[T+353519126us][CH2-Pc    ] 52
[T+353652125us][CH1-Dispenser] FF F6 E0 F9 E6 E8 E7 E1 E5 E8 E6 E2 FA E9 E9 E3 E0 E3 E2 E5 E8 F4 E0 E3 E1 E1 F5 E0 E0 E0 E0 F6 E1 F9 E6 E7 E3 E4 E4 E8 E5 E3 FA E0 E9 E8 E3 E5 E8 E4 E8 F4 E0 E0 E1 E1 F5 E0 E0 E0 E0 F6 E2 F9 E6 E7 E8 E9 E5 E4 E9 E9 FA E8 E2 E2 E3 E7 E8 E1 E8 F4 E0 E3 E4 E1 F5 E0 E0 E0 E0 FB E7 F0
[T+353729125us][CH2-Pc    ] 03
[T+353738125us][CH1-Dispenser] 03 73
[T+353756125us][CH2-Pc    ] 23
[T+353761776us][CH1-Dispenser] 23 D3
[T+353778258us][CH1-Dispenser] FF
[T+353778126us][CH2-Pc    ] FF
[T+353791258us][CH1-Dispenser] E9
[T+353791126us][CH2-Pc    ] E9
[T+353803633us][CH1-Dispenser] FE
[T+353803492us][CH2-Pc    ] FE
[T+353829125us][CH1-Dispenser] E0 E1
[T+353828126us][CH2-Pc    ] E0 E1
[T+353850259us][CH1-Dispenser] E0
[T+353850126us][CH2-Pc    ] E0
[T+353872259us][CH1-Dispenser] FB
[T+353872126us][CH2-Pc    ] FB
[T+353893257us][CH1-Dispenser] EE
[T+353893126us][CH2-Pc    ] EE
[T+353915125us][CH2-Pc    ] F0
[T+353945125us][CH1-Dispenser] F0 BA B0 B3 B3 B0 B1 B0 B0 B0 B0 B1 B1 B1 B1 B2 B9 B9 8D 8A
[T+354014151us][CH2-Pc    ] 04
[T+354022191us][CH1-Dispenser] 04 64
[T+354092260us][CH1-Dispenser] 05
[T+354092126us][CH2-Pc    ] 05
[T+354267264us][CH1-Dispenser] 06
[T+354267128us][CH2-Pc    ] 06
[T+354431151us][CH2-Pc    ] 01
[T+354438134us][CH1-Dispenser] 01 61
[T+354509125us][CH2-Pc    ] 02
[T+354519126us][CH1-Dispenser] 02 62
[T+354587151us][CH2-Pc    ] 03
[T+354604125us][CH2-Pc    ] 23
[T+354611125us][CH1-Dispenser] 03 73 23 D3
[T+354626263us][CH1-Dispenser] FF
[T+354626129us][CH2-Pc    ] FF
[T+354647259us][CH1-Dispenser] E9
[T+354647126us][CH2-Pc    ] E9
[T+354669257us][CH1-Dispenser] FE
[T+354669126us][CH2-Pc    ] FE
[T+354690261us][CH1-Dispenser] E0
[T+354690126us][CH2-Pc    ] E0
[T+354712257us][CH1-Dispenser] E1
[T+354712126us][CH2-Pc    ] E1
[T+354733256us][CH1-Dispenser] E0
[T+354733126us][CH2-Pc    ] E0
[T+354754258us][CH1-Dispenser] FB
[T+354754126us][CH2-Pc    ] FB
[T+354776265us][CH1-Dispenser] EE
[T+354776128us][CH2-Pc    ] EE
[T+354797126us][CH2-Pc    ] F0
[T+354824125us][CH1-Dispenser] F0 BA B0 B3 B3 B0 B1 B0 B0 B0 B0 B1 B1 B1 B1 B2 B9 B9 8D 8A
[T+354897125us][CH2-Pc    ] 04
[T+354902125us][CH1-Dispenser] 04 64
[T+354975261us][CH1-Dispenser] 05
[T+354975126us][CH2-Pc    ] 05
[T+355150260us][CH1-Dispenser] 06
[T+355150126us][CH2-Pc    ] 06
[T+355322151us][CH2-Pc    ] 01
[T+355328125us][CH1-Dispenser] 01 61
[T+355400149us][CH2-Pc    ] 02
[T+355407125us][CH1-Dispenser] 02 62
[T+355479150us][CH2-Pc    ] 03
[T+355487867us][CH1-Dispenser] 03 73
[T+355507150us][CH2-Pc    ] 23
[T+355512758us][CH1-Dispenser] 23 D3
[T+355528262us][CH1-Dispenser] FF
[T+355528129us][CH2-Pc    ] FF
[T+355550260us][CH1-Dispenser] E9
[T+355550126us][CH2-Pc    ] E9
[T+355572254us][CH1-Dispenser] FE
[T+355572126us][CH2-Pc    ] FE
[T+355594258us][CH1-Dispenser] E0
[T+355594126us][CH2-Pc    ] E0
[T+355616257us][CH1-Dispenser] E1
[T+355616126us][CH2-Pc    ] E1
[T+355638265us][CH1-Dispenser] E0
[T+355638127us][CH2-Pc    ] E0
[T+355660258us][CH1-Dispenser] FB
[T+355660126us][CH2-Pc    ] FB
[T+355681258us][CH1-Dispenser] EE
[T+355681126us][CH2-Pc    ] EE
[T+355704612us][CH2-Pc    ] F0
[T+355736150us][CH1-Dispenser] F0 BA B0 B3 B3 B0 B1 B0 B0 B0 B0 B1 B1 B1 B1 B2 B9 B9 8D 8A
[T+355803127us][CH2-Pc    ] 04
[T+355812125us][CH1-Dispenser] 04 64
[T+355881261us][CH1-Dispenser] 05
[T+355881126us][CH2-Pc    ] 05
[T+356062264us][CH1-Dispenser] 06
[T+356062127us][CH2-Pc    ] 06
[T+356237126us][CH2-Pc    ] 01
[T+356243125us][CH1-Dispenser] 01 61
[T+356312201us][CH2-Pc    ] 02
[T+356317125us][CH1-Dispenser] 02 62
[T+356380125us][CH2-Pc    ] 03
[T+356386134us][CH1-Dispenser] 03 73
[T+356410150us][CH2-Pc    ] 23
[T+356417784us][CH1-Dispenser] 23 D3
[T+356431260us][CH1-Dispenser] FF
[T+356431127us][CH2-Pc    ] FF
[T+356454258us][CH1-Dispenser] E9
[T+356454126us][CH2-Pc    ] E9
[T+356475257us][CH1-Dispenser] FE
[T+356475126us][CH2-Pc    ] FE
[T+356497261us][CH1-Dispenser] E0
[T+356497126us][CH2-Pc    ] E0
[T+356519266us][CH1-Dispenser] E1
[T+356519126us][CH2-Pc    ] E1
[T+356540259us][CH1-Dispenser] E0
[T+356540126us][CH2-Pc    ] E0
[T+356563154us][CH1-Dispenser] FB
[T+356562883us][CH2-Pc    ] FB
[T+356585260us][CH1-Dispenser] EE
[T+356585126us][CH2-Pc    ] EE
[T+356607126us][CH2-Pc    ] F0
[T+356635151us][CH1-Dispenser] F0 BA B0 B3 B3 B0 B1 B0 B0 B0 B0 B1 B1 B1 B1 B2 B9 B9 8D 8A
[T+356739126us][CH2-Pc    ] 04
[T+356749129us][CH1-Dispenser] 04 64
[T+356817262us][CH1-Dispenser] 05
[T+356817126us][CH2-Pc    ] 05
[T+357000259us][CH1-Dispenser] 06
[T+357000126us][CH2-Pc    ] 06
[T+357196151us][CH2-Pc    ] 01
[T+357204486us][CH1-Dispenser] 01 61
[T+357274125us][CH2-Pc    ] 02
[T+357285363us][CH1-Dispenser] 02 62
[T+357352125us][CH2-Pc    ] 03
[T+357358125us][CH1-Dispenser] 03 73
[T+357379125us][CH2-Pc    ] 23
[T+357386133us][CH1-Dispenser] 23 D3
[T+357401260us][CH1-Dispenser] FF
[T+357401126us][CH2-Pc    ] FF
[T+357413271us][CH1-Dispenser] E9
[T+357413133us][CH2-Pc    ] E9
[T+357426264us][CH1-Dispenser] FE
[T+357426129us][CH2-Pc    ] FE
[T+357439267us][CH1-Dispenser] E0
[T+357439130us][CH2-Pc    ] E0
[T+357452262us][CH1-Dispenser] E1
[T+357452128us][CH2-Pc    ] E1
[T+357465260us][CH1-Dispenser] E0
[T+357465128us][CH2-Pc    ] E0
[T+357477259us][CH1-Dispenser] FB
[T+357477126us][CH2-Pc    ] FB
[T+357490273us][CH1-Dispenser] EE
[T+357490129us][CH2-Pc    ] EE
[T+357502151us][CH2-Pc    ] F0
[T+357529125us][CH1-Dispenser] F0 BA B0 B3 B3 B0 B1 B0 B0 B0 B0 B1 B1 B1 B1 B2 B9 B9 8D 8A
[T+357595125us][CH2-Pc    ] 04
[T+357603163us][CH1-Dispenser] 04 64
[T+357673261us][CH1-Dispenser] 05
[T+357673126us][CH2-Pc    ] 05
[T+357837260us][CH1-Dispenser] 06
[T+357837126us][CH2-Pc    ] 06
[T+358018153us][CH1-Dispenser] 01 61
[T+358014701us][CH2-Pc    ] 01
[T+358090149us][CH2-Pc    ] 02
[T+358097133us][CH1-Dispenser] 02 62
[T+358169311us][CH2-Pc    ] 03
[T+358179192us][CH1-Dispenser] 03 73
[T+358196125us][CH2-Pc    ] 23
[T+358202133us][CH1-Dispenser] 23 D3
[T+358217255us][CH1-Dispenser] FF
[T+358217126us][CH2-Pc    ] FF
[T+358232478us][CH1-Dispenser] E9
[T+358231134us][CH2-Pc    ] E9
[T+358245191us][CH1-Dispenser] FE
[T+358245133us][CH2-Pc    ] FE
[T+358256265us][CH1-Dispenser] E0
[T+358256130us][CH2-Pc    ] E0
[T+358269256us][CH1-Dispenser] E1
[T+358269126us][CH2-Pc    ] E1
[T+358282256us][CH1-Dispenser] E0
[T+358282126us][CH2-Pc    ] E0
[T+358294319us][CH1-Dispenser] FB
[T+358294448us][CH2-Pc    ] FB
[T+358309818us][CH1-Dispenser] EE
[T+358308133us][CH2-Pc    ] EE
[T+358320126us][CH2-Pc    ] F0
[T+358351126us][CH1-Dispenser] F0 BA B0 B3 B3 B0 B1 B0 B0 B0 B0 B1 B1 B1 B1 B2 B9 B9 8D 8A
[T+358417126us][CH2-Pc    ] 04
[T+358423133us][CH1-Dispenser] 04 64
[T+358496259us][CH1-Dispenser] 05
[T+358496126us][CH2-Pc    ] 05
[T+358670266us][CH1-Dispenser] 06
[T+358670127us][CH2-Pc    ] 06
[T+358845125us][CH2-Pc    ] 01
[T+358852125us][CH1-Dispenser] 01 61
[T+358923125us][CH2-Pc    ] 02
[T+358930774us][CH1-Dispenser] 02 62
[T+359001126us][CH2-Pc    ] 03
[T+359006125us][CH1-Dispenser] 03 73
[T+359029125us][CH2-Pc    ] 23
[T+359037163us][CH1-Dispenser] 23 D3
[T+359050258us][CH1-Dispenser] FF
[T+359050128us][CH2-Pc    ] FF
[T+359063260us][CH1-Dispenser] E9
[T+359063126us][CH2-Pc    ] E9
[T+359076266us][CH1-Dispenser] FE
[T+359076128us][CH2-Pc    ] FE
[T+359088259us][CH1-Dispenser] E0
[T+359088126us][CH2-Pc    ] E0
[T+359101258us][CH1-Dispenser] E1
[T+359101126us][CH2-Pc    ] E1
[T+359114257us][CH1-Dispenser] E0
[T+359114135us][CH2-Pc    ] E0
[T+359127272us][CH1-Dispenser] FB
[T+359127133us][CH2-Pc    ] FB
[T+359139272us][CH1-Dispenser] EE
[T+359139133us][CH2-Pc    ] EE
[T+359152133us][CH2-Pc    ] F0
[T+359179128us][CH1-Dispenser] F0 BA B0 B3 B3 B0 B1 B0 B0 B0 B0 B1 B1 B1 B1 B2 B9 B9 8D 8A
[T+359244126us][CH2-Pc    ] 04
[T+359253126us][CH1-Dispenser] 04 64
[T+359322260us][CH1-Dispenser] 05
[T+359322126us][CH2-Pc    ] 05
[T+359496262us][CH1-Dispenser] 06
[T+359496126us][CH2-Pc    ] 06
[T+359671125us][CH2-Pc    ] 01
[T+359678691us][CH1-Dispenser] 01 61
[T+359757126us][CH2-Pc    ] 02
[T+359762125us][CH1-Dispenser] 02 62
[T+359835125us][CH2-Pc    ] 03
[T+359842800us][CH1-Dispenser] 03 73
[T+359867153us][CH1-Dispenser] 23 D3
[T+359863125us][CH2-Pc    ] 23
[T+359884258us][CH1-Dispenser] FF
[T+359884126us][CH2-Pc    ] FF
[T+359897268us][CH1-Dispenser] E9
[T+359897130us][CH2-Pc    ] E9
[T+359910140us][CH1-Dispenser] FE
[T+359910279us][CH2-Pc    ] FE
[T+359922272us][CH1-Dispenser] E0
[T+359922133us][CH2-Pc    ] E0
[T+359935266us][CH1-Dispenser] E1
[T+359935130us][CH2-Pc    ] E1
[T+359948273us][CH1-Dispenser] E0
[T+359948134us][CH2-Pc    ] E0
[T+359960258us][CH1-Dispenser] FB
[T+359960127us][CH2-Pc    ] FB
[T+359981259us][CH1-Dispenser] EE
[T+359981126us][CH2-Pc    ] EE
[T+359994126us][CH2-Pc    ] F0
[T+360024125us][CH1-Dispenser] F0 BA B0 B3 B3 B0 B1 B0 B0 B0 B0 B1 B1 B1 B1 B2 B9 B9 8D 8A
[T+360095125us][CH2-Pc    ] 04
[T+360102782us][CH1-Dispenser] 04 64
[T+360173258us][CH1-Dispenser] 05
[T+360173126us][CH2-Pc    ] 05
[T+360337259us][CH1-Dispenser] 06
[T+360337126us][CH2-Pc    ] 06
[T+360512128us][CH2-Pc    ] 01
[T+360517125us][CH1-Dispenser] 01 61
[T+360590125us][CH2-Pc    ] 02
[T+360599125us][CH1-Dispenser] 02 62
[T+360668125us][CH2-Pc    ] 03
[T+360680163us][CH1-Dispenser] 03 73
[T+360696149us][CH2-Pc    ] 23
[T+360702125us][CH1-Dispenser] 23 D3
[T+360717266us][CH1-Dispenser] FF
[T+360717127us][CH2-Pc    ] FF
[T+360730272us][CH1-Dispenser] E9
[T+360730133us][CH2-Pc    ] E9
[T+360743125us][CH1-Dispenser] FE
[T+360742133us][CH2-Pc    ] FE
[T+360755220us][CH1-Dispenser] E0
[T+360755129us][CH2-Pc    ] E0
[T+360769135us][CH1-Dispenser] E1
[T+360769273us][CH2-Pc    ] E1
[T+360781256us][CH1-Dispenser] E0
[T+360781126us][CH2-Pc    ] E0
[T+360793256us][CH1-Dispenser] FB
[T+360793126us][CH2-Pc    ] FB
[T+360806263us][CH1-Dispenser] EE
[T+360806130us][CH2-Pc    ] EE
[T+360819382us][CH2-Pc    ] F0
[T+360850125us][CH1-Dispenser] F0 BA B0 B3 B3 B0 B1 B0 B0 B0 B0 B1 B1 B1 B1 B2 B9 B9 8D 8A
[T+360920128us][CH2-Pc    ] 04
[T+360927362us][CH1-Dispenser] 04 64
[T+360998260us][CH1-Dispenser] 05
[T+360998126us][CH2-Pc    ] 05
[T+361173262us][CH1-Dispenser] 06
[T+361173126us][CH2-Pc    ] 06
[T+361342153us][CH1-Dispenser] 01 61
[T+361338125us][CH2-Pc    ] 01
[T+361415125us][CH2-Pc    ] 02
[T+361424742us][CH1-Dispenser] 02 62
[T+361493125us][CH2-Pc    ] 03
[T+361502125us][CH1-Dispenser] 03 73
[T+361521125us][CH2-Pc    ] 23
[T+361529165us][CH1-Dispenser] 23 D3
[T+361542258us][CH1-Dispenser] FF
[T+361542126us][CH2-Pc    ] FF
[T+361555272us][CH1-Dispenser] E9
[T+361555133us][CH2-Pc    ] E9
[T+361568129us][CH1-Dispenser] FE
[T+361568264us][CH2-Pc    ] FE
[T+361581966us][CH1-Dispenser] E0
[T+361582124us][CH2-Pc    ] E0
[T+361593271us][CH1-Dispenser] E1
[T+361593135us][CH2-Pc    ] E1
[T+361606272us][CH1-Dispenser] E0
[T+361606133us][CH2-Pc    ] E0
[T+361619222us][CH1-Dispenser] FB
[T+361619136us][CH2-Pc    ] FB
[T+361632849us][CH1-Dispenser] EE
[T+361632988us][CH2-Pc    ] EE
[T+361645126us][CH2-Pc    ] F0
[T+361675125us][CH1-Dispenser] F0 BA B0 B3 B3 B0 B1 B0 B0 B0 B0 B1 B1 B1 B1 B2 B9 B9 8D 8A
[T+361757125us][CH2-Pc    ] 04
[T+361761153us][CH1-Dispenser] 04 64
[T+361825262us][CH1-Dispenser] 05
[T+361825126us][CH2-Pc    ] 05
[T+361999261us][CH1-Dispenser] 06
[T+361999126us][CH2-Pc    ] 06
[T+362174126us][CH2-Pc    ] 01
[T+362182187us][CH1-Dispenser] 01 61
[T+362252125us][CH2-Pc    ] 02
[T+362258133us][CH1-Dispenser] 02 62
[T+362330149us][CH2-Pc    ] 03
[T+362338149us][CH1-Dispenser] 03 73
[T+362368260us][CH1-Dispenser] 23 D3 FF
[T+362368126us][CH2-Pc    ] 23 FF
[T+362382125us][CH1-Dispenser] E9
[T+362381136us][CH2-Pc    ] E9
[T+362406258us][CH1-Dispenser] FE E0
[T+362406126us][CH2-Pc    ] FE E0
[T+362420254us][CH1-Dispenser] E1
[T+362420126us][CH2-Pc    ] E1
[T+362434269us][CH1-Dispenser] E0
[T+362434130us][CH2-Pc    ] E0
[T+362446271us][CH1-Dispenser] FB
[T+362446133us][CH2-Pc    ] FB
[T+362459453us][CH1-Dispenser] EE
[T+362459314us][CH2-Pc    ] EE
[T+362471134us][CH2-Pc    ] F0
[T+362500126us][CH1-Dispenser] F0 BA B0 B3 B3 B0 B1 B0 B0 B0 B0 B1 B1 B1 B1 B2 B9 B9 8D 8A
[T+362573125us][CH2-Pc    ] 04
[T+362579125us][CH1-Dispenser] 04 64
[T+362651259us][CH1-Dispenser] 05
[T+362651127us][CH2-Pc    ] 05
[T+362826261us][CH1-Dispenser] 06
[T+362826126us][CH2-Pc    ] 06
[T+363000125us][CH2-Pc    ] 01
[T+363009728us][CH1-Dispenser] 01 61
[T+363078125us][CH2-Pc    ] 02
[T+363083125us][CH1-Dispenser] 02 62
[T+363157126us][CH2-Pc    ] 03
[T+363161153us][CH1-Dispenser] 03 73
[T+363184126us][CH2-Pc    ] 23
[T+363205126us][CH1-Dispenser] 23 D3 FF
[T+363218263us][CH1-Dispenser] E9
[T+363218127us][CH2-Pc    ] FF E9
[T+363231272us][CH1-Dispenser] FE
[T+363231133us][CH2-Pc    ] FE
[T+363244134us][CH1-Dispenser] E0
[T+363244270us][CH2-Pc    ] E0
[T+363256277us][CH1-Dispenser] E1
[T+363256134us][CH2-Pc    ] E1
[T+363269272us][CH1-Dispenser] E0
[T+363269133us][CH2-Pc    ] E0
[T+363294257us][CH1-Dispenser] FB EE
[T+363294126us][CH2-Pc    ] FB EE
[T+363307125us][CH2-Pc    ] F0
[T+363335149us][CH1-Dispenser] F0 BA B0 B3 B3 B0 B1 B0 B0 B0 B0 B1 B1 B1 B1 B2 B9 B9 8D 8A
[T+363406125us][CH2-Pc    ] 04
[T+363414165us][CH1-Dispenser] 04 64
[T+363484265us][CH1-Dispenser] 05
[T+363484128us][CH2-Pc    ] 05
[T+363659263us][CH1-Dispenser] 06
[T+363659127us][CH2-Pc    ] 06
[T+363823151us][CH2-Pc    ] 01
[T+363827153us][CH1-Dispenser] 01 61
[T+363901125us][CH2-Pc    ] 02
[T+363910735us][CH1-Dispenser] 02 62
[T+363979125us][CH2-Pc    ] 03
[T+363988125us][CH1-Dispenser] 03 73
[T+364006125us][CH2-Pc    ] 23
[T+364013125us][CH1-Dispenser] 23 D3
[T+364028847us][CH1-Dispenser] FF
[T+364028126us][CH2-Pc    ] FF
[T+364041272us][CH1-Dispenser] E9
[T+364041133us][CH2-Pc    ] E9
[T+364053273us][CH1-Dispenser] FE
[T+364053133us][CH2-Pc    ] FE
[T+364066272us][CH1-Dispenser] E0
[T+364066133us][CH2-Pc    ] E0
[T+364091265us][CH1-Dispenser] E1 E0
[T+364091130us][CH2-Pc    ] E1 E0
[T+364104267us][CH1-Dispenser] FB
[T+364104130us][CH2-Pc    ] FB
[T+364117261us][CH1-Dispenser] EE
[T+364117128us][CH2-Pc    ] EE
[T+364129154us][CH2-Pc    ] F0
[T+364161149us][CH1-Dispenser] F0 BA B0 B3 B3 B0 B1 B0 B0 B0 B0 B1 B1 B1 B1 B2 B9 B9 8D 8A
[T+364231126us][CH2-Pc    ] 04
[T+364239420us][CH1-Dispenser] 04 64
[T+364309260us][CH1-Dispenser] 05
[T+364309126us][CH2-Pc    ] 05
[T+364484261us][CH1-Dispenser] 06
[T+364484126us][CH2-Pc    ] 06
[T+364659125us][CH2-Pc    ] 01
[T+364663153us][CH1-Dispenser] 01 61
[T+364737126us][CH2-Pc    ] 02
[T+364743125us][CH1-Dispenser] 02 62
[T+364815152us][CH2-Pc    ] 03
[T+364823771us][CH1-Dispenser] 03 73
[T+364842125us][CH2-Pc    ] 23
[T+364851125us][CH1-Dispenser] 23 D3
[T+364879259us][CH1-Dispenser] FF E9
[T+364879126us][CH2-Pc    ] FF E9
[T+364893269us][CH1-Dispenser] FE
[T+364893131us][CH2-Pc    ] FE
[T+364905272us][CH1-Dispenser] E0
[T+364905133us][CH2-Pc    ] E0
[T+364917937us][CH1-Dispenser] E1
[T+364917133us][CH2-Pc    ] E1
[T+364932129us][CH1-Dispenser] E0
[T+364932266us][CH2-Pc    ] E0
[T+364944129us][CH1-Dispenser] FB
[T+364944267us][CH2-Pc    ] FB
[T+364955648us][CH1-Dispenser] EE
[T+364955509us][CH2-Pc    ] EE
[T+364968128us][CH2-Pc    ] F0
[T+364996150us][CH1-Dispenser] F0 BA B0 B3 B3 B0 B1 B0 B0 B0 B0 B1 B1 B1 B1 B2 B9 B9 8D 8A
[T+365060151us][CH2-Pc    ] 04
[T+365068768us][CH1-Dispenser] 04 64
[T+365138263us][CH1-Dispenser] 05
[T+365138128us][CH2-Pc    ] 05
[T+365313260us][CH1-Dispenser] 06
[T+365313127us][CH2-Pc    ] 06
[T+365488125us][CH2-Pc    ] 01
[T+365494125us][CH1-Dispenser] 01 61
[T+365566150us][CH2-Pc    ] 02
[T+365573734us][CH1-Dispenser] 02 62
[T+365644127us][CH2-Pc    ] 03
[T+365656126us][CH1-Dispenser] 03 73
[T+365671126us][CH2-Pc    ] 23
[T+365677698us][CH1-Dispenser] 23 D3
[T+365693260us][CH1-Dispenser] FF
[T+365693126us][CH2-Pc    ] FF
[T+365705257us][CH1-Dispenser] E9
[T+365705126us][CH2-Pc    ] E9
[T+365718256us][CH1-Dispenser] FE
[T+365718126us][CH2-Pc    ] FE
[T+365731267us][CH1-Dispenser] E0
[T+365731129us][CH2-Pc    ] E0
[T+365743270us][CH1-Dispenser] E1
[T+365743130us][CH2-Pc    ] E1
[T+365756130us][CH1-Dispenser] E0
[T+365756268us][CH2-Pc    ] E0
[T+365781260us][CH1-Dispenser] FB EE
[T+365781126us][CH2-Pc    ] FB EE
[T+365794125us][CH2-Pc    ] F0
[T+365824125us][CH1-Dispenser] F0 BA B0 B3 B3 B0 B1 B0 B0 B0 B0 B1 B1 B1 B1 B2 B9 B9 8D 8A
[T+365896149us][CH2-Pc    ] 04
[T+365904149us][CH1-Dispenser] 04 64
[T+365974260us][CH1-Dispenser] 05
[T+365974126us][CH2-Pc    ] 05
[T+366159260us][CH1-Dispenser] 06
[T+366159127us][CH2-Pc    ] 06
[T+366328125us][CH2-Pc    ] 01
[T+366334133us][CH1-Dispenser] 01 61
[T+366397125us][CH2-Pc    ] 02
[T+366404125us][CH1-Dispenser] 02 62
[T+366475125us][CH2-Pc    ] 03
[T+366482740us][CH1-Dispenser] 03 73
[T+366502149us][CH2-Pc    ] 23
[T+366509696us][CH1-Dispenser] 23 D3
[T+366524258us][CH1-Dispenser] FF
[T+366524126us][CH2-Pc    ] FF
[T+366537266us][CH1-Dispenser] E9
[T+366537128us][CH2-Pc    ] E9
[T+366549272us][CH1-Dispenser] FE
[T+366549130us][CH2-Pc    ] FE
[T+366562267us][CH1-Dispenser] E0
[T+366562130us][CH2-Pc    ] E0
[T+366576270us][CH1-Dispenser] E1
[T+366576130us][CH2-Pc    ] E1
[T+366588838us][CH1-Dispenser] E0
[T+366588129us][CH2-Pc    ] E0
[T+366601268us][CH1-Dispenser] FB
[T+366601130us][CH2-Pc    ] FB
[T+366613267us][CH1-Dispenser] EE
[T+366613134us][CH2-Pc    ] EE
[T+366626125us][CH2-Pc    ] F0
[T+366655125us][CH1-Dispenser] F0 BA B0 B3 B3 B0 B1 B0 B0 B0 B0 B1 B1 B1 B1 B2 B9 B9 8D 8A
[T+366727149us][CH2-Pc    ] 04
[T+366733125us][CH1-Dispenser] 04 64
[T+366809260us][CH1-Dispenser] 05
[T+366809126us][CH2-Pc    ] 05
[T+366984263us][CH1-Dispenser] 06
[T+366984127us][CH2-Pc    ] 06
[T+367162125us][CH1-Dispenser] 01 61
[T+367159125us][CH2-Pc    ] 01
[T+367226149us][CH2-Pc    ] 02
[T+367235125us][CH1-Dispenser] 02 62
[T+367308125us][CH2-Pc    ] 03
[T+367313741us][CH1-Dispenser] 03 73
[T+367335125us][CH2-Pc    ] 23
[T+367341134us][CH1-Dispenser] 23 D3
[T+367357260us][CH1-Dispenser] FF
[T+367357126us][CH2-Pc    ] FF
[T+367369261us][CH1-Dispenser] E9
[T+367369126us][CH2-Pc    ] E9
[T+367382259us][CH1-Dispenser] FE
[T+367382126us][CH2-Pc    ] FE
[T+367395257us][CH1-Dispenser] E0
[T+367395126us][CH2-Pc    ] E0
[T+367407260us][CH1-Dispenser] E1
[T+367407127us][CH2-Pc    ] E1
[T+367420258us][CH1-Dispenser] E0
[T+367420126us][CH2-Pc    ] E0
[T+367433272us][CH1-Dispenser] FB
[T+367433133us][CH2-Pc    ] FB
[T+367446125us][CH1-Dispenser] EE
[T+367445134us][CH2-Pc    ] EE
[T+367458165us][CH2-Pc    ] F0
[T+367486151us][CH1-Dispenser] F0 BA B0 B3 B3 B0 B1 B0 B0 B0 B0 B1 B1 B1 B1 B2 B9 B9 8D 8A
[T+367550149us][CH2-Pc    ] 04
[T+367560133us][CH1-Dispenser] 04 64
[T+367628260us][CH1-Dispenser] 05
[T+367628126us][CH2-Pc    ] 05
[T+367792262us][CH1-Dispenser] 06
[T+367792126us][CH2-Pc    ] 06
[T+367967125us][CH2-Pc    ] 01
[T+367973125us][CH1-Dispenser] 01 61
[T+368045125us][CH2-Pc    ] 02
[T+368053816us][CH1-Dispenser] 02 62
[T+368123125us][CH2-Pc    ] 03
[T+368140126us][CH2-Pc    ] 23
[T+368149125us][CH1-Dispenser] 03 73 23 D3
[T+368161258us][CH1-Dispenser] FF
[T+368161126us][CH2-Pc    ] FF
[T+368174263us][CH1-Dispenser] E9
[T+368174129us][CH2-Pc    ] E9
[T+368187271us][CH1-Dispenser] FE
[T+368187133us][CH2-Pc    ] FE
[T+368199271us][CH1-Dispenser] E0
[T+368199132us][CH2-Pc    ] E0
[T+368212270us][CH1-Dispenser] E1
[T+368212133us][CH2-Pc    ] E1
[T+368225237us][CH1-Dispenser] E0
[T+368225126us][CH2-Pc    ] E0
[T+368239040us][CH1-Dispenser] FB
[T+368238901us][CH2-Pc    ] FB
[T+368250502us][CH1-Dispenser] EE
[T+368250363us][CH2-Pc    ] EE
[T+368263125us][CH2-Pc    ] F0
[T+368291150us][CH1-Dispenser] F0 BA B0 B3 B3 B0 B1 B0 B0 B0 B0 B1 B1 B1 B1 B2 B9 B9 8D 8A
[T+368365125us][CH2-Pc    ] 04
[T+368372125us][CH1-Dispenser] 04 64
[T+368443259us][CH1-Dispenser] 05
[T+368443126us][CH2-Pc    ] 05
[T+368628260us][CH1-Dispenser] 06
[T+368628126us][CH2-Pc    ] 06
[T+368795125us][CH2-Pc    ] 01
[T+368806133us][CH1-Dispenser] 01 61
[T+368873125us][CH2-Pc    ] 02
[T+368878125us][CH1-Dispenser] 02 62
[T+368952126us][CH2-Pc    ] 03
[T+368958766us][CH1-Dispenser] 03 73
[T+368980125us][CH2-Pc    ] 23
[T+368989125us][CH1-Dispenser] 23 D3
[T+369001260us][CH1-Dispenser] FF
[T+369001129us][CH2-Pc    ] FF
[T+369014269us][CH1-Dispenser] E9
[T+369014130us][CH2-Pc    ] E9
[T+369027260us][CH1-Dispenser] FE
[T+369027127us][CH2-Pc    ] FE
[T+369039258us][CH1-Dispenser] E0
[T+369039126us][CH2-Pc    ] E0
[T+369052267us][CH1-Dispenser] E1
[T+369052130us][CH2-Pc    ] E1
[T+369065270us][CH1-Dispenser] E0
[T+369065135us][CH2-Pc    ] E0
[T+369078125us][CH1-Dispenser] FB
[T+369077134us][CH2-Pc    ] FB
[T+369090272us][CH1-Dispenser] EE
[T+369090133us][CH2-Pc    ] EE
[T+369103151us][CH2-Pc    ] F0
[T+369131149us][CH1-Dispenser] F0 BA B0 B3 B3 B0 B1 B0 B0 B0 B0 B1 B1 B1 B1 B2 B9 B9 8D 8A
[T+369195126us][CH2-Pc    ] 04
[T+369203149us][CH1-Dispenser] 04 64
[T+369273259us][CH1-Dispenser] 05
[T+369273126us][CH2-Pc    ] 05
[T+369458263us][CH1-Dispenser] 06
[T+369458126us][CH2-Pc    ] 06
[T+369650151us][CH2-Pc    ] 01
[T+369658163us][CH1-Dispenser] 01 61
[T+369728126us][CH2-Pc    ] 02
[T+369734125us][CH1-Dispenser] 02 62
[T+369806151us][CH2-Pc    ] 03
[T+369812125us][CH1-Dispenser] 03 73
[T+369833152us][CH2-Pc    ] 23
[T+369839125us][CH1-Dispenser] 23 D3
[T+369855260us][CH1-Dispenser] FF
[T+369855126us][CH2-Pc    ] FF
[T+369868125us][CH1-Dispenser] E9
[T+369867137us][CH2-Pc    ] E9
[T+369880272us][CH1-Dispenser] FE
[T+369880133us][CH2-Pc    ] FE
[T+369893166us][CH1-Dispenser] E0
[T+369893302us][CH2-Pc    ] E0
[T+369905263us][CH1-Dispenser] E1
[T+369905129us][CH2-Pc    ] E1
[T+369918263us][CH1-Dispenser] E0
[T+369918129us][CH2-Pc    ] E0
[T+369932135us][CH1-Dispenser] FB
[T+369932275us][CH2-Pc    ] FB
[T+369944125us][CH1-Dispenser] EE
[T+369943133us][CH2-Pc    ] EE
[T+369956163us][CH2-Pc    ] F0
[T+369985125us][CH1-Dispenser] F0 BA B0 B3 B3 B0 B1 B0 B0 B0 B0 B1 B1 B1 B1 B2 B9 B9 8D 8A
[T+370058125us][CH2-Pc    ] 04
[T+370063125us][CH1-Dispenser] 04 64
[T+370136262us][CH1-Dispenser] 05
[T+370136128us][CH2-Pc    ] 05
[T+370311262us][CH1-Dispenser] 06
[T+370311126us][CH2-Pc    ] 06
[T+370486126us][CH2-Pc    ] 01
[T+370494165us][CH1-Dispenser] 01 61
[T+370569125us][CH2-Pc    ] 02
[T+370573153us][CH1-Dispenser] 02 62
[T+370647126us][CH2-Pc    ] 03
[T+370652125us][CH1-Dispenser] 03 73
[T+370674125us][CH2-Pc    ] 23
[T+370682149us][CH1-Dispenser] 23 D3
[T+370696259us][CH1-Dispenser] FF
[T+370696127us][CH2-Pc    ] FF
[T+370708617us][CH1-Dispenser] E9
[T+370708135us][CH2-Pc    ] E9
[T+370721272us][CH1-Dispenser] FE
[T+370721133us][CH2-Pc    ] FE
[T+370734272us][CH1-Dispenser] E0
[T+370734133us][CH2-Pc    ] E0
[T+370746220us][CH1-Dispenser] E1
[T+370746132us][CH2-Pc    ] E1
[T+370760128us][CH1-Dispenser] E0
[T+370760265us][CH2-Pc    ] E0
[T+370772265us][CH1-Dispenser] FB
[T+370772130us][CH2-Pc    ] FB
[T+370786369us][CH1-Dispenser] EE
[T+370786126us][CH2-Pc    ] EE
[T+370799125us][CH2-Pc    ] F0
[T+370830125us][CH1-Dispenser] F0 BA B0 B3 B3 B0 B1 B0 B0 B0 B0 B1 B1 B1 B1 B2 B9 B9 8D 8A
[T+370901125us][CH2-Pc    ] 04
[T+370909163us][CH1-Dispenser] 04 64
[T+370979259us][CH1-Dispenser] 05
[T+370979126us][CH2-Pc    ] 05
[T+371153260us][CH1-Dispenser] 06
[T+371153126us][CH2-Pc    ] 06
[T+371328126us][CH2-Pc    ] 01
[T+371334779us][CH1-Dispenser] 01 61
[T+371407125us][CH2-Pc    ] 02
[T+371415149us][CH1-Dispenser] 02 62
[T+371485125us][CH2-Pc    ] 03
[T+371493809us][CH1-Dispenser] 03 73
[T+371512125us][CH2-Pc    ] 23
[T+371518125us][CH1-Dispenser] 23 D3
[T+371533257us][CH1-Dispenser] FF
[T+371533126us][CH2-Pc    ] FF
[T+371558259us][CH1-Dispenser] E9 FE
[T+371558126us][CH2-Pc    ] E9 FE
[T+371585258us][CH1-Dispenser] E0 E1
[T+371585126us][CH2-Pc    ] E0 E1
[T+371598270us][CH1-Dispenser] E0
[T+371598132us][CH2-Pc    ] E0
[T+371610968us][CH1-Dispenser] FB
[T+371610126us][CH2-Pc    ] FB
[T+371623263us][CH1-Dispenser] EE
[T+371623128us][CH2-Pc    ] EE
[T+371636125us][CH2-Pc    ] F0
[T+371666126us][CH1-Dispenser] F0 BA B0 B3 B3 B0 B1 B0 B0 B0 B0 B1 B1 B1 B1 B2 B9 B9 8D 8A
[T+371737126us][CH2-Pc    ] 04
[T+371744133us][CH1-Dispenser] 04 64
[T+371816260us][CH1-Dispenser] 05
[T+371816127us][CH2-Pc    ] 05
[T+371980266us][CH1-Dispenser] 06
[T+371980126us][CH2-Pc    ] 06
[T+372154126us][CH2-Pc    ] 01
[T+372159125us][CH1-Dispenser] 01 61
[T+372233125us][CH2-Pc    ] 02
[T+372238125us][CH1-Dispenser] 02 62
[T+372311125us][CH2-Pc    ] 03
[T+372318125us][CH1-Dispenser] 03 73
[T+372338149us][CH2-Pc    ] 23
[T+372343125us][CH1-Dispenser] 23 D3
[T+372360257us][CH1-Dispenser] FF
[T+372360126us][CH2-Pc    ] FF
[T+372372270us][CH1-Dispenser] E9
[T+372372134us][CH2-Pc    ] E9
[T+372385270us][CH1-Dispenser] FE
[T+372385133us][CH2-Pc    ] FE
[T+372398595us][CH1-Dispenser] E0
[T+372398451us][CH2-Pc    ] E0
[T+372410627us][CH1-Dispenser] E1
[T+372410486us][CH2-Pc    ] E1
[T+372424264us][CH1-Dispenser] E0
[T+372424129us][CH2-Pc    ] E0
[T+372451258us][CH1-Dispenser] FB EE
[T+372451126us][CH2-Pc    ] FB EE
[T+372464125us][CH2-Pc    ] F0
[T+372497125us][CH1-Dispenser] F0 BA B0 B3 B3 B0 B1 B0 B0 B0 B0 B1 B1 B1 B1 B2 B9 B9 8D 8A
[T+372569150us][CH2-Pc    ] 04
[T+372578126us][CH1-Dispenser] 04 64
[T+372648261us][CH1-Dispenser] 05
[T+372648129us][CH2-Pc    ] 05
[T+372822260us][CH1-Dispenser] 06
[T+372822126us][CH2-Pc    ] 06
[T+372997125us][CH2-Pc    ] 01
[T+373006774us][CH1-Dispenser] 01 61
[T+373075125us][CH2-Pc    ] 02
[T+373083761us][CH1-Dispenser] 02 62
[T+373153125us][CH2-Pc    ] 03
[T+373158125us][CH1-Dispenser] 03 73
[T+373181126us][CH2-Pc    ] 23
[T+373188134us][CH1-Dispenser] 23 D3
[T+373202259us][CH1-Dispenser] FF
[T+373202126us][CH2-Pc    ] FF
[T+373215263us][CH1-Dispenser] E9
[T+373215129us][CH2-Pc    ] E9
[T+373229269us][CH1-Dispenser] FE
[T+373229129us][CH2-Pc    ] FE
[T+373249261us][CH1-Dispenser] E0
[T+373249126us][CH2-Pc    ] E0
[T+373271257us][CH1-Dispenser] E1
[T+373271126us][CH2-Pc    ] E1
[T+373284512us][CH1-Dispenser] E0
[T+373284651us][CH2-Pc    ] E0
[T+373297269us][CH1-Dispenser] FB
[T+373297131us][CH2-Pc    ] FB
[T+373309341us][CH1-Dispenser] EE
[T+373309202us][CH2-Pc    ] EE
[T+373322125us][CH2-Pc    ] F0
[T+373351125us][CH1-Dispenser] F0 BA B0 B3 B3 B0 B1 B0 B0 B0 B0 B1 B1 B1 B1 B2 B9 B9 8D 8A
[T+373423149us][CH2-Pc    ] 04
[T+373428125us][CH1-Dispenser] 04 64
[T+373501260us][CH1-Dispenser] 05
[T+373501126us][CH2-Pc    ] 05
[T+373665261us][CH1-Dispenser] 06
[T+373665126us][CH2-Pc    ] 06
[T+373840125us][CH2-Pc    ] 01
[T+373849126us][CH1-Dispenser] 01 61
[T+373918125us][CH2-Pc    ] 02
[T+373925880us][CH1-Dispenser] 02 62
[T+373996126us][CH2-Pc    ] 03
[T+374003134us][CH1-Dispenser] 03 73
[T+374024125us][CH2-Pc    ] 23
[T+374030133us][CH1-Dispenser] 23 D3
[T+374045257us][CH1-Dispenser] FF
[T+374045126us][CH2-Pc    ] FF
[T+374058256us][CH1-Dispenser] E9
[T+374058126us][CH2-Pc    ] E9
[T+374070129us][CH2-Pc    ] FE
[T+374071125us][CH1-Dispenser] FE
[T+374083260us][CH1-Dispenser] E0
[T+374083126us][CH2-Pc    ] E0
[T+374096271us][CH1-Dispenser] E1
[T+374096134us][CH2-Pc    ] E1
[T+374109134us][CH1-Dispenser] E0
[T+374109271us][CH2-Pc    ] E0
[T+374122316us][CH1-Dispenser] FB
[T+374122129us][CH2-Pc    ] FB
[T+374135272us][CH1-Dispenser] EE
[T+374135133us][CH2-Pc    ] EE
[T+374147133us][CH2-Pc    ] F0
[T+374176125us][CH1-Dispenser] F0 BA B0 B3 B3 B0 B1 B0 B0 B0 B0 B1 B1 B1 B1 B2 B9 B9 8D 8A
[T+374252153us][CH1-Dispenser] 04 64
[T+374248149us][CH2-Pc    ] 04
[T+374316258us][CH1-Dispenser] 05
[T+374316126us][CH2-Pc    ] 05
[T+374480263us][CH1-Dispenser] 06
[T+374480126us][CH2-Pc    ] 06
[T+374658153us][CH1-Dispenser] 01 61
[T+374654125us][CH2-Pc    ] 01
[T+374722149us][CH2-Pc    ] 02
[T+374729125us][CH1-Dispenser] 02 62
[T+374802125us][CH2-Pc    ] 03
[T+374809134us][CH1-Dispenser] 03 73
[T+374829149us][CH2-Pc    ] 23
[T+374851126us][CH1-Dispenser] 23 D3 FF
[T+374851260us][CH2-Pc    ] FF
[T+374863595us][CH1-Dispenser] E9
[T+374863456us][CH2-Pc    ] E9
[T+374876331us][CH1-Dispenser] FE
[T+374876133us][CH2-Pc    ] FE
[T+374889268us][CH1-Dispenser] E0
[T+374889133us][CH2-Pc    ] E0
[T+374902270us][CH1-Dispenser] E1
[T+374902134us][CH2-Pc    ] E1
[T+374914685us][CH1-Dispenser] E0
[T+374914546us][CH2-Pc    ] E0
[T+374927272us][CH1-Dispenser] FB
[T+374927133us][CH2-Pc    ] FB
[T+374940125us][CH1-Dispenser] EE
[T+374939133us][CH2-Pc    ] EE
[T+374953125us][CH2-Pc    ] F0
[T+374983125us][CH1-Dispenser] F0 BA B0 B3 B3 B0 B1 B0 B0 B0 B0 B1 B1 B1 B1 B2 B9 B9 8D 8A
[T+375054125us][CH2-Pc    ] 04
[T+375059125us][CH1-Dispenser] 04 64
[T+375132259us][CH1-Dispenser] 05
[T+375132126us][CH2-Pc    ] 05
[T+375307260us][CH1-Dispenser] 06
[T+375307126us][CH2-Pc    ] 06
[T+375481125us][CH2-Pc    ] 01
[T+375489163us][CH1-Dispenser] 01 61
[T+375560125us][CH2-Pc    ] 02
[T+375565791us][CH1-Dispenser] 02 62
[T+375638151us][CH2-Pc    ] 03
[T+375643272us][CH1-Dispenser] 03 73
[T+375665125us][CH2-Pc    ] 23
[T+375673149us][CH1-Dispenser] 23 D3
[T+375687265us][CH1-Dispenser] FF
[T+375687130us][CH2-Pc    ] FF
[T+375699270us][CH1-Dispenser] E9
[T+375699133us][CH2-Pc    ] E9
[T+375712272us][CH1-Dispenser] FE
[T+375712133us][CH2-Pc    ] FE
[T+375725267us][CH1-Dispenser] E0
[T+375725133us][CH2-Pc    ] E0
[T+375738268us][CH1-Dispenser] E1
[T+375738133us][CH2-Pc    ] E1
[T+375750272us][CH1-Dispenser] E0
[T+375750133us][CH2-Pc    ] E0
[T+375763273us][CH1-Dispenser] FB
[T+375763133us][CH2-Pc    ] FB
[T+375776125us][CH1-Dispenser] EE
[T+375775133us][CH2-Pc    ] EE
[T+375788134us][CH2-Pc    ] F0
[T+375816150us][CH1-Dispenser] F0 BA B0 B3 B3 B0 B1 B0 B0 B0 B0 B1 B1 B1 B1 B2 B9 B9 8D 8A
[T+375880149us][CH2-Pc    ] 04
[T+375890125us][CH1-Dispenser] 04 64
[T+375958261us][CH1-Dispenser] 05
[T+375958126us][CH2-Pc    ] 05
[T+376144260us][CH1-Dispenser] 06
[T+376144126us][CH2-Pc    ] 06
[T+376308150us][CH2-Pc    ] 01
[T+376314759us][CH1-Dispenser] 01 61
[T+376386152us][CH2-Pc    ] 02
[T+376393133us][CH1-Dispenser] 02 62
[T+376466125us][CH2-Pc    ] 03
[T+376474163us][CH1-Dispenser] 03 73
[T+376493125us][CH2-Pc    ] 23
[T+376499125us][CH1-Dispenser] 23 D3
[T+376515256us][CH1-Dispenser] FF
[T+376515126us][CH2-Pc    ] FF
[T+376528271us][CH1-Dispenser] E9
[T+376528132us][CH2-Pc    ] E9
[T+376541265us][CH1-Dispenser] FE
[T+376541128us][CH2-Pc    ] FE
[T+376554125us][CH1-Dispenser] E0
[T+376553128us][CH2-Pc    ] E0
[T+376565268us][CH1-Dispenser] E1
[T+376565134us][CH2-Pc    ] E1
[T+376578263us][CH1-Dispenser] E0
[T+376578128us][CH2-Pc    ] E0
[T+376593281us][CH1-Dispenser] FB
[T+376593134us][CH2-Pc    ] FB
[T+376604273us][CH1-Dispenser] EE
[T+376604133us][CH2-Pc    ] EE
[T+376616165us][CH2-Pc    ] F0
[T+376648149us][CH1-Dispenser] F0 BA B0 B3 B3 B0 B1 B0 B0 B0 B0 B1 B1 B1 B1 B2 B9 B9 8D 8A
[T+376718125us][CH2-Pc    ] 04
[T+376724125us][CH1-Dispenser] 04 64
[T+376801260us][CH1-Dispenser] 05
[T+376801126us][CH2-Pc    ] 05
[T+376964260us][CH1-Dispenser] 06
[T+376964126us][CH2-Pc    ] 06
[T+377143154us][CH1-Dispenser] 01 61
[T+377139125us][CH2-Pc    ] 01
[T+377206125us][CH2-Pc    ] 02
[T+377215125us][CH1-Dispenser] 02 62
[T+377284125us][CH2-Pc    ] 03
[T+377293704us][CH1-Dispenser] 03 73
[T+377312125us][CH2-Pc    ] 23
[T+377318125us][CH1-Dispenser] 23 D3
[T+377333266us][CH1-Dispenser] FF
[T+377333129us][CH2-Pc    ] FF
[T+377354125us][CH2-Pc    ] E9
[T+377355125us][CH1-Dispenser] E9
[T+377368257us][CH1-Dispenser] FE
[T+377368127us][CH2-Pc    ] FE
[T+377380272us][CH1-Dispenser] E0
[T+377380133us][CH2-Pc    ] E0
[T+377393628us][CH1-Dispenser] E1
[T+377393488us][CH2-Pc    ] E1
[T+377405314us][CH1-Dispenser] E0
[T+377405449us][CH2-Pc    ] E0
[T+377418270us][CH1-Dispenser] FB
[T+377418134us][CH2-Pc    ] FB
[T+377432272us][CH1-Dispenser] EE
[T+377432130us][CH2-Pc    ] EE
[T+377443133us][CH2-Pc    ] F0
[T+377472125us][CH1-Dispenser] F0 BA B0 B3 B3 B0 B1 B0 B0 B0 B0 B1 B1 B1 B1 B2 B9 B9 8D 8A
[T+377545125us][CH2-Pc    ] 04
[T+377555361us][CH1-Dispenser] 04 64
[T+377623260us][CH1-Dispenser] 05
[T+377623126us][CH2-Pc    ] 05
[T+377799261us][CH1-Dispenser] 06
[T+377799126us][CH2-Pc    ] 06
[T+377964126us][CH2-Pc    ] 01
[T+377968153us][CH1-Dispenser] 01 61
[T+378031126us][CH2-Pc    ] 02
[T+378040125us][CH1-Dispenser] 02 62
[T+378113126us][CH2-Pc    ] 03
[T+378119689us][CH1-Dispenser] 03 73
[T+378141125us][CH2-Pc    ] 23
[T+378147133us][CH1-Dispenser] 23 D3
[T+378162133us][CH1-Dispenser] FF
[T+378162264us][CH2-Pc    ] FF
[T+378175258us][CH1-Dispenser] E9
[T+378175126us][CH2-Pc    ] E9
[T+378188261us][CH1-Dispenser] FE
[T+378188128us][CH2-Pc    ] FE
[T+378200268us][CH1-Dispenser] E0
[T+378200134us][CH2-Pc    ] E0
[T+378213272us][CH1-Dispenser] E1
[T+378213133us][CH2-Pc    ] E1
[T+378226271us][CH1-Dispenser] E0
[T+378226133us][CH2-Pc    ] E0
[T+378238268us][CH1-Dispenser] FB
[T+378238133us][CH2-Pc    ] FB
[T+378251268us][CH1-Dispenser] EE
[T+378251133us][CH2-Pc    ] EE
[T+378265125us][CH2-Pc    ] F0
[T+378292126us][CH1-Dispenser] F0 BA B0 B3 B3 B0 B1 B0 B0 B0 B0 B1 B1 B1 B1 B2 B9 B9 8D 8A
[T+378355125us][CH2-Pc    ] 04
[T+378364731us][CH1-Dispenser] 04 64
[T+378434264us][CH1-Dispenser] 05
[T+378434128us][CH2-Pc    ] 05
[T+378610261us][CH1-Dispenser] 06
[T+378610126us][CH2-Pc    ] 06
[T+378796125us][CH2-Pc    ] 01
[T+378804163us][CH1-Dispenser] 01 61
[T+378875125us][CH2-Pc    ] 02
[T+378884125us][CH1-Dispenser] 02 62
[T+378953125us][CH2-Pc    ] 03
[T+378958125us][CH1-Dispenser] 03 73
[T+378980125us][CH2-Pc    ] 23
[T+378989147us][CH1-Dispenser] 23 D3
[T+379002265us][CH1-Dispenser] FF
[T+379002129us][CH2-Pc    ] FF
[T+379026258us][CH1-Dispenser] E9 FE
[T+379026126us][CH2-Pc    ] E9 FE
[T+379056259us][CH1-Dispenser] E0 E1
[T+379056126us][CH2-Pc    ] E0 E1
[T+379068272us][CH1-Dispenser] E0
[T+379068134us][CH2-Pc    ] E0
[T+379081268us][CH1-Dispenser] FB
[T+379081133us][CH2-Pc    ] FB
[T+379094268us][CH1-Dispenser] EE
[T+379094133us][CH2-Pc    ] EE
[T+379106163us][CH2-Pc    ] F0
[T+379137125us][CH1-Dispenser] F0 BA B0 B3 B3 B0 B1 B0 B0 B0 B0 B1 B1 B1 B1 B2 B9 B9 8D 8A
[T+379208125us][CH2-Pc    ] 04
[T+379214134us][CH1-Dispenser] 04 64
[T+379286259us][CH1-Dispenser] 05
[T+379286126us][CH2-Pc    ] 05
[T+379472263us][CH1-Dispenser] 06
[T+379472126us][CH2-Pc    ] 06
[T+379636151us][CH2-Pc    ] 01
[T+379646127us][CH1-Dispenser] 01 61
[T+379714149us][CH2-Pc    ] 02
[T+379720125us][CH1-Dispenser] 02 62
[T+379792149us][CH2-Pc    ] 03
[T+379798125us][CH1-Dispenser] 03 73
[T+379819125us][CH2-Pc    ] 23
[T+379841126us][CH1-Dispenser] 23 D3 FF
[T+379841261us][CH2-Pc    ] FF
[T+379854268us][CH1-Dispenser] E9
[T+379854129us][CH2-Pc    ] E9
[T+379867263us][CH1-Dispenser] FE
[T+379867128us][CH2-Pc    ] FE
[T+379879261us][CH1-Dispenser] E0
[T+379879128us][CH2-Pc    ] E0
[T+379892273us][CH1-Dispenser] E1
[T+379892133us][CH2-Pc    ] E1
[T+379904297us][CH1-Dispenser] E0
[T+379904157us][CH2-Pc    ] E0
[T+379917128us][CH1-Dispenser] FB
[T+379917265us][CH2-Pc    ] FB
[T+379930264us][CH1-Dispenser] EE
[T+379930129us][CH2-Pc    ] EE
[T+379942150us][CH2-Pc    ] F0
[T+379971125us][CH1-Dispenser] F0 BA B0 B3 B3 B0 B1 B0 B0 B0 B0 B1 B1 B1 B1 B2 B9 B9 8D 8A
[T+380045125us][CH2-Pc    ] 04
[T+380054125us][CH1-Dispenser] 04 64
[T+380123260us][CH1-Dispenser] 05
[T+380123126us][CH2-Pc    ] 05
[T+380298261us][CH1-Dispenser] 06
[T+380298126us][CH2-Pc    ] 06
[T+380462152us][CH2-Pc    ] 01
[T+380469226us][CH1-Dispenser] 01 61
[T+380540125us][CH2-Pc    ] 02
[T+380545125us][CH1-Dispenser] 02 62
[T+380618125us][CH2-Pc    ] 03
[T+380623125us][CH1-Dispenser] 03 73
[T+380645125us][CH2-Pc    ] 23
[T+380654700us][CH1-Dispenser] 23 D3
[T+380667261us][CH1-Dispenser] FF
[T+380667127us][CH2-Pc    ] FF
[T+380680271us][CH1-Dispenser] E9
[T+380680133us][CH2-Pc    ] E9
[T+380692272us][CH1-Dispenser] FE
[T+380692133us][CH2-Pc    ] FE
[T+380705267us][CH1-Dispenser] E0
[T+380705134us][CH2-Pc    ] E0
[T+380719129us][CH1-Dispenser] E1
[T+380719265us][CH2-Pc    ] E1
[T+380731133us][CH1-Dispenser] E0
[T+380731272us][CH2-Pc    ] E0
[T+380743133us][CH1-Dispenser] FB
[T+380743272us][CH2-Pc    ] FB
[T+380769125us][CH2-Pc    ] EE F0
[T+380796125us][CH1-Dispenser] EE F0 BA B0 B3 B3 B0 B1 B0 B0 B0 B0 B1 B1 B1 B1 B2 B9 B9 8D 8A
[T+380865126us][CH2-Pc    ] 04
[T+380874125us][CH1-Dispenser] 04 64
[T+380943260us][CH1-Dispenser] 05
[T+380943126us][CH2-Pc    ] 05
[T+381118261us][CH1-Dispenser] 06
[T+381118126us][CH2-Pc    ] 06
[T+381293125us][CH2-Pc    ] 01
[T+381300133us][CH1-Dispenser] 01 61
[T+381371125us][CH2-Pc    ] 02
[T+381379149us][CH1-Dispenser] 02 62
[T+381449125us][CH2-Pc    ] 03
[T+381454125us][CH1-Dispenser] 03 73
[T+381476125us][CH2-Pc    ] 23
[T+381483125us][CH1-Dispenser] 23 D3
[T+381498256us][CH1-Dispenser] FF
[T+381498126us][CH2-Pc    ] FF
[T+381511280us][CH1-Dispenser] E9
[T+381511134us][CH2-Pc    ] E9
[T+381523272us][CH1-Dispenser] FE
[T+381523133us][CH2-Pc    ] FE
[T+381536272us][CH1-Dispenser] E0
[T+381536135us][CH2-Pc    ] E0
[T+381549272us][CH1-Dispenser] E1
[T+381549128us][CH2-Pc    ] E1
[T+381562128us][CH1-Dispenser] E0
[T+381562265us][CH2-Pc    ] E0
[T+381574271us][CH1-Dispenser] FB
[T+381574131us][CH2-Pc    ] FB
[T+381587266us][CH1-Dispenser] EE
[T+381587129us][CH2-Pc    ] EE
[T+381600169us][CH2-Pc    ] F0
[T+381630125us][CH1-Dispenser] F0 BA B0 B3 B3 B0 B1 B0 B0 B0 B0 B1 B1 B1 B1 B2 B9 B9 8D 8A
[T+381701125us][CH2-Pc    ] 04
[T+381710409us][CH1-Dispenser] 04 64
[T+381779260us][CH1-Dispenser] 05
[T+381779126us][CH2-Pc    ] 05
[T+381954262us][CH1-Dispenser] 06
[T+381954126us][CH2-Pc    ] 06
[T+382118155us][CH2-Pc    ] 01
[T+382125134us][CH1-Dispenser] 01 61
[T+382196125us][CH2-Pc    ] 02
[T+382204163us][CH1-Dispenser] 02 62
[T+382274125us][CH2-Pc    ] 03
[T+382283735us][CH1-Dispenser] 03 73
[T+382302125us][CH2-Pc    ] 23
[T+382310763us][CH1-Dispenser] 23 D3
[T+382323261us][CH1-Dispenser] FF
[T+382323126us][CH2-Pc    ] FF
[T+382336270us][CH1-Dispenser] E9
[T+382336134us][CH2-Pc    ] E9
[T+382349133us][CH1-Dispenser] FE
[T+382349272us][CH2-Pc    ] FE
[T+382361320us][CH1-Dispenser] E0
[T+382361135us][CH2-Pc    ] E0
[T+382374272us][CH1-Dispenser] E1
[T+382374133us][CH2-Pc    ] E1
[T+382387266us][CH1-Dispenser] E0
[T+382387128us][CH2-Pc    ] E0
[T+382400264us][CH1-Dispenser] FB
[T+382400129us][CH2-Pc    ] FB
[T+382413271us][CH1-Dispenser] EE
[T+382413132us][CH2-Pc    ] EE
[T+382426126us][CH2-Pc    ] F0
[T+382456126us][CH1-Dispenser] F0 BA B0 B3 B3 B0 B1 B0 B0 B0 B0 B1 B1 B1 B1 B2 B9 B9 8D 8A
[T+382526127us][CH2-Pc    ] 04
[T+382533769us][CH1-Dispenser] 04 64
[T+382604258us][CH1-Dispenser] 05
[T+382604126us][CH2-Pc    ] 05
[T+382779258us][CH1-Dispenser] 06
[T+382779126us][CH2-Pc    ] 06
[T+382954125us][CH2-Pc    ] 01
[T+382959765us][CH1-Dispenser] 01 61
[T+383032125us][CH2-Pc    ] 02
[T+383039126us][CH1-Dispenser] 02 62
[T+383110125us][CH2-Pc    ] 03
[T+383119126us][CH1-Dispenser] 03 73
[T+383138125us][CH2-Pc    ] 23
[T+383146165us][CH1-Dispenser] 23 D3
[T+383159259us][CH1-Dispenser] FF
[T+383159126us][CH2-Pc    ] FF
[T+383173128us][CH1-Dispenser] E9
[T+383173263us][CH2-Pc    ] E9
[T+383185133us][CH1-Dispenser] FE
[T+383185271us][CH2-Pc    ] FE
[T+383197535us][CH1-Dispenser] E0
[T+383197676us][CH2-Pc    ] E0
[T+383210272us][CH1-Dispenser] E1
[T+383210133us][CH2-Pc    ] E1
[T+383223266us][CH1-Dispenser] E0
[T+383223131us][CH2-Pc    ] E0
[T+383235256us][CH1-Dispenser] FB
[T+383235126us][CH2-Pc    ] FB
[T+383248265us][CH1-Dispenser] EE
[T+383248129us][CH2-Pc    ] EE
[T+383261125us][CH2-Pc    ] F0
[T+383292125us][CH1-Dispenser] F0 BA B0 B3 B3 B0 B1 B0 B0 B0 B0 B1 B1 B1 B1 B2 B9 B9 8D 8A
[T+383362126us][CH2-Pc    ] 04
[T+383369133us][CH1-Dispenser] 04 64
[T+383440258us][CH1-Dispenser] 05
[T+383440126us][CH2-Pc    ] 05
[T+383605260us][CH1-Dispenser] 06
[T+383605126us][CH2-Pc    ] 06
[T+383779125us][CH2-Pc    ] 01
[T+383785125us][CH1-Dispenser] 01 61
[T+383857156us][CH2-Pc    ] 02
[T+383864133us][CH1-Dispenser] 02 62
[T+383936223us][CH2-Pc    ] 03
[T+383944149us][CH1-Dispenser] 03 73
[T+383963125us][CH2-Pc    ] 23
[T+383969125us][CH1-Dispenser] 23 D3
[T+383984260us][CH1-Dispenser] FF
[T+383984127us][CH2-Pc    ] FF
[T+383997259us][CH1-Dispenser] E9
[T+383997126us][CH2-Pc    ] E9
[T+384022257us][CH1-Dispenser] FE E0
[T+384022126us][CH2-Pc    ] FE E0
[T+384035269us][CH1-Dispenser] E1
[T+384035130us][CH2-Pc    ] E1
[T+384048269us][CH1-Dispenser] E0
[T+384048130us][CH2-Pc    ] E0
[T+384061128us][CH1-Dispenser] FB
[T+384061265us][CH2-Pc    ] FB
[T+384074264us][CH1-Dispenser] EE
[T+384074128us][CH2-Pc    ] EE
[T+384091125us][CH2-Pc    ] F0
[T+384122125us][CH1-Dispenser] F0 BA B0 B3 B3 B0 B1 B0 B0 B0 B0 B1 B1 B1 B1 B2 B9 B9 8D 8A
[T+384193125us][CH2-Pc    ] 04
[T+384198125us][CH1-Dispenser] 04 64
[T+384271261us][CH1-Dispenser] 05
[T+384271126us][CH2-Pc    ] 05
[T+384448262us][CH1-Dispenser] 06
[T+384448127us][CH2-Pc    ] 06
[T+384623125us][CH2-Pc    ] 01
[T+384630125us][CH1-Dispenser] 01 61
[T+384701125us][CH2-Pc    ] 02
[T+384709760us][CH1-Dispenser] 02 62
[T+384779128us][CH2-Pc    ] 03
[T+384784125us][CH1-Dispenser] 03 73
[T+384810125us][CH2-Pc    ] 23
[T+384832126us][CH1-Dispenser] 23 D3 FF
[T+384832261us][CH2-Pc    ] FF
[T+384845261us][CH1-Dispenser] E9
[T+384845127us][CH2-Pc    ] E9
[T+384857257us][CH1-Dispenser] FE
[T+384857127us][CH2-Pc    ] FE
[T+384870271us][CH1-Dispenser] E0
[T+384870133us][CH2-Pc    ] E0
[T+384884129us][CH1-Dispenser] E1
[T+384884267us][CH2-Pc    ] E1
[T+384896265us][CH1-Dispenser] E0
[T+384896128us][CH2-Pc    ] E0
[T+384908257us][CH1-Dispenser] FB
[T+384908127us][CH2-Pc    ] FB
[T+384921264us][CH1-Dispenser] EE
[T+384921128us][CH2-Pc    ] EE
[T+384934125us][CH2-Pc    ] F0
[T+384962149us][CH1-Dispenser] F0 BA B0 B3 B3 B0 B1 B0 B0 B0 B0 B1 B1 B1 B1 B2 B9 B9 8D 8A
[T+385035125us][CH2-Pc    ] 04
[T+385043735us][CH1-Dispenser] 04 64
[T+385113260us][CH1-Dispenser] 05
[T+385113126us][CH2-Pc    ] 05
[T+385299261us][CH1-Dispenser] 06
[T+385299126us][CH2-Pc    ] 06
[T+385463151us][CH2-Pc    ] 01
[T+385469125us][CH1-Dispenser] 01 61
[T+385541150us][CH2-Pc    ] 02
[T+385549258us][CH1-Dispenser] 02 62
[T+385619125us][CH2-Pc    ] 03
[T+385623155us][CH1-Dispenser] 03 73
[T+385646125us][CH2-Pc    ] 23
[T+385654165us][CH1-Dispenser] 23 D3
[T+385668264us][CH1-Dispenser] FF
[T+385668127us][CH2-Pc    ] FF
[T+385680260us][CH1-Dispenser] E9
[T+385680127us][CH2-Pc    ] E9
[T+385693260us][CH1-Dispenser] FE
[T+385693126us][CH2-Pc    ] FE
[T+385706270us][CH1-Dispenser] E0
[T+385706133us][CH2-Pc    ] E0
[T+385719257us][CH1-Dispenser] E1
[T+385719126us][CH2-Pc    ] E1
[T+385740258us][CH1-Dispenser] E0
[T+385740126us][CH2-Pc    ] E0
[T+385762256us][CH1-Dispenser] FB
[T+385762126us][CH2-Pc    ] FB
[T+385775267us][CH1-Dispenser] EE
[T+385775129us][CH2-Pc    ] EE
[T+385788125us][CH2-Pc    ] F0
[T+385820151us][CH1-Dispenser] F0 BA B0 B3 B3 B0 B1 B0 B0 B0 B0 B1 B1 B1 B1 B2 B9 B9 8D 8A
[T+385889125us][CH2-Pc    ] 04
[T+385894125us][CH1-Dispenser] 04 64
[T+385967260us][CH1-Dispenser] 05
[T+385967126us][CH2-Pc    ] 05
[T+386142260us][CH1-Dispenser] 06
[T+386142126us][CH2-Pc    ] 06
[T+386311125us][CH2-Pc    ] 01
[T+386320508us][CH1-Dispenser] 01 61
[T+386389126us][CH2-Pc    ] 02
[T+386395692us][CH1-Dispenser] 02 62
[T+386468125us][CH2-Pc    ] 03
[T+386474125us][CH1-Dispenser] 03 73
[T+386495125us][CH2-Pc    ] 23
[T+386516126us][CH1-Dispenser] 23 D3 FF
[T+386516257us][CH2-Pc    ] FF
[T+386529270us][CH1-Dispenser] E9
[T+386529134us][CH2-Pc    ] E9
[T+386542265us][CH1-Dispenser] FE
[T+386542130us][CH2-Pc    ] FE
[T+386555125us][CH1-Dispenser] E0
[T+386554170us][CH2-Pc    ] E0
[T+386568125us][CH1-Dispenser] E1
[T+386567128us][CH2-Pc    ] E1
[T+386580268us][CH1-Dispenser] E0
[T+386580129us][CH2-Pc    ] E0
[T+386593227us][CH1-Dispenser] FB
[T+386593129us][CH2-Pc    ] FB
[T+386605161us][CH1-Dispenser] EE
[T+386605125us][CH2-Pc    ] EE
[T+386621125us][CH2-Pc    ] F0
[T+386647125us][CH1-Dispenser] F0 BA B0 B3 B3 B0 B1 B0 B0 B0 B0 B1 B1 B1 B1 B2 B9 B9 8D 8A
[T+386712125us][CH2-Pc    ] 04
[T+386719125us][CH1-Dispenser] 04 64
[T+386791263us][CH1-Dispenser] 05
[T+386791127us][CH2-Pc    ] 05
[T+386966261us][CH1-Dispenser] 06
[T+386966126us][CH2-Pc    ] 06
[T+387141125us][CH2-Pc    ] 01
[T+387150125us][CH1-Dispenser] 01 61
[T+387222151us][CH2-Pc    ] 02
[T+387230209us][CH1-Dispenser] 02 62
[T+387301125us][CH2-Pc    ] 03
[T+387310695us][CH1-Dispenser] 03 73
[T+387328125us][CH2-Pc    ] 23
[T+387333125us][CH1-Dispenser] 23 D3
[T+387358258us][CH1-Dispenser] FF
[T+387358126us][CH2-Pc    ] FF
[T+387389263us][CH1-Dispenser] E9
[T+387389128us][CH2-Pc    ] E9
[T+387403268us][CH1-Dispenser] FE
[T+387403131us][CH2-Pc    ] FE
[T+387416267us][CH1-Dispenser] E0
[T+387416128us][CH2-Pc    ] E0
[T+387428268us][CH1-Dispenser] E1
[T+387428134us][CH2-Pc    ] E1
[T+387449261us][CH1-Dispenser] E0
[T+387449127us][CH2-Pc    ] E0
[T+387470257us][CH1-Dispenser] FB
[T+387470126us][CH2-Pc    ] FB
[T+387512262us][CH1-Dispenser] EE
[T+387512126us][CH2-Pc    ] EE
[T+387533125us][CH2-Pc    ] F0
[T+387560125us][CH1-Dispenser] F0 BA B0 B3 B3 B0 B1 B0 B0 B0 B0 B1 B1 B1 B1 B2 B9 B9 8D 8A
[T+387645125us][CH2-Pc    ] 04
[T+387654125us][CH1-Dispenser] 04 64
[T+387723260us][CH1-Dispenser] 05
[T+387723126us][CH2-Pc    ] 05
[T+387909260us][CH1-Dispenser] 06
[T+387909126us][CH2-Pc    ] 06
[T+388073151us][CH2-Pc    ] 01
[T+388080133us][CH1-Dispenser] 01 61
[T+388151125us][CH2-Pc    ] 02
[T+388160125us][CH1-Dispenser] 02 62
[T+388229125us][CH2-Pc    ] 03
[T+388234125us][CH1-Dispenser] 03 73
[T+388257125us][CH2-Pc    ] 23
[T+388263125us][CH1-Dispenser] 23 D3
[T+388278258us][CH1-Dispenser] FF
[T+388278126us][CH2-Pc    ] FF
[T+388291227us][CH1-Dispenser] E9
[T+388291365us][CH2-Pc    ] E9
[T+388304125us][CH1-Dispenser] FE
[T+388303134us][CH2-Pc    ] FE
[T+388317264us][CH1-Dispenser] E0
[T+388317128us][CH2-Pc    ] E0
[T+388330264us][CH1-Dispenser] E1
[T+388330129us][CH2-Pc    ] E1
[T+388344523us][CH1-Dispenser] E0
[T+388344653us][CH2-Pc    ] E0
[T+388356283us][CH1-Dispenser] FB
[T+388355845us][CH2-Pc    ] FB
[T+388368467us][CH1-Dispenser] EE
[T+388368329us][CH2-Pc    ] EE
[T+388381125us][CH2-Pc    ] F0
[T+388411125us][CH1-Dispenser] F0 BA B0 B3 B3 B0 B1 B0 B0 B0 B0 B1 B1 B1 B1 B2 B9 B9 8D 8A
[T+388483150us][CH2-Pc    ] 04
[T+388490125us][CH1-Dispenser] 04 64
[T+388561260us][CH1-Dispenser] 05
[T+388561126us][CH2-Pc    ] 05
[T+388736260us][CH1-Dispenser] 06
[T+388736126us][CH2-Pc    ] 06
[T+388900151us][CH2-Pc    ] 01
[T+388905125us][CH1-Dispenser] 01 61
[T+388978126us][CH2-Pc    ] 02
[T+388986163us][CH1-Dispenser] 02 62
[T+389056126us][CH2-Pc    ] 03
[T+389067126us][CH1-Dispenser] 03 73
[T+389084125us][CH2-Pc    ] 23
[T+389090134us][CH1-Dispenser] 23 D3
[T+389117257us][CH1-Dispenser] FF E9
[T+389117126us][CH2-Pc    ] FF E9
[T+389131272us][CH1-Dispenser] FE
[T+389131133us][CH2-Pc    ] FE
[T+389144269us][CH1-Dispenser] E0
[T+389144131us][CH2-Pc    ] E0
[T+389156128us][CH1-Dispenser] E1
[T+389156265us][CH2-Pc    ] E1
[T+389169263us][CH1-Dispenser] E0
[T+389169129us][CH2-Pc    ] E0
[T+389181470us][CH1-Dispenser] FB
[T+389181126us][CH2-Pc    ] FB
[T+389194261us][CH1-Dispenser] EE
[T+389194126us][CH2-Pc    ] EE
[T+389207125us][CH2-Pc    ] F0
[T+389236125us][CH1-Dispenser] F0 BA B0 B3 B3 B0 B1 B0 B0 B0 B0 B1 B1 B1 B1 B2 B9 B9 8D 8A
[T+389308150us][CH2-Pc    ] 04
[T+389315134us][CH1-Dispenser] 04 64
[T+389387243us][CH1-Dispenser] 05
[T+389387373us][CH2-Pc    ] 05
[T+389561262us][CH1-Dispenser] 06
[T+389561126us][CH2-Pc    ] 06
[T+389736125us][CH2-Pc    ] 01
[T+389745770us][CH1-Dispenser] 01 61
[T+389815125us][CH2-Pc    ] 02
[T+389821125us][CH1-Dispenser] 02 62
[T+389892125us][CH2-Pc    ] 03
[T+389899768us][CH1-Dispenser] 03 73
[T+389920126us][CH2-Pc    ] 23
[T+389924154us][CH1-Dispenser] 23 D3
[T+389953259us][CH1-Dispenser] FF E9
[T+389953126us][CH2-Pc    ] FF E9
[T+389979260us][CH1-Dispenser] FE E0
[T+389979126us][CH2-Pc    ] FE E0
[T+389992266us][CH1-Dispenser] E1
[T+389992131us][CH2-Pc    ] E1
[T+390005260us][CH1-Dispenser] E0
[T+390005126us][CH2-Pc    ] E0
[T+390017271us][CH1-Dispenser] FB
[T+390017134us][CH2-Pc    ] FB
[T+390030272us][CH1-Dispenser] EE
[T+390030134us][CH2-Pc    ] EE
[T+390045125us][CH2-Pc    ] F0
[T+390072125us][CH1-Dispenser] F0 BA B0 B3 B3 B0 B1 B0 B0 B0 B0 B1 B1 B1 B1 B2 B9 B9 8D 8A
[T+390136151us][CH2-Pc    ] 04
[T+390144296us][CH1-Dispenser] 04 64
[T+390215261us][CH1-Dispenser] 05
[T+390215127us][CH2-Pc    ] 05
[T+390395261us][CH1-Dispenser] 06
[T+390395126us][CH2-Pc    ] 06
[T+390580125us][CH2-Pc    ] 01
[T+390587648us][CH1-Dispenser] 01 61
[T+390658125us][CH2-Pc    ] 02
[T+390664125us][CH1-Dispenser] 02 62
[T+390736150us][CH2-Pc    ] 03
[T+390744817us][CH1-Dispenser] 03 73
[T+390764126us][CH2-Pc    ] 23
[T+390771727us][CH1-Dispenser] 23 D3
[T+390785257us][CH1-Dispenser] FF
[T+390785126us][CH2-Pc    ] FF
[T+390798270us][CH1-Dispenser] E9
[T+390798134us][CH2-Pc    ] E9
[T+390824264us][CH1-Dispenser] FE E0
[T+390824126us][CH2-Pc    ] FE E0
[T+390838264us][CH1-Dispenser] E1
[T+390838129us][CH2-Pc    ] E1
[T+390850257us][CH1-Dispenser] E0
[T+390850126us][CH2-Pc    ] E0
[T+390864392us][CH1-Dispenser] FB
[T+390864253us][CH2-Pc    ] FB
[T+390876272us][CH1-Dispenser] EE
[T+390876133us][CH2-Pc    ] EE
[T+390889125us][CH2-Pc    ] F0
[T+390917149us][CH1-Dispenser] F0 BA B0 B3 B3 B0 B1 B0 B0 B0 B0 B1 B1 B1 B1 B2 B9 B9 8D 8A
[T+390990126us][CH2-Pc    ] 04
[T+390998332us][CH1-Dispenser] 04 64
[T+391068260us][CH1-Dispenser] 05
[T+391068126us][CH2-Pc    ] 05
[T+391243258us][CH1-Dispenser] 06
[T+391243126us][CH2-Pc    ] 06
[T+391418125us][CH2-Pc    ] 01
[T+391424125us][CH1-Dispenser] 01 61
[T+391496149us][CH2-Pc    ] 02
[T+391507133us][CH1-Dispenser] 02 62
[T+391574125us][CH2-Pc    ] 03
[T+391578153us][CH1-Dispenser] 03 73
[T+391601125us][CH2-Pc    ] 23
[T+391623126us][CH1-Dispenser] 23 D3 FF
[T+391623258us][CH2-Pc    ] FF
[T+391647127us][CH1-Dispenser] E9 FE
[T+391647265us][CH2-Pc    ] E9 FE
[T+391661262us][CH1-Dispenser] E0
[T+391661127us][CH2-Pc    ] E0
[T+391674270us][CH1-Dispenser] E1
[T+391674135us][CH2-Pc    ] E1
[T+391687262us][CH1-Dispenser] E0
[T+391687128us][CH2-Pc    ] E0
[T+391699264us][CH1-Dispenser] FB
[T+391699130us][CH2-Pc    ] FB
[T+391724150us][CH2-Pc    ] EE F0
[T+391755125us][CH1-Dispenser] EE F0 BA B0 B3 B3 B0 B1 B0 B0 B0 B0 B1 B1 B1 B1 B2 B9 B9 8D 8A
[T+391824125us][CH2-Pc    ] 04
[T+391829125us][CH1-Dispenser] 04 64
[T+391902260us][CH1-Dispenser] 05
[T+391902127us][CH2-Pc    ] 05
[T+392077260us][CH1-Dispenser] 06
[T+392077126us][CH2-Pc    ] 06
[T+392260125us][CH2-Pc    ] 01
[T+392266125us][CH1-Dispenser] 01 61
[T+392339126us][CH2-Pc    ] 02
[T+392345726us][CH1-Dispenser] 02 62
[T+392417150us][CH2-Pc    ] 03
[T+392424144us][CH1-Dispenser] 03 73
[T+392444149us][CH2-Pc    ] 23
[T+392452163us][CH1-Dispenser] 23 D3
[T+392478257us][CH1-Dispenser] FF E9
[T+392478126us][CH2-Pc    ] FF E9
[T+392491193us][CH1-Dispenser] FE
[T+392491130us][CH2-Pc    ] FE
[T+392504480us][CH1-Dispenser] E0
[T+392504343us][CH2-Pc    ] E0
[T+392517128us][CH1-Dispenser] E1
[T+392517264us][CH2-Pc    ] E1
[T+392529258us][CH1-Dispenser] E0
[T+392529126us][CH2-Pc    ] E0
[T+392542256us][CH1-Dispenser] FB
[T+392542126us][CH2-Pc    ] FB
[T+392554650us][CH1-Dispenser] EE
[T+392554511us][CH2-Pc    ] EE
[T+392567125us][CH2-Pc    ] F0
[T+392596125us][CH1-Dispenser] F0 BA B0 B3 B3 B0 B1 B0 B0 B0 B0 B1 B1 B1 B1 B2 B9 B9 8D 8A
[T+392670125us][CH2-Pc    ] 04
[T+392674153us][CH1-Dispenser] 04 64
[T+392757260us][CH1-Dispenser] 05
[T+392757126us][CH2-Pc    ] 05
[T+392931259us][CH1-Dispenser] 06
[T+392931126us][CH2-Pc    ] 06
[T+393106125us][CH2-Pc    ] 01
[T+393115126us][CH1-Dispenser] 01 61
[T+393184125us][CH2-Pc    ] 02
[T+393190125us][CH1-Dispenser] 02 62
[T+393262149us][CH2-Pc    ] 03
[T+393269125us][CH1-Dispenser] 03 73
[T+393290125us][CH2-Pc    ] 23
[T+393295125us][CH1-Dispenser] 23 D3
[T+393311256us][CH1-Dispenser] FF
[T+393311126us][CH2-Pc    ] FF
[T+393324647us][CH1-Dispenser] E9
[T+393324508us][CH2-Pc    ] E9
[T+393337639us][CH1-Dispenser] FE
[T+393337498us][CH2-Pc    ] FE
[T+393350272us][CH1-Dispenser] E0
[T+393350133us][CH2-Pc    ] E0
[T+393362131us][CH1-Dispenser] E1
[T+393362265us][CH2-Pc    ] E1
[T+393375264us][CH1-Dispenser] E0
[T+393375130us][CH2-Pc    ] E0
[T+393388270us][CH1-Dispenser] FB
[T+393388132us][CH2-Pc    ] FB
[T+393400270us][CH1-Dispenser] EE
[T+393400132us][CH2-Pc    ] EE
[T+393413126us][CH2-Pc    ] F0
[T+393441149us][CH1-Dispenser] F0 BA B0 B3 B3 B0 B1 B0 B0 B0 B0 B1 B1 B1 B1 B2 B9 B9 8D 8A
[T+393518125us][CH2-Pc    ] 04
[T+393524124us][CH1-Dispenser] 04 64
[T+393597260us][CH1-Dispenser] 05
[T+393597126us][CH2-Pc    ] 05
[T+393760261us][CH1-Dispenser] 06
[T+393760126us][CH2-Pc    ] 06
[T+393935125us][CH2-Pc    ] 01
[T+393940125us][CH1-Dispenser] 01 61
[T+394013126us][CH2-Pc    ] 02
[T+394021165us][CH1-Dispenser] 02 62
[T+394092125us][CH2-Pc    ] 03
[T+394101788us][CH1-Dispenser] 03 73
[T+394119125us][CH2-Pc    ] 23
[T+394124125us][CH1-Dispenser] 23 D3
[T+394140257us][CH1-Dispenser] FF
[T+394140126us][CH2-Pc    ] FF
[T+394153256us][CH1-Dispenser] E9
[T+394153126us][CH2-Pc    ] E9
[T+394166261us][CH1-Dispenser] FE
[T+394166130us][CH2-Pc    ] FE
[T+394191258us][CH1-Dispenser] E0 E1
[T+394191126us][CH2-Pc    ] E0 E1
[T+394204266us][CH1-Dispenser] E0
[T+394204128us][CH2-Pc    ] E0
[T+394216264us][CH1-Dispenser] FB
[T+394216130us][CH2-Pc    ] FB
[T+394231129us][CH1-Dispenser] EE
[T+394231268us][CH2-Pc    ] EE
[T+394243156us][CH2-Pc    ] F0
[T+394272125us][CH1-Dispenser] F0 BA B0 B3 B3 B0 B1 B0 B0 B0 B0 B1 B1 B1 B1 B2 B9 B9 8D 8A
[T+394344149us][CH2-Pc    ] 04
[T+394353445us][CH1-Dispenser] 04 64
[T+394422261us][CH1-Dispenser] 05
[T+394422127us][CH2-Pc    ] 05
[T+394596261us][CH1-Dispenser] 06
[T+394596126us][CH2-Pc    ] 06
[T+394760151us][CH2-Pc    ] 01
[T+394765125us][CH1-Dispenser] 01 61
[T+394839126us][CH2-Pc    ] 02
[T+394846133us][CH1-Dispenser] 02 62
[T+394918154us][CH2-Pc    ] 03
[T+394925125us][CH1-Dispenser] 03 73
[T+394945160us][CH2-Pc    ] 23
[T+394951125us][CH1-Dispenser] 23 D3
[T+394966126us][CH2-Pc    ] FF
[T+394967126us][CH1-Dispenser] FF
[T+394979258us][CH1-Dispenser] E9
[T+394979126us][CH2-Pc    ] E9
[T+394992267us][CH1-Dispenser] FE
[T+394992134us][CH2-Pc    ] FE
[T+395005282us][CH1-Dispenser] E0
[T+395005143us][CH2-Pc    ] E0
[T+395017577us][CH1-Dispenser] E1
[T+395017437us][CH2-Pc    ] E1
[T+395030272us][CH1-Dispenser] E0
[T+395030133us][CH2-Pc    ] E0
[T+395043271us][CH1-Dispenser] FB
[T+395043133us][CH2-Pc    ] FB
[T+395055271us][CH1-Dispenser] EE
[T+395055134us][CH2-Pc    ] EE
[T+395068388us][CH2-Pc    ] F0
[T+395098125us][CH1-Dispenser] F0 BA B0 B3 B3 B0 B1 B0 B0 B0 B0 B1 B1 B1 B1 B2 B9 B9 8D 8A
[T+395171125us][CH2-Pc    ] 04
[T+395179765us][CH1-Dispenser] 04 64
[T+395249262us][CH1-Dispenser] 05
[T+395249126us][CH2-Pc    ] 05
[T+395423260us][CH1-Dispenser] 06
[T+395423126us][CH2-Pc    ] 06
[T+395588125us][CH2-Pc    ] 01
[T+395596817us][CH1-Dispenser] 01 61
[T+395666146us][CH2-Pc    ] 02
[T+395670126us][CH1-Dispenser] 02 62
[T+395733125us][CH2-Pc    ] 03
[T+395739125us][CH1-Dispenser] 03 73
[T+395760125us][CH2-Pc    ] 23
[T+395782126us][CH1-Dispenser] 23 D3 FF
[T+395782257us][CH2-Pc    ] FF
[T+395795264us][CH1-Dispenser] E9
[T+395795128us][CH2-Pc    ] E9
[T+395807258us][CH1-Dispenser] FE
[T+395807126us][CH2-Pc    ] FE
[T+395820257us][CH1-Dispenser] E0
[T+395820126us][CH2-Pc    ] E0
[T+395833256us][CH1-Dispenser] E1
[T+395833126us][CH2-Pc    ] E1
[T+395846002us][CH1-Dispenser] E0
[T+395845343us][CH2-Pc    ] E0
[T+395858258us][CH1-Dispenser] FB
[T+395858126us][CH2-Pc    ] FB
[T+395871260us][CH1-Dispenser] EE
[T+395871126us][CH2-Pc    ] EE
[T+395883149us][CH2-Pc    ] F0
[T+395912125us][CH1-Dispenser] F0 BA B0 B3 B3 B0 B1 B0 B0 B0 B0 B1 B1 B1 B1 B2 B9 B9 8D 8A
[T+395986125us][CH2-Pc    ] 04
[T+395997133us][CH1-Dispenser] 04 64
[T+396064260us][CH1-Dispenser] 05
[T+396064126us][CH2-Pc    ] 05
[T+396228258us][CH1-Dispenser] 06
[T+396228126us][CH2-Pc    ] 06
[T+396403125us][CH2-Pc    ] 01
[T+396410125us][CH1-Dispenser] 01 61
[T+396481125us][CH2-Pc    ] 02
[T+396489766us][CH1-Dispenser] 02 62
[T+396559125us][CH2-Pc    ] 03
[T+396564125us][CH1-Dispenser] 03 73
[T+396587126us][CH2-Pc    ] 23
[T+396614257us][CH1-Dispenser] 23 D3 FF E9
[T+396614126us][CH2-Pc    ] FF E9
[T+396628407us][CH1-Dispenser] FE
[T+396628134us][CH2-Pc    ] FE
[T+396640279us][CH1-Dispenser] E0
[T+396640133us][CH2-Pc    ] E0
[T+396653272us][CH1-Dispenser] E1
[T+396653133us][CH2-Pc    ] E1
[T+396666270us][CH1-Dispenser] E0
[T+396666134us][CH2-Pc    ] E0
[T+396678165us][CH2-Pc    ] FB
[T+396691128us][CH1-Dispenser] FB EE
[T+396691265us][CH2-Pc    ] EE
[T+396704156us][CH2-Pc    ] F0
[T+396735125us][CH1-Dispenser] F0 BA B0 B3 B3 B0 B1 B0 B0 B0 B0 B1 B1 B1 B1 B2 B9 B9 8D 8A
[T+396805125us][CH2-Pc    ] 04
[T+396815125us][CH1-Dispenser] 04 64
[T+396883260us][CH1-Dispenser] 05
[T+396883126us][CH2-Pc    ] 05
[T+397058261us][CH1-Dispenser] 06
[T+397058126us][CH2-Pc    ] 06
[T+397233125us][CH2-Pc    ] 01
[T+397241752us][CH1-Dispenser] 01 61
[T+397312126us][CH2-Pc    ] 02
[T+397320163us][CH1-Dispenser] 02 62
[T+397402125us][CH2-Pc    ] 03
[T+397409125us][CH1-Dispenser] 03 73
[T+397429149us][CH2-Pc    ] 23
[T+397434125us][CH1-Dispenser] 23 D3
[T+397463787us][CH1-Dispenser] FF E9
[T+397463653us][CH2-Pc    ] FF E9
[T+397476266us][CH1-Dispenser] FE
[T+397476128us][CH2-Pc    ] FE
[T+397489262us][CH1-Dispenser] E0
[T+397489128us][CH2-Pc    ] E0
[T+397502254us][CH1-Dispenser] E1
[T+397502126us][CH2-Pc    ] E1
[T+397514263us][CH1-Dispenser] E0
[T+397514127us][CH2-Pc    ] E0
[T+397528258us][CH1-Dispenser] FB
[T+397528127us][CH2-Pc    ] FB
[T+397540642us][CH1-Dispenser] EE
[T+397540503us][CH2-Pc    ] EE
[T+397552163us][CH2-Pc    ] F0
[T+397584158us][CH1-Dispenser] F0 BA B0 B3 B3 B0 B1 B0 B0 B0 B0 B1 B1 B1 B1 B2 B9 B9 8D 8A
[T+397654125us][CH2-Pc    ] 04
[T+397660125us][CH1-Dispenser] 04 64
[T+397732259us][CH1-Dispenser] 05
[T+397732128us][CH2-Pc    ] 05
[T+397907259us][CH1-Dispenser] 06
[T+397907126us][CH2-Pc    ] 06
[T+398071149us][CH2-Pc    ] 01
[T+398075154us][CH1-Dispenser] 01 61
[T+398138125us][CH2-Pc    ] 02
[T+398145125us][CH1-Dispenser] 02 62
[T+398216125us][CH2-Pc    ] 03
[T+398224192us][CH1-Dispenser] 03 73
[T+398244156us][CH2-Pc    ] 23
[T+398251133us][CH1-Dispenser] 23 D3
[T+398278259us][CH1-Dispenser] FF E9
[T+398278126us][CH2-Pc    ] FF E9
[T+398292129us][CH1-Dispenser] FE
[T+398292264us][CH2-Pc    ] FE
[T+398304271us][CH1-Dispenser] E0
[T+398304131us][CH2-Pc    ] E0
[T+398317275us][CH1-Dispenser] E1
[T+398317135us][CH2-Pc    ] E1
[T+398330264us][CH1-Dispenser] E0
[T+398330129us][CH2-Pc    ] E0
[T+398342257us][CH1-Dispenser] FB
[T+398342126us][CH2-Pc    ] FB
[T+398355256us][CH1-Dispenser] EE
[T+398355126us][CH2-Pc    ] EE
[T+398368149us][CH2-Pc    ] F0
[T+398397126us][CH1-Dispenser] F0 BA B0 B3 B3 B0 B1 B0 B0 B0 B0 B1 B1 B1 B1 B2 B9 B9 8D 8A
[T+398469150us][CH2-Pc    ] 04
[T+398476133us][CH1-Dispenser] 04 64
[T+398547261us][CH1-Dispenser] 05
[T+398547126us][CH2-Pc    ] 05
[T+398712126us][CH1-Dispenser] 06
[T+398711125us][CH2-Pc    ] 06
[T+398884150us][CH2-Pc    ] 01
[T+398889125us][CH1-Dispenser] 01 61
[T+398963125us][CH2-Pc    ] 02
[T+398971126us][CH1-Dispenser] 02 62
[T+399041125us][CH2-Pc    ] 03
[T+399051126us][CH1-Dispenser] 03 73
[T+399068125us][CH2-Pc    ] 23
[T+399076746us][CH1-Dispenser] 23 D3
[T+399089259us][CH1-Dispenser] FF
[T+399089126us][CH2-Pc    ] FF
[T+399102273us][CH1-Dispenser] E9
[T+399102134us][CH2-Pc    ] E9
[T+399115272us][CH1-Dispenser] FE
[T+399115133us][CH2-Pc    ] FE
[T+399128125us][CH1-Dispenser] E0
[T+399127133us][CH2-Pc    ] E0
[T+399140268us][CH1-Dispenser] E1
[T+399140133us][CH2-Pc    ] E1
[T+399154269us][CH1-Dispenser] E0
[T+399154132us][CH2-Pc    ] E0
[T+399166131us][CH1-Dispenser] FB
[T+399166272us][CH2-Pc    ] FB
[T+399178260us][CH1-Dispenser] EE
[T+399178130us][CH2-Pc    ] EE
[T+399191149us][CH2-Pc    ] F0
[T+399222125us][CH1-Dispenser] F0 BA B0 B3 B3 B0 B1 B0 B0 B0 B0 B1 B1 B1 B1 B2 B9 B9 8D 8A
[T+399293125us][CH2-Pc    ] 04
[T+399299125us][CH1-Dispenser] 04 64
[T+399378259us][CH1-Dispenser] 05
[T+399378126us][CH2-Pc    ] 05
[T+399546260us][CH1-Dispenser] 06
[T+399546126us][CH2-Pc    ] 06
[T+399727125us][CH2-Pc    ] 01
[T+399735134us][CH1-Dispenser] 01 61
[T+399805125us][CH2-Pc    ] 02
[T+399812361us][CH1-Dispenser] 02 62
[T+399883125us][CH2-Pc    ] 03
[T+399891149us][CH1-Dispenser] 03 73
[T+399911149us][CH2-Pc    ] 23
[T+399944268us][CH1-Dispenser] 23 D3 FF E9
[T+399944126us][CH2-Pc    ] FF E9
[T+399958257us][CH1-Dispenser] FE
[T+399958126us][CH2-Pc    ] FE
[T+399970268us][CH1-Dispenser] E0
[T+399970133us][CH2-Pc    ] E0
[T+399983948us][CH2-Pc    ] E1
[T+399995131us][CH1-Dispenser] E1 E0
[T+399996126us][CH2-Pc    ] E0
[T+400010125us][CH1-Dispenser] FB
[T+400009128us][CH2-Pc    ] FB
[T+400021131us][CH1-Dispenser] EE
[T+400021267us][CH2-Pc    ] EE
[T+400034126us][CH2-Pc    ] F0
[T+400063125us][CH1-Dispenser] F0 BA B0 B3 B3 B0 B1 B0 B0 B0 B0 B1 B1 B1 B1 B2 B9 B9 8D 8A
[T+400135149us][CH2-Pc    ] 04
[T+400145125us][CH1-Dispenser] 04 64
[T+400214257us][CH1-Dispenser] 05
[T+400214126us][CH2-Pc    ] 05
[T+400388260us][CH1-Dispenser] 06
[T+400388126us][CH2-Pc    ] 06
[T+400563125us][CH2-Pc    ] 01
[T+400571163us][CH1-Dispenser] 01 61
[T+400641125us][CH2-Pc    ] 02
[T+400646125us][CH1-Dispenser] 02 62
[T+400719125us][CH2-Pc    ] 03
[T+400725125us][CH1-Dispenser] 03 73
[T+400747125us][CH2-Pc    ] 23
[T+400768125us][CH1-Dispenser] 23 D3 FF
[T+400781126us][CH1-Dispenser] E9
[T+400780126us][CH2-Pc    ] FF E9
[T+400796260us][CH1-Dispenser] FE
[T+400796126us][CH2-Pc    ] FE
[T+400811264us][CH1-Dispenser] E0
[T+400811128us][CH2-Pc    ] E0
[T+400824273us][CH1-Dispenser] E1
[T+400824133us][CH2-Pc    ] E1
[T+400836127us][CH1-Dispenser] E0
[T+400836259us][CH2-Pc    ] E0
[T+400850273us][CH1-Dispenser] FB
[T+400850135us][CH2-Pc    ] FB
[T+400862253us][CH1-Dispenser] EE
[T+400862126us][CH2-Pc    ] EE
[T+400874149us][CH2-Pc    ] F0
[T+400903125us][CH1-Dispenser] F0 BA B0 B3 B3 B0 B1 B0 B0 B0 B0 B1 B1 B1 B1 B2 B9 B9 8D 8A
[T+400984125us][CH2-Pc    ] 04
[T+400992167us][CH1-Dispenser] 04 64
[T+401062268us][CH1-Dispenser] 05
[T+401062130us][CH2-Pc    ] 05
[T+401237258us][CH1-Dispenser] 06
[T+401237127us][CH2-Pc    ] 06
[T+401401151us][CH2-Pc    ] 01
[T+401407125us][CH1-Dispenser] 01 61
[T+401479152us][CH2-Pc    ] 02
[T+401488125us][CH1-Dispenser] 02 62
[T+401557126us][CH2-Pc    ] 03
[T+401564133us][CH1-Dispenser] 03 73
[T+401584150us][CH2-Pc    ] 23
[T+401590698us][CH1-Dispenser] 23 D3
[T+401606254us][CH1-Dispenser] FF
[T+401606126us][CH2-Pc    ] FF
[T+401619261us][CH1-Dispenser] E9
[T+401619128us][CH2-Pc    ] E9
[T+401640258us][CH1-Dispenser] FE
[T+401640126us][CH2-Pc    ] FE
[T+401674335us][CH1-Dispenser] E0 E1
[T+401674200us][CH2-Pc    ] E0 E1
[T+401699258us][CH1-Dispenser] E0 FB
[T+401699126us][CH2-Pc    ] E0 FB
[T+401713265us][CH1-Dispenser] EE
[T+401713129us][CH2-Pc    ] EE
[T+401725138us][CH2-Pc    ] F0
[T+401754125us][CH1-Dispenser] F0 BA B0 B3 B3 B0 B1 B0 B0 B0 B0 B1 B1 B1 B1 B2 B9 B9 8D 8A
[T+401828126us][CH2-Pc    ] 04
[T+401835133us][CH1-Dispenser] 04 64
[T+401906260us][CH1-Dispenser] 05
[T+401906126us][CH2-Pc    ] 05
[T+402081263us][CH1-Dispenser] 06
[T+402081126us][CH2-Pc    ] 06
[T+402245151us][CH2-Pc    ] 01
[T+402250725us][CH1-Dispenser] 01 61
[T+402323125us][CH2-Pc    ] 02
[T+402331149us][CH1-Dispenser] 02 62
[T+402401125us][CH2-Pc    ] 03
[T+402409765us][CH1-Dispenser] 03 73
[T+402428125us][CH2-Pc    ] 23
[T+402434125us][CH1-Dispenser] 23 D3
[T+402450262us][CH1-Dispenser] FF
[T+402450126us][CH2-Pc    ] FF
[T+402462271us][CH1-Dispenser] E9
[T+402462133us][CH2-Pc    ] E9
[T+402476265us][CH1-Dispenser] FE
[T+402476128us][CH2-Pc    ] FE
[T+402488128us][CH1-Dispenser] E0
[T+402488261us][CH2-Pc    ] E0
[T+402500264us][CH1-Dispenser] E1
[T+402500129us][CH2-Pc    ] E1
[T+402514269us][CH1-Dispenser] E0
[T+402514130us][CH2-Pc    ] E0
[T+402526264us][CH1-Dispenser] FB
[T+402526130us][CH2-Pc    ] FB
[T+402539272us][CH1-Dispenser] EE
[T+402539130us][CH2-Pc    ] EE
[T+402551151us][CH2-Pc    ] F0
[T+402582126us][CH1-Dispenser] F0 BA B0 B3 B3 B0 B1 B0 B0 B0 B0 B1 B1 B1 B1 B2 B9 B9 8D 8A
[T+402653126us][CH2-Pc    ] 04
[T+402660133us][CH1-Dispenser] 04 64
[T+402731259us][CH1-Dispenser] 05
[T+402731126us][CH2-Pc    ] 05
[T+402899260us][CH1-Dispenser] 06
[T+402899126us][CH2-Pc    ] 06
[T+403074126us][CH2-Pc    ] 01
[T+403081133us][CH1-Dispenser] 01 61
[T+403152125us][CH2-Pc    ] 02
[T+403162133us][CH1-Dispenser] 02 62
[T+403230151us][CH2-Pc    ] 03
[T+403235125us][CH1-Dispenser] 03 73
[T+403257125us][CH2-Pc    ] 23
[T+403265163us][CH1-Dispenser] 23 D3
[T+403291263us][CH1-Dispenser] FF E9
[T+403291126us][CH2-Pc    ] FF E9
[T+403305269us][CH1-Dispenser] FE
[T+403305131us][CH2-Pc    ] FE
[T+403318200us][CH1-Dispenser] E0
[T+403318130us][CH2-Pc    ] E0
[T+403331261us][CH1-Dispenser] E1
[T+403331127us][CH2-Pc    ] E1
[T+403364260us][CH1-Dispenser] E0 FB
[T+403364126us][CH2-Pc    ] E0 FB
[T+403377270us][CH1-Dispenser] EE
[T+403377134us][CH2-Pc    ] EE
[T+403390125us][CH2-Pc    ] F0
[T+403419125us][CH1-Dispenser] F0 BA B0 B3 B3 B0 B1 B0 B0 B0 B0 B1 B1 B1 B1 B2 B9 B9 8D 8A
[T+403492125us][CH2-Pc    ] 04
[T+403501126us][CH1-Dispenser] 04 64
[T+403570260us][CH1-Dispenser] 05
[T+403570127us][CH2-Pc    ] 05
[T+403745257us][CH1-Dispenser] 06
[T+403745126us][CH2-Pc    ] 06
[T+403920126us][CH2-Pc    ] 01
[T+403926730us][CH1-Dispenser] 01 61
[T+403998151us][CH2-Pc    ] 02
[T+404009125us][CH1-Dispenser] 02 62
[T+404080154us][CH1-Dispenser] 03 73
[T+404076125us][CH2-Pc    ] 03
[T+404092150us][CH2-Pc    ] 23
[T+404101125us][CH1-Dispenser] 23 D3
[T+404114258us][CH1-Dispenser] FF
[T+404114126us][CH2-Pc    ] FF
[T+404126271us][CH1-Dispenser] E9
[T+404126134us][CH2-Pc    ] E9
[T+404139257us][CH1-Dispenser] FE
[T+404139126us][CH2-Pc    ] FE
[T+404152258us][CH1-Dispenser] E0
[T+404152126us][CH2-Pc    ] E0
[T+404165125us][CH1-Dispenser] E1
[T+404164126us][CH2-Pc    ] E1
[T+404177256us][CH1-Dispenser] E0
[T+404177126us][CH2-Pc    ] E0
[T+404190131us][CH1-Dispenser] FB
[T+404190272us][CH2-Pc    ] FB
[T+404204126us][CH1-Dispenser] EE
[T+404204257us][CH2-Pc    ] EE
[T+404216125us][CH2-Pc    ] F0
[T+404244157us][CH1-Dispenser] F0 BA B0 B3 B3 B0 B1 B0 B0 B0 B0 B1 B1 B1 B1 B2 B9 B9 8D 8A
[T+404317125us][CH2-Pc    ] 04
[T+404325717us][CH1-Dispenser] 04 64
[T+404395261us][CH1-Dispenser] 05
[T+404395128us][CH2-Pc    ] 05
[T+404581261us][CH1-Dispenser] 06
[T+404581126us][CH2-Pc    ] 06
[T+404745151us][CH2-Pc    ] 01
[T+404751745us][CH1-Dispenser] 01 61
[T+404823149us][CH2-Pc    ] 02
[T+404830133us][CH1-Dispenser] 02 62
[T+404901125us][CH2-Pc    ] 03
[T+404910723us][CH1-Dispenser] 03 73
[T+404928125us][CH2-Pc    ] 23
[T+404934125us][CH1-Dispenser] 23 D3
[T+404950257us][CH1-Dispenser] FF
[T+404950126us][CH2-Pc    ] FF
[T+404962204us][CH1-Dispenser] E9
[T+404962133us][CH2-Pc    ] E9
[T+404988258us][CH1-Dispenser] FE E0
[T+404988126us][CH2-Pc    ] FE E0
[T+405001259us][CH1-Dispenser] E1
[T+405001126us][CH2-Pc    ] E1
[T+405014256us][CH1-Dispenser] E0
[T+405014126us][CH2-Pc    ] E0
[T+405027258us][CH1-Dispenser] FB
[T+405027127us][CH2-Pc    ] FB
[T+405039245us][CH2-Pc    ] EE
[T+405040125us][CH1-Dispenser] EE
[T+405052149us][CH2-Pc    ] F0
[T+405082126us][CH1-Dispenser] F0 BA B0 B3 B3 B0 B1 B0 B0 B0 B0 B1 B1 B1 B1 B2 B9 B9 8D 8A
[T+405154149us][CH2-Pc    ] 04
[T+405161487us][CH1-Dispenser] 04 64
[T+405232260us][CH1-Dispenser] 05
[T+405232126us][CH2-Pc    ] 05
[T+405412260us][CH1-Dispenser] 06
[T+405412126us][CH2-Pc    ] 06
[T+405587125us][CH2-Pc    ] 01
[T+405592125us][CH1-Dispenser] 01 61
[T+405665125us][CH2-Pc    ] 02
[T+405672743us][CH1-Dispenser] 02 62
[T+405743126us][CH2-Pc    ] 03
[T+405750133us][CH1-Dispenser] 03 73
[T+405770155us][CH2-Pc    ] 23
[T+405775125us][CH1-Dispenser] 23 D3
[T+405804256us][CH1-Dispenser] FF E9
[T+405804126us][CH2-Pc    ] FF E9
[T+405817272us][CH1-Dispenser] FE
[T+405817133us][CH2-Pc    ] FE
[T+405829157us][CH2-Pc    ] E0
[T+405830125us][CH1-Dispenser] E0
[T+405842257us][CH1-Dispenser] E1
[T+405842126us][CH2-Pc    ] E1
[T+405855270us][CH1-Dispenser] E0
[T+405855134us][CH2-Pc    ] E0
[T+405870269us][CH1-Dispenser] FB
[T+405870131us][CH2-Pc    ] FB
[T+405880553us][CH1-Dispenser] EE
[T+405880415us][CH2-Pc    ] EE
[T+405893125us][CH2-Pc    ] F0
[T+405923329us][CH1-Dispenser] F0 BA B0 B3 B3 B0 B1 B0 B0 B0 B0 B1 B1 B1 B1 B2 B9 B9 8D 8A
[T+405995150us][CH2-Pc    ] 04
[T+406001133us][CH1-Dispenser] 04 64
[T+406073262us][CH1-Dispenser] 05
[T+406073126us][CH2-Pc    ] 05
[T+406248257us][CH1-Dispenser] 06
[T+406248126us][CH2-Pc    ] 06
[T+406422125us][CH2-Pc    ] 01
[T+406430149us][CH1-Dispenser] 01 61
[T+406500125us][CH2-Pc    ] 02
[T+406508775us][CH1-Dispenser] 02 62
[T+406579126us][CH2-Pc    ] 03
[T+406586133us][CH1-Dispenser] 03 73
[T+406606151us][CH2-Pc    ] 23
[T+406615125us][CH1-Dispenser] 23 D3
[T+406640125us][CH1-Dispenser] FF E9
[T+406639125us][CH2-Pc    ] FF E9
[T+406653686us][CH1-Dispenser] FE
[T+406653547us][CH2-Pc    ] FE
[T+406665270us][CH1-Dispenser] E0
[T+406665133us][CH2-Pc    ] E0
[T+406678269us][CH1-Dispenser] E1
[T+406678133us][CH2-Pc    ] E1
[T+406692129us][CH1-Dispenser] E0
[T+406692265us][CH2-Pc    ] E0
[T+406704271us][CH1-Dispenser] FB
[T+406704133us][CH2-Pc    ] FB
[T+406717269us][CH1-Dispenser] EE
[T+406717130us][CH2-Pc    ] EE
[T+406730159us][CH2-Pc    ] F0
[T+406759125us][CH1-Dispenser] F0 BA B0 B3 B3 B0 B1 B0 B0 B0 B0 B1 B1 B1 B1 B2 B9 B9 8D 8A
[T+406831126us][CH2-Pc    ] 04
[T+406835153us][CH1-Dispenser] 04 64
[T+406898258us][CH1-Dispenser] 05
[T+406898126us][CH2-Pc    ] 05
[T+407073262us][CH1-Dispenser] 06
[T+407073126us][CH2-Pc    ] 06
[T+407249149us][CH2-Pc    ] 01
[T+407255125us][CH1-Dispenser] 01 61
[T+407327150us][CH2-Pc    ] 02
[T+407331154us][CH1-Dispenser] 02 62
[T+407410155us][CH1-Dispenser] 03 73
[T+407406125us][CH2-Pc    ] 03
[T+407422149us][CH2-Pc    ] 23
[T+407429137us][CH1-Dispenser] 23 D3
[T+407444257us][CH1-Dispenser] FF
[T+407444126us][CH2-Pc    ] FF
[T+407456260us][CH1-Dispenser] E9
[T+407456126us][CH2-Pc    ] E9
[T+407469264us][CH1-Dispenser] FE
[T+407469129us][CH2-Pc    ] FE
[T+407494259us][CH1-Dispenser] E0 E1
[T+407494126us][CH2-Pc    ] E0 E1
[T+407507271us][CH1-Dispenser] E0
[T+407507133us][CH2-Pc    ] E0
[T+407520270us][CH1-Dispenser] FB
[T+407520134us][CH2-Pc    ] FB
[T+407535128us][CH2-Pc    ] EE
[T+407536125us][CH1-Dispenser] EE
[T+407548153us][CH2-Pc    ] F0
[T+407577149us][CH1-Dispenser] F0 BA B0 B3 B3 B0 B1 B0 B0 B0 B0 B1 B1 B1 B1 B2 B9 B9 8D 8A
[T+407650125us][CH2-Pc    ] 04
[T+407656133us][CH1-Dispenser] 04 64
[T+407728260us][CH1-Dispenser] 05
[T+407728126us][CH2-Pc    ] 05
[T+407916260us][CH1-Dispenser] 06
[T+407916126us][CH2-Pc    ] 06
[T+408090125us][CH2-Pc    ] 01
[T+408095125us][CH1-Dispenser] 01 61
[T+408168126us][CH2-Pc    ] 02
[T+408176163us][CH1-Dispenser] 02 62
[T+408246125us][CH2-Pc    ] 03
[T+408255125us][CH1-Dispenser] 03 73
[T+408274125us][CH2-Pc    ] 23
[T+408280125us][CH1-Dispenser] 23 D3
[T+408295268us][CH1-Dispenser] FF
[T+408295130us][CH2-Pc    ] FF
[T+408308256us][CH1-Dispenser] E9
[T+408308126us][CH2-Pc    ] E9
[T+408321270us][CH1-Dispenser] FE
[T+408321134us][CH2-Pc    ] FE
[T+408333302us][CH1-Dispenser] E0
[T+408333441us][CH2-Pc    ] E0
[T+408346272us][CH1-Dispenser] E1
[T+408346133us][CH2-Pc    ] E1
[T+408359267us][CH1-Dispenser] E0
[T+408359134us][CH2-Pc    ] E0
[T+408372270us][CH1-Dispenser] FB
[T+408372133us][CH2-Pc    ] FB
[T+408385124us][CH1-Dispenser] EE
[T+408385056us][CH2-Pc    ] EE
[T+408397165us][CH2-Pc    ] F0
[T+408428125us][CH1-Dispenser] F0 BA B0 B3 B3 B0 B1 B0 B0 B0 B0 B1 B1 B1 B1 B2 B9 B9 8D 8A
[T+408498126us][CH2-Pc    ] 04
[T+408505133us][CH1-Dispenser] 04 64
[T+408577260us][CH1-Dispenser] 05
[T+408577126us][CH2-Pc    ] 05
[T+408752263us][CH1-Dispenser] 06
[T+408752126us][CH2-Pc    ] 06
[T+408920149us][CH2-Pc    ] 01
[T+408926125us][CH1-Dispenser] 01 61
[T+408998151us][CH2-Pc    ] 02
[T+409009130us][CH1-Dispenser] 02 62
[T+409077149us][CH2-Pc    ] 03
[T+409085149us][CH1-Dispenser] 03 73
[T+409104129us][CH2-Pc    ] 23
[T+409110125us][CH1-Dispenser] 23 D3
[T+409138126us][CH1-Dispenser] FF E9
[T+409137125us][CH2-Pc    ] FF E9
[T+409163525us][CH1-Dispenser] FE E0
[T+409163390us][CH2-Pc    ] FE E0
[T+409176272us][CH1-Dispenser] E1
[T+409176133us][CH2-Pc    ] E1
[T+409189271us][CH1-Dispenser] E0
[T+409189134us][CH2-Pc    ] E0
[T+409202125us][CH1-Dispenser] FB
[T+409201134us][CH2-Pc    ] FB
[T+409214268us][CH1-Dispenser] EE
[T+409214133us][CH2-Pc    ] EE
[T+409229130us][CH2-Pc    ] F0
[T+409258125us][CH1-Dispenser] F0 BA B0 B3 B3 B0 B1 B0 B0 B0 B0 B1 B1 B1 B1 B2 B9 B9 8D 8A
[T+409329125us][CH2-Pc    ] 04
[T+409336125us][CH1-Dispenser] 04 64
[T+409408261us][CH1-Dispenser] 05
[T+409408127us][CH2-Pc    ] 05
[T+409572261us][CH1-Dispenser] 06
[T+409572126us][CH2-Pc    ] 06
[T+409746125us][CH2-Pc    ] 01
[T+409751125us][CH1-Dispenser] 01 61
[T+409825126us][CH2-Pc    ] 02
[T+409830125us][CH1-Dispenser] 02 62
[T+409903125us][CH2-Pc    ] 03
[T+409911163us][CH1-Dispenser] 03 73
[T+409930125us][CH2-Pc    ] 23
[T+409937221us][CH1-Dispenser] 23 D3
[T+409952266us][CH1-Dispenser] FF
[T+409952127us][CH2-Pc    ] FF
[T+409964259us][CH1-Dispenser] E9
[T+409964126us][CH2-Pc    ] E9
[T+409977259us][CH1-Dispenser] FE
[T+409977126us][CH2-Pc    ] FE
[T+409990260us][CH1-Dispenser] E0
[T+409990126us][CH2-Pc    ] E0
[T+410002259us][CH1-Dispenser] E1
[T+410002126us][CH2-Pc    ] E1
[T+410015263us][CH1-Dispenser] E0
[T+410015130us][CH2-Pc    ] E0
[T+410028271us][CH1-Dispenser] FB
[T+410028133us][CH2-Pc    ] FB
[T+410049254us][CH1-Dispenser] EE
[T+410049126us][CH2-Pc    ] EE
[T+410069149us][CH2-Pc    ] F0
[T+410098125us][CH1-Dispenser] F0 BA B0 B3 B3 B0 B1 B0 B0 B0 B0 B1 B1 B1 B1 B2 B9 B9 8D 8A
[T+410170150us][CH2-Pc    ] 04
[T+410176126us][CH1-Dispenser] 04 64
[T+410249126us][CH1-Dispenser] 05
[T+410248125us][CH2-Pc    ] 05
[T+410423261us][CH1-Dispenser] 06
[T+410423126us][CH2-Pc    ] 06
[T+410587154us][CH2-Pc    ] 01
[T+410596730us][CH1-Dispenser] 01 61
[T+410665125us][CH2-Pc    ] 02
[T+410672125us][CH1-Dispenser] 02 62
[T+410744242us][CH2-Pc    ] 03
[T+410750126us][CH1-Dispenser] 03 73
[T+410771125us][CH2-Pc    ] 23
[T+410775153us][CH1-Dispenser] 23 D3
[T+410792258us][CH1-Dispenser] FF
[T+410792126us][CH2-Pc    ] FF
[T+410808259us][CH1-Dispenser] E9
[T+410808126us][CH2-Pc    ] E9
[T+410821256us][CH1-Dispenser] FE
[T+410821126us][CH2-Pc    ] FE
[T+410849258us][CH1-Dispenser] E0 E1
[T+410849126us][CH2-Pc    ] E0 E1
[T+410862279us][CH1-Dispenser] E0
[T+410862134us][CH2-Pc    ] E0
[T+410874272us][CH1-Dispenser] FB
[T+410874133us][CH2-Pc    ] FB
[T+410887270us][CH1-Dispenser] EE
[T+410887134us][CH2-Pc    ] EE
[T+410900126us][CH2-Pc    ] F0
[T+410929125us][CH1-Dispenser] F0 BA B0 B3 B3 B0 B1 B0 B0 B0 B0 B1 B1 B1 B1 B2 B9 B9 8D 8A
[T+411003126us][CH2-Pc    ] 04
[T+411010133us][CH1-Dispenser] 04 64
[T+411081261us][CH1-Dispenser] 05
[T+411081126us][CH2-Pc    ] 05
[T+411267257us][CH1-Dispenser] 06
[T+411267126us][CH2-Pc    ] 06
[T+411431151us][CH2-Pc    ] 01
[T+411438397us][CH1-Dispenser] 01 61
[T+411509125us][CH2-Pc    ] 02
[T+411517149us][CH1-Dispenser] 02 62
[T+411587125us][CH2-Pc    ] 03
[T+411595736us][CH1-Dispenser] 03 73
[T+411615149us][CH2-Pc    ] 23
[T+411620125us][CH1-Dispenser] 23 D3
[T+411648261us][CH1-Dispenser] FF E9
[T+411648127us][CH2-Pc    ] FF E9
[T+411661271us][CH1-Dispenser] FE
[T+411661129us][CH2-Pc    ] FE
[T+411674260us][CH1-Dispenser] E0
[T+411674126us][CH2-Pc    ] E0
[T+411699259us][CH1-Dispenser] E1 E0
[T+411699126us][CH2-Pc    ] E1 E0
[T+411712272us][CH1-Dispenser] FB
[T+411712133us][CH2-Pc    ] FB
[T+411725267us][CH1-Dispenser] EE
[T+411725134us][CH2-Pc    ] EE
[T+411738125us][CH2-Pc    ] F0
[T+411768125us][CH1-Dispenser] F0 BA B0 B3 B3 B0 B1 B0 B0 B0 B0 B1 B1 B1 B1 B2 B9 B9 8D 8A
[T+411839125us][CH2-Pc    ] 04
[T+411846125us][CH1-Dispenser] 04 64
[T+411917264us][CH1-Dispenser] 05
[T+411917126us][CH2-Pc    ] 05
[T+412092268us][CH1-Dispenser] 06
[T+412092128us][CH2-Pc    ] 06
[T+412267125us][CH2-Pc    ] 01
[T+412272125us][CH1-Dispenser] 01 61
[T+412345126us][CH2-Pc    ] 02
[T+412351737us][CH1-Dispenser] 02 62
[T+412423150us][CH2-Pc    ] 03
[T+412434125us][CH1-Dispenser] 03 73
[T+412455153us][CH1-Dispenser] 23 D3
[T+412451125us][CH2-Pc    ] 23
[T+412473127us][CH1-Dispenser] FF
[T+412473260us][CH2-Pc    ] FF
[T+412486257us][CH1-Dispenser] E9
[T+412486126us][CH2-Pc    ] E9
[T+412498253us][CH1-Dispenser] FE
[T+412498126us][CH2-Pc    ] FE
[T+412511256us][CH1-Dispenser] E0
[T+412511126us][CH2-Pc    ] E0
[T+412524285us][CH1-Dispenser] E1
[T+412524147us][CH2-Pc    ] E1
[T+412537273us][CH1-Dispenser] E0
[T+412537133us][CH2-Pc    ] E0
[T+412549272us][CH1-Dispenser] FB
[T+412549133us][CH2-Pc    ] FB
[T+412562323us][CH1-Dispenser] EE
[T+412562187us][CH2-Pc    ] EE
[T+412574165us][CH2-Pc    ] F0
[T+412603150us][CH1-Dispenser] F0 BA B0 B3 B3 B0 B1 B0 B0 B0 B0 B1 B1 B1 B1 B2 B9 B9 8D 8A
[T+412676125us][CH2-Pc    ] 04
[T+412682125us][CH1-Dispenser] 04 64
[T+412754260us][CH1-Dispenser] 05
[T+412754126us][CH2-Pc    ] 05
[T+412940267us][CH1-Dispenser] 06
[T+412940127us][CH2-Pc    ] 06
[T+413104151us][CH2-Pc    ] 01
[T+413113171us][CH1-Dispenser] 01 61
[T+413182125us][CH2-Pc    ] 02
[T+413187125us][CH1-Dispenser] 02 62
[T+413260126us][CH2-Pc    ] 03
[T+413266734us][CH1-Dispenser] 03 73
[T+413287126us][CH2-Pc    ] 23
[T+413296125us][CH1-Dispenser] 23 D3
[T+413309267us][CH1-Dispenser] FF
[T+413309129us][CH2-Pc    ] FF
[T+413322260us][CH1-Dispenser] E9
[T+413322128us][CH2-Pc    ] E9
[T+413335262us][CH1-Dispenser] FE
[T+413335128us][CH2-Pc    ] FE
[T+413347256us][CH1-Dispenser] E0
[T+413347126us][CH2-Pc    ] E0
[T+413360258us][CH1-Dispenser] E1
[T+413360126us][CH2-Pc    ] E1
[T+413372260us][CH1-Dispenser] E0
[T+413372126us][CH2-Pc    ] E0
[T+413385270us][CH1-Dispenser] FB
[T+413385132us][CH2-Pc    ] FB
[T+413398261us][CH1-Dispenser] EE
[T+413398127us][CH2-Pc    ] EE
[T+413410149us][CH2-Pc    ] F0
[T+413440126us][CH1-Dispenser] F0 BA B0 B3 B3 B0 B1 B0 B0 B0 B0 B1 B1 B1 B1 B2 B9 B9 8D 8A
[T+413513125us][CH2-Pc    ] 04
[T+413520125us][CH1-Dispenser] 04 64
[T+413591259us][CH1-Dispenser] 05
[T+413591126us][CH2-Pc    ] 05
[T+413766261us][CH1-Dispenser] 06
[T+413766127us][CH2-Pc    ] 06
[T+413930151us][CH2-Pc    ] 01
[T+413937125us][CH1-Dispenser] 01 61
[T+414008125us][CH2-Pc    ] 02
[T+414016729us][CH1-Dispenser] 02 62
[T+414086125us][CH2-Pc    ] 03
[T+414091125us][CH1-Dispenser] 03 73
[T+414114126us][CH2-Pc    ] 23
[T+414120692us][CH1-Dispenser] 23 D3
[T+414135257us][CH1-Dispenser] FF
[T+414135126us][CH2-Pc    ] FF
[T+414149130us][CH1-Dispenser] E9
[T+414149272us][CH2-Pc    ] E9
[T+414160271us][CH1-Dispenser] FE
[T+414160133us][CH2-Pc    ] FE
[T+414174268us][CH1-Dispenser] E0
[T+414174130us][CH2-Pc    ] E0
[T+414186257us][CH1-Dispenser] E1
[T+414186127us][CH2-Pc    ] E1
[T+414198264us][CH1-Dispenser] E0
[T+414198130us][CH2-Pc    ] E0
[T+414212125us][CH1-Dispenser] FB
[T+414211128us][CH2-Pc    ] FB
[T+414224267us][CH1-Dispenser] EE
[T+414224129us][CH2-Pc    ] EE
[T+414237126us][CH2-Pc    ] F0
[T+414267125us][CH1-Dispenser] F0 BA B0 B3 B3 B0 B1 B0 B0 B0 B0 B1 B1 B1 B1 B2 B9 B9 8D 8A
[T+414338125us][CH2-Pc    ] 04
[T+414347125us][CH1-Dispenser] 04 64
[T+414416259us][CH1-Dispenser] 05
[T+414416126us][CH2-Pc    ] 05
[T+414593260us][CH1-Dispenser] 06
[T+414593126us][CH2-Pc    ] 06
[T+414758126us][CH2-Pc    ] 01
[T+414768126us][CH1-Dispenser] 01 61
[T+414836149us][CH2-Pc    ] 02
[T+414841738us][CH1-Dispenser] 02 62
[T+414914125us][CH2-Pc    ] 03
[T+414922149us][CH1-Dispenser] 03 73
[T+414942149us][CH2-Pc    ] 23
[T+414963126us][CH1-Dispenser] 23 D3 FF
[T+414963255us][CH2-Pc    ] FF
[T+414976261us][CH1-Dispenser] E9
[T+414976129us][CH2-Pc    ] E9
[T+414990270us][CH1-Dispenser] FE
[T+414990131us][CH2-Pc    ] FE
[T+415002278us][CH1-Dispenser] E0
[T+415002130us][CH2-Pc    ] E0
[T+415015269us][CH1-Dispenser] E1
[T+415015130us][CH2-Pc    ] E1
[T+415028133us][CH1-Dispenser] E0
[T+415028272us][CH2-Pc    ] E0
[T+415039271us][CH1-Dispenser] FB
[T+415039133us][CH2-Pc    ] FB
[T+415052272us][CH1-Dispenser] EE
[T+415052133us][CH2-Pc    ] EE
[T+415066125us][CH2-Pc    ] F0
[T+415093126us][CH1-Dispenser] F0 BA B0 B3 B3 B0 B1 B0 B0 B0 B0 B1 B1 B1 B1 B2 B9 B9 8D 8A
[T+415167125us][CH2-Pc    ] 04
[T+415176125us][CH1-Dispenser] 04 64
[T+415245261us][CH1-Dispenser] 05
[T+415245127us][CH2-Pc    ] 05
[T+415420261us][CH1-Dispenser] 06
[T+415420126us][CH2-Pc    ] 06
[T+415595126us][CH2-Pc    ] 01
[T+415602133us][CH1-Dispenser] 01 61
[T+415667126us][CH2-Pc    ] 02
[T+415672125us][CH1-Dispenser] 02 62
[T+415745125us][CH2-Pc    ] 03
[T+415751133us][CH1-Dispenser] 03 73
[T+415773125us][CH2-Pc    ] 23
[T+415781149us][CH1-Dispenser] 23 D3
[T+415794264us][CH1-Dispenser] FF
[T+415794127us][CH2-Pc    ] FF
[T+415807266us][CH1-Dispenser] E9
[T+415807127us][CH2-Pc    ] E9
[T+415820272us][CH1-Dispenser] FE
[T+415820134us][CH2-Pc    ] FE
[T+415832272us][CH1-Dispenser] E0
[T+415832133us][CH2-Pc    ] E0
[T+415845270us][CH1-Dispenser] E1
[T+415845134us][CH2-Pc    ] E1
[T+415858272us][CH1-Dispenser] E0
[T+415858133us][CH2-Pc    ] E0
[T+415873260us][CH1-Dispenser] FB
[T+415873128us][CH2-Pc    ] FB
[T+415899126us][CH2-Pc    ] EE F0
[T+415929125us][CH1-Dispenser] EE F0 BA B0 B3 B3 B0 B1 B0 B0 B0 B0 B1 B1 B1 B1 B2 B9 B9 8D 8A
[T+416000125us][CH2-Pc    ] 04
[T+416005125us][CH1-Dispenser] 04 64
[T+416078263us][CH1-Dispenser] 05
[T+416078126us][CH2-Pc    ] 05
[T+416244257us][CH1-Dispenser] 06
[T+416244126us][CH2-Pc    ] 06
[T+416418126us][CH2-Pc    ] 01
[T+416427126us][CH1-Dispenser] 01 61
[T+416496125us][CH2-Pc    ] 02
[T+416501698us][CH1-Dispenser] 02 62
[T+416574125us][CH2-Pc    ] 03
[T+416581125us][CH1-Dispenser] 03 73
[T+416602125us][CH2-Pc    ] 23
[T+416623126us][CH1-Dispenser] 23 D3 FF
[T+416623260us][CH2-Pc    ] FF
[T+416637269us][CH1-Dispenser] E9
[T+416637131us][CH2-Pc    ] E9
[T+416649272us][CH1-Dispenser] FE
[T+416649133us][CH2-Pc    ] FE
[T+416661266us][CH1-Dispenser] E0
[T+416661130us][CH2-Pc    ] E0
[T+416674268us][CH1-Dispenser] E1
[T+416674130us][CH2-Pc    ] E1
[T+416687258us][CH1-Dispenser] E0
[T+416687126us][CH2-Pc    ] E0
[T+416699259us][CH1-Dispenser] FB
[T+416699126us][CH2-Pc    ] FB
[T+416712256us][CH1-Dispenser] EE
[T+416712126us][CH2-Pc    ] EE
[T+416725125us][CH2-Pc    ] F0
[T+416754125us][CH1-Dispenser] F0 BA B0 B3 B3 B0 B1 B0 B0 B0 B0 B1 B1 B1 B1 B2 B9 B9 8D 8A
[T+416827125us][CH2-Pc    ] 04
[T+416835820us][CH1-Dispenser] 04 64
[T+416917258us][CH1-Dispenser] 05
[T+416917126us][CH2-Pc    ] 05
[T+417092264us][CH1-Dispenser] 06
[T+417092127us][CH2-Pc    ] 06
[T+417267125us][CH2-Pc    ] 01
[T+417272769us][CH1-Dispenser] 01 61
[T+417345125us][CH2-Pc    ] 02
[T+417353149us][CH1-Dispenser] 02 62
[T+417423125us][CH2-Pc    ] 03
[T+417430125us][CH1-Dispenser] 03 73
[T+417452126us][CH2-Pc    ] 23
[T+417474125us][CH1-Dispenser] 23 D3 FF
[T+417486265us][CH1-Dispenser] E9
[T+417486129us][CH2-Pc    ] FF E9
[T+417499272us][CH1-Dispenser] FE
[T+417499133us][CH2-Pc    ] FE
[T+417512272us][CH1-Dispenser] E0
[T+417512133us][CH2-Pc    ] E0
[T+417526125us][CH1-Dispenser] E1
[T+417525135us][CH2-Pc    ] E1
[T+417537264us][CH1-Dispenser] E0
[T+417537127us][CH2-Pc    ] E0
[T+417550273us][CH1-Dispenser] FB
[T+417550134us][CH2-Pc    ] FB
[T+417563271us][CH1-Dispenser] EE
[T+417563133us][CH2-Pc    ] EE
[T+417576125us][CH2-Pc    ] F0
[T+417605126us][CH1-Dispenser] F0 BA B0 B3 B3 B0 B1 B0 B0 B0 B0 B1 B1 B1 B1 B2 B9 B9 8D 8A
[T+417677150us][CH2-Pc    ] 04
[T+417686130us][CH1-Dispenser] 04 64
[T+417755263us][CH1-Dispenser] 05
[T+417755127us][CH2-Pc    ] 05
[T+417946268us][CH1-Dispenser] 06
[T+417946130us][CH2-Pc    ] 06
[T+418121125us][CH2-Pc    ] 01
[T+418128133us][CH1-Dispenser] 01 61
[T+418213127us][CH2-Pc    ] 02
[T+418223126us][CH1-Dispenser] 02 62
[T+418292125us][CH2-Pc    ] 03
[T+418297956us][CH1-Dispenser] 03 73
[T+418320125us][CH2-Pc    ] 23
[T+418327125us][CH1-Dispenser] 23 D3
[T+418340258us][CH1-Dispenser] FF
[T+418340126us][CH2-Pc    ] FF
[T+418353141us][CH1-Dispenser] E9
[T+418353277us][CH2-Pc    ] E9
[T+418365688us][CH1-Dispenser] FE
[T+418365544us][CH2-Pc    ] FE
[T+418378272us][CH1-Dispenser] E0
[T+418378134us][CH2-Pc    ] E0
[T+418391272us][CH1-Dispenser] E1
[T+418391133us][CH2-Pc    ] E1
[T+418404271us][CH1-Dispenser] E0
[T+418404135us][CH2-Pc    ] E0
[T+418416272us][CH1-Dispenser] FB
[T+418416133us][CH2-Pc    ] FB
[T+418430265us][CH1-Dispenser] EE
[T+418430128us][CH2-Pc    ] EE
[T+418451125us][CH2-Pc    ] F0
[T+418478126us][CH1-Dispenser] F0 BA B0 B3 B3 B0 B1 B0 B0 B0 B0 B1 B1 B1 B1 B2 B9 B9 8D 8A
[T+418543125us][CH2-Pc    ] 04
[T+418551163us][CH1-Dispenser] 04 64
[T+418621259us][CH1-Dispenser] 05
[T+418621126us][CH2-Pc    ] 05
[T+418796260us][CH1-Dispenser] 06
[T+418796126us][CH2-Pc    ] 06
[T+418983125us][CH2-Pc    ] 01
[T+418995163us][CH1-Dispenser] 01 61
[T+419061125us][CH2-Pc    ] 02
[T+419067125us][CH1-Dispenser] 02 62
[T+419139150us][CH2-Pc    ] 03
[T+419145125us][CH1-Dispenser] 03 73
[T+419177254us][CH1-Dispenser] 23 D3 FF
[T+419177126us][CH2-Pc    ] 23 FF
[T+419191128us][CH1-Dispenser] E9
[T+419191266us][CH2-Pc    ] E9
[T+419202270us][CH1-Dispenser] FE
[T+419202130us][CH2-Pc    ] FE
[T+419215269us][CH1-Dispenser] E0
[T+419215130us][CH2-Pc    ] E0
[T+419228270us][CH1-Dispenser] E1
[T+419228132us][CH2-Pc    ] E1
[T+419240257us][CH1-Dispenser] E0
[T+419240126us][CH2-Pc    ] E0
[T+419253130us][CH1-Dispenser] FB
[T+419253269us][CH2-Pc    ] FB
[T+419266272us][CH1-Dispenser] EE
[T+419266133us][CH2-Pc    ] EE
[T+419278150us][CH2-Pc    ] F0
[T+419309126us][CH1-Dispenser] F0 BA B0 B3 B3 B0 B1 B0 B0 B0 B0 B1 B1 B1 B1 B2 B9 B9 8D 8A
[T+419380126us][CH2-Pc    ] 04
[T+419385125us][CH1-Dispenser] 04 64
[T+419448262us][CH1-Dispenser] 05
[T+419448126us][CH2-Pc    ] 05
[T+419622260us][CH1-Dispenser] 06
[T+419622126us][CH2-Pc    ] 06
[T+419790149us][CH2-Pc    ] 01
[T+419796125us][CH1-Dispenser] 01 61
[T+419869125us][CH2-Pc    ] 02
[T+419878125us][CH1-Dispenser] 02 62
[T+419948125us][CH2-Pc    ] 03
[T+419958125us][CH1-Dispenser] 03 73
[T+419975125us][CH2-Pc    ] 23
[T+419981125us][CH1-Dispenser] 23 D3
[T+420008261us][CH1-Dispenser] FF E9
[T+420008126us][CH2-Pc    ] FF E9
[T+420022266us][CH1-Dispenser] FE
[T+420022129us][CH2-Pc    ] FE
[T+420034263us][CH1-Dispenser] E0
[T+420034129us][CH2-Pc    ] E0
[T+420047271us][CH1-Dispenser] E1
[T+420047131us][CH2-Pc    ] E1
[T+420061266us][CH1-Dispenser] E0
[T+420061129us][CH2-Pc    ] E0
[T+420072264us][CH1-Dispenser] FB
[T+420072128us][CH2-Pc    ] FB
[T+420085269us][CH1-Dispenser] EE
[T+420085132us][CH2-Pc    ] EE
[T+420098126us][CH2-Pc    ] F0
[T+420129126us][CH1-Dispenser] F0 BA B0 B3 B3 B0 B1 B0 B0 B0 B0 B1 B1 B1 B1 B2 B9 B9 8D 8A
[T+420200126us][CH2-Pc    ] 04
[T+420205125us][CH1-Dispenser] 04 64
[T+420278261us][CH1-Dispenser] 05
[T+420278126us][CH2-Pc    ] 05
[T+420452262us][CH1-Dispenser] 06
[T+420452126us][CH2-Pc    ] 06
[T+420627125us][CH2-Pc    ] 01
[T+420632125us][CH1-Dispenser] 01 61
[T+420705126us][CH2-Pc    ] 02
[T+420712133us][CH1-Dispenser] 02 62
[T+420783126us][CH2-Pc    ] 03
[T+420790133us][CH1-Dispenser] 03 73
[T+420810151us][CH2-Pc    ] 23
[T+420815125us][CH1-Dispenser] 23 D3
[T+420831260us][CH1-Dispenser] FF
[T+420831126us][CH2-Pc    ] FF
[T+420856260us][CH1-Dispenser] E9 FE
[T+420856126us][CH2-Pc    ] E9 FE
[T+420869272us][CH1-Dispenser] E0
[T+420869133us][CH2-Pc    ] E0
[T+420882271us][CH1-Dispenser] E1
[T+420882133us][CH2-Pc    ] E1
[T+420895267us][CH1-Dispenser] E0
[T+420895134us][CH2-Pc    ] E0
[T+420908267us][CH1-Dispenser] FB
[T+420908133us][CH2-Pc    ] FB
[T+420920263us][CH1-Dispenser] EE
[T+420920130us][CH2-Pc    ] EE
[T+420933125us][CH2-Pc    ] F0
[T+420963125us][CH1-Dispenser] F0 BA B0 B3 B3 B0 B1 B0 B0 B0 B0 B1 B1 B1 B1 B2 B9 B9 8D 8A
[T+421034125us][CH2-Pc    ] 04
[T+421041125us][CH1-Dispenser] 04 64
[T+421118260us][CH1-Dispenser] 05
[T+421118126us][CH2-Pc    ] 05
[T+421292257us][CH1-Dispenser] 06
[T+421292126us][CH2-Pc    ] 06
[T+421467125us][CH2-Pc    ] 01
[T+421472125us][CH1-Dispenser] 01 61
[T+421546126us][CH2-Pc    ] 02
[T+421551125us][CH1-Dispenser] 02 62
[T+421623150us][CH2-Pc    ] 03
[T+421632125us][CH1-Dispenser] 03 73
[T+421650126us][CH2-Pc    ] 23
[T+421657133us][CH1-Dispenser] 23 D3
[T+421684261us][CH1-Dispenser] FF E9
[T+421684126us][CH2-Pc    ] FF E9
[T+421698272us][CH1-Dispenser] FE
[T+421698134us][CH2-Pc    ] FE
[T+421710272us][CH1-Dispenser] E0
[T+421710133us][CH2-Pc    ] E0
[T+421723278us][CH1-Dispenser] E1
[T+421723133us][CH2-Pc    ] E1
[T+421738261us][CH1-Dispenser] E0
[T+421738129us][CH2-Pc    ] E0
[T+421751266us][CH1-Dispenser] FB
[T+421751128us][CH2-Pc    ] FB
[T+421764257us][CH1-Dispenser] EE
[T+421764126us][CH2-Pc    ] EE
[T+421776150us][CH2-Pc    ] F0
[T+421805125us][CH1-Dispenser] F0 BA B0 B3 B3 B0 B1 B0 B0 B0 B0 B1 B1 B1 B1 B2 B9 B9 8D 8A
[T+421878126us][CH2-Pc    ] 04
[T+421886163us][CH1-Dispenser] 04 64
[T+421956264us][CH1-Dispenser] 05
[T+421956127us][CH2-Pc    ] 05
[T+422142261us][CH1-Dispenser] 06
[T+422142126us][CH2-Pc    ] 06
[T+422306150us][CH2-Pc    ] 01
[T+422312737us][CH1-Dispenser] 01 61
[T+422384149us][CH2-Pc    ] 02
[T+422391133us][CH1-Dispenser] 02 62
[T+422462128us][CH2-Pc    ] 03
[T+422471733us][CH1-Dispenser] 03 73
[T+422489125us][CH2-Pc    ] 23
[T+422495125us][CH1-Dispenser] 23 D3
[T+422511259us][CH1-Dispenser] FF
[T+422511126us][CH2-Pc    ] FF
[T+422524125us][CH1-Dispenser] E9
[T+422523134us][CH2-Pc    ] E9
[T+422536270us][CH1-Dispenser] FE
[T+422536134us][CH2-Pc    ] FE
[T+422550270us][CH1-Dispenser] E0
[T+422550130us][CH2-Pc    ] E0
[T+422562267us][CH1-Dispenser] E1
[T+422562129us][CH2-Pc    ] E1
[T+422576267us][CH1-Dispenser] E0
[T+422576129us][CH2-Pc    ] E0
[T+422588266us][CH1-Dispenser] FB
[T+422588129us][CH2-Pc    ] FB
[T+422601125us][CH1-Dispenser] EE
[T+422600137us][CH2-Pc    ] EE
[T+422614126us][CH2-Pc    ] F0
[T+422644125us][CH1-Dispenser] F0 BA B0 B3 B3 B0 B1 B0 B0 B0 B0 B1 B1 B1 B1 B2 B9 B9 8D 8A
[T+422714125us][CH2-Pc    ] 04
[T+422722757us][CH1-Dispenser] 04 64
[T+422792260us][CH1-Dispenser] 05
[T+422792126us][CH2-Pc    ] 05
[T+422969261us][CH1-Dispenser] 06
[T+422969126us][CH2-Pc    ] 06
[T+423134126us][CH2-Pc    ] 01
[T+423142163us][CH1-Dispenser] 01 61
[T+423212125us][CH2-Pc    ] 02
[T+423216153us][CH1-Dispenser] 02 62
[T+423279125us][CH2-Pc    ] 03
[T+423286515us][CH1-Dispenser] 03 73
[T+423311153us][CH1-Dispenser] 23 D3
[T+423307125us][CH2-Pc    ] 23
[T+423340260us][CH1-Dispenser] FF E9
[T+423340126us][CH2-Pc    ] FF E9
[T+423354270us][CH1-Dispenser] FE
[T+423354130us][CH2-Pc    ] FE
[T+423366262us][CH1-Dispenser] E0
[T+423366130us][CH2-Pc    ] E0
[T+423380124us][CH1-Dispenser] E1
[T+423380046us][CH2-Pc    ] E1
[T+423392129us][CH1-Dispenser] E0
[T+423392267us][CH2-Pc    ] E0
[T+423405261us][CH1-Dispenser] FB
[T+423405128us][CH2-Pc    ] FB
[T+423417261us][CH1-Dispenser] EE
[T+423417129us][CH2-Pc    ] EE
[T+423430149us][CH2-Pc    ] F0
[T+423462149us][CH1-Dispenser] F0 BA B0 B3 B3 B0 B1 B0 B0 B0 B0 B1 B1 B1 B1 B2 B9 B9 8D 8A
[T+423535125us][CH2-Pc    ] 04
[T+423542738us][CH1-Dispenser] 04 64
[T+423613125us][CH1-Dispenser] 05
[T+423612125us][CH2-Pc    ] 05
[T+423798263us][CH1-Dispenser] 06
[T+423798127us][CH2-Pc    ] 06
[T+423962151us][CH2-Pc    ] 01
[T+423968125us][CH1-Dispenser] 01 61
[T+424040150us][CH2-Pc    ] 02
[T+424047777us][CH1-Dispenser] 02 62
[T+424118126us][CH2-Pc    ] 03
[T+424126163us][CH1-Dispenser] 03 73
[T+424146126us][CH2-Pc    ] 23
[T+424151730us][CH1-Dispenser] 23 D3
[T+424167264us][CH1-Dispenser] FF
[T+424167126us][CH2-Pc    ] FF
[T+424180260us][CH1-Dispenser] E9
[T+424180127us][CH2-Pc    ] E9
[T+424192257us][CH1-Dispenser] FE
[T+424192126us][CH2-Pc    ] FE
[T+424218259us][CH1-Dispenser] E0 E1
[T+424218126us][CH2-Pc    ] E0 E1
[T+424231259us][CH1-Dispenser] E0
[T+424231127us][CH2-Pc    ] E0
[T+424243267us][CH1-Dispenser] FB
[T+424243130us][CH2-Pc    ] FB
[T+424256258us][CH1-Dispenser] EE
[T+424256126us][CH2-Pc    ] EE
[T+424269125us][CH2-Pc    ] F0
[T+424299125us][CH1-Dispenser] F0 BA B0 B3 B3 B0 B1 B0 B0 B0 B0 B1 B1 B1 B1 B2 B9 B9 8D 8A
[T+424371149us][CH2-Pc    ] 04
[T+424376125us][CH1-Dispenser] 04 64
[T+424449263us][CH1-Dispenser] 05
[T+424449127us][CH2-Pc    ] 05
[T+424624263us][CH1-Dispenser] 06
[T+424624127us][CH2-Pc    ] 06
[T+424799126us][CH2-Pc    ] 01
[T+424807165us][CH1-Dispenser] 01 61
[T+424877125us][CH2-Pc    ] 02
[T+424881155us][CH1-Dispenser] 02 62
[T+424944125us][CH2-Pc    ] 03
[T+424951133us][CH1-Dispenser] 03 73
[T+424982262us][CH1-Dispenser] 23 D3 FF
[T+424982126us][CH2-Pc    ] 23 FF
[T+424995257us][CH1-Dispenser] E9
[T+424995126us][CH2-Pc    ] E9
[T+425008272us][CH1-Dispenser] FE
[T+425008133us][CH2-Pc    ] FE
[T+425021531us][CH1-Dispenser] E0
[T+425021391us][CH2-Pc    ] E0
[T+425049259us][CH1-Dispenser] E1 E0
[T+425049126us][CH2-Pc    ] E1 E0
[T+425062125us][CH2-Pc    ] FB
[T+425063326us][CH1-Dispenser] FB
[T+425075260us][CH1-Dispenser] EE
[T+425075126us][CH2-Pc    ] EE
[T+425088125us][CH2-Pc    ] F0
[T+425118125us][CH1-Dispenser] F0 BA B0 B3 B3 B0 B1 B0 B0 B0 B0 B1 B1 B1 B1 B2 B9 B9 8D 8A
[T+425189126us][CH2-Pc    ] 04
[T+425196125us][CH1-Dispenser] 04 64
[T+425268261us][CH1-Dispenser] 05
[T+425268126us][CH2-Pc    ] 05
[T+425432266us][CH1-Dispenser] 06
[T+425432126us][CH2-Pc    ] 06
[T+425607125us][CH2-Pc    ] 01
[T+425613125us][CH1-Dispenser] 01 61
[T+425685151us][CH2-Pc    ] 02
[T+425692755us][CH1-Dispenser] 02 62
[T+425763126us][CH2-Pc    ] 03
[T+425771165us][CH1-Dispenser] 03 73
[T+425790126us][CH2-Pc    ] 23
[T+425797134us][CH1-Dispenser] 23 D3
[T+425812259us][CH1-Dispenser] FF
[T+425812126us][CH2-Pc    ] FF
[T+425824257us][CH1-Dispenser] E9
[T+425824126us][CH2-Pc    ] E9
[T+425837784us][CH1-Dispenser] FE
[T+425837650us][CH2-Pc    ] FE
[T+425850260us][CH1-Dispenser] E0
[T+425850127us][CH2-Pc    ] E0
[T+425862258us][CH1-Dispenser] E1
[T+425862126us][CH2-Pc    ] E1
[T+425875195us][CH1-Dispenser] E0
[T+425875126us][CH2-Pc    ] E0
[T+425888272us][CH1-Dispenser] FB
[T+425888133us][CH2-Pc    ] FB
[T+425913125us][CH2-Pc    ] EE F0
[T+425944126us][CH1-Dispenser] EE F0 BA B0 B3 B3 B0 B1 B0 B0 B0 B0 B1 B1 B1 B1 B2 B9 B9 8D 8A
[T+426015125us][CH2-Pc    ] 04
[T+426021133us][CH1-Dispenser] 04 64
[T+426093259us][CH1-Dispenser] 05
[T+426093126us][CH2-Pc    ] 05