[T+763769945us][CH1-PC ] 51 20 FA → [P1] POLL
[T+763774921us][CH2-DEVICE] 51 70 FA → [P1] IDLE
[T+763910949us][CH1-PC ] 52 20 FA → [P2] POLL
[T+763917596us][CH2-DEVICE] 52 70 FA → [P2] IDLE
[T+764050921us][CH1-PC ] 53 20 FA → [P3] POLL
[T+764055921us][CH2-DEVICE] 53 70 FA → [P3] IDLE
[T+764191945us][CH1-PC ] 50 20 FA → [P0] POLL
[T+764198599us][CH2-DEVICE] 50 70 FA → [P0] IDLE
[T+764331921us][CH1-PC ] 51 20 FA → [P1] POLL
[T+764337921us][CH2-DEVICE] 51 70 FA → [P1] IDLE
[T+764473951us][CH1-PC ] 52 20 FA → [P2] POLL
[T+764477949us][CH2-DEVICE] 52 70 FA → [P2] IDLE
[T+764613946us][CH1-PC ] 53 20 FA → [P3] POLL
[T+764619599us][CH2-DEVICE] 53 70 FA → [P3] IDLE
[T+764753921us][CH1-PC ] 50 20 FA → [P0] POLL
[T+764758921us][CH2-DEVICE] 50 70 FA → [P0] IDLE
[T+764894945us][CH1-PC ] 51 20 FA → [P1] POLL
[T+764901921us][CH2-DEVICE] 51 70 FA → [P1] IDLE
[T+765035921us][CH1-PC ] 52 20 FA → [P2] POLL
[T+765040921us][CH2-DEVICE] 52 70 FA → [P2] IDLE
[T+765175921us][CH1-PC ] 53 20 FA → [P3] POLL
[T+765181921us][CH2-DEVICE] 53 70 FA → [P3] IDLE
[T+765316921us][CH1-PC ] 50 20 FA → [P0] POLL
[T+765321921us][CH2-DEVICE] 50 70 FA → [P0] IDLE
[T+765456921us][CH1-PC ] 51 20 FA → [P1] POLL
[T+765462929us][CH2-DEVICE] 51 70 FA → [P1] IDLE
[T+765598949us][CH1-PC ] 52 20 FA → [P2] POLL
[T+765604592us][CH2-DEVICE] 52 70 FA → [P2] IDLE
[T+765738921us][CH1-PC ] 53 20 FA → [P3] POLL
[T+765742949us][CH2-DEVICE] 53 70 FA → [P3] IDLE
[T+765878946us][CH1-PC ] 50 20 FA → [P0] POLL
[T+765883921us][CH2-DEVICE] 50 70 FA → [P0] IDLE
[T+766019945us][CH1-PC ] 51 20 FA → [P1] POLL
[T+766024921us][CH2-DEVICE] 51 70 FA → [P1] IDLE
[T+766160945us][CH1-PC ] 52 20 FA → [P2] POLL
[T+766166921us][CH2-DEVICE] 52 70 FA → [P2] IDLE
[T+766300921us][CH1-PC ] 53 20 FA → [P3] POLL
[T+766305921us][CH2-DEVICE] 53 70 FA → [P3] IDLE
[T+766441945us][CH1-PC ] 50 20 FA → [P0] POLL
[T+766446921us][CH2-DEVICE] 50 70 FA → [P0] IDLE
[T+766581921us][CH1-PC ] 51 20 FA → [P1] POLL
[T+766586921us][CH2-DEVICE] 51 70 FA → [P1] IDLE
[T+766723922us][CH1-PC ] 52 20 FA → [P2] POLL
[T+766727956us][CH2-DEVICE] 52 70 FA → [P2] IDLE
[T+766863946us][CH1-PC ] 53 20 FA → [P3] POLL
[T+766869599us][CH2-DEVICE] 53 70 FA → [P3] IDLE
[T+767003921us][CH1-PC ] 50 20 FA → [P0] POLL
[T+767009921us][CH2-DEVICE] 50 70 FA → [P0] IDLE
[T+767144921us][CH1-PC ] 51 20 FA → [P1] POLL
[T+767149921us][CH2-DEVICE] 51 70 FA → [P1] IDLE
[T+767285945us][CH1-PC ] 52 20 FA → [P2] POLL
[T+767290921us][CH2-DEVICE] 52 70 FA → [P2] IDLE
[T+767425921us][CH1-PC ] 53 20 FA → [P3] POLL
[T+767431921us][CH2-DEVICE] 53 70 FA → [P3] IDLE
[T+767566921us][CH1-PC ] 50 20 FA → [P0] POLL
[T+767570950us][CH2-DEVICE] 50 70 FA → [P0] IDLE
[T+767706945us][CH1-PC ] 51 20 FA → [P1] POLL
[T+767711921us][CH2-DEVICE] 51 70 FA → [P1] IDLE
[T+767848921us][CH1-PC ] 52 20 FA → [P2] POLL
[T+767853921us][CH2-DEVICE] 52 70 FA → [P2] IDLE
[T+767988921us][CH1-PC ] 53 20 FA → [P3] POLL
[T+767992949us][CH2-DEVICE] 53 70 FA → [P3] IDLE
[T+768128945us][CH1-PC ] 50 20 FA → [P0] POLL
[T+768133921us][CH2-DEVICE] 50 70 FA → [P0] IDLE
[T+768269945us][CH1-PC ] 51 20 FA → [P1] POLL
[T+768275921us][CH2-DEVICE] 51 70 FA → [P1] IDLE
[T+768410921us][CH1-PC ] 52 20 FA → [P2] POLL
[T+768416921us][CH2-DEVICE] 52 70 FA → [P2] IDLE
[T+768550921us][CH1-PC ] 53 20 FA → [P3] POLL
[T+768556930us][CH2-DEVICE] 53 70 FA → [P3] IDLE
[T+768691921us][CH1-PC ] 50 20 FA → [P0] POLL
[T+768696921us][CH2-DEVICE] 50 70 FA → [P0] IDLE
[T+768831921us][CH1-PC ] 51 20 FA → [P1] POLL
[T+768836921us][CH2-DEVICE] 51 70 FA → [P1] IDLE
[T+768973921us][CH1-PC ] 52 20 FA → [P2] POLL
[T+768978921us][CH2-DEVICE] 52 70 FA → [P2] IDLE
[T+769112921us][CH1-PC ] 53 20 FA → [P3] POLL
[T+769119599us][CH2-DEVICE] 53 70 FA → [P3] IDLE
[T+769253921us][CH1-PC ] 50 20 FA → [P0] POLL
[T+769258921us][CH2-DEVICE] 50 70 FA → [P0] IDLE
[T+769394945us][CH1-PC ] 51 20 FA → [P1] POLL
[T+769400921us][CH2-DEVICE] 51 70 FA → [P1] IDLE
[T+769535921us][CH1-PC ] 52 20 FA → [P2] POLL
[T+769541921us][CH2-DEVICE] 52 70 FA → [P2] IDLE
[T+769675921us][CH1-PC ] 53 20 FA → [P3] POLL
[T+769680921us][CH2-DEVICE] 53 70 FA → [P3] IDLE
[T+769816921us][CH1-PC ] 50 20 FA → [P0] POLL
[T+769821921us][CH2-DEVICE] 50 70 FA → [P0] IDLE
[T+769956921us][CH1-PC ] 51 20 FA → [P1] POLL
[T+769961921us][CH2-DEVICE] 51 70 FA → [P1] IDLE
[T+770098921us][CH1-PC ] 52 20 FA → [P2] POLL
[T+770104704us][CH2-DEVICE] 52 70 FA → [P2] IDLE
[T+770237921us][CH1-PC ] 53 20 FA → [P3] POLL
[T+770242921us][CH2-DEVICE] 53 70 FA → [P3] IDLE
[T+770378945us][CH1-PC ] 50 20 FA → [P0] POLL
[T+770384921us][CH2-DEVICE] 50 70 FA → [P0] IDLE
[T+770519921us][CH1-PC ] 51 20 FA → [P1] POLL
[T+770525601us][CH2-DEVICE] 51 70 FA → [P1] IDLE
[T+770660945us][CH1-PC ] 52 20 FA → [P2] POLL
[T+770665921us][CH2-DEVICE] 52 70 FA → [P2] IDLE
[T+770800921us][CH1-PC ] 53 20 FA → [P3] POLL
[T+770805921us][CH2-DEVICE] 53 70 FA → [P3] IDLE
[T+770940921us][CH1-PC ] 50 20 FA → [P0] POLL
[T+770946929us][CH2-DEVICE] 50 70 FA → [P0] IDLE
[T+771081921us][CH1-PC ] 51 20 FA → [P1] POLL
[T+771086921us][CH2-DEVICE] 51 70 FA → [P1] IDLE
[T+771222951us][CH1-PC ] 52 20 FA → [P2] POLL
[T+771228928us][CH2-DEVICE] 52 70 FA → [P2] IDLE
[T+771362921us][CH1-PC ] 53 20 FA → [P3] POLL
[T+771368921us][CH2-DEVICE] 53 70 FA → [P3] IDLE
[T+771503921us][CH1-PC ] 50 20 FA → [P0] POLL
[T+771509601us][CH2-DEVICE] 50 70 FA → [P0] IDLE
[T+771644945us][CH1-PC ] 51 20 FA → [P1] POLL
[T+771648949us][CH2-DEVICE] 51 70 FA → [P1] IDLE
[T+771785921us][CH1-PC ] 52 20 FA → [P2] POLL
[T+771790921us][CH2-DEVICE] 52 70 FA → [P2] IDLE
[T+771925921us][CH1-PC ] 53 20 FA → [P3] POLL
[T+771931580us][CH2-DEVICE] 53 70 FA → [P3] IDLE
[T+772066922us][CH1-PC ] 50 20 FA → [P0] POLL
[T+772071921us][CH2-DEVICE] 50 70 FA → [P0] IDLE
[T+772206921us][CH1-PC ] 51 20 FA → [P1] POLL
[T+772212921us][CH2-DEVICE] 51 70 FA → [P1] IDLE
[T+772347921us][CH1-PC ] 52 20 FA → [P2] POLL
[T+772353600us][CH2-DEVICE] 52 70 FA → [P2] IDLE
[T+772487921us][CH1-PC ] 53 20 FA → [P3] POLL
[T+772492921us][CH2-DEVICE] 53 70 FA → [P3] IDLE
[T+772628946us][CH1-PC ] 50 20 FA → [P0] POLL
[T+772633921us][CH2-DEVICE] 50 70 FA → [P0] IDLE
[T+772769945us][CH1-PC ] 51 20 FA → [P1] POLL
[T+772774921us][CH2-DEVICE] 51 70 FA → [P1] IDLE
[T+772910945us][CH1-PC ] 52 20 FA → [P2] POLL
[T+772915921us][CH2-DEVICE] 52 70 FA → [P2] IDLE
[T+773050921us][CH1-PC ] 53 20 FA → [P3] POLL
[T+773056921us][CH2-DEVICE] 53 70 FA → [P3] IDLE
[T+773190921us][CH1-PC ] 50 20 FA → [P0] POLL
[T+773196601us][CH2-DEVICE] 50 70 FA → [P0] IDLE
[T+773331945us][CH1-PC ] 51 20 FA → [P1] POLL
[T+773336921us][CH2-DEVICE] 51 70 FA → [P1] IDLE
[T+773472945us][CH1-PC ] 52 20 FA → [P2] POLL
[T+773478921us][CH2-DEVICE] 52 70 FA → [P2] IDLE
[T+773612921us][CH1-PC ] 53 20 FA → [P3] POLL
[T+773618603us][CH2-DEVICE] 53 70 FA → [P3] IDLE
[T+773753921us][CH1-PC ] 50 20 FA → [P0] POLL
[T+773758921us][CH2-DEVICE] 50 70 FA → [P0] IDLE
[T+773893921us][CH1-PC ] 51 20 FA → [P1] POLL
[T+773899921us][CH2-DEVICE] 51 70 FA → [P1] IDLE
[T+774035945us][CH1-PC ] 52 20 FA → [P2] POLL
[T+774040921us][CH2-DEVICE] 52 70 FA → [P2] IDLE
[T+774175921us][CH1-PC ] 53 20 FA → [P3] POLL
[T+774181599us][CH2-DEVICE] 53 70 FA → [P3] IDLE
[T+774315921us][CH1-PC ] 50 20 FA → [P0] POLL
[T+774321921us][CH2-DEVICE] 50 70 FA → [P0] IDLE
[T+774456921us][CH1-PC ] 51 20 FA → [P1] POLL
[T+774461921us][CH2-DEVICE] 51 70 FA → [P1] IDLE
[T+774597946us][CH1-PC ] 52 20 FA → [P2] POLL
[T+774602921us][CH2-DEVICE] 52 70 FA → [P2] IDLE
[T+774737921us][CH1-PC ] 53 20 FA → [P3] POLL
[T+774742921us][CH2-DEVICE] 53 70 FA → [P3] IDLE
[T+774878947us][CH1-PC ] 50 20 FA → [P0] POLL
[T+774883921us][CH2-DEVICE] 50 70 FA → [P0] IDLE
[T+775018924us][CH1-PC ] 51 20 FA → [P1] POLL
[T+775024616us][CH2-DEVICE] 51 70 FA → [P1] IDLE
[T+775160921us][CH1-PC ] 52 20 FA → [P2] POLL
[T+775166598us][CH2-DEVICE] 52 70 FA → [P2] IDLE
[T+775300921us][CH1-PC ] 53 20 FA → [P3] POLL
[T+775305921us][CH2-DEVICE] 53 70 FA → [P3] IDLE
[T+775440921us][CH1-PC ] 50 20 FA → [P0] POLL
[T+775446921us][CH2-DEVICE] 50 70 FA → [P0] IDLE
[T+775581921us][CH1-PC ] 51 20 FA → [P1] POLL
[T+775587596us][CH2-DEVICE] 51 70 FA → [P1] IDLE
[T+775722953us][CH1-PC ] 52 20 FA → [P2] POLL
[T+775729567us][CH2-DEVICE] 52 70 FA → [P2] IDLE
[T+775862921us][CH1-PC ] 53 20 FA → [P3] POLL
[T+775867921us][CH2-DEVICE] 53 70 FA → [P3] IDLE
[T+776003946us][CH1-PC ] 50 20 FA → [P0] POLL
[T+776008921us][CH2-DEVICE] 50 70 FA → [P0] IDLE
[T+776143921us][CH1-PC ] 51 20 FA → [P1] POLL
[T+776149921us][CH2-DEVICE] 51 70 FA → [P1] IDLE
[T+776285945us][CH1-PC ] 52 20 FA → [P2] POLL
[T+776289949us][CH2-DEVICE] 52 70 FA → [P2] IDLE
[T+776425946us][CH1-PC ] 53 20 FA → [P3] POLL
[T+776430921us][CH2-DEVICE] 53 70 FA → [P3] IDLE
[T+776565921us][CH1-PC ] 50 20 FA → [P0] POLL
[T+776570921us][CH2-DEVICE] 50 70 FA → [P0] IDLE
[T+776706945us][CH1-PC ] 51 20 FA → [P1] POLL
[T+776711921us][CH2-DEVICE] 51 70 FA → [P1] IDLE
[T+776847945us][CH1-PC ] 52 20 FA → [P2] POLL
[T+776852921us][CH2-DEVICE] 52 70 FA → [P2] IDLE
[T+776987921us][CH1-PC ] 53 20 FA → [P3] POLL
[T+776992921us][CH2-DEVICE] 53 70 FA → [P3] IDLE
[T+777128945us][CH1-PC ] 50 20 FA → [P0] POLL
[T+777133921us][CH2-DEVICE] 50 70 FA → [P0] IDLE
[T+777268921us][CH1-PC ] 51 20 FA → [P1] POLL
[T+777274599us][CH2-DEVICE] 51 70 FA → [P1] IDLE
[T+777410945us][CH1-PC ] 52 20 FA → [P2] POLL
[T+777414950us][CH2-DEVICE] 52 70 FA → [P2] IDLE
[T+777550921us][CH1-PC ] 53 20 FA → [P3] POLL
[T+777555921us][CH2-DEVICE] 53 70 FA → [P3] IDLE
[T+777690921us][CH1-PC ] 50 20 FA → [P0] POLL
[T+777695921us][CH2-DEVICE] 50 70 FA → [P0] IDLE
[T+777831946us][CH1-PC ] 51 20 FA → [P1] POLL
[T+777835949us][CH2-DEVICE] 51 70 FA → [P1] IDLE
[T+777972921us][CH1-PC ] 52 20 FA → [P2] POLL
[T+777977921us][CH2-DEVICE] 52 70 FA → [P2] IDLE
[T+778112921us][CH1-PC ] 53 20 FA → [P3] POLL
[T+778117921us][CH2-DEVICE] 53 70 FA → [P3] IDLE
[T+778253947us][CH1-PC ] 50 20 FA → [P0] POLL
[T+778258921us][CH2-DEVICE] 50 70 FA → [P0] IDLE
[T+778393921us][CH1-PC ] 51 20 FA → [P1] POLL
[T+778398921us][CH2-DEVICE] 51 70 FA → [P1] IDLE
[T+778535921us][CH1-PC ] 52 20 FA → [P2] POLL
[T+778540921us][CH2-DEVICE] 52 70 FA → [P2] IDLE
[T+778674921us][CH1-PC ] 53 20 FA → [P3] POLL
[T+778681600us][CH2-DEVICE] 53 70 FA → [P3] IDLE
[T+778815921us][CH1-PC ] 50 20 FA → [P0] POLL
[T+778821921us][CH2-DEVICE] 50 70 FA → [P0] IDLE
[T+778956921us][CH1-PC ] 51 20 FA → [P1] POLL
[T+778961921us][CH2-DEVICE] 51 70 FA → [P1] IDLE
[T+779097945us][CH1-PC ] 52 20 FA → [P2] POLL
[T+779103921us][CH2-DEVICE] 52 70 FA → [P2] IDLE
[T+779237921us][CH1-PC ] 53 20 FA → [P3] POLL
[T+779242921us][CH2-DEVICE] 53 70 FA → [P3] IDLE
[T+779378946us][CH1-PC ] 50 20 FA → [P0] POLL
[T+779382950us][CH2-DEVICE] 50 70 FA → [P0] IDLE
[T+779518945us][CH1-PC ] 51 20 FA → [P1] POLL
[T+779524922us][CH2-DEVICE] 51 70 FA → [P1] IDLE
[T+779660945us][CH1-PC ] 52 20 FA → [P2] POLL
[T+779665921us][CH2-DEVICE] 52 70 FA → [P2] IDLE
[T+779799921us][CH1-PC ] 53 20 FA → [P3] POLL
[T+779805921us][CH2-DEVICE] 53 70 FA → [P3] IDLE
[T+779940921us][CH1-PC ] 50 20 FA → [P0] POLL
[T+779946600us][CH2-DEVICE] 50 70 FA → [P0] IDLE
[T+780081945us][CH1-PC ] 51 20 FA → [P1] POLL
[T+780086921us][CH2-DEVICE] 51 70 FA → [P1] IDLE
[T+780222952us][CH1-PC ] 52 20 FA → [P2] POLL
[T+780227921us][CH2-DEVICE] 52 70 FA → [P2] IDLE
[T+780362921us][CH1-PC ] 53 20 FA → [P3] POLL
[T+780368600us][CH2-DEVICE] 53 70 FA → [P3] IDLE
[T+780502921us][CH1-PC ] 50 20 FA → [P0] POLL
[T+780508921us][CH2-DEVICE] 50 70 FA → [P0] IDLE
[T+780643921us][CH1-PC ] 51 20 FA → [P1] POLL
[T+780648921us][CH2-DEVICE] 51 70 FA → [P1] IDLE
[T+780784945us][CH1-PC ] 52 20 FA → [P2] POLL
[T+780790921us][CH2-DEVICE] 52 70 FA → [P2] IDLE
[T+780925921us][CH1-PC ] 53 20 FA → [P3] POLL
[T+780931929us][CH2-DEVICE] 53 70 FA → [P3] IDLE
[T+781065921us][CH1-PC ] 50 20 FA → [P0] POLL
[T+781070921us][CH2-DEVICE] 50 70 FA → [P0] IDLE
[T+781206945us][CH1-PC ] 51 20 FA → [P1] POLL
[T+781211921us][CH2-DEVICE] 51 70 FA → [P1] IDLE
[T+781347946us][CH1-PC ] 52 20 FA → [P2] POLL
[T+781353921us][CH2-DEVICE] 52 70 FA → [P2] IDLE
[T+781487921us][CH1-PC ] 53 20 FA → [P3] POLL
[T+781492921us][CH2-DEVICE] 53 70 FA → [P3] IDLE
[T+781627921us][CH1-PC ] 50 20 FA → [P0] POLL
[T+781632921us][CH2-DEVICE] 50 70 FA → [P0] IDLE
[T+781768946us][CH1-PC ] 51 20 FA → [P1] POLL
[T+781774559us][CH2-DEVICE] 51 70 FA → [P1] IDLE
[T+781909945us][CH1-PC ] 52 20 FA → [P2] POLL
[T+781914921us][CH2-DEVICE] 52 70 FA → [P2] IDLE
[T+782049921us][CH1-PC ] 53 20 FA → [P3] POLL
[T+782055921us][CH2-DEVICE] 53 70 FA → [P3] IDLE
[T+782190921us][CH1-PC ] 50 20 FA → [P0] POLL
[T+782195921us][CH2-DEVICE] 50 70 FA → [P0] IDLE
[T+782331945us][CH1-PC ] 51 20 FA → [P1] POLL
[T+782336921us][CH2-DEVICE] 51 70 FA → [P1] IDLE
[T+782472945us][CH1-PC ] 52 20 FA → [P2] POLL
[T+782477921us][CH2-DEVICE] 52 70 FA → [P2] IDLE
[T+782612921us][CH1-PC ] 53 20 FA → [P3] POLL
[T+782617921us][CH2-DEVICE] 53 70 FA → [P3] IDLE
[T+782752921us][CH1-PC ] 50 20 FA → [P0] POLL
[T+782758921us][CH2-DEVICE] 50 70 FA → [P0] IDLE
[T+782893921us][CH1-PC ] 51 20 FA → [P1] POLL
[T+782898921us][CH2-DEVICE] 51 70 FA → [P1] IDLE
[T+783034945us][CH1-PC ] 52 20 FA → [P2] POLL
[T+783039921us][CH2-DEVICE] 52 70 FA → [P2] IDLE
[T+783174921us][CH1-PC ] 53 20 FA → [P3] POLL
[T+783180921us][CH2-DEVICE] 53 70 FA → [P3] IDLE
[T+783315921us][CH1-PC ] 50 20 FA → [P0] POLL
[T+783320921us][CH2-DEVICE] 50 70 FA → [P0] IDLE
[T+783455921us][CH1-PC ] 51 20 FA → [P1] POLL
[T+783461595us][CH2-DEVICE] 51 70 FA → [P1] IDLE
[T+783597921us][CH1-PC ] 52 20 FA → [P2] POLL
[T+783603599us][CH2-DEVICE] 52 70 FA → [P2] IDLE
[T+783737921us][CH1-PC ] 53 20 FA → [P3] POLL
[T+783741949us][CH2-DEVICE] 53 70 FA → [P3] IDLE
[T+783878921us][CH1-PC ] 50 20 FA → [P0] POLL
[T+783883921us][CH2-DEVICE] 50 70 FA → [P0] IDLE
[T+784018921us][CH1-PC ] 51 20 FA → [P1] POLL
[T+784024601us][CH2-DEVICE] 51 70 FA → [P1] IDLE
[T+784159945us][CH1-PC ] 52 20 FA → [P2] POLL
[T+784166598us][CH2-DEVICE] 52 70 FA → [P2] IDLE
[T+784299921us][CH1-PC ] 53 20 FA → [P3] POLL
[T+784306921us][CH2-DEVICE] 53 70 FA → [P3] IDLE
[T+784440921us][CH1-PC ] 50 20 FA → [P0] POLL
[T+784445921us][CH2-DEVICE] 50 70 FA → [P0] IDLE
[T+784581945us][CH1-PC ] 51 20 FA → [P1] POLL
[T+784586921us][CH2-DEVICE] 51 70 FA → [P1] IDLE
[T+784722949us][CH1-PC ] 52 20 FA → [P2] POLL
[T+784726951us][CH2-DEVICE] 52 70 FA → [P2] IDLE
[T+784862945us][CH1-PC ] 53 20 FA → [P3] POLL
[T+784868597us][CH2-DEVICE] 53 70 FA → [P3] IDLE
[T+785002921us][CH1-PC ] 50 20 FA → [P0] POLL
[T+785007921us][CH2-DEVICE] 50 70 FA → [P0] IDLE
[T+785143945us][CH1-PC ] 51 20 FA → [P1] POLL
[T+785147950us][CH2-DEVICE] 51 70 FA → [P1] IDLE
[T+785284921us][CH1-PC ] 52 20 FA → [P2] POLL
[T+785290602us][CH2-DEVICE] 52 70 FA → [P2] IDLE
[T+785424921us][CH1-PC ] 53 20 FA → [P3] POLL
[T+785429921us][CH2-DEVICE] 53 70 FA → [P3] IDLE
[T+785565949us][CH1-PC ] 50 20 FA → [P0] POLL
[T+785570921us][CH2-DEVICE] 50 70 FA → [P0] IDLE
[T+785705921us][CH1-PC ] 51 20 FA → [P1] POLL
[T+785711934us][CH2-DEVICE] 51 70 FA → [P1] IDLE
[T+785847946us][CH1-PC ] 52 20 FA → [P2] POLL
[T+785853930us][CH2-DEVICE] 52 70 FA → [P2] IDLE
[T+785987921us][CH1-PC ] 53 20 FA → [P3] POLL
[T+785992921us][CH2-DEVICE] 53 70 FA → [P3] IDLE
[T+786127921us][CH1-PC ] 50 20 FA → [P0] POLL
[T+786133921us][CH2-DEVICE] 50 70 FA → [P0] IDLE
[T+786268921us][CH1-PC ] 51 20 FA → [P1] POLL
[T+786274567us][CH2-DEVICE] 51 70 FA → [P1] IDLE
[T+786409945us][CH1-PC ] 52 20 FA → [P2] POLL
[T+786414921us][CH2-DEVICE] 52 70 FA → [P2] IDLE
[T+786549921us][CH1-PC ] 53 20 FA → [P3] POLL
[T+786554921us][CH2-DEVICE] 53 70 FA → [P3] IDLE
[T+786690945us][CH1-PC ] 50 20 FA → [P0] POLL
[T+786696460us][CH2-DEVICE] 50 70 FA → [P0] IDLE
[T+786830920us][CH1-PC ] 51 20 FA → [P1] POLL
[T+786836921us][CH2-DEVICE] 51 70 FA → [P1] IDLE
[T+786972949us][CH1-PC ] 52 20 FA → [P2] POLL
[T+786977921us][CH2-DEVICE] 52 70 FA → [P2] IDLE
[T+787112921us][CH1-PC ] 53 20 FA → [P3] POLL
[T+787116950us][CH2-DEVICE] 53 70 FA → [P3] IDLE
[T+787252945us][CH1-PC ] 50 20 FA → [P0] POLL
[T+787257921us][CH2-DEVICE] 50 70 FA → [P0] IDLE
[T+787393921us][CH1-PC ] 51 20 FA → [P1] POLL
[T+787397949us][CH2-DEVICE] 51 70 FA → [P1] IDLE
[T+787534921us][CH1-PC ] 52 20 FA → [P2] POLL
[T+787540601us][CH2-DEVICE] 52 70 FA → [P2] IDLE
[T+787674921us][CH1-PC ] 53 20 FA → [P3] POLL
[T+787679921us][CH2-DEVICE] 53 70 FA → [P3] IDLE
[T+787815947us][CH1-PC ] 50 20 FA → [P0] POLL
[T+787820921us][CH2-DEVICE] 50 70 FA → [P0] IDLE
[T+787955921us][CH1-PC ] 51 20 FA → [P1] POLL
[T+787961589us][CH2-DEVICE] 51 70 FA → [P1] IDLE
[T+788097921us][CH1-PC ] 52 20 FA → [P2] POLL
[T+788101950us][CH2-DEVICE] 52 70 FA → [P2] IDLE
[T+788237945us][CH1-PC ] 53 20 FA → [P3] POLL
[T+788242921us][CH2-DEVICE] 53 70 FA → [P3] IDLE
[T+788377921us][CH1-PC ] 50 20 FA → [P0] POLL
[T+788383921us][CH2-DEVICE] 50 70 FA → [P0] IDLE
[T+788518921us][CH1-PC ] 51 20 FA → [P1] POLL
[T+788524602us][CH2-DEVICE] 51 70 FA → [P1] IDLE
[T+788659921us][CH1-PC ] 52 20 FA → [P2] POLL
[T+788664921us][CH2-DEVICE] 52 70 FA → [P2] IDLE
[T+788799921us][CH1-PC ] 53 20 FA → [P3] POLL
[T+788804921us][CH2-DEVICE] 53 70 FA → [P3] IDLE
[T+788940945us][CH1-PC ] 50 20 FA → [P0] POLL
[T+788944958us][CH2-DEVICE] 50 70 FA → [P0] IDLE
[T+789080946us][CH1-PC ] 51 20 FA → [P1] POLL
[T+789087597us][CH2-DEVICE] 51 70 FA → [P1] IDLE
[T+789222924us][CH1-PC ] 52 20 FA → [P2] POLL
[T+789227921us][CH2-DEVICE] 52 70 FA → [P2] IDLE
[T+789362921us][CH1-PC ] 53 20 FA → [P3] POLL
[T+789366949us][CH2-DEVICE] 53 70 FA → [P3] IDLE
[T+789502945us][CH1-PC ] 50 20 FA → [P0] POLL
[T+789507921us][CH2-DEVICE] 50 70 FA → [P0] IDLE
[T+789643945us][CH1-PC ] 51 20 FA → [P1] POLL
[T+789647949us][CH2-DEVICE] 51 70 FA → [P1] IDLE
[T+789784921us][CH1-PC ] 52 20 FA → [P2] POLL
[T+789789921us][CH2-DEVICE] 52 70 FA → [P2] IDLE
[T+789924921us][CH1-PC ] 53 20 FA → [P3] POLL
[T+789929921us][CH2-DEVICE] 53 70 FA → [P3] IDLE
[T+790065945us][CH1-PC ] 50 20 FA → [P0] POLL
[T+790070921us][CH2-DEVICE] 50 70 FA → [P0] IDLE
[T+790205921us][CH1-PC ] 51 20 FA → [P1] POLL
[T+790211921us][CH2-DEVICE] 51 70 FA → [P1] IDLE
[T+790346928us][CH1-PC ] 52 20 FA → [P2] POLL
[T+790352929us][CH2-DEVICE] 52 70 FA → [P2] IDLE
[T+790486921us][CH1-PC ] 53 20 FA → [P3] POLL
[T+790492921us][CH2-DEVICE] 53 70 FA → [P3] IDLE
[T+790627921us][CH1-PC ] 50 20 FA → [P0] POLL
[T+790632921us][CH2-DEVICE] 50 70 FA → [P0] IDLE
[T+790768945us][CH1-PC ] 51 20 FA → [P1] POLL
[T+790772949us][CH2-DEVICE] 51 70 FA → [P1] IDLE
[T+790909921us][CH1-PC ] 52 20 FA → [P2] POLL
[T+790915971us][CH2-DEVICE] 52 70 FA → [P2] IDLE
[T+791049921us][CH1-PC ] 53 20 FA → [P3] POLL
[T+791054921us][CH2-DEVICE] 53 70 FA → [P3] IDLE
[T+791190921us][CH1-PC ] 50 20 FA → [P0] POLL
[T+791195921us][CH2-DEVICE] 50 70 FA → [P0] IDLE
[T+791330921us][CH1-PC ] 51 20 FA → [P1] POLL
[T+791336597us][CH2-DEVICE] 51 70 FA → [P1] IDLE
[T+791472001us][CH1-PC ] 52 20 FA → [P2] POLL
[T+791478580us][CH2-DEVICE] 52 70 FA → [P2] IDLE
[T+791611921us][CH1-PC ] 53 20 FA → [P3] POLL
[T+791617921us][CH2-DEVICE] 53 70 FA → [P3] IDLE
[T+791752921us][CH1-PC ] 50 20 FA → [P0] POLL
[T+791757921us][CH2-DEVICE] 50 70 FA → [P0] IDLE
[T+791893945us][CH1-PC ] 51 20 FA → [P1] POLL
[T+791898921us][CH2-DEVICE] 51 70 FA → [P1] IDLE
[T+792034945us][CH1-PC ] 52 20 FA → [P2] POLL
[T+792039921us][CH2-DEVICE] 52 70 FA → [P2] IDLE
[T+792174921us][CH1-PC ] 53 20 FA → [P3] POLL
[T+792179921us][CH2-DEVICE] 53 70 FA → [P3] IDLE
[T+792314921us][CH1-PC ] 50 20 FA → [P0] POLL
[T+792319921us][CH2-DEVICE] 50 70 FA → [P0] IDLE
[T+792455946us][CH1-PC ] 51 20 FA → [P1] POLL
[T+792460921us][CH2-DEVICE] 51 70 FA → [P1] IDLE
[T+792596945us][CH1-PC ] 52 20 FA → [P2] POLL
[T+792601921us][CH2-DEVICE] 52 70 FA → [P2] IDLE
[T+792736921us][CH1-PC ] 53 20 FA → [P3] POLL
[T+792743599us][CH2-DEVICE] 53 70 FA → [P3] IDLE
[T+792877921us][CH1-PC ] 50 20 FA → [P0] POLL
[T+792883921us][CH2-DEVICE] 50 70 FA → [P0] IDLE
[T+793017921us][CH1-PC ] 51 20 FA → [P1] POLL
[T+793023921us][CH2-DEVICE] 51 70 FA → [P1] IDLE
[T+793159945us][CH1-PC ] 52 20 FA → [P2] POLL
[T+793164921us][CH2-DEVICE] 52 70 FA → [P2] IDLE
[T+793299921us][CH1-PC ] 53 20 FA → [P3] POLL
[T+793304921us][CH2-DEVICE] 53 70 FA → [P3] IDLE
[T+793439921us][CH1-PC ] 50 20 FA → [P0] POLL
[T+793444921us][CH2-DEVICE] 50 70 FA → [P0] IDLE
[T+793580945us][CH1-PC ] 51 20 FA → [P1] POLL
[T+793585921us][CH2-DEVICE] 51 70 FA → [P1] IDLE
[T+793722921us][CH1-PC ] 52 20 FA → [P2] POLL
[T+793726949us][CH2-DEVICE] 52 70 FA → [P2] IDLE
[T+793861921us][CH1-PC ] 53 20 FA → [P3] POLL
[T+793867921us][CH2-DEVICE] 53 70 FA → [P3] IDLE
[T+794002921us][CH1-PC ] 50 20 FA → [P0] POLL
[T+794008583us][CH2-DEVICE] 50 70 FA → [P0] IDLE
[T+794143922us][CH1-PC ] 51 20 FA → [P1] POLL
[T+794148921us][CH2-DEVICE] 51 70 FA → [P1] IDLE
[T+794284945us][CH1-PC ] 52 20 FA → [P2] POLL
[T+794289921us][CH2-DEVICE] 52 70 FA → [P2] IDLE
[T+794424921us][CH1-PC ] 53 20 FA → [P3] POLL
[T+794428950us][CH2-DEVICE] 53 70 FA → [P3] IDLE
[T+794565921us][CH1-PC ] 50 20 FA → [P0] POLL
[T+794570921us][CH2-DEVICE] 50 70 FA → [P0] IDLE
[T+794705921us][CH1-PC ] 51 20 FA → [P1] POLL
[T+794710921us][CH2-DEVICE] 51 70 FA → [P1] IDLE
[T+794846945us][CH1-PC ] 52 20 FA → [P2] POLL
[T+794852921us][CH2-DEVICE] 52 70 FA → [P2] IDLE
[T+794986921us][CH1-PC ] 53 20 FA → [P3] POLL
[T+794993598us][CH2-DEVICE] 53 70 FA → [P3] IDLE
[T+795127921us][CH1-PC ] 50 20 FA → [P0] POLL
[T+795133921us][CH2-DEVICE] 50 70 FA → [P0] IDLE
[T+795267921us][CH1-PC ] 51 20 FA → [P1] POLL
[T+795272921us][CH2-DEVICE] 51 70 FA → [P1] IDLE
[T+795409921us][CH1-PC ] 52 20 FA → [P2] POLL
[T+795415593us][CH2-DEVICE] 52 70 FA → [P2] IDLE
[T+795549921us][CH1-PC ] 53 20 FA → [P3] POLL
[T+795554921us][CH2-DEVICE] 53 70 FA → [P3] IDLE
[T+795689921us][CH1-PC ] 50 20 FA → [P0] POLL
[T+795695921us][CH2-DEVICE] 50 70 FA → [P0] IDLE
[T+795830921us][CH1-PC ] 51 20 FA → [P1] POLL
[T+795836600us][CH2-DEVICE] 51 70 FA → [P1] IDLE
[T+795972023us][CH1-PC ] 52 20 FA → [P2] POLL
[T+795976921us][CH2-DEVICE] 52 70 FA → [P2] IDLE
[T+796112007us][CH1-PC ] 53 20 FA → [P3] POLL
[T+796131946us][CH2-DEVICE] 53 31 03 04 01 05 00 12 05 E9 03 FA → [P3] SEQ=31 [03 04 01 05 00 12]
[T+796201921us][CH1-PC ] 53 30 01 01 04 01 01 05 D8 58 03 FA → [P3] DISP st=04(BUSY) [01 01 04 01 01 05]
[T+796206921us][CH2-DEVICE] 53 C0 FA → [P3] ACK
[T+796268921us][CH1-PC ] 53 C0 FA → [P3] ACK
[T+796408921us][CH1-PC ] 50 20 FA → [P0] POLL
[T+796413921us][CH2-DEVICE] 50 70 FA → [P0] IDLE
[T+796549921us][CH1-PC ] 51 20 FA → [P1] POLL
[T+796554921us][CH2-DEVICE] 51 70 FA → [P1] IDLE
[T+796690945us][CH1-PC ] 52 20 FA → [P2] POLL
[T+796695921us][CH2-DEVICE] 52 70 FA → [P2] IDLE
[T+796830922us][CH1-PC ] 53 20 FA → [P3] POLL
[T+796871921us][CH2-DEVICE] 53 32 02 08 00 00 00 00 00 00 00 00 03 04 01 05 00 12 01 01 01 39 D4 03 FA → [P3] SEQ=32 FILL vol=0.00L price=0.00
[T+796910921us][CH1-PC ] 53 C0 FA → [P3] ACK
[T+797026921us][CH1-PC ] 53 30 01 01 05 02 04 01 02 03 04 05 0C 01 43 00 01 05 00 01 24 00 01 43 30 03 04 00 00 10 00 01 01 06 AC 85 03 FA → [P3] DISP st=05(IDLE) [01 01 05 02 04 01 02 03 04 05 0C 01...]
[T+797033930us][CH2-DEVICE] 53 C0 FA → [P3] ACK
[T+797158921us][CH1-PC ] 50 20 FA → [P0] POLL
[T+797163921us][CH2-DEVICE] 50 70 FA → [P0] IDLE
[T+797299945us][CH1-PC ] 51 20 FA → [P1] POLL
[T+797303949us][CH2-DEVICE] 51 70 FA → [P1] IDLE
[T+797440921us][CH1-PC ] 52 20 FA → [P2] POLL
[T+797446596us][CH2-DEVICE] 52 70 FA → [P2] IDLE
[T+797580921us][CH1-PC ] 53 20 FA → [P3] POLL
[T+797585921us][CH2-DEVICE] 53 70 FA → [P3] IDLE
[T+797698921us][CH1-PC ] 53 30 01 01 05 02 04 01 02 03 04 05 0C 01 43 00 01 05 00 01 24 00 01 43 30 03 04 00 00 10 00 01 01 06 AC 85 03 FA → [P3] DISP st=05(IDLE) [01 01 05 02 04 01 02 03 04 05 0C 01...]
[T+797705921us][CH2-DEVICE] 53 C0 FA → [P3] ACK
[T+797830921us][CH1-PC ] 50 20 FA → [P0] POLL
[T+797835921us][CH2-DEVICE] 50 70 FA → [P0] IDLE
[T+797970921us][CH1-PC ] 51 20 FA → [P1] POLL
[T+797976591us][CH2-DEVICE] 51 70 FA → [P1] IDLE
[T+798112921us][CH1-PC ] 52 20 FA → [P2] POLL
[T+798118607us][CH2-DEVICE] 52 70 FA → [P2] IDLE
[T+798252921us][CH1-PC ] 53 20 FA → [P3] POLL
[T+798267921us][CH2-DEVICE] 53 33 01 01 02 5A D9 03 FA → [P3] SEQ=33 [01 01 02]
[T+798331946us][CH1-PC ] 53 C0 FA → [P3] ACK
[T+798470921us][CH1-PC ] 50 20 FA → [P0] POLL
[T+798476921us][CH2-DEVICE] 50 70 FA → [P0] IDLE
[T+798611921us][CH1-PC ] 51 20 FA → [P1] POLL
[T+798616921us][CH2-DEVICE] 51 70 FA → [P1] IDLE
[T+798752945us][CH1-PC ] 52 20 FA → [P2] POLL
[T+798757921us][CH2-DEVICE] 52 70 FA → [P2] IDLE
[T+798893946us][CH1-PC ] 53 20 FA → [P3] POLL
[T+798900929us][CH2-DEVICE] 53 70 FA → [P3] IDLE
[T+798978921us][CH1-PC ] 53 30 01 01 04 DA 9F 03 FA → [P3] DISP st=04(BUSY) [01 01 04]
[T+798983921us][CH2-DEVICE] 53 C0 FA → [P3] ACK
[T+799189921us][CH1-PC ] 50 20 FA → [P0] POLL
[T+799194921us][CH2-DEVICE] 50 70 FA → [P0] IDLE
[T+799330945us][CH1-PC ] 51 20 FA → [P1] POLL
[T+799336611us][CH2-DEVICE] 51 70 FA → [P1] IDLE
[T+799472038us][CH1-PC ] 52 20 FA → [P2] POLL
[T+799478609us][CH2-DEVICE] 52 70 FA → [P2] IDLE
[T+799614164us][CH1-PC ] 53 20 FA → [P3] POLL
[T+799650921us][CH2-DEVICE] 53 34 02 08 00 00 00 00 00 00 00 00 03 04 01 05 00 12 5E FF 03 FA → [P3] SEQ=34 FILL vol=0.00L price=0.00
[T+799692921us][CH1-PC ] 53 C0 FA → [P3] ACK
[T+799830921us][CH1-PC ] 50 20 FA → [P0] POLL
[T+799835921us][CH2-DEVICE] 50 70 FA → [P0] IDLE
[T+799970921us][CH1-PC ] 51 20 FA → [P1] POLL
[T+799975921us][CH2-DEVICE] 51 70 FA → [P1] IDLE
[T+800112921us][CH1-PC ] 52 20 FA → [P2] POLL
[T+800117921us][CH2-DEVICE] 52 70 FA → [P2] IDLE
[T+800252921us][CH1-PC ] 53 20 FA → [P3] POLL
[T+800257921us][CH2-DEVICE] 53 70 FA → [P3] IDLE
[T+800337921us][CH1-PC ] 53 30 01 01 04 DA 9F 03 FA → [P3] DISP st=04(BUSY) [01 01 04]
[T+800344930us][CH2-DEVICE] 53 C0 FA → [P3] ACK
[T+800548946us][CH1-PC ] 50 20 FA → [P0] POLL
[T+800554498us][CH2-DEVICE] 50 70 FA → [P0] IDLE
[T+800689921us][CH1-PC ] 51 20 FA → [P1] POLL
[T+800694921us][CH2-DEVICE] 51 70 FA → [P1] IDLE
[T+800830921us][CH1-PC ] 52 20 FA → [P2] POLL
[T+800836921us][CH2-DEVICE] 52 70 FA → [P2] IDLE
[T+800970921us][CH1-PC ] 53 20 FA → [P3] POLL
[T+801009921us][CH2-DEVICE] 53 35 02 08 00 00 00 00 00 00 00 00 03 04 01 05 00 12 0F 6F 03 FA → [P3] SEQ=35 FILL vol=0.00L price=0.00
[T+801051921us][CH1-PC ] 53 C0 FA → [P3] ACK
[T+801189945us][CH1-PC ] 50 20 FA → [P0] POLL
[T+801195598us][CH2-DEVICE] 50 70 FA → [P0] IDLE
[T+801330946us][CH1-PC ] 51 20 FA → [P1] POLL
[T+801334974us][CH2-DEVICE] 51 70 FA → [P1] IDLE
[T+801471921us][CH1-PC ] 52 20 FA → [P2] POLL
[T+801479583us][CH2-DEVICE] 52 70 FA → [P2] IDLE
[T+801611921us][CH1-PC ] 53 20 FA → [P3] POLL
[T+801616921us][CH2-DEVICE] 53 70 FA → [P3] IDLE
[T+801696945us][CH1-PC ] 53 30 01 01 04 DA 9F 03 FA → [P3] DISP st=04(BUSY) [01 01 04]
[T+801704707us][CH2-DEVICE] 53 C0 FA → [P3] ACK
[T+801908921us][CH1-PC ] 50 20 FA → [P0] POLL
[T+801913921us][CH2-DEVICE] 50 70 FA → [P0] IDLE
[T+802048921us][CH1-PC ] 51 20 FA → [P1] POLL
[T+802053922us][CH2-DEVICE] 51 70 FA → [P1] IDLE
[T+802190969us][CH1-PC ] 52 20 FA → [P2] POLL
[T+802196928us][CH2-DEVICE] 52 70 FA → [P2] IDLE
[T+802330921us][CH1-PC ] 53 20 FA → [P3] POLL
[T+802368921us][CH2-DEVICE] 53 36 02 08 00 00 00 00 00 00 00 00 03 04 01 05 00 12 FF 9F 03 FA → [P3] SEQ=36 FILL vol=0.00L price=0.00
[T+802411921us][CH1-PC ] 53 C0 FA → [P3] ACK
[T+802549960us][CH1-PC ] 50 20 FA → [P0] POLL
[T+802554921us][CH2-DEVICE] 50 70 FA → [P0] IDLE
[T+802689945us][CH1-PC ] 51 20 FA → [P1] POLL
[T+802694921us][CH2-DEVICE] 51 70 FA → [P1] IDLE
[T+802830921us][CH1-PC ] 52 20 FA → [P2] POLL
[T+802835921us][CH2-DEVICE] 52 70 FA → [P2] IDLE
[T+802970921us][CH1-PC ] 53 20 FA → [P3] POLL
[T+802978749us][CH2-DEVICE] 53 70 FA → [P3] IDLE
[T+803055921us][CH1-PC ] 53 30 01 01 04 DA 9F 03 FA → [P3] DISP st=04(BUSY) [01 01 04]
[T+803061921us][CH2-DEVICE] 53 C0 FA → [P3] ACK
[T+803267921us][CH1-PC ] 50 20 FA → [P0] POLL
[T+803273418us][CH2-DEVICE] 50 70 FA → [P0] IDLE
[T+803408945us][CH1-PC ] 51 20 FA → [P1] POLL
[T+803412951us][CH2-DEVICE] 51 70 FA → [P1] IDLE
[T+803549921us][CH1-PC ] 52 20 FA → [P2] POLL
[T+803555921us][CH2-DEVICE] 52 70 FA → [P2] IDLE
[T+803689921us][CH1-PC ] 53 20 FA → [P3] POLL
[T+803727921us][CH2-DEVICE] 53 37 02 08 00 00 00 06 00 00 06 30 03 04 01 05 00 12 00 AE 03 FA → [P3] SEQ=37 FILL vol=0.06L price=6.30
[T+803770921us][CH1-PC ] 53 C0 FA → [P3] ACK
[T+803908921us][CH1-PC ] 50 20 FA → [P0] POLL
[T+803913923us][CH2-DEVICE] 50 70 FA → [P0] IDLE
[T+804048921us][CH1-PC ] 51 20 FA → [P1] POLL
[T+804054929us][CH2-DEVICE] 51 70 FA → [P1] IDLE
[T+804190947us][CH1-PC ] 52 20 FA → [P2] POLL
[T+804196930us][CH2-DEVICE] 52 70 FA → [P2] IDLE
[T+804330921us][CH1-PC ] 53 20 FA → [P3] POLL
[T+804358945us][CH2-DEVICE] 53 38 02 08 00 00 00 07 00 00 07 35 A0 49 03 FA → [P3] SEQ=38 FILL vol=0.07L price=7.35
[T+804410946us][CH1-PC ] 53 C0 FA → [P3] ACK
[T+804548921us][CH1-PC ] 50 20 FA → [P0] POLL
[T+804553921us][CH2-DEVICE] 50 70 FA → [P0] IDLE
[T+804689946us][CH1-PC ] 51 20 FA → [P1] POLL
[T+804694921us][CH2-DEVICE] 51 70 FA → [P1] IDLE
[T+804830946us][CH1-PC ] 52 20 FA → [P2] POLL
[T+804836921us][CH2-DEVICE] 52 70 FA → [P2] IDLE
[T+804971921us][CH1-PC ] 53 20 FA → [P3] POLL
[T+804998921us][CH2-DEVICE] 53 39 02 08 00 00 00 08 00 00 08 40 34 A3 03 FA → [P3] SEQ=39 FILL vol=0.08L price=8.40
[T+805050953us][CH1-PC ] 53 C0 FA → [P3] ACK
[T+805189921us][CH1-PC ] 50 20 FA → [P0] POLL
[T+805195561us][CH2-DEVICE] 50 70 FA → [P0] IDLE
[T+805329921us][CH1-PC ] 51 20 FA → [P1] POLL
[T+805335921us][CH2-DEVICE] 51 70 FA → [P1] IDLE
[T+805471946us][CH1-PC ] 52 20 FA → [P2] POLL
[T+805476921us][CH2-DEVICE] 52 70 FA → [P2] IDLE
[T+805611921us][CH1-PC ] 53 20 FA → [P3] POLL
[T+805643945us][CH2-DEVICE] 53 3A 01 01 04 02 08 00 00 00 09 00 00 09 45 1E DD 03 FA → [P3] SEQ=3A FILL vol=0.09L price=9.45
[T+805691945us][CH1-PC ] 53 C0 FA → [P3] ACK
[T+805829921us][CH1-PC ] 50 20 FA → [P0] POLL
[T+805835929us][CH2-DEVICE] 50 70 FA → [P0] IDLE
[T+805970921us][CH1-PC ] 51 20 FA → [P1] POLL
[T+805975921us][CH2-DEVICE] 51 70 FA → [P1] IDLE
[T+806111945us][CH1-PC ] 52 20 FA → [P2] POLL
[T+806116921us][CH2-DEVICE] 52 70 FA → [P2] IDLE
[T+806252954us][CH1-PC ] 53 20 FA → [P3] POLL
[T+806279921us][CH2-DEVICE] 53 3B 02 08 00 00 00 16 00 00 16 80 9E E9 03 FA → [P3] SEQ=3B FILL vol=0.16L price=16.80
[T+806331947us][CH1-PC ] 53 C0 FA → [P3] ACK
[T+806470921us][CH1-PC ] 50 20 FA → [P0] POLL
[T+806475921us][CH2-DEVICE] 50 70 FA → [P0] IDLE
[T+806611945us][CH1-PC ] 51 20 FA → [P1] POLL
[T+806616921us][CH2-DEVICE] 51 70 FA → [P1] IDLE
[T+806752921us][CH1-PC ] 52 20 FA → [P2] POLL
[T+806758929us][CH2-DEVICE] 52 70 FA → [P2] IDLE
[T+806899921us][CH1-PC ] 53 20 FA → [P3] POLL
[T+806919945us][CH2-DEVICE] 53 3C 02 08 00 00 00 39 00 00 40 95 AF 34 03 FA → [P3] SEQ=3C FILL vol=0.39L price=40.95
[T+806973001us][CH1-PC ] 53 C0 FA → [P3] ACK
[T+807111945us][CH1-PC ] 50 20 FA → [P0] POLL
[T+807115949us][CH2-DEVICE] 50 70 FA → [P0] IDLE
[T+807251946us][CH1-PC ] 51 20 FA → [P1] POLL
[T+807257921us][CH2-DEVICE] 51 70 FA → [P1] IDLE
[T+807393945us][CH1-PC ] 52 20 FA → [P2] POLL
[T+807399921us][CH2-DEVICE] 52 70 FA → [P2] IDLE
[T+807533921us][CH1-PC ] 53 20 FA → [P3] POLL
[T+807560921us][CH2-DEVICE] 53 3D 02 08 00 00 00 66 00 00 69 30 E0 2E 03 FA → [P3] SEQ=3D FILL vol=0.66L price=69.30
[T+807613921us][CH1-PC ] 53 C0 FA → [P3] ACK
[T+807751921us][CH1-PC ] 50 20 FA → [P0] POLL
[T+807756921us][CH2-DEVICE] 50 70 FA → [P0] IDLE
[T+807892949us][CH1-PC ] 51 20 FA → [P1] POLL
[T+807897921us][CH2-DEVICE] 51 70 FA → [P1] IDLE
[T+808033945us][CH1-PC ] 52 20 FA → [P2] POLL
[T+808038921us][CH2-DEVICE] 52 70 FA → [P2] IDLE
[T+808174946us][CH1-PC ] 53 20 FA → [P3] POLL
[T+808201921us][CH2-DEVICE] 53 3E 02 08 00 00 00 94 00 00 98 70 92 DF 03 FA → [P3] SEQ=3E FILL vol=0.94L price=98.70
[T+808253947us][CH1-PC ] 53 C0 FA → [P3] ACK
[T+808392921us][CH1-PC ] 50 20 FA → [P0] POLL
[T+808398569us][CH2-DEVICE] 50 70 FA → [P0] IDLE
[T+808532921us][CH1-PC ] 51 20 FA → [P1] POLL
[T+808537921us][CH2-DEVICE] 51 70 FA → [P1] IDLE
[T+808674921us][CH1-PC ] 52 20 FA → [P2] POLL
[T+808682557us][CH2-DEVICE] 52 70 FA → [P2] IDLE
[T+808814921us][CH1-PC ] 53 20 FA → [P3] POLL
[T+808841921us][CH2-DEVICE] 53 3F 02 08 00 00 01 27 00 01 33 35 7D 2B 03 FA → [P3] SEQ=3F FILL vol=1.27L price=133.35
[T+808894921us][CH1-PC ] 53 C0 FA → [P3] ACK
[T+809032921us][CH1-PC ] 50 20 FA → [P0] POLL
[T+809037921us][CH2-DEVICE] 50 70 FA → [P0] IDLE
[T+809173945us][CH1-PC ] 51 20 FA → [P1] POLL
[T+809179929us][CH2-DEVICE] 51 70 FA → [P1] IDLE
[T+809314921us][CH1-PC ] 52 20 FA → [P2] POLL
[T+809321930us][CH2-DEVICE] 52 70 FA → [P2] IDLE
[T+809455921us][CH1-PC ] 53 20 FA → [P3] POLL
[T+809482921us][CH2-DEVICE] 53 31 02 08 00 00 01 56 00 01 63 80 C8 7F 03 FA → [P3] SEQ=31 FILL vol=1.56L price=163.80
[T+809535921us][CH1-PC ] 53 C0 FA → [P3] ACK
[T+809673921us][CH1-PC ] 50 20 FA → [P0] POLL
[T+809678921us][CH2-DEVICE] 50 70 FA → [P0] IDLE
[T+809814945us][CH1-PC ] 51 20 FA → [P1] POLL
[T+809819921us][CH2-DEVICE] 51 70 FA → [P1] IDLE
[T+809955945us][CH1-PC ] 52 20 FA → [P2] POLL
[T+809961921us][CH2-DEVICE] 52 70 FA → [P2] IDLE
[T+810096921us][CH1-PC ] 53 20 FA → [P3] POLL
[T+810125921us][CH2-DEVICE] 53 32 02 08 00 00 01 84 00 01 93 20 3B 51 03 FA → [P3] SEQ=32 FILL vol=1.84L price=193.20
[T+810175921us][CH1-PC ] 53 C0 FA → [P3] ACK
[T+810314921us][CH1-PC ] 50 20 FA → [P0] POLL
[T+810320921us][CH2-DEVICE] 50 70 FA → [P0] IDLE
[T+810454921us][CH1-PC ] 51 20 FA → [P1] POLL
[T+810460921us][CH2-DEVICE] 51 70 FA → [P1] IDLE
[T+810596945us][CH1-PC ] 52 20 FA → [P2] POLL
[T+810602924us][CH2-DEVICE] 52 70 FA → [P2] IDLE
[T+810736921us][CH1-PC ] 53 20 FA → [P3] POLL
[T+810764945us][CH2-DEVICE] 53 33 02 08 00 00 02 12 00 02 22 60 F2 23 03 FA → [P3] SEQ=33 FILL vol=2.12L price=222.60
[T+810815928us][CH1-PC ] 53 C0 FA → [P3] ACK
[T+810954921us][CH1-PC ] 50 20 FA → [P0] POLL
[T+810960740us][CH2-DEVICE] 50 70 FA → [P0] IDLE
[T+811095945us][CH1-PC ] 51 20 FA → [P1] POLL
[T+811100921us][CH2-DEVICE] 51 70 FA → [P1] IDLE
[T+811236946us][CH1-PC ] 52 20 FA → [P2] POLL
[T+811242921us][CH2-DEVICE] 52 70 FA → [P2] IDLE
[T+811377921us][CH1-PC ] 53 20 FA → [P3] POLL
[T+811404921us][CH2-DEVICE] 53 34 02 08 00 00 02 41 00 02 53 05 88 20 03 FA → [P3] SEQ=34 FILL vol=2.41L price=253.05
[T+811456945us][CH1-PC ] 53 C0 FA → [P3] ACK
[T+811596754us][CH1-PC ] 50 20 FA → [P0] POLL
[T+811600921us][CH2-DEVICE] 50 70 FA → [P0] IDLE
[T+811735921us][CH1-PC ] 51 20 FA → [P1] POLL
[T+811742930us][CH2-DEVICE] 51 70 FA → [P1] IDLE
[T+811877921us][CH1-PC ] 52 20 FA → [P2] POLL
[T+811883965us][CH2-DEVICE] 52 70 FA → [P2] IDLE
[T+812017921us][CH1-PC ] 53 20 FA → [P3] POLL
[T+812044921us][CH2-DEVICE] 53 35 02 08 00 00 02 74 00 02 87 70 9E 3F 03 FA → [P3] SEQ=35 FILL vol=2.74L price=287.70
[T+812097921us][CH1-PC ] 53 C0 FA → [P3] ACK
[T+812235921us][CH1-PC ] 50 20 FA → [P0] POLL
[T+812240921us][CH2-DEVICE] 50 70 FA → [P0] IDLE
[T+812376946us][CH1-PC ] 51 20 FA → [P1] POLL
[T+812382921us][CH2-DEVICE] 51 70 FA → [P1] IDLE
[T+812517921us][CH1-PC ] 52 20 FA → [P2] POLL
[T+812538921us][CH2-DEVICE] 52 38 03 04 01 05 00 12 5D 25 03 FA → [P2] SEQ=38 [03 04 01 05 00 12]
[T+812606945us][CH1-PC ] 52 30 01 01 04 01 01 05 19 94 03 FA → [P2] DISP st=04(BUSY) [01 01 04 01 01 05]
[T+812613926us][CH2-DEVICE] 52 C0 FA → [P2] ACK
[T+812673946us][CH1-PC ] 52 C0 FA → [P2] ACK
[T+812814921us][CH1-PC ] 53 20 FA → [P3] POLL
[T+812840921us][CH2-DEVICE] 53 36 02 08 00 00 03 07 00 03 22 35 7E 02 03 FA → [P3] SEQ=36 FILL vol=3.07L price=322.35
[T+812894921us][CH1-PC ] 53 C0 FA → [P3] ACK
[T+813032946us][CH1-PC ] 50 20 FA → [P0] POLL
[T+813038921us][CH2-DEVICE] 50 70 FA → [P0] IDLE
[T+813173921us][CH1-PC ] 51 20 FA → [P1] POLL
[T+813178921us][CH2-DEVICE] 51 70 FA → [P1] IDLE
[T+813314945us][CH1-PC ] 52 20 FA → [P2] POLL
[T+813351921us][CH2-DEVICE] 52 39 02 08 00 00 00 00 00 00 00 00 03 04 01 05 00 12 9B 90 03 FA → [P2] SEQ=39 FILL vol=0.00L price=0.00
[T+813394921us][CH1-PC ] 52 C0 FA → [P2] ACK
[T+813533921us][CH1-PC ] 53 20 FA → [P3] POLL
[T+813559921us][CH2-DEVICE] 53 37 02 08 00 00 03 40 00 03 57 00 28 76 03 FA → [P3] SEQ=37 FILL vol=3.40L price=357.00
[T+813613921us][CH1-PC ] 53 C0 FA → [P3] ACK
[T+813751945us][CH1-PC ] 50 20 FA → [P0] POLL
[T+813757441us][CH2-DEVICE] 50 70 FA → [P0] IDLE
[T+813892949us][CH1-PC ] 51 20 FA → [P1] POLL
[T+813897921us][CH2-DEVICE] 51 70 FA → [P1] IDLE
[T+814033950us][CH1-PC ] 52 20 FA → [P2] POLL
[T+814041442us][CH2-DEVICE] 52 70 FA → [P2] IDLE
[T+814173921us][CH1-PC ] 53 20 FA → [P3] POLL
[T+814201945us][CH2-DEVICE] 53 38 02 08 00 00 03 68 00 03 86 40 25 C4 03 FA → [P3] SEQ=38 FILL vol=3.68L price=386.40
[T+814253945us][CH1-PC ] 53 C0 FA → [P3] ACK
[T+814392921us][CH1-PC ] 50 20 FA → [P0] POLL
[T+814397921us][CH2-DEVICE] 50 70 FA → [P0] IDLE
[T+814532921us][CH1-PC ] 51 20 FA → [P1] POLL
[T+814538930us][CH2-DEVICE] 51 70 FA → [P1] IDLE
[T+814674921us][CH1-PC ] 52 20 FA → [P2] POLL
[T+814680950us][CH2-DEVICE] 52 70 FA → [P2] IDLE
[T+814814921us][CH1-PC ] 53 20 FA → [P3] POLL
[T+814841921us][CH2-DEVICE] 53 39 02 08 00 00 04 01 00 04 21 05 76 84 03 FA → [P3] SEQ=39 FILL vol=4.01L price=421.05
[T+814894921us][CH1-PC ] 53 C0 FA → [P3] ACK
[T+815032921us][CH1-PC ] 50 20 FA → [P0] POLL
[T+815037921us][CH2-DEVICE] 50 70 FA → [P0] IDLE
[T+815173959us][CH1-PC ] 51 20 FA → [P1] POLL
[T+815177949us][CH2-DEVICE] 51 70 FA → [P1] IDLE
[T+815314921us][CH1-PC ] 52 20 FA → [P2] POLL
[T+815320921us][CH2-DEVICE] 52 70 FA → [P2] IDLE
[T+815455921us][CH1-PC ] 53 20 FA → [P3] POLL
[T+815481921us][CH2-DEVICE] 53 3A 02 08 00 00 04 29 00 04 50 45 3C 66 03 FA → [P3] SEQ=3A FILL vol=4.29L price=450.45
[T+815534921us][CH1-PC ] 53 C0 FA → [P3] ACK
[T+815673949us][CH1-PC ] 50 20 FA → [P0] POLL
[T+815679620us][CH2-DEVICE] 50 70 FA → [P0] IDLE
[T+815813921us][CH1-PC ] 51 20 FA → [P1] POLL
[T+815818921us][CH2-DEVICE] 51 70 FA → [P1] IDLE
[T+815955921us][CH1-PC ] 52 20 FA → [P2] POLL
[T+815964740us][CH2-DEVICE] 52 70 FA → [P2] IDLE
[T+816095945us][CH1-PC ] 53 20 FA → [P3] POLL
[T+816125921us][CH2-DEVICE] 53 3B 02 08 00 00 04 58 00 04 80 90 D8 CE 03 FA → [P3] SEQ=3B FILL vol=4.58L price=480.90
[T+816175921us][CH1-PC ] 53 C0 FA → [P3] ACK
[T+816313948us][CH1-PC ] 50 20 FA → [P0] POLL
[T+816319617us][CH2-DEVICE] 50 70 FA → [P0] IDLE
[T+816454921us][CH1-PC ] 51 20 FA → [P1] POLL
[T+816459921us][CH2-DEVICE] 51 70 FA → [P1] IDLE
[T+816595962us][CH1-PC ] 52 20 FA → [P2] POLL
[T+816603605us][CH2-DEVICE] 52 70 FA → [P2] IDLE
[T+816736921us][CH1-PC ] 53 20 FA → [P3] POLL
[T+816764945us][CH2-DEVICE] 53 3C 02 08 00 00 04 86 00 05 10 30 57 11 03 FA → [P3] SEQ=3C FILL vol=4.86L price=510.30
[T+816815921us][CH1-PC ] 53 C0 FA → [P3] ACK
[T+816954921us][CH1-PC ] 50 20 FA → [P0] POLL
[T+816959921us][CH2-DEVICE] 50 70 FA → [P0] IDLE
[T+817094921us][CH1-PC ] 51 20 FA → [P1] POLL
[T+817101609us][CH2-DEVICE] 51 70 FA → [P1] IDLE
[T+817236946us][CH1-PC ] 52 20 FA → [P2] POLL
[T+817242921us][CH2-DEVICE] 52 70 FA → [P2] IDLE
[T+817377921us][CH1-PC ] 53 20 FA → [P3] POLL
[T+817406921us][CH2-DEVICE] 53 3D 02 08 00 00 05 14 00 05 39 70 F5 81 03 FA → [P3] SEQ=3D FILL vol=5.14L price=539.70
[T+817456921us][CH1-PC ] 53 C0 FA → [P3] ACK
[T+817595921us][CH1-PC ] 50 20 FA → [P0] POLL
[T+817600921us][CH2-DEVICE] 50 70 FA → [P0] IDLE
[T+817735929us][CH1-PC ] 51 20 FA → [P1] POLL
[T+817741606us][CH2-DEVICE] 51 70 FA → [P1] IDLE
[T+817877921us][CH1-PC ] 52 20 FA → [P2] POLL
[T+817883930us][CH2-DEVICE] 52 70 FA → [P2] IDLE
[T+818017921us][CH1-PC ] 53 20 FA → [P3] POLL
[T+818046921us][CH2-DEVICE] 53 3E 02 08 00 00 05 48 00 05 75 40 1E 1C 03 FA → [P3] SEQ=3E FILL vol=5.48L price=575.40
[T+818097921us][CH1-PC ] 53 C0 FA → [P3] ACK
[T+818235921us][CH1-PC ] 50 20 FA → [P0] POLL
[T+818240921us][CH2-DEVICE] 50 70 FA → [P0] IDLE
[T+818376945us][CH1-PC ] 51 20 FA → [P1] POLL
[T+818381921us][CH2-DEVICE] 51 70 FA → [P1] IDLE
[T+818517947us][CH1-PC ] 52 20 FA → [P2] POLL
[T+818523921us][CH2-DEVICE] 52 70 FA → [P2] IDLE
[T+818658921us][CH1-PC ] 53 20 FA → [P3] POLL
[T+818686945us][CH2-DEVICE] 53 3F 02 08 00 00 05 75 00 06 03 75 61 52 03 FA → [P3] SEQ=3F FILL vol=5.75L price=603.75
[T+818737921us][CH1-PC ] 53 C0 FA → [P3] ACK
[T+818876921us][CH1-PC ] 50 20 FA → [P0] POLL
[T+818881921us][CH2-DEVICE] 50 70 FA → [P0] IDLE
[T+819016921us][CH1-PC ] 51 20 FA → [P1] POLL
[T+819022921us][CH2-DEVICE] 51 70 FA → [P1] IDLE
[T+819158945us][CH1-PC ] 52 20 FA → [P2] POLL
[T+819164921us][CH2-DEVICE] 52 70 FA → [P2] IDLE
[T+819298921us][CH1-PC ] 53 20 FA → [P3] POLL
[T+819326945us][CH2-DEVICE] 53 31 02 08 00 00 06 04 00 06 34 20 FF 8D 03 FA → [P3] SEQ=31 FILL vol=6.04L price=634.20
[T+819378945us][CH1-PC ] 53 C0 FA → [P3] ACK
[T+819516921us][CH1-PC ] 50 20 FA → [P0] POLL
[T+819522602us][CH2-DEVICE] 50 70 FA → [P0] IDLE
[T+819657945us][CH1-PC ] 51 20 FA → [P1] POLL
[T+819662921us][CH2-DEVICE] 51 70 FA → [P1] IDLE
[T+819798945us][CH1-PC ] 52 20 FA → [P2] POLL
[T+819806612us][CH2-DEVICE] 52 70 FA → [P2] IDLE
[T+819939921us][CH1-PC ] 53 20 FA → [P3] POLL
[T+819965921us][CH2-DEVICE] 53 32 02 08 00 00 06 31 00 06 62 55 82 8A 03 FA → [P3] SEQ=32 FILL vol=6.31L price=662.55
[T+820018921us][CH1-PC ] 53 C0 FA → [P3] ACK
[T+820157945us][CH1-PC ] 50 20 FA → [P0] POLL
[T+820162921us][CH2-DEVICE] 50 70 FA → [P0] IDLE
[T+820297921us][CH1-PC ] 51 20 FA → [P1] POLL
[T+820302921us][CH2-DEVICE] 51 70 FA → [P1] IDLE
[T+820439921us][CH1-PC ] 52 20 FA → [P2] POLL
[T+820445921us][CH2-DEVICE] 52 70 FA → [P2] IDLE
[T+820580921us][CH1-PC ] 53 20 FA → [P3] POLL
[T+820606921us][CH2-DEVICE] 53 33 02 08 00 00 06 59 00 06 91 95 A3 1F 03 FA → [P3] SEQ=33 FILL vol=6.59L price=691.95
[T+820659921us][CH1-PC ] 53 C0 FA → [P3] ACK
[T+820797921us][CH1-PC ] 50 20 FA → [P0] POLL
[T+820803921us][CH2-DEVICE] 50 70 FA → [P0] IDLE
[T+820938921us][CH1-PC ] 51 20 FA → [P1] POLL
[T+820944601us][CH2-DEVICE] 51 70 FA → [P1] IDLE
[T+821080921us][CH1-PC ] 52 20 FA → [P2] POLL
[T+821084950us][CH2-DEVICE] 52 70 FA → [P2] IDLE
[T+821220945us][CH1-PC ] 53 20 FA → [P3] POLL
[T+821249921us][CH2-DEVICE] 53 34 02 08 00 00 06 92 00 07 26 60 10 FA CC 03 FA → [P3] SEQ=34 FILL vol=6.92L price=726.60
[T+821299921us][CH1-PC ] 53 C0 FA → [P3] ACK
[T+821438921us][CH1-PC ] 50 20 FA → [P0] POLL
[T+821443921us][CH2-DEVICE] 50 70 FA → [P0] IDLE
[T+821579946us][CH1-PC ] 51 20 FA → [P1] POLL
[T+821584921us][CH2-DEVICE] 51 70 FA → [P1] IDLE
[T+821720946us][CH1-PC ] 52 20 FA → [P2] POLL
[T+821725921us][CH2-DEVICE] 52 70 FA → [P2] IDLE
[T+821861945us][CH1-PC ] 53 20 FA → [P3] POLL
[T+821889945us][CH2-DEVICE] 53 35 02 08 00 00 07 20 00 07 56 00 E2 13 03 FA → [P3] SEQ=35 FILL vol=7.20L price=756.00
[T+821940921us][CH1-PC ] 53 C0 FA → [P3] ACK
[T+822079921us][CH1-PC ] 50 20 FA → [P0] POLL
[T+822084921us][CH2-DEVICE] 50 70 FA → [P0] IDLE
[T+822219921us][CH1-PC ] 51 20 FA → [P1] POLL
[T+822224924us][CH2-DEVICE] 51 70 FA → [P1] IDLE
[T+822361921us][CH1-PC ] 52 20 FA → [P2] POLL
[T+822367929us][CH2-DEVICE] 52 70 FA → [P2] IDLE
[T+822501921us][CH1-PC ] 53 20 FA → [P3] POLL
[T+822528921us][CH2-DEVICE] 53 36 02 08 00 00 07 48 00 07 85 40 D0 5E 03 FA → [P3] SEQ=36 FILL vol=7.48L price=785.40
[T+822581921us][CH1-PC ] 53 C0 FA → [P3] ACK
[T+822719921us][CH1-PC ] 50 20 FA → [P0] POLL
[T+822724921us][CH2-DEVICE] 50 70 FA → [P0] IDLE
[T+822860945us][CH1-PC ] 51 20 FA → [P1] POLL
[T+822865921us][CH2-DEVICE] 51 70 FA → [P1] IDLE
[T+823001945us][CH1-PC ] 52 20 FA → [P2] POLL
[T+823008921us][CH2-DEVICE] 52 70 FA → [P2] IDLE
[T+823142921us][CH1-PC ] 53 20 FA → [P3] POLL
[T+823169921us][CH2-DEVICE] 53 37 02 08 00 00 07 76 00 08 14 80 A0 A4 03 FA → [P3] SEQ=37 FILL vol=7.76L price=814.80
[T+823221945us][CH1-PC ] 53 C0 FA → [P3] ACK
[T+823360921us][CH1-PC ] 50 20 FA → [P0] POLL
[T+823365921us][CH2-DEVICE] 50 70 FA → [P0] IDLE
[T+823500921us][CH1-PC ] 51 20 FA → [P1] POLL
[T+823506921us][CH2-DEVICE] 51 70 FA → [P1] IDLE
[T+823642945us][CH1-PC ] 52 20 FA → [P2] POLL
[T+823647921us][CH2-DEVICE] 52 70 FA → [P2] IDLE
[T+823782921us][CH1-PC ] 53 20 FA → [P3] POLL
[T+823809921us][CH2-DEVICE] 53 38 02 08 00 00 08 04 00 08 44 20 94 3C 03 FA → [P3] SEQ=38 FILL vol=8.04L price=844.20
[T+823862923us][CH1-PC ] 53 C0 FA → [P3] ACK
[T+824000921us][CH1-PC ] 50 20 FA → [P0] POLL
[T+824006930us][CH2-DEVICE] 50 70 FA → [P0] IDLE
[T+824141921us][CH1-PC ] 51 20 FA → [P1] POLL
[T+824146921us][CH2-DEVICE] 51 70 FA → [P1] IDLE
[T+824282945us][CH1-PC ] 52 20 FA → [P2] POLL
[T+824287921us][CH2-DEVICE] 52 70 FA → [P2] IDLE
[T+824423945us][CH1-PC ] 53 20 FA → [P3] POLL
[T+824449921us][CH2-DEVICE] 53 39 02 08 00 00 08 37 00 08 78 85 45 BF 03 FA → [P3] SEQ=39 FILL vol=8.37L price=878.85
[T+824502921us][CH1-PC ] 53 C0 FA → [P3] ACK
[T+824641945us][CH1-PC ] 50 20 FA → [P0] POLL
[T+824646921us][CH2-DEVICE] 50 70 FA → [P0] IDLE
[T+824782946us][CH1-PC ] 51 20 FA → [P1] POLL
[T+824788607us][CH2-DEVICE] 51 70 FA → [P1] IDLE
[T+824923945us][CH1-PC ] 52 20 FA → [P2] POLL
[T+824928921us][CH2-DEVICE] 52 70 FA → [P2] IDLE
[T+825064945us][CH1-PC ] 53 20 FA → [P3] POLL
[T+825092953us][CH2-DEVICE] 53 3A 02 08 00 00 08 66 00 09 09 30 03 10 03 FA → [P3] SEQ=3A FILL vol=8.66L price=909.30
[T+825143921us][CH1-PC ] 53 C0 FA → [P3] ACK
[T+825282921us][CH1-PC ] 50 20 FA → [P0] POLL
[T+825287921us][CH2-DEVICE] 50 70 FA → [P0] IDLE
[T+825422921us][CH1-PC ] 51 20 FA → [P1] POLL
[T+825428602us][CH2-DEVICE] 51 70 FA → [P1] IDLE
[T+825564921us][CH1-PC ] 52 20 FA → [P2] POLL
[T+825570930us][CH2-DEVICE] 52 70 FA → [P2] IDLE
[T+825704921us][CH1-PC ] 53 20 FA → [P3] POLL
[T+825732946us][CH2-DEVICE] 53 3B 02 08 00 00 08 94 00 09 38 70 2A 59 03 FA → [P3] SEQ=3B FILL vol=8.94L price=938.70
[T+825784921us][CH1-PC ] 53 C0 FA → [P3] ACK
[T+825922921us][CH1-PC ] 50 20 FA → [P0] POLL
[T+825927921us][CH2-DEVICE] 50 70 FA → [P0] IDLE
[T+826063946us][CH1-PC ] 51 20 FA → [P1] POLL
[T+826068921us][CH2-DEVICE] 51 70 FA → [P1] IDLE
[T+826204945us][CH1-PC ] 52 20 FA → [P2] POLL
[T+826209921us][CH2-DEVICE] 52 70 FA → [P2] IDLE
[T+826345945us][CH1-PC ] 53 20 FA → [P3] POLL
[T+826372921us][CH2-DEVICE] 53 3C 02 08 00 00 09 21 00 09 67 05 44 31 03 FA → [P3] SEQ=3C FILL vol=9.21L price=967.05
[T+826424956us][CH1-PC ] 53 C0 FA → [P3] ACK
[T+826563921us][CH1-PC ] 50 20 FA → [P0] POLL
[T+826568921us][CH2-DEVICE] 50 70 FA → [P0] IDLE
[T+826703921us][CH1-PC ] 51 20 FA → [P1] POLL
[T+826710921us][CH2-DEVICE] 51 70 FA → [P1] IDLE
[T+826845921us][CH1-PC ] 52 20 FA → [P2] POLL
[T+826850921us][CH2-DEVICE] 52 70 FA → [P2] IDLE
[T+826963921us][CH1-PC ] 52 30 01 01 05 02 04 01 02 03 04 05 0C 01 43 00 01 05 00 01 24 00 01 43 30 03 04 00 00 20 00 01 01 06 ED 6C 03 FA → [P2] DISP st=05(IDLE) [01 01 05 02 04 01 02 03 04 05 0C 01...]
[T+826968921us][CH2-DEVICE] 52 C0 FA → [P2] ACK
[T+827095921us][CH1-PC ] 53 20 FA → [P3] POLL
[T+827120921us][CH2-DEVICE] 53 3D 02 08 00 00 09 54 00 10 01 70 F6 86 03 FA → [P3] SEQ=3D FILL vol=9.54L price=1001.70
[T+827174921us][CH1-PC ] 53 C0 FA → [P3] ACK
[T+827313921us][CH1-PC ] 50 20 FA → [P0] POLL
[T+827317950us][CH2-DEVICE] 50 70 FA → [P0] IDLE
[T+827453945us][CH1-PC ] 51 20 FA → [P1] POLL
[T+827459921us][CH2-DEVICE] 51 70 FA → [P1] IDLE
[T+827594921us][CH1-PC ] 52 20 FA → [P2] POLL
[T+827625921us][CH2-DEVICE] 52 3A 01 01 02 02 08 00 00 00 00 00 00 00 00 DA F7 03 FA → [P2] SEQ=3A FILL vol=0.00L price=0.00
[T+827675921us][CH1-PC ] 52 C0 FA → [P2] ACK
[T+827813945us][CH1-PC ] 53 20 FA → [P3] POLL
[T+827840921us][CH2-DEVICE] 53 3E 02 08 00 00 09 82 00 10 31 10 A4 38 03 FA → [P3] SEQ=3E FILL vol=9.82L price=1031.10
[T+827893921us][CH1-PC ] 53 C0 FA → [P3] ACK
[T+828031921us][CH1-PC ] 50 20 FA → [P0] POLL
[T+828036921us][CH2-DEVICE] 50 70 FA → [P0] IDLE
[T+828172945us][CH1-PC ] 51 20 FA → [P1] POLL
[T+828178921us][CH2-DEVICE] 51 70 FA → [P1] IDLE
[T+828313921us][CH1-PC ] 52 20 FA → [P2] POLL
[T+828318921us][CH2-DEVICE] 52 70 FA → [P2] IDLE
[T+828398945us][CH1-PC ] 52 30 01 01 04 E7 5F 03 FA → [P2] DISP st=04(BUSY) [01 01 04]
[T+828403921us][CH2-DEVICE] 52 C0 FA → [P2] ACK
[T+828611945us][CH1-PC ] 53 20 FA → [P3] POLL
[T+828637921us][CH2-DEVICE] 53 3F 02 08 00 00 09 83 00 10 32 15 5D F7 03 FA → [P3] SEQ=3F FILL vol=9.83L price=1032.15
[T+828690921us][CH1-PC ] 53 C0 FA → [P3] ACK
[T+828828921us][CH1-PC ] 50 20 FA → [P0] POLL
[T+828833921us][CH2-DEVICE] 50 70 FA → [P0] IDLE
[T+828969945us][CH1-PC ] 51 20 FA → [P1] POLL
[T+828975921us][CH2-DEVICE] 51 70 FA → [P1] IDLE
[T+829110921us][CH1-PC ] 52 20 FA → [P2] POLL
[T+829145921us][CH2-DEVICE] 52 3B 02 08 00 00 00 00 00 00 00 00 03 04 01 05 00 12 3A F0 03 FA → [P2] SEQ=3B FILL vol=0.00L price=0.00
[T+829190921us][CH1-PC ] 52 C0 FA → [P2] ACK
[T+829329945us][CH1-PC ] 53 20 FA → [P3] POLL
[T+829334921us][CH2-DEVICE] 53 70 FA → [P3] IDLE
[T+829414946us][CH1-PC ] 53 30 01 01 04 DA 9F 03 FA → [P3] DISP st=04(BUSY) [01 01 04]
[T+829421082us][CH2-DEVICE] 53 C0 FA → [P3] ACK
[T+829625921us][CH1-PC ] 50 20 FA → [P0] POLL
[T+829630921us][CH2-DEVICE] 50 70 FA → [P0] IDLE
[T+829766945us][CH1-PC ] 51 20 FA → [P1] POLL
[T+829770949us][CH2-DEVICE] 51 70 FA → [P1] IDLE
[T+829906950us][CH1-PC ] 52 20 FA → [P2] POLL
[T+829912921us][CH2-DEVICE] 52 70 FA → [P2] IDLE
[T+829992949us][CH1-PC ] 52 30 01 01 04 E7 5F 03 FA → [P2] DISP st=04(BUSY) [01 01 04]
[T+829998682us][CH2-DEVICE] 52 C0 FA → [P2] ACK
[T+830204921us][CH1-PC ] 53 20 FA → [P3] POLL
[T+830240947us][CH2-DEVICE] 53 31 02 08 00 00 09 85 00 10 34 25 03 04 01 05 00 12 52 59 03 FA → [P3] SEQ=31 FILL vol=9.85L price=1034.25
[T+830284945us][CH1-PC ] 53 C0 FA → [P3] ACK
[T+830422921us][CH1-PC ] 50 20 FA → [P0] POLL
[T+830428595us][CH2-DEVICE] 50 70 FA → [P0] IDLE
[T+830563945us][CH1-PC ] 51 20 FA → [P1] POLL
[T+830567949us][CH2-DEVICE] 51 70 FA → [P1] IDLE
[T+830703945us][CH1-PC ] 52 20 FA → [P2] POLL
[T+830738921us][CH2-DEVICE] 52 3C 02 08 00 00 00 00 00 00 00 00 03 04 01 05 00 12 88 C1 03 FA → [P2] SEQ=3C FILL vol=0.00L price=0.00
[T+830784921us][CH1-PC ] 52 C0 FA → [P2] ACK
[T+830923921us][CH1-PC ] 53 20 FA → [P3] POLL
[T+830949921us][CH2-DEVICE] 53 32 02 08 00 00 09 87 00 10 36 35 94 83 03 FA → [P3] SEQ=32 FILL vol=9.87L price=1036.35
[T+831002921us][CH1-PC ] 53 C0 FA → [P3] ACK
[T+831141945us][CH1-PC ] 50 20 FA → [P0] POLL
[T+831146921us][CH2-DEVICE] 50 70 FA → [P0] IDLE
[T+831281921us][CH1-PC ] 51 20 FA → [P1] POLL
[T+831286921us][CH2-DEVICE] 51 70 FA → [P1] IDLE
[T+831422945us][CH1-PC ] 52 20 FA → [P2] POLL
[T+831427921us][CH2-DEVICE] 52 70 FA → [P2] IDLE
[T+831507949us][CH1-PC ] 52 30 01 01 04 E7 5F 03 FA → [P2] DISP st=04(BUSY) [01 01 04]
[T+831512921us][CH2-DEVICE] 52 C0 FA → [P2] ACK
[T+831721921us][CH1-PC ] 53 20 FA → [P3] POLL
[T+831746921us][CH2-DEVICE] 53 33 02 08 00 00 09 88 00 10 37 40 04 09 03 FA → [P3] SEQ=33 FILL vol=9.88L price=1037.40
[T+831799921us][CH1-PC ] 53 C0 FA → [P3] ACK
[T+831937928us][CH1-PC ] 50 20 FA → [P0] POLL
[T+831942921us][CH2-DEVICE] 50 70 FA → [P0] IDLE
[T+832078945us][CH1-PC ] 51 20 FA → [P1] POLL
[T+832083921us][CH2-DEVICE] 51 70 FA → [P1] IDLE
[T+832219945us][CH1-PC ] 52 20 FA → [P2] POLL
[T+832255946us][CH2-DEVICE] 52 3D 02 08 00 00 00 00 00 00 00 00 03 04 01 05 00 12 D9 51 03 FA → [P2] SEQ=3D FILL vol=0.00L price=0.00
[T+832300921us][CH1-PC ] 52 C0 FA → [P2] ACK
[T+832438921us][CH1-PC ] 53 20 FA → [P3] POLL
[T+832464923us][CH2-DEVICE] 53 34 02 08 00 00 09 89 00 10 38 45 E6 4E 03 FA → [P3] SEQ=34 FILL vol=9.89L price=1038.45
[T+832518921us][CH1-PC ] 53 C0 FA → [P3] ACK
[T+832656946us][CH1-PC ] 50 20 FA → [P0] POLL
[T+832661921us][CH2-DEVICE] 50 70 FA → [P0] IDLE
[T+832797946us][CH1-PC ] 51 20 FA → [P1] POLL
[T+832803921us][CH2-DEVICE] 51 70 FA → [P1] IDLE
[T+832937921us][CH1-PC ] 52 20 FA → [P2] POLL
[T+832964921us][CH2-DEVICE] 52 3E 02 08 00 00 00 05 00 00 05 25 3A 6E 03 FA → [P2] SEQ=3E FILL vol=0.05L price=5.25
[T+833018921us][CH1-PC ] 52 C0 FA → [P2] ACK
[T+833157921us][CH1-PC ] 53 20 FA → [P3] POLL
[T+833182921us][CH2-DEVICE] 53 35 02 08 00 00 09 90 00 10 39 50 3F 2F 03 FA → [P3] SEQ=35 FILL vol=9.90L price=1039.50
[T+833237921us][CH1-PC ] 53 C0 FA → [P3] ACK
[T+833375921us][CH1-PC ] 50 20 FA → [P0] POLL
[T+833380921us][CH2-DEVICE] 50 70 FA → [P0] IDLE
[T+833516946us][CH1-PC ] 51 20 FA → [P1] POLL
[T+833521921us][CH2-DEVICE] 51 70 FA → [P1] IDLE
[T+833657945us][CH1-PC ] 52 20 FA → [P2] POLL
[T+833682921us][CH2-DEVICE] 52 3F 02 08 00 00 00 06 00 00 06 30 BB AD 03 FA → [P2] SEQ=3F FILL vol=0.06L price=6.30
[T+833736921us][CH1-PC ] 52 C0 FA → [P2] ACK
[T+833876921us][CH1-PC ] 53 20 FA → [P3] POLL
[T+833903921us][CH2-DEVICE] 53 36 02 08 00 00 09 91 00 10 40 55 EE 38 03 FA → [P3] SEQ=36 FILL vol=9.91L price=1040.55
[T+833955946us][CH1-PC ] 53 C0 FA → [P3] ACK
[T+834094921us][CH1-PC ] 50 20 FA → [P0] POLL
[T+834100929us][CH2-DEVICE] 50 70 FA → [P0] IDLE
[T+834234921us][CH1-PC ] 51 20 FA → [P1] POLL
[T+834239921us][CH2-DEVICE] 51 70 FA → [P1] IDLE
[T+834376921us][CH1-PC ] 52 20 FA → [P2] POLL
[T+834401921us][CH2-DEVICE] 52 31 02 08 00 00 00 07 00 00 07 35 73 16 03 FA → [P2] SEQ=31 FILL vol=0.07L price=7.35
[T+834455964us][CH1-PC ] 52 C0 FA → [P2] ACK
[T+834595921us][CH1-PC ] 53 20 FA → [P3] POLL
[T+834622922us][CH2-DEVICE] 53 37 02 08 00 00 09 92 00 10 41 60 6F 43 03 FA → [P3] SEQ=37 FILL vol=9.92L price=1041.60
[T+834674945us][CH1-PC ] 53 C0 FA → [P3] ACK
[T+834812921us][CH1-PC ] 50 20 FA → [P0] POLL
[T+834818921us][CH2-DEVICE] 50 70 FA → [P0] IDLE
[T+834953921us][CH1-PC ] 51 20 FA → [P1] POLL
[T+834958921us][CH2-DEVICE] 51 70 FA → [P1] IDLE
[T+835094945us][CH1-PC ] 52 20 FA → [P2] POLL
[T+835120921us][CH2-DEVICE] 52 32 02 08 00 00 00 08 00 00 08 40 EC 44 03 FA → [P2] SEQ=32 FILL vol=0.08L price=8.40
[T+835174921us][CH1-PC ] 52 C0 FA → [P2] ACK
[T+835313921us][CH1-PC ] 53 20 FA → [P3] POLL
[T+835338921us][CH2-DEVICE] 53 38 02 08 00 00 09 93 00 10 42 65 A2 64 03 FA → [P3] SEQ=38 FILL vol=9.93L price=1042.65
[T+835392921us][CH1-PC ] 53 C0 FA → [P3] ACK
[T+835531921us][CH1-PC ] 50 20 FA → [P0] POLL
[T+835536921us][CH2-DEVICE] 50 70 FA → [P0] IDLE
[T+835672945us][CH1-PC ] 51 20 FA → [P1] POLL
[T+835677921us][CH2-DEVICE] 51 70 FA → [P1] IDLE
[T+835813945us][CH1-PC ] 52 20 FA → [P2] POLL
[T+835843923us][CH2-DEVICE] 52 33 01 01 04 02 08 00 00 00 09 00 00 09 45 D6 D4 03 FA → [P2] SEQ=33 FILL vol=0.09L price=9.45
[T+835893921us][CH1-PC ] 52 C0 FA → [P2] ACK
[T+836032921us][CH1-PC ] 53 20 FA → [P3] POLL
[T+836058921us][CH2-DEVICE] 53 39 02 08 00 00 09 94 00 10 43 70 D3 07 03 FA → [P3] SEQ=39 FILL vol=9.94L price=1043.70
[T+836111921us][CH1-PC ] 53 C0 FA → [P3] ACK
[T+836250945us][CH1-PC ] 50 20 FA → [P0] POLL
[T+836256618us][CH2-DEVICE] 50 70 FA → [P0] IDLE
[T+836390921us][CH1-PC ] 51 20 FA → [P1] POLL
[T+836395921us][CH2-DEVICE] 51 70 FA → [P1] IDLE
[T+836532921us][CH1-PC ] 52 20 FA → [P2] POLL
[T+836558921us][CH2-DEVICE] 52 34 02 08 00 00 00 27 00 00 28 35 FF 2D 03 FA → [P2] SEQ=34 FILL vol=0.27L price=28.35
[T+836612921us][CH1-PC ] 52 C0 FA → [P2] ACK
[T+836751921us][CH1-PC ] 53 20 FA → [P3] POLL
[T+836775945us][CH2-DEVICE] 53 3A 02 08 00 00 09 95 00 10 44 75 23 B0 03 FA → [P3] SEQ=3A FILL vol=9.95L price=1044.75
[T+836831947us][CH1-PC ] 53 C0 FA → [P3] ACK
[T+836969922us][CH1-PC ] 50 20 FA → [P0] POLL
[T+836974921us][CH2-DEVICE] 50 70 FA → [P0] IDLE
[T+837109921us][CH1-PC ] 51 20 FA → [P1] POLL
[T+837114921us][CH2-DEVICE] 51 70 FA → [P1] IDLE
[T+837250921us][CH1-PC ] 52 20 FA → [P2] POLL
[T+837277922us][CH2-DEVICE] 52 35 02 08 00 00 00 59 00 00 61 95 E4 33 03 FA → [P2] SEQ=35 FILL vol=0.59L price=61.95
[T+837330921us][CH1-PC ] 52 C0 FA → [P2] ACK
[T+837469945us][CH1-PC ] 53 20 FA → [P3] POLL
[T+837495921us][CH2-DEVICE] 53 3B 02 08 00 00 09 96 00 10 45 80 A2 9B 03 FA → [P3] SEQ=3B FILL vol=9.96L price=1045.80
[T+837549921us][CH1-PC ] 53 C0 FA → [P3] ACK
[T+837687961us][CH1-PC ] 50 20 FA → [P0] POLL
[T+837693921us][CH2-DEVICE] 50 70 FA → [P0] IDLE
[T+837828921us][CH1-PC ] 51 20 FA → [P1] POLL
[T+837833921us][CH2-DEVICE] 51 70 FA → [P1] IDLE
[T+837969945us][CH1-PC ] 52 20 FA → [P2] POLL
[T+837996921us][CH2-DEVICE] 52 36 02 08 00 00 00 91 00 00 95 55 4C 37 03 FA → [P2] SEQ=36 FILL vol=0.91L price=95.55
[T+838049921us][CH1-PC ] 52 C0 FA → [P2] ACK
[T+838188945us][CH1-PC ] 53 20 FA → [P3] POLL
[T+838216945us][CH2-DEVICE] 53 3C 02 08 00 00 09 97 00 10 46 85 45 DC 03 FA → [P3] SEQ=3C FILL vol=9.97L price=1046.85
[T+838268945us][CH1-PC ] 53 C0 FA → [P3] ACK
[T+838406921us][CH1-PC ] 50 20 FA → [P0] POLL
[T+838412598us][CH2-DEVICE] 50 70 FA → [P0] IDLE
[T+838547945us][CH1-PC ] 51 20 FA → [P1] POLL
[T+838551949us][CH2-DEVICE] 51 70 FA → [P1] IDLE
[T+838688921us][CH1-PC ] 52 20 FA → [P2] POLL
[T+838714921us][CH2-DEVICE] 52 37 02 08 00 00 01 24 00 01 30 20 2F B7 03 FA → [P2] SEQ=37 FILL vol=1.24L price=130.20
[T+838767921us][CH1-PC ] 52 C0 FA → [P2] ACK
[T+838907921us][CH1-PC ] 53 20 FA → [P3] POLL
[T+838931946us][CH2-DEVICE] 53 3D 02 08 00 00 09 98 00 10 47 90 D5 7E 03 FA → [P3] SEQ=3D FILL vol=9.98L price=1047.90
[T+838986921us][CH1-PC ] 53 C0 FA → [P3] ACK
[T+839125922us][CH1-PC ] 50 20 FA → [P0] POLL
[T+839130921us][CH2-DEVICE] 50 70 FA → [P0] IDLE
[T+839265921us][CH1-PC ] 51 20 FA → [P1] POLL
[T+839270921us][CH2-DEVICE] 51 70 FA → [P1] IDLE
[T+839407921us][CH1-PC ] 52 20 FA → [P2] POLL
[T+839433921us][CH2-DEVICE] 52 38 02 08 00 00 01 58 00 01 65 90 70 8D 03 FA → [P2] SEQ=38 FILL vol=1.58L price=165.90
[T+839487921us][CH1-PC ] 52 C0 FA → [P2] ACK
[T+839626921us][CH1-PC ] 53 20 FA → [P3] POLL
[T+839651921us][CH2-DEVICE] 53 3E 02 08 00 00 09 99 00 10 48 95 22 09 03 FA → [P3] SEQ=3E FILL vol=9.99L price=1048.95
[T+839705921us][CH1-PC ] 53 C0 FA → [P3] ACK
[T+839843979us][CH1-PC ] 50 20 FA → [P0] POLL
[T+839848921us][CH2-DEVICE] 50 70 FA → [P0] IDLE
[T+839984945us][CH1-PC ] 51 20 FA → [P1] POLL
[T+839990921us][CH2-DEVICE] 51 70 FA → [P1] IDLE
[T+840125921us][CH1-PC ] 52 20 FA → [P2] POLL
[T+840152921us][CH2-DEVICE] 52 39 02 08 00 00 01 92 00 02 01 60 36 E5 03 FA → [P2] SEQ=39 FILL vol=1.92L price=201.60
[T+840205921us][CH1-PC ] 52 C0 FA → [P2] ACK
[T+840344945us][CH1-PC ] 53 20 FA → [P3] POLL
[T+840369921us][CH2-DEVICE] 53 3F 02 08 00 00 10 00 00 10 50 00 F2 8F 03 FA → [P3] SEQ=3F FILL vol=10.00L price=1050.00
[T+840423921us][CH1-PC ] 53 C0 FA → [P3] ACK
[T+840562921us][CH1-PC ] 50 20 FA → [P0] POLL
[T+840568921us][CH2-DEVICE] 50 70 FA → [P0] IDLE
[T+840703921us][CH1-PC ] 51 20 FA → [P1] POLL
[T+840709599us][CH2-DEVICE] 51 70 FA → [P1] IDLE
[T+840844945us][CH1-PC ] 52 20 FA → [P2] POLL
[T+840870921us][CH2-DEVICE] 52 3A 02 08 00 00 02 25 00 02 36 25 1A 4B 03 FA → [P2] SEQ=3A FILL vol=2.25L price=236.25
[T+840924921us][CH1-PC ] 52 C0 FA → [P2] ACK
[T+841063921us][CH1-PC ] 53 20 FA → [P3] POLL
[T+841069611us][CH2-DEVICE] 53 70 FA → [P3] IDLE
[T+841147921us][CH1-PC ] 53 30 01 01 04 DA 9F 03 FA → [P3] DISP st=04(BUSY) [01 01 04]
[T+841152921us][CH2-DEVICE] 53 C0 FA → [P3] ACK
[T+841359921us][CH1-PC ] 50 20 FA → [P0] POLL
[T+841364921us][CH2-DEVICE] 50 70 FA → [P0] IDLE
[T+841500945us][CH1-PC ] 51 20 FA → [P1] POLL
[T+841505921us][CH2-DEVICE] 51 70 FA → [P1] IDLE
[T+841641945us][CH1-PC ] 52 20 FA → [P2] POLL
[T+841667921us][CH2-DEVICE] 52 3B 02 08 00 00 02 63 00 02 76 15 A6 AC 03 FA → [P2] SEQ=3B FILL vol=2.63L price=276.15
[T+841720921us][CH1-PC ] 52 C0 FA → [P2] ACK
[T+841859945us][CH1-PC ] 53 20 FA → [P3] POLL
[T+841894921us][CH2-DEVICE] 53 31 02 08 00 00 10 00 00 10 50 00 03 04 01 05 00 12 44 AD 03 FA → [P3] SEQ=31 FILL vol=10.00L price=1050.00
[T+841940921us][CH1-PC ] 53 C0 FA → [P3] ACK
[T+842078945us][CH1-PC ] 50 20 FA → [P0] POLL
[T+842084945us][CH2-DEVICE] 50 70 FA → [P0] IDLE
[T+842218921us][CH1-PC ] 51 20 FA → [P1] POLL
[T+842224921us][CH2-DEVICE] 51 70 FA → [P1] IDLE
[T+842360945us][CH1-PC ] 52 20 FA → [P2] POLL
[T+842386921us][CH2-DEVICE] 52 3C 02 08 00 00 02 97 00 03 11 85 76 91 03 FA → [P2] SEQ=3C FILL vol=2.97L price=311.85
[T+842439921us][CH1-PC ] 52 C0 FA → [P2] ACK
[T+842578945us][CH1-PC ] 53 20 FA → [P3] POLL
[T+842583921us][CH2-DEVICE] 53 70 FA → [P3] IDLE
[T+842663945us][CH1-PC ] 53 30 01 01 04 DA 9F 03 FA → [P3] DISP st=04(BUSY) [01 01 04]
[T+842669712us][CH2-DEVICE] 53 C0 FA → [P3] ACK
[T+842874921us][CH1-PC ] 50 20 FA → [P0] POLL
[T+842879921us][CH2-DEVICE] 50 70 FA → [P0] IDLE
[T+843015945us][CH1-PC ] 51 20 FA → [P1] POLL
[T+843020921us][CH2-DEVICE] 51 70 FA → [P1] IDLE
[T+843157245us][CH1-PC ] 52 20 FA → [P2] POLL
[T+843182921us][CH2-DEVICE] 52 3D 02 08 00 00 03 31 00 03 47 55 45 99 03 FA → [P2] SEQ=3D FILL vol=3.31L price=347.55
[T+843236921us][CH1-PC ] 52 C0 FA → [P2] ACK
[T+843374945us][CH1-PC ] 53 20 FA → [P3] POLL
[T+843427921us][CH2-DEVICE] 53 32 02 08 00 00 10 00 00 10 50 00 03 04 01 05 00 12 03 04 01 05 00 02 01 01 06 17 DE 03 FA → [P3] SEQ=32 FILL vol=10.00L price=1050.00
[T+843456921us][CH1-PC ] 53 C0 FA → [P3] ACK
[T+843538921us][CH1-PC ] 53 30 01 01 04 DA 9F 03 FA → [P3] DISP st=04(BUSY) [01 01 04]
[T+843544921us][CH2-DEVICE] 53 C0 FA → [P3] ACK
[T+843687921us][CH1-PC ] 53 20 FA → [P3] POLL
[T+843704921us][CH2-DEVICE] 53 33 01 01 05 1B 1B 03 FA → [P3] SEQ=33 [01 01 05]
[T+843854921us][CH1-PC ] 53 30 01 01 05 1B 5F 03 FA → [P3] DISP st=05(IDLE) [01 01 05]
[T+843862224us][CH2-DEVICE] 53 C0 FA → [P3] ACK
[T+843922921us][CH1-PC ] 53 C0 FA → [P3] ACK
[T+844062936us][CH1-PC ] 50 20 FA → [P0] POLL
[T+844067921us][CH2-DEVICE] 50 70 FA → [P0] IDLE
[T+844203946us][CH1-PC ] 51 20 FA → [P1] POLL
[T+844208921us][CH2-DEVICE] 51 70 FA → [P1] IDLE
[T+844344950us][CH1-PC ] 52 20 FA → [P2] POLL
[T+844374921us][CH2-DEVICE] 52 3E 02 08 00 00 03 89 00 04 08 45 6E FB 03 FA → [P2] SEQ=3E FILL vol=3.89L price=408.45
[T+844423921us][CH1-PC ] 52 C0 FA → [P2] ACK
[T+844563921us][CH1-PC ] 53 20 FA → [P3] POLL
[T+844568921us][CH2-DEVICE] 53 70 FA → [P3] IDLE
[T+844703921us][CH1-PC ] 50 20 FA → [P0] POLL
[T+844707951us][CH2-DEVICE] 50 70 FA → [P0] IDLE
[T+844843946us][CH1-PC ] 51 20 FA → [P1] POLL
[T+844848921us][CH2-DEVICE] 51 70 FA → [P1] IDLE
[T+844985921us][CH1-PC ] 52 20 FA → [P2] POLL
[T+845012921us][CH2-DEVICE] 52 3F 02 08 00 00 04 17 00 04 37 85 D3 CC 03 FA → [P2] SEQ=3F FILL vol=4.17L price=437.85
[T+845064946us][CH1-PC ] 52 C0 FA → [P2] ACK
[T+845203921us][CH1-PC ] 53 20 FA → [P3] POLL
[T+845208921us][CH2-DEVICE] 53 70 FA → [P3] IDLE
[T+845343921us][CH1-PC ] 50 20 FA → [P0] POLL
[T+845348921us][CH2-DEVICE] 50 70 FA → [P0] IDLE
[T+845484946us][CH1-PC ] 51 20 FA → [P1] POLL
[T+845488951us][CH2-DEVICE] 51 70 FA → [P1] IDLE
[T+845625921us][CH1-PC ] 52 20 FA → [P2] POLL
[T+845653945us][CH2-DEVICE] 52 31 02 08 00 00 04 45 00 04 67 25 62 90 03 FA → [P2] SEQ=31 FILL vol=4.45L price=467.25
[T+845705945us][CH1-PC ] 52 C0 FA → [P2] ACK
[T+845843921us][CH1-PC ] 53 20 FA → [P3] POLL
[T+845848921us][CH2-DEVICE] 53 70 FA → [P3] IDLE
[T+845984949us][CH1-PC ] 50 20 FA → [P0] POLL
[T+845989921us][CH2-DEVICE] 50 70 FA → [P0] IDLE
[T+846124921us][CH1-PC ] 51 20 FA → [P1] POLL
[T+846130597us][CH2-DEVICE] 51 70 FA → [P1] IDLE
[T+846266921us][CH1-PC ] 52 20 FA → [P2] POLL
[T+846296921us][CH2-DEVICE] 52 32 02 08 00 00 04 74 00 04 97 70 94 2F 03 FA → [P2] SEQ=32 FILL vol=4.74L price=497.70
[T+846345921us][CH1-PC ] 52 C0 FA → [P2] ACK
[T+846484949us][CH1-PC ] 53 20 FA → [P3] POLL
[T+846490394us][CH2-DEVICE] 53 70 FA → [P3] IDLE
[T+846624921us][CH1-PC ] 50 20 FA → [P0] POLL
[T+846630921us][CH2-DEVICE] 50 70 FA → [P0] IDLE
[T+846765930us][CH1-PC ] 51 20 FA → [P1] POLL
[T+846770921us][CH2-DEVICE] 51 70 FA → [P1] IDLE
[T+846906949us][CH1-PC ] 52 20 FA → [P2] POLL
[T+846933921us][CH2-DEVICE] 52 33 02 08 00 00 05 07 00 05 32 35 7F AA 03 FA → [P2] SEQ=33 FILL vol=5.07L price=532.35
[T+846986921us][CH1-PC ] 52 C0 FA → [P2] ACK
[T+847124921us][CH1-PC ] 53 20 FA → [P3] POLL
[T+847130921us][CH2-DEVICE] 53 70 FA → [P3] IDLE
[T+847265921us][CH1-PC ] 50 20 FA → [P0] POLL
[T+847271570us][CH2-DEVICE] 50 70 FA → [P0] IDLE
[T+847406945us][CH1-PC ] 51 20 FA → [P1] POLL
[T+847411921us][CH2-DEVICE] 51 70 FA → [P1] IDLE
[T+847547945us][CH1-PC ] 52 20 FA → [P2] POLL
[T+847574921us][CH2-DEVICE] 52 34 02 08 00 00 05 36 00 05 62 80 E5 AD 03 FA → [P2] SEQ=34 FILL vol=5.36L price=562.80
[T+847626946us][CH1-PC ] 52 C0 FA → [P2] ACK
[T+847765921us][CH1-PC ] 53 20 FA → [P3] POLL
[T+847771921us][CH2-DEVICE] 53 70 FA → [P3] IDLE
[T+847906535us][CH1-PC ] 50 20 FA → [P0] POLL
[T+847911921us][CH2-DEVICE] 50 70 FA → [P0] IDLE
[T+848046921us][CH1-PC ] 51 20 FA → [P1] POLL
[T+848052930us][CH2-DEVICE] 51 70 FA → [P1] IDLE
[T+848188946us][CH1-PC ] 52 20 FA → [P2] POLL
[T+848216945us][CH2-DEVICE] 52 35 02 08 00 00 05 64 00 05 92 20 1C E5 03 FA → [P2] SEQ=35 FILL vol=5.64L price=592.20
[T+848267921us][CH1-PC ] 52 C0 FA → [P2] ACK
[T+848405921us][CH1-PC ] 53 20 FA → [P3] POLL
[T+848412930us][CH2-DEVICE] 53 70 FA → [P3] IDLE
[T+848546921us][CH1-PC ] 50 20 FA → [P0] POLL
[T+848552921us][CH2-DEVICE] 50 70 FA → [P0] IDLE
[T+848687921us][CH1-PC ] 51 20 FA → [P1] POLL
[T+848692921us][CH2-DEVICE] 51 70 FA → [P1] IDLE
[T+848828946us][CH1-PC ] 52 20 FA → [P2] POLL
[T+848857921us][CH2-DEVICE] 52 36 02 08 00 00 05 93 00 06 22 65 A2 47 03 FA → [P2] SEQ=36 FILL vol=5.93L price=622.65
[T+848907921us][CH1-PC ] 52 C0 FA → [P2] ACK
[T+849046921us][CH1-PC ] 53 20 FA → [P3] POLL
[T+849053922us][CH2-DEVICE] 53 70 FA → [P3] IDLE
[T+849187921us][CH1-PC ] 50 20 FA → [P0] POLL
[T+849193929us][CH2-DEVICE] 50 70 FA → [P0] IDLE
[T+849327921us][CH1-PC ] 51 20 FA → [P1] POLL
[T+849333921us][CH2-DEVICE] 51 70 FA → [P1] IDLE
[T+849469945us][CH1-PC ] 52 20 FA → [P2] POLL
[T+849497945us][CH2-DEVICE] 52 37 02 08 00 00 06 25 00 06 56 25 49 A2 03 FA → [P2] SEQ=37 FILL vol=6.25L price=656.25
[T+849548921us][CH1-PC ] 52 C0 FA → [P2] ACK
[T+849687921us][CH1-PC ] 53 20 FA → [P3] POLL
[T+849693921us][CH2-DEVICE] 53 70 FA → [P3] IDLE
[T+849827921us][CH1-PC ] 50 20 FA → [P0] POLL
[T+849832921us][CH2-DEVICE] 50 70 FA → [P0] IDLE
[T+849968946us][CH1-PC ] 51 20 FA → [P1] POLL
[T+849973921us][CH2-DEVICE] 51 70 FA → [P1] IDLE
[T+850109962us][CH1-PC ] 52 20 FA → [P2] POLL
[T+850139921us][CH2-DEVICE] 52 38 02 08 00 00 06 54 00 06 86 70 98 42 03 FA → [P2] SEQ=38 FILL vol=6.54L price=686.70
[T+850189921us][CH1-PC ] 52 C0 FA → [P2] ACK
[T+850327946us][CH1-PC ] 53 20 FA → [P3] POLL
[T+850334921us][CH2-DEVICE] 53 70 FA → [P3] IDLE
[T+850468921us][CH1-PC ] 50 20 FA → [P0] POLL
[T+850473921us][CH2-DEVICE] 50 70 FA → [P0] IDLE
[T+850608921us][CH1-PC ] 51 20 FA → [P1] POLL
[T+850613921us][CH2-DEVICE] 51 70 FA → [P1] IDLE
[T+850750921us][CH1-PC ] 52 20 FA → [P2] POLL
[T+850777921us][CH2-DEVICE] 52 39 02 08 00 00 06 82 00 07 16 10 E8 84 03 FA → [P2] SEQ=39 FILL vol=6.82L price=716.10
[T+850829945us][CH1-PC ] 52 C0 FA → [P2] ACK
[T+850968921us][CH1-PC ] 53 20 FA → [P3] POLL
[T+850973027us][CH2-DEVICE] 53 70 FA → [P3] IDLE
[T+851108945us][CH1-PC ] 50 20 FA → [P0] POLL
[T+851114921us][CH2-DEVICE] 50 70 FA → [P0] IDLE
[T+851250654us][CH1-PC ] 51 20 FA → [P1] POLL
[T+851255921us][CH2-DEVICE] 51 70 FA → [P1] IDLE
[T+851391945us][CH1-PC ] 52 20 FA → [P2] POLL
[T+851417921us][CH2-DEVICE] 52 3A 02 08 00 00 07 11 00 07 46 55 9F FF 03 FA → [P2] SEQ=3A FILL vol=7.11L price=746.55
[T+851470921us][CH1-PC ] 52 C0 FA → [P2] ACK
[T+851608921us][CH1-PC ] 53 20 FA → [P3] POLL
[T+851615929us][CH2-DEVICE] 53 70 FA → [P3] IDLE
[T+851749921us][CH1-PC ] 50 20 FA → [P0] POLL
[T+851755921us][CH2-DEVICE] 50 70 FA → [P0] IDLE
[T+851890921us][CH1-PC ] 51 20 FA → [P1] POLL
[T+851895921us][CH2-DEVICE] 51 70 FA → [P1] IDLE
[T+852031921us][CH1-PC ] 52 20 FA → [P2] POLL
[T+852057921us][CH2-DEVICE] 52 3B 02 08 00 00 07 39 00 07 75 95 EF A5 03 FA → [P2] SEQ=3B FILL vol=7.39L price=775.95
[T+852110921us][CH1-PC ] 52 C0 FA → [P2] ACK
[T+852249945us][CH1-PC ] 53 20 FA → [P3] POLL
[T+852254920us][CH2-DEVICE] 53 70 FA → [P3] IDLE
[T+852390962us][CH1-PC ] 50 20 FA → [P0] POLL
[T+852394949us][CH2-DEVICE] 50 70 FA → [P0] IDLE
[T+852530945us][CH1-PC ] 51 20 FA → [P1] POLL
[T+852536922us][CH2-DEVICE] 51 70 FA → [P1] IDLE
[T+852672946us][CH1-PC ] 52 20 FA → [P2] POLL
[T+852697921us][CH2-DEVICE] 52 3C 02 08 00 00 07 73 00 08 11 65 76 98 03 FA → [P2] SEQ=3C FILL vol=7.73L price=811.65
[T+852751921us][CH1-PC ] 52 C0 FA → [P2] ACK
[T+852890921us][CH1-PC ] 53 20 FA → [P3] POLL
[T+852895921us][CH2-DEVICE] 53 70 FA → [P3] IDLE
[T+853030921us][CH1-PC ] 50 20 FA → [P0] POLL
[T+853035921us][CH2-DEVICE] 50 70 FA → [P0] IDLE
[T+853171946us][CH1-PC ] 51 20 FA → [P1] POLL
[T+853177921us][CH2-DEVICE] 51 70 FA → [P1] IDLE
[T+853312921us][CH1-PC ] 52 20 FA → [P2] POLL
[T+853341921us][CH2-DEVICE] 52 3D 02 08 00 00 08 01 00 08 41 05 76 B8 03 FA → [P2] SEQ=3D FILL vol=8.01L price=841.05
[T+853392921us][CH1-PC ] 52 C0 FA → [P2] ACK
[T+853530921us][CH1-PC ] 53 20 FA → [P3] POLL
[T+853536921us][CH2-DEVICE] 53 70 FA → [P3] IDLE
[T+853671921us][CH1-PC ] 50 20 FA → [P0] POLL
[T+853676921us][CH2-DEVICE] 50 70 FA → [P0] IDLE
[T+853811921us][CH1-PC ] 51 20 FA → [P1] POLL
[T+853817921us][CH2-DEVICE] 51 70 FA → [P1] IDLE
[T+853953946us][CH1-PC ] 52 20 FA → [P2] POLL
[T+853980921us][CH2-DEVICE] 52 3E 02 08 00 00 08 30 00 08 71 50 D0 07 03 FA → [P2] SEQ=3E FILL vol=8.30L price=871.50
[T+854032945us][CH1-PC ] 52 C0 FA → [P2] ACK
[T+854171921us][CH1-PC ] 53 20 FA → [P3] POLL
[T+854177921us][CH2-DEVICE] 53 70 FA → [P3] IDLE
[T+854311921us][CH1-PC ] 50 20 FA → [P0] POLL
[T+854317929us][CH2-DEVICE] 50 70 FA → [P0] IDLE
[T+854452921us][CH1-PC ] 51 20 FA → [P1] POLL
[T+854457921us][CH2-DEVICE] 51 70 FA → [P1] IDLE
[T+854594922us][CH1-PC ] 52 20 FA → [P2] POLL
[T+854621921us][CH2-DEVICE] 52 3F 02 08 00 00 08 58 00 09 00 90 C0 F2 03 FA → [P2] SEQ=3F FILL vol=8.58L price=900.90
[T+854673946us][CH1-PC ] 52 C0 FA → [P2] ACK
[T+854811921us][CH1-PC ] 53 20 FA → [P3] POLL
[T+854817921us][CH2-DEVICE] 53 70 FA → [P3] IDLE
[T+854952921us][CH1-PC ] 50 20 FA → [P0] POLL
[T+854958921us][CH2-DEVICE] 50 70 FA → [P0] IDLE
[T+855093921us][CH1-PC ] 51 20 FA → [P1] POLL
[T+855099599us][CH2-DEVICE] 51 70 FA → [P1] IDLE
[T+855234945us][CH1-PC ] 52 20 FA → [P2] POLL
[T+855263921us][CH2-DEVICE] 52 31 02 08 00 00 08 87 00 09 31 35 B4 22 03 FA → [P2] SEQ=31 FILL vol=8.87L price=931.35
[T+855313921us][CH1-PC ] 52 C0 FA → [P2] ACK
[T+855452921us][CH1-PC ] 53 20 FA → [P3] POLL
[T+855457921us][CH2-DEVICE] 53 70 FA → [P3] IDLE
[T+855593946us][CH1-PC ] 50 20 FA → [P0] POLL
[T+855598921us][CH2-DEVICE] 50 70 FA → [P0] IDLE
[T+855734209us][CH1-PC ] 51 20 FA → [P1] POLL
[T+855739610us][CH2-DEVICE] 51 70 FA → [P1] IDLE
[T+855875921us][CH1-PC ] 52 20 FA → [P2] POLL
[T+855901921us][CH2-DEVICE] 52 32 02 08 00 00 09 16 00 09 61 80 BA DD 03 FA → [P2] SEQ=32 FILL vol=9.16L price=961.80
[T+855954921us][CH1-PC ] 52 C0 FA → [P2] ACK
[T+856093945us][CH1-PC ] 53 20 FA → [P3] POLL
[T+856099598us][CH2-DEVICE] 53 70 FA → [P3] IDLE
[T+856233921us][CH1-PC ] 50 20 FA → [P0] POLL
[T+856239921us][CH2-DEVICE] 50 70 FA → [P0] IDLE
[T+856374921us][CH1-PC ] 51 20 FA → [P1] POLL
[T+856380921us][CH2-DEVICE] 51 70 FA → [P1] IDLE
[T+856515921us][CH1-PC ] 52 20 FA → [P2] POLL
[T+856542921us][CH2-DEVICE] 52 33 02 08 00 00 09 49 00 09 96 45 AC 4F 03 FA → [P2] SEQ=33 FILL vol=9.49L price=996.45
[T+856594945us][CH1-PC ] 52 C0 FA → [P2] ACK
[T+856733924us][CH1-PC ] 53 20 FA → [P3] POLL
[T+856738921us][CH2-DEVICE] 53 70 FA → [P3] IDLE
[T+856874945us][CH1-PC ] 50 20 FA → [P0] POLL
[T+856879921us][CH2-DEVICE] 50 70 FA → [P0] IDLE
[T+857015945us][CH1-PC ] 51 20 FA → [P1] POLL
[T+857019949us][CH2-DEVICE] 51 70 FA → [P1] IDLE
[T+857156921us][CH1-PC ] 52 20 FA → [P2] POLL
[T+857181921us][CH2-DEVICE] 52 34 02 08 00 00 09 77 00 10 25 85 3B 59 03 FA → [P2] SEQ=34 FILL vol=9.77L price=1025.85
[T+857235921us][CH1-PC ] 52 C0 FA → [P2] ACK
[T+857374921us][CH1-PC ] 53 20 FA → [P3] POLL
[T+857379921us][CH2-DEVICE] 53 70 FA → [P3] IDLE
[T+857514921us][CH1-PC ] 50 20 FA → [P0] POLL
[T+857520921us][CH2-DEVICE] 50 70 FA → [P0] IDLE
[T+857655924us][CH1-PC ] 51 20 FA → [P1] POLL
[T+857660921us][CH2-DEVICE] 51 70 FA → [P1] IDLE
[T+857796945us][CH1-PC ] 52 20 FA → [P2] POLL
[T+857824946us][CH2-DEVICE] 52 35 02 08 00 00 10 06 00 10 56 30 A5 20 03 FA → [P2] SEQ=35 FILL vol=10.06L price=1056.30
[T+857876946us][CH1-PC ] 52 C0 FA → [P2] ACK
[T+858014921us][CH1-PC ] 53 20 FA → [P3] POLL
[T+858019921us][CH2-DEVICE] 53 70 FA → [P3] IDLE
[T+858155947us][CH1-PC ] 50 20 FA → [P0] POLL
[T+858159949us][CH2-DEVICE] 50 70 FA → [P0] IDLE
[T+858296921us][CH1-PC ] 51 20 FA → [P1] POLL
[T+858301921us][CH2-DEVICE] 51 70 FA → [P1] IDLE
[T+858437961us][CH1-PC ] 52 20 FA → [P2] POLL
[T+858464921us][CH2-DEVICE] 52 36 02 08 00 00 10 34 00 10 85 70 CF 60 03 FA → [P2] SEQ=36 FILL vol=10.34L price=1085.70
[T+858517921us][CH1-PC ] 52 C0 FA → [P2] ACK
[T+858655921us][CH1-PC ] 53 20 FA → [P3] POLL
[T+858660921us][CH2-DEVICE] 53 70 FA → [P3] IDLE
[T+858796945us][CH1-PC ] 50 20 FA → [P0] POLL
[T+858800949us][CH2-DEVICE] 50 70 FA → [P0] IDLE
[T+858936945us][CH1-PC ] 51 20 FA → [P1] POLL
[T+858943675us][CH2-DEVICE] 51 70 FA → [P1] IDLE
[T+859078945us][CH1-PC ] 52 20 FA → [P2] POLL
[T+859103921us][CH2-DEVICE] 52 37 02 08 00 00 10 63 00 11 16 15 43 4B 03 FA → [P2] SEQ=37 FILL vol=10.63L price=1116.15
[T+859157921us][CH1-PC ] 52 C0 FA → [P2] ACK
[T+859296922us][CH1-PC ] 53 20 FA → [P3] POLL
[T+859300949us][CH2-DEVICE] 53 70 FA → [P3] IDLE
[T+859436946us][CH1-PC ] 50 20 FA → [P0] POLL
[T+859441921us][CH2-DEVICE] 50 70 FA → [P0] IDLE
[T+859577945us][CH1-PC ] 51 20 FA → [P1] POLL
[T+859582921us][CH2-DEVICE] 51 70 FA → [P1] IDLE
[T+859718945us][CH1-PC ] 52 20 FA → [P2] POLL
[T+859745921us][CH2-DEVICE] 52 38 02 08 00 00 10 95 00 11 49 75 82 92 03 FA → [P2] SEQ=38 FILL vol=10.95L price=1149.75
[T+859798921us][CH1-PC ] 52 C0 FA → [P2] ACK
[T+859936921us][CH1-PC ] 53 20 FA → [P3] POLL
[T+859941921us][CH2-DEVICE] 53 70 FA → [P3] IDLE
[T+860077945us][CH1-PC ] 50 20 FA → [P0] POLL
[T+860082921us][CH2-DEVICE] 50 70 FA → [P0] IDLE
[T+860217922us][CH1-PC ] 51 20 FA → [P1] POLL
[T+860223103us][CH2-DEVICE] 51 70 FA → [P1] IDLE
[T+860359921us][CH1-PC ] 52 20 FA → [P2] POLL
[T+860386921us][CH2-DEVICE] 52 39 02 08 00 00 11 24 00 11 80 20 6D CA 03 FA → [P2] SEQ=39 FILL vol=11.24L price=1180.20
[T+860438945us][CH1-PC ] 52 C0 FA → [P2] ACK
[T+860577921us][CH1-PC ] 53 20 FA → [P3] POLL
[T+860581950us][CH2-DEVICE] 53 70 FA → [P3] IDLE
[T+860717945us][CH1-PC ] 50 20 FA → [P0] POLL
[T+860723076us][CH2-DEVICE] 50 70 FA → [P0] IDLE
[T+860858945us][CH1-PC ] 51 20 FA → [P1] POLL
[T+860863921us][CH2-DEVICE] 51 70 FA → [P1] IDLE
[T+861000921us][CH1-PC ] 52 20 FA → [P2] POLL
[T+861026921us][CH2-DEVICE] 52 3A 02 08 00 00 11 52 00 12 09 60 3D 25 03 FA → [P2] SEQ=3A FILL vol=11.52L price=1209.60
[T+861079921us][CH1-PC ] 52 C0 FA → [P2] ACK
[T+861217921us][CH1-PC ] 53 20 FA → [P3] POLL
[T+861223716us][CH2-DEVICE] 53 70 FA → [P3] IDLE
[T+861359922us][CH1-PC ] 50 20 FA → [P0] POLL
[T+861363950us][CH2-DEVICE] 50 70 FA → [P0] IDLE
[T+861499945us][CH1-PC ] 51 20 FA → [P1] POLL
[T+861504921us][CH2-DEVICE] 51 70 FA → [P1] IDLE
[T+861640921us][CH1-PC ] 52 20 FA → [P2] POLL
[T+861666921us][CH2-DEVICE] 52 3B 02 08 00 00 11 79 00 12 37 95 CD F8 03 FA → [P2] SEQ=3B FILL vol=11.79L price=1237.95
[T+861720921us][CH1-PC ] 52 C0 FA → [P2] ACK
[T+861858945us][CH1-PC ] 53 20 FA → [P3] POLL
[T+861862950us][CH2-DEVICE] 53 70 FA → [P3] IDLE
[T+861999921us][CH1-PC ] 50 20 FA → [P0] POLL
[T+862004921us][CH2-DEVICE] 50 70 FA → [P0] IDLE
[T+862139921us][CH1-PC ] 51 20 FA → [P1] POLL
[T+862145938us][CH2-DEVICE] 51 70 FA → [P1] IDLE
[T+862280921us][CH1-PC ] 52 20 FA → [P2] POLL
[T+862307921us][CH2-DEVICE] 52 3C 02 08 00 00 12 07 00 12 67 35 C3 CD 03 FA → [P2] SEQ=3C FILL vol=12.07L price=1267.35
[T+862360921us][CH1-PC ] 52 C0 FA → [P2] ACK
[T+862499947us][CH1-PC ] 53 20 FA → [P3] POLL
[T+862506599us][CH2-DEVICE] 53 70 FA → [P3] IDLE
[T+862639921us][CH1-PC ] 50 20 FA → [P0] POLL
[T+862644921us][CH2-DEVICE] 50 70 FA → [P0] IDLE
[T+862780945us][CH1-PC ] 51 20 FA → [P1] POLL
[T+862786600us][CH2-DEVICE] 51 70 FA → [P1] IDLE
[T+862921946us][CH1-PC ] 52 20 FA → [P2] POLL
[T+862950921us][CH2-DEVICE] 52 3D 02 08 00 00 12 40 00 13 02 00 C9 B9 03 FA → [P2] SEQ=3D FILL vol=12.40L price=1302.00
[T+863001921us][CH1-PC ] 52 C0 FA → [P2] ACK
[T+863139921us][CH1-PC ] 53 20 FA → [P3] POLL
[T+863146929us][CH2-DEVICE] 53 70 FA → [P3] IDLE
[T+863280921us][CH1-PC ] 50 20 FA → [P0] POLL
[T+863285921us][CH2-DEVICE] 50 70 FA → [P0] IDLE
[T+863420921us][CH1-PC ] 51 20 FA → [P1] POLL
[T+863425921us][CH2-DEVICE] 51 70 FA → [P1] IDLE
[T+863562921us][CH1-PC ] 52 20 FA → [P2] POLL
[T+863589921us][CH2-DEVICE] 52 3E 02 08 00 00 12 68 00 13 31 40 B3 FB 03 FA → [P2] SEQ=3E FILL vol=12.68L price=1331.40
[T+863641945us][CH1-PC ] 52 C0 FA → [P2] ACK
[T+863780921us][CH1-PC ] 53 20 FA → [P3] POLL
[T+863786929us][CH2-DEVICE] 53 70 FA → [P3] IDLE
[T+863920921us][CH1-PC ] 50 20 FA → [P0] POLL
[T+863926921us][CH2-DEVICE] 50 70 FA → [P0] IDLE
[T+864061921us][CH1-PC ] 51 20 FA → [P1] POLL
[T+864066921us][CH2-DEVICE] 51 70 FA → [P1] IDLE
[T+864203921us][CH1-PC ] 52 20 FA → [P2] POLL
[T+864231945us][CH2-DEVICE] 52 3F 02 08 00 00 12 96 00 13 60 80 A3 13 03 FA → [P2] SEQ=3F FILL vol=12.96L price=1360.80
[T+864282921us][CH1-PC ] 52 C0 FA → [P2] ACK
[T+864420921us][CH1-PC ] 53 20 FA → [P3] POLL
[T+864427921us][CH2-DEVICE] 53 70 FA → [P3] IDLE
[T+864561921us][CH1-PC ] 50 20 FA → [P0] POLL
[T+864567929us][CH2-DEVICE] 50 70 FA → [P0] IDLE
[T+864702921us][CH1-PC ] 51 20 FA → [P1] POLL
[T+864707921us][CH2-DEVICE] 51 70 FA → [P1] IDLE
[T+864843946us][CH1-PC ] 52 20 FA → [P2] POLL
[T+864870921us][CH2-DEVICE] 52 31 02 08 00 00 13 24 00 13 90 20 EA 48 03 FA → [P2] SEQ=31 FILL vol=13.24L price=1390.20
[T+864922945us][CH1-PC ] 52 C0 FA → [P2] ACK
[T+865061921us][CH1-PC ] 53 20 FA → [P3] POLL
[T+865069608us][CH2-DEVICE] 53 70 FA → [P3] IDLE
[T+865202921us][CH1-PC ] 50 20 FA → [P0] POLL
[T+865206949us][CH2-DEVICE] 50 70 FA → [P0] IDLE
[T+865342945us][CH1-PC ] 51 20 FA → [P1] POLL
[T+865348595us][CH2-DEVICE] 51 70 FA → [P1] IDLE
[T+865484921us][CH1-PC ] 52 20 FA → [P2] POLL
[T+865512945us][CH2-DEVICE] 52 32 02 08 00 00 13 52 00 14 19 60 FB 66 03 FA → [P2] SEQ=32 FILL vol=13.52L price=1419.60
[T+865563921us][CH1-PC ] 52 C0 FA → [P2] ACK
[T+865702921us][CH1-PC ] 53 20 FA → [P3] POLL
[T+865708929us][CH2-DEVICE] 53 70 FA → [P3] IDLE
[T+865842921us][CH1-PC ] 50 20 FA → [P0] POLL
[T+865847921us][CH2-DEVICE] 50 70 FA → [P0] IDLE
[T+865983921us][CH1-PC ] 51 20 FA → [P1] POLL
[T+865988921us][CH2-DEVICE] 51 70 FA → [P1] IDLE
[T+866124945us][CH1-PC ] 52 20 FA → [P2] POLL
[T+866153923us][CH2-DEVICE] 52 33 02 08 00 00 13 85 00 14 54 25 7F 2B 03 FA → [P2] SEQ=33 FILL vol=13.85L price=1454.25
[T+866204921us][CH1-PC ] 52 C0 FA → [P2] ACK
[T+866342921us][CH1-PC ] 53 20 FA → [P3] POLL
[T+866347921us][CH2-DEVICE] 53 70 FA → [P3] IDLE
[T+866483946us][CH1-PC ] 50 20 FA → [P0] POLL
[T+866488921us][CH2-DEVICE] 50 70 FA → [P0] IDLE
[T+866623921us][CH1-PC ] 51 20 FA → [P1] POLL
[T+866628921us][CH2-DEVICE] 51 70 FA → [P1] IDLE
[T+866765945us][CH1-PC ] 52 20 FA → [P2] POLL
[T+866792921us][CH2-DEVICE] 52 34 02 08 00 00 14 14 00 14 84 70 04 CA 03 FA → [P2] SEQ=34 FILL vol=14.14L price=1484.70
[T+866844945us][CH1-PC ] 52 C0 FA → [P2] ACK
[T+866983921us][CH1-PC ] 53 20 FA → [P3] POLL
[T+866989939us][CH2-DEVICE] 53 70 FA → [P3] IDLE
[T+867123921us][CH1-PC ] 50 20 FA → [P0] POLL
[T+867128921us][CH2-DEVICE] 50 70 FA → [P0] IDLE
[T+867264945us][CH1-PC ] 51 20 FA → [P1] POLL
[T+867269921us][CH2-DEVICE] 51 70 FA → [P1] IDLE
[T+867405945us][CH1-PC ] 52 20 FA → [P2] POLL
[T+867433945us][CH2-DEVICE] 52 35 02 08 00 00 14 41 00 15 13 05 F2 2D 03 FA → [P2] SEQ=35 FILL vol=14.41L price=1513.05
[T+867485952us][CH1-PC ] 52 C0 FA → [P2] ACK
[T+867623921us][CH1-PC ] 53 20 FA → [P3] POLL
[T+867629921us][CH2-DEVICE] 53 70 FA → [P3] IDLE
[T+867764921us][CH1-PC ] 50 20 FA → [P0] POLL
[T+867770601us][CH2-DEVICE] 50 70 FA → [P0] IDLE
[T+867904928us][CH1-PC ] 51 20 FA → [P1] POLL
[T+867910921us][CH2-DEVICE] 51 70 FA → [P1] IDLE
[T+868046962us][CH1-PC ] 52 20 FA → [P2] POLL
[T+868072921us][CH2-DEVICE] 52 36 02 08 00 00 14 70 00 15 43 50 7C 92 03 FA → [P2] SEQ=36 FILL vol=14.70L price=1543.50
[T+868125921us][CH1-PC ] 52 C0 FA → [P2] ACK
[T+868264945us][CH1-PC ] 53 20 FA → [P3] POLL
[T+868269921us][CH2-DEVICE] 53 70 FA → [P3] IDLE
[T+868405921us][CH1-PC ] 50 20 FA → [P0] POLL
[T+868410921us][CH2-DEVICE] 50 70 FA → [P0] IDLE
[T+868545921us][CH1-PC ] 51 20 FA → [P1] POLL
[T+868551930us][CH2-DEVICE] 51 70 FA → [P1] IDLE
[T+868687945us][CH1-PC ] 52 20 FA → [P2] POLL
[T+868713921us][CH2-DEVICE] 52 37 02 08 00 00 15 02 00 15 77 10 56 84 03 FA → [P2] SEQ=37 FILL vol=15.02L price=1577.10
[T+868766921us][CH1-PC ] 52 C0 FA → [P2] ACK
[T+868905945us][CH1-PC ] 53 20 FA → [P3] POLL
[T+868911600us][CH2-DEVICE] 53 70 FA → [P3] IDLE
[T+869045921us][CH1-PC ] 50 20 FA → [P0] POLL
[T+869051921us][CH2-DEVICE] 50 70 FA → [P0] IDLE
[T+869186929us][CH1-PC ] 51 20 FA → [P1] POLL
[T+869191921us][CH2-DEVICE] 51 70 FA → [P1] IDLE
[T+869327998us][CH1-PC ] 52 20 FA → [P2] POLL
[T+869354921us][CH2-DEVICE] 52 38 02 08 00 00 15 30 00 16 06 50 8A F4 03 FA → [P2] SEQ=38 FILL vol=15.30L price=1606.50
[T+869406945us][CH1-PC ] 52 C0 FA → [P2] ACK
[T+869545921us][CH1-PC ] 53 20 FA → [P3] POLL
[T+869550921us][CH2-DEVICE] 53 70 FA → [P3] IDLE
[T+869686945us][CH1-PC ] 50 20 FA → [P0] POLL
[T+869691921us][CH2-DEVICE] 50 70 FA → [P0] IDLE
[T+869826921us][CH1-PC ] 51 20 FA → [P1] POLL
[T+869831921us][CH2-DEVICE] 51 70 FA → [P1] IDLE
[T+869968921us][CH1-PC ] 52 20 FA → [P2] POLL
[T+869995921us][CH2-DEVICE] 52 39 02 08 00 00 15 58 00 16 35 90 FB 61 03 FA → [P2] SEQ=39 FILL vol=15.58L price=1635.90
[T+870047955us][CH1-PC ] 52 C0 FA → [P2] ACK
[T+870186921us][CH1-PC ] 53 20 FA → [P3] POLL
[T+870191921us][CH2-DEVICE] 53 70 FA → [P3] IDLE
[T+870326921us][CH1-PC ] 50 20 FA → [P0] POLL
[T+870332392us][CH2-DEVICE] 50 70 FA → [P0] IDLE
[T+870467945us][CH1-PC ] 51 20 FA → [P1] POLL
[T+870473020us][CH2-DEVICE] 51 70 FA → [P1] IDLE
[T+870609921us][CH1-PC ] 52 20 FA → [P2] POLL
[T+870637079us][CH2-DEVICE] 52 3A 02 08 00 00 15 86 00 16 65 30 60 4E 03 FA → [P2] SEQ=3A FILL vol=15.86L price=1665.30
[T+870688945us][CH1-PC ] 52 C0 FA → [P2] ACK
[T+870826921us][CH1-PC ] 53 20 FA → [P3] POLL
[T+870831921us][CH2-DEVICE] 53 70 FA → [P3] IDLE
[T+870967945us][CH1-PC ] 50 20 FA → [P0] POLL
[T+870973006us][CH2-DEVICE] 50 70 FA → [P0] IDLE
[T+871108945us][CH1-PC ] 51 20 FA → [P1] POLL
[T+871112949us][CH2-DEVICE] 51 70 FA → [P1] IDLE
[T+871249947us][CH1-PC ] 52 20 FA → [P2] POLL
[T+871276921us][CH2-DEVICE] 52 3B 02 08 00 00 16 14 00 16 94 70 99 3C 03 FA → [P2] SEQ=3B FILL vol=16.14L price=1694.70
[T+871329921us][CH1-PC ] 52 C0 FA → [P2] ACK
[T+871467921us][CH1-PC ] 53 20 FA → [P3] POLL
[T+871473001us][CH2-DEVICE] 53 70 FA → [P3] IDLE
[T+871608945us][CH1-PC ] 50 20 FA → [P0] POLL
[T+871614921us][CH2-DEVICE] 50 70 FA → [P0] IDLE
[T+871748921us][CH1-PC ] 51 20 FA → [P1] POLL
[T+871753921us][CH2-DEVICE] 51 70 FA → [P1] IDLE
[T+871890921us][CH1-PC ] 52 20 FA → [P2] POLL
[T+871916921us][CH2-DEVICE] 52 3C 02 08 00 00 16 47 00 17 29 35 E6 27 03 FA → [P2] SEQ=3C FILL vol=16.47L price=1729.35
[T+871969921us][CH1-PC ] 52 C0 FA → [P2] ACK
[T+872107921us][CH1-PC ] 53 20 FA → [P3] POLL
[T+872112921us][CH2-DEVICE] 53 70 FA → [P3] IDLE
[T+872248945us][CH1-PC ] 50 20 FA → [P0] POLL
[T+872253921us][CH2-DEVICE] 50 70 FA → [P0] IDLE
[T+872389945us][CH1-PC ] 51 20 FA → [P1] POLL
[T+872394921us][CH2-DEVICE] 51 70 FA → [P1] IDLE
[T+872531022us][CH1-PC ] 52 20 FA → [P2] POLL
[T+872557921us][CH2-DEVICE] 52 3D 02 08 00 00 16 75 00 17 58 75 FE BF 03 FA → [P2] SEQ=3D FILL vol=16.75L price=1758.75
[T+872610921us][CH1-PC ] 52 C0 FA → [P2] ACK
[T+872748921us][CH1-PC ] 53 20 FA → [P3] POLL
[T+872753921us][CH2-DEVICE] 53 70 FA → [P3] IDLE
[T+872889945us][CH1-PC ] 50 20 FA → [P0] POLL
[T+872894921us][CH2-DEVICE] 50 70 FA → [P0] IDLE
[T+873029921us][CH1-PC ] 51 20 FA → [P1] POLL
[T+873035921us][CH2-DEVICE] 51 70 FA → [P1] IDLE
[T+873171945us][CH1-PC ] 52 20 FA → [P2] POLL
[T+873197921us][CH2-DEVICE] 52 3E 02 08 00 00 17 03 00 17 88 15 64 09 03 FA → [P2] SEQ=3E FILL vol=17.03L price=1788.15
[T+873250921us][CH1-PC ] 52 C0 FA → [P2] ACK
[T+873389945us][CH1-PC ] 53 20 FA → [P3] POLL
[T+873393949us][CH2-DEVICE] 53 70 FA → [P3] IDLE
[T+873529951us][CH1-PC ] 50 20 FA → [P0] POLL
[T+873535929us][CH2-DEVICE] 50 70 FA → [P0] IDLE
[T+873670921us][CH1-PC ] 51 20 FA → [P1] POLL
[T+873675921us][CH2-DEVICE] 51 70 FA → [P1] IDLE
[T+873812921us][CH1-PC ] 52 20 FA → [P2] POLL
[T+873838921us][CH2-DEVICE] 52 3F 02 08 00 00 17 31 00 18 17 55 01 32 03 FA → [P2] SEQ=3F FILL vol=17.31L price=1817.55
[T+873891921us][CH1-PC ] 52 C0 FA → [P2] ACK
[T+874029921us][CH1-PC ] 53 20 FA → [P3] POLL
[T+874034921us][CH2-DEVICE] 53 70 FA → [P3] IDLE
[T+874170921us][CH1-PC ] 50 20 FA → [P0] POLL
[T+874175921us][CH2-DEVICE] 50 70 FA → [P0] IDLE
[T+874311945us][CH1-PC ] 51 20 FA → [P1] POLL
[T+874316921us][CH2-DEVICE] 51 70 FA → [P1] IDLE
[T+874452950us][CH1-PC ] 52 20 FA → [P2] POLL
[T+874478921us][CH2-DEVICE] 52 31 02 08 00 00 17 60 00 18 48 00 31 D9 03 FA → [P2] SEQ=31 FILL vol=17.60L price=1848.00
[T+874531921us][CH1-PC ] 52 C0 FA → [P2] ACK
[T+874670945us][CH1-PC ] 53 20 FA → [P3] POLL
[T+874675921us][CH2-DEVICE] 53 70 FA → [P3] IDLE
[T+874811962us][CH1-PC ] 50 20 FA → [P0] POLL
[T+874815950us][CH2-DEVICE] 50 70 FA → [P0] IDLE
[T+874951945us][CH1-PC ] 51 20 FA → [P1] POLL
[T+874957929us][CH2-DEVICE] 51 70 FA → [P1] IDLE
[T+875092921us][CH1-PC ] 52 20 FA → [P2] POLL
[T+875118921us][CH2-DEVICE] 52 32 02 08 00 00 17 92 00 18 81 60 51 30 03 FA → [P2] SEQ=32 FILL vol=17.92L price=1881.60
[T+875172921us][CH1-PC ] 52 C0 FA → [P2] ACK
[T+875311921us][CH1-PC ] 53 20 FA → [P3] POLL
[T+875315950us][CH2-DEVICE] 53 70 FA → [P3] IDLE
[T+875451945us][CH1-PC ] 50 20 FA → [P0] POLL
[T+875456921us][CH2-DEVICE] 50 70 FA → [P0] IDLE
[T+875592921us][CH1-PC ] 51 20 FA → [P1] POLL
[T+875596968us][CH2-DEVICE] 51 70 FA → [P1] IDLE
[T+875733921us][CH1-PC ] 52 20 FA → [P2] POLL
[T+875762921us][CH2-DEVICE] 52 33 02 08 00 00 18 21 00 19 12 05 AD F2 03 FA → [P2] SEQ=33 FILL vol=18.21L price=1912.05
[T+875813921us][CH1-PC ] 52 C0 FA → [P2] ACK
[T+875951921us][CH1-PC ] 53 20 FA → [P3] POLL
[T+875957930us][CH2-DEVICE] 53 70 FA → [P3] IDLE
[T+876092922us][CH1-PC ] 50 20 FA → [P0] POLL
[T+876097921us][CH2-DEVICE] 50 70 FA → [P0] IDLE
[T+876232921us][CH1-PC ] 51 20 FA → [P1] POLL
[T+876237921us][CH2-DEVICE] 51 70 FA → [P1] IDLE
[T+876374921us][CH1-PC ] 52 20 FA → [P2] POLL
[T+876401921us][CH2-DEVICE] 52 34 02 08 00 00 18 49 00 19 41 45 EB 4F 03 FA → [P2] SEQ=34 FILL vol=18.49L price=1941.45
[T+876453945us][CH1-PC ] 52 C0 FA → [P2] ACK
[T+876592921us][CH1-PC ] 53 20 FA → [P3] POLL
[T+876596949us][CH2-DEVICE] 53 70 FA → [P3] IDLE
[T+876732945us][CH1-PC ] 50 20 FA → [P0] POLL
[T+876738930us][CH2-DEVICE] 50 70 FA → [P0] IDLE
[T+876873921us][CH1-PC ] 51 20 FA → [P1] POLL
[T+876878921us][CH2-DEVICE] 51 70 FA → [P1] IDLE
[T+877014946us][CH1-PC ] 52 20 FA → [P2] POLL
[T+877041921us][CH2-DEVICE] 52 35 02 08 00 00 18 76 00 19 69 80 25 E5 03 FA → [P2] SEQ=35 FILL vol=18.76L price=1969.80
[T+877094921us][CH1-PC ] 52 C0 FA → [P2] ACK
[T+877232921us][CH1-PC ] 53 20 FA → [P3] POLL
[T+877237921us][CH2-DEVICE] 53 70 FA → [P3] IDLE
[T+877373946us][CH1-PC ] 50 20 FA → [P0] POLL
[T+877378921us][CH2-DEVICE] 50 70 FA → [P0] IDLE
[T+877513921us][CH1-PC ] 51 20 FA → [P1] POLL
[T+877520078us][CH2-DEVICE] 51 70 FA → [P1] IDLE
[T+877655945us][CH1-PC ] 52 20 FA → [P2] POLL
[T+877681921us][CH2-DEVICE] 52 36 02 08 00 00 19 04 00 19 99 20 57 03 03 FA → [P2] SEQ=36 FILL vol=19.04L price=1999.20
[T+877734921us][CH1-PC ] 52 C0 FA → [P2] ACK
[T+877873945us][CH1-PC ] 53 20 FA → [P3] POLL
[T+877879596us][CH2-DEVICE] 53 70 FA → [P3] IDLE
[T+878013921us][CH1-PC ] 50 20 FA → [P0] POLL
[T+878018921us][CH2-DEVICE] 50 70 FA → [P0] IDLE
[T+878155356us][CH1-PC ] 51 20 FA → [P1] POLL
[T+878160921us][CH2-DEVICE] 51 70 FA → [P1] IDLE
[T+878295921us][CH1-PC ] 52 20 FA → [P2] POLL
[T+878323946us][CH2-DEVICE] 52 37 02 08 00 00 19 37 00 20 33 85 39 2D 03 FA → [P2] SEQ=37 FILL vol=19.37L price=2033.85
[T+878375947us][CH1-PC ] 52 C0 FA → [P2] ACK
[T+878513921us][CH1-PC ] 53 20 FA → [P3] POLL
[T+878519921us][CH2-DEVICE] 53 70 FA → [P3] IDLE
[T+878654921us][CH1-PC ] 50 20 FA → [P0] POLL
[T+878660418us][CH2-DEVICE] 50 70 FA → [P0] IDLE
[T+878795946us][CH1-PC ] 51 20 FA → [P1] POLL
[T+878802595us][CH2-DEVICE] 51 70 FA → [P1] IDLE
[T+878936921us][CH1-PC ] 52 20 FA → [P2] POLL
[T+878963921us][CH2-DEVICE] 52 38 02 08 00 00 19 65 00 20 63 25 8C 8D 03 FA → [P2] SEQ=38 FILL vol=19.65L price=2063.25
[T+879015946us][CH1-PC ] 52 C0 FA → [P2] ACK
[T+879154921us][CH1-PC ] 53 20 FA → [P3] POLL
[T+879159921us][CH2-DEVICE] 53 70 FA → [P3] IDLE
[T+879295948us][CH1-PC ] 50 20 FA → [P0] POLL
[T+879300921us][CH2-DEVICE] 50 70 FA → [P0] IDLE
[T+879435921us][CH1-PC ] 51 20 FA → [P1] POLL
[T+879442602us][CH2-DEVICE] 51 70 FA → [P1] IDLE
[T+879577922us][CH1-PC ] 52 20 FA → [P2] POLL
[T+879603921us][CH2-DEVICE] 52 39 02 08 00 00 19 83 00 20 82 15 C9 E3 03 FA → [P2] SEQ=39 FILL vol=19.83L price=2082.15
[T+879656921us][CH1-PC ] 52 C0 FA → [P2] ACK
[T+879795962us][CH1-PC ] 53 20 FA → [P3] POLL
[T+879802930us][CH2-DEVICE] 53 70 FA → [P3] IDLE
[T+879935921us][CH1-PC ] 50 20 FA → [P0] POLL
[T+879940921us][CH2-DEVICE] 50 70 FA → [P0] IDLE
[T+880076945us][CH1-PC ] 51 20 FA → [P1] POLL
[T+880080958us][CH2-DEVICE] 51 70 FA → [P1] IDLE
[T+880217921us][CH1-PC ] 52 20 FA → [P2] POLL
[T+880224094us][CH2-DEVICE] 52 70 FA → [P2] IDLE
[T+880302921us][CH1-PC ] 52 30 01 01 04 E7 5F 03 FA → [P2] DISP st=04(BUSY) [01 01 04]
[T+880307921us][CH2-DEVICE] 52 C0 FA → [P2] ACK
[T+880513921us][CH1-PC ] 53 20 FA → [P3] POLL
[T+880519921us][CH2-DEVICE] 53 70 FA → [P3] IDLE
[T+880654921us][CH1-PC ] 50 20 FA → [P0] POLL
[T+880658950us][CH2-DEVICE] 50 70 FA → [P0] IDLE
[T+880795921us][CH1-PC ] 51 20 FA → [P1] POLL
[T+880800921us][CH2-DEVICE] 51 70 FA → [P1] IDLE
[T+880936945us][CH1-PC ] 52 20 FA → [P2] POLL
[T+880973921us][CH2-DEVICE] 52 3A 02 08 00 00 19 84 00 20 83 20 03 04 01 05 00 12 10 FA 07 03 FA → [P2] SEQ=3A FILL vol=19.84L price=2083.20
[T+881016921us][CH1-PC ] 52 C0 FA → [P2] ACK
[T+881154921us][CH1-PC ] 53 20 FA → [P3] POLL
[T+881159921us][CH2-DEVICE] 53 70 FA → [P3] IDLE
[T+881294921us][CH1-PC ] 50 20 FA → [P0] POLL
[T+881300420us][CH2-DEVICE] 50 70 FA → [P0] IDLE
[T+881435947us][CH1-PC ] 51 20 FA → [P1] POLL
[T+881440921us][CH2-DEVICE] 51 70 FA → [P1] IDLE
[T+881576945us][CH1-PC ] 52 20 FA → [P2] POLL
[T+881605921us][CH2-DEVICE] 52 3B 02 08 00 00 19 85 00 20 84 25 49 EF 03 FA → [P2] SEQ=3B FILL vol=19.85L price=2084.25
[T+881656921us][CH1-PC ] 52 C0 FA → [P2] ACK
[T+881794921us][CH1-PC ] 53 20 FA → [P3] POLL
[T+881799921us][CH2-DEVICE] 53 70 FA → [P3] IDLE
[T+881935947us][CH1-PC ] 50 20 FA → [P0] POLL
[T+881940921us][CH2-DEVICE] 50 70 FA → [P0] IDLE
[T+882076945us][CH1-PC ] 51 20 FA → [P1] POLL
[T+882082921us][CH2-DEVICE] 51 70 FA → [P1] IDLE
[T+882217921us][CH1-PC ] 52 20 FA → [P2] POLL
[T+882244921us][CH2-DEVICE] 52 3C 02 08 00 00 19 86 00 20 85 30 D7 C4 03 FA → [P2] SEQ=3C FILL vol=19.86L price=2085.30
[T+882297921us][CH1-PC ] 52 C0 FA → [P2] ACK
[T+882435926us][CH1-PC ] 53 20 FA → [P3] POLL
[T+882441420us][CH2-DEVICE] 53 70 FA → [P3] IDLE
[T+882576947us][CH1-PC ] 50 20 FA → [P0] POLL
[T+882581921us][CH2-DEVICE] 50 70 FA → [P0] IDLE
[T+882716921us][CH1-PC ] 51 20 FA → [P1] POLL
[T+882723082us][CH2-DEVICE] 51 70 FA → [P1] IDLE
[T+882858945us][CH1-PC ] 52 20 FA → [P2] POLL
[T+882885921us][CH2-DEVICE] 52 3D 02 08 00 00 19 87 00 20 86 35 2E 0B 03 FA → [P2] SEQ=3D FILL vol=19.87L price=2086.35
[T+882937945us][CH1-PC ] 52 C0 FA → [P2] ACK
[T+883076921us][CH1-PC ] 53 20 FA → [P3] POLL
[T+883083946us][CH2-DEVICE] 53 70 FA → [P3] IDLE
[T+883216921us][CH1-PC ] 50 20 FA → [P0] POLL
[T+883221921us][CH2-DEVICE] 50 70 FA → [P0] IDLE
[T+883357947us][CH1-PC ] 51 20 FA → [P1] POLL
[T+883362921us][CH2-DEVICE] 51 70 FA → [P1] IDLE
[T+883498945us][CH1-PC ] 52 20 FA → [P2] POLL
[T+883525921us][CH2-DEVICE] 52 3E 02 08 00 00 19 88 00 20 87 40 B5 39 03 FA → [P2] SEQ=3E FILL vol=19.88L price=2087.40
[T+883578921us][CH1-PC ] 52 C0 FA → [P2] ACK
[T+883716921us][CH1-PC ] 53 20 FA → [P3] POLL
[T+883723921us][CH2-DEVICE] 53 70 FA → [P3] IDLE
[T+883857965us][CH1-PC ] 50 20 FA → [P0] POLL
[T+883863960us][CH2-DEVICE] 50 70 FA → [P0] IDLE
[T+883997921us][CH1-PC ] 51 20 FA → [P1] POLL
[T+884002921us][CH2-DEVICE] 51 70 FA → [P1] IDLE
[T+884139921us][CH1-PC ] 52 20 FA → [P2] POLL
[T+884164921us][CH2-DEVICE] 52 3F 02 08 00 00 19 89 00 20 88 45 49 F6 03 FA → [P2] SEQ=3F FILL vol=19.89L price=2088.45
[T+884218921us][CH1-PC ] 52 C0 FA → [P2] ACK
[T+884357921us][CH1-PC ] 53 20 FA → [P3] POLL
[T+884362921us][CH2-DEVICE] 53 70 FA → [P3] IDLE
[T+884497921us][CH1-PC ] 50 20 FA → [P0] POLL
[T+884502921us][CH2-DEVICE] 50 70 FA → [P0] IDLE
[T+884638946us][CH1-PC ] 51 20 FA → [P1] POLL
[T+884643921us][CH2-DEVICE] 51 70 FA → [P1] IDLE
[T+884779947us][CH1-PC ] 52 20 FA → [P2] POLL
[T+884807946us][CH2-DEVICE] 52 31 02 08 00 00 19 90 00 20 89 50 A0 83 03 FA → [P2] SEQ=31 FILL vol=19.90L price=2089.50
[T+884859945us][CH1-PC ] 52 C0 FA → [P2] ACK
[T+884997921us][CH1-PC ] 53 20 FA → [P3] POLL
[T+885002921us][CH2-DEVICE] 53 70 FA → [P3] IDLE
[T+885138946us][CH1-PC ] 50 20 FA → [P0] POLL
[T+885144921us][CH2-DEVICE] 50 70 FA → [P0] IDLE
[T+885279921us][CH1-PC ] 51 20 FA → [P1] POLL
[T+885284921us][CH2-DEVICE] 51 70 FA → [P1] IDLE
[T+885420945us][CH1-PC ] 52 20 FA → [P2] POLL
[T+885426599us][CH2-DEVICE] 52 70 FA → [P2] IDLE
[T+885505962us][CH1-PC ] 52 30 01 01 04 E7 5F 03 FA → [P2] DISP st=04(BUSY) [01 01 04]
[T+885510921us][CH2-DEVICE] 52 C0 FA → [P2] ACK
[T+885716921us][CH1-PC ] 53 20 FA → [P3] POLL
[T+885721921us][CH2-DEVICE] 53 70 FA → [P3] IDLE
[T+885857946us][CH1-PC ] 50 20 FA → [P0] POLL
[T+885863921us][CH2-DEVICE] 50 70 FA → [P0] IDLE
[T+885997921us][CH1-PC ] 51 20 FA → [P1] POLL
[T+886004409us][CH2-DEVICE] 51 70 FA → [P1] IDLE
[T+886139945us][CH1-PC ] 52 20 FA → [P2] POLL
[T+886176921us][CH2-DEVICE] 52 32 02 08 00 00 19 91 00 20 90 55 03 04 01 05 00 12 5D 17 03 FA → [P2] SEQ=32 FILL vol=19.91L price=2090.55
[T+886219921us][CH1-PC ] 52 C0 FA → [P2] ACK
[T+886357921us][CH1-PC ] 53 20 FA → [P3] POLL
[T+886362921us][CH2-DEVICE] 53 70 FA → [P3] IDLE
[T+886497921us][CH1-PC ] 50 20 FA → [P0] POLL
[T+886503921us][CH2-DEVICE] 50 70 FA → [P0] IDLE
[T+886639083us][CH1-PC ] 51 20 FA → [P1] POLL
[T+886643921us][CH2-DEVICE] 51 70 FA → [P1] IDLE
[T+886779949us][CH1-PC ] 52 20 FA → [P2] POLL
[T+886806921us][CH2-DEVICE] 52 33 02 08 00 00 19 92 00 20 91 60 D8 EF 03 FA → [P2] SEQ=33 FILL vol=19.92L price=2091.60
[T+886859921us][CH1-PC ] 52 C0 FA → [P2] ACK
[T+886997921us][CH1-PC ] 53 20 FA → [P3] POLL
[T+887002921us][CH2-DEVICE] 53 70 FA → [P3] IDLE
[T+887138945us][CH1-PC ] 50 20 FA → [P0] POLL
[T+887143921us][CH2-DEVICE] 50 70 FA → [P0] IDLE
[T+887279921us][CH1-PC ] 51 20 FA → [P1] POLL
[T+887284921us][CH2-DEVICE] 51 70 FA → [P1] IDLE
[T+887420947us][CH1-PC ] 52 20 FA → [P2] POLL
[T+887427929us][CH2-DEVICE] 52 70 FA → [P2] IDLE
[T+887504946us][CH1-PC ] 52 30 01 01 04 E7 5F 03 FA → [P2] DISP st=04(BUSY) [01 01 04]
[T+887511921us][CH2-DEVICE] 52 C0 FA → [P2] ACK
[T+887716921us][CH1-PC ] 53 20 FA → [P3] POLL
[T+887723082us][CH2-DEVICE] 53 70 FA → [P3] IDLE
[T+887857921us][CH1-PC ] 50 20 FA → [P0] POLL
[T+887863807us][CH2-DEVICE] 50 70 FA → [P0] IDLE
[T+887997921us][CH1-PC ] 51 20 FA → [P1] POLL
[T+888002921us][CH2-DEVICE] 51 70 FA → [P1] IDLE
[T+888139921us][CH1-PC ] 52 20 FA → [P2] POLL
[T+888176921us][CH2-DEVICE] 52 34 02 08 00 00 19 93 00 20 92 65 03 04 01 05 00 12 04 D4 03 FA → [P2] SEQ=34 FILL vol=19.93L price=2092.65
[T+888219921us][CH1-PC ] 52 C0 FA → [P2] ACK
[T+888357921us][CH1-PC ] 53 20 FA → [P3] POLL
[T+888363921us][CH2-DEVICE] 53 70 FA → [P3] IDLE
[T+888497921us][CH1-PC ] 50 20 FA → [P0] POLL
[T+888503597us][CH2-DEVICE] 50 70 FA → [P0] IDLE
[T+888638922us][CH1-PC ] 51 20 FA → [P1] POLL
[T+888643921us][CH2-DEVICE] 51 70 FA → [P1] IDLE
[T+888779945us][CH1-PC ] 52 20 FA → [P2] POLL
[T+888807945us][CH2-DEVICE] 52 35 02 08 00 00 19 94 00 20 93 70 4E CB 03 FA → [P2] SEQ=35 FILL vol=19.94L price=2093.70
[T+888859945us][CH1-PC ] 52 C0 FA → [P2] ACK
[T+888997921us][CH1-PC ] 53 20 FA → [P3] POLL
[T+889005597us][CH2-DEVICE] 53 70 FA → [P3] IDLE
[T+889138921us][CH1-PC ] 50 20 FA → [P0] POLL
[T+889143921us][CH2-DEVICE] 50 70 FA → [P0] IDLE
[T+889278921us][CH1-PC ] 51 20 FA → [P1] POLL
[T+889285566us][CH2-DEVICE] 51 70 FA → [P1] IDLE
[T+889420945us][CH1-PC ] 52 20 FA → [P2] POLL
[T+889425921us][CH2-DEVICE] 52 70 FA → [P2] IDLE
[T+889504921us][CH1-PC ] 52 30 01 01 04 E7 5F 03 FA → [P2] DISP st=04(BUSY) [01 01 04]
[T+889510921us][CH2-DEVICE] 52 C0 FA → [P2] ACK
[T+889716921us][CH1-PC ] 53 20 FA → [P3] POLL
[T+889723077us][CH2-DEVICE] 53 70 FA → [P3] IDLE
[T+889857929us][CH1-PC ] 50 20 FA → [P0] POLL
[T+889863598us][CH2-DEVICE] 50 70 FA → [P0] IDLE
[T+889997921us][CH1-PC ] 51 20 FA → [P1] POLL
[T+890002921us][CH2-DEVICE] 51 70 FA → [P1] IDLE
[T+890139921us][CH1-PC ] 52 20 FA → [P2] POLL
[T+890177921us][CH2-DEVICE] 52 36 02 08 00 00 19 96 00 20 95 80 03 04 01 05 00 12 41 50 03 FA → [P2] SEQ=36 FILL vol=19.96L price=2095.80
[T+890219922us][CH1-PC ] 52 C0 FA → [P2] ACK
[T+890357945us][CH1-PC ] 53 20 FA → [P3] POLL
[T+890362921us][CH2-DEVICE] 53 70 FA → [P3] IDLE
[T+890497921us][CH1-PC ] 50 20 FA → [P0] POLL
[T+890503921us][CH2-DEVICE] 50 70 FA → [P0] IDLE
[T+890638922us][CH1-PC ] 51 20 FA → [P1] POLL
[T+890643921us][CH2-DEVICE] 51 70 FA → [P1] IDLE
[T+890779945us][CH1-PC ] 52 20 FA → [P2] POLL
[T+890806921us][CH2-DEVICE] 52 37 02 08 00 00 19 97 00 20 96 85 C2 64 03 FA → [P2] SEQ=37 FILL vol=19.97L price=2096.85
[T+890859921us][CH1-PC ] 52 C0 FA → [P2] ACK
[T+890997921us][CH1-PC ] 53 20 FA → [P3] POLL
[T+891002921us][CH2-DEVICE] 53 70 FA → [P3] IDLE
[T+891138947us][CH1-PC ] 50 20 FA → [P0] POLL
[T+891143921us][CH2-DEVICE] 50 70 FA → [P0] IDLE
[T+891278921us][CH1-PC ] 51 20 FA → [P1] POLL
[T+891284921us][CH2-DEVICE] 51 70 FA → [P1] IDLE
[T+891420946us][CH1-PC ] 52 20 FA → [P2] POLL
[T+891449009us][CH2-DEVICE] 52 38 02 08 00 00 19 98 00 20 97 90 66 2E 03 FA → [P2] SEQ=38 FILL vol=19.98L price=2097.90
[T+891499921us][CH1-PC ] 52 C0 FA → [P2] ACK
[T+891638921us][CH1-PC ] 53 20 FA → [P3] POLL
[T+891643921us][CH2-DEVICE] 53 70 FA → [P3] IDLE
[T+891778921us][CH1-PC ] 50 20 FA → [P0] POLL
[T+891783921us][CH2-DEVICE] 50 70 FA → [P0] IDLE
[T+891919947us][CH1-PC ] 51 20 FA → [P1] POLL
[T+891924921us][CH2-DEVICE] 51 70 FA → [P1] IDLE
[T+892060966us][CH1-PC ] 52 20 FA → [P2] POLL
[T+892068422us][CH2-DEVICE] 52 70 FA → [P2] IDLE
[T+892145921us][CH1-PC ] 52 30 01 01 04 E7 5F 03 FA → [P2] DISP st=04(BUSY) [01 01 04]
[T+892151921us][CH2-DEVICE] 52 C0 FA → [P2] ACK
[T+892357921us][CH1-PC ] 53 20 FA → [P3] POLL
[T+892363921us][CH2-DEVICE] 53 70 FA → [P3] IDLE
[T+892497921us][CH1-PC ] 50 20 FA → [P0] POLL
[T+892503921us][CH2-DEVICE] 50 70 FA → [P0] IDLE
[T+892638921us][CH1-PC ] 51 20 FA → [P1] POLL
[T+892643921us][CH2-DEVICE] 51 70 FA → [P1] IDLE
[T+892779958us][CH1-PC ] 52 20 FA → [P2] POLL
[T+892817921us][CH2-DEVICE] 52 39 02 08 00 00 19 99 00 20 98 95 03 04 01 05 00 12 C1 EF 03 FA → [P2] SEQ=39 FILL vol=19.99L price=2098.95
[T+892859921us][CH1-PC ] 52 C0 FA → [P2] ACK
[T+892997946us][CH1-PC ] 53 20 FA → [P3] POLL
[T+893002921us][CH2-DEVICE] 53 70 FA → [P3] IDLE
[T+893138945us][CH1-PC ] 50 20 FA → [P0] POLL
[T+893145596us][CH2-DEVICE] 50 70 FA → [P0] IDLE
[T+893278921us][CH1-PC ] 51 20 FA → [P1] POLL
[T+893284921us][CH2-DEVICE] 51 70 FA → [P1] IDLE
[T+893420945us][CH1-PC ] 52 20 FA → [P2] POLL
[T+893446921us][CH2-DEVICE] 52 3A 02 08 00 00 20 00 00 21 00 00 76 BF 03 FA → [P2] SEQ=3A FILL vol=20.00L price=2100.00
[T+893499921us][CH1-PC ] 52 C0 FA → [P2] ACK
[T+893638945us][CH1-PC ] 53 20 FA → [P3] POLL
[T+893644921us][CH2-DEVICE] 53 70 FA → [P3] IDLE
[T+893778921us][CH1-PC ] 50 20 FA → [P0] POLL
[T+893784598us][CH2-DEVICE] 50 70 FA → [P0] IDLE
[T+893919946us][CH1-PC ] 51 20 FA → [P1] POLL
[T+893923950us][CH2-DEVICE] 51 70 FA → [P1] IDLE
[T+894060921us][CH1-PC ] 52 20 FA → [P2] POLL
[T+894065921us][CH2-DEVICE] 52 70 FA → [P2] IDLE
[T+894145946us][CH1-PC ] 52 30 01 01 04 E7 5F 03 FA → [P2] DISP st=04(BUSY) [01 01 04]
[T+894150921us][CH2-DEVICE] 52 C0 FA → [P2] ACK
[T+894356921us][CH1-PC ] 53 20 FA → [P3] POLL
[T+894363596us][CH2-DEVICE] 53 70 FA → [P3] IDLE
[T+894498162us][CH1-PC ] 50 20 FA → [P0] POLL
[T+894501949us][CH2-DEVICE] 50 70 FA → [P0] IDLE
[T+894638921us][CH1-PC ] 51 20 FA → [P1] POLL
[T+894643921us][CH2-DEVICE] 51 70 FA → [P1] IDLE
[T+894778921us][CH1-PC ] 52 20 FA → [P2] POLL
[T+894814946us][CH2-DEVICE] 52 3B 02 08 00 00 20 00 00 21 00 00 03 04 01 05 00 12 2F 1E 03 FA → [P2] SEQ=3B FILL vol=20.00L price=2100.00
[T+894859921us][CH1-PC ] 52 C0 FA → [P2] ACK
[T+894997921us][CH1-PC ] 53 20 FA → [P3] POLL
[T+895003929us][CH2-DEVICE] 53 70 FA → [P3] IDLE
[T+895138931us][CH1-PC ] 50 20 FA → [P0] POLL
[T+895142949us][CH2-DEVICE] 50 70 FA → [P0] IDLE
[T+895278945us][CH1-PC ] 51 20 FA → [P1] POLL
[T+895283921us][CH2-DEVICE] 51 70 FA → [P1] IDLE
[T+895419945us][CH1-PC ] 52 20 FA → [P2] POLL
[T+895424921us][CH2-DEVICE] 52 70 FA → [P2] IDLE
[T+895504946us][CH1-PC ] 52 30 01 01 04 E7 5F 03 FA → [P2] DISP st=04(BUSY) [01 01 04]
[T+895512960us][CH2-DEVICE] 52 C0 FA → [P2] ACK
[T+895716945us][CH1-PC ] 53 20 FA → [P3] POLL
[T+895721921us][CH2-DEVICE] 53 70 FA → [P3] IDLE
[T+895856921us][CH1-PC ] 50 20 FA → [P0] POLL
[T+895861921us][CH2-DEVICE] 50 70 FA → [P0] IDLE
[T+895997946us][CH1-PC ] 51 20 FA → [P1] POLL
[T+896002921us][CH2-DEVICE] 51 70 FA → [P1] IDLE
[T+896138945us][CH1-PC ] 52 20 FA → [P2] POLL
[T+896174945us][CH2-DEVICE] 52 3C 02 08 00 00 20 00 00 21 00 00 03 04 01 05 00 12 9D 2F 03 FA → [P2] SEQ=3C FILL vol=20.00L price=2100.00
[T+896218945us][CH1-PC ] 52 C0 FA → [P2] ACK
[T+896356922us][CH1-PC ] 53 20 FA → [P3] POLL
[T+896361971us][CH2-DEVICE] 53 70 FA → [P3] IDLE
[T+896497945us][CH1-PC ] 50 20 FA → [P0] POLL
[T+896502921us][CH2-DEVICE] 50 70 FA → [P0] IDLE
[T+896638947us][CH1-PC ] 51 20 FA → [P1] POLL
[T+896643921us][CH2-DEVICE] 51 70 FA → [P1] IDLE
[T+896778921us][CH1-PC ] 52 20 FA → [P2] POLL
[T+896784921us][CH2-DEVICE] 52 70 FA → [P2] IDLE
[T+896863921us][CH1-PC ] 52 30 01 01 04 E7 5F 03 FA → [P2] DISP st=04(BUSY) [01 01 04]
[T+896869921us][CH2-DEVICE] 52 C0 FA → [P2] ACK
[T+897075921us][CH1-PC ] 53 20 FA → [P3] POLL
[T+897081922us][CH2-DEVICE] 53 70 FA → [P3] IDLE
[T+897216921us][CH1-PC ] 50 20 FA → [P0] POLL
[T+897220950us][CH2-DEVICE] 50 70 FA → [P0] IDLE
[T+897356948us][CH1-PC ] 51 20 FA → [P1] POLL
[T+897362921us][CH2-DEVICE] 51 70 FA → [P1] IDLE
[T+897497921us][CH1-PC ] 52 20 FA → [P2] POLL
[T+897552921us][CH2-DEVICE] 52 3D 03 04 01 05 00 02 02 08 00 00 20 00 00 21 00 00 01 01 06 03 04 01 05 00 02 01 01 05 7B 83 03 FA → [P2] SEQ=3D FILL vol=20.00L price=2100.00
[T+897578921us][CH1-PC ] 52 C0 FA → [P2] ACK
[T+897660948us][CH1-PC ] 52 30 01 01 04 E7 5F 03 FA → [P2] DISP st=04(BUSY) [01 01 04]
[T+897666921us][CH2-DEVICE] 52 C0 FA → [P2] ACK
[T+897809921us][CH1-PC ] 52 20 FA → [P2] POLL
[T+897815921us][CH2-DEVICE] 52 70 FA → [P2] IDLE
[T+897977921us][CH1-PC ] 52 30 01 01 05 26 9F 03 FA → [P2] DISP st=05(IDLE) [01 01 05]
[T+897983921us][CH2-DEVICE] 52 C0 FA → [P2] ACK
[T+898044921us][CH1-PC ] 52 C0 FA → [P2] ACK
[T+898184921us][CH1-PC ] 53 20 FA → [P3] POLL
[T+898189921us][CH2-DEVICE] 53 70 FA → [P3] IDLE
[T+898325946us][CH1-PC ] 50 20 FA → [P0] POLL
[T+898331579us][CH2-DEVICE] 50 70 FA → [P0] IDLE
[T+898466945us][CH1-PC ] 51 20 FA → [P1] POLL
[T+898471921us][CH2-DEVICE] 51 70 FA → [P1] IDLE
[T+898607945us][CH1-PC ] 52 20 FA → [P2] POLL
[T+898622928us][CH2-DEVICE] 52 3F 01 01 01 24 48 03 FA → [P2] SEQ=3F [01 01 01]
[T+898685921us][CH1-PC ] 52 C0 FA → [P2] ACK
[T+898825921us][CH1-PC ] 53 20 FA → [P3] POLL
[T+898830921us][CH2-DEVICE] 53 70 FA → [P3] IDLE
[T+898965921us][CH1-PC ] 50 20 FA → [P0] POLL
[T+898970921us][CH2-DEVICE] 50 70 FA → [P0] IDLE
[T+899106945us][CH1-PC ] 51 20 FA → [P1] POLL
[T+899111921us][CH2-DEVICE] 51 70 FA → [P1] IDLE
[T+899247946us][CH1-PC ] 52 20 FA → [P2] POLL
[T+899253921us][CH2-DEVICE] 52 70 FA → [P2] IDLE
[T+899387921us][CH1-PC ] 53 20 FA → [P3] POLL
[T+899393930us][CH2-DEVICE] 53 70 FA → [P3] IDLE
[T+899528921us][CH1-PC ] 50 20 FA → [P0] POLL
[T+899533921us][CH2-DEVICE] 50 70 FA → [P0] IDLE
[T+899669945us][CH1-PC ] 51 20 FA → [P1] POLL
[T+899674921us][CH2-DEVICE] 51 70 FA → [P1] IDLE
[T+899809921us][CH1-PC ] 52 20 FA → [P2] POLL
[T+899814921us][CH2-DEVICE] 52 70 FA → [P2] IDLE
[T+899950951us][CH1-PC ] 53 20 FA → [P3] POLL
[T+899957598us][CH2-DEVICE] 53 70 FA → [P3] IDLE
[T+900090921us][CH1-PC ] 50 20 FA → [P0] POLL
[T+900095921us][CH2-DEVICE] 50 70 FA → [P0] IDLE
[T+900231946us][CH1-PC ] 51 20 FA → [P1] POLL
[T+900238921us][CH2-DEVICE] 51 70 FA → [P1] IDLE
[T+900372921us][CH1-PC ] 52 20 FA → [P2] POLL
[T+900378590us][CH2-DEVICE] 52 70 FA → [P2] IDLE
[T+900512921us][CH1-PC ] 53 20 FA → [P3] POLL
[T+900517921us][CH2-DEVICE] 53 70 FA → [P3] IDLE
[T+900653945us][CH1-PC ] 50 20 FA → [P0] POLL
[T+900658921us][CH2-DEVICE] 50 70 FA → [P0] IDLE
[T+900794945us][CH1-PC ] 51 20 FA → [P1] POLL
[T+900798949us][CH2-DEVICE] 51 70 FA → [P1] IDLE
[T+900934945us][CH1-PC ] 52 20 FA → [P2] POLL
[T+900939921us][CH2-DEVICE] 52 70 FA → [P2] IDLE
[T+901075949us][CH1-PC ] 53 20 FA → [P3] POLL
[T+901081921us][CH2-DEVICE] 53 70 FA → [P3] IDLE
[T+901215921us][CH1-PC ] 50 20 FA → [P0] POLL
[T+901221921us][CH2-DEVICE] 50 70 FA → [P0] IDLE
[T+901356921us][CH1-PC ] 51 20 FA → [P1] POLL
[T+901362598us][CH2-DEVICE] 51 70 FA → [P1] IDLE
[T+901497945us][CH1-PC ] 52 20 FA → [P2] POLL
[T+901504120us][CH2-DEVICE] 52 70 FA → [P2] IDLE
[T+901637921us][CH1-PC ] 53 20 FA → [P3] POLL
[T+901643921us][CH2-DEVICE] 53 70 FA → [P3] IDLE
[T+901778921us][CH1-PC ] 50 20 FA → [P0] POLL
[T+901783921us][CH2-DEVICE] 50 70 FA → [P0] IDLE
[T+901919921us][CH1-PC ] 51 20 FA → [P1] POLL
[T+901924921us][CH2-DEVICE] 51 70 FA → [P1] IDLE
[T+902059921us][CH1-PC ] 52 20 FA → [P2] POLL
[T+902065921us][CH2-DEVICE] 52 70 FA → [P2] IDLE
[T+902200921us][CH1-PC ] 53 20 FA → [P3] POLL
[T+902206596us][CH2-DEVICE] 53 70 FA → [P3] IDLE
[T+902340921us][CH1-PC ] 50 20 FA → [P0] POLL
[T+902345921us][CH2-DEVICE] 50 70 FA → [P0] IDLE
[T+902481946us][CH1-PC ] 51 20 FA → [P1] POLL
[T+902486921us][CH2-DEVICE] 51 70 FA → [P1] IDLE
[T+902623302us][CH1-PC ] 52 20 FA → [P2] POLL
[T+902627921us][CH2-DEVICE] 52 70 FA → [P2] IDLE
[T+902762921us][CH1-PC ] 53 20 FA → [P3] POLL
[T+902767921us][CH2-DEVICE] 53 70 FA → [P3] IDLE
[T+902903945us][CH1-PC ] 50 20 FA → [P0] POLL
[T+902908921us][CH2-DEVICE] 50 70 FA → [P0] IDLE
[T+903043921us][CH1-PC ] 51 20 FA → [P1] POLL
[T+903048921us][CH2-DEVICE] 51 70 FA → [P1] IDLE
[T+903184945us][CH1-PC ] 52 20 FA → [P2] POLL
[T+903189921us][CH2-DEVICE] 52 70 FA → [P2] IDLE
[T+903325947us][CH1-PC ] 53 20 FA → [P3] POLL
[T+903330921us][CH2-DEVICE] 53 70 FA → [P3] IDLE
[T+903465921us][CH1-PC ] 50 20 FA → [P0] POLL
[T+903470921us][CH2-DEVICE] 50 70 FA → [P0] IDLE