[T+43670006us][CH1-PC ] 51 20 FA → [P1] POLL
[T+43674921us][CH2-DEVICE] 51 70 FA → [P1] IDLE
[T+43810945us][CH1-PC ] 52 20 FA → [P2] POLL
[T+43815921us][CH2-DEVICE] 52 70 FA → [P2] IDLE
[T+43950921us][CH1-PC ] 53 20 FA → [P3] POLL
[T+43955921us][CH2-DEVICE] 53 70 FA → [P3] IDLE
[T+44091946us][CH1-PC ] 50 20 FA → [P0] POLL
[T+44096921us][CH2-DEVICE] 50 70 FA → [P0] IDLE
[T+44232945us][CH1-PC ] 51 20 FA → [P1] POLL
[T+44236950us][CH2-DEVICE] 51 70 FA → [P1] IDLE
[T+44372945us][CH1-PC ] 52 20 FA → [P2] POLL
[T+44378921us][CH2-DEVICE] 52 70 FA → [P2] IDLE
[T+44513921us][CH1-PC ] 53 20 FA → [P3] POLL
[T+44519599us][CH2-DEVICE] 53 70 FA → [P3] IDLE
[T+44653921us][CH1-PC ] 50 20 FA → [P0] POLL
[T+44659921us][CH2-DEVICE] 50 70 FA → [P0] IDLE
[T+44794921us][CH1-PC ] 51 20 FA → [P1] POLL
[T+44799921us][CH2-DEVICE] 51 70 FA → [P1] IDLE
[T+44935946us][CH1-PC ] 52 20 FA → [P2] POLL
[T+44939949us][CH2-DEVICE] 52 70 FA → [P2] IDLE
[T+45075945us][CH1-PC ] 53 20 FA → [P3] POLL
[T+45080921us][CH2-DEVICE] 53 70 FA → [P3] IDLE
[T+45216951us][CH1-PC ] 50 20 FA → [P0] POLL
[T+45220949us][CH2-DEVICE] 50 70 FA → [P0] IDLE
[T+45357921us][CH1-PC ] 51 20 FA → [P1] POLL
[T+45362921us][CH2-DEVICE] 51 70 FA → [P1] IDLE
[T+45497921us][CH1-PC ] 52 20 FA → [P2] POLL
[T+45502921us][CH2-DEVICE] 52 70 FA → [P2] IDLE
[T+45638948us][CH1-PC ] 53 20 FA → [P3] POLL
[T+45643921us][CH2-DEVICE] 53 70 FA → [P3] IDLE
[T+45778921us][CH1-PC ] 50 20 FA → [P0] POLL
[T+45784603us][CH2-DEVICE] 50 70 FA → [P0] IDLE
[T+45920115us][CH1-PC ] 51 20 FA → [P1] POLL
[T+45924921us][CH2-DEVICE] 51 70 FA → [P1] IDLE
[T+46060946us][CH1-PC ] 52 20 FA → [P2] POLL
[T+46065921us][CH2-DEVICE] 52 70 FA → [P2] IDLE
[T+46200921us][CH1-PC ] 53 20 FA → [P3] POLL
[T+46205921us][CH2-DEVICE] 53 70 FA → [P3] IDLE
[T+46341953us][CH1-PC ] 50 20 FA → [P0] POLL
[T+46346921us][CH2-DEVICE] 50 70 FA → [P0] IDLE
[T+46481921us][CH1-PC ] 51 20 FA → [P1] POLL
[T+46487921us][CH2-DEVICE] 51 70 FA → [P1] IDLE
[T+46622921us][CH1-PC ] 52 20 FA → [P2] POLL
[T+46627921us][CH2-DEVICE] 52 70 FA → [P2] IDLE
[T+46763945us][CH1-PC ] 53 20 FA → [P3] POLL
[T+46768921us][CH2-DEVICE] 53 70 FA → [P3] IDLE
[T+46903921us][CH1-PC ] 50 20 FA → [P0] POLL
[T+46908921us][CH2-DEVICE] 50 70 FA → [P0] IDLE
[T+47044945us][CH1-PC ] 51 20 FA → [P1] POLL
[T+47049921us][CH2-DEVICE] 51 70 FA → [P1] IDLE
[T+47185945us][CH1-PC ] 52 20 FA → [P2] POLL
[T+47191921us][CH2-DEVICE] 52 70 FA → [P2] IDLE
[T+47325921us][CH1-PC ] 53 20 FA → [P3] POLL
[T+47331607us][CH2-DEVICE] 53 70 FA → [P3] IDLE
[T+47466950us][CH1-PC ] 50 20 FA → [P0] POLL
[T+47471921us][CH2-DEVICE] 50 70 FA → [P0] IDLE
[T+47606921us][CH1-PC ] 51 20 FA → [P1] POLL
[T+47611921us][CH2-DEVICE] 51 70 FA → [P1] IDLE
[T+47747945us][CH1-PC ] 52 20 FA → [P2] POLL
[T+47752921us][CH2-DEVICE] 52 70 FA → [P2] IDLE
[T+47888945us][CH1-PC ] 53 20 FA → [P3] POLL
[T+47893921us][CH2-DEVICE] 53 70 FA → [P3] IDLE
[T+48028921us][CH1-PC ] 50 20 FA → [P0] POLL
[T+48033921us][CH2-DEVICE] 50 70 FA → [P0] IDLE
[T+48170027us][CH1-PC ] 51 20 FA → [P1] POLL
[T+48174921us][CH2-DEVICE] 51 70 FA → [P1] IDLE
[T+48309921us][CH1-PC ] 52 20 FA → [P2] POLL
[T+48314921us][CH2-DEVICE] 52 70 FA → [P2] IDLE
[T+48450947us][CH1-PC ] 53 20 FA → [P3] POLL
[T+48455921us][CH2-DEVICE] 53 70 FA → [P3] IDLE
[T+48591945us][CH1-PC ] 50 20 FA → [P0] POLL
[T+48596921us][CH2-DEVICE] 50 70 FA → [P0] IDLE
[T+48731921us][CH1-PC ] 51 20 FA → [P1] POLL
[T+48737921us][CH2-DEVICE] 51 70 FA → [P1] IDLE
[T+48872921us][CH1-PC ] 52 20 FA → [P2] POLL
[T+48877921us][CH2-DEVICE] 52 70 FA → [P2] IDLE
[T+49013945us][CH1-PC ] 53 20 FA → [P3] POLL
[T+49018921us][CH2-DEVICE] 53 70 FA → [P3] IDLE
[T+49153921us][CH1-PC ] 50 20 FA → [P0] POLL
[T+49158921us][CH2-DEVICE] 50 70 FA → [P0] IDLE
[T+49294945us][CH1-PC ] 51 20 FA → [P1] POLL
[T+49298950us][CH2-DEVICE] 51 70 FA → [P1] IDLE
[T+49435921us][CH1-PC ] 52 20 FA → [P2] POLL
[T+49441588us][CH2-DEVICE] 52 70 FA → [P2] IDLE
[T+49575921us][CH1-PC ] 53 20 FA → [P3] POLL
[T+49580921us][CH2-DEVICE] 53 70 FA → [P3] IDLE
[T+49716946us][CH1-PC ] 50 20 FA → [P0] POLL
[T+49721923us][CH2-DEVICE] 50 70 FA → [P0] IDLE
[T+49856921us][CH1-PC ] 51 20 FA → [P1] POLL
[T+49862657us][CH2-DEVICE] 51 70 FA → [P1] IDLE
[T+49997921us][CH1-PC ] 52 20 FA → [P2] POLL
[T+50002921us][CH2-DEVICE] 52 70 FA → [P2] IDLE
[T+50138945us][CH1-PC ] 53 20 FA → [P3] POLL
[T+50143921us][CH2-DEVICE] 53 70 FA → [P3] IDLE
[T+50278921us][CH1-PC ] 50 20 FA → [P0] POLL
[T+50284930us][CH2-DEVICE] 50 70 FA → [P0] IDLE
[T+50420075us][CH1-PC ] 51 20 FA → [P1] POLL
[T+50424921us][CH2-DEVICE] 51 70 FA → [P1] IDLE
[T+50559921us][CH1-PC ] 52 20 FA → [P2] POLL
[T+50564921us][CH2-DEVICE] 52 70 FA → [P2] IDLE
[T+50700945us][CH1-PC ] 53 20 FA → [P3] POLL
[T+50706921us][CH2-DEVICE] 53 70 FA → [P3] IDLE
[T+50841921us][CH1-PC ] 50 20 FA → [P0] POLL
[T+50847606us][CH2-DEVICE] 50 70 FA → [P0] IDLE
[T+50981921us][CH1-PC ] 51 20 FA → [P1] POLL
[T+50986921us][CH2-DEVICE] 51 70 FA → [P1] IDLE
[T+51122945us][CH1-PC ] 52 20 FA → [P2] POLL
[T+51127921us][CH2-DEVICE] 52 70 FA → [P2] IDLE
[T+51262921us][CH1-PC ] 53 20 FA → [P3] POLL
[T+51268607us][CH2-DEVICE] 53 70 FA → [P3] IDLE
[T+51403945us][CH1-PC ] 50 20 FA → [P0] POLL
[T+51408921us][CH2-DEVICE] 50 70 FA → [P0] IDLE
[T+51544945us][CH1-PC ] 51 20 FA → [P1] POLL
[T+51549921us][CH2-DEVICE] 51 70 FA → [P1] IDLE
[T+51684921us][CH1-PC ] 52 20 FA → [P2] POLL
[T+51690921us][CH2-DEVICE] 52 70 FA → [P2] IDLE
[T+51825921us][CH1-PC ] 53 20 FA → [P3] POLL
[T+51831607us][CH2-DEVICE] 53 70 FA → [P3] IDLE
[T+51966945us][CH1-PC ] 50 20 FA → [P0] POLL
[T+51971921us][CH2-DEVICE] 50 70 FA → [P0] IDLE
[T+52106921us][CH1-PC ] 51 20 FA → [P1] POLL
[T+52112921us][CH2-DEVICE] 51 70 FA → [P1] IDLE
[T+52247921us][CH1-PC ] 52 20 FA → [P2] POLL
[T+52253606us][CH2-DEVICE] 52 70 FA → [P2] IDLE
[T+52387921us][CH1-PC ] 53 20 FA → [P3] POLL
[T+52393921us][CH2-DEVICE] 53 70 FA → [P3] IDLE
[T+52528921us][CH1-PC ] 50 20 FA → [P0] POLL
[T+52533921us][CH2-DEVICE] 50 70 FA → [P0] IDLE
[T+52670004us][CH1-PC ] 51 20 FA → [P1] POLL
[T+52674921us][CH2-DEVICE] 51 70 FA → [P1] IDLE
[T+52809921us][CH1-PC ] 52 20 FA → [P2] POLL
[T+52829945us][CH2-DEVICE] 52 70 FA → [P2] IDLE
[T+52950921us][CH1-PC ] 53 20 FA → [P3] POLL
[T+52956921us][CH2-DEVICE] 53 70 FA → [P3] IDLE
[T+53091921us][CH1-PC ] 50 20 FA → [P0] POLL
[T+53097605us][CH2-DEVICE] 50 70 FA → [P0] IDLE
[T+53231921us][CH1-PC ] 51 20 FA → [P1] POLL
[T+53236921us][CH2-DEVICE] 51 70 FA → [P1] IDLE
[T+53372945us][CH1-PC ] 52 20 FA → [P2] POLL
[T+53377921us][CH2-DEVICE] 52 70 FA → [P2] IDLE
[T+53512923us][CH1-PC ] 53 20 FA → [P3] POLL
[T+53518608us][CH2-DEVICE] 53 70 FA → [P3] IDLE
[T+53653945us][CH1-PC ] 50 20 FA → [P0] POLL
[T+53658921us][CH2-DEVICE] 50 70 FA → [P0] IDLE
[T+53794945us][CH1-PC ] 51 20 FA → [P1] POLL
[T+53798950us][CH2-DEVICE] 51 70 FA → [P1] IDLE
[T+53934945us][CH1-PC ] 52 20 FA → [P2] POLL
[T+53940931us][CH2-DEVICE] 52 70 FA → [P2] IDLE
[T+54075921us][CH1-PC ] 53 20 FA → [P3] POLL
[T+54080921us][CH2-DEVICE] 53 70 FA → [P3] IDLE
[T+54216921us][CH1-PC ] 50 20 FA → [P0] POLL
[T+54221921us][CH2-DEVICE] 50 70 FA → [P0] IDLE
[T+54356921us][CH1-PC ] 51 20 FA → [P1] POLL
[T+54362921us][CH2-DEVICE] 51 70 FA → [P1] IDLE
[T+54497921us][CH1-PC ] 52 20 FA → [P2] POLL
[T+54503607us][CH2-DEVICE] 52 70 FA → [P2] IDLE
[T+54637924us][CH1-PC ] 53 20 FA → [P3] POLL
[T+54642921us][CH2-DEVICE] 53 70 FA → [P3] IDLE
[T+54778945us][CH1-PC ] 50 20 FA → [P0] POLL
[T+54783921us][CH2-DEVICE] 50 70 FA → [P0] IDLE
[T+54920101us][CH1-PC ] 51 20 FA → [P1] POLL
[T+54924921us][CH2-DEVICE] 51 70 FA → [P1] IDLE
[T+55059921us][CH1-PC ] 52 20 FA → [P2] POLL
[T+55065921us][CH2-DEVICE] 52 70 FA → [P2] IDLE
[T+55200921us][CH1-PC ] 53 20 FA → [P3] POLL
[T+55205921us][CH2-DEVICE] 53 70 FA → [P3] IDLE
[T+55340921us][CH1-PC ] 50 20 FA → [P0] POLL
[T+55347608us][CH2-DEVICE] 50 70 FA → [P0] IDLE
[T+55481921us][CH1-PC ] 51 20 FA → [P1] POLL
[T+55486921us][CH2-DEVICE] 51 70 FA → [P1] IDLE
[T+55622945us][CH1-PC ] 52 20 FA → [P2] POLL
[T+55627921us][CH2-DEVICE] 52 70 FA → [P2] IDLE
[T+55762922us][CH1-PC ] 53 20 FA → [P3] POLL
[T+55768931us][CH2-DEVICE] 53 70 FA → [P3] IDLE
[T+55903921us][CH1-PC ] 50 20 FA → [P0] POLL
[T+55908921us][CH2-DEVICE] 50 70 FA → [P0] IDLE
[T+56044921us][CH1-PC ] 51 20 FA → [P1] POLL
[T+56049921us][CH2-DEVICE] 51 70 FA → [P1] IDLE
[T+56184921us][CH1-PC ] 52 20 FA → [P2] POLL
[T+56189921us][CH2-DEVICE] 52 70 FA → [P2] IDLE
[T+56325945us][CH1-PC ] 53 20 FA → [P3] POLL
[T+56330921us][CH2-DEVICE] 53 70 FA → [P3] IDLE
[T+56465921us][CH1-PC ] 50 20 FA → [P0] POLL
[T+56471599us][CH2-DEVICE] 50 70 FA → [P0] IDLE
[T+56606945us][CH1-PC ] 51 20 FA → [P1] POLL
[T+56611921us][CH2-DEVICE] 51 70 FA → [P1] IDLE
[T+56747945us][CH1-PC ] 52 20 FA → [P2] POLL
[T+56752921us][CH2-DEVICE] 52 70 FA → [P2] IDLE
[T+56887921us][CH1-PC ] 53 20 FA → [P3] POLL
[T+56892921us][CH2-DEVICE] 53 70 FA → [P3] IDLE
[T+57028945us][CH1-PC ] 50 20 FA → [P0] POLL
[T+57033921us][CH2-DEVICE] 50 70 FA → [P0] IDLE
[T+57168921us][CH1-PC ] 51 20 FA → [P1] POLL
[T+57174921us][CH2-DEVICE] 51 70 FA → [P1] IDLE
[T+57309946us][CH1-PC ] 52 20 FA → [P2] POLL
[T+57315921us][CH2-DEVICE] 52 70 FA → [P2] IDLE
[T+57450947us][CH1-PC ] 53 20 FA → [P3] POLL
[T+57456598us][CH2-DEVICE] 53 70 FA → [P3] IDLE
[T+57590921us][CH1-PC ] 50 20 FA → [P0] POLL
[T+57595921us][CH2-DEVICE] 50 70 FA → [P0] IDLE
[T+57731945us][CH1-PC ] 51 20 FA → [P1] POLL
[T+57737929us][CH2-DEVICE] 51 70 FA → [P1] IDLE
[T+57872921us][CH1-PC ] 52 20 FA → [P2] POLL
[T+57879612us][CH2-DEVICE] 52 70 FA → [P2] IDLE
[T+58012921us][CH1-PC ] 53 20 FA → [P3] POLL
[T+58018921us][CH2-DEVICE] 53 70 FA → [P3] IDLE
[T+58153921us][CH1-PC ] 50 20 FA → [P0] POLL
[T+58158921us][CH2-DEVICE] 50 70 FA → [P0] IDLE
[T+58293921us][CH1-PC ] 51 20 FA → [P1] POLL
[T+58298921us][CH2-DEVICE] 51 70 FA → [P1] IDLE
[T+58434921us][CH1-PC ] 52 20 FA → [P2] POLL
[T+58439921us][CH2-DEVICE] 52 70 FA → [P2] IDLE
[T+58575945us][CH1-PC ] 53 20 FA → [P3] POLL
[T+58580921us][CH2-DEVICE] 53 70 FA → [P3] IDLE
[T+58715921us][CH1-PC ] 50 20 FA → [P0] POLL
[T+58721921us][CH2-DEVICE] 50 70 FA → [P0] IDLE
[T+58856921us][CH1-PC ] 51 20 FA → [P1] POLL
[T+58861921us][CH2-DEVICE] 51 70 FA → [P1] IDLE
[T+58997945us][CH1-PC ] 52 20 FA → [P2] POLL
[T+59002921us][CH2-DEVICE] 52 70 FA → [P2] IDLE
[T+59137921us][CH1-PC ] 53 20 FA → [P3] POLL
[T+59142921us][CH2-DEVICE] 53 70 FA → [P3] IDLE
[T+59278945us][CH1-PC ] 50 20 FA → [P0] POLL
[T+59283921us][CH2-DEVICE] 50 70 FA → [P0] IDLE
[T+59418921us][CH1-PC ] 51 20 FA → [P1] POLL
[T+59423921us][CH2-DEVICE] 51 70 FA → [P1] IDLE
[T+59559945us][CH1-PC ] 52 20 FA → [P2] POLL
[T+59565031us][CH2-DEVICE] 52 70 FA → [P2] IDLE
[T+59700947us][CH1-PC ] 53 20 FA → [P3] POLL
[T+59705921us][CH2-DEVICE] 53 70 FA → [P3] IDLE
[T+59840921us][CH1-PC ] 50 20 FA → [P0] POLL
[T+59845921us][CH2-DEVICE] 50 70 FA → [P0] IDLE
[T+59981946us][CH1-PC ] 51 20 FA → [P1] POLL
[T+59986921us][CH2-DEVICE] 51 70 FA → [P1] IDLE
[T+60121928us][CH1-PC ] 52 20 FA → [P2] POLL
[T+60127929us][CH2-DEVICE] 52 70 FA → [P2] IDLE
[T+60262921us][CH1-PC ] 53 20 FA → [P3] POLL
[T+60269652us][CH2-DEVICE] 53 70 FA → [P3] IDLE
[T+60403921us][CH1-PC ] 50 20 FA → [P0] POLL
[T+60408921us][CH2-DEVICE] 50 70 FA → [P0] IDLE
[T+60543921us][CH1-PC ] 51 20 FA → [P1] POLL
[T+60549921us][CH2-DEVICE] 51 70 FA → [P1] IDLE
[T+60684921us][CH1-PC ] 52 20 FA → [P2] POLL
[T+60690600us][CH2-DEVICE] 52 70 FA → [P2] IDLE
[T+60825922us][CH1-PC ] 53 20 FA → [P3] POLL
[T+60830921us][CH2-DEVICE] 53 70 FA → [P3] IDLE
[T+60965921us][CH1-PC ] 50 20 FA → [P0] POLL
[T+60970921us][CH2-DEVICE] 50 70 FA → [P0] IDLE
[T+61106945us][CH1-PC ] 51 20 FA → [P1] POLL
[T+61112921us][CH2-DEVICE] 51 70 FA → [P1] IDLE
[T+61246921us][CH1-PC ] 52 20 FA → [P2] POLL
[T+61253604us][CH2-DEVICE] 52 70 FA → [P2] IDLE
[T+61387921us][CH1-PC ] 53 20 FA → [P3] POLL
[T+61392921us][CH2-DEVICE] 53 70 FA → [P3] IDLE
[T+61528947us][CH1-PC ] 50 20 FA → [P0] POLL
[T+61533921us][CH2-DEVICE] 50 70 FA → [P0] IDLE
[T+61668921us][CH1-PC ] 51 20 FA → [P1] POLL
[T+61674426us][CH2-DEVICE] 51 70 FA → [P1] IDLE
[T+61809945us][CH1-PC ] 52 20 FA → [P2] POLL
[T+61814921us][CH2-DEVICE] 52 70 FA → [P2] IDLE
[T+61950948us][CH1-PC ] 53 20 FA → [P3] POLL
[T+61955921us][CH2-DEVICE] 53 70 FA → [P3] IDLE
[T+62090921us][CH1-PC ] 50 20 FA → [P0] POLL
[T+62096929us][CH2-DEVICE] 50 70 FA → [P0] IDLE
[T+62231921us][CH1-PC ] 51 20 FA → [P1] POLL
[T+62236921us][CH2-DEVICE] 51 70 FA → [P1] IDLE
[T+62371921us][CH1-PC ] 52 20 FA → [P2] POLL
[T+62377921us][CH2-DEVICE] 52 70 FA → [P2] IDLE
[T+62512921us][CH1-PC ] 53 20 FA → [P3] POLL
[T+62517921us][CH2-DEVICE] 53 70 FA → [P3] IDLE
[T+62653945us][CH1-PC ] 50 20 FA → [P0] POLL
[T+62658921us][CH2-DEVICE] 50 70 FA → [P0] IDLE
[T+62793922us][CH1-PC ] 51 20 FA → [P1] POLL
[T+62798921us][CH2-DEVICE] 51 70 FA → [P1] IDLE
[T+62934955us][CH1-PC ] 52 20 FA → [P2] POLL
[T+62939921us][CH2-DEVICE] 52 70 FA → [P2] IDLE
[T+63075945us][CH1-PC ] 53 20 FA → [P3] POLL
[T+63079950us][CH2-DEVICE] 53 70 FA → [P3] IDLE
[T+63215946us][CH1-PC ] 50 20 FA → [P0] POLL
[T+63221609us][CH2-DEVICE] 50 70 FA → [P0] IDLE
[T+63356945us][CH1-PC ] 51 20 FA → [P1] POLL
[T+63361921us][CH2-DEVICE] 51 70 FA → [P1] IDLE
[T+63496921us][CH1-PC ] 52 20 FA → [P2] POLL
[T+63514922us][CH2-DEVICE] 52 70 FA → [P2] IDLE
[T+63637921us][CH1-PC ] 53 20 FA → [P3] POLL
[T+63643599us][CH2-DEVICE] 53 70 FA → [P3] IDLE
[T+63778945us][CH1-PC ] 50 20 FA → [P0] POLL
[T+63783921us][CH2-DEVICE] 50 70 FA → [P0] IDLE
[T+63918921us][CH1-PC ] 51 20 FA → [P1] POLL
[T+63924921us][CH2-DEVICE] 51 70 FA → [P1] IDLE
[T+64059921us][CH1-PC ] 52 20 FA → [P2] POLL
[T+64065607us][CH2-DEVICE] 52 70 FA → [P2] IDLE
[T+64199921us][CH1-PC ] 53 20 FA → [P3] POLL
[T+64205921us][CH2-DEVICE] 53 70 FA → [P3] IDLE
[T+64340921us][CH1-PC ] 50 20 FA → [P0] POLL
[T+64345921us][CH2-DEVICE] 50 70 FA → [P0] IDLE
[T+64481945us][CH1-PC ] 51 20 FA → [P1] POLL
[T+64486921us][CH2-DEVICE] 51 70 FA → [P1] IDLE
[T+64621921us][CH1-PC ] 52 20 FA → [P2] POLL
[T+64627921us][CH2-DEVICE] 52 70 FA → [P2] IDLE
[T+64762921us][CH1-PC ] 53 20 FA → [P3] POLL
[T+64767921us][CH2-DEVICE] 53 70 FA → [P3] IDLE
[T+64903921us][CH1-PC ] 50 20 FA → [P0] POLL
[T+64910921us][CH2-DEVICE] 50 70 FA → [P0] IDLE
[T+65043946us][CH1-PC ] 51 20 FA → [P1] POLL
[T+65048921us][CH2-DEVICE] 51 70 FA → [P1] IDLE
[T+65184951us][CH1-PC ] 52 20 FA → [P2] POLL
[T+65189921us][CH2-DEVICE] 52 70 FA → [P2] IDLE
[T+65324921us][CH1-PC ] 53 20 FA → [P3] POLL
[T+65330608us][CH2-DEVICE] 53 70 FA → [P3] IDLE
[T+65465945us][CH1-PC ] 50 20 FA → [P0] POLL
[T+65470921us][CH2-DEVICE] 50 70 FA → [P0] IDLE
[T+65606945us][CH1-PC ] 51 20 FA → [P1] POLL
[T+65611921us][CH2-DEVICE] 51 70 FA → [P1] IDLE
[T+65746921us][CH1-PC ] 52 20 FA → [P2] POLL
[T+65751921us][CH2-DEVICE] 52 70 FA → [P2] IDLE
[T+65887945us][CH1-PC ] 53 20 FA → [P3] POLL
[T+65892921us][CH2-DEVICE] 53 70 FA → [P3] IDLE
[T+66027921us][CH1-PC ] 50 20 FA → [P0] POLL
[T+66033921us][CH2-DEVICE] 50 70 FA → [P0] IDLE
[T+66168921us][CH1-PC ] 51 20 FA → [P1] POLL
[T+66174585us][CH2-DEVICE] 51 70 FA → [P1] IDLE
[T+66309949us][CH1-PC ] 52 20 FA → [P2] POLL
[T+66314921us][CH2-DEVICE] 52 70 FA → [P2] IDLE
[T+66449921us][CH1-PC ] 53 20 FA → [P3] POLL
[T+66455921us][CH2-DEVICE] 53 70 FA → [P3] IDLE
[T+66590921us][CH1-PC ] 50 20 FA → [P0] POLL
[T+66595921us][CH2-DEVICE] 50 70 FA → [P0] IDLE
[T+66731946us][CH1-PC ] 51 20 FA → [P1] POLL
[T+66736921us][CH2-DEVICE] 51 70 FA → [P1] IDLE
[T+66871921us][CH1-PC ] 52 20 FA → [P2] POLL
[T+66877921us][CH2-DEVICE] 52 70 FA → [P2] IDLE
[T+67012921us][CH1-PC ] 53 20 FA → [P3] POLL
[T+67017921us][CH2-DEVICE] 53 70 FA → [P3] IDLE
[T+67153922us][CH1-PC ] 50 20 FA → [P0] POLL
[T+67158921us][CH2-DEVICE] 50 70 FA → [P0] IDLE
[T+67293921us][CH1-PC ] 51 20 FA → [P1] POLL
[T+67298921us][CH2-DEVICE] 51 70 FA → [P1] IDLE
[T+67434949us][CH1-PC ] 52 20 FA → [P2] POLL
[T+67439921us][CH2-DEVICE] 52 70 FA → [P2] IDLE
[T+67574921us][CH1-PC ] 53 20 FA → [P3] POLL
[T+67580921us][CH2-DEVICE] 53 70 FA → [P3] IDLE
[T+67715921us][CH1-PC ] 50 20 FA → [P0] POLL
[T+67720921us][CH2-DEVICE] 50 70 FA → [P0] IDLE
[T+67855921us][CH1-PC ] 51 20 FA → [P1] POLL
[T+67861930us][CH2-DEVICE] 51 70 FA → [P1] IDLE
[T+67996921us][CH1-PC ] 52 20 FA → [P2] POLL
[T+68001921us][CH2-DEVICE] 52 70 FA → [P2] IDLE
[T+68137945us][CH1-PC ] 53 20 FA → [P3] POLL
[T+68142921us][CH2-DEVICE] 53 70 FA → [P3] IDLE
[T+68277921us][CH1-PC ] 50 20 FA → [P0] POLL
[T+68282921us][CH2-DEVICE] 50 70 FA → [P0] IDLE
[T+68418946us][CH1-PC ] 51 20 FA → [P1] POLL
[T+68423921us][CH2-DEVICE] 51 70 FA → [P1] IDLE
[T+68559945us][CH1-PC ] 52 20 FA → [P2] POLL
[T+68564921us][CH2-DEVICE] 52 70 FA → [P2] IDLE
[T+68699921us][CH1-PC ] 53 20 FA → [P3] POLL
[T+68704921us][CH2-DEVICE] 53 70 FA → [P3] IDLE
[T+68840945us][CH1-PC ] 50 20 FA → [P0] POLL
[T+68845921us][CH2-DEVICE] 50 70 FA → [P0] IDLE
[T+68981921us][CH1-PC ] 51 20 FA → [P1] POLL
[T+68987921us][CH2-DEVICE] 51 70 FA → [P1] IDLE
[T+69121921us][CH1-PC ] 52 20 FA → [P2] POLL
[T+69126921us][CH2-DEVICE] 52 70 FA → [P2] IDLE
[T+69262945us][CH1-PC ] 53 20 FA → [P3] POLL
[T+69267921us][CH2-DEVICE] 53 70 FA → [P3] IDLE
[T+69402921us][CH1-PC ] 50 20 FA → [P0] POLL
[T+69408921us][CH2-DEVICE] 50 70 FA → [P0] IDLE
[T+69543921us][CH1-PC ] 51 20 FA → [P1] POLL
[T+69547949us][CH2-DEVICE] 51 70 FA → [P1] IDLE
[T+69684921us][CH1-PC ] 52 20 FA → [P2] POLL
[T+69688957us][CH2-DEVICE] 52 70 FA → [P2] IDLE
[T+69824945us][CH1-PC ] 53 20 FA → [P3] POLL
[T+69830921us][CH2-DEVICE] 53 70 FA → [P3] IDLE
[T+69965921us][CH1-PC ] 50 20 FA → [P0] POLL
[T+69970921us][CH2-DEVICE] 50 70 FA → [P0] IDLE
[T+70105921us][CH1-PC ] 51 20 FA → [P1] POLL
[T+70110921us][CH2-DEVICE] 51 70 FA → [P1] IDLE
[T+70246945us][CH1-PC ] 52 20 FA → [P2] POLL
[T+70252921us][CH2-DEVICE] 52 70 FA → [P2] IDLE
[T+70387921us][CH1-PC ] 53 20 FA → [P3] POLL
[T+70391949us][CH2-DEVICE] 53 70 FA → [P3] IDLE
[T+70527945us][CH1-PC ] 50 20 FA → [P0] POLL
[T+70533929us][CH2-DEVICE] 50 70 FA → [P0] IDLE
[T+70668921us][CH1-PC ] 51 20 FA → [P1] POLL
[T+70673921us][CH2-DEVICE] 51 70 FA → [P1] IDLE
[T+70808921us][CH1-PC ] 52 20 FA → [P2] POLL
[T+70814921us][CH2-DEVICE] 52 70 FA → [P2] IDLE
[T+70949921us][CH1-PC ] 53 20 FA → [P3] POLL
[T+70955921us][CH2-DEVICE] 53 70 FA → [P3] IDLE
[T+71090921us][CH1-PC ] 50 20 FA → [P0] POLL
[T+71094950us][CH2-DEVICE] 50 70 FA → [P0] IDLE
[T+71230945us][CH1-PC ] 51 20 FA → [P1] POLL
[T+71236921us][CH2-DEVICE] 51 70 FA → [P1] IDLE
[T+71371921us][CH1-PC ] 52 20 FA → [P2] POLL
[T+71377921us][CH2-DEVICE] 52 70 FA → [P2] IDLE
[T+71512921us][CH1-PC ] 53 20 FA → [P3] POLL
[T+71518611us][CH2-DEVICE] 53 70 FA → [P3] IDLE
[T+71652921us][CH1-PC ] 50 20 FA → [P0] POLL
[T+71657921us][CH2-DEVICE] 50 70 FA → [P0] IDLE
[T+71793945us][CH1-PC ] 51 20 FA → [P1] POLL
[T+71798921us][CH2-DEVICE] 51 70 FA → [P1] IDLE
[T+71933946us][CH1-PC ] 52 20 FA → [P2] POLL
[T+71939592us][CH2-DEVICE] 52 70 FA → [P2] IDLE
[T+72074945us][CH1-PC ] 53 20 FA → [P3] POLL
[T+72079921us][CH2-DEVICE] 53 70 FA → [P3] IDLE
[T+72215946us][CH1-PC ] 50 20 FA → [P0] POLL
[T+72219950us][CH2-DEVICE] 50 70 FA → [P0] IDLE
[T+72355948us][CH1-PC ] 51 20 FA → [P1] POLL
[T+72360921us][CH2-DEVICE] 51 70 FA → [P1] IDLE
[T+72496945us][CH1-PC ] 52 20 FA → [P2] POLL
[T+72501921us][CH2-DEVICE] 52 70 FA → [P2] IDLE
[T+72637945us][CH1-PC ] 53 20 FA → [P3] POLL
[T+72642921us][CH2-DEVICE] 53 70 FA → [P3] IDLE
[T+72777921us][CH1-PC ] 50 20 FA → [P0] POLL
[T+72783602us][CH2-DEVICE] 50 70 FA → [P0] IDLE
[T+72918946us][CH1-PC ] 51 20 FA → [P1] POLL
[T+72923921us][CH2-DEVICE] 51 70 FA → [P1] IDLE
[T+73058921us][CH1-PC ] 52 20 FA → [P2] POLL
[T+73064921us][CH2-DEVICE] 52 70 FA → [P2] IDLE
[T+73199921us][CH1-PC ] 53 20 FA → [P3] POLL
[T+73205604us][CH2-DEVICE] 53 70 FA → [P3] IDLE
[T+73340945us][CH1-PC ] 50 20 FA → [P0] POLL
[T+73345921us][CH2-DEVICE] 50 70 FA → [P0] IDLE
[T+73480921us][CH1-PC ] 51 20 FA → [P1] POLL
[T+73485921us][CH2-DEVICE] 51 70 FA → [P1] IDLE
[T+73621945us][CH1-PC ] 52 20 FA → [P2] POLL
[T+73628439us][CH2-DEVICE] 52 70 FA → [P2] IDLE
[T+73762921us][CH1-PC ] 53 20 FA → [P3] POLL
[T+73767921us][CH2-DEVICE] 53 70 FA → [P3] IDLE
[T+73902921us][CH1-PC ] 50 20 FA → [P0] POLL
[T+73907921us][CH2-DEVICE] 50 70 FA → [P0] IDLE
[T+74043945us][CH1-PC ] 51 20 FA → [P1] POLL
[T+74050439us][CH2-DEVICE] 51 70 FA → [P1] IDLE
[T+74183921us][CH1-PC ] 52 20 FA → [P2] POLL
[T+74188921us][CH2-DEVICE] 52 70 FA → [P2] IDLE
[T+74324945us][CH1-PC ] 53 20 FA → [P3] POLL
[T+74329921us][CH2-DEVICE] 53 70 FA → [P3] IDLE
[T+74465947us][CH1-PC ] 50 20 FA → [P0] POLL
[T+74470921us][CH2-DEVICE] 50 70 FA → [P0] IDLE
[T+74605922us][CH1-PC ] 51 20 FA → [P1] POLL
[T+74610921us][CH2-DEVICE] 51 70 FA → [P1] IDLE
[T+74746945us][CH1-PC ] 52 20 FA → [P2] POLL
[T+74751921us][CH2-DEVICE] 52 70 FA → [P2] IDLE
[T+74886921us][CH1-PC ] 53 20 FA → [P3] POLL
[T+74892921us][CH2-DEVICE] 53 70 FA → [P3] IDLE
[T+75027921us][CH1-PC ] 50 20 FA → [P0] POLL
[T+75033921us][CH2-DEVICE] 50 70 FA → [P0] IDLE
[T+75168921us][CH1-PC ] 51 20 FA → [P1] POLL
[T+75173921us][CH2-DEVICE] 51 70 FA → [P1] IDLE
[T+75308921us][CH1-PC ] 52 20 FA → [P2] POLL
[T+75314921us][CH2-DEVICE] 52 70 FA → [P2] IDLE
[T+75449921us][CH1-PC ] 53 20 FA → [P3] POLL
[T+75454921us][CH2-DEVICE] 53 70 FA → [P3] IDLE
[T+75589928us][CH1-PC ] 50 20 FA → [P0] POLL
[T+75595921us][CH2-DEVICE] 50 70 FA → [P0] IDLE
[T+75730923us][CH1-PC ] 51 20 FA → [P1] POLL
[T+75735921us][CH2-DEVICE] 51 70 FA → [P1] IDLE
[T+75871945us][CH1-PC ] 52 20 FA → [P2] POLL
[T+75877921us][CH2-DEVICE] 52 70 FA → [P2] IDLE
[T+76011921us][CH1-PC ] 53 20 FA → [P3] POLL
[T+76018612us][CH2-DEVICE] 53 70 FA → [P3] IDLE
[T+76152921us][CH1-PC ] 50 20 FA → [P0] POLL
[T+76157921us][CH2-DEVICE] 50 70 FA → [P0] IDLE
[T+76293945us][CH1-PC ] 51 20 FA → [P1] POLL
[T+76298921us][CH2-DEVICE] 51 70 FA → [P1] IDLE
[T+76433921us][CH1-PC ] 52 20 FA → [P2] POLL
[T+76438921us][CH2-DEVICE] 52 70 FA → [P2] IDLE
[T+76574946us][CH1-PC ] 53 20 FA → [P3] POLL
[T+76579921us][CH2-DEVICE] 53 70 FA → [P3] IDLE
[T+76714921us][CH1-PC ] 50 20 FA → [P0] POLL
[T+76719921us][CH2-DEVICE] 50 70 FA → [P0] IDLE
[T+76855950us][CH1-PC ] 51 20 FA → [P1] POLL
[T+76860921us][CH2-DEVICE] 51 70 FA → [P1] IDLE
[T+76996945us][CH1-PC ] 52 20 FA → [P2] POLL
[T+77001921us][CH2-DEVICE] 52 70 FA → [P2] IDLE
[T+77136921us][CH1-PC ] 53 20 FA → [P3] POLL
[T+77143929us][CH2-DEVICE] 53 70 FA → [P3] IDLE
[T+77277921us][CH1-PC ] 50 20 FA → [P0] POLL
[T+77282921us][CH2-DEVICE] 50 70 FA → [P0] IDLE
[T+77418945us][CH1-PC ] 51 20 FA → [P1] POLL
[T+77422957us][CH2-DEVICE] 51 70 FA → [P1] IDLE
[T+77558945us][CH1-PC ] 52 20 FA → [P2] POLL
[T+77563921us][CH2-DEVICE] 52 70 FA → [P2] IDLE
[T+77699946us][CH1-PC ] 53 20 FA → [P3] POLL
[T+77704921us][CH2-DEVICE] 53 70 FA → [P3] IDLE
[T+77839921us][CH1-PC ] 50 20 FA → [P0] POLL
[T+77845921us][CH2-DEVICE] 50 70 FA → [P0] IDLE
[T+77980921us][CH1-PC ] 51 20 FA → [P1] POLL
[T+77985921us][CH2-DEVICE] 51 70 FA → [P1] IDLE
[T+78121945us][CH1-PC ] 52 20 FA → [P2] POLL
[T+78127615us][CH2-DEVICE] 52 70 FA → [P2] IDLE
[T+78261921us][CH1-PC ] 53 20 FA → [P3] POLL
[T+78267921us][CH2-DEVICE] 53 70 FA → [P3] IDLE
[T+78402921us][CH1-PC ] 50 20 FA → [P0] POLL
[T+78407921us][CH2-DEVICE] 50 70 FA → [P0] IDLE
[T+78543945us][CH1-PC ] 51 20 FA → [P1] POLL
[T+78547949us][CH2-DEVICE] 51 70 FA → [P1] IDLE
[T+78683945us][CH1-PC ] 52 20 FA → [P2] POLL
[T+78689921us][CH2-DEVICE] 52 70 FA → [P2] IDLE
[T+78824921us][CH1-PC ] 53 20 FA → [P3] POLL
[T+78829921us][CH2-DEVICE] 53 70 FA → [P3] IDLE
[T+78964921us][CH1-PC ] 50 20 FA → [P0] POLL
[T+78970921us][CH2-DEVICE] 50 70 FA → [P0] IDLE
[T+79105921us][CH1-PC ] 51 20 FA → [P1] POLL
[T+79110921us][CH2-DEVICE] 51 70 FA → [P1] IDLE
[T+79246945us][CH1-PC ] 52 20 FA → [P2] POLL
[T+79250949us][CH2-DEVICE] 52 70 FA → [P2] IDLE
[T+79386945us][CH1-PC ] 53 20 FA → [P3] POLL
[T+79391921us][CH2-DEVICE] 53 70 FA → [P3] IDLE
[T+79527945us][CH1-PC ] 50 20 FA → [P0] POLL
[T+79532921us][CH2-DEVICE] 50 70 FA → [P0] IDLE
[T+79667921us][CH1-PC ] 51 20 FA → [P1] POLL
[T+79673973us][CH2-DEVICE] 51 70 FA → [P1] IDLE
[T+79808921us][CH1-PC ] 52 20 FA → [P2] POLL
[T+79815602us][CH2-DEVICE] 52 70 FA → [P2] IDLE
[T+79949921us][CH1-PC ] 53 20 FA → [P3] POLL
[T+79954921us][CH2-DEVICE] 53 70 FA → [P3] IDLE
[T+80089921us][CH1-PC ] 50 20 FA → [P0] POLL
[T+80094921us][CH2-DEVICE] 50 70 FA → [P0] IDLE
[T+80230945us][CH1-PC ] 51 20 FA → [P1] POLL
[T+80234959us][CH2-DEVICE] 51 70 FA → [P1] IDLE
[T+80371921us][CH1-PC ] 52 20 FA → [P2] POLL
[T+80376921us][CH2-DEVICE] 52 70 FA → [P2] IDLE
[T+80511921us][CH1-PC ] 53 20 FA → [P3] POLL
[T+80516921us][CH2-DEVICE] 53 70 FA → [P3] IDLE
[T+80652945us][CH1-PC ] 50 20 FA → [P0] POLL
[T+80657921us][CH2-DEVICE] 50 70 FA → [P0] IDLE
[T+80792921us][CH1-PC ] 51 20 FA → [P1] POLL
[T+80799921us][CH2-DEVICE] 51 70 FA → [P1] IDLE
[T+80933921us][CH1-PC ] 52 20 FA → [P2] POLL
[T+80938921us][CH2-DEVICE] 52 70 FA → [P2] IDLE
[T+81074945us][CH1-PC ] 53 20 FA → [P3] POLL
[T+81079921us][CH2-DEVICE] 53 70 FA → [P3] IDLE
[T+81214921us][CH1-PC ] 50 20 FA → [P0] POLL
[T+81220921us][CH2-DEVICE] 50 70 FA → [P0] IDLE
[T+81355921us][CH1-PC ] 51 20 FA → [P1] POLL
[T+81360921us][CH2-DEVICE] 51 70 FA → [P1] IDLE
[T+81496945us][CH1-PC ] 52 20 FA → [P2] POLL
[T+81500949us][CH2-DEVICE] 52 70 FA → [P2] IDLE
[T+81637078us][CH1-PC ] 53 20 FA → [P3] POLL
[T+81641921us][CH2-DEVICE] 53 70 FA → [P3] IDLE
[T+81777945us][CH1-PC ] 50 20 FA → [P0] POLL
[T+81781949us][CH2-DEVICE] 50 70 FA → [P0] IDLE
[T+81917946us][CH1-PC ] 51 20 FA → [P1] POLL
[T+81922921us][CH2-DEVICE] 51 70 FA → [P1] IDLE
[T+82058945us][CH1-PC ] 52 20 FA → [P2] POLL
[T+82063921us][CH2-DEVICE] 52 70 FA → [P2] IDLE
[T+82199946us][CH1-PC ] 53 20 FA → [P3] POLL
[T+82204921us][CH2-DEVICE] 53 70 FA → [P3] IDLE
[T+82339921us][CH1-PC ] 50 20 FA → [P0] POLL
[T+82344921us][CH2-DEVICE] 50 70 FA → [P0] IDLE
[T+82480945us][CH1-PC ] 51 20 FA → [P1] POLL
[T+82486591us][CH2-DEVICE] 51 70 FA → [P1] IDLE
[T+82620921us][CH1-PC ] 52 20 FA → [P2] POLL
[T+82625921us][CH2-DEVICE] 52 70 FA → [P2] IDLE
[T+82761945us][CH1-PC ] 53 20 FA → [P3] POLL
[T+82766921us][CH2-DEVICE] 53 70 FA → [P3] IDLE
[T+82902946us][CH1-PC ] 50 20 FA → [P0] POLL
[T+82907921us][CH2-DEVICE] 50 70 FA → [P0] IDLE
[T+83042921us][CH1-PC ] 51 20 FA → [P1] POLL
[T+83047921us][CH2-DEVICE] 51 70 FA → [P1] IDLE
[T+83183945us][CH1-PC ] 52 20 FA → [P2] POLL
[T+83188921us][CH2-DEVICE] 52 70 FA → [P2] IDLE
[T+83324945us][CH1-PC ] 53 20 FA → [P3] POLL
[T+83328949us][CH2-DEVICE] 53 70 FA → [P3] IDLE
[T+83464945us][CH1-PC ] 50 20 FA → [P0] POLL
[T+83470921us][CH2-DEVICE] 50 70 FA → [P0] IDLE
[T+83605921us][CH1-PC ] 51 20 FA → [P1] POLL
[T+83610921us][CH2-DEVICE] 51 70 FA → [P1] IDLE
[T+83745921us][CH1-PC ] 52 20 FA → [P2] POLL
[T+83750921us][CH2-DEVICE] 52 70 FA → [P2] IDLE
[T+83886945us][CH1-PC ] 53 20 FA → [P3] POLL
[T+83891921us][CH2-DEVICE] 53 70 FA → [P3] IDLE
[T+84027950us][CH1-PC ] 50 20 FA → [P0] POLL
[T+84031949us][CH2-DEVICE] 50 70 FA → [P0] IDLE
[T+84167945us][CH1-PC ] 51 20 FA → [P1] POLL
[T+84173605us][CH2-DEVICE] 51 70 FA → [P1] IDLE
[T+84308945us][CH1-PC ] 52 20 FA → [P2] POLL
[T+84313921us][CH2-DEVICE] 52 70 FA → [P2] IDLE
[T+84449945us][CH1-PC ] 53 20 FA → [P3] POLL
[T+84454921us][CH2-DEVICE] 53 70 FA → [P3] IDLE
[T+84589921us][CH1-PC ] 50 20 FA → [P0] POLL
[T+84595921us][CH2-DEVICE] 50 70 FA → [P0] IDLE
[T+84730921us][CH1-PC ] 51 20 FA → [P1] POLL
[T+84736607us][CH2-DEVICE] 51 70 FA → [P1] IDLE
[T+84870921us][CH1-PC ] 52 20 FA → [P2] POLL
[T+84875921us][CH2-DEVICE] 52 70 FA → [P2] IDLE
[T+85011945us][CH1-PC ] 53 20 FA → [P3] POLL
[T+85017921us][CH2-DEVICE] 53 70 FA → [P3] IDLE
[T+85152922us][CH1-PC ] 50 20 FA → [P0] POLL
[T+85157921us][CH2-DEVICE] 50 70 FA → [P0] IDLE
[T+85292921us][CH1-PC ] 51 20 FA → [P1] POLL
[T+85298921us][CH2-DEVICE] 51 70 FA → [P1] IDLE
[T+85433921us][CH1-PC ] 52 20 FA → [P2] POLL
[T+85453947us][CH2-DEVICE] 52 39 03 04 01 05 00 12 4D E5 03 FA → [P2] SEQ=39 [03 04 01 05 00 12]
[T+85522921us][CH1-PC ] 52 30 01 01 04 01 01 05 19 94 03 FA → [P2] DISP st=04(BUSY) [01 01 04 01 01 05]
[T+85528924us][CH2-DEVICE] 52 C0 FA → [P2] ACK
[T+85589921us][CH1-PC ] 52 C0 FA → [P2] ACK
[T+85730921us][CH1-PC ] 53 20 FA → [P3] POLL
[T+85735921us][CH2-DEVICE] 53 70 FA → [P3] IDLE
[T+85870922us][CH1-PC ] 50 20 FA → [P0] POLL
[T+85876921us][CH2-DEVICE] 50 70 FA → [P0] IDLE
[T+86011921us][CH1-PC ] 51 20 FA → [P1] POLL
[T+86017921us][CH2-DEVICE] 51 70 FA → [P1] IDLE
[T+86152921us][CH1-PC ] 52 20 FA → [P2] POLL
[T+86188945us][CH2-DEVICE] 52 3A 02 08 00 00 00 00 00 00 00 00 03 04 01 05 00 12 6B 60 03 FA → [P2] SEQ=3A FILL vol=0.00L price=0.00
[T+86232945us][CH1-PC ] 52 C0 FA → [P2] ACK
[T+86348962us][CH1-PC ] 52 30 01 01 05 02 04 01 02 03 04 05 0C 01 43 00 01 05 00 01 24 00 01 43 30 03 04 00 00 05 00 01 01 06 A0 AB 03 FA → [P2] DISP st=05(IDLE) [01 01 05 02 04 01 02 03 04 05 0C 01...]
[T+86354921us][CH2-DEVICE] 52 C0 FA → [P2] ACK
[T+86480921us][CH1-PC ] 53 20 FA → [P3] POLL
[T+86484960us][CH2-DEVICE] 53 70 FA → [P3] IDLE
[T+86620945us][CH1-PC ] 50 20 FA → [P0] POLL
[T+86626593us][CH2-DEVICE] 50 70 FA → [P0] IDLE
[T+86761945us][CH1-PC ] 51 20 FA → [P1] POLL
[T+86766921us][CH2-DEVICE] 51 70 FA → [P1] IDLE
[T+86902921us][CH1-PC ] 52 20 FA → [P2] POLL
[T+86907921us][CH2-DEVICE] 52 70 FA → [P2] IDLE
[T+87020921us][CH1-PC ] 52 30 01 01 05 02 04 01 02 03 04 05 0C 01 43 00 01 05 00 01 24 00 01 43 30 03 04 00 00 05 00 01 01 06 A0 AB 03 FA → [P2] DISP st=05(IDLE) [01 01 05 02 04 01 02 03 04 05 0C 01...]
[T+87027924us][CH2-DEVICE] 52 C0 FA → [P2] ACK
[T+87152921us][CH1-PC ] 53 20 FA → [P3] POLL
[T+87157921us][CH2-DEVICE] 53 70 FA → [P3] IDLE
[T+87292921us][CH1-PC ] 50 20 FA → [P0] POLL
[T+87298604us][CH2-DEVICE] 50 70 FA → [P0] IDLE
[T+87433945us][CH1-PC ] 51 20 FA → [P1] POLL
[T+87440596us][CH2-DEVICE] 51 70 FA → [P1] IDLE
[T+87573921us][CH1-PC ] 52 20 FA → [P2] POLL
[T+87607921us][CH2-DEVICE] 52 3B 01 01 02 02 08 00 00 00 00 00 00 00 00 DA 36 03 FA → [P2] SEQ=3B FILL vol=0.00L price=0.00
[T+87655946us][CH1-PC ] 52 C0 FA → [P2] ACK
[T+87792921us][CH1-PC ] 53 20 FA → [P3] POLL
[T+87797921us][CH2-DEVICE] 53 70 FA → [P3] IDLE
[T+87933948us][CH1-PC ] 50 20 FA → [P0] POLL
[T+87938921us][CH2-DEVICE] 50 70 FA → [P0] IDLE
[T+88073921us][CH1-PC ] 51 20 FA → [P1] POLL
[T+88079605us][CH2-DEVICE] 51 70 FA → [P1] IDLE
[T+88215946us][CH1-PC ] 52 20 FA → [P2] POLL
[T+88221424us][CH2-DEVICE] 52 70 FA → [P2] IDLE
[T+88299921us][CH1-PC ] 52 30 01 01 04 E7 5F 03 FA → [P2] DISP st=04(BUSY) [01 01 04]
[T+88305921us][CH2-DEVICE] 52 C0 FA → [P2] ACK
[T+88511921us][CH1-PC ] 53 20 FA → [P3] POLL
[T+88516921us][CH2-DEVICE] 53 70 FA → [P3] IDLE
[T+88651921us][CH1-PC ] 50 20 FA → [P0] POLL
[T+88658610us][CH2-DEVICE] 50 70 FA → [P0] IDLE
[T+88792921us][CH1-PC ] 51 20 FA → [P1] POLL
[T+88797921us][CH2-DEVICE] 51 70 FA → [P1] IDLE
[T+88934945us][CH1-PC ] 52 20 FA → [P2] POLL
[T+88970945us][CH2-DEVICE] 52 3C 02 08 00 00 00 00 00 00 00 00 03 04 01 05 00 12 88 C1 03 FA → [P2] SEQ=3C FILL vol=0.00L price=0.00
[T+89014921us][CH1-PC ] 52 C0 FA → [P2] ACK
[T+89152921us][CH1-PC ] 53 20 FA → [P3] POLL
[T+89158921us][CH2-DEVICE] 53 70 FA → [P3] IDLE
[T+89292921us][CH1-PC ] 50 20 FA → [P0] POLL
[T+89298921us][CH2-DEVICE] 50 70 FA → [P0] IDLE
[T+89433921us][CH1-PC ] 51 20 FA → [P1] POLL
[T+89439608us][CH2-DEVICE] 51 70 FA → [P1] IDLE
[T+89573921us][CH1-PC ] 52 20 FA → [P2] POLL
[T+89579921us][CH2-DEVICE] 52 70 FA → [P2] IDLE
[T+89659947us][CH1-PC ] 52 30 01 01 04 E7 5F 03 FA → [P2] DISP st=04(BUSY) [01 01 04]
[T+89665921us][CH2-DEVICE] 52 C0 FA → [P2] ACK
[T+89870921us][CH1-PC ] 53 20 FA → [P3] POLL
[T+89876921us][CH2-DEVICE] 53 70 FA → [P3] IDLE
[T+90011921us][CH1-PC ] 50 20 FA → [P0] POLL
[T+90017605us][CH2-DEVICE] 50 70 FA → [P0] IDLE
[T+90151921us][CH1-PC ] 51 20 FA → [P1] POLL
[T+90156921us][CH2-DEVICE] 51 70 FA → [P1] IDLE
[T+90292945us][CH1-PC ] 52 20 FA → [P2] POLL
[T+90331921us][CH2-DEVICE] 52 3D 02 08 00 00 00 00 00 00 00 00 03 04 01 05 00 12 D9 51 03 FA → [P2] SEQ=3D FILL vol=0.00L price=0.00
[T+90373921us][CH1-PC ] 52 C0 FA → [P2] ACK
[T+90511945us][CH1-PC ] 53 20 FA → [P3] POLL
[T+90516921us][CH2-DEVICE] 53 70 FA → [P3] IDLE
[T+90651921us][CH1-PC ] 50 20 FA → [P0] POLL
[T+90658420us][CH2-DEVICE] 50 70 FA → [P0] IDLE
[T+90792921us][CH1-PC ] 51 20 FA → [P1] POLL
[T+90797921us][CH2-DEVICE] 51 70 FA → [P1] IDLE
[T+90933946us][CH1-PC ] 52 20 FA → [P2] POLL
[T+90938921us][CH2-DEVICE] 52 70 FA → [P2] IDLE
[T+91018946us][CH1-PC ] 52 30 01 01 04 E7 5F 03 FA → [P2] DISP st=04(BUSY) [01 01 04]
[T+91025718us][CH2-DEVICE] 52 C0 FA → [P2] ACK
[T+91229946us][CH1-PC ] 53 20 FA → [P3] POLL
[T+91237605us][CH2-DEVICE] 53 70 FA → [P3] IDLE
[T+91370921us][CH1-PC ] 50 20 FA → [P0] POLL
[T+91376921us][CH2-DEVICE] 50 70 FA → [P0] IDLE
[T+91511921us][CH1-PC ] 51 20 FA → [P1] POLL
[T+91516921us][CH2-DEVICE] 51 70 FA → [P1] IDLE
[T+91651921us][CH1-PC ] 52 20 FA → [P2] POLL
[T+91688921us][CH2-DEVICE] 52 3E 02 08 00 00 00 00 00 00 00 00 03 04 01 05 00 12 29 A1 03 FA → [P2] SEQ=3E FILL vol=0.00L price=0.00
[T+91732945us][CH1-PC ] 52 C0 FA → [P2] ACK
[T+91870921us][CH1-PC ] 53 20 FA → [P3] POLL
[T+91877603us][CH2-DEVICE] 53 70 FA → [P3] IDLE
[T+92011924us][CH1-PC ] 50 20 FA → [P0] POLL
[T+92016921us][CH2-DEVICE] 50 70 FA → [P0] IDLE
[T+92151921us][CH1-PC ] 51 20 FA → [P1] POLL
[T+92157921us][CH2-DEVICE] 51 70 FA → [P1] IDLE
[T+92292921us][CH1-PC ] 52 20 FA → [P2] POLL
[T+92298596us][CH2-DEVICE] 52 70 FA → [P2] IDLE
[T+92377947us][CH1-PC ] 52 30 01 01 04 E7 5F 03 FA → [P2] DISP st=04(BUSY) [01 01 04]
[T+92385706us][CH2-DEVICE] 52 C0 FA → [P2] ACK
[T+92589921us][CH1-PC ] 53 20 FA → [P3] POLL
[T+92597602us][CH2-DEVICE] 53 70 FA → [P3] IDLE
[T+92729921us][CH1-PC ] 50 20 FA → [P0] POLL
[T+92735939us][CH2-DEVICE] 50 70 FA → [P0] IDLE
[T+92870921us][CH1-PC ] 51 20 FA → [P1] POLL
[T+92875921us][CH2-DEVICE] 51 70 FA → [P1] IDLE
[T+93011945us][CH1-PC ] 52 20 FA → [P2] POLL
[T+93048921us][CH2-DEVICE] 52 3F 02 08 00 00 00 05 00 00 05 25 03 04 01 05 00 12 DD 00 03 FA → [P2] SEQ=3F FILL vol=0.05L price=5.25
[T+93091921us][CH1-PC ] 52 C0 FA → [P2] ACK
[T+93229921us][CH1-PC ] 53 20 FA → [P3] POLL
[T+93235921us][CH2-DEVICE] 53 70 FA → [P3] IDLE
[T+93370921us][CH1-PC ] 50 20 FA → [P0] POLL
[T+93375921us][CH2-DEVICE] 50 70 FA → [P0] IDLE
[T+93511945us][CH1-PC ] 51 20 FA → [P1] POLL
[T+93516921us][CH2-DEVICE] 51 70 FA → [P1] IDLE
[T+93652948us][CH1-PC ] 52 20 FA → [P2] POLL
[T+93679928us][CH2-DEVICE] 52 31 02 08 00 00 00 06 00 00 06 30 8F 45 03 FA → [P2] SEQ=31 FILL vol=0.06L price=6.30
[T+93731948us][CH1-PC ] 52 C0 FA → [P2] ACK
[T+93870921us][CH1-PC ] 53 20 FA → [P3] POLL
[T+93875921us][CH2-DEVICE] 53 70 FA → [P3] IDLE
[T+94011921us][CH1-PC ] 50 20 FA → [P0] POLL
[T+94016921us][CH2-DEVICE] 50 70 FA → [P0] IDLE
[T+94151921us][CH1-PC ] 51 20 FA → [P1] POLL
[T+94156921us][CH2-DEVICE] 51 70 FA → [P1] IDLE
[T+94292945us][CH1-PC ] 52 20 FA → [P2] POLL
[T+94320945us][CH2-DEVICE] 52 32 02 08 00 00 00 07 00 00 07 35 7C 52 03 FA → [P2] SEQ=32 FILL vol=0.07L price=7.35
[T+94372946us][CH1-PC ] 52 C0 FA → [P2] ACK
[T+94511921us][CH1-PC ] 53 20 FA → [P3] POLL
[T+94517951us][CH2-DEVICE] 53 70 FA → [P3] IDLE
[T+94651921us][CH1-PC ] 50 20 FA → [P0] POLL
[T+94657921us][CH2-DEVICE] 50 70 FA → [P0] IDLE
[T+94792921us][CH1-PC ] 51 20 FA → [P1] POLL
[T+94797921us][CH2-DEVICE] 51 70 FA → [P1] IDLE
[T+94933945us][CH1-PC ] 52 20 FA → [P2] POLL
[T+94959921us][CH2-DEVICE] 52 33 02 08 00 00 00 08 00 00 08 40 E8 B8 03 FA → [P2] SEQ=33 FILL vol=0.08L price=8.40
[T+95013921us][CH1-PC ] 52 C0 FA → [P2] ACK
[T+95151946us][CH1-PC ] 53 20 FA → [P3] POLL
[T+95157921us][CH2-DEVICE] 53 70 FA → [P3] IDLE
[T+95292921us][CH1-PC ] 50 20 FA → [P0] POLL
[T+95298604us][CH2-DEVICE] 50 70 FA → [P0] IDLE
[T+95432921us][CH1-PC ] 51 20 FA → [P1] POLL
[T+95438921us][CH2-DEVICE] 51 70 FA → [P1] IDLE
[T+95574947us][CH1-PC ] 52 20 FA → [P2] POLL
[T+95606945us][CH2-DEVICE] 52 34 01 01 04 02 08 00 00 00 09 00 00 09 45 D0 13 03 FA → [P2] SEQ=34 FILL vol=0.09L price=9.45
[T+95654946us][CH1-PC ] 52 C0 FA → [P2] ACK
[T+95792921us][CH1-PC ] 53 20 FA → [P3] POLL
[T+95798921us][CH2-DEVICE] 53 70 FA → [P3] IDLE
[T+95932921us][CH1-PC ] 50 20 FA → [P0] POLL
[T+95938929us][CH2-DEVICE] 50 70 FA → [P0] IDLE
[T+96073921us][CH1-PC ] 51 20 FA → [P1] POLL
[T+96080612us][CH2-DEVICE] 51 70 FA → [P1] IDLE
[T+96214921us][CH1-PC ] 52 20 FA → [P2] POLL
[T+96244921us][CH2-DEVICE] 52 35 02 08 00 00 00 24 00 00 25 20 7A 8E 03 FA → [P2] SEQ=35 FILL vol=0.24L price=25.20
[T+96294921us][CH1-PC ] 52 C0 FA → [P2] ACK
[T+96432945us][CH1-PC ] 53 20 FA → [P3] POLL
[T+96439921us][CH2-DEVICE] 53 70 FA → [P3] IDLE
[T+96573921us][CH1-PC ] 50 20 FA → [P0] POLL
[T+96579921us][CH2-DEVICE] 50 70 FA → [P0] IDLE
[T+96714921us][CH1-PC ] 51 20 FA → [P1] POLL
[T+96720421us][CH2-DEVICE] 51 70 FA → [P1] IDLE
[T+96855947us][CH1-PC ] 52 20 FA → [P2] POLL
[T+96884921us][CH2-DEVICE] 52 36 02 08 00 00 00 51 00 00 53 55 1F 86 03 FA → [P2] SEQ=36 FILL vol=0.51L price=53.55
[T+96935921us][CH1-PC ] 52 C0 FA → [P2] ACK
[T+97073921us][CH1-PC ] 53 20 FA → [P3] POLL
[T+97080928us][CH2-DEVICE] 53 70 FA → [P3] IDLE
[T+97214921us][CH1-PC ] 50 20 FA → [P0] POLL
[T+97218949us][CH2-DEVICE] 50 70 FA → [P0] IDLE
[T+97354945us][CH1-PC ] 51 20 FA → [P1] POLL
[T+97360921us][CH2-DEVICE] 51 70 FA → [P1] IDLE
[T+97496921us][CH1-PC ] 52 20 FA → [P2] POLL
[T+97523921us][CH2-DEVICE] 52 37 02 08 00 00 00 79 00 00 82 95 27 7C 03 FA → [P2] SEQ=37 FILL vol=0.79L price=82.95
[T+97575945us][CH1-PC ] 52 C0 FA → [P2] ACK
[T+97713921us][CH1-PC ] 53 20 FA → [P3] POLL
[T+97720960us][CH2-DEVICE] 53 70 FA → [P3] IDLE
[T+97854921us][CH1-PC ] 50 20 FA → [P0] POLL
[T+97859921us][CH2-DEVICE] 50 70 FA → [P0] IDLE
[T+97995945us][CH1-PC ] 51 20 FA → [P1] POLL
[T+98000921us][CH2-DEVICE] 51 70 FA → [P1] IDLE
[T+98136945us][CH1-PC ] 52 20 FA → [P2] POLL
[T+98164946us][CH2-DEVICE] 52 38 02 08 00 00 01 08 00 01 13 40 97 7D 03 FA → [P2] SEQ=38 FILL vol=1.08L price=113.40
[T+98215921us][CH1-PC ] 52 C0 FA → [P2] ACK
[T+98354921us][CH1-PC ] 53 20 FA → [P3] POLL
[T+98360923us][CH2-DEVICE] 53 70 FA → [P3] IDLE
[T+98495921us][CH1-PC ] 50 20 FA → [P0] POLL
[T+98500921us][CH2-DEVICE] 50 70 FA → [P0] IDLE
[T+98635921us][CH1-PC ] 51 20 FA → [P1] POLL
[T+98640921us][CH2-DEVICE] 51 70 FA → [P1] IDLE
[T+98777921us][CH1-PC ] 52 20 FA → [P2] POLL
[T+98806921us][CH2-DEVICE] 52 39 02 08 00 00 01 42 00 01 49 10 30 D3 03 FA → [P2] SEQ=39 FILL vol=1.42L price=149.10
[T+98856921us][CH1-PC ] 52 C0 FA → [P2] ACK
[T+98995921us][CH1-PC ] 53 20 FA → [P3] POLL
[T+99001921us][CH2-DEVICE] 53 70 FA → [P3] IDLE
[T+99135921us][CH1-PC ] 50 20 FA → [P0] POLL
[T+99141929us][CH2-DEVICE] 50 70 FA → [P0] IDLE
[T+99276921us][CH1-PC ] 51 20 FA → [P1] POLL
[T+99281921us][CH2-DEVICE] 51 70 FA → [P1] IDLE
[T+99417945us][CH1-PC ] 52 20 FA → [P2] POLL
[T+99445945us][CH2-DEVICE] 52 3A 02 08 00 00 01 71 00 01 79 55 EE 60 03 FA → [P2] SEQ=3A FILL vol=1.71L price=179.55
[T+99497945us][CH1-PC ] 52 C0 FA → [P2] ACK
[T+99635921us][CH1-PC ] 53 20 FA → [P3] POLL
[T+99641921us][CH2-DEVICE] 53 70 FA → [P3] IDLE
[T+99776921us][CH1-PC ] 50 20 FA → [P0] POLL
[T+99781921us][CH2-DEVICE] 50 70 FA → [P0] IDLE
[T+99916921us][CH1-PC ] 51 20 FA → [P1] POLL
[T+99922921us][CH2-DEVICE] 51 70 FA → [P1] IDLE
[T+100058945us][CH1-PC ] 52 20 FA → [P2] POLL
[T+100085921us][CH2-DEVICE] 52 3B 02 08 00 00 01 99 00 02 08 95 5E 8B 03 FA → [P2] SEQ=3B FILL vol=1.99L price=208.95
[T+100138921us][CH1-PC ] 52 C0 FA → [P2] ACK
[T+100276921us][CH1-PC ] 53 20 FA → [P3] POLL
[T+100280952us][CH2-DEVICE] 53 70 FA → [P3] IDLE
[T+100417921us][CH1-PC ] 50 20 FA → [P0] POLL
[T+100422921us][CH2-DEVICE] 50 70 FA → [P0] IDLE
[T+100557921us][CH1-PC ] 51 20 FA → [P1] POLL
[T+100563921us][CH2-DEVICE] 51 70 FA → [P1] IDLE
[T+100698921us][CH1-PC ] 52 20 FA → [P2] POLL
[T+100725921us][CH2-DEVICE] 52 3C 02 08 00 00 02 28 00 02 39 40 EC D9 03 FA → [P2] SEQ=3C FILL vol=2.28L price=239.40
[T+100778921us][CH1-PC ] 52 C0 FA → [P2] ACK
[T+100916921us][CH1-PC ] 53 20 FA → [P3] POLL
[T+100922922us][CH2-DEVICE] 53 70 FA → [P3] IDLE
[T+101057921us][CH1-PC ] 50 20 FA → [P0] POLL
[T+101062921us][CH2-DEVICE] 50 70 FA → [P0] IDLE
[T+101198945us][CH1-PC ] 51 20 FA → [P1] POLL
[T+101203921us][CH2-DEVICE] 51 70 FA → [P1] IDLE
[T+101339945us][CH1-PC ] 52 20 FA → [P2] POLL
[T+101367945us][CH2-DEVICE] 52 3D 02 08 00 00 02 57 00 02 69 85 01 BC 03 FA → [P2] SEQ=3D FILL vol=2.57L price=269.85
[T+101419946us][CH1-PC ] 52 C0 FA → [P2] ACK
[T+101557921us][CH1-PC ] 53 20 FA → [P3] POLL
[T+101562921us][CH2-DEVICE] 53 70 FA → [P3] IDLE
[T+101698946us][CH1-PC ] 50 20 FA → [P0] POLL
[T+101704609us][CH2-DEVICE] 50 70 FA → [P0] IDLE
[T+101838921us][CH1-PC ] 51 20 FA → [P1] POLL
[T+101843921us][CH2-DEVICE] 51 70 FA → [P1] IDLE
[T+101980921us][CH1-PC ] 52 20 FA → [P2] POLL
[T+102007921us][CH2-DEVICE] 52 3E 02 08 00 00 02 91 00 03 05 55 FB B5 03 FA → [P2] SEQ=3E FILL vol=2.91L price=305.55
[T+102059946us][CH1-PC ] 52 C0 FA → [P2] ACK
[T+102198921us][CH1-PC ] 53 20 FA → [P3] POLL
[T+102203921us][CH2-DEVICE] 53 70 FA → [P3] IDLE
[T+102338921us][CH1-PC ] 50 20 FA → [P0] POLL
[T+102344921us][CH2-DEVICE] 50 70 FA → [P0] IDLE
[T+102479921us][CH1-PC ] 51 20 FA → [P1] POLL
[T+102485595us][CH2-DEVICE] 51 70 FA → [P1] IDLE
[T+102620945us][CH1-PC ] 52 20 FA → [P2] POLL
[T+102647921us][CH2-DEVICE] 52 3F 02 08 00 00 03 20 00 03 36 00 56 4D 03 FA → [P2] SEQ=3F FILL vol=3.20L price=336.00
[T+102700921us][CH1-PC ] 52 C0 FA → [P2] ACK
[T+102838921us][CH1-PC ] 53 20 FA → [P3] POLL
[T+102844921us][CH2-DEVICE] 53 70 FA → [P3] IDLE
[T+102979921us][CH1-PC ] 50 20 FA → [P0] POLL
[T+102984921us][CH2-DEVICE] 50 70 FA → [P0] IDLE
[T+103120945us][CH1-PC ] 51 20 FA → [P1] POLL
[T+103125921us][CH2-DEVICE] 51 70 FA → [P1] IDLE
[T+103261948us][CH1-PC ] 52 20 FA → [P2] POLL
[T+103286921us][CH2-DEVICE] 52 31 02 08 00 00 03 48 00 03 65 40 3E 6C 03 FA → [P2] SEQ=31 FILL vol=3.48L price=365.40
[T+103340921us][CH1-PC ] 52 C0 FA → [P2] ACK
[T+103479921us][CH1-PC ] 53 20 FA → [P3] POLL
[T+103485614us][CH2-DEVICE] 53 70 FA → [P3] IDLE
[T+103619921us][CH1-PC ] 50 20 FA → [P0] POLL
[T+103624921us][CH2-DEVICE] 50 70 FA → [P0] IDLE
[T+103760947us][CH1-PC ] 51 20 FA → [P1] POLL
[T+103766921us][CH2-DEVICE] 51 70 FA → [P1] IDLE
[T+103901921us][CH1-PC ] 52 20 FA → [P2] POLL
[T+103927921us][CH2-DEVICE] 52 32 02 08 00 00 03 77 00 03 95 85 A1 7E 03 FA → [P2] SEQ=32 FILL vol=3.77L price=395.85
[T+103981921us][CH1-PC ] 52 C0 FA → [P2] ACK
[T+104119945us][CH1-PC ] 53 20 FA → [P3] POLL
[T+104124921us][CH2-DEVICE] 53 70 FA → [P3] IDLE
[T+104260946us][CH1-PC ] 50 20 FA → [P0] POLL
[T+104265921us][CH2-DEVICE] 50 70 FA → [P0] IDLE
[T+104401945us][CH1-PC ] 51 20 FA → [P1] POLL
[T+104405955us][CH2-DEVICE] 51 70 FA → [P1] IDLE
[T+104542921us][CH1-PC ] 52 20 FA → [P2] POLL
[T+104569921us][CH2-DEVICE] 52 33 02 08 00 00 04 06 00 04 26 30 DD 78 03 FA → [P2] SEQ=33 FILL vol=4.06L price=426.30
[T+104622921us][CH1-PC ] 52 C0 FA → [P2] ACK
[T+104760921us][CH1-PC ] 53 20 FA → [P3] POLL
[T+104767921us][CH2-DEVICE] 53 70 FA → [P3] IDLE
[T+104901921us][CH1-PC ] 50 20 FA → [P0] POLL
[T+104906921us][CH2-DEVICE] 50 70 FA → [P0] IDLE
[T+105041921us][CH1-PC ] 51 20 FA → [P1] POLL
[T+105046921us][CH2-DEVICE] 51 70 FA → [P1] IDLE
[T+105183921us][CH1-PC ] 52 20 FA → [P2] POLL
[T+105210921us][CH2-DEVICE] 52 34 02 08 00 00 04 39 00 04 60 95 21 12 03 FA → [P2] SEQ=34 FILL vol=4.39L price=460.95
[T+105262945us][CH1-PC ] 52 C0 FA → [P2] ACK
[T+105401921us][CH1-PC ] 53 20 FA → [P3] POLL
[T+105405949us][CH2-DEVICE] 53 70 FA → [P3] IDLE
[T+105541945us][CH1-PC ] 50 20 FA → [P0] POLL
[T+105546921us][CH2-DEVICE] 50 70 FA → [P0] IDLE
[T+105682947us][CH1-PC ] 51 20 FA → [P1] POLL
[T+105687921us][CH2-DEVICE] 51 70 FA → [P1] IDLE
[T+105823945us][CH1-PC ] 52 20 FA → [P2] POLL
[T+105850921us][CH2-DEVICE] 52 35 02 08 00 00 04 68 00 04 91 40 5C 2D 03 FA → [P2] SEQ=35 FILL vol=4.68L price=491.40
[T+105903921us][CH1-PC ] 52 C0 FA → [P2] ACK
[T+106041922us][CH1-PC ] 53 20 FA → [P3] POLL
[T+106047921us][CH2-DEVICE] 53 70 FA → [P3] IDLE
[T+106182921us][CH1-PC ] 50 20 FA → [P0] POLL
[T+106187921us][CH2-DEVICE] 50 70 FA → [P0] IDLE
[T+106322921us][CH1-PC ] 51 20 FA → [P1] POLL
[T+106328599us][CH2-DEVICE] 51 70 FA → [P1] IDLE
[T+106464921us][CH1-PC ] 52 20 FA → [P2] POLL
[T+106490921us][CH2-DEVICE] 52 36 02 08 00 00 04 83 00 05 07 15 89 21 03 FA → [P2] SEQ=36 FILL vol=4.83L price=507.15
[T+106543921us][CH1-PC ] 52 C0 FA → [P2] ACK
[T+106682945us][CH1-PC ] 53 20 FA → [P3] POLL
[T+106688595us][CH2-DEVICE] 53 70 FA → [P3] IDLE
[T+106822928us][CH1-PC ] 50 20 FA → [P0] POLL
[T+106828921us][CH2-DEVICE] 50 70 FA → [P0] IDLE
[T+106963926us][CH1-PC ] 51 20 FA → [P1] POLL
[T+106968921us][CH2-DEVICE] 51 70 FA → [P1] IDLE
[T+107104945us][CH1-PC ] 52 20 FA → [P2] POLL
[T+107110921us][CH2-DEVICE] 52 70 FA → [P2] IDLE
[T+107189921us][CH1-PC ] 52 30 01 01 04 E7 5F 03 FA → [P2] DISP st=04(BUSY) [01 01 04]
[T+107196713us][CH2-DEVICE] 52 C0 FA → [P2] ACK
[T+107401921us][CH1-PC ] 53 20 FA → [P3] POLL
[T+107405949us][CH2-DEVICE] 53 70 FA → [P3] IDLE
[T+107541945us][CH1-PC ] 50 20 FA → [P0] POLL
[T+107547921us][CH2-DEVICE] 50 70 FA → [P0] IDLE
[T+107682921us][CH1-PC ] 51 20 FA → [P1] POLL
[T+107687921us][CH2-DEVICE] 51 70 FA → [P1] IDLE
[T+107823945us][CH1-PC ] 52 20 FA → [P2] POLL
[T+107861921us][CH2-DEVICE] 52 37 02 08 00 00 04 85 00 05 09 25 03 04 01 05 00 12 3D CA 03 FA → [P2] SEQ=37 FILL vol=4.85L price=509.25
[T+107903921us][CH1-PC ] 52 C0 FA → [P2] ACK
[T+108041946us][CH1-PC ] 53 20 FA → [P3] POLL
[T+108046921us][CH2-DEVICE] 53 70 FA → [P3] IDLE
[T+108182945us][CH1-PC ] 50 20 FA → [P0] POLL
[T+108187921us][CH2-DEVICE] 50 70 FA → [P0] IDLE
[T+108322921us][CH1-PC ] 51 20 FA → [P1] POLL
[T+108328601us][CH2-DEVICE] 51 70 FA → [P1] IDLE
[T+108464921us][CH1-PC ] 52 20 FA → [P2] POLL
[T+108491921us][CH2-DEVICE] 52 38 02 08 00 00 04 87 00 05 11 35 43 B1 03 FA → [P2] SEQ=38 FILL vol=4.87L price=511.35
[T+108543945us][CH1-PC ] 52 C0 FA → [P2] ACK
[T+108682921us][CH1-PC ] 53 20 FA → [P3] POLL
[T+108688585us][CH2-DEVICE] 53 70 FA → [P3] IDLE
[T+108822921us][CH1-PC ] 50 20 FA → [P0] POLL
[T+108827921us][CH2-DEVICE] 50 70 FA → [P0] IDLE
[T+108963946us][CH1-PC ] 51 20 FA → [P1] POLL
[T+108969921us][CH2-DEVICE] 51 70 FA → [P1] IDLE
[T+109104921us][CH1-PC ] 52 20 FA → [P2] POLL
[T+109131921us][CH2-DEVICE] 52 39 02 08 00 00 04 88 00 05 12 40 D2 5B 03 FA → [P2] SEQ=39 FILL vol=4.88L price=512.40
[T+109184921us][CH1-PC ] 52 C0 FA → [P2] ACK
[T+109322921us][CH1-PC ] 53 20 FA → [P3] POLL
[T+109327921us][CH2-DEVICE] 53 70 FA → [P3] IDLE
[T+109463946us][CH1-PC ] 50 20 FA → [P0] POLL
[T+109468921us][CH2-DEVICE] 50 70 FA → [P0] IDLE
[T+109604921us][CH1-PC ] 51 20 FA → [P1] POLL
[T+109609921us][CH2-DEVICE] 51 70 FA → [P1] IDLE
[T+109745945us][CH1-PC ] 52 20 FA → [P2] POLL
[T+109772921us][CH2-DEVICE] 52 3A 02 08 00 00 04 89 00 05 13 45 21 4C 03 FA → [P2] SEQ=3A FILL vol=4.89L price=513.45
[T+109824945us][CH1-PC ] 52 C0 FA → [P2] ACK
[T+109963921us][CH1-PC ] 53 20 FA → [P3] POLL
[T+109968921us][CH2-DEVICE] 53 70 FA → [P3] IDLE
[T+110104945us][CH1-PC ] 50 20 FA → [P0] POLL
[T+110109921us][CH2-DEVICE] 50 70 FA → [P0] IDLE
[T+110244921us][CH1-PC ] 51 20 FA → [P1] POLL
[T+110249921us][CH2-DEVICE] 51 70 FA → [P1] IDLE
[T+110385945us][CH1-PC ] 52 20 FA → [P2] POLL
[T+110414921us][CH2-DEVICE] 52 3B 02 08 00 00 04 90 00 05 14 50 FB 8D 03 FA → [P2] SEQ=3B FILL vol=4.90L price=514.50
[T+110465921us][CH1-PC ] 52 C0 FA → [P2] ACK
[T+110604921us][CH1-PC ] 53 20 FA → [P3] POLL
[T+110611598us][CH2-DEVICE] 53 70 FA → [P3] IDLE
[T+110744921us][CH1-PC ] 50 20 FA → [P0] POLL
[T+110750924us][CH2-DEVICE] 50 70 FA → [P0] IDLE
[T+110885921us][CH1-PC ] 51 20 FA → [P1] POLL
[T+110890921us][CH2-DEVICE] 51 70 FA → [P1] IDLE
[T+111026945us][CH1-PC ] 52 20 FA → [P2] POLL
[T+111053921us][CH2-DEVICE] 52 3C 02 08 00 00 04 91 00 05 15 55 1D AA 03 FA → [P2] SEQ=3C FILL vol=4.91L price=515.55
[T+111105945us][CH1-PC ] 52 C0 FA → [P2] ACK
[T+111244921us][CH1-PC ] 53 20 FA → [P3] POLL
[T+111250921us][CH2-DEVICE] 53 70 FA → [P3] IDLE
[T+111385921us][CH1-PC ] 50 20 FA → [P0] POLL
[T+111390921us][CH2-DEVICE] 50 70 FA → [P0] IDLE
[T+111525921us][CH1-PC ] 51 20 FA → [P1] POLL
[T+111531930us][CH2-DEVICE] 51 70 FA → [P1] IDLE
[T+111667945us][CH1-PC ] 52 20 FA → [P2] POLL
[T+111673600us][CH2-DEVICE] 52 70 FA → [P2] IDLE
[T+111751921us][CH1-PC ] 52 30 01 01 04 E7 5F 03 FA → [P2] DISP st=04(BUSY) [01 01 04]
[T+111757921us][CH2-DEVICE] 52 C0 FA → [P2] ACK
[T+111963921us][CH1-PC ] 53 20 FA → [P3] POLL
[T+111969921us][CH2-DEVICE] 53 70 FA → [P3] IDLE
[T+112104921us][CH1-PC ] 50 20 FA → [P0] POLL
[T+112109921us][CH2-DEVICE] 50 70 FA → [P0] IDLE
[T+112244921us][CH1-PC ] 51 20 FA → [P1] POLL
[T+112250921us][CH2-DEVICE] 51 70 FA → [P1] IDLE
[T+112385921us][CH1-PC ] 52 20 FA → [P2] POLL
[T+112422921us][CH2-DEVICE] 52 3D 02 08 00 00 04 92 00 05 16 60 03 04 01 05 00 12 00 54 03 FA → [P2] SEQ=3D FILL vol=4.92L price=516.60
[T+112466946us][CH1-PC ] 52 C0 FA → [P2] ACK
[T+112603921us][CH1-PC ] 53 20 FA → [P3] POLL
[T+112609921us][CH2-DEVICE] 53 70 FA → [P3] IDLE
[T+112744921us][CH1-PC ] 50 20 FA → [P0] POLL
[T+112750606us][CH2-DEVICE] 50 70 FA → [P0] IDLE
[T+112885945us][CH1-PC ] 51 20 FA → [P1] POLL
[T+112890921us][CH2-DEVICE] 51 70 FA → [P1] IDLE
[T+113026945us][CH1-PC ] 52 20 FA → [P2] POLL
[T+113052921us][CH2-DEVICE] 52 3E 02 08 00 00 04 93 00 05 17 65 6E A6 03 FA → [P2] SEQ=3E FILL vol=4.93L price=517.65
[T+113105923us][CH1-PC ] 52 C0 FA → [P2] ACK
[T+113244945us][CH1-PC ] 53 20 FA → [P3] POLL
[T+113252605us][CH2-DEVICE] 53 70 FA → [P3] IDLE
[T+113385921us][CH1-PC ] 50 20 FA → [P0] POLL
[T+113389949us][CH2-DEVICE] 50 70 FA → [P0] IDLE
[T+113525945us][CH1-PC ] 51 20 FA → [P1] POLL
[T+113531947us][CH2-DEVICE] 51 70 FA → [P1] IDLE
[T+113667945us][CH1-PC ] 52 20 FA → [P2] POLL
[T+113693921us][CH2-DEVICE] 52 3F 02 08 00 00 04 94 00 05 18 70 1B A5 03 FA → [P2] SEQ=3F FILL vol=4.94L price=518.70
[T+113746921us][CH1-PC ] 52 C0 FA → [P2] ACK
[T+113885945us][CH1-PC ] 53 20 FA → [P3] POLL
[T+113890921us][CH2-DEVICE] 53 70 FA → [P3] IDLE
[T+114025921us][CH1-PC ] 50 20 FA → [P0] POLL
[T+114030921us][CH2-DEVICE] 50 70 FA → [P0] IDLE
[T+114166946us][CH1-PC ] 51 20 FA → [P1] POLL
[T+114171921us][CH2-DEVICE] 51 70 FA → [P1] IDLE
[T+114307945us][CH1-PC ] 52 20 FA → [P2] POLL
[T+114334924us][CH2-DEVICE] 52 31 02 08 00 00 04 95 00 05 19 75 D3 1E 03 FA → [P2] SEQ=31 FILL vol=4.95L price=519.75
[T+114387921us][CH1-PC ] 52 C0 FA → [P2] ACK
[T+114525921us][CH1-PC ] 53 20 FA → [P3] POLL
[T+114531921us][CH2-DEVICE] 53 70 FA → [P3] IDLE
[T+114666921us][CH1-PC ] 50 20 FA → [P0] POLL
[T+114671921us][CH2-DEVICE] 50 70 FA → [P0] IDLE
[T+114806921us][CH1-PC ] 51 20 FA → [P1] POLL
[T+114812931us][CH2-DEVICE] 51 70 FA → [P1] IDLE
[T+114948950us][CH1-PC ] 52 20 FA → [P2] POLL
[T+114974921us][CH2-DEVICE] 52 32 02 08 00 00 04 96 00 05 20 80 4A 4D 03 FA → [P2] SEQ=32 FILL vol=4.96L price=520.80
[T+115027921us][CH1-PC ] 52 C0 FA → [P2] ACK
[T+115166945us][CH1-PC ] 53 20 FA → [P3] POLL
[T+115173930us][CH2-DEVICE] 53 70 FA → [P3] IDLE
[T+115306921us][CH1-PC ] 50 20 FA → [P0] POLL
[T+115312921us][CH2-DEVICE] 50 70 FA → [P0] IDLE
[T+115447921us][CH1-PC ] 51 20 FA → [P1] POLL
[T+115452921us][CH2-DEVICE] 51 70 FA → [P1] IDLE
[T+115588945us][CH1-PC ] 52 20 FA → [P2] POLL
[T+115594921us][CH2-DEVICE] 52 70 FA → [P2] IDLE
[T+115673922us][CH1-PC ] 52 30 01 01 04 E7 5F 03 FA → [P2] DISP st=04(BUSY) [01 01 04]
[T+115680711us][CH2-DEVICE] 52 C0 FA → [P2] ACK
[T+115884921us][CH1-PC ] 53 20 FA → [P3] POLL
[T+115892598us][CH2-DEVICE] 53 70 FA → [P3] IDLE
[T+116025921us][CH1-PC ] 50 20 FA → [P0] POLL
[T+116030921us][CH2-DEVICE] 50 70 FA → [P0] IDLE
[T+116166945us][CH1-PC ] 51 20 FA → [P1] POLL
[T+116171921us][CH2-DEVICE] 51 70 FA → [P1] IDLE
[T+116307945us][CH1-PC ] 52 20 FA → [P2] POLL
[T+116344921us][CH2-DEVICE] 52 33 02 08 00 00 04 97 00 05 21 85 03 04 01 05 00 12 83 C7 03 FA → [P2] SEQ=33 FILL vol=4.97L price=521.85
[T+116387921us][CH1-PC ] 52 C0 FA → [P2] ACK
[T+116525921us][CH1-PC ] 53 20 FA → [P3] POLL
[T+116532607us][CH2-DEVICE] 53 70 FA → [P3] IDLE
[T+116666921us][CH1-PC ] 50 20 FA → [P0] POLL
[T+116671921us][CH2-DEVICE] 50 70 FA → [P0] IDLE
[T+116806921us][CH1-PC ] 51 20 FA → [P1] POLL
[T+116811921us][CH2-DEVICE] 51 70 FA → [P1] IDLE
[T+116948921us][CH1-PC ] 52 20 FA → [P2] POLL
[T+116954930us][CH2-DEVICE] 52 70 FA → [P2] IDLE
[T+117032921us][CH1-PC ] 52 30 01 01 04 E7 5F 03 FA → [P2] DISP st=04(BUSY) [01 01 04]
[T+117038921us][CH2-DEVICE] 52 C0 FA → [P2] ACK
[T+117244945us][CH1-PC ] 53 20 FA → [P3] POLL
[T+117250930us][CH2-DEVICE] 53 70 FA → [P3] IDLE
[T+117384921us][CH1-PC ] 50 20 FA → [P0] POLL
[T+117390921us][CH2-DEVICE] 50 70 FA → [P0] IDLE
[T+117525921us][CH1-PC ] 51 20 FA → [P1] POLL
[T+117530921us][CH2-DEVICE] 51 70 FA → [P1] IDLE
[T+117667921us][CH1-PC ] 52 20 FA → [P2] POLL
[T+117702921us][CH2-DEVICE] 52 34 02 08 00 00 04 97 00 05 21 85 03 04 01 05 00 12 31 F6 03 FA → [P2] SEQ=34 FILL vol=4.97L price=521.85
[T+117746945us][CH1-PC ] 52 C0 FA → [P2] ACK
[T+117884921us][CH1-PC ] 53 20 FA → [P3] POLL
[T+117890394us][CH2-DEVICE] 53 70 FA → [P3] IDLE
[T+118025946us][CH1-PC ] 50 20 FA → [P0] POLL
[T+118030921us][CH2-DEVICE] 50 70 FA → [P0] IDLE
[T+118166945us][CH1-PC ] 51 20 FA → [P1] POLL
[T+118171921us][CH2-DEVICE] 51 70 FA → [P1] IDLE
[T+118307945us][CH1-PC ] 52 20 FA → [P2] POLL
[T+118333921us][CH2-DEVICE] 52 35 02 08 00 00 04 98 00 05 22 90 39 54 03 FA → [P2] SEQ=35 FILL vol=4.98L price=522.90
[T+118386945us][CH1-PC ] 52 C0 FA → [P2] ACK
[T+118525921us][CH1-PC ] 53 20 FA → [P3] POLL
[T+118530921us][CH2-DEVICE] 53 70 FA → [P3] IDLE
[T+118666947us][CH1-PC ] 50 20 FA → [P0] POLL
[T+118671921us][CH2-DEVICE] 50 70 FA → [P0] IDLE
[T+118806921us][CH1-PC ] 51 20 FA → [P1] POLL
[T+118812921us][CH2-DEVICE] 51 70 FA → [P1] IDLE
[T+118948945us][CH1-PC ] 52 20 FA → [P2] POLL
[T+118954921us][CH2-DEVICE] 52 70 FA → [P2] IDLE
[T+119032921us][CH1-PC ] 52 30 01 01 04 E7 5F 03 FA → [P2] DISP st=04(BUSY) [01 01 04]
[T+119039929us][CH2-DEVICE] 52 C0 FA → [P2] ACK
[T+119244921us][CH1-PC ] 53 20 FA → [P3] POLL
[T+119250723us][CH2-DEVICE] 53 70 FA → [P3] IDLE
[T+119384921us][CH1-PC ] 50 20 FA → [P0] POLL
[T+119390921us][CH2-DEVICE] 50 70 FA → [P0] IDLE
[T+119525921us][CH1-PC ] 51 20 FA → [P1] POLL
[T+119530921us][CH2-DEVICE] 51 70 FA → [P1] IDLE
[T+119666945us][CH1-PC ] 52 20 FA → [P2] POLL
[T+119704921us][CH2-DEVICE] 52 36 02 08 00 00 04 99 00 05 23 95 03 04 01 05 00 12 34 66 03 FA → [P2] SEQ=36 FILL vol=4.99L price=523.95
[T+119746921us][CH1-PC ] 52 C0 FA → [P2] ACK
[T+119884945us][CH1-PC ] 53 20 FA → [P3] POLL
[T+119889921us][CH2-DEVICE] 53 70 FA → [P3] IDLE
[T+120025946us][CH1-PC ] 50 20 FA → [P0] POLL
[T+120030921us][CH2-DEVICE] 50 70 FA → [P0] IDLE
[T+120166946us][CH1-PC ] 51 20 FA → [P1] POLL
[T+120171921us][CH2-DEVICE] 51 70 FA → [P1] IDLE
[T+120307945us][CH1-PC ] 52 20 FA → [P2] POLL
[T+120311950us][CH2-DEVICE] 52 70 FA → [P2] IDLE
[T+120391945us][CH1-PC ] 52 30 01 01 04 E7 5F 03 FA → [P2] DISP st=04(BUSY) [01 01 04]
[T+120398716us][CH2-DEVICE] 52 C0 FA → [P2] ACK
[T+120603921us][CH1-PC ] 53 20 FA → [P3] POLL
[T+120610609us][CH2-DEVICE] 53 70 FA → [P3] IDLE
[T+120744921us][CH1-PC ] 50 20 FA → [P0] POLL
[T+120749921us][CH2-DEVICE] 50 70 FA → [P0] IDLE
[T+120884921us][CH1-PC ] 51 20 FA → [P1] POLL
[T+120889922us][CH2-DEVICE] 51 70 FA → [P1] IDLE
[T+121026921us][CH1-PC ] 52 20 FA → [P2] POLL
[T+121062945us][CH2-DEVICE] 52 37 02 08 00 00 05 00 00 05 25 00 03 04 01 05 00 12 0E 88 03 FA → [P2] SEQ=37 FILL vol=5.00L price=525.00
[T+121106945us][CH1-PC ] 52 C0 FA → [P2] ACK
[T+121244921us][CH1-PC ] 53 20 FA → [P3] POLL
[T+121249921us][CH2-DEVICE] 53 70 FA → [P3] IDLE
[T+121384921us][CH1-PC ] 50 20 FA → [P0] POLL
[T+121390921us][CH2-DEVICE] 50 70 FA → [P0] IDLE
[T+121525921us][CH1-PC ] 51 20 FA → [P1] POLL
[T+121530921us][CH2-DEVICE] 51 70 FA → [P1] IDLE
[T+121666945us][CH1-PC ] 52 20 FA → [P2] POLL
[T+121671921us][CH2-DEVICE] 52 70 FA → [P2] IDLE
[T+121751945us][CH1-PC ] 52 30 01 01 04 E7 5F 03 FA → [P2] DISP st=04(BUSY) [01 01 04]
[T+121756921us][CH2-DEVICE] 52 C0 FA → [P2] ACK
[T+121962921us][CH1-PC ] 53 20 FA → [P3] POLL
[T+121969921us][CH2-DEVICE] 53 70 FA → [P3] IDLE
[T+122103921us][CH1-PC ] 50 20 FA → [P0] POLL
[T+122109568us][CH2-DEVICE] 50 70 FA → [P0] IDLE
[T+122244945us][CH1-PC ] 51 20 FA → [P1] POLL
[T+122248949us][CH2-DEVICE] 51 70 FA → [P1] IDLE
[T+122384945us][CH1-PC ] 52 20 FA → [P2] POLL
[T+122421066us][CH2-DEVICE] 52 38 02 08 00 00 05 00 00 05 25 00 03 04 01 05 00 12 3B 7B 03 FA → [P2] SEQ=38 FILL vol=5.00L price=525.00
[T+122465921us][CH1-PC ] 52 C0 FA → [P2] ACK
[T+122603921us][CH1-PC ] 53 20 FA → [P3] POLL
[T+122609921us][CH2-DEVICE] 53 70 FA → [P3] IDLE
[T+122744921us][CH1-PC ] 50 20 FA → [P0] POLL
[T+122749921us][CH2-DEVICE] 50 70 FA → [P0] IDLE
[T+122884921us][CH1-PC ] 51 20 FA → [P1] POLL
[T+122890659us][CH2-DEVICE] 51 70 FA → [P1] IDLE
[T+123025921us][CH1-PC ] 52 20 FA → [P2] POLL
[T+123030921us][CH2-DEVICE] 52 70 FA → [P2] IDLE
[T+123110946us][CH1-PC ] 52 30 01 01 04 E7 5F 03 FA → [P2] DISP st=04(BUSY) [01 01 04]
[T+123116921us][CH2-DEVICE] 52 C0 FA → [P2] ACK
[T+123322921us][CH1-PC ] 53 20 FA → [P3] POLL
[T+123328921us][CH2-DEVICE] 53 70 FA → [P3] IDLE
[T+123462921us][CH1-PC ] 50 20 FA → [P0] POLL
[T+123468602us][CH2-DEVICE] 50 70 FA → [P0] IDLE
[T+123603945us][CH1-PC ] 51 20 FA → [P1] POLL
[T+123608921us][CH2-DEVICE] 51 70 FA → [P1] IDLE
[T+123744945us][CH1-PC ] 52 20 FA → [P2] POLL
[T+123780945us][CH2-DEVICE] 52 39 02 08 00 00 05 00 00 05 25 00 03 04 01 05 00 12 6A EB 03 FA → [P2] SEQ=39 FILL vol=5.00L price=525.00
[T+123824946us][CH1-PC ] 52 C0 FA → [P2] ACK
[T+123962922us][CH1-PC ] 53 20 FA → [P3] POLL
[T+123967921us][CH2-DEVICE] 53 70 FA → [P3] IDLE
[T+124103945us][CH1-PC ] 50 20 FA → [P0] POLL
[T+124108921us][CH2-DEVICE] 50 70 FA → [P0] IDLE
[T+124244945us][CH1-PC ] 51 20 FA → [P1] POLL
[T+124249921us][CH2-DEVICE] 51 70 FA → [P1] IDLE
[T+124384921us][CH1-PC ] 52 20 FA → [P2] POLL
[T+124390921us][CH2-DEVICE] 52 70 FA → [P2] IDLE
[T+124469921us][CH1-PC ] 52 30 01 01 04 E7 5F 03 FA → [P2] DISP st=04(BUSY) [01 01 04]
[T+124475921us][CH2-DEVICE] 52 C0 FA → [P2] ACK
[T+124681921us][CH1-PC ] 53 20 FA → [P3] POLL
[T+124686921us][CH2-DEVICE] 53 70 FA → [P3] IDLE
[T+124822945us][CH1-PC ] 50 20 FA → [P0] POLL
[T+124827921us][CH2-DEVICE] 50 70 FA → [P0] IDLE
[T+124962921us][CH1-PC ] 51 20 FA → [P1] POLL
[T+124967921us][CH2-DEVICE] 51 70 FA → [P1] IDLE
[T+125103945us][CH1-PC ] 52 20 FA → [P2] POLL
[T+125154921us][CH2-DEVICE] 52 3A 02 08 00 00 05 00 00 05 25 00 03 04 01 05 00 12 03 04 01 05 00 02 01 01 06 46 65 03 FA → [P2] SEQ=3A FILL vol=5.00L price=525.00
[T+125185921us][CH1-PC ] 52 C0 FA → [P2] ACK
[T+125266946us][CH1-PC ] 52 30 01 01 04 E7 5F 03 FA → [P2] DISP st=04(BUSY) [01 01 04]
[T+125272693us][CH2-DEVICE] 52 C0 FA → [P2] ACK
[T+125415945us][CH1-PC ] 52 20 FA → [P2] POLL
[T+125430927us][CH2-DEVICE] 52 3B 01 01 05 24 BB 03 FA → [P2] SEQ=3B [01 01 05]
[T+125583921us][CH1-PC ] 52 30 01 01 05 26 9F 03 FA → [P2] DISP st=05(IDLE) [01 01 05]
[T+125589921us][CH2-DEVICE] 52 C0 FA → [P2] ACK
[T+125650921us][CH1-PC ] 52 C0 FA → [P2] ACK
[T+125790921us][CH1-PC ] 53 20 FA → [P3] POLL
[T+125795921us][CH2-DEVICE] 53 70 FA → [P3] IDLE
[T+125931946us][CH1-PC ] 50 20 FA → [P0] POLL
[T+125937597us][CH2-DEVICE] 50 70 FA → [P0] IDLE
[T+126072945us][CH1-PC ] 51 20 FA → [P1] POLL
[T+126077921us][CH2-DEVICE] 51 70 FA → [P1] IDLE
[T+126213949us][CH1-PC ] 52 20 FA → [P2] POLL
[T+126218921us][CH2-DEVICE] 52 70 FA → [P2] IDLE
[T+126353921us][CH1-PC ] 53 20 FA → [P3] POLL
[T+126359929us][CH2-DEVICE] 53 70 FA → [P3] IDLE
[T+126493921us][CH1-PC ] 50 20 FA → [P0] POLL
[T+126499921us][CH2-DEVICE] 50 70 FA → [P0] IDLE
[T+126634921us][CH1-PC ] 51 20 FA → [P1] POLL
[T+126639921us][CH2-DEVICE] 51 70 FA → [P1] IDLE
[T+126775946us][CH1-PC ] 52 20 FA → [P2] POLL
[T+126780921us][CH2-DEVICE] 52 70 FA → [P2] IDLE
[T+126915921us][CH1-PC ] 53 20 FA → [P3] POLL
[T+126921927us][CH2-DEVICE] 53 70 FA → [P3] IDLE
[T+127056921us][CH1-PC ] 50 20 FA → [P0] POLL
[T+127061921us][CH2-DEVICE] 50 70 FA → [P0] IDLE
[T+127196921us][CH1-PC ] 51 20 FA → [P1] POLL
[T+127202600us][CH2-DEVICE] 51 70 FA → [P1] IDLE
[T+127337945us][CH1-PC ] 52 20 FA → [P2] POLL
[T+127342921us][CH2-DEVICE] 52 70 FA → [P2] IDLE
[T+127478945us][CH1-PC ] 53 20 FA → [P3] POLL
[T+127483921us][CH2-DEVICE] 53 70 FA → [P3] IDLE
[T+127618921us][CH1-PC ] 50 20 FA → [P0] POLL
[T+127624929us][CH2-DEVICE] 50 70 FA → [P0] IDLE
[T+127759921us][CH1-PC ] 51 20 FA → [P1] POLL
[T+127764921us][CH2-DEVICE] 51 70 FA → [P1] IDLE
[T+127900945us][CH1-PC ] 52 20 FA → [P2] POLL
[T+127905921us][CH2-DEVICE] 52 70 FA → [P2] IDLE
[T+128040921us][CH1-PC ] 53 20 FA → [P3] POLL
[T+128046610us][CH2-DEVICE] 53 70 FA → [P3] IDLE
[T+128181945us][CH1-PC ] 50 20 FA → [P0] POLL
[T+128185949us][CH2-DEVICE] 50 70 FA → [P0] IDLE
[T+128321945us][CH1-PC ] 51 20 FA → [P1] POLL
[T+128327921us][CH2-DEVICE] 51 70 FA → [P1] IDLE
[T+128462921us][CH1-PC ] 52 20 FA → [P2] POLL
[T+128467921us][CH2-DEVICE] 52 70 FA → [P2] IDLE
[T+128603945us][CH1-PC ] 53 20 FA → [P3] POLL
[T+128608921us][CH2-DEVICE] 53 70 FA → [P3] IDLE
[T+128743921us][CH1-PC ] 50 20 FA → [P0] POLL
[T+128748921us][CH2-DEVICE] 50 70 FA → [P0] IDLE
[T+128884945us][CH1-PC ] 51 20 FA → [P1] POLL
[T+128889921us][CH2-DEVICE] 51 70 FA → [P1] IDLE
[T+129025946us][CH1-PC ] 52 20 FA → [P2] POLL
[T+129030921us][CH2-DEVICE] 52 70 FA → [P2] IDLE
[T+129165921us][CH1-PC ] 53 20 FA → [P3] POLL
[T+129171921us][CH2-DEVICE] 53 70 FA → [P3] IDLE
[T+129306921us][CH1-PC ] 50 20 FA → [P0] POLL
[T+129311921us][CH2-DEVICE] 50 70 FA → [P0] IDLE
[T+129447922us][CH1-PC ] 51 20 FA → [P1] POLL
[T+129451949us][CH2-DEVICE] 51 70 FA → [P1] IDLE
[T+129587945us][CH1-PC ] 52 20 FA → [P2] POLL
[T+129592921us][CH2-DEVICE] 52 70 FA → [P2] IDLE
[T+129728945us][CH1-PC ] 53 20 FA → [P3] POLL
[T+129733921us][CH2-DEVICE] 53 70 FA → [P3] IDLE
[T+129868921us][CH1-PC ] 50 20 FA → [P0] POLL
[T+129873921us][CH2-DEVICE] 50 70 FA → [P0] IDLE
[T+130009945us][CH1-PC ] 51 20 FA → [P1] POLL
[T+130014921us][CH2-DEVICE] 51 70 FA → [P1] IDLE
[T+130150945us][CH1-PC ] 52 20 FA → [P2] POLL
[T+130166951us][CH2-DEVICE] 52 70 FA → [P2] IDLE
[T+130290945us][CH1-PC ] 53 20 FA → [P3] POLL
[T+130295921us][CH2-DEVICE] 53 70 FA → [P3] IDLE
[T+130431948us][CH1-PC ] 50 20 FA → [P0] POLL
[T+130436921us][CH2-DEVICE] 50 70 FA → [P0] IDLE
[T+130571921us][CH1-PC ] 51 20 FA → [P1] POLL
[T+130577931us][CH2-DEVICE] 51 70 FA → [P1] IDLE
[T+130712921us][CH1-PC ] 52 20 FA → [P2] POLL
[T+130717921us][CH2-DEVICE] 52 70 FA → [P2] IDLE
[T+130853945us][CH1-PC ] 53 20 FA → [P3] POLL
[T+130858921us][CH2-DEVICE] 53 70 FA → [P3] IDLE
[T+130993921us][CH1-PC ] 50 20 FA → [P0] POLL
[T+130999605us][CH2-DEVICE] 50 70 FA → [P0] IDLE
[T+131134945us][CH1-PC ] 51 20 FA → [P1] POLL
[T+131139921us][CH2-DEVICE] 51 70 FA → [P1] IDLE
[T+131274921us][CH1-PC ] 52 20 FA → [P2] POLL
[T+131280921us][CH2-DEVICE] 52 70 FA → [P2] IDLE
[T+131415921us][CH1-PC ] 53 20 FA → [P3] POLL
[T+131421923us][CH2-DEVICE] 53 70 FA → [P3] IDLE
[T+131556921us][CH1-PC ] 50 20 FA → [P0] POLL
[T+131562602us][CH2-DEVICE] 50 70 FA → [P0] IDLE
[T+131696921us][CH1-PC ] 51 20 FA → [P1] POLL
[T+131702921us][CH2-DEVICE] 51 70 FA → [P1] IDLE
[T+131837921us][CH1-PC ] 52 20 FA → [P2] POLL
[T+131842921us][CH2-DEVICE] 52 70 FA → [P2] IDLE
[T+131978945us][CH1-PC ] 53 20 FA → [P3] POLL
[T+131983921us][CH2-DEVICE] 53 70 FA → [P3] IDLE
[T+132118921us][CH1-PC ] 50 20 FA → [P0] POLL
[T+132123921us][CH2-DEVICE] 50 70 FA → [P0] IDLE
[T+132259946us][CH1-PC ] 51 20 FA → [P1] POLL
[T+132265602us][CH2-DEVICE] 51 70 FA → [P1] IDLE
[T+132399921us][CH1-PC ] 52 20 FA → [P2] POLL
[T+132405921us][CH2-DEVICE] 52 70 FA → [P2] IDLE
[T+132540921us][CH1-PC ] 53 20 FA → [P3] POLL
[T+132545921us][CH2-DEVICE] 53 70 FA → [P3] IDLE
[T+132681946us][CH1-PC ] 50 20 FA → [P0] POLL
[T+132686921us][CH2-DEVICE] 50 70 FA → [P0] IDLE
[T+132821921us][CH1-PC ] 51 20 FA → [P1] POLL
[T+132826921us][CH2-DEVICE] 51 70 FA → [P1] IDLE
[T+132962946us][CH1-PC ] 52 20 FA → [P2] POLL
[T+132967921us][CH2-DEVICE] 52 70 FA → [P2] IDLE
[T+133102921us][CH1-PC ] 53 20 FA → [P3] POLL
[T+133107921us][CH2-DEVICE] 53 70 FA → [P3] IDLE
[T+133243945us][CH1-PC ] 50 20 FA → [P0] POLL
[T+133249921us][CH2-DEVICE] 50 70 FA → [P0] IDLE
[T+133384921us][CH1-PC ] 51 20 FA → [P1] POLL
[T+133389921us][CH2-DEVICE] 51 70 FA → [P1] IDLE
[T+133524921us][CH1-PC ] 52 20 FA → [P2] POLL
[T+133530930us][CH2-DEVICE] 52 70 FA → [P2] IDLE
[T+133665921us][CH1-PC ] 53 20 FA → [P3] POLL
[T+133672610us][CH2-DEVICE] 53 70 FA → [P3] IDLE
[T+133806921us][CH1-PC ] 50 20 FA → [P0] POLL
[T+133811921us][CH2-DEVICE] 50 70 FA → [P0] IDLE
[T+133946921us][CH1-PC ] 51 20 FA → [P1] POLL
[T+133951921us][CH2-DEVICE] 51 70 FA → [P1] IDLE
[T+134087945us][CH1-PC ] 52 20 FA → [P2] POLL
[T+134093402us][CH2-DEVICE] 52 70 FA → [P2] IDLE
[T+134227921us][CH1-PC ] 53 20 FA → [P3] POLL
[T+134232921us][CH2-DEVICE] 53 70 FA → [P3] IDLE
[T+134368945us][CH1-PC ] 50 20 FA → [P0] POLL
[T+134373921us][CH2-DEVICE] 50 70 FA → [P0] IDLE
[T+134509950us][CH1-PC ] 51 20 FA → [P1] POLL
[T+134514921us][CH2-DEVICE] 51 70 FA → [P1] IDLE
[T+134649921us][CH1-PC ] 52 20 FA → [P2] POLL
[T+134654921us][CH2-DEVICE] 52 70 FA → [P2] IDLE
[T+134790945us][CH1-PC ] 53 20 FA → [P3] POLL
[T+134795921us][CH2-DEVICE] 53 70 FA → [P3] IDLE
[T+134931945us][CH1-PC ] 50 20 FA → [P0] POLL
[T+134936921us][CH2-DEVICE] 50 70 FA → [P0] IDLE
[T+135071921us][CH1-PC ] 51 20 FA → [P1] POLL
[T+135076921us][CH2-DEVICE] 51 70 FA → [P1] IDLE
[T+135212921us][CH1-PC ] 52 20 FA → [P2] POLL
[T+135218921us][CH2-DEVICE] 52 70 FA → [P2] IDLE
[T+135352921us][CH1-PC ] 53 20 FA → [P3] POLL
[T+135359603us][CH2-DEVICE] 53 70 FA → [P3] IDLE
[T+135493921us][CH1-PC ] 50 20 FA → [P0] POLL
[T+135498921us][CH2-DEVICE] 50 70 FA → [P0] IDLE
[T+135634921us][CH1-PC ] 51 20 FA → [P1] POLL
[T+135640921us][CH2-DEVICE] 51 70 FA → [P1] IDLE
[T+135774921us][CH1-PC ] 52 20 FA → [P2] POLL
[T+135781606us][CH2-DEVICE] 52 70 FA → [P2] IDLE
[T+135915921us][CH1-PC ] 53 20 FA → [P3] POLL
[T+135921093us][CH2-DEVICE] 53 70 FA → [P3] IDLE
[T+136055921us][CH1-PC ] 50 20 FA → [P0] POLL
[T+136061921us][CH2-DEVICE] 50 70 FA → [P0] IDLE
[T+136196921us][CH1-PC ] 51 20 FA → [P1] POLL
[T+136202606us][CH2-DEVICE] 51 70 FA → [P1] IDLE
[T+136337945us][CH1-PC ] 52 20 FA → [P2] POLL
[T+136341949us][CH2-DEVICE] 52 70 FA → [P2] IDLE
[T+136477921us][CH1-PC ] 53 20 FA → [P3] POLL
[T+136483921us][CH2-DEVICE] 53 70 FA → [P3] IDLE
[T+136618921us][CH1-PC ] 50 20 FA → [P0] POLL
[T+136623921us][CH2-DEVICE] 50 70 FA → [P0] IDLE
[T+136759923us][CH1-PC ] 51 20 FA → [P1] POLL
[T+136764921us][CH2-DEVICE] 51 70 FA → [P1] IDLE
[T+136899921us][CH1-PC ] 52 20 FA → [P2] POLL
[T+136904921us][CH2-DEVICE] 52 70 FA → [P2] IDLE
[T+137040945us][CH1-PC ] 53 20 FA → [P3] POLL
[T+137045921us][CH2-DEVICE] 53 70 FA → [P3] IDLE
[T+137180921us][CH1-PC ] 50 20 FA → [P0] POLL
[T+137188608us][CH2-DEVICE] 50 70 FA → [P0] IDLE
[T+137321921us][CH1-PC ] 51 20 FA → [P1] POLL
[T+137326921us][CH2-DEVICE] 51 70 FA → [P1] IDLE
[T+137462961us][CH1-PC ] 52 20 FA → [P2] POLL
[T+137468930us][CH2-DEVICE] 52 70 FA → [P2] IDLE
[T+137602921us][CH1-PC ] 53 20 FA → [P3] POLL
[T+137607921us][CH2-DEVICE] 53 70 FA → [P3] IDLE
[T+137743946us][CH1-PC ] 50 20 FA → [P0] POLL
[T+137748921us][CH2-DEVICE] 50 70 FA → [P0] IDLE
[T+137883921us][CH1-PC ] 51 20 FA → [P1] POLL
[T+137889946us][CH2-DEVICE] 51 70 FA → [P1] IDLE
[T+138024921us][CH1-PC ] 52 20 FA → [P2] POLL
[T+138029921us][CH2-DEVICE] 52 70 FA → [P2] IDLE
[T+138165945us][CH1-PC ] 53 20 FA → [P3] POLL
[T+138169950us][CH2-DEVICE] 53 70 FA → [P3] IDLE
[T+138305945us][CH1-PC ] 50 20 FA → [P0] POLL
[T+138311921us][CH2-DEVICE] 50 70 FA → [P0] IDLE
[T+138446921us][CH1-PC ] 51 20 FA → [P1] POLL
[T+138451921us][CH2-DEVICE] 51 70 FA → [P1] IDLE
[T+138587945us][CH1-PC ] 52 20 FA → [P2] POLL
[T+138592921us][CH2-DEVICE] 52 70 FA → [P2] IDLE
[T+138727921us][CH1-PC ] 53 20 FA → [P3] POLL
[T+138732921us][CH2-DEVICE] 53 70 FA → [P3] IDLE
[T+138868945us][CH1-PC ] 50 20 FA → [P0] POLL
[T+138872949us][CH2-DEVICE] 50 70 FA → [P0] IDLE
[T+139008945us][CH1-PC ] 51 20 FA → [P1] POLL
[T+139014921us][CH2-DEVICE] 51 70 FA → [P1] IDLE
[T+139149921us][CH1-PC ] 52 20 FA → [P2] POLL
[T+139155921us][CH2-DEVICE] 52 70 FA → [P2] IDLE
[T+139290921us][CH1-PC ] 53 20 FA → [P3] POLL
[T+139296608us][CH2-DEVICE] 53 70 FA → [P3] IDLE
[T+139430921us][CH1-PC ] 50 20 FA → [P0] POLL
[T+139436921us][CH2-DEVICE] 50 70 FA → [P0] IDLE
[T+139571921us][CH1-PC ] 51 20 FA → [P1] POLL
[T+139576921us][CH2-DEVICE] 51 70 FA → [P1] IDLE
[T+139712946us][CH1-PC ] 52 20 FA → [P2] POLL
[T+139717921us][CH2-DEVICE] 52 70 FA → [P2] IDLE
[T+139852921us][CH1-PC ] 53 20 FA → [P3] POLL
[T+139857921us][CH2-DEVICE] 53 70 FA → [P3] IDLE
[T+139993946us][CH1-PC ] 50 20 FA → [P0] POLL
[T+139998921us][CH2-DEVICE] 50 70 FA → [P0] IDLE
[T+140133921us][CH1-PC ] 51 20 FA → [P1] POLL
[T+140139931us][CH2-DEVICE] 51 70 FA → [P1] IDLE
[T+140274921us][CH1-PC ] 52 20 FA → [P2] POLL
[T+140279921us][CH2-DEVICE] 52 70 FA → [P2] IDLE
[T+140415945us][CH1-PC ] 53 20 FA → [P3] POLL
[T+140421927us][CH2-DEVICE] 53 70 FA → [P3] IDLE
[T+140555921us][CH1-PC ] 50 20 FA → [P0] POLL
[T+140560921us][CH2-DEVICE] 50 70 FA → [P0] IDLE
[T+140696945us][CH1-PC ] 51 20 FA → [P1] POLL
[T+140701921us][CH2-DEVICE] 51 70 FA → [P1] IDLE
[T+140836928us][CH1-PC ] 52 20 FA → [P2] POLL
[T+140842921us][CH2-DEVICE] 52 70 FA → [P2] IDLE
[T+140977921us][CH1-PC ] 53 20 FA → [P3] POLL
[T+140983601us][CH2-DEVICE] 53 70 FA → [P3] IDLE
[T+141118945us][CH1-PC ] 50 20 FA → [P0] POLL
[T+141123921us][CH2-DEVICE] 50 70 FA → [P0] IDLE
[T+141258921us][CH1-PC ] 51 20 FA → [P1] POLL
[T+141263921us][CH2-DEVICE] 51 70 FA → [P1] IDLE
[T+141399945us][CH1-PC ] 52 20 FA → [P2] POLL
[T+141404921us][CH2-DEVICE] 52 70 FA → [P2] IDLE
[T+141540945us][CH1-PC ] 53 20 FA → [P3] POLL
[T+141545921us][CH2-DEVICE] 53 70 FA → [P3] IDLE
[T+141680921us][CH1-PC ] 50 20 FA → [P0] POLL
[T+141686921us][CH2-DEVICE] 50 70 FA → [P0] IDLE
[T+141821921us][CH1-PC ] 51 20 FA → [P1] POLL
[T+141826921us][CH2-DEVICE] 51 70 FA → [P1] IDLE
[T+141962950us][CH1-PC ] 52 20 FA → [P2] POLL
[T+141967921us][CH2-DEVICE] 52 70 FA → [P2] IDLE
[T+142102921us][CH1-PC ] 53 20 FA → [P3] POLL
[T+142107921us][CH2-DEVICE] 53 70 FA → [P3] IDLE
[T+142243945us][CH1-PC ] 50 20 FA → [P0] POLL
[T+142247949us][CH2-DEVICE] 50 70 FA → [P0] IDLE
[T+142383945us][CH1-PC ] 51 20 FA → [P1] POLL
[T+142389921us][CH2-DEVICE] 51 70 FA → [P1] IDLE
[T+142524921us][CH1-PC ] 52 20 FA → [P2] POLL
[T+142529921us][CH2-DEVICE] 52 70 FA → [P2] IDLE
[T+142665948us][CH1-PC ] 53 20 FA → [P3] POLL
[T+142670994us][CH2-DEVICE] 53 70 FA → [P3] IDLE
[T+142805921us][CH1-PC ] 50 20 FA → [P0] POLL
[T+142811921us][CH2-DEVICE] 50 70 FA → [P0] IDLE
[T+142946921us][CH1-PC ] 51 20 FA → [P1] POLL
[T+142951921us][CH2-DEVICE] 51 70 FA → [P1] IDLE
[T+143086921us][CH1-PC ] 52 20 FA → [P2] POLL
[T+143092921us][CH2-DEVICE] 52 70 FA → [P2] IDLE
[T+143227921us][CH1-PC ] 53 20 FA → [P3] POLL
[T+143233921us][CH2-DEVICE] 53 70 FA → [P3] IDLE
[T+143368921us][CH1-PC ] 50 20 FA → [P0] POLL
[T+143373921us][CH2-DEVICE] 50 70 FA → [P0] IDLE
[T+143508921us][CH1-PC ] 51 20 FA → [P1] POLL
[T+143514921us][CH2-DEVICE] 51 70 FA → [P1] IDLE
[T+143649921us][CH1-PC ] 52 20 FA → [P2] POLL
[T+143654921us][CH2-DEVICE] 52 70 FA → [P2] IDLE
[T+143790945us][CH1-PC ] 53 20 FA → [P3] POLL
[T+143795921us][CH2-DEVICE] 53 70 FA → [P3] IDLE
[T+143930922us][CH1-PC ] 50 20 FA → [P0] POLL
[T+143935921us][CH2-DEVICE] 50 70 FA → [P0] IDLE
[T+144071945us][CH1-PC ] 51 20 FA → [P1] POLL
[T+144076921us][CH2-DEVICE] 51 70 FA → [P1] IDLE
[T+144211921us][CH1-PC ] 52 20 FA → [P2] POLL
[T+144217976us][CH2-DEVICE] 52 70 FA → [P2] IDLE
[T+144352921us][CH1-PC ] 53 20 FA → [P3] POLL
[T+144357921us][CH2-DEVICE] 53 70 FA → [P3] IDLE
[T+144493945us][CH1-PC ] 50 20 FA → [P0] POLL
[T+144497949us][CH2-DEVICE] 50 70 FA → [P0] IDLE
[T+144633945us][CH1-PC ] 51 20 FA → [P1] POLL
[T+144638921us][CH2-DEVICE] 51 70 FA → [P1] IDLE
[T+144774947us][CH1-PC ] 52 20 FA → [P2] POLL
[T+144779921us][CH2-DEVICE] 52 70 FA → [P2] IDLE
[T+144914921us][CH1-PC ] 53 20 FA → [P3] POLL
[T+144921074us][CH2-DEVICE] 53 70 FA → [P3] IDLE
[T+145055921us][CH1-PC ] 50 20 FA → [P0] POLL
[T+145060921us][CH2-DEVICE] 50 70 FA → [P0] IDLE
[T+145196945us][CH1-PC ] 51 20 FA → [P1] POLL
[T+145201921us][CH2-DEVICE] 51 70 FA → [P1] IDLE
[T+145336921us][CH1-PC ] 52 20 FA → [P2] POLL
[T+145341921us][CH2-DEVICE] 52 70 FA → [P2] IDLE
[T+145477945us][CH1-PC ] 53 20 FA → [P3] POLL
[T+145482921us][CH2-DEVICE] 53 70 FA → [P3] IDLE
[T+145618922us][CH1-PC ] 50 20 FA → [P0] POLL
[T+145622949us][CH2-DEVICE] 50 70 FA → [P0] IDLE
[T+145758945us][CH1-PC ] 51 20 FA → [P1] POLL
[T+145763921us][CH2-DEVICE] 51 70 FA → [P1] IDLE
[T+145899945us][CH1-PC ] 52 20 FA → [P2] POLL
[T+145905435us][CH2-DEVICE] 52 70 FA → [P2] IDLE
[T+146039921us][CH1-PC ] 53 20 FA → [P3] POLL
[T+146045921us][CH2-DEVICE] 53 70 FA → [P3] IDLE
[T+146180925us][CH1-PC ] 50 20 FA → [P0] POLL
[T+146185921us][CH2-DEVICE] 50 70 FA → [P0] IDLE
[T+146321945us][CH1-PC ] 51 20 FA → [P1] POLL
[T+146325949us][CH2-DEVICE] 51 70 FA → [P1] IDLE
[T+146461921us][CH1-PC ] 52 20 FA → [P2] POLL
[T+146466921us][CH2-DEVICE] 52 70 FA → [P2] IDLE
[T+146602945us][CH1-PC ] 53 20 FA → [P3] POLL
[T+146607921us][CH2-DEVICE] 53 70 FA → [P3] IDLE
[T+146742921us][CH1-PC ] 50 20 FA → [P0] POLL
[T+146748921us][CH2-DEVICE] 50 70 FA → [P0] IDLE
[T+146883921us][CH1-PC ] 51 20 FA → [P1] POLL
[T+146889602us][CH2-DEVICE] 51 70 FA → [P1] IDLE
[T+147024945us][CH1-PC ] 52 20 FA → [P2] POLL
[T+147029921us][CH2-DEVICE] 52 70 FA → [P2] IDLE
[T+147164921us][CH1-PC ] 53 20 FA → [P3] POLL
[T+147169921us][CH2-DEVICE] 53 70 FA → [P3] IDLE
[T+147305945us][CH1-PC ] 50 20 FA → [P0] POLL
[T+147310921us][CH2-DEVICE] 50 70 FA → [P0] IDLE
[T+147446946us][CH1-PC ] 51 20 FA → [P1] POLL
[T+147451921us][CH2-DEVICE] 51 70 FA → [P1] IDLE
[T+147586921us][CH1-PC ] 52 20 FA → [P2] POLL
[T+147592921us][CH2-DEVICE] 52 70 FA → [P2] IDLE
[T+147727921us][CH1-PC ] 53 20 FA → [P3] POLL
[T+147732921us][CH2-DEVICE] 53 70 FA → [P3] IDLE
[T+147867921us][CH1-PC ] 50 20 FA → [P0] POLL
[T+147872921us][CH2-DEVICE] 50 70 FA → [P0] IDLE
[T+148008946us][CH1-PC ] 51 20 FA → [P1] POLL
[T+148013921us][CH2-DEVICE] 51 70 FA → [P1] IDLE
[T+148149945us][CH1-PC ] 52 20 FA → [P2] POLL
[T+148154921us][CH2-DEVICE] 52 70 FA → [P2] IDLE
[T+148289921us][CH1-PC ] 53 20 FA → [P3] POLL
[T+148297599us][CH2-DEVICE] 53 70 FA → [P3] IDLE
[T+148430921us][CH1-PC ] 50 20 FA → [P0] POLL
[T+148436922us][CH2-DEVICE] 50 70 FA → [P0] IDLE
[T+148571921us][CH1-PC ] 51 20 FA → [P1] POLL
[T+148577608us][CH2-DEVICE] 51 70 FA → [P1] IDLE
[T+148711921us][CH1-PC ] 52 20 FA → [P2] POLL
[T+148717921us][CH2-DEVICE] 52 70 FA → [P2] IDLE
[T+148852921us][CH1-PC ] 53 20 FA → [P3] POLL
[T+148857921us][CH2-DEVICE] 53 70 FA → [P3] IDLE
[T+148992921us][CH1-PC ] 50 20 FA → [P0] POLL
[T+148998600us][CH2-DEVICE] 50 70 FA → [P0] IDLE
[T+149133945us][CH1-PC ] 51 20 FA → [P1] POLL
[T+149140602us][CH2-DEVICE] 51 70 FA → [P1] IDLE
[T+149274921us][CH1-PC ] 52 20 FA → [P2] POLL
[T+149278950us][CH2-DEVICE] 52 70 FA → [P2] IDLE
[T+149414945us][CH1-PC ] 53 20 FA → [P3] POLL
[T+149421097us][CH2-DEVICE] 53 70 FA → [P3] IDLE
[T+149555921us][CH1-PC ] 50 20 FA → [P0] POLL
[T+149561711us][CH2-DEVICE] 50 70 FA → [P0] IDLE
[T+149695921us][CH1-PC ] 51 20 FA → [P1] POLL
[T+149700921us][CH2-DEVICE] 51 70 FA → [P1] IDLE
[T+149836945us][CH1-PC ] 52 20 FA → [P2] POLL
[T+149841921us][CH2-DEVICE] 52 70 FA → [P2] IDLE
[T+149977945us][CH1-PC ] 53 20 FA → [P3] POLL
[T+149981950us][CH2-DEVICE] 53 70 FA → [P3] IDLE
[T+150117945us][CH1-PC ] 50 20 FA → [P0] POLL
[T+150123921us][CH2-DEVICE] 50 70 FA → [P0] IDLE
[T+150258921us][CH1-PC ] 51 20 FA → [P1] POLL
[T+150263921us][CH2-DEVICE] 51 70 FA → [P1] IDLE
[T+150399921us][CH1-PC ] 52 20 FA → [P2] POLL
[T+150404921us][CH2-DEVICE] 52 70 FA → [P2] IDLE
[T+150539921us][CH1-PC ] 53 20 FA → [P3] POLL
[T+150544921us][CH2-DEVICE] 53 70 FA → [P3] IDLE
[T+150680945us][CH1-PC ] 50 20 FA → [P0] POLL
[T+150684949us][CH2-DEVICE] 50 70 FA → [P0] IDLE
[T+150820945us][CH1-PC ] 51 20 FA → [P1] POLL
[T+150826604us][CH2-DEVICE] 51 70 FA → [P1] IDLE
[T+150961945us][CH1-PC ] 52 20 FA → [P2] POLL
[T+150966921us][CH2-DEVICE] 52 70 FA → [P2] IDLE
[T+151102945us][CH1-PC ] 53 20 FA → [P3] POLL
[T+151107921us][CH2-DEVICE] 53 70 FA → [P3] IDLE
[T+151242921us][CH1-PC ] 50 20 FA → [P0] POLL
[T+151248921us][CH2-DEVICE] 50 70 FA → [P0] IDLE
[T+151383921us][CH1-PC ] 51 20 FA → [P1] POLL
[T+151389602us][CH2-DEVICE] 51 70 FA → [P1] IDLE
[T+151523921us][CH1-PC ] 52 20 FA → [P2] POLL
[T+151528921us][CH2-DEVICE] 52 70 FA → [P2] IDLE
[T+151664946us][CH1-PC ] 53 20 FA → [P3] POLL
[T+151669921us][CH2-DEVICE] 53 70 FA → [P3] IDLE
[T+151805945us][CH1-PC ] 50 20 FA → [P0] POLL
[T+151809949us][CH2-DEVICE] 50 70 FA → [P0] IDLE
[T+151945945us][CH1-PC ] 51 20 FA → [P1] POLL
[T+151951921us][CH2-DEVICE] 51 70 FA → [P1] IDLE
[T+152086921us][CH1-PC ] 52 20 FA → [P2] POLL
[T+152091921us][CH2-DEVICE] 52 70 FA → [P2] IDLE
[T+152227945us][CH1-PC ] 53 20 FA → [P3] POLL
[T+152231949us][CH2-DEVICE] 53 70 FA → [P3] IDLE
[T+152367962us][CH1-PC ] 50 20 FA → [P0] POLL
[T+152372921us][CH2-DEVICE] 50 70 FA → [P0] IDLE
[T+152508945us][CH1-PC ] 51 20 FA → [P1] POLL
[T+152513921us][CH2-DEVICE] 51 70 FA → [P1] IDLE
[T+152649921us][CH1-PC ] 52 20 FA → [P2] POLL
[T+152654921us][CH2-DEVICE] 52 70 FA → [P2] IDLE
[T+152789921us][CH1-PC ] 53 20 FA → [P3] POLL
[T+152794921us][CH2-DEVICE] 53 70 FA → [P3] IDLE
[T+152930947us][CH1-PC ] 50 20 FA → [P0] POLL
[T+152935921us][CH2-DEVICE] 50 70 FA → [P0] IDLE
[T+153070921us][CH1-PC ] 51 20 FA → [P1] POLL
[T+153077606us][CH2-DEVICE] 51 70 FA → [P1] IDLE
[T+153211921us][CH1-PC ] 52 20 FA → [P2] POLL
[T+153216921us][CH2-DEVICE] 52 70 FA → [P2] IDLE
[T+153352948us][CH1-PC ] 53 20 FA → [P3] POLL
[T+153357921us][CH2-DEVICE] 53 70 FA → [P3] IDLE
[T+153492921us][CH1-PC ] 50 20 FA → [P0] POLL
[T+153498938us][CH2-DEVICE] 50 70 FA → [P0] IDLE
[T+153633921us][CH1-PC ] 51 20 FA → [P1] POLL
[T+153638921us][CH2-DEVICE] 51 70 FA → [P1] IDLE
[T+153773921us][CH1-PC ] 52 20 FA → [P2] POLL
[T+153778921us][CH2-DEVICE] 52 70 FA → [P2] IDLE
[T+153914946us][CH1-PC ] 53 20 FA → [P3] POLL
[T+153919921us][CH2-DEVICE] 53 70 FA → [P3] IDLE
[T+154055945us][CH1-PC ] 50 20 FA → [P0] POLL
[T+154060921us][CH2-DEVICE] 50 70 FA → [P0] IDLE
[T+154195921us][CH1-PC ] 51 20 FA → [P1] POLL
[T+154201921us][CH2-DEVICE] 51 70 FA → [P1] IDLE
[T+154336921us][CH1-PC ] 52 20 FA → [P2] POLL
[T+154342604us][CH2-DEVICE] 52 70 FA → [P2] IDLE
[T+154476930us][CH1-PC ] 53 20 FA → [P3] POLL
[T+154482921us][CH2-DEVICE] 53 70 FA → [P3] IDLE
[T+154617921us][CH1-PC ] 50 20 FA → [P0] POLL
[T+154622921us][CH2-DEVICE] 50 70 FA → [P0] IDLE
[T+154758945us][CH1-PC ] 51 20 FA → [P1] POLL
[T+154762949us][CH2-DEVICE] 51 70 FA → [P1] IDLE
[T+154898945us][CH1-PC ] 52 20 FA → [P2] POLL
[T+154905604us][CH2-DEVICE] 52 70 FA → [P2] IDLE
[T+155039921us][CH1-PC ] 53 20 FA → [P3] POLL
[T+155044921us][CH2-DEVICE] 53 70 FA → [P3] IDLE
[T+155180945us][CH1-PC ] 50 20 FA → [P0] POLL
[T+155185921us][CH2-DEVICE] 50 70 FA → [P0] IDLE
[T+155320921us][CH1-PC ] 51 20 FA → [P1] POLL
[T+155326603us][CH2-DEVICE] 51 70 FA → [P1] IDLE
[T+155461945us][CH1-PC ] 52 20 FA → [P2] POLL
[T+155468594us][CH2-DEVICE] 52 70 FA → [P2] IDLE
[T+155601921us][CH1-PC ] 53 20 FA → [P3] POLL
[T+155607921us][CH2-DEVICE] 53 70 FA → [P3] IDLE
[T+155742921us][CH1-PC ] 50 20 FA → [P0] POLL
[T+155747921us][CH2-DEVICE] 50 70 FA → [P0] IDLE
[T+155883945us][CH1-PC ] 51 20 FA → [P1] POLL
[T+155888921us][CH2-DEVICE] 51 70 FA → [P1] IDLE
[T+156023921us][CH1-PC ] 52 20 FA → [P2] POLL
[T+156028921us][CH2-DEVICE] 52 70 FA → [P2] IDLE
[T+156164946us][CH1-PC ] 53 20 FA → [P3] POLL
[T+156169921us][CH2-DEVICE] 53 70 FA → [P3] IDLE
[T+156305945us][CH1-PC ] 50 20 FA → [P0] POLL
[T+156309950us][CH2-DEVICE] 50 70 FA → [P0] IDLE
[T+156445945us][CH1-PC ] 51 20 FA → [P1] POLL
[T+156450921us][CH2-DEVICE] 51 70 FA → [P1] IDLE
[T+156586945us][CH1-PC ] 52 20 FA → [P2] POLL
[T+156591921us][CH2-DEVICE] 52 70 FA → [P2] IDLE
[T+156726921us][CH1-PC ] 53 20 FA → [P3] POLL
[T+156732921us][CH2-DEVICE] 53 70 FA → [P3] IDLE
[T+156867921us][CH1-PC ] 50 20 FA → [P0] POLL
[T+156872921us][CH2-DEVICE] 50 70 FA → [P0] IDLE
[T+157008945us][CH1-PC ] 51 20 FA → [P1] POLL
[T+157013921us][CH2-DEVICE] 51 70 FA → [P1] IDLE
[T+157148921us][CH1-PC ] 52 20 FA → [P2] POLL
[T+157154921us][CH2-DEVICE] 52 70 FA → [P2] IDLE
[T+157289921us][CH1-PC ] 53 20 FA → [P3] POLL
[T+157294921us][CH2-DEVICE] 53 70 FA → [P3] IDLE
[T+157430921us][CH1-PC ] 50 20 FA → [P0] POLL
[T+157435921us][CH2-DEVICE] 50 70 FA → [P0] IDLE
[T+157570921us][CH1-PC ] 51 20 FA → [P1] POLL
[T+157575921us][CH2-DEVICE] 51 70 FA → [P1] IDLE
[T+157711945us][CH1-PC ] 52 20 FA → [P2] POLL
[T+157715949us][CH2-DEVICE] 52 70 FA → [P2] IDLE
[T+157851945us][CH1-PC ] 53 20 FA → [P3] POLL
[T+157856923us][CH2-DEVICE] 53 70 FA → [P3] IDLE
[T+157992947us][CH1-PC ] 50 20 FA → [P0] POLL
[T+157998921us][CH2-DEVICE] 50 70 FA → [P0] IDLE
[T+158133921us][CH1-PC ] 51 20 FA → [P1] POLL
[T+158138921us][CH2-DEVICE] 51 70 FA → [P1] IDLE
[T+158273921us][CH1-PC ] 52 20 FA → [P2] POLL
[T+158278921us][CH2-DEVICE] 52 70 FA → [P2] IDLE
[T+158414945us][CH1-PC ] 53 20 FA → [P3] POLL
[T+158419921us][CH2-DEVICE] 53 70 FA → [P3] IDLE
[T+158554921us][CH1-PC ] 50 20 FA → [P0] POLL
[T+158559921us][CH2-DEVICE] 50 70 FA → [P0] IDLE
[T+158695945us][CH1-PC ] 51 20 FA → [P1] POLL
[T+158702607us][CH2-DEVICE] 51 70 FA → [P1] IDLE
[T+158836921us][CH1-PC ] 52 20 FA → [P2] POLL
[T+158841921us][CH2-DEVICE] 52 70 FA → [P2] IDLE
[T+158976921us][CH1-PC ] 53 20 FA → [P3] POLL
[T+158982923us][CH2-DEVICE] 53 70 FA → [P3] IDLE
[T+159117921us][CH1-PC ] 50 20 FA → [P0] POLL
[T+159123610us][CH2-DEVICE] 50 70 FA → [P0] IDLE
[T+159258922us][CH1-PC ] 51 20 FA → [P1] POLL
[T+159263921us][CH2-DEVICE] 51 70 FA → [P1] IDLE
[T+159398921us][CH1-PC ] 52 20 FA → [P2] POLL
[T+159404921us][CH2-DEVICE] 52 70 FA → [P2] IDLE
[T+159539921us][CH1-PC ] 53 20 FA → [P3] POLL
[T+159545613us][CH2-DEVICE] 53 70 FA → [P3] IDLE
[T+159679921us][CH1-PC ] 50 20 FA → [P0] POLL
[T+159684921us][CH2-DEVICE] 50 70 FA → [P0] IDLE
[T+159820945us][CH1-PC ] 51 20 FA → [P1] POLL
[T+159825921us][CH2-DEVICE] 51 70 FA → [P1] IDLE
[T+159961946us][CH1-PC ] 52 20 FA → [P2] POLL
[T+159965949us][CH2-DEVICE] 52 70 FA → [P2] IDLE
[T+160101946us][CH1-PC ] 53 20 FA → [P3] POLL
[T+160107923us][CH2-DEVICE] 53 70 FA → [P3] IDLE
[T+160242921us][CH1-PC ] 50 20 FA → [P0] POLL
[T+160248921us][CH2-DEVICE] 50 70 FA → [P0] IDLE
[T+160382921us][CH1-PC ] 51 20 FA → [P1] POLL
[T+160388604us][CH2-DEVICE] 51 70 FA → [P1] IDLE
[T+160523921us][CH1-PC ] 52 20 FA → [P2] POLL
[T+160528921us][CH2-DEVICE] 52 70 FA → [P2] IDLE
[T+160664945us][CH1-PC ] 53 20 FA → [P3] POLL
[T+160669921us][CH2-DEVICE] 53 70 FA → [P3] IDLE
[T+160804921us][CH1-PC ] 50 20 FA → [P0] POLL
[T+160810921us][CH2-DEVICE] 50 70 FA → [P0] IDLE
[T+160945921us][CH1-PC ] 51 20 FA → [P1] POLL
[T+160951930us][CH2-DEVICE] 51 70 FA → [P1] IDLE
[T+161086921us][CH1-PC ] 52 20 FA → [P2] POLL
[T+161090949us][CH2-DEVICE] 52 70 FA → [P2] IDLE
[T+161226946us][CH1-PC ] 53 20 FA → [P3] POLL
[T+161231921us][CH2-DEVICE] 53 70 FA → [P3] IDLE
[T+161367945us][CH1-PC ] 50 20 FA → [P0] POLL
[T+161372921us][CH2-DEVICE] 50 70 FA → [P0] IDLE
[T+161507921us][CH1-PC ] 51 20 FA → [P1] POLL
[T+161512921us][CH2-DEVICE] 51 70 FA → [P1] IDLE
[T+161648945us][CH1-PC ] 52 20 FA → [P2] POLL
[T+161654921us][CH2-DEVICE] 52 70 FA → [P2] IDLE
[T+161789921us][CH1-PC ] 53 20 FA → [P3] POLL
[T+161794921us][CH2-DEVICE] 53 70 FA → [P3] IDLE
[T+161929921us][CH1-PC ] 50 20 FA → [P0] POLL
[T+161934921us][CH2-DEVICE] 50 70 FA → [P0] IDLE
[T+162070945us][CH1-PC ] 51 20 FA → [P1] POLL
[T+162075921us][CH2-DEVICE] 51 70 FA → [P1] IDLE
[T+162211947us][CH1-PC ] 52 20 FA → [P2] POLL
[T+162216921us][CH2-DEVICE] 52 70 FA → [P2] IDLE
[T+162351921us][CH1-PC ] 53 20 FA → [P3] POLL
[T+162356921us][CH2-DEVICE] 53 70 FA → [P3] IDLE
[T+162492945us][CH1-PC ] 50 20 FA → [P0] POLL
[T+162497921us][CH2-DEVICE] 50 70 FA → [P0] IDLE
[T+162632921us][CH1-PC ] 51 20 FA → [P1] POLL
[T+162637921us][CH2-DEVICE] 51 70 FA → [P1] IDLE
[T+162773945us][CH1-PC ] 52 20 FA → [P2] POLL
[T+162778921us][CH2-DEVICE] 52 70 FA → [P2] IDLE
[T+162914946us][CH1-PC ] 53 20 FA → [P3] POLL
[T+162919921us][CH2-DEVICE] 53 70 FA → [P3] IDLE
[T+163054921us][CH1-PC ] 50 20 FA → [P0] POLL
[T+163059921us][CH2-DEVICE] 50 70 FA → [P0] IDLE
[T+163195946us][CH1-PC ] 51 20 FA → [P1] POLL
[T+163200921us][CH2-DEVICE] 51 70 FA → [P1] IDLE
[T+163335921us][CH1-PC ] 52 20 FA → [P2] POLL
[T+163341605us][CH2-DEVICE] 52 70 FA → [P2] IDLE
[T+163476946us][CH1-PC ] 53 20 FA → [P3] POLL
[T+163481921us][CH2-DEVICE] 53 70 FA → [P3] IDLE
[T+163617945us][CH1-PC ] 50 20 FA → [P0] POLL
[T+163622921us][CH2-DEVICE] 50 70 FA → [P0] IDLE
[T+163757921us][CH1-PC ] 51 20 FA → [P1] POLL
[T+163763608us][CH2-DEVICE] 51 70 FA → [P1] IDLE
[T+163898950us][CH1-PC ] 52 20 FA → [P2] POLL
[T+163903921us][CH2-DEVICE] 52 70 FA → [P2] IDLE
[T+164039945us][CH1-PC ] 53 20 FA → [P3] POLL
[T+164044921us][CH2-DEVICE] 53 70 FA → [P3] IDLE
[T+164179921us][CH1-PC ] 50 20 FA → [P0] POLL
[T+164185605us][CH2-DEVICE] 50 70 FA → [P0] IDLE
[T+164320921us][CH1-PC ] 51 20 FA → [P1] POLL
[T+164325921us][CH2-DEVICE] 51 70 FA → [P1] IDLE
[T+164460921us][CH1-PC ] 52 20 FA → [P2] POLL
[T+164466921us][CH2-DEVICE] 52 70 FA → [P2] IDLE
[T+164601921us][CH1-PC ] 53 20 FA → [P3] POLL
[T+164607608us][CH2-DEVICE] 53 70 FA → [P3] IDLE
[T+164742946us][CH1-PC ] 50 20 FA → [P0] POLL
[T+164747921us][CH2-DEVICE] 50 70 FA → [P0] IDLE
[T+164882921us][CH1-PC ] 51 20 FA → [P1] POLL
[T+164887921us][CH2-DEVICE] 51 70 FA → [P1] IDLE
[T+165023955us][CH1-PC ] 52 20 FA → [P2] POLL
[T+165030598us][CH2-DEVICE] 52 70 FA → [P2] IDLE
[T+165164921us][CH1-PC ] 53 20 FA → [P3] POLL
[T+165169921us][CH2-DEVICE] 53 70 FA → [P3] IDLE
[T+165304921us][CH1-PC ] 50 20 FA → [P0] POLL
[T+165309921us][CH2-DEVICE] 50 70 FA → [P0] IDLE
[T+165445945us][CH1-PC ] 51 20 FA → [P1] POLL
[T+165450921us][CH2-DEVICE] 51 70 FA → [P1] IDLE
[T+165585921us][CH1-PC ] 52 20 FA → [P2] POLL
[T+165590921us][CH2-DEVICE] 52 70 FA → [P2] IDLE
[T+165726946us][CH1-PC ] 53 20 FA → [P3] POLL
[T+165732921us][CH2-DEVICE] 53 70 FA → [P3] IDLE
[T+165867921us][CH1-PC ] 50 20 FA → [P0] POLL
[T+165872921us][CH2-DEVICE] 50 70 FA → [P0] IDLE
[T+166007921us][CH1-PC ] 51 20 FA → [P1] POLL
[T+166013921us][CH2-DEVICE] 51 70 FA → [P1] IDLE
[T+166148921us][CH1-PC ] 52 20 FA → [P2] POLL
[T+166153921us][CH2-DEVICE] 52 70 FA → [P2] IDLE
[T+166288921us][CH1-PC ] 53 20 FA → [P3] POLL
[T+166293921us][CH2-DEVICE] 53 70 FA → [P3] IDLE
[T+166429946us][CH1-PC ] 50 20 FA → [P0] POLL
[T+166434921us][CH2-DEVICE] 50 70 FA → [P0] IDLE
[T+166570945us][CH1-PC ] 51 20 FA → [P1] POLL
[T+166575921us][CH2-DEVICE] 51 70 FA → [P1] IDLE
[T+166710921us][CH1-PC ] 52 20 FA → [P2] POLL
[T+166716921us][CH2-DEVICE] 52 70 FA → [P2] IDLE
[T+166851921us][CH1-PC ] 53 20 FA → [P3] POLL
[T+166856921us][CH2-DEVICE] 53 70 FA → [P3] IDLE
[T+166992945us][CH1-PC ] 50 20 FA → [P0] POLL
[T+166997921us][CH2-DEVICE] 50 70 FA → [P0] IDLE
[T+167132921us][CH1-PC ] 51 20 FA → [P1] POLL
[T+167138921us][CH2-DEVICE] 51 70 FA → [P1] IDLE
[T+167273921us][CH1-PC ] 52 20 FA → [P2] POLL
[T+167278921us][CH2-DEVICE] 52 70 FA → [P2] IDLE
[T+167413921us][CH1-PC ] 53 20 FA → [P3] POLL
[T+167420611us][CH2-DEVICE] 53 70 FA → [P3] IDLE
[T+167554921us][CH1-PC ] 50 20 FA → [P0] POLL
[T+167559921us][CH2-DEVICE] 50 70 FA → [P0] IDLE
[T+167695945us][CH1-PC ] 51 20 FA → [P1] POLL
[T+167700921us][CH2-DEVICE] 51 70 FA → [P1] IDLE
[T+167835921us][CH1-PC ] 52 20 FA → [P2] POLL
[T+167841609us][CH2-DEVICE] 52 70 FA → [P2] IDLE
[T+167976945us][CH1-PC ] 53 20 FA → [P3] POLL
[T+167981921us][CH2-DEVICE] 53 70 FA → [P3] IDLE
[T+168116921us][CH1-PC ] 50 20 FA → [P0] POLL
[T+168123921us][CH2-DEVICE] 50 70 FA → [P0] IDLE
[T+168257921us][CH1-PC ] 51 20 FA → [P1] POLL
[T+168262921us][CH2-DEVICE] 51 70 FA → [P1] IDLE
[T+168398945us][CH1-PC ] 52 20 FA → [P2] POLL
[T+168403921us][CH2-DEVICE] 52 70 FA → [P2] IDLE
[T+168538921us][CH1-PC ] 53 20 FA → [P3] POLL
[T+168543921us][CH2-DEVICE] 53 70 FA → [P3] IDLE
[T+168679946us][CH1-PC ] 50 20 FA → [P0] POLL
[T+168684921us][CH2-DEVICE] 50 70 FA → [P0] IDLE
[T+168820945us][CH1-PC ] 51 20 FA → [P1] POLL
[T+168825921us][CH2-DEVICE] 51 70 FA → [P1] IDLE
[T+168960921us][CH1-PC ] 52 20 FA → [P2] POLL
[T+168965921us][CH2-DEVICE] 52 70 FA → [P2] IDLE
[T+169101945us][CH1-PC ] 53 20 FA → [P3] POLL
[T+169106921us][CH2-DEVICE] 53 70 FA → [P3] IDLE
[T+169241921us][CH1-PC ] 50 20 FA → [P0] POLL
[T+169247921us][CH2-DEVICE] 50 70 FA → [P0] IDLE
[T+169382921us][CH1-PC ] 51 20 FA → [P1] POLL
[T+169387921us][CH2-DEVICE] 51 70 FA → [P1] IDLE
[T+169523945us][CH1-PC ] 52 20 FA → [P2] POLL
[T+169528921us][CH2-DEVICE] 52 70 FA → [P2] IDLE
[T+169663921us][CH1-PC ] 53 20 FA → [P3] POLL
[T+169669921us][CH2-DEVICE] 53 70 FA → [P3] IDLE
[T+169804921us][CH1-PC ] 50 20 FA → [P0] POLL
[T+169809921us][CH2-DEVICE] 50 70 FA → [P0] IDLE
[T+169945945us][CH1-PC ] 51 20 FA → [P1] POLL
[T+169950921us][CH2-DEVICE] 51 70 FA → [P1] IDLE
[T+170085921us][CH1-PC ] 52 20 FA → [P2] POLL
[T+170090921us][CH2-DEVICE] 52 70 FA → [P2] IDLE
[T+170226947us][CH1-PC ] 53 20 FA → [P3] POLL
[T+170231921us][CH2-DEVICE] 53 70 FA → [P3] IDLE
[T+170366921us][CH1-PC ] 50 20 FA → [P0] POLL
[T+170371921us][CH2-DEVICE] 50 70 FA → [P0] IDLE
[T+170507945us][CH1-PC ] 51 20 FA → [P1] POLL
[T+170512921us][CH2-DEVICE] 51 70 FA → [P1] IDLE
[T+170648945us][CH1-PC ] 52 20 FA → [P2] POLL
[T+170653921us][CH2-DEVICE] 52 70 FA → [P2] IDLE
[T+170788921us][CH1-PC ] 53 20 FA → [P3] POLL
[T+170793921us][CH2-DEVICE] 53 70 FA → [P3] IDLE
[T+170929945us][CH1-PC ] 50 20 FA → [P0] POLL
[T+170934921us][CH2-DEVICE] 50 70 FA → [P0] IDLE
[T+171069921us][CH1-PC ] 51 20 FA → [P1] POLL
[T+171075921us][CH2-DEVICE] 51 70 FA → [P1] IDLE
[T+171210921us][CH1-PC ] 52 20 FA → [P2] POLL
[T+171216606us][CH2-DEVICE] 52 70 FA → [P2] IDLE
[T+171351945us][CH1-PC ] 53 20 FA → [P3] POLL
[T+171358607us][CH2-DEVICE] 53 70 FA → [P3] IDLE
[T+171491921us][CH1-PC ] 50 20 FA → [P0] POLL
[T+171496921us][CH2-DEVICE] 50 70 FA → [P0] IDLE
[T+171632945us][CH1-PC ] 51 20 FA → [P1] POLL
[T+171638921us][CH2-DEVICE] 51 70 FA → [P1] IDLE
[T+171773921us][CH1-PC ] 52 20 FA → [P2] POLL
[T+171779607us][CH2-DEVICE] 52 70 FA → [P2] IDLE
[T+171913921us][CH1-PC ] 53 20 FA → [P3] POLL
[T+171918921us][CH2-DEVICE] 53 70 FA → [P3] IDLE
[T+172054945us][CH1-PC ] 50 20 FA → [P0] POLL
[T+172059921us][CH2-DEVICE] 50 70 FA → [P0] IDLE
[T+172194921us][CH1-PC ] 51 20 FA → [P1] POLL
[T+172200953us][CH2-DEVICE] 51 70 FA → [P1] IDLE
[T+172335921us][CH1-PC ] 52 20 FA → [P2] POLL
[T+172340921us][CH2-DEVICE] 52 70 FA → [P2] IDLE
[T+172476947us][CH1-PC ] 53 20 FA → [P3] POLL
[T+172481921us][CH2-DEVICE] 53 70 FA → [P3] IDLE
[T+172616921us][CH1-PC ] 50 20 FA → [P0] POLL
[T+172622921us][CH2-DEVICE] 50 70 FA → [P0] IDLE
[T+172757921us][CH1-PC ] 51 20 FA → [P1] POLL
[T+172763930us][CH2-DEVICE] 51 70 FA → [P1] IDLE
[T+172897921us][CH1-PC ] 52 20 FA → [P2] POLL
[T+172903921us][CH2-DEVICE] 52 70 FA → [P2] IDLE
[T+173038921us][CH1-PC ] 53 20 FA → [P3] POLL
[T+173043921us][CH2-DEVICE] 53 70 FA → [P3] IDLE
[T+173179947us][CH1-PC ] 50 20 FA → [P0] POLL
[T+173184921us][CH2-DEVICE] 50 70 FA → [P0] IDLE
[T+173319922us][CH1-PC ] 51 20 FA → [P1] POLL
[T+173324921us][CH2-DEVICE] 51 70 FA → [P1] IDLE
[T+173460945us][CH1-PC ] 52 20 FA → [P2] POLL
[T+173465921us][CH2-DEVICE] 52 70 FA → [P2] IDLE
[T+173601945us][CH1-PC ] 53 20 FA → [P3] POLL
[T+173606921us][CH2-DEVICE] 53 70 FA → [P3] IDLE
[T+173741921us][CH1-PC ] 50 20 FA → [P0] POLL
[T+173747921us][CH2-DEVICE] 50 70 FA → [P0] IDLE
[T+173882921us][CH1-PC ] 51 20 FA → [P1] POLL
[T+173887921us][CH2-DEVICE] 51 70 FA → [P1] IDLE
[T+174022921us][CH1-PC ] 52 20 FA → [P2] POLL
[T+174028608us][CH2-DEVICE] 52 70 FA → [P2] IDLE
[T+174163946us][CH1-PC ] 53 20 FA → [P3] POLL
[T+174170423us][CH2-DEVICE] 53 70 FA → [P3] IDLE
[T+174304921us][CH1-PC ] 50 20 FA → [P0] POLL
[T+174309921us][CH2-DEVICE] 50 70 FA → [P0] IDLE
[T+174444926us][CH1-PC ] 51 20 FA → [P1] POLL
[T+174450921us][CH2-DEVICE] 51 70 FA → [P1] IDLE
[T+174585921us][CH1-PC ] 52 20 FA → [P2] POLL
[T+174591614us][CH2-DEVICE] 52 70 FA → [P2] IDLE
[T+174726945us][CH1-PC ] 53 20 FA → [P3] POLL
[T+174730950us][CH2-DEVICE] 53 70 FA → [P3] IDLE
[T+174866946us][CH1-PC ] 50 20 FA → [P0] POLL
[T+174871922us][CH2-DEVICE] 50 70 FA → [P0] IDLE
[T+175007947us][CH1-PC ] 51 20 FA → [P1] POLL
[T+175012921us][CH2-DEVICE] 51 70 FA → [P1] IDLE
[T+175148922us][CH1-PC ] 52 20 FA → [P2] POLL
[T+175153921us][CH2-DEVICE] 52 70 FA → [P2] IDLE
[T+175289062us][CH1-PC ] 53 20 FA → [P3] POLL
[T+175293921us][CH2-DEVICE] 53 70 FA → [P3] IDLE
[T+175429945us][CH1-PC ] 50 20 FA → [P0] POLL
[T+175434921us][CH2-DEVICE] 50 70 FA → [P0] IDLE
[T+175569926us][CH1-PC ] 51 20 FA → [P1] POLL
[T+175574921us][CH2-DEVICE] 51 70 FA → [P1] IDLE
[T+175710947us][CH1-PC ] 52 20 FA → [P2] POLL
[T+175715921us][CH2-DEVICE] 52 70 FA → [P2] IDLE
[T+175850921us][CH1-PC ] 53 20 FA → [P3] POLL
[T+175856921us][CH2-DEVICE] 53 70 FA → [P3] IDLE
[T+175991921us][CH1-PC ] 50 20 FA → [P0] POLL
[T+175997603us][CH2-DEVICE] 50 70 FA → [P0] IDLE
[T+176132945us][CH1-PC ] 51 20 FA → [P1] POLL
[T+176137921us][CH2-DEVICE] 51 70 FA → [P1] IDLE
[T+176272921us][CH1-PC ] 52 20 FA → [P2] POLL
[T+176278921us][CH2-DEVICE] 52 70 FA → [P2] IDLE
[T+176413921us][CH1-PC ] 53 20 FA → [P3] POLL
[T+176419921us][CH2-DEVICE] 53 70 FA → [P3] IDLE
[T+176554921us][CH1-PC ] 50 20 FA → [P0] POLL
[T+176560442us][CH2-DEVICE] 50 70 FA → [P0] IDLE
[T+176694921us][CH1-PC ] 51 20 FA → [P1] POLL
[T+176699921us][CH2-DEVICE] 51 70 FA → [P1] IDLE
[T+176835946us][CH1-PC ] 52 20 FA → [P2] POLL
[T+176854921us][CH2-DEVICE] 52 3C 03 04 01 43 00 11 B9 31 03 FA → [P2] SEQ=3C [03 04 01 43 00 11]
[T+176924921us][CH1-PC ] 52 30 01 01 04 01 01 05 19 94 03 FA → [P2] DISP st=04(BUSY) [01 01 04 01 01 05]
[T+176930926us][CH2-DEVICE] 52 C0 FA → [P2] ACK
[T+176991921us][CH1-PC ] 52 C0 FA → [P2] ACK
[T+177133924us][CH1-PC ] 53 20 FA → [P3] POLL
[T+177137949us][CH2-DEVICE] 53 70 FA → [P3] IDLE
[T+177272921us][CH1-PC ] 50 20 FA → [P0] POLL
[T+177277921us][CH2-DEVICE] 50 70 FA → [P0] IDLE
[T+177413950us][CH1-PC ] 51 20 FA → [P1] POLL
[T+177418921us][CH2-DEVICE] 51 70 FA → [P1] IDLE
[T+177554945us][CH1-PC ] 52 20 FA → [P2] POLL
[T+177594946us][CH2-DEVICE] 52 3D 02 08 00 00 05 00 00 05 25 00 03 04 01 43 00 11 01 01 01 00 1A 03 FA → [P2] SEQ=3D FILL vol=5.00L price=525.00
[T+177634945us][CH1-PC ] 52 C0 FA → [P2] ACK
[T+177772921us][CH1-PC ] 53 20 FA → [P3] POLL
[T+177778921us][CH2-DEVICE] 53 70 FA → [P3] IDLE
[T+177913921us][CH1-PC ] 50 20 FA → [P0] POLL
[T+177918921us][CH2-DEVICE] 50 70 FA → [P0] IDLE
[T+178054922us][CH1-PC ] 51 20 FA → [P1] POLL
[T+178059921us][CH2-DEVICE] 51 70 FA → [P1] IDLE
[T+178195945us][CH1-PC ] 52 20 FA → [P2] POLL
[T+178200921us][CH2-DEVICE] 52 70 FA → [P2] IDLE
[T+178335923us][CH1-PC ] 53 20 FA → [P3] POLL
[T+178340921us][CH2-DEVICE] 53 70 FA → [P3] IDLE
[T+178475921us][CH1-PC ] 50 20 FA → [P0] POLL
[T+178480921us][CH2-DEVICE] 50 70 FA → [P0] IDLE
[T+178616945us][CH1-PC ] 51 20 FA → [P1] POLL
[T+178621921us][CH2-DEVICE] 51 70 FA → [P1] IDLE
[T+178757946us][CH1-PC ] 52 20 FA → [P2] POLL
[T+178762921us][CH2-DEVICE] 52 70 FA → [P2] IDLE
[T+178897921us][CH1-PC ] 53 20 FA → [P3] POLL
[T+178902921us][CH2-DEVICE] 53 70 FA → [P3] IDLE
[T+179038945us][CH1-PC ] 50 20 FA → [P0] POLL
[T+179043921us][CH2-DEVICE] 50 70 FA → [P0] IDLE
[T+179178921us][CH1-PC ] 51 20 FA → [P1] POLL
[T+179183921us][CH2-DEVICE] 51 70 FA → [P1] IDLE
[T+179319945us][CH1-PC ] 52 20 FA → [P2] POLL
[T+179324921us][CH2-DEVICE] 52 70 FA → [P2] IDLE
[T+179460924us][CH1-PC ] 53 20 FA → [P3] POLL
[T+179465921us][CH2-DEVICE] 53 70 FA → [P3] IDLE
[T+179600921us][CH1-PC ] 50 20 FA → [P0] POLL
[T+179607608us][CH2-DEVICE] 50 70 FA → [P0] IDLE
[T+179741921us][CH1-PC ] 51 20 FA → [P1] POLL
[T+179746921us][CH2-DEVICE] 51 70 FA → [P1] IDLE
[T+179882921us][CH1-PC ] 52 20 FA → [P2] POLL
[T+179888921us][CH2-DEVICE] 52 70 FA → [P2] IDLE
[T+180022945us][CH1-PC ] 53 20 FA → [P3] POLL
[T+180027921us][CH2-DEVICE] 53 70 FA → [P3] IDLE
[T+180163945us][CH1-PC ] 50 20 FA → [P0] POLL
[T+180167949us][CH2-DEVICE] 50 70 FA → [P0] IDLE
[T+180303945us][CH1-PC ] 51 20 FA → [P1] POLL
[T+180309930us][CH2-DEVICE] 51 70 FA → [P1] IDLE
[T+180444921us][CH1-PC ] 52 20 FA → [P2] POLL
[T+180449921us][CH2-DEVICE] 52 70 FA → [P2] IDLE
[T+180585946us][CH1-PC ] 53 20 FA → [P3] POLL
[T+180590921us][CH2-DEVICE] 53 70 FA → [P3] IDLE
[T+180725921us][CH1-PC ] 50 20 FA → [P0] POLL
[T+180731921us][CH2-DEVICE] 50 70 FA → [P0] IDLE
[T+180866921us][CH1-PC ] 51 20 FA → [P1] POLL
[T+180872614us][CH2-DEVICE] 51 70 FA → [P1] IDLE
[T+181006921us][CH1-PC ] 52 20 FA → [P2] POLL
[T+181012921us][CH2-DEVICE] 52 70 FA → [P2] IDLE
[T+181147921us][CH1-PC ] 53 20 FA → [P3] POLL
[T+181153606us][CH2-DEVICE] 53 70 FA → [P3] IDLE
[T+181288956us][CH1-PC ] 50 20 FA → [P0] POLL
[T+181293921us][CH2-DEVICE] 50 70 FA → [P0] IDLE
[T+181428921us][CH1-PC ] 51 20 FA → [P1] POLL
[T+181433921us][CH2-DEVICE] 51 70 FA → [P1] IDLE
[T+181569945us][CH1-PC ] 52 20 FA → [P2] POLL
[T+181574921us][CH2-DEVICE] 52 70 FA → [P2] IDLE
[T+181710945us][CH1-PC ] 53 20 FA → [P3] POLL
[T+181715921us][CH2-DEVICE] 53 70 FA → [P3] IDLE
[T+181850921us][CH1-PC ] 50 20 FA → [P0] POLL
[T+181856921us][CH2-DEVICE] 50 70 FA → [P0] IDLE
[T+181991921us][CH1-PC ] 51 20 FA → [P1] POLL
[T+181997929us][CH2-DEVICE] 51 70 FA → [P1] IDLE
[T+182132921us][CH1-PC ] 52 20 FA → [P2] POLL
[T+182137921us][CH2-DEVICE] 52 70 FA → [P2] IDLE
[T+182272921us][CH1-PC ] 53 20 FA → [P3] POLL
[T+182277921us][CH2-DEVICE] 53 70 FA → [P3] IDLE
[T+182413945us][CH1-PC ] 50 20 FA → [P0] POLL
[T+182417949us][CH2-DEVICE] 50 70 FA → [P0] IDLE
[T+182553945us][CH1-PC ] 51 20 FA → [P1] POLL
[T+182560605us][CH2-DEVICE] 51 70 FA → [P1] IDLE
[T+182694921us][CH1-PC ] 52 20 FA → [P2] POLL
[T+182699921us][CH2-DEVICE] 52 70 FA → [P2] IDLE
[T+182835945us][CH1-PC ] 53 20 FA → [P3] POLL
[T+182839949us][CH2-DEVICE] 53 70 FA → [P3] IDLE
[T+182975945us][CH1-PC ] 50 20 FA → [P0] POLL
[T+182980921us][CH2-DEVICE] 50 70 FA → [P0] IDLE
[T+183116921us][CH1-PC ] 51 20 FA → [P1] POLL
[T+183121921us][CH2-DEVICE] 51 70 FA → [P1] IDLE
[T+183256921us][CH1-PC ] 52 20 FA → [P2] POLL
[T+183261921us][CH2-DEVICE] 52 70 FA → [P2] IDLE
[T+183397945us][CH1-PC ] 53 20 FA → [P3] POLL
[T+183402921us][CH2-DEVICE] 53 70 FA → [P3] IDLE
[T+183538947us][CH1-PC ] 50 20 FA → [P0] POLL
[T+183543921us][CH2-DEVICE] 50 70 FA → [P0] IDLE
[T+183678921us][CH1-PC ] 51 20 FA → [P1] POLL
[T+183683921us][CH2-DEVICE] 51 70 FA → [P1] IDLE
[T+183819945us][CH1-PC ] 52 20 FA → [P2] POLL
[T+183824921us][CH2-DEVICE] 52 70 FA → [P2] IDLE
[T+183959921us][CH1-PC ] 53 20 FA → [P3] POLL
[T+183966929us][CH2-DEVICE] 53 70 FA → [P3] IDLE
[T+184100921us][CH1-PC ] 50 20 FA → [P0] POLL
[T+184105921us][CH2-DEVICE] 50 70 FA → [P0] IDLE
[T+184241945us][CH1-PC ] 51 20 FA → [P1] POLL
[T+184246921us][CH2-DEVICE] 51 70 FA → [P1] IDLE
[T+184382945us][CH1-PC ] 52 20 FA → [P2] POLL
[T+184387921us][CH2-DEVICE] 52 70 FA → [P2] IDLE
[T+184500921us][CH1-PC ] 52 30 01 01 05 02 04 01 02 03 04 05 0C 01 43 00 01 05 00 01 24 00 01 43 30 03 04 00 00 02 00 01 01 06 15 6B 03 FA → [P2] DISP st=05(IDLE) [01 01 05 02 04 01 02 03 04 05 0C 01...]
[T+184507923us][CH2-DEVICE] 52 C0 FA → [P2] ACK
[T+184563921us][CH2-DEVICE] FE → WAYNE: bad frame
[T+184631945us][CH1-PC ] 53 20 FA → [P3] POLL
[T+184637702us][CH2-DEVICE] 53 70 FA → [P3] IDLE
[T+184772947us][CH1-PC ] 50 20 FA → [P0] POLL
[T+184777921us][CH2-DEVICE] 50 70 FA → [P0] IDLE
[T+184913921us][CH1-PC ] 51 20 FA → [P1] POLL
[T+184917949us][CH2-DEVICE] 51 70 FA → [P1] IDLE
[T+185053945us][CH1-PC ] 52 20 FA → [P2] POLL
[T+185087015us][CH2-DEVICE] 52 3E 01 01 02 02 08 00 00 00 00 00 00 00 00 DF 33 03 FA → [P2] SEQ=3E FILL vol=0.00L price=0.00
[T+185136921us][CH1-PC ] 52 C0 FA → [P2] ACK
[T+185272921us][CH1-PC ] 53 20 FA → [P3] POLL
[T+185276952us][CH2-DEVICE] 53 70 FA → [P3] IDLE
[T+185413921us][CH1-PC ] 50 20 FA → [P0] POLL
[T+185418921us][CH2-DEVICE] 50 70 FA → [P0] IDLE
[T+185553921us][CH1-PC ] 51 20 FA → [P1] POLL
[T+185558921us][CH2-DEVICE] 51 70 FA → [P1] IDLE
[T+185694947us][CH1-PC ] 52 20 FA → [P2] POLL
[T+185700929us][CH2-DEVICE] 52 70 FA → [P2] IDLE
[T+185779921us][CH1-PC ] 52 30 01 01 04 E7 5F 03 FA → [P2] DISP st=04(BUSY) [01 01 04]
[T+185784921us][CH2-DEVICE] 52 C0 FA → [P2] ACK
[T+185991921us][CH1-PC ] 53 20 FA → [P3] POLL
[T+185996921us][CH2-DEVICE] 53 70 FA → [P3] IDLE
[T+186131921us][CH1-PC ] 50 20 FA → [P0] POLL
[T+186137424us][CH2-DEVICE] 50 70 FA → [P0] IDLE
[T+186272945us][CH1-PC ] 51 20 FA → [P1] POLL
[T+186277921us][CH2-DEVICE] 51 70 FA → [P1] IDLE
[T+186413945us][CH1-PC ] 52 20 FA → [P2] POLL
[T+186449946us][CH2-DEVICE] 52 3F 02 08 00 00 00 00 00 00 00 00 03 04 01 43 00 11 D9 E5 03 FA → [P2] SEQ=3F FILL vol=0.00L price=0.00
[T+186494921us][CH1-PC ] 52 C0 FA → [P2] ACK
[T+186631921us][CH1-PC ] 53 20 FA → [P3] POLL
[T+186637088us][CH2-DEVICE] 53 70 FA → [P3] IDLE
[T+186772948us][CH1-PC ] 50 20 FA → [P0] POLL
[T+186777921us][CH2-DEVICE] 50 70 FA → [P0] IDLE
[T+186913921us][CH1-PC ] 51 20 FA → [P1] POLL
[T+186919612us][CH2-DEVICE] 51 70 FA → [P1] IDLE
[T+187053921us][CH1-PC ] 52 20 FA → [P2] POLL
[T+187059921us][CH2-DEVICE] 52 70 FA → [P2] IDLE
[T+187138921us][CH1-PC ] 52 30 01 01 04 E7 5F 03 FA → [P2] DISP st=04(BUSY) [01 01 04]
[T+187144921us][CH2-DEVICE] 52 C0 FA → [P2] ACK
[T+187350921us][CH1-PC ] 53 20 FA → [P3] POLL
[T+187354949us][CH2-DEVICE] 53 70 FA → [P3] IDLE
[T+187491921us][CH1-PC ] 50 20 FA → [P0] POLL
[T+187497612us][CH2-DEVICE] 50 70 FA → [P0] IDLE
[T+187631921us][CH1-PC ] 51 20 FA → [P1] POLL
[T+187637922us][CH2-DEVICE] 51 70 FA → [P1] IDLE
[T+187772921us][CH1-PC ] 52 20 FA → [P2] POLL
[T+187810921us][CH2-DEVICE] 52 31 02 08 00 00 00 00 00 00 00 00 03 04 01 43 00 11 BD 86 03 FA → [P2] SEQ=31 FILL vol=0.00L price=0.00
[T+187853921us][CH1-PC ] 52 C0 FA → [P2] ACK
[T+187991921us][CH1-PC ] 53 20 FA → [P3] POLL
[T+187996921us][CH2-DEVICE] 53 70 FA → [P3] IDLE
[T+188131921us][CH1-PC ] 50 20 FA → [P0] POLL
[T+188136921us][CH2-DEVICE] 50 70 FA → [P0] IDLE
[T+188272945us][CH1-PC ] 51 20 FA → [P1] POLL
[T+188278612us][CH2-DEVICE] 51 70 FA → [P1] IDLE
[T+188412921us][CH1-PC ] 52 20 FA → [P2] POLL
[T+188417921us][CH2-DEVICE] 52 70 FA → [P2] IDLE
[T+188498921us][CH1-PC ] 52 30 01 01 04 E7 5F 03 FA → [P2] DISP st=04(BUSY) [01 01 04]
[T+188503921us][CH2-DEVICE] 52 C0 FA → [P2] ACK
[T+188709921us][CH1-PC ] 53 20 FA → [P3] POLL
[T+188714921us][CH2-DEVICE] 53 70 FA → [P3] IDLE
[T+188850947us][CH1-PC ] 50 20 FA → [P0] POLL
[T+188855921us][CH2-DEVICE] 50 70 FA → [P0] IDLE
[T+188991946us][CH1-PC ] 51 20 FA → [P1] POLL
[T+188996921us][CH2-DEVICE] 51 70 FA → [P1] IDLE
[T+189131921us][CH1-PC ] 52 20 FA → [P2] POLL
[T+189168921us][CH2-DEVICE] 52 32 02 08 00 00 00 00 00 00 00 00 03 04 01 43 00 11 4D 76 03 FA → [P2] SEQ=32 FILL vol=0.00L price=0.00
[T+189212945us][CH1-PC ] 52 C0 FA → [P2] ACK
[T+189350921us][CH1-PC ] 53 20 FA → [P3] POLL
[T+189355921us][CH2-DEVICE] 53 70 FA → [P3] IDLE
[T+189491921us][CH1-PC ] 50 20 FA → [P0] POLL
[T+189496921us][CH2-DEVICE] 50 70 FA → [P0] IDLE
[T+189631921us][CH1-PC ] 51 20 FA → [P1] POLL
[T+189637085us][CH2-DEVICE] 51 70 FA → [P1] IDLE
[T+189772945us][CH1-PC ] 52 20 FA → [P2] POLL
[T+189778921us][CH2-DEVICE] 52 70 FA → [P2] IDLE
[T+189857921us][CH1-PC ] 52 30 01 01 04 E7 5F 03 FA → [P2] DISP st=04(BUSY) [01 01 04]
[T+189864046us][CH2-DEVICE] 52 C0 FA → [P2] ACK
[T+190069921us][CH1-PC ] 53 20 FA → [P3] POLL
[T+190073949us][CH2-DEVICE] 53 70 FA → [P3] IDLE
[T+190209921us][CH1-PC ] 50 20 FA → [P0] POLL
[T+190215921us][CH2-DEVICE] 50 70 FA → [P0] IDLE
[T+190350921us][CH1-PC ] 51 20 FA → [P1] POLL
[T+190356504us][CH2-DEVICE] 51 70 FA → [P1] IDLE
[T+190490921us][CH1-PC ] 52 20 FA → [P2] POLL
[T+190529921us][CH2-DEVICE] 52 33 02 08 00 00 00 00 00 00 00 00 03 04 01 43 00 11 1C E6 03 FA → [P2] SEQ=33 FILL vol=0.00L price=0.00
[T+190571921us][CH1-PC ] 52 C0 FA → [P2] ACK
[T+190709945us][CH1-PC ] 53 20 FA → [P3] POLL
[T+190716398us][CH2-DEVICE] 53 70 FA → [P3] IDLE
[T+190850921us][CH1-PC ] 50 20 FA → [P0] POLL
[T+190854953us][CH2-DEVICE] 50 70 FA → [P0] IDLE
[T+190990945us][CH1-PC ] 51 20 FA → [P1] POLL
[T+190996921us][CH2-DEVICE] 51 70 FA → [P1] IDLE
[T+191131921us][CH1-PC ] 52 20 FA → [P2] POLL
[T+191137598us][CH2-DEVICE] 52 70 FA → [P2] IDLE
[T+191216946us][CH1-PC ] 52 30 01 01 04 E7 5F 03 FA → [P2] DISP st=04(BUSY) [01 01 04]
[T+191222921us][CH2-DEVICE] 52 C0 FA → [P2] ACK
[T+191428921us][CH1-PC ] 53 20 FA → [P3] POLL
[T+191433921us][CH2-DEVICE] 53 70 FA → [P3] IDLE
[T+191569921us][CH1-PC ] 50 20 FA → [P0] POLL
[T+191574921us][CH2-DEVICE] 50 70 FA → [P0] IDLE
[T+191709921us][CH1-PC ] 51 20 FA → [P1] POLL
[T+191715921us][CH2-DEVICE] 51 70 FA → [P1] IDLE
[T+191850921us][CH1-PC ] 52 20 FA → [P2] POLL
[T+191888922us][CH2-DEVICE] 52 34 02 08 00 00 00 00 00 00 00 00 03 04 01 43 00 11 AE D7 03 FA → [P2] SEQ=34 FILL vol=0.00L price=0.00
[T+191931921us][CH1-PC ] 52 C0 FA → [P2] ACK
[T+192068946us][CH1-PC ] 53 20 FA → [P3] POLL
[T+192074921us][CH2-DEVICE] 53 70 FA → [P3] IDLE
[T+192209921us][CH1-PC ] 50 20 FA → [P0] POLL
[T+192215921us][CH2-DEVICE] 50 70 FA → [P0] IDLE
[T+192350921us][CH1-PC ] 51 20 FA → [P1] POLL
[T+192354950us][CH2-DEVICE] 51 70 FA → [P1] IDLE
[T+192490945us][CH1-PC ] 52 20 FA → [P2] POLL
[T+192496921us][CH2-DEVICE] 52 70 FA → [P2] IDLE
[T+192576945us][CH1-PC ] 52 30 01 01 04 E7 5F 03 FA → [P2] DISP st=04(BUSY) [01 01 04]
[T+192581921us][CH2-DEVICE] 52 C0 FA → [P2] ACK
[T+192787921us][CH1-PC ] 53 20 FA → [P3] POLL
[T+192793911us][CH2-DEVICE] 53 70 FA → [P3] IDLE
[T+192928921us][CH1-PC ] 50 20 FA → [P0] POLL
[T+192933921us][CH2-DEVICE] 50 70 FA → [P0] IDLE
[T+193068922us][CH1-PC ] 51 20 FA → [P1] POLL
[T+193074921us][CH2-DEVICE] 51 70 FA → [P1] IDLE
[T+193209921us][CH1-PC ] 52 20 FA → [P2] POLL
[T+193247100us][CH2-DEVICE] 52 35 02 08 00 00 00 00 00 00 00 00 03 04 01 43 00 11 FF 47 03 FA → [P2] SEQ=35 FILL vol=0.00L price=0.00
[T+193290945us][CH1-PC ] 52 C0 FA → [P2] ACK
[T+193428921us][CH1-PC ] 53 20 FA → [P3] POLL
[T+193434921us][CH2-DEVICE] 53 70 FA → [P3] IDLE
[T+193568921us][CH1-PC ] 50 20 FA → [P0] POLL
[T+193574600us][CH2-DEVICE] 50 70 FA → [P0] IDLE
[T+193709945us][CH1-PC ] 51 20 FA → [P1] POLL
[T+193714921us][CH2-DEVICE] 51 70 FA → [P1] IDLE
[T+193850945us][CH1-PC ] 52 20 FA → [P2] POLL
[T+193855921us][CH2-DEVICE] 52 70 FA → [P2] IDLE
[T+193935948us][CH1-PC ] 52 30 01 01 04 E7 5F 03 FA → [P2] DISP st=04(BUSY) [01 01 04]
[T+193941921us][CH2-DEVICE] 52 C0 FA → [P2] ACK
[T+194147923us][CH1-PC ] 53 20 FA → [P3] POLL
[T+194153921us][CH2-DEVICE] 53 70 FA → [P3] IDLE
[T+194287921us][CH1-PC ] 50 20 FA → [P0] POLL
[T+194292921us][CH2-DEVICE] 50 70 FA → [P0] IDLE
[T+194428946us][CH1-PC ] 51 20 FA → [P1] POLL
[T+194432949us][CH2-DEVICE] 51 70 FA → [P1] IDLE
[T+194568945us][CH1-PC ] 52 20 FA → [P2] POLL
[T+194605921us][CH2-DEVICE] 52 36 02 08 00 00 00 00 00 00 00 00 03 04 01 43 00 11 0F B7 03 FA → [P2] SEQ=36 FILL vol=0.00L price=0.00
[T+194649945us][CH1-PC ] 52 C0 FA → [P2] ACK
[T+194787921us][CH1-PC ] 53 20 FA → [P3] POLL
[T+194793922us][CH2-DEVICE] 53 70 FA → [P3] IDLE
[T+194928921us][CH1-PC ] 50 20 FA → [P0] POLL
[T+194933921us][CH2-DEVICE] 50 70 FA → [P0] IDLE
[T+195068922us][CH1-PC ] 51 20 FA → [P1] POLL
[T+195073921us][CH2-DEVICE] 51 70 FA → [P1] IDLE
[T+195209945us][CH1-PC ] 52 20 FA → [P2] POLL
[T+195214921us][CH2-DEVICE] 52 70 FA → [P2] IDLE
[T+195294945us][CH1-PC ] 52 30 01 01 04 E7 5F 03 FA → [P2] DISP st=04(BUSY) [01 01 04]
[T+195300934us][CH2-DEVICE] 52 C0 FA → [P2] ACK
[T+195506921us][CH1-PC ] 53 20 FA → [P3] POLL
[T+195512930us][CH2-DEVICE] 53 70 FA → [P3] IDLE
[T+195646921us][CH1-PC ] 50 20 FA → [P0] POLL
[T+195652921us][CH2-DEVICE] 50 70 FA → [P0] IDLE
[T+195787921us][CH1-PC ] 51 20 FA → [P1] POLL
[T+195792921us][CH2-DEVICE] 51 70 FA → [P1] IDLE
[T+195928946us][CH1-PC ] 52 20 FA → [P2] POLL
[T+195965921us][CH2-DEVICE] 52 37 02 08 00 00 00 00 00 00 00 00 03 04 01 43 00 11 5E 27 03 FA → [P2] SEQ=37 FILL vol=0.00L price=0.00
[T+196009945us][CH1-PC ] 52 C0 FA → [P2] ACK
[T+196147921us][CH1-PC ] 53 20 FA → [P3] POLL
[T+196152043us][CH2-DEVICE] 53 70 FA → [P3] IDLE
[T+196287921us][CH1-PC ] 50 20 FA → [P0] POLL
[T+196293607us][CH2-DEVICE] 50 70 FA → [P0] IDLE
[T+196428948us][CH1-PC ] 51 20 FA → [P1] POLL
[T+196433921us][CH2-DEVICE] 51 70 FA → [P1] IDLE
[T+196568921us][CH1-PC ] 52 20 FA → [P2] POLL
[T+196595921us][CH2-DEVICE] 52 38 02 08 00 00 00 05 00 00 07 15 25 92 03 FA → [P2] SEQ=38 FILL vol=0.05L price=7.15
[T+196649921us][CH1-PC ] 52 C0 FA → [P2] ACK
[T+196787945us][CH1-PC ] 53 20 FA → [P3] POLL
[T+196793922us][CH2-DEVICE] 53 70 FA → [P3] IDLE
[T+196928921us][CH1-PC ] 50 20 FA → [P0] POLL
[T+196933921us][CH2-DEVICE] 50 70 FA → [P0] IDLE
[T+197068922us][CH1-PC ] 51 20 FA → [P1] POLL
[T+197074931us][CH2-DEVICE] 51 70 FA → [P1] IDLE
[T+197210945us][CH1-PC ] 52 20 FA → [P2] POLL
[T+197217612us][CH2-DEVICE] 52 70 FA → [P2] IDLE
[T+197294921us][CH1-PC ] 52 30 01 01 04 E7 5F 03 FA → [P2] DISP st=04(BUSY) [01 01 04]
[T+197300921us][CH2-DEVICE] 52 C0 FA → [P2] ACK
[T+197506921us][CH1-PC ] 53 20 FA → [P3] POLL
[T+197511921us][CH2-DEVICE] 53 70 FA → [P3] IDLE
[T+197646921us][CH1-PC ] 50 20 FA → [P0] POLL
[T+197651921us][CH2-DEVICE] 50 70 FA → [P0] IDLE
[T+197787945us][CH1-PC ] 51 20 FA → [P1] POLL
[T+197792921us][CH2-DEVICE] 51 70 FA → [P1] IDLE
[T+197929921us][CH1-PC ] 52 20 FA → [P2] POLL
[T+197966921us][CH2-DEVICE] 52 39 02 08 00 00 00 06 00 00 08 58 03 04 01 43 00 11 FC AF 03 FA → [P2] SEQ=39 FILL vol=0.06L price=8.58
[T+198008921us][CH1-PC ] 52 C0 FA → [P2] ACK
[T+198146945us][CH1-PC ] 53 20 FA → [P3] POLL
[T+198152609us][CH2-DEVICE] 53 70 FA → [P3] IDLE
[T+198287945us][CH1-PC ] 50 20 FA → [P0] POLL
[T+198292921us][CH2-DEVICE] 50 70 FA → [P0] IDLE
[T+198428948us][CH1-PC ] 51 20 FA → [P1] POLL
[T+198432949us][CH2-DEVICE] 51 70 FA → [P1] IDLE
[T+198569921us][CH1-PC ] 52 20 FA → [P2] POLL
[T+198574921us][CH2-DEVICE] 52 70 FA → [P2] IDLE
[T+198653928us][CH1-PC ] 52 30 01 01 04 E7 5F 03 FA → [P2] DISP st=04(BUSY) [01 01 04]
[T+198658921us][CH2-DEVICE] 52 C0 FA → [P2] ACK
[T+198865921us][CH1-PC ] 53 20 FA → [P3] POLL
[T+198869949us][CH2-DEVICE] 53 70 FA → [P3] IDLE
[T+199006921us][CH1-PC ] 50 20 FA → [P0] POLL
[T+199011921us][CH2-DEVICE] 50 70 FA → [P0] IDLE
[T+199146921us][CH1-PC ] 51 20 FA → [P1] POLL
[T+199151921us][CH2-DEVICE] 51 70 FA → [P1] IDLE
[T+199288921us][CH1-PC ] 52 20 FA → [P2] POLL
[T+199324946us][CH2-DEVICE] 52 3A 02 08 00 00 00 06 00 00 08 58 03 04 01 43 00 11 0C 5F 03 FA → [P2] SEQ=3A FILL vol=0.06L price=8.58
[T+199368945us][CH1-PC ] 52 C0 FA → [P2] ACK
[T+199506921us][CH1-PC ] 53 20 FA → [P3] POLL
[T+199512598us][CH2-DEVICE] 53 70 FA → [P3] IDLE
[T+199646921us][CH1-PC ] 50 20 FA → [P0] POLL
[T+199651921us][CH2-DEVICE] 50 70 FA → [P0] IDLE
[T+199787945us][CH1-PC ] 51 20 FA → [P1] POLL
[T+199792921us][CH2-DEVICE] 51 70 FA → [P1] IDLE
[T+199928950us][CH1-PC ] 52 20 FA → [P2] POLL
[T+199956947us][CH2-DEVICE] 52 3B 02 08 00 00 00 07 00 00 10 01 5C E9 03 FA → [P2] SEQ=3B FILL vol=0.07L price=10.01
[T+200008945us][CH1-PC ] 52 C0 FA → [P2] ACK
[T+200146921us][CH1-PC ] 53 20 FA → [P3] POLL
[T+200152613us][CH2-DEVICE] 53 70 FA → [P3] IDLE
[T+200287945us][CH1-PC ] 50 20 FA → [P0] POLL
[T+200292921us][CH2-DEVICE] 50 70 FA → [P0] IDLE
[T+200427928us][CH1-PC ] 51 20 FA → [P1] POLL
[T+200433921us][CH2-DEVICE] 51 70 FA → [P1] IDLE
[T+200569945us][CH1-PC ] 52 20 FA → [P2] POLL
[T+200574921us][CH2-DEVICE] 52 70 FA → [P2] IDLE
[T+200653921us][CH1-PC ] 52 30 01 01 04 E7 5F 03 FA → [P2] DISP st=04(BUSY) [01 01 04]
[T+200659017us][CH2-DEVICE] 52 C0 FA → [P2] ACK
[T+200865922us][CH1-PC ] 53 20 FA → [P3] POLL
[T+200870921us][CH2-DEVICE] 53 70 FA → [P3] IDLE
[T+201006921us][CH1-PC ] 50 20 FA → [P0] POLL
[T+201011921us][CH2-DEVICE] 50 70 FA → [P0] IDLE
[T+201146921us][CH1-PC ] 51 20 FA → [P1] POLL
[T+201151921us][CH2-DEVICE] 51 70 FA → [P1] IDLE
[T+201287921us][CH1-PC ] 52 20 FA → [P2] POLL
[T+201325921us][CH2-DEVICE] 52 3C 02 08 00 00 00 08 00 00 11 44 03 04 01 43 00 11 C7 B1 03 FA → [P2] SEQ=3C FILL vol=0.08L price=11.44
[T+201367921us][CH1-PC ] 52 C0 FA → [P2] ACK
[T+201506921us][CH1-PC ] 53 20 FA → [P3] POLL
[T+201512609us][CH2-DEVICE] 53 70 FA → [P3] IDLE
[T+201646921us][CH1-PC ] 50 20 FA → [P0] POLL
[T+201652921us][CH2-DEVICE] 50 70 FA → [P0] IDLE
[T+201787921us][CH1-PC ] 51 20 FA → [P1] POLL
[T+201792921us][CH2-DEVICE] 51 70 FA → [P1] IDLE
[T+201928947us][CH1-PC ] 52 20 FA → [P2] POLL
[T+201960945us][CH2-DEVICE] 52 3D 01 01 04 02 08 00 00 00 09 00 00 12 87 52 7B 03 FA → [P2] SEQ=3D FILL vol=0.09L price=12.87
[T+202008945us][CH1-PC ] 52 C0 FA → [P2] ACK
[T+202146921us][CH1-PC ] 53 20 FA → [P3] POLL
[T+202153921us][CH2-DEVICE] 53 70 FA → [P3] IDLE
[T+202287921us][CH1-PC ] 50 20 FA → [P0] POLL
[T+202293609us][CH2-DEVICE] 50 70 FA → [P0] IDLE
[T+202427921us][CH1-PC ] 51 20 FA → [P1] POLL
[T+202433921us][CH2-DEVICE] 51 70 FA → [P1] IDLE
[T+202569945us][CH1-PC ] 52 20 FA → [P2] POLL
[T+202594921us][CH2-DEVICE] 52 3E 02 08 00 00 00 13 00 00 18 59 7B 1C 03 FA → [P2] SEQ=3E FILL vol=0.13L price=18.59
[T+202648921us][CH1-PC ] 52 C0 FA → [P2] ACK
[T+202787921us][CH1-PC ] 53 20 FA → [P3] POLL
[T+202792921us][CH2-DEVICE] 53 70 FA → [P3] IDLE
[T+202927921us][CH1-PC ] 50 20 FA → [P0] POLL
[T+202932921us][CH2-DEVICE] 50 70 FA → [P0] IDLE
[T+203068946us][CH1-PC ] 51 20 FA → [P1] POLL
[T+203073921us][CH2-DEVICE] 51 70 FA → [P1] IDLE
[T+203209945us][CH1-PC ] 52 20 FA → [P2] POLL
[T+203235921us][CH2-DEVICE] 52 3F 02 08 00 00 00 32 00 00 45 76 BA AB 03 FA → [P2] SEQ=3F FILL vol=0.32L price=45.76
[T+203289921us][CH1-PC ] 52 C0 FA → [P2] ACK
[T+203427921us][CH1-PC ] 53 20 FA → [P3] POLL
[T+203433599us][CH2-DEVICE] 53 70 FA → [P3] IDLE
[T+203568946us][CH1-PC ] 50 20 FA → [P0] POLL
[T+203573921us][CH2-DEVICE] 50 70 FA → [P0] IDLE
[T+203709945us][CH1-PC ] 51 20 FA → [P1] POLL
[T+203713949us][CH2-DEVICE] 51 70 FA → [P1] IDLE
[T+203850921us][CH1-PC ] 52 20 FA → [P2] POLL
[T+203877928us][CH2-DEVICE] 52 31 02 08 00 00 00 58 00 00 82 94 44 33 03 FA → [P2] SEQ=31 FILL vol=0.58L price=82.94
[T+203930921us][CH1-PC ] 52 C0 FA → [P2] ACK
[T+204068922us][CH1-PC ] 53 20 FA → [P3] POLL
[T+204073921us][CH2-DEVICE] 53 70 FA → [P3] IDLE
[T+204209945us][CH1-PC ] 50 20 FA → [P0] POLL
[T+204214921us][CH2-DEVICE] 50 70 FA → [P0] IDLE
[T+204349921us][CH1-PC ] 51 20 FA → [P1] POLL
[T+204354921us][CH2-DEVICE] 51 70 FA → [P1] IDLE
[T+204490945us][CH1-PC ] 52 20 FA → [P2] POLL
[T+204519921us][CH2-DEVICE] 52 32 02 08 00 00 00 88 00 01 25 84 A0 99 03 FA → [P2] SEQ=32 FILL vol=0.88L price=125.84
[T+204570921us][CH1-PC ] 52 C0 FA → [P2] ACK
[T+204708921us][CH1-PC ] 53 20 FA → [P3] POLL
[T+204714973us][CH2-DEVICE] 53 70 FA → [P3] IDLE
[T+204849921us][CH1-PC ] 50 20 FA → [P0] POLL
[T+204854921us][CH2-DEVICE] 50 70 FA → [P0] IDLE
[T+204990945us][CH1-PC ] 51 20 FA → [P1] POLL
[T+204995921us][CH2-DEVICE] 51 70 FA → [P1] IDLE
[T+205131945us][CH1-PC ] 52 20 FA → [P2] POLL
[T+205158921us][CH2-DEVICE] 52 33 02 08 00 00 01 15 00 01 64 45 B9 A8 03 FA → [P2] SEQ=33 FILL vol=1.15L price=164.45
[T+205210945us][CH1-PC ] 52 C0 FA → [P2] ACK
[T+205349921us][CH1-PC ] 53 20 FA → [P3] POLL
[T+205354921us][CH2-DEVICE] 53 70 FA → [P3] IDLE
[T+205490945us][CH1-PC ] 50 20 FA → [P0] POLL
[T+205495921us][CH2-DEVICE] 50 70 FA → [P0] IDLE
[T+205630921us][CH1-PC ] 51 20 FA → [P1] POLL
[T+205635921us][CH2-DEVICE] 51 70 FA → [P1] IDLE
[T+205772921us][CH1-PC ] 52 20 FA → [P2] POLL
[T+205800945us][CH2-DEVICE] 52 34 02 08 00 00 01 42 00 02 03 06 4D D1 03 FA → [P2] SEQ=34 FILL vol=1.42L price=203.06
[T+205851921us][CH1-PC ] 52 C0 FA → [P2] ACK
[T+205990921us][CH1-PC ] 53 20 FA → [P3] POLL
[T+205995921us][CH2-DEVICE] 53 70 FA → [P3] IDLE
[T+206130921us][CH1-PC ] 50 20 FA → [P0] POLL
[T+206136921us][CH2-DEVICE] 50 70 FA → [P0] IDLE
[T+206271921us][CH1-PC ] 51 20 FA → [P1] POLL
[T+206277402us][CH2-DEVICE] 51 70 FA → [P1] IDLE
[T+206412945us][CH1-PC ] 52 20 FA → [P2] POLL
[T+206440946us][CH2-DEVICE] 52 35 02 08 00 00 01 68 00 02 40 24 E1 C2 03 FA → [P2] SEQ=35 FILL vol=1.68L price=240.24
[T+206492945us][CH1-PC ] 52 C0 FA → [P2] ACK
[T+206630921us][CH1-PC ] 53 20 FA → [P3] POLL
[T+206637712us][CH2-DEVICE] 53 70 FA → [P3] IDLE
[T+206771921us][CH1-PC ] 50 20 FA → [P0] POLL
[T+206776921us][CH2-DEVICE] 50 70 FA → [P0] IDLE
[T+206911921us][CH1-PC ] 51 20 FA → [P1] POLL
[T+206917921us][CH2-DEVICE] 51 70 FA → [P1] IDLE
[T+207053945us][CH1-PC ] 52 20 FA → [P2] POLL
[T+207080921us][CH2-DEVICE] 52 36 02 08 00 00 01 81 00 02 58 83 F8 EB 03 FA → [P2] SEQ=36 FILL vol=1.81L price=258.83
[T+207133921us][CH1-PC ] 52 C0 FA → [P2] ACK
[T+207271921us][CH1-PC ] 53 20 FA → [P3] POLL
[T+207278921us][CH2-DEVICE] 53 70 FA → [P3] IDLE
[T+207411945us][CH1-PC ] 50 20 FA → [P0] POLL
[T+207416922us][CH2-DEVICE] 50 70 FA → [P0] IDLE
[T+207552946us][CH1-PC ] 51 20 FA → [P1] POLL
[T+207558921us][CH2-DEVICE] 51 70 FA → [P1] IDLE
[T+207693921us][CH1-PC ] 52 20 FA → [P2] POLL
[T+207719921us][CH2-DEVICE] 52 37 02 08 00 00 01 82 00 02 60 26 6B AC 03 FA → [P2] SEQ=37 FILL vol=1.82L price=260.26
[T+207773921us][CH1-PC ] 52 C0 FA → [P2] ACK
[T+207912921us][CH1-PC ] 53 20 FA → [P3] POLL
[T+207918921us][CH2-DEVICE] 53 70 FA → [P3] IDLE
[T+208052921us][CH1-PC ] 50 20 FA → [P0] POLL
[T+208057921us][CH2-DEVICE] 50 70 FA → [P0] IDLE
[T+208193945us][CH1-PC ] 51 20 FA → [P1] POLL
[T+208198921us][CH2-DEVICE] 51 70 FA → [P1] IDLE
[T+208334945us][CH1-PC ] 52 20 FA → [P2] POLL
[T+208339921us][CH2-DEVICE] 52 70 FA → [P2] IDLE
[T+208419946us][CH1-PC ] 52 30 01 01 04 E7 5F 03 FA → [P2] DISP st=04(BUSY) [01 01 04]
[T+208425921us][CH2-DEVICE] 52 C0 FA → [P2] ACK
[T+208630921us][CH1-PC ] 53 20 FA → [P3] POLL
[T+208637092us][CH2-DEVICE] 53 70 FA → [P3] IDLE
[T+208771921us][CH1-PC ] 50 20 FA → [P0] POLL
[T+208775949us][CH2-DEVICE] 50 70 FA → [P0] IDLE
[T+208911945us][CH1-PC ] 51 20 FA → [P1] POLL
[T+208917921us][CH2-DEVICE] 51 70 FA → [P1] IDLE
[T+209053945us][CH1-PC ] 52 20 FA → [P2] POLL
[T+209090921us][CH2-DEVICE] 52 38 02 08 00 00 01 82 00 02 60 26 03 04 01 43 00 11 6C E7 03 FA → [P2] SEQ=38 FILL vol=1.82L price=260.26
[T+209133921us][CH1-PC ] 52 C0 FA → [P2] ACK
[T+209271921us][CH1-PC ] 53 20 FA → [P3] POLL
[T+209277921us][CH2-DEVICE] 53 70 FA → [P3] IDLE
[T+209411921us][CH1-PC ] 50 20 FA → [P0] POLL
[T+209417599us][CH2-DEVICE] 50 70 FA → [P0] IDLE
[T+209552945us][CH1-PC ] 51 20 FA → [P1] POLL
[T+209559596us][CH2-DEVICE] 51 70 FA → [P1] IDLE
[T+209693921us][CH1-PC ] 52 20 FA → [P2] POLL
[T+209719921us][CH2-DEVICE] 52 39 02 08 00 00 01 83 00 02 61 69 22 E0 03 FA → [P2] SEQ=39 FILL vol=1.83L price=261.69
[T+209773921us][CH1-PC ] 52 C0 FA → [P2] ACK
[T+209911946us][CH1-PC ] 53 20 FA → [P3] POLL
[T+209919609us][CH2-DEVICE] 53 70 FA → [P3] IDLE
[T+210052921us][CH1-PC ] 50 20 FA → [P0] POLL
[T+210057921us][CH2-DEVICE] 50 70 FA → [P0] IDLE
[T+210193946us][CH1-PC ] 51 20 FA → [P1] POLL
[T+210197949us][CH2-DEVICE] 51 70 FA → [P1] IDLE
[T+210334921us][CH1-PC ] 52 20 FA → [P2] POLL
[T+210339921us][CH2-DEVICE] 52 70 FA → [P2] IDLE
[T+210418921us][CH1-PC ] 52 30 01 01 04 E7 5F 03 FA → [P2] DISP st=04(BUSY) [01 01 04]
[T+210423921us][CH2-DEVICE] 52 C0 FA → [P2] ACK
[T+210630921us][CH1-PC ] 53 20 FA → [P3] POLL
[T+210637125us][CH2-DEVICE] 53 70 FA → [P3] IDLE
[T+210771921us][CH1-PC ] 50 20 FA → [P0] POLL
[T+210776921us][CH2-DEVICE] 50 70 FA → [P0] IDLE
[T+210911921us][CH1-PC ] 51 20 FA → [P1] POLL
[T+210916921us][CH2-DEVICE] 51 70 FA → [P1] IDLE
[T+211053921us][CH1-PC ] 52 20 FA → [P2] POLL
[T+211090921us][CH2-DEVICE] 52 3A 02 08 00 00 01 84 00 02 63 12 03 04 01 43 00 11 E6 D9 03 FA → [P2] SEQ=3A FILL vol=1.84L price=263.12
[T+211133921us][CH1-PC ] 52 C0 FA → [P2] ACK
[T+211271921us][CH1-PC ] 53 20 FA → [P3] POLL
[T+211275950us][CH2-DEVICE] 53 70 FA → [P3] IDLE
[T+211411950us][CH1-PC ] 50 20 FA → [P0] POLL
[T+211417936us][CH2-DEVICE] 50 70 FA → [P0] IDLE
[T+211552921us][CH1-PC ] 51 20 FA → [P1] POLL
[T+211557921us][CH2-DEVICE] 51 70 FA → [P1] IDLE
[T+211693945us][CH1-PC ] 52 20 FA → [P2] POLL
[T+211701606us][CH2-DEVICE] 52 70 FA → [P2] IDLE
[T+211778921us][CH1-PC ] 52 30 01 01 04 E7 5F 03 FA → [P2] DISP st=04(BUSY) [01 01 04]
[T+211784921us][CH2-DEVICE] 52 C0 FA → [P2] ACK
[T+211989921us][CH1-PC ] 53 20 FA → [P3] POLL
[T+211996930us][CH2-DEVICE] 53 70 FA → [P3] IDLE
[T+212130922us][CH1-PC ] 50 20 FA → [P0] POLL
[T+212135921us][CH2-DEVICE] 50 70 FA → [P0] IDLE
[T+212271945us][CH1-PC ] 51 20 FA → [P1] POLL
[T+212275950us][CH2-DEVICE] 51 70 FA → [P1] IDLE
[T+212412921us][CH1-PC ] 52 20 FA → [P2] POLL
[T+212448945us][CH2-DEVICE] 52 3B 02 08 00 00 01 84 00 02 63 12 03 04 01 43 00 11 B7 49 03 FA → [P2] SEQ=3B FILL vol=1.84L price=263.12
[T+212492945us][CH1-PC ] 52 C0 FA → [P2] ACK
[T+212630921us][CH1-PC ] 53 20 FA → [P3] POLL
[T+212637086us][CH2-DEVICE] 53 70 FA → [P3] IDLE
[T+212771921us][CH1-PC ] 50 20 FA → [P0] POLL
[T+212775950us][CH2-DEVICE] 50 70 FA → [P0] IDLE
[T+212911945us][CH1-PC ] 51 20 FA → [P1] POLL
[T+212916921us][CH2-DEVICE] 51 70 FA → [P1] IDLE
[T+213053921us][CH1-PC ] 52 20 FA → [P2] POLL
[T+213079921us][CH2-DEVICE] 52 3C 02 08 00 00 01 85 00 02 64 55 B8 6D 03 FA → [P2] SEQ=3C FILL vol=1.85L price=264.55
[T+213132921us][CH1-PC ] 52 C0 FA → [P2] ACK
[T+213271945us][CH1-PC ] 53 20 FA → [P3] POLL
[T+213276921us][CH2-DEVICE] 53 70 FA → [P3] IDLE
[T+213411921us][CH1-PC ] 50 20 FA → [P0] POLL
[T+213416921us][CH2-DEVICE] 50 70 FA → [P0] IDLE
[T+213552945us][CH1-PC ] 51 20 FA → [P1] POLL
[T+213559983us][CH2-DEVICE] 51 70 FA → [P1] IDLE
[T+213693921us][CH1-PC ] 52 20 FA → [P2] POLL
[T+213699921us][CH2-DEVICE] 52 70 FA → [P2] IDLE
[T+213778921us][CH1-PC ] 52 30 01 01 04 E7 5F 03 FA → [P2] DISP st=04(BUSY) [01 01 04]
[T+213784921us][CH2-DEVICE] 52 C0 FA → [P2] ACK
[T+213989921us][CH1-PC ] 53 20 FA → [P3] POLL
[T+213995929us][CH2-DEVICE] 53 70 FA → [P3] IDLE
[T+214130921us][CH1-PC ] 50 20 FA → [P0] POLL
[T+214135921us][CH2-DEVICE] 50 70 FA → [P0] IDLE
[T+214270921us][CH1-PC ] 51 20 FA → [P1] POLL
[T+214276921us][CH2-DEVICE] 51 70 FA → [P1] IDLE
[T+214412945us][CH1-PC ] 52 20 FA → [P2] POLL
[T+214449921us][CH2-DEVICE] 52 3D 02 08 00 00 01 86 00 02 65 98 03 04 01 43 00 11 F4 B2 03 FA → [P2] SEQ=3D FILL vol=1.86L price=265.98
[T+214492921us][CH1-PC ] 52 C0 FA → [P2] ACK
[T+214630921us][CH1-PC ] 53 20 FA → [P3] POLL
[T+214635921us][CH2-DEVICE] 53 70 FA → [P3] IDLE
[T+214771921us][CH1-PC ] 50 20 FA → [P0] POLL
[T+214775949us][CH2-DEVICE] 50 70 FA → [P0] IDLE
[T+214911945us][CH1-PC ] 51 20 FA → [P1] POLL
[T+214916921us][CH2-DEVICE] 51 70 FA → [P1] IDLE
[T+215052945us][CH1-PC ] 52 20 FA → [P2] POLL
[T+215057921us][CH2-DEVICE] 52 70 FA → [P2] IDLE
[T+215137945us][CH1-PC ] 52 30 01 01 04 E7 5F 03 FA → [P2] DISP st=04(BUSY) [01 01 04]
[T+215144921us][CH2-DEVICE] 52 C0 FA → [P2] ACK
[T+215349921us][CH1-PC ] 53 20 FA → [P3] POLL
[T+215353949us][CH2-DEVICE] 53 70 FA → [P3] IDLE
[T+215489921us][CH1-PC ] 50 20 FA → [P0] POLL
[T+215494921us][CH2-DEVICE] 50 70 FA → [P0] IDLE
[T+215630945us][CH1-PC ] 51 20 FA → [P1] POLL
[T+215635921us][CH2-DEVICE] 51 70 FA → [P1] IDLE
[T+215771945us][CH1-PC ] 52 20 FA → [P2] POLL
[T+215807946us][CH2-DEVICE] 52 3E 02 08 00 00 01 87 00 02 67 41 03 04 01 43 00 11 C9 AA 03 FA → [P2] SEQ=3E FILL vol=1.87L price=267.41
[T+215851946us][CH1-PC ] 52 C0 FA → [P2] ACK
[T+215989921us][CH1-PC ] 53 20 FA → [P3] POLL
[T+215995921us][CH2-DEVICE] 53 70 FA → [P3] IDLE
[T+216130921us][CH1-PC ] 50 20 FA → [P0] POLL
[T+216136929us][CH2-DEVICE] 50 70 FA → [P0] IDLE
[T+216270921us][CH1-PC ] 51 20 FA → [P1] POLL
[T+216275921us][CH2-DEVICE] 51 70 FA → [P1] IDLE
[T+216412921us][CH1-PC ] 52 20 FA → [P2] POLL
[T+216417921us][CH2-DEVICE] 52 70 FA → [P2] IDLE
[T+216496921us][CH1-PC ] 52 30 01 01 04 E7 5F 03 FA → [P2] DISP st=04(BUSY) [01 01 04]
[T+216503930us][CH2-DEVICE] 52 C0 FA → [P2] ACK
[T+216708921us][CH1-PC ] 53 20 FA → [P3] POLL
[T+216714988us][CH2-DEVICE] 53 70 FA → [P3] IDLE
[T+216849921us][CH1-PC ] 50 20 FA → [P0] POLL
[T+216853949us][CH2-DEVICE] 50 70 FA → [P0] IDLE
[T+216989945us][CH1-PC ] 51 20 FA → [P1] POLL
[T+216994921us][CH2-DEVICE] 51 70 FA → [P1] IDLE
[T+217131921us][CH1-PC ] 52 20 FA → [P2] POLL
[T+217169921us][CH2-DEVICE] 52 3F 02 08 00 00 01 87 00 02 67 41 03 04 01 43 00 11 98 3A 03 FA → [P2] SEQ=3F FILL vol=1.87L price=267.41
[T+217210921us][CH1-PC ] 52 C0 FA → [P2] ACK
[T+217349921us][CH1-PC ] 53 20 FA → [P3] POLL
[T+217354921us][CH2-DEVICE] 53 70 FA → [P3] IDLE
[T+217489921us][CH1-PC ] 50 20 FA → [P0] POLL
[T+217494921us][CH2-DEVICE] 50 70 FA → [P0] IDLE
[T+217630945us][CH1-PC ] 51 20 FA → [P1] POLL
[T+217635921us][CH2-DEVICE] 51 70 FA → [P1] IDLE
[T+217771945us][CH1-PC ] 52 20 FA → [P2] POLL
[T+217799945us][CH2-DEVICE] 52 31 02 08 00 00 01 88 00 02 68 84 6B 5C 03 FA → [P2] SEQ=31 FILL vol=1.88L price=268.84
[T+217852151us][CH1-PC ] 52 C0 FA → [P2] ACK
[T+217989921us][CH1-PC ] 53 20 FA → [P3] POLL
[T+217995921us][CH2-DEVICE] 53 70 FA → [P3] IDLE
[T+218130921us][CH1-PC ] 50 20 FA → [P0] POLL
[T+218136420us][CH2-DEVICE] 50 70 FA → [P0] IDLE
[T+218270921us][CH1-PC ] 51 20 FA → [P1] POLL
[T+218275921us][CH2-DEVICE] 51 70 FA → [P1] IDLE
[T+218417921us][CH1-PC ] 52 20 FA → [P2] POLL
[T+218422921us][CH2-DEVICE] 52 70 FA → [P2] IDLE
[T+218496921us][CH1-PC ] 52 30 01 01 04 E7 5F 03 FA → [P2] DISP st=04(BUSY) [01 01 04]
[T+218503929us][CH2-DEVICE] 52 C0 FA → [P2] ACK
[T+218708921us][CH1-PC ] 53 20 FA → [P3] POLL
[T+218714604us][CH2-DEVICE] 53 70 FA → [P3] IDLE
[T+218848921us][CH1-PC ] 50 20 FA → [P0] POLL
[T+218854921us][CH2-DEVICE] 50 70 FA → [P0] IDLE
[T+218989923us][CH1-PC ] 51 20 FA → [P1] POLL
[T+218994921us][CH2-DEVICE] 51 70 FA → [P1] IDLE
[T+219131921us][CH1-PC ] 52 20 FA → [P2] POLL
[T+219169922us][CH2-DEVICE] 52 32 02 08 00 00 01 89 00 02 70 27 03 04 01 43 00 11 7E AD 03 FA → [P2] SEQ=32 FILL vol=1.89L price=270.27
[T+219211921us][CH1-PC ] 52 C0 FA → [P2] ACK
[T+219348921us][CH1-PC ] 53 20 FA → [P3] POLL
[T+219354921us][CH2-DEVICE] 53 70 FA → [P3] IDLE
[T+219489921us][CH1-PC ] 50 20 FA → [P0] POLL
[T+219495594us][CH2-DEVICE] 50 70 FA → [P0] IDLE
[T+219630945us][CH1-PC ] 51 20 FA → [P1] POLL
[T+219635921us][CH2-DEVICE] 51 70 FA → [P1] IDLE
[T+219771945us][CH1-PC ] 52 20 FA → [P2] POLL
[T+219776921us][CH2-DEVICE] 52 70 FA → [P2] IDLE
[T+219856921us][CH1-PC ] 52 30 01 01 04 E7 5F 03 FA → [P2] DISP st=04(BUSY) [01 01 04]
[T+219863020us][CH2-DEVICE] 52 C0 FA → [P2] ACK
[T+220067921us][CH1-PC ] 53 20 FA → [P3] POLL
[T+220072921us][CH2-DEVICE] 53 70 FA → [P3] IDLE
[T+220208945us][CH1-PC ] 50 20 FA → [P0] POLL
[T+220213921us][CH2-DEVICE] 50 70 FA → [P0] IDLE
[T+220348921us][CH1-PC ] 51 20 FA → [P1] POLL
[T+220354930us][CH2-DEVICE] 51 70 FA → [P1] IDLE
[T+220490946us][CH1-PC ] 52 20 FA → [P2] POLL
[T+220526946us][CH2-DEVICE] 52 33 02 08 00 00 01 90 00 02 71 70 03 04 01 43 00 11 B2 68 03 FA → [P2] SEQ=33 FILL vol=1.90L price=271.70
[T+220570945us][CH1-PC ] 52 C0 FA → [P2] ACK
[T+220708921us][CH1-PC ] 53 20 FA → [P3] POLL
[T+220714607us][CH2-DEVICE] 53 70 FA → [P3] IDLE
[T+220848921us][CH1-PC ] 50 20 FA → [P0] POLL
[T+220854921us][CH2-DEVICE] 50 70 FA → [P0] IDLE
[T+220989921us][CH1-PC ] 51 20 FA → [P1] POLL
[T+220994921us][CH2-DEVICE] 51 70 FA → [P1] IDLE
[T+221131921us][CH1-PC ] 52 20 FA → [P2] POLL
[T+221159947us][CH2-DEVICE] 52 34 02 08 00 00 01 91 00 02 73 13 2C 0C 03 FA → [P2] SEQ=34 FILL vol=1.91L price=273.13
[T+221210921us][CH1-PC ] 52 C0 FA → [P2] ACK
[T+221348921us][CH1-PC ] 53 20 FA → [P3] POLL
[T+221353921us][CH2-DEVICE] 53 70 FA → [P3] IDLE
[T+221489946us][CH1-PC ] 50 20 FA → [P0] POLL
[T+221494921us][CH2-DEVICE] 50 70 FA → [P0] IDLE
[T+221630945us][CH1-PC ] 51 20 FA → [P1] POLL
[T+221637083us][CH2-DEVICE] 51 70 FA → [P1] IDLE
[T+221771921us][CH1-PC ] 52 20 FA → [P2] POLL
[T+221775949us][CH2-DEVICE] 52 70 FA → [P2] IDLE
[T+221856022us][CH1-PC ] 52 30 01 01 04 E7 5F 03 FA → [P2] DISP st=04(BUSY) [01 01 04]
[T+221862715us][CH2-DEVICE] 52 C0 FA → [P2] ACK
[T+222067921us][CH1-PC ] 53 20 FA → [P3] POLL
[T+222072921us][CH2-DEVICE] 53 70 FA → [P3] IDLE
[T+222208945us][CH1-PC ] 50 20 FA → [P0] POLL
[T+222213921us][CH2-DEVICE] 50 70 FA → [P0] IDLE
[T+222348921us][CH1-PC ] 51 20 FA → [P1] POLL
[T+222354921us][CH2-DEVICE] 51 70 FA → [P1] IDLE
[T+222490945us][CH1-PC ] 52 20 FA → [P2] POLL
[T+222526945us][CH2-DEVICE] 52 35 02 08 00 00 01 92 00 02 74 56 03 04 01 43 00 11 DD 8C 03 FA → [P2] SEQ=35 FILL vol=1.92L price=274.56
[T+222570945us][CH1-PC ] 52 C0 FA → [P2] ACK
[T+222708921us][CH1-PC ] 53 20 FA → [P3] POLL
[T+222714929us][CH2-DEVICE] 53 70 FA → [P3] IDLE
[T+222848921us][CH1-PC ] 50 20 FA → [P0] POLL
[T+222854921us][CH2-DEVICE] 50 70 FA → [P0] IDLE
[T+222989921us][CH1-PC ] 51 20 FA → [P1] POLL
[T+222994921us][CH2-DEVICE] 51 70 FA → [P1] IDLE
[T+223131921us][CH1-PC ] 52 20 FA → [P2] POLL
[T+223157921us][CH2-DEVICE] 52 36 02 08 00 00 01 93 00 02 75 99 DC 73 03 FA → [P2] SEQ=36 FILL vol=1.93L price=275.99
[T+223210921us][CH1-PC ] 52 C0 FA → [P2] ACK
[T+223348921us][CH1-PC ] 53 20 FA → [P3] POLL
[T+223353921us][CH2-DEVICE] 53 70 FA → [P3] IDLE
[T+223489945us][CH1-PC ] 50 20 FA → [P0] POLL
[T+223496617us][CH2-DEVICE] 50 70 FA → [P0] IDLE
[T+223630921us][CH1-PC ] 51 20 FA → [P1] POLL
[T+223635921us][CH2-DEVICE] 51 70 FA → [P1] IDLE
[T+223771921us][CH1-PC ] 52 20 FA → [P2] POLL
[T+223776921us][CH2-DEVICE] 52 70 FA → [P2] IDLE
[T+223855921us][CH1-PC ] 52 30 01 01 04 E7 5F 03 FA → [P2] DISP st=04(BUSY) [01 01 04]
[T+223861921us][CH2-DEVICE] 52 C0 FA → [P2] ACK
[T+224067921us][CH1-PC ] 53 20 FA → [P3] POLL
[T+224073921us][CH2-DEVICE] 53 70 FA → [P3] IDLE
[T+224209018us][CH1-PC ] 50 20 FA → [P0] POLL
[T+224214619us][CH2-DEVICE] 50 70 FA → [P0] IDLE
[T+224348921us][CH1-PC ] 51 20 FA → [P1] POLL
[T+224353921us][CH2-DEVICE] 51 70 FA → [P1] IDLE
[T+224490921us][CH1-PC ] 52 20 FA → [P2] POLL
[T+224528921us][CH2-DEVICE] 52 37 02 08 00 00 01 94 00 02 77 42 03 04 01 43 00 11 76 70 03 FA → [P2] SEQ=37 FILL vol=1.94L price=277.42
[T+224570921us][CH1-PC ] 52 C0 FA → [P2] ACK
[T+224708946us][CH1-PC ] 53 20 FA → [P3] POLL
[T+224713921us][CH2-DEVICE] 53 70 FA → [P3] IDLE
[T+224848921us][CH1-PC ] 50 20 FA → [P0] POLL
[T+224854921us][CH2-DEVICE] 50 70 FA → [P0] IDLE
[T+224989921us][CH1-PC ] 51 20 FA → [P1] POLL
[T+224994921us][CH2-DEVICE] 51 70 FA → [P1] IDLE
[T+225131921us][CH1-PC ] 52 20 FA → [P2] POLL
[T+225135954us][CH2-DEVICE] 52 70 FA → [P2] IDLE
[T+225215945us][CH1-PC ] 52 30 01 01 04 E7 5F 03 FA → [P2] DISP st=04(BUSY) [01 01 04]
[T+225221921us][CH2-DEVICE] 52 C0 FA → [P2] ACK
[T+225426921us][CH1-PC ] 53 20 FA → [P3] POLL
[T+225432930us][CH2-DEVICE] 53 70 FA → [P3] IDLE
[T+225567921us][CH1-PC ] 50 20 FA → [P0] POLL
[T+225572921us][CH2-DEVICE] 50 70 FA → [P0] IDLE
[T+225707921us][CH1-PC ] 51 20 FA → [P1] POLL
[T+225713921us][CH2-DEVICE] 51 70 FA → [P1] IDLE
[T+225849950us][CH1-PC ] 52 20 FA → [P2] POLL
[T+225888921us][CH2-DEVICE] 52 38 02 08 00 00 01 95 00 02 78 85 03 04 01 43 00 11 B1 F3 03 FA → [P2] SEQ=38 FILL vol=1.95L price=278.85
[T+225929921us][CH1-PC ] 52 C0 FA → [P2] ACK
[T+226067921us][CH1-PC ] 53 20 FA → [P3] POLL
[T+226073921us][CH2-DEVICE] 53 70 FA → [P3] IDLE
[T+226208921us][CH1-PC ] 50 20 FA → [P0] POLL
[T+226213921us][CH2-DEVICE] 50 70 FA → [P0] IDLE
[T+226348921us][CH1-PC ] 51 20 FA → [P1] POLL
[T+226354921us][CH2-DEVICE] 51 70 FA → [P1] IDLE
[T+226489921us][CH1-PC ] 52 20 FA → [P2] POLL
[T+226515921us][CH2-DEVICE] 52 39 02 08 00 00 01 96 00 02 80 28 A7 43 03 FA → [P2] SEQ=39 FILL vol=1.96L price=280.28
[T+226569921us][CH1-PC ] 52 C0 FA → [P2] ACK
[T+226707945us][CH1-PC ] 53 20 FA → [P3] POLL
[T+226713921us][CH2-DEVICE] 53 70 FA → [P3] IDLE
[T+226848921us][CH1-PC ] 50 20 FA → [P0] POLL
[T+226854930us][CH2-DEVICE] 50 70 FA → [P0] IDLE
[T+226989923us][CH1-PC ] 51 20 FA → [P1] POLL
[T+226994921us][CH2-DEVICE] 51 70 FA → [P1] IDLE
[T+227130945us][CH1-PC ] 52 20 FA → [P2] POLL
[T+227135921us][CH2-DEVICE] 52 70 FA → [P2] IDLE
[T+227215945us][CH1-PC ] 52 30 01 01 04 E7 5F 03 FA → [P2] DISP st=04(BUSY) [01 01 04]
[T+227220921us][CH2-DEVICE] 52 C0 FA → [P2] ACK
[T+227426921us][CH1-PC ] 53 20 FA → [P3] POLL
[T+227433572us][CH2-DEVICE] 53 70 FA → [P3] IDLE
[T+227567921us][CH1-PC ] 50 20 FA → [P0] POLL
[T+227572921us][CH2-DEVICE] 50 70 FA → [P0] IDLE
[T+227707921us][CH1-PC ] 51 20 FA → [P1] POLL
[T+227712921us][CH2-DEVICE] 51 70 FA → [P1] IDLE
[T+227849921us][CH1-PC ] 52 20 FA → [P2] POLL
[T+227887921us][CH2-DEVICE] 52 3A 02 08 00 00 01 97 00 02 81 71 03 04 01 43 00 11 61 CA 03 FA → [P2] SEQ=3A FILL vol=1.97L price=281.71
[T+227929921us][CH1-PC ] 52 C0 FA → [P2] ACK
[T+228067946us][CH1-PC ] 53 20 FA → [P3] POLL
[T+228072921us][CH2-DEVICE] 53 70 FA → [P3] IDLE
[T+228207921us][CH1-PC ] 50 20 FA → [P0] POLL
[T+228213921us][CH2-DEVICE] 50 70 FA → [P0] IDLE
[T+228348921us][CH1-PC ] 51 20 FA → [P1] POLL
[T+228353921us][CH2-DEVICE] 51 70 FA → [P1] IDLE
[T+228489946us][CH1-PC ] 52 20 FA → [P2] POLL
[T+228496599us][CH2-DEVICE] 52 70 FA → [P2] IDLE
[T+228574921us][CH1-PC ] 52 30 01 01 04 E7 5F 03 FA → [P2] DISP st=04(BUSY) [01 01 04]
[T+228579921us][CH2-DEVICE] 52 C0 FA → [P2] ACK
[T+228786921us][CH1-PC ] 53 20 FA → [P3] POLL
[T+228791921us][CH2-DEVICE] 53 70 FA → [P3] IDLE
[T+228926921us][CH1-PC ] 50 20 FA → [P0] POLL
[T+228932930us][CH2-DEVICE] 50 70 FA → [P0] IDLE
[T+229067921us][CH1-PC ] 51 20 FA → [P1] POLL
[T+229072921us][CH2-DEVICE] 51 70 FA → [P1] IDLE
[T+229208945us][CH1-PC ] 52 20 FA → [P2] POLL
[T+229245921us][CH2-DEVICE] 52 3B 02 08 00 00 01 98 00 02 83 14 03 04 01 43 00 11 B4 91 03 FA → [P2] SEQ=3B FILL vol=1.98L price=283.14
[T+229288921us][CH1-PC ] 52 C0 FA → [P2] ACK
[T+229426921us][CH1-PC ] 53 20 FA → [P3] POLL
[T+229432923us][CH2-DEVICE] 53 70 FA → [P3] IDLE
[T+229567921us][CH1-PC ] 50 20 FA → [P0] POLL
[T+229572921us][CH2-DEVICE] 50 70 FA → [P0] IDLE
[T+229707921us][CH1-PC ] 51 20 FA → [P1] POLL
[T+229713940us][CH2-DEVICE] 51 70 FA → [P1] IDLE
[T+229849945us][CH1-PC ] 52 20 FA → [P2] POLL
[T+229875921us][CH2-DEVICE] 52 3C 02 08 00 00 01 99 00 02 84 57 A1 AE 03 FA → [P2] SEQ=3C FILL vol=1.99L price=284.57
[T+229930166us][CH1-PC ] 52 C0 FA → [P2] ACK
[T+230067945us][CH1-PC ] 53 20 FA → [P3] POLL
[T+230073423us][CH2-DEVICE] 53 70 FA → [P3] IDLE
[T+230207921us][CH1-PC ] 50 20 FA → [P0] POLL
[T+230212921us][CH2-DEVICE] 50 70 FA → [P0] IDLE
[T+230348946us][CH1-PC ] 51 20 FA → [P1] POLL
[T+230354930us][CH2-DEVICE] 51 70 FA → [P1] IDLE
[T+230489921us][CH1-PC ] 52 20 FA → [P2] POLL
[T+230495921us][CH2-DEVICE] 52 70 FA → [P2] IDLE
[T+230574921us][CH1-PC ] 52 30 01 01 04 E7 5F 03 FA → [P2] DISP st=04(BUSY) [01 01 04]
[T+230581719us][CH2-DEVICE] 52 C0 FA → [P2] ACK
[T+230785921us][CH1-PC ] 53 20 FA → [P3] POLL
[T+230791921us][CH2-DEVICE] 53 70 FA → [P3] IDLE
[T+230926921us][CH1-PC ] 50 20 FA → [P0] POLL
[T+230931921us][CH2-DEVICE] 50 70 FA → [P0] IDLE
[T+231067945us][CH1-PC ] 51 20 FA → [P1] POLL
[T+231072921us][CH2-DEVICE] 51 70 FA → [P1] IDLE
[T+231208948us][CH1-PC ] 52 20 FA → [P2] POLL
[T+231245921us][CH2-DEVICE] 52 3D 02 08 00 00 02 00 00 02 86 00 03 04 01 43 00 11 10 68 03 FA → [P2] SEQ=3D FILL vol=2.00L price=286.00
[T+231288921us][CH1-PC ] 52 C0 FA → [P2] ACK
[T+231426921us][CH1-PC ] 53 20 FA → [P3] POLL
[T+231430949us][CH2-DEVICE] 53 70 FA → [P3] IDLE
[T+231567921us][CH1-PC ] 50 20 FA → [P0] POLL
[T+231572921us][CH2-DEVICE] 50 70 FA → [P0] IDLE
[T+231707921us][CH1-PC ] 51 20 FA → [P1] POLL
[T+231712921us][CH2-DEVICE] 51 70 FA → [P1] IDLE
[T+231849921us][CH1-PC ] 52 20 FA → [P2] POLL
[T+231855929us][CH2-DEVICE] 52 70 FA → [P2] IDLE
[T+231933921us][CH1-PC ] 52 30 01 01 04 E7 5F 03 FA → [P2] DISP st=04(BUSY) [01 01 04]
[T+231940921us][CH2-DEVICE] 52 C0 FA → [P2] ACK
[T+232145921us][CH1-PC ] 53 20 FA → [P3] POLL
[T+232150921us][CH2-DEVICE] 53 70 FA → [P3] IDLE
[T+232285921us][CH1-PC ] 50 20 FA → [P0] POLL
[T+232291606us][CH2-DEVICE] 50 70 FA → [P0] IDLE
[T+232426945us][CH1-PC ] 51 20 FA → [P1] POLL
[T+232431921us][CH2-DEVICE] 51 70 FA → [P1] IDLE
[T+232567946us][CH1-PC ] 52 20 FA → [P2] POLL
[T+232604921us][CH2-DEVICE] 52 3E 02 08 00 00 02 00 00 02 86 00 03 04 01 43 00 11 E0 98 03 FA → [P2] SEQ=3E FILL vol=2.00L price=286.00
[T+232648947us][CH1-PC ] 52 C0 FA → [P2] ACK
[T+232785921us][CH1-PC ] 53 20 FA → [P3] POLL
[T+232790921us][CH2-DEVICE] 53 70 FA → [P3] IDLE
[T+232926952us][CH1-PC ] 50 20 FA → [P0] POLL
[T+232931921us][CH2-DEVICE] 50 70 FA → [P0] IDLE
[T+233067945us][CH1-PC ] 51 20 FA → [P1] POLL
[T+233071949us][CH2-DEVICE] 51 70 FA → [P1] IDLE
[T+233207948us][CH1-PC ] 52 20 FA → [P2] POLL
[T+233212921us][CH2-DEVICE] 52 70 FA → [P2] IDLE
[T+233292946us][CH1-PC ] 52 30 01 01 04 E7 5F 03 FA → [P2] DISP st=04(BUSY) [01 01 04]
[T+233297921us][CH2-DEVICE] 52 C0 FA → [P2] ACK
[T+233504921us][CH1-PC ] 53 20 FA → [P3] POLL
[T+233508950us][CH2-DEVICE] 53 70 FA → [P3] IDLE
[T+233645921us][CH1-PC ] 50 20 FA → [P0] POLL
[T+233649949us][CH2-DEVICE] 50 70 FA → [P0] IDLE
[T+233785945us][CH1-PC ] 51 20 FA → [P1] POLL
[T+233790921us][CH2-DEVICE] 51 70 FA → [P1] IDLE
[T+233926948us][CH1-PC ] 52 20 FA → [P2] POLL
[T+233963921us][CH2-DEVICE] 52 3F 02 08 00 00 02 00 00 02 86 00 03 04 01 43 00 11 B1 08 03 FA → [P2] SEQ=3F FILL vol=2.00L price=286.00
[T+234007945us][CH1-PC ] 52 C0 FA → [P2] ACK
[T+234145921us][CH1-PC ] 53 20 FA → [P3] POLL
[T+234150921us][CH2-DEVICE] 53 70 FA → [P3] IDLE
[T+234285921us][CH1-PC ] 50 20 FA → [P0] POLL
[T+234290921us][CH2-DEVICE] 50 70 FA → [P0] IDLE
[T+234426951us][CH1-PC ] 51 20 FA → [P1] POLL
[T+234431921us][CH2-DEVICE] 51 70 FA → [P1] IDLE
[T+234566921us][CH1-PC ] 52 20 FA → [P2] POLL
[T+234571921us][CH2-DEVICE] 52 70 FA → [P2] IDLE
[T+234652921us][CH1-PC ] 52 30 01 01 04 E7 5F 03 FA → [P2] DISP st=04(BUSY) [01 01 04]
[T+234657921us][CH2-DEVICE] 52 C0 FA → [P2] ACK
[T+234863921us][CH1-PC ] 53 20 FA → [P3] POLL
[T+234868921us][CH2-DEVICE] 53 70 FA → [P3] IDLE
[T+235004945us][CH1-PC ] 50 20 FA → [P0] POLL
[T+235009921us][CH2-DEVICE] 50 70 FA → [P0] IDLE
[T+235145946us][CH1-PC ] 51 20 FA → [P1] POLL
[T+235150921us][CH2-DEVICE] 51 70 FA → [P1] IDLE
[T+235285921us][CH1-PC ] 52 20 FA → [P2] POLL
[T+235321946us][CH2-DEVICE] 52 31 02 08 00 00 02 00 00 02 86 00 03 04 01 43 00 11 D5 6B 03 FA → [P2] SEQ=31 FILL vol=2.00L price=286.00
[T+235366921us][CH1-PC ] 52 C0 FA → [P2] ACK
[T+235504921us][CH1-PC ] 53 20 FA → [P3] POLL
[T+235510921us][CH2-DEVICE] 53 70 FA → [P3] IDLE
[T+235645921us][CH1-PC ] 50 20 FA → [P0] POLL
[T+235649952us][CH2-DEVICE] 50 70 FA → [P0] IDLE
[T+235785950us][CH1-PC ] 51 20 FA → [P1] POLL
[T+235791595us][CH2-DEVICE] 51 70 FA → [P1] IDLE
[T+235926949us][CH1-PC ] 52 20 FA → [P2] POLL
[T+235933930us][CH2-DEVICE] 52 70 FA → [P2] IDLE
[T+236011921us][CH1-PC ] 52 30 01 01 04 E7 5F 03 FA → [P2] DISP st=04(BUSY) [01 01 04]
[T+236017921us][CH2-DEVICE] 52 C0 FA → [P2] ACK
[T+236223921us][CH1-PC ] 53 20 FA → [P3] POLL
[T+236229921us][CH2-DEVICE] 53 70 FA → [P3] IDLE
[T+236363921us][CH1-PC ] 50 20 FA → [P0] POLL
[T+236369607us][CH2-DEVICE] 50 70 FA → [P0] IDLE
[T+236504945us][CH1-PC ] 51 20 FA → [P1] POLL
[T+236509921us][CH2-DEVICE] 51 70 FA → [P1] IDLE
[T+236645945us][CH1-PC ] 52 20 FA → [P2] POLL
[T+236702923us][CH2-DEVICE] 52 32 03 04 01 43 00 01 02 08 00 00 02 00 00 02 86 00 01 01 06 03 04 01 43 00 01 01 01 05 87 E0 03 FA → [P2] SEQ=32 FILL vol=2.00L price=286.00
[T+236726946us][CH1-PC ] 52 C0 FA → [P2] ACK
[T+236808921us][CH1-PC ] 52 30 01 01 04 E7 5F 03 FA → [P2] DISP st=04(BUSY) [01 01 04]
[T+236813921us][CH2-DEVICE] 52 C0 FA → [P2] ACK
[T+236957947us][CH1-PC ] 52 20 FA → [P2] POLL
[T+236962921us][CH2-DEVICE] 52 70 FA → [P2] IDLE
[T+237134945us][CH1-PC ] 52 30 01 01 05 26 9F 03 FA → [P2] DISP st=05(IDLE) [01 01 05]
[T+237139921us][CH2-DEVICE] 52 C0 FA → [P2] ACK
[T+237192921us][CH1-PC ] 52 C0 FA → [P2] ACK
[T+237332921us][CH1-PC ] 53 20 FA → [P3] POLL
[T+237337921us][CH2-DEVICE] 53 70 FA → [P3] IDLE
[T+237473950us][CH1-PC ] 50 20 FA → [P0] POLL
[T+237478921us][CH2-DEVICE] 50 70 FA → [P0] IDLE
[T+237613921us][CH1-PC ] 51 20 FA → [P1] POLL
[T+237619921us][CH2-DEVICE] 51 70 FA → [P1] IDLE
[T+237755945us][CH1-PC ] 52 20 FA → [P2] POLL
[T+237769927us][CH2-DEVICE] 52 34 01 01 01 26 6C 03 FA → [P2] SEQ=34 [01 01 01]
[T+237833948us][CH1-PC ] 52 C0 FA → [P2] ACK
[T+237973945us][CH1-PC ] 53 20 FA → [P3] POLL
[T+237978921us][CH2-DEVICE] 53 70 FA → [P3] IDLE
[T+238113921us][CH1-PC ] 50 20 FA → [P0] POLL
[T+238119921us][CH2-DEVICE] 50 70 FA → [P0] IDLE
[T+238254921us][CH1-PC ] 51 20 FA → [P1] POLL
[T+238259921us][CH2-DEVICE] 51 70 FA → [P1] IDLE
[T+238395945us][CH1-PC ] 52 20 FA → [P2] POLL
[T+238410926us][CH2-DEVICE] 52 70 FA → [P2] IDLE
[T+238535921us][CH1-PC ] 53 20 FA → [P3] POLL
[T+238542596us][CH2-DEVICE] 53 70 FA → [P3] IDLE
[T+238676921us][CH1-PC ] 50 20 FA → [P0] POLL
[T+238681921us][CH2-DEVICE] 50 70 FA → [P0] IDLE
[T+238816921us][CH1-PC ] 51 20 FA → [P1] POLL
[T+238821921us][CH2-DEVICE] 51 70 FA → [P1] IDLE
[T+238957953us][CH1-PC ] 52 20 FA → [P2] POLL
[T+238962921us][CH2-DEVICE] 52 70 FA → [P2] IDLE
[T+239097921us][CH1-PC ] 53 20 FA → [P3] POLL
[T+239102921us][CH2-DEVICE] 53 70 FA → [P3] IDLE
[T+239238945us][CH1-PC ] 50 20 FA → [P0] POLL
[T+239245584us][CH2-DEVICE] 50 70 FA → [P0] IDLE
[T+239379921us][CH1-PC ] 51 20 FA → [P1] POLL
[T+239384921us][CH2-DEVICE] 51 70 FA → [P1] IDLE
[T+239519921us][CH1-PC ] 52 20 FA → [P2] POLL
[T+239525921us][CH2-DEVICE] 52 70 FA → [P2] IDLE
[T+239660921us][CH1-PC ] 53 20 FA → [P3] POLL
[T+239666586us][CH2-DEVICE] 53 70 FA → [P3] IDLE
[T+239801945us][CH1-PC ] 50 20 FA → [P0] POLL
[T+239806921us][CH2-DEVICE] 50 70 FA → [P0] IDLE
[T+239941921us][CH1-PC ] 51 20 FA → [P1] POLL
[T+239946921us][CH2-DEVICE] 51 70 FA → [P1] IDLE
[T+240082949us][CH1-PC ] 52 20 FA → [P2] POLL
[T+240087921us][CH2-DEVICE] 52 70 FA → [P2] IDLE
[T+240222921us][CH1-PC ] 53 20 FA → [P3] POLL
[T+240228921us][CH2-DEVICE] 53 70 FA → [P3] IDLE
[T+240363921us][CH1-PC ] 50 20 FA → [P0] POLL
[T+240368921us][CH2-DEVICE] 50 70 FA → [P0] IDLE
[T+240504945us][CH1-PC ] 51 20 FA → [P1] POLL
[T+240509921us][CH2-DEVICE] 51 70 FA → [P1] IDLE
[T+240644921us][CH1-PC ] 52 20 FA → [P2] POLL
[T+240652584us][CH2-DEVICE] 52 70 FA → [P2] IDLE
[T+240785921us][CH1-PC ] 53 20 FA → [P3] POLL
[T+240790921us][CH2-DEVICE] 53 70 FA → [P3] IDLE
[T+240926951us][CH1-PC ] 50 20 FA → [P0] POLL
[T+240933570us][CH2-DEVICE] 50 70 FA → [P0] IDLE
[T+241066921us][CH1-PC ] 51 20 FA → [P1] POLL
[T+241072921us][CH2-DEVICE] 51 70 FA → [P1] IDLE
[T+241207921us][CH1-PC ] 52 20 FA → [P2] POLL
[T+241212921us][CH2-DEVICE] 52 70 FA → [P2] IDLE
[T+241347921us][CH1-PC ] 53 20 FA → [P3] POLL
[T+241353921us][CH2-DEVICE] 53 70 FA → [P3] IDLE
[T+241488921us][CH1-PC ] 50 20 FA → [P0] POLL
[T+241493921us][CH2-DEVICE] 50 70 FA → [P0] IDLE
[T+241629945us][CH1-PC ] 51 20 FA → [P1] POLL
[T+241634921us][CH2-DEVICE] 51 70 FA → [P1] IDLE
[T+241769921us][CH1-PC ] 52 20 FA → [P2] POLL
[T+241774925us][CH2-DEVICE] 52 70 FA → [P2] IDLE
[T+241910945us][CH1-PC ] 53 20 FA → [P3] POLL
[T+241914951us][CH2-DEVICE] 53 70 FA → [P3] IDLE
[T+242050945us][CH1-PC ] 50 20 FA → [P0] POLL
[T+242056929us][CH2-DEVICE] 50 70 FA → [P0] IDLE
[T+242191921us][CH1-PC ] 51 20 FA → [P1] POLL
[T+242196921us][CH2-DEVICE] 51 70 FA → [P1] IDLE
[T+242332945us][CH1-PC ] 52 20 FA → [P2] POLL
[T+242337921us][CH2-DEVICE] 52 70 FA → [P2] IDLE
[T+242472921us][CH1-PC ] 53 20 FA → [P3] POLL
[T+242477921us][CH2-DEVICE] 53 70 FA → [P3] IDLE
[T+242613945us][CH1-PC ] 50 20 FA → [P0] POLL
[T+242618921us][CH2-DEVICE] 50 70 FA → [P0] IDLE
[T+242754945us][CH1-PC ] 51 20 FA → [P1] POLL
[T+242759921us][CH2-DEVICE] 51 70 FA → [P1] IDLE
[T+242894921us][CH1-PC ] 52 20 FA → [P2] POLL
[T+242899921us][CH2-DEVICE] 52 70 FA → [P2] IDLE
[T+243035945us][CH1-PC ] 53 20 FA → [P3] POLL
[T+243042599us][CH2-DEVICE] 53 70 FA → [P3] IDLE
[T+243175921us][CH1-PC ] 50 20 FA → [P0] POLL
[T+243181921us][CH2-DEVICE] 50 70 FA → [P0] IDLE
[T+243316921us][CH1-PC ] 51 20 FA → [P1] POLL
[T+243321921us][CH2-DEVICE] 51 70 FA → [P1] IDLE
[T+243457946us][CH1-PC ] 52 20 FA → [P2] POLL
[T+243462923us][CH2-DEVICE] 52 70 FA → [P2] IDLE
[T+243597921us][CH1-PC ] 53 20 FA → [P3] POLL
[T+243602921us][CH2-DEVICE] 53 70 FA → [P3] IDLE
[T+243738947us][CH1-PC ] 50 20 FA → [P0] POLL
[T+243743921us][CH2-DEVICE] 50 70 FA → [P0] IDLE
[T+243878921us][CH1-PC ] 51 20 FA → [P1] POLL
[T+243884921us][CH2-DEVICE] 51 70 FA → [P1] IDLE
[T+244019921us][CH1-PC ] 52 20 FA → [P2] POLL
[T+244025921us][CH2-DEVICE] 52 70 FA → [P2] IDLE
[T+244160921us][CH1-PC ] 53 20 FA → [P3] POLL
[T+244165921us][CH2-DEVICE] 53 70 FA → [P3] IDLE
[T+244300921us][CH1-PC ] 50 20 FA → [P0] POLL
[T+244305921us][CH2-DEVICE] 50 70 FA → [P0] IDLE
[T+244441947us][CH1-PC ] 51 20 FA → [P1] POLL
[T+244446921us][CH2-DEVICE] 51 70 FA → [P1] IDLE
[T+244582945us][CH1-PC ] 52 20 FA → [P2] POLL
[T+244587921us][CH2-DEVICE] 52 70 FA → [P2] IDLE
[T+244722921us][CH1-PC ] 53 20 FA → [P3] POLL
[T+244727921us][CH2-DEVICE] 53 70 FA → [P3] IDLE
[T+244863945us][CH1-PC ] 50 20 FA → [P0] POLL
[T+244868921us][CH2-DEVICE] 50 70 FA → [P0] IDLE
[T+245004921us][CH1-PC ] 51 20 FA → [P1] POLL
[T+245009921us][CH2-DEVICE] 51 70 FA → [P1] IDLE
[T+245144921us][CH1-PC ] 52 20 FA → [P2] POLL
[T+245149921us][CH2-DEVICE] 52 70 FA → [P2] IDLE
[T+245285921us][CH1-PC ] 53 20 FA → [P3] POLL
[T+245290921us][CH2-DEVICE] 53 70 FA → [P3] IDLE
[T+245425924us][CH1-PC ] 50 20 FA → [P0] POLL
[T+245431921us][CH2-DEVICE] 50 70 FA → [P0] IDLE
[T+245566921us][CH1-PC ] 51 20 FA → [P1] POLL
[T+245571921us][CH2-DEVICE] 51 70 FA → [P1] IDLE
[T+245707946us][CH1-PC ] 52 20 FA → [P2] POLL
[T+245712921us][CH2-DEVICE] 52 70 FA → [P2] IDLE
[T+245847921us][CH1-PC ] 53 20 FA → [P3] POLL
[T+245852921us][CH2-DEVICE] 53 70 FA → [P3] IDLE
[T+245988946us][CH1-PC ] 50 20 FA → [P0] POLL
[T+245992949us][CH2-DEVICE] 50 70 FA → [P0] IDLE
[T+246128946us][CH1-PC ] 51 20 FA → [P1] POLL
[T+246134929us][CH2-DEVICE] 51 70 FA → [P1] IDLE
[T+246269921us][CH1-PC ] 52 20 FA → [P2] POLL
[T+246274921us][CH2-DEVICE] 52 70 FA → [P2] IDLE
[T+246410946us][CH1-PC ] 53 20 FA → [P3] POLL
[T+246415921us][CH2-DEVICE] 53 70 FA → [P3] IDLE
[T+246550921us][CH1-PC ] 50 20 FA → [P0] POLL
[T+246555921us][CH2-DEVICE] 50 70 FA → [P0] IDLE
[T+246691947us][CH1-PC ] 51 20 FA → [P1] POLL
[T+246696921us][CH2-DEVICE] 51 70 FA → [P1] IDLE
[T+246831921us][CH1-PC ] 52 20 FA → [P2] POLL
[T+246837921us][CH2-DEVICE] 52 70 FA → [P2] IDLE
[T+246972921us][CH1-PC ] 53 20 FA → [P3] POLL
[T+246978598us][CH2-DEVICE] 53 70 FA → [P3] IDLE
[T+247113945us][CH1-PC ] 50 20 FA → [P0] POLL
[T+247117949us][CH2-DEVICE] 50 70 FA → [P0] IDLE
[T+247253947us][CH1-PC ] 51 20 FA → [P1] POLL
[T+247259921us][CH2-DEVICE] 51 70 FA → [P1] IDLE
[T+247394921us][CH1-PC ] 52 20 FA → [P2] POLL
[T+247399921us][CH2-DEVICE] 52 70 FA → [P2] IDLE
[T+247535945us][CH1-PC ] 53 20 FA → [P3] POLL
[T+247540921us][CH2-DEVICE] 53 70 FA → [P3] IDLE
[T+247675921us][CH1-PC ] 50 20 FA → [P0] POLL
[T+247680921us][CH2-DEVICE] 50 70 FA → [P0] IDLE
[T+247816945us][CH1-PC ] 51 20 FA → [P1] POLL
[T+247822601us][CH2-DEVICE] 51 70 FA → [P1] IDLE
[T+247957946us][CH1-PC ] 52 20 FA → [P2] POLL
[T+247962921us][CH2-DEVICE] 52 70 FA → [P2] IDLE
[T+248097921us][CH1-PC ] 53 20 FA → [P3] POLL
[T+248102921us][CH2-DEVICE] 53 70 FA → [P3] IDLE
[T+248238945us][CH1-PC ] 50 20 FA → [P0] POLL
[T+248243921us][CH2-DEVICE] 50 70 FA → [P0] IDLE
[T+248378921us][CH1-PC ] 51 20 FA → [P1] POLL
[T+248383921us][CH2-DEVICE] 51 70 FA → [P1] IDLE
[T+248519945us][CH1-PC ] 52 20 FA → [P2] POLL
[T+248524921us][CH2-DEVICE] 52 70 FA → [P2] IDLE
[T+248660945us][CH1-PC ] 53 20 FA → [P3] POLL
[T+248665921us][CH2-DEVICE] 53 70 FA → [P3] IDLE
[T+248800921us][CH1-PC ] 50 20 FA → [P0] POLL
[T+248805921us][CH2-DEVICE] 50 70 FA → [P0] IDLE
[T+248941945us][CH1-PC ] 51 20 FA → [P1] POLL
[T+248946921us][CH2-DEVICE] 51 70 FA → [P1] IDLE
[T+249081921us][CH1-PC ] 52 20 FA → [P2] POLL
[T+249087930us][CH2-DEVICE] 52 70 FA → [P2] IDLE
[T+249222921us][CH1-PC ] 53 20 FA → [P3] POLL
[T+249227921us][CH2-DEVICE] 53 70 FA → [P3] IDLE
[T+249363946us][CH1-PC ] 50 20 FA → [P0] POLL
[T+249367950us][CH2-DEVICE] 50 70 FA → [P0] IDLE
[T+249503949us][CH1-PC ] 51 20 FA → [P1] POLL
[T+249509921us][CH2-DEVICE] 51 70 FA → [P1] IDLE
[T+249644921us][CH1-PC ] 52 20 FA → [P2] POLL
[T+249650403us][CH2-DEVICE] 52 70 FA → [P2] IDLE
[T+249785922us][CH1-PC ] 53 20 FA → [P3] POLL
[T+249789949us][CH2-DEVICE] 53 70 FA → [P3] IDLE
[T+249925948us][CH1-PC ] 50 20 FA → [P0] POLL
[T+249931921us][CH2-DEVICE] 50 70 FA → [P0] IDLE
[T+250066921us][CH1-PC ] 51 20 FA → [P1] POLL
[T+250071921us][CH2-DEVICE] 51 70 FA → [P1] IDLE
[T+250206921us][CH1-PC ] 52 20 FA → [P2] POLL
[T+250213741us][CH2-DEVICE] 52 70 FA → [P2] IDLE
[T+250347921us][CH1-PC ] 53 20 FA → [P3] POLL
[T+250352921us][CH2-DEVICE] 53 70 FA → [P3] IDLE
[T+250488950us][CH1-PC ] 50 20 FA → [P0] POLL
[T+250493921us][CH2-DEVICE] 50 70 FA → [P0] IDLE
[T+250628924us][CH1-PC ] 51 20 FA → [P1] POLL
[T+250634596us][CH2-DEVICE] 51 70 FA → [P1] IDLE
[T+250769948us][CH1-PC ] 52 20 FA → [P2] POLL
[T+250773949us][CH2-DEVICE] 52 70 FA → [P2] IDLE
[T+250909946us][CH1-PC ] 53 20 FA → [P3] POLL
[T+250915921us][CH2-DEVICE] 53 70 FA → [P3] IDLE
[T+251050921us][CH1-PC ] 50 20 FA → [P0] POLL
[T+251056921us][CH2-DEVICE] 50 70 FA → [P0] IDLE
[T+251191921us][CH1-PC ] 51 20 FA → [P1] POLL
[T+251197598us][CH2-DEVICE] 51 70 FA → [P1] IDLE
[T+251331921us][CH1-PC ] 52 20 FA → [P2] POLL
[T+251336921us][CH2-DEVICE] 52 70 FA → [P2] IDLE
[T+251472945us][CH1-PC ] 53 20 FA → [P3] POLL
[T+251477921us][CH2-DEVICE] 53 70 FA → [P3] IDLE
[T+251612928us][CH1-PC ] 50 20 FA → [P0] POLL
[T+251618416us][CH2-DEVICE] 50 70 FA → [P0] IDLE
[T+251753948us][CH1-PC ] 51 20 FA → [P1] POLL
[T+251758921us][CH2-DEVICE] 51 70 FA → [P1] IDLE
[T+251894945us][CH1-PC ] 52 20 FA → [P2] POLL
[T+251899921us][CH2-DEVICE] 52 70 FA → [P2] IDLE
[T+252034921us][CH1-PC ] 53 20 FA → [P3] POLL
[T+252039921us][CH2-DEVICE] 53 70 FA → [P3] IDLE
[T+252175946us][CH1-PC ] 50 20 FA → [P0] POLL
[T+252181583us][CH2-DEVICE] 50 70 FA → [P0] IDLE
[T+252316946us][CH1-PC ] 51 20 FA → [P1] POLL
[T+252321921us][CH2-DEVICE] 51 70 FA → [P1] IDLE
[T+252456921us][CH1-PC ] 52 20 FA → [P2] POLL
[T+252462921us][CH2-DEVICE] 52 70 FA → [P2] IDLE
[T+252597921us][CH1-PC ] 53 20 FA → [P3] POLL
[T+252602921us][CH2-DEVICE] 53 70 FA → [P3] IDLE
[T+252737921us][CH1-PC ] 50 20 FA → [P0] POLL
[T+252744602us][CH2-DEVICE] 50 70 FA → [P0] IDLE