connected
[T+444427105us][CH1-Dispenser] 01 61
[T+444495484us][CH2-Pc    ] 02
[T+444503462us][CH1-Dispenser] 02 62
[T+444574458us][CH2-Pc    ] 03
[T+444581459us][CH1-Dispenser] 03 63
[T+444652458us][CH2-Pc    ] 04
[T+444660467us][CH1-Dispenser] 04 64
[T+444730591us][CH1-Dispenser] 05
[T+444730459us][CH2-Pc    ] 05
[T+444905591us][CH1-Dispenser] 06
[T+444905459us][CH2-Pc    ] 06
[T+445069459us][CH2-Pc    ] 01
[T+445076458us][CH1-Dispenser] 01 61
[T+445147458us][CH2-Pc    ] 02
[T+445153095us][CH1-Dispenser] 02 62
[T+445225458us][CH2-Pc    ] 03
[T+445230103us][CH1-Dispenser] 03 63
[T+445292483us][CH2-Pc    ] 04
[T+445300458us][CH1-Dispenser] 04 64
[T+445370591us][CH1-Dispenser] 05
[T+445370459us][CH2-Pc    ] 05
[T+445545592us][CH1-Dispenser] 06
[T+445545459us][CH2-Pc    ] 06
[T+445709458us][CH2-Pc    ] 01
[T+445716459us][CH1-Dispenser] 01 61
[T+445788484us][CH2-Pc    ] 02
[T+445797460us][CH1-Dispenser] 02 62
[T+445866484us][CH2-Pc    ] 03
[T+445872094us][CH1-Dispenser] 03 63
[T+445945458us][CH2-Pc    ] 04
[T+445950458us][CH1-Dispenser] 04 64
[T+446023591us][CH1-Dispenser] 05
[T+446023459us][CH2-Pc    ] 05
[T+446198591us][CH1-Dispenser] 06
[T+446198459us][CH2-Pc    ] 06
[T+446372483us][CH2-Pc    ] 01
[T+446382051us][CH1-Dispenser] 01 61
[T+446451458us][CH2-Pc    ] 02
[T+446459465us][CH1-Dispenser] 02 62
[T+446529458us][CH2-Pc    ] 03
[T+446536458us][CH1-Dispenser] 03 63
[T+446607483us][CH2-Pc    ] 04
[T+446616095us][CH1-Dispenser] 04 64
[T+446685593us][CH1-Dispenser] 05
[T+446685459us][CH2-Pc    ] 05
[T+446849459us][CH1-Dispenser] 06
[T+446849590us][CH2-Pc    ] 06
[T+447028458us][CH2-Pc    ] 01
[T+447037522us][CH1-Dispenser] 01 61
[T+447106483us][CH2-Pc    ] 02
[T+447111458us][CH1-Dispenser] 02 62
[T+447184459us][CH2-Pc    ] 03
[T+447191144us][CH1-Dispenser] 03 63
[T+447262483us][CH2-Pc    ] 04
[T+447271490us][CH1-Dispenser] 04 64
[T+447340459us][CH1-Dispenser] 05
[T+447340590us][CH2-Pc    ] 05
[T+447504459us][CH1-Dispenser] 06
[T+447504593us][CH2-Pc    ] 06
[T+447679458us][CH2-Pc    ] 01
[T+447687458us][CH1-Dispenser] 01 61
[T+447761458us][CH1-Dispenser] 02 62
[T+447757458us][CH2-Pc    ] 02
[T+447825458us][CH2-Pc    ] 03
[T+447831483us][CH1-Dispenser] 03 63
[T+447903483us][CH2-Pc    ] 04
[T+447910459us][CH1-Dispenser] 04 64
[T+447981460us][CH1-Dispenser] 05
[T+447981594us][CH2-Pc    ] 05
[T+448145460us][CH1-Dispenser] 06
[T+448145591us][CH2-Pc    ] 06
[T+448320458us][CH2-Pc    ] 01
[T+448327458us][CH1-Dispenser] 01 61
[T+448398458us][CH2-Pc    ] 02
[T+448406458us][CH1-Dispenser] 02 62
[T+448480458us][CH1-Dispenser] 03 63
[T+448476458us][CH2-Pc    ] 03
[T+448543483us][CH2-Pc    ] 04
[T+448552500us][CH1-Dispenser] 04 64
[T+448621459us][CH1-Dispenser] 05
[T+448621591us][CH2-Pc    ] 05
[T+448786595us][CH1-Dispenser] 06
[T+448786459us][CH2-Pc    ] 06
[T+448960484us][CH2-Pc    ] 01
[T+448968466us][CH1-Dispenser] 01 61
[T+449038459us][CH2-Pc    ] 02
[T+449048459us][CH1-Dispenser] 02 62
[T+449116459us][CH1-Dispenser] 03
[T+449117458us][CH2-Pc    ] 03
[T+449129483us][CH1-Dispenser] 63
[T+449195461us][CH2-Pc    ] 04
[T+449201991us][CH1-Dispenser] 04 64
[T+449273459us][CH1-Dispenser] 05
[T+449273590us][CH2-Pc    ] 05
[T+449448459us][CH1-Dispenser] 06
[T+449448590us][CH2-Pc    ] 06
[T+449623458us][CH2-Pc    ] 01
[T+449628458us][CH1-Dispenser] 01 61
[T+449700484us][CH2-Pc    ] 02
[T+449708124us][CH1-Dispenser] 02 62
[T+449779483us][CH2-Pc    ] 03
[T+449788492us][CH1-Dispenser] 03 63
[T+449862458us][CH2-Pc    ] 04
[T+449871498us][CH1-Dispenser] 04 64
[T+449940459us][CH1-Dispenser] 05
[T+449940591us][CH2-Pc    ] 05
[T+450115459us][CH1-Dispenser] 06
[T+450115596us][CH2-Pc    ] 06
[T+450289483us][CH2-Pc    ] 01
[T+450298483us][CH1-Dispenser] 01 61
[T+450367483us][CH2-Pc    ] 02
[T+450372458us][CH1-Dispenser] 02 62
[T+450446459us][CH2-Pc    ] 03
[T+450451459us][CH1-Dispenser] 03 63
[T+450524460us][CH2-Pc    ] 04
[T+450530499us][CH1-Dispenser] 04 64
[T+450602459us][CH1-Dispenser] 05
[T+450602593us][CH2-Pc    ] 05
[T+450777459us][CH1-Dispenser] 06
[T+450777591us][CH2-Pc    ] 06
[T+450956458us][CH2-Pc    ] 01
[T+450962110us][CH1-Dispenser] 01 61
[T+451033483us][CH2-Pc    ] 02
[T+451042666us][CH1-Dispenser] 02 62
[T+451112458us][CH2-Pc    ] 03
[T+451121057us][CH1-Dispenser] 03 63
[T+451190458us][CH2-Pc    ] 04
[T+451195458us][CH1-Dispenser] 04 64
[T+451268459us][CH1-Dispenser] 05
[T+451268590us][CH2-Pc    ] 05
[T+451443593us][CH1-Dispenser] 06
[T+451443459us][CH2-Pc    ] 06
[T+451617483us][CH2-Pc    ] 01
[T+451623483us][CH1-Dispenser] 01 61
[T+451696458us][CH2-Pc    ] 02
[T+451702499us][CH1-Dispenser] 02 62
[T+451774483us][CH2-Pc    ] 03
[T+451783459us][CH1-Dispenser] 03 63
[T+451852483us][CH2-Pc    ] 04
[T+451861114us][CH1-Dispenser] 04 64
[T+451930590us][CH1-Dispenser] 05
[T+451930460us][CH2-Pc    ] 05
[T+452105591us][CH1-Dispenser] 06
[T+452105460us][CH2-Pc    ] 06
[T+452280459us][CH2-Pc    ] 01
[T+452287459us][CH1-Dispenser] 01 61
[T+452359483us][CH2-Pc    ] 02
[T+452367466us][CH1-Dispenser] 02 62
[T+452437458us][CH2-Pc    ] 03
[T+452446499us][CH1-Dispenser] 03 63
[T+452515483us][CH2-Pc    ] 04
[T+452520458us][CH1-Dispenser] 04 64
[T+452593590us][CH1-Dispenser] 05
[T+452593459us][CH2-Pc    ] 05
[T+452778626us][CH1-Dispenser] 06
[T+452778460us][CH2-Pc    ] 06
[T+452945458us][CH2-Pc    ] 01
[T+452952459us][CH1-Dispenser] 01 61
[T+453024483us][CH2-Pc    ] 02
[T+453033138us][CH1-Dispenser] 02 62
[T+453102483us][CH2-Pc    ] 03
[T+453111490us][CH1-Dispenser] 03 63
[T+453180483us][CH2-Pc    ] 04
[T+453186500us][CH1-Dispenser] 04 64
[T+453258459us][CH1-Dispenser] 05
[T+453258592us][CH2-Pc    ] 05
[T+453433591us][CH1-Dispenser] 06
[T+453433459us][CH2-Pc    ] 06
[T+453608458us][CH2-Pc    ] 01
[T+453612458us][CH1-Dispenser] 01 61
[T+453675544us][CH2-Pc    ] 02
[T+453683077us][CH1-Dispenser] 02 62
[T+453753459us][CH2-Pc    ] 03
[T+453762016us][CH1-Dispenser] 03 63
[T+453831458us][CH2-Pc    ] 04
[T+453835459us][CH1-Dispenser] 04 64
[T+453899459us][CH1-Dispenser] 05
[T+453899592us][CH2-Pc    ] 05
[T+454073460us][CH1-Dispenser] 06
[T+454074459us][CH2-Pc    ] 06
[T+454248458us][CH2-Pc    ] 01
[T+454257483us][CH1-Dispenser] 01 61
[T+454327458us][CH2-Pc    ] 02
[T+454333483us][CH1-Dispenser] 02 62
[T+454405459us][CH2-Pc    ] 03
[T+454412459us][CH1-Dispenser] 03 63
[T+454483458us][CH2-Pc    ] 04
[T+454491466us][CH1-Dispenser] 04 64
[T+454561591us][CH1-Dispenser] 05
[T+454561459us][CH2-Pc    ] 05
[T+454725460us][CH1-Dispenser] 06
[T+454725598us][CH2-Pc    ] 06
[T+454897458us][CH2-Pc    ] 01
[T+454902466us][CH1-Dispenser] 01 61
[T+454975458us][CH2-Pc    ] 02
[T+454981483us][CH1-Dispenser] 02 62
[T+455054459us][CH2-Pc    ] 03
[T+455061129us][CH1-Dispenser] 03 63
[T+455132483us][CH2-Pc    ] 04
[T+455142459us][CH1-Dispenser] 04 64
[T+455210460us][CH1-Dispenser] 05
[T+455210594us][CH2-Pc    ] 05
[T+455385459us][CH1-Dispenser] 06
[T+455385590us][CH2-Pc    ] 06
[T+455560458us][CH2-Pc    ] 01
[T+455571458us][CH1-Dispenser] 01 61
[T+455638458us][CH2-Pc    ] 02
[T+455643458us][CH1-Dispenser] 02 62
[T+455716458us][CH2-Pc    ] 03
[T+455722483us][CH1-Dispenser] 03 63
[T+455794483us][CH2-Pc    ] 04
[T+455801458us][CH1-Dispenser] 04 64
[T+455872459us][CH1-Dispenser] 05
[T+455872590us][CH2-Pc    ] 05
[T+456036459us][CH1-Dispenser] 06
[T+456036591us][CH2-Pc    ] 06
[T+456211458us][CH2-Pc    ] 01
[T+456219466us][CH1-Dispenser] 01 61
[T+456296458us][CH2-Pc    ] 02
[T+456302499us][CH1-Dispenser] 02 62
[T+456374483us][CH2-Pc    ] 03
[T+456381459us][CH1-Dispenser] 03 63
[T+456452458us][CH2-Pc    ] 04
[T+456460466us][CH1-Dispenser] 04 64
[T+456531591us][CH1-Dispenser] 05
[T+456531459us][CH2-Pc    ] 05
[T+456716591us][CH1-Dispenser] 06
[T+456716459us][CH2-Pc    ] 06
[T+456880458us][CH2-Pc    ] 01
[T+456889496us][CH1-Dispenser] 01 61
[T+456958483us][CH2-Pc    ] 02
[T+456967484us][CH1-Dispenser] 02 62
[T+457036483us][CH2-Pc    ] 03
[T+457041458us][CH1-Dispenser] 03 63
[T+457104483us][CH2-Pc    ] 04
[T+457112114us][CH1-Dispenser] 04 64
[T+457182596us][CH1-Dispenser] 05
[T+457182461us][CH2-Pc    ] 05
[T+457357590us][CH1-Dispenser] 06
[T+457357459us][CH2-Pc    ] 06
[T+457526483us][CH2-Pc    ] 01
[T+457536217us][CH1-Dispenser] 01 61
[T+457604484us][CH2-Pc    ] 02
[T+457614458us][CH1-Dispenser] 02 62
[T+457682458us][CH2-Pc    ] 03
[T+457688082us][CH1-Dispenser] 03 63
[T+457760458us][CH2-Pc    ] 04
[T+457767458us][CH1-Dispenser] 04 64
[T+457838590us][CH1-Dispenser] 05
[T+457838459us][CH2-Pc    ] 05
[T+458013591us][CH1-Dispenser] 06
[T+458013460us][CH2-Pc    ] 06
[T+458177458us][CH2-Pc    ] 01
[T+458186093us][CH1-Dispenser] 01 61
[T+458255458us][CH2-Pc    ] 02
[T+458263096us][CH1-Dispenser] 02 62
[T+458333459us][CH2-Pc    ] 03
[T+458342483us][CH1-Dispenser] 03 63
[T+458411489us][CH2-Pc    ] 04
[T+458415459us][CH1-Dispenser] 04 64
[T+458479459us][CH1-Dispenser] 05
[T+458479592us][CH2-Pc    ] 05
[T+458653459us][CH1-Dispenser] 06
[T+458653590us][CH2-Pc    ] 06
[T+458829458us][CH2-Pc    ] 01
[T+458839459us][CH1-Dispenser] 01 61
[T+458907458us][CH2-Pc    ] 02
[T+458913756us][CH1-Dispenser] 02 62
[T+458985483us][CH2-Pc    ] 03
[T+458990458us][CH1-Dispenser] 03 63
[T+459066458us][CH2-Pc    ] 04
[T+459071466us][CH1-Dispenser] 04 64
[T+459145590us][CH1-Dispenser] 05
[T+459145459us][CH2-Pc    ] 05
[T+459320459us][CH1-Dispenser] 06
[T+459320592us][CH2-Pc    ] 06
[T+459494485us][CH2-Pc    ] 01
[T+459503098us][CH1-Dispenser] 01 61
[T+459572458us][CH2-Pc    ] 02
[T+459578483us][CH1-Dispenser] 02 62
[T+459651458us][CH2-Pc    ] 03
[T+459657499us][CH1-Dispenser] 03 63
[T+459729485us][CH2-Pc    ] 04
[T+459736458us][CH1-Dispenser] 04 64
[T+459807593us][CH1-Dispenser] 05
[T+459807459us][CH2-Pc    ] 05
[T+459981590us][CH1-Dispenser] 06
[T+459981459us][CH2-Pc    ] 06
[T+460146459us][CH2-Pc    ] 01
[T+460153464us][CH1-Dispenser] 01 61
[T+460224458us][CH2-Pc    ] 02
[T+460232459us][CH1-Dispenser] 02 62
[T+460302458us][CH2-Pc    ] 03
[T+460311499us][CH1-Dispenser] 03 63
[T+460380483us][CH2-Pc    ] 04
[T+460386483us][CH1-Dispenser] 04 64
[T+460458601us][CH1-Dispenser] 05
[T+460458462us][CH2-Pc    ] 05
[T+460633590us][CH1-Dispenser] 06
[T+460633459us][CH2-Pc    ] 06
[T+460808459us][CH2-Pc    ] 01
[T+460815149us][CH1-Dispenser] 01 61
[T+460886483us][CH2-Pc    ] 02
[T+460893699us][CH1-Dispenser] 02 62
[T+460964458us][CH2-Pc    ] 03
[T+460971458us][CH1-Dispenser] 03 63
[T+461042458us][CH2-Pc    ] 04
[T+461051499us][CH1-Dispenser] 04 64
[T+461120590us][CH1-Dispenser] 05
[T+461120459us][CH2-Pc    ] 05
[T+461295460us][CH1-Dispenser] 06
[T+461295591us][CH2-Pc    ] 06
[T+461459458us][CH2-Pc    ] 01
[T+461468499us][CH1-Dispenser] 01 61
[T+461537484us][CH2-Pc    ] 02
[T+461542459us][CH1-Dispenser] 02 62
[T+461615458us][CH2-Pc    ] 03
[T+461621499us][CH1-Dispenser] 03 63
[T+461693483us][CH2-Pc    ] 04
[T+461702483us][CH1-Dispenser] 04 64
[T+461772459us][CH1-Dispenser] 05
[T+461772590us][CH2-Pc    ] 05
[T+461943459us][CH1-Dispenser] 06
[T+461943588us][CH2-Pc    ] 06
[T+462118458us][CH2-Pc    ] 01
[T+462122459us][CH1-Dispenser] 01 61
[T+462186458us][CH2-Pc    ] 02
[T+462192500us][CH1-Dispenser] 02 62
[T+462264483us][CH2-Pc    ] 03
[T+462271459us][CH1-Dispenser] 03 63
[T+462342458us][CH2-Pc    ] 04
[T+462347458us][CH1-Dispenser] 04 64
[T+462420591us][CH1-Dispenser] 05
[T+462420459us][CH2-Pc    ] 05
[T+462584592us][CH1-Dispenser] 06
[T+462584459us][CH2-Pc    ] 06
[T+462761483us][CH2-Pc    ] 01
[T+462769586us][CH1-Dispenser] 01 61
[T+462839458us][CH2-Pc    ] 02
[T+462848499us][CH1-Dispenser] 02 62
[T+462917486us][CH2-Pc    ] 03
[T+462922458us][CH1-Dispenser] 03 63
[T+462995459us][CH2-Pc    ] 04
[T+463003560us][CH1-Dispenser] 04 64
[T+463073460us][CH1-Dispenser] 05
[T+463073591us][CH2-Pc    ] 05
[T+463248459us][CH1-Dispenser] 06
[T+463248593us][CH2-Pc    ] 06
[T+463412458us][CH2-Pc    ] 01
[T+463418499us][CH1-Dispenser] 01 61
[T+463490483us][CH2-Pc    ] 02
[T+463497458us][CH1-Dispenser] 02 62
[T+463568458us][CH2-Pc    ] 03
[T+463577091us][CH1-Dispenser] 03 63
[T+463646458us][CH2-Pc    ] 04
[T+463651458us][CH1-Dispenser] 04 64
[T+463725592us][CH1-Dispenser] 05
[T+463725460us][CH2-Pc    ] 05
[T+463899459us][CH1-Dispenser] 06
[T+463899590us][CH2-Pc    ] 06
[T+464074459us][CH2-Pc    ] 01
[T+464083466us][CH1-Dispenser] 01 61
[T+464152483us][CH2-Pc    ] 02
[T+464158499us][CH1-Dispenser] 02 62
[T+464231458us][CH2-Pc    ] 03
[T+464237483us][CH1-Dispenser] 03 63
[T+464309459us][CH2-Pc    ] 04
[T+464317058us][CH1-Dispenser] 04 64
[T+464387459us][CH1-Dispenser] 05
[T+464387591us][CH2-Pc    ] 05
[T+464551593us][CH1-Dispenser] 06
[T+464551459us][CH2-Pc    ] 06
[T+464726458us][CH2-Pc    ] 01
[T+464734107us][CH1-Dispenser] 01 61
[T+464804459us][CH2-Pc    ] 02
[T+464812458us][CH1-Dispenser] 02 62
[T+464882458us][CH2-Pc    ] 03
[T+464886459us][CH1-Dispenser] 03 63
[T+464952483us][CH2-Pc    ] 04
[T+464956458us][CH1-Dispenser] 04 64
[T+465029459us][CH1-Dispenser] 05
[T+465029592us][CH2-Pc    ] 05
[T+465193593us][CH1-Dispenser] 06
[T+465193459us][CH2-Pc    ] 06
[T+465368458us][CH2-Pc    ] 01
[T+465374487us][CH1-Dispenser] 01 61
[T+465446484us][CH2-Pc    ] 02
[T+465455499us][CH1-Dispenser] 02 62
[T+465524483us][CH2-Pc    ] 03
[T+465532099us][CH1-Dispenser] 03 63
[T+465603484us][CH2-Pc    ] 04
[T+465612485us][CH1-Dispenser] 04 64
[T+465681461us][CH1-Dispenser] 05
[T+465681598us][CH2-Pc    ] 05
[T+465856460us][CH1-Dispenser] 06
[T+465856592us][CH2-Pc    ] 06
[T+466019458us][CH2-Pc    ] 01
[T+466029459us][CH1-Dispenser] 01 61
[T+466098483us][CH2-Pc    ] 02
[T+466102459us][CH1-Dispenser] 02 62
[T+466176458us][CH2-Pc    ] 03
[T+466181466us][CH1-Dispenser] 03 63
[T+466254458us][CH2-Pc    ] 04
[T+466261459us][CH1-Dispenser] 04 64
[T+466332460us][CH1-Dispenser] 05
[T+466332590us][CH2-Pc    ] 05
[T+466507594us][CH1-Dispenser] 06
[T+466507460us][CH2-Pc    ] 06
[T+466678483us][CH2-Pc    ] 01
[T+466684099us][CH1-Dispenser] 01 61
[T+466756458us][CH2-Pc    ] 02
[T+466762500us][CH1-Dispenser] 02 62
[T+466834483us][CH2-Pc    ] 03
[T+466841459us][CH1-Dispenser] 03 63
[T+466912458us][CH2-Pc    ] 04
[T+466918483us][CH1-Dispenser] 04 64
[T+466990459us][CH1-Dispenser] 05
[T+466990590us][CH2-Pc    ] 05
[T+467165459us][CH1-Dispenser] 06
[T+467165591us][CH2-Pc    ] 06
[T+467340459us][CH2-Pc    ] 01
[T+467347458us][CH1-Dispenser] 01 61
[T+467418458us][CH2-Pc    ] 02
[T+467424115us][CH1-Dispenser] 02 62
[T+467496458us][CH2-Pc    ] 03
[T+467502500us][CH1-Dispenser] 03 63
[T+467574484us][CH2-Pc    ] 04
[T+467581459us][CH1-Dispenser] 04 64
[T+467652591us][CH1-Dispenser] 05
[T+467652459us][CH2-Pc    ] 05
[T+467816593us][CH1-Dispenser] 06
[T+467816461us][CH2-Pc    ] 06
[T+467996483us][CH2-Pc    ] 01
[T+468004106us][CH1-Dispenser] 01 61
[T+468074459us][CH2-Pc    ] 02
[T+468084458us][CH1-Dispenser] 02 62
[T+468152458us][CH2-Pc    ] 03
[T+468156459us][CH1-Dispenser] 03 63
[T+468220458us][CH2-Pc    ] 04
[T+468227024us][CH1-Dispenser] 04 64
[T+468298459us][CH1-Dispenser] 05
[T+468298593us][CH2-Pc    ] 05
[T+468473460us][CH1-Dispenser] 06
[T+468473594us][CH2-Pc    ] 06
[T+468647486us][CH2-Pc    ] 01
[T+468654459us][CH1-Dispenser] 01 61
[T+468725458us][CH2-Pc    ] 02
[T+468734058us][CH1-Dispenser] 02 62
[T+468804459us][CH2-Pc    ] 03
[T+468812458us][CH1-Dispenser] 03 63
[T+468882458us][CH2-Pc    ] 04
[T+468886459us][CH1-Dispenser] 04 64
[T+468949459us][CH1-Dispenser] 05
[T+468949590us][CH2-Pc    ] 05
[T+469113459us][CH1-Dispenser] 06
[T+469113590us][CH2-Pc    ] 06
[T+469288459us][CH2-Pc    ] 01
[T+469295458us][CH1-Dispenser] 01 61
[T+469366458us][CH2-Pc    ] 02
[T+469373458us][CH1-Dispenser] 02 62
[T+469444458us][CH2-Pc    ] 03
[T+469452458us][CH1-Dispenser] 03 63
[T+469522458us][CH2-Pc    ] 04
[T+469531499us][CH1-Dispenser] 04 64
[T+469601459us][CH1-Dispenser] 05
[T+469601590us][CH2-Pc    ] 05
[T+469773592us][CH1-Dispenser] 06
[T+469773459us][CH2-Pc    ] 06
[T+469958458us][CH2-Pc    ] 01
[T+469964483us][CH1-Dispenser] 01 61
[T+470062459us][CH2-Pc    ] 02
[T+470069102us][CH1-Dispenser] 02 62
[T+470141458us][CH2-Pc    ] 03
[T+470149458us][CH1-Dispenser] 03 63
[T+470219458us][CH2-Pc    ] 04
[T+470228499us][CH1-Dispenser] 04 64
[T+470297591us][CH1-Dispenser] 05
[T+470297460us][CH2-Pc    ] 05
[T+470475459us][CH1-Dispenser] 06
[T+470475592us][CH2-Pc    ] 06
[T+470644458us][CH2-Pc    ] 01
[T+470654458us][CH1-Dispenser] 01 61
[T+470723484us][CH2-Pc    ] 02
[T+470731098us][CH1-Dispenser] 02 62
[T+470801459us][CH2-Pc    ] 03
[T+470808139us][CH1-Dispenser] 03 63
[T+470879483us][CH2-Pc    ] 04
[T+470886458us][CH1-Dispenser] 04 64
[T+470957460us][CH1-Dispenser] 05
[T+470957591us][CH2-Pc    ] 05
[T+471133591us][CH1-Dispenser] 06
[T+471133459us][CH2-Pc    ] 06
[T+471308458us][CH2-Pc    ] 01
[T+471316113us][CH1-Dispenser] 01 61
[T+471386459us][CH2-Pc    ] 02
[T+471393459us][CH1-Dispenser] 02 62
[T+471464458us][CH2-Pc    ] 03
[T+471472459us][CH1-Dispenser] 03 63
[T+471543458us][CH2-Pc    ] 04
[T+471552099us][CH1-Dispenser] 04 64
[T+471621459us][CH1-Dispenser] 05
[T+471621594us][CH2-Pc    ] 05
[T+471785593us][CH1-Dispenser] 06
[T+471785459us][CH2-Pc    ] 06
[T+471960458us][CH2-Pc    ] 01
[T+471969565us][CH1-Dispenser] 01 61
[T+472038483us][CH2-Pc    ] 02
[T+472043459us][CH1-Dispenser] 02 62
[T+472116458us][CH2-Pc    ] 03
[T+472122499us][CH1-Dispenser] 03 63
[T+472194483us][CH2-Pc    ] 04
[T+472201465us][CH1-Dispenser] 04 64
[T+472275459us][CH1-Dispenser] 05
[T+472275591us][CH2-Pc    ] 05
[T+472450590us][CH1-Dispenser] 06
[T+472450459us][CH2-Pc    ] 06
[T+472614458us][CH2-Pc    ] 01
[T+472623483us][CH1-Dispenser] 01 61
[T+472692484us][CH2-Pc    ] 02
[T+472699459us][CH1-Dispenser] 02 62
[T+472770458us][CH2-Pc    ] 03
[T+472776483us][CH1-Dispenser] 03 63
[T+472848589us][CH2-Pc    ] 04
[T+472857615us][CH1-Dispenser] 04 64
[T+472927460us][CH1-Dispenser] 05
[T+472927592us][CH2-Pc    ] 05
[T+473101591us][CH1-Dispenser] 06
[T+473101459us][CH2-Pc    ] 06
[T+473276459us][CH2-Pc    ] 01
[T+473283458us][CH1-Dispenser] 01 61
[T+473354458us][CH2-Pc    ] 02
[T+473364459us][CH1-Dispenser] 02 62
[T+473432458us][CH2-Pc    ] 03
[T+473437466us][CH1-Dispenser] 03 63
[T+473510458us][CH2-Pc    ] 04
[T+473517459us][CH1-Dispenser] 04 64
[T+473589460us][CH1-Dispenser] 05
[T+473589591us][CH2-Pc    ] 05
[T+473755596us][CH1-Dispenser] 06
[T+473755459us][CH2-Pc    ] 06
[T+473938483us][CH2-Pc    ] 01
[T+473945134us][CH1-Dispenser] 01 61
[T+474016483us][CH2-Pc    ] 02
[T+474024064us][CH1-Dispenser] 02 62
[T+474095483us][CH2-Pc    ] 03
[T+474102459us][CH1-Dispenser] 03 63
[T+474173458us][CH2-Pc    ] 04
[T+474184459us][CH1-Dispenser] 04 64
[T+474254459us][CH1-Dispenser] 05
[T+474254591us][CH2-Pc    ] 05
[T+474429590us][CH1-Dispenser] 06
[T+474429459us][CH2-Pc    ] 06
[T+474603483us][CH2-Pc    ] 01
[T+474609534us][CH1-Dispenser] 01 61
[T+474681484us][CH2-Pc    ] 02
[T+474690500us][CH1-Dispenser] 02 62
[T+474760459us][CH2-Pc    ] 03
[T+474767459us][CH1-Dispenser] 03 63
[T+474838458us][CH2-Pc    ] 04
[T+474846459us][CH1-Dispenser] 04 64
[T+474916590us][CH1-Dispenser] 05
[T+474916459us][CH2-Pc    ] 05
[T+475083592us][CH1-Dispenser] 06
[T+475083460us][CH2-Pc    ] 06
[T+475258459us][CH2-Pc    ] 01
[T+475263459us][CH1-Dispenser] 01 61
[T+475336458us][CH2-Pc    ] 02
[T+475346459us][CH1-Dispenser] 02 62
[T+475414458us][CH2-Pc    ] 03
[T+475421458us][CH1-Dispenser] 03 63
[T+475492458us][CH2-Pc    ] 04
[T+475497458us][CH1-Dispenser] 04 64
[T+475570459us][CH1-Dispenser] 05
[T+475570591us][CH2-Pc    ] 05
[T+475745460us][CH1-Dispenser] 06
[T+475745593us][CH2-Pc    ] 06
[T+475920649us][CH1-Dispenser] 01
[T+475920466us][CH2-Pc    ] 01
[T+475932483us][CH1-Dispenser] 61
[T+475998483us][CH2-Pc    ] 02
[T+476005114us][CH1-Dispenser] 02 72
[T+476025490us][CH2-Pc    ] 22
[T+476033458us][CH1-Dispenser] 22 D2
[T+476047589us][CH1-Dispenser] FF
[T+476047459us][CH2-Pc    ] FF
[T+476059590us][CH1-Dispenser] E9
[T+476059459us][CH2-Pc    ] E9
[T+476072590us][CH1-Dispenser] FE
[T+476072459us][CH2-Pc    ] FE
[T+476085590us][CH1-Dispenser] E0
[T+476085459us][CH2-Pc    ] E0
[T+476097592us][CH1-Dispenser] E1
[T+476097459us][CH2-Pc    ] E1
[T+476110591us][CH1-Dispenser] E0
[T+476110459us][CH2-Pc    ] E0
[T+476123602us][CH1-Dispenser] FB
[T+476123464us][CH2-Pc    ] FB
[T+476136460us][CH1-Dispenser] EE
[T+476136592us][CH2-Pc    ] EE
[T+476148496us][CH2-Pc    ] F0
[T+476177458us][CH1-Dispenser] F0 BA B0 B3 B2 B0 B1 B0 B0 B0 B0 B1 B1 B1 B1 B1 C1 C1 8D 8A
[T+476250458us][CH2-Pc    ] 03
[T+476257459us][CH1-Dispenser] 03 63
[T+476328458us][CH2-Pc    ] 04
[T+476336466us][CH1-Dispenser] 04 64
[T+476406592us][CH1-Dispenser] 05
[T+476406459us][CH2-Pc    ] 05
[T+476592459us][CH1-Dispenser] 06
[T+476592592us][CH2-Pc    ] 06
[T+476756458us][CH2-Pc    ] 01
[T+476764458us][CH1-Dispenser] 01 61
[T+476834458us][CH2-Pc    ] 02
[T+476840571us][CH1-Dispenser] 02 72
[T+476861483us][CH2-Pc    ] 22
[T+476869459us][CH1-Dispenser] 22 D2
[T+476883590us][CH1-Dispenser] FF
[T+476883459us][CH2-Pc    ] FF
[T+476904599us][CH1-Dispenser] E9
[T+476904460us][CH2-Pc    ] E9
[T+476925721us][CH1-Dispenser] FE
[T+476925589us][CH2-Pc    ] FE
[T+476947592us][CH1-Dispenser] E0
[T+476947459us][CH2-Pc    ] E0
[T+476968459us][CH1-Dispenser] E1
[T+476968590us][CH2-Pc    ] E1
[T+477056594us][CH1-Dispenser] E0
[T+477056459us][CH2-Pc    ] E0
[T+477069592us][CH1-Dispenser] FB
[T+477069459us][CH2-Pc    ] FB
[T+477091459us][CH1-Dispenser] EE
[T+477091595us][CH2-Pc    ] EE
[T+477112483us][CH2-Pc    ] F0
[T+477142488us][CH1-Dispenser] F0 BA B0 B3 B2 B0 B1 B0 B0 B0 B0 B1 B1 B1 B1 B1 C1 C1 8D 8A
[T+477215458us][CH2-Pc    ] 03
[T+477221483us][CH1-Dispenser] 03 63
[T+477293483us][CH2-Pc    ] 04
[T+477297459us][CH1-Dispenser] 04 64
[T+477360459us][CH1-Dispenser] 05
[T+477360590us][CH2-Pc    ] 05
[T+477535459us][CH1-Dispenser] 06
[T+477535588us][CH2-Pc    ] 06
[T+477710459us][CH2-Pc    ] 01
[T+477719483us][CH1-Dispenser] 01 61
[T+477788483us][CH2-Pc    ] 02
[T+477794096us][CH1-Dispenser] 02 72
[T+477815458us][CH2-Pc    ] 22
[T+477837459us][CH1-Dispenser] 22 D2 FF
[T+477837591us][CH2-Pc    ] FF
[T+477849593us][CH1-Dispenser] E9
[T+477849460us][CH2-Pc    ] E9
[T+477865463us][CH1-Dispenser] FE
[T+477865600us][CH2-Pc    ] FE
[T+477877591us][CH1-Dispenser] E0
[T+477877459us][CH2-Pc    ] E0
[T+477889592us][CH1-Dispenser] E1
[T+477889461us][CH2-Pc    ] E1
[T+477902589us][CH1-Dispenser] E0
[T+477902460us][CH2-Pc    ] E0
[T+477915588us][CH1-Dispenser] FB
[T+477915459us][CH2-Pc    ] FB
[T+477927603us][CH1-Dispenser] EE
[T+477927466us][CH2-Pc    ] EE
[T+477940458us][CH2-Pc    ] F0
[T+477971458us][CH1-Dispenser] F0 BA B0 B3 B2 B0 B1 B0 B0 B0 B0 B1 B1 B1 B1 B1 C1 C1 8D 8A
[T+478042458us][CH2-Pc    ] 03
[T+478047466us][CH1-Dispenser] 03 63
[T+478120458us][CH2-Pc    ] 04
[T+478129111us][CH1-Dispenser] 04 64
[T+478198459us][CH1-Dispenser] 05
[T+478198592us][CH2-Pc    ] 05
[T+478373459us][CH1-Dispenser] 06
[T+478373590us][CH2-Pc    ] 06
[T+478537458us][CH2-Pc    ] 01
[T+478545113us][CH1-Dispenser] 01 61
[T+478615459us][CH2-Pc    ] 02
[T+478624483us][CH1-Dispenser] 02 72
[T+478642497us][CH2-Pc    ] 22
[T+478649458us][CH1-Dispenser] 22 D2
[T+478664459us][CH1-Dispenser] FF
[T+478664590us][CH2-Pc    ] FF
[T+478676591us][CH1-Dispenser] E9
[T+478676459us][CH2-Pc    ] E9
[T+478689590us][CH1-Dispenser] FE
[T+478689459us][CH2-Pc    ] FE
[T+478702822us][CH1-Dispenser] E0
[T+478702688us][CH2-Pc    ] E0
[T+478714590us][CH1-Dispenser] E1
[T+478714459us][CH2-Pc    ] E1
[T+478727590us][CH1-Dispenser] E0
[T+478727459us][CH2-Pc    ] E0
[T+478740586us][CH1-Dispenser] FB
[T+478740459us][CH2-Pc    ] FB
[T+478753591us][CH1-Dispenser] EE
[T+478753460us][CH2-Pc    ] EE
[T+478765466us][CH2-Pc    ] F0
[T+478796458us][CH1-Dispenser] F0 BA B0 B3 B2 B0 B1 B0 B0 B0 B0 B1 B1 B1 B1 B1 C1 C1 8D 8A
[T+478867458us][CH2-Pc    ] 03
[T+478873064us][CH1-Dispenser] 03 63
[T+478947483us][CH2-Pc    ] 04
[T+478953483us][CH1-Dispenser] 04 64
[T+479025592us][CH1-Dispenser] 05
[T+479025461us][CH2-Pc    ] 05
[T+479200459us][CH1-Dispenser] 06
[T+479200594us][CH2-Pc    ] 06
[T+479364458us][CH2-Pc    ] 01
[T+479372107us][CH1-Dispenser] 01 61
[T+479442459us][CH2-Pc    ] 02
[T+479449458us][CH1-Dispenser] 02 72
[T+479470459us][CH2-Pc    ] 22
[T+479474459us][CH1-Dispenser] 22 D2
[T+479491459us][CH1-Dispenser] FF
[T+479491593us][CH2-Pc    ] FF
[T+479504602us][CH1-Dispenser] E9
[T+479504464us][CH2-Pc    ] E9
[T+479516593us][CH1-Dispenser] FE
[T+479516459us][CH2-Pc    ] FE
[T+479529588us][CH1-Dispenser] E0
[T+479529460us][CH2-Pc    ] E0
[T+479542675us][CH1-Dispenser] E1
[T+479542814us][CH2-Pc    ] E1
[T+479555598us][CH1-Dispenser] E0
[T+479555460us][CH2-Pc    ] E0
[T+479567590us][CH1-Dispenser] FB
[T+479567459us][CH2-Pc    ] FB
[T+479589459us][CH1-Dispenser] EE
[T+479588459us][CH2-Pc    ] EE
[T+479610483us][CH2-Pc    ] F0
[T+479641458us][CH1-Dispenser] F0 BA B0 B3 B2 B0 B1 B0 B0 B0 B0 B1 B1 B1 B1 B1 C1 C1 8D 8A
[T+479712458us][CH2-Pc    ] 03
[T+479719459us][CH1-Dispenser] 03 63
[T+479790458us][CH2-Pc    ] 04
[T+479798466us][CH1-Dispenser] 04 64
[T+479868459us][CH1-Dispenser] 05
[T+479868591us][CH2-Pc    ] 05
[T+480043594us][CH1-Dispenser] 06
[T+480043460us][CH2-Pc    ] 06
[T+480208483us][CH2-Pc    ] 01
[T+480215673us][CH1-Dispenser] 01 61
[T+480286458us][CH2-Pc    ] 02
[T+480294458us][CH1-Dispenser] 02 72
[T+480313458us][CH2-Pc    ] 22
[T+480319499us][CH1-Dispenser] 22 D2
[T+480335590us][CH1-Dispenser] FF
[T+480335459us][CH2-Pc    ] FF
[T+480347589us][CH1-Dispenser] E9
[T+480347459us][CH2-Pc    ] E9
[T+480360592us][CH1-Dispenser] FE
[T+480360459us][CH2-Pc    ] FE
[T+480373585us][CH1-Dispenser] E0
[T+480373459us][CH2-Pc    ] E0
[T+480386458us][CH1-Dispenser] E1
[T+480385717us][CH2-Pc    ] E1
[T+480398590us][CH1-Dispenser] E0
[T+480398459us][CH2-Pc    ] E0
[T+480411590us][CH1-Dispenser] FB
[T+480411459us][CH2-Pc    ] FB
[T+480423459us][CH1-Dispenser] EE
[T+480423590us][CH2-Pc    ] EE
[T+480436458us][CH2-Pc    ] F0
[T+480467458us][CH1-Dispenser] F0 BA B0 B3 B2 B0 B1 B0 B0 B0 B0 B1 B1 B1 B1 B1 C1 C1 8D 8A
[T+480539483us][CH2-Pc    ] 03
[T+480548499us][CH1-Dispenser] 03 63
[T+480617483us][CH2-Pc    ] 04
[T+480621458us][CH1-Dispenser] 04 64
[T+480695460us][CH1-Dispenser] 05
[T+480695592us][CH2-Pc    ] 05
[T+480870460us][CH1-Dispenser] 06
[T+480870591us][CH2-Pc    ] 06
[T+481045458us][CH2-Pc    ] 01
[T+481054974us][CH1-Dispenser] 01 61
[T+481123483us][CH2-Pc    ] 02
[T+481130458us][CH1-Dispenser] 02 72
[T+481150459us][CH2-Pc    ] 22
[T+481159484us][CH1-Dispenser] 22 D2
[T+481172599us][CH1-Dispenser] FF
[T+481172461us][CH2-Pc    ] FF
[T+481184591us][CH1-Dispenser] E9
[T+481184459us][CH2-Pc    ] E9
[T+481197590us][CH1-Dispenser] FE
[T+481197459us][CH2-Pc    ] FE
[T+481210589us][CH1-Dispenser] E0
[T+481210460us][CH2-Pc    ] E0
[T+481222767us][CH1-Dispenser] E1
[T+481222632us][CH2-Pc    ] E1
[T+481235590us][CH1-Dispenser] E0
[T+481235459us][CH2-Pc    ] E0
[T+481248591us][CH1-Dispenser] FB
[T+481248459us][CH2-Pc    ] FB
[T+481260460us][CH1-Dispenser] EE
[T+481260590us][CH2-Pc    ] EE
[T+481273458us][CH2-Pc    ] F0
[T+481301458us][CH1-Dispenser] F0 BA B0 B3 B2 B0 B1 B0 B0 B0 B0 B1 B1 B1 B1 B1 C1 C1 8D 8A
[T+481365458us][CH2-Pc    ] 03
[T+481373459us][CH1-Dispenser] 03 63
[T+481447458us][CH1-Dispenser] 04 64
[T+481443458us][CH2-Pc    ] 04
[T+481510459us][CH1-Dispenser] 05
[T+481510589us][CH2-Pc    ] 05
[T+481685461us][CH1-Dispenser] 06
[T+481685594us][CH2-Pc    ] 06
[T+481849458us][CH2-Pc    ] 01
[T+481854458us][CH1-Dispenser] 01 61
[T+481927458us][CH2-Pc    ] 02
[T+481934459us][CH1-Dispenser] 02 72
[T+481966590us][CH1-Dispenser] 22 D2 FF
[T+481966459us][CH2-Pc    ] 22 FF
[T+481978585us][CH1-Dispenser] E9
[T+481978459us][CH2-Pc    ] E9
[T+481991591us][CH1-Dispenser] FE
[T+481991460us][CH2-Pc    ] FE
[T+482005599us][CH1-Dispenser] E0
[T+482005461us][CH2-Pc    ] E0
[T+482016591us][CH1-Dispenser] E1
[T+482016459us][CH2-Pc    ] E1
[T+482030590us][CH1-Dispenser] E0
[T+482030459us][CH2-Pc    ] E0
[T+482043596us][CH1-Dispenser] FB
[T+482043461us][CH2-Pc    ] FB
[T+482055459us][CH1-Dispenser] EE
[T+482055588us][CH2-Pc    ] EE
[T+482068458us][CH2-Pc    ] F0
[T+482096458us][CH1-Dispenser] F0 BA B0 B3 B2 B0 B1 B0 B0 B0 B0 B1 B1 B1 B1 B1 C1 C1 8D 8A
[T+482160458us][CH2-Pc    ] 03
[T+482168466us][CH1-Dispenser] 03 63
[T+482238459us][CH2-Pc    ] 04
[T+482243459us][CH1-Dispenser] 04 64
[T+482316459us][CH1-Dispenser] 05
[T+482316591us][CH2-Pc    ] 05
[T+482491460us][CH1-Dispenser] 06
[T+482491594us][CH2-Pc    ] 06
[T+482666458us][CH2-Pc    ] 01
[T+482674463us][CH1-Dispenser] 01 61
[T+482744458us][CH2-Pc    ] 02
[T+482750779us][CH1-Dispenser] 02 72
[T+482771483us][CH2-Pc    ] 22
[T+482782042us][CH1-Dispenser] 22 D2
[T+482793594us][CH1-Dispenser] FF
[T+482793459us][CH2-Pc    ] FF
[T+482805590us][CH1-Dispenser] E9
[T+482805459us][CH2-Pc    ] E9
[T+482818592us][CH1-Dispenser] FE
[T+482818459us][CH2-Pc    ] FE
[T+482831591us][CH1-Dispenser] E0
[T+482831459us][CH2-Pc    ] E0
[T+482845599us][CH1-Dispenser] E1
[T+482845461us][CH2-Pc    ] E1
[T+482861592us][CH1-Dispenser] E0
[T+482861459us][CH2-Pc    ] E0
[T+482874589us][CH1-Dispenser] FB
[T+482874459us][CH2-Pc    ] FB
[T+482886593us][CH1-Dispenser] EE
[T+482886460us][CH2-Pc    ] EE
[T+482899458us][CH2-Pc    ] F0
[T+482926484us][CH1-Dispenser] F0 BA B0 B3 B2 B0 B1 B0 B0 B0 B0 B1 B1 B1 B1 B1 C1 C1 8D 8A
[T+482991458us][CH2-Pc    ] 03
[T+482998459us][CH1-Dispenser] 03 63
[T+483069458us][CH2-Pc    ] 04
[T+483079458us][CH1-Dispenser] 04 64
[T+483147459us][CH1-Dispenser] 05
[T+483147591us][CH2-Pc    ] 05
[T+483322592us][CH1-Dispenser] 06
[T+483322460us][CH2-Pc    ] 06
[T+483497458us][CH2-Pc    ] 01
[T+483505465us][CH1-Dispenser] 01 61
[T+483575458us][CH2-Pc    ] 02
[T+483584484us][CH1-Dispenser] 02 72
[T+483602484us][CH2-Pc    ] 22
[T+483609458us][CH1-Dispenser] 22 D2
[T+483624461us][CH1-Dispenser] FF
[T+483624600us][CH2-Pc    ] FF
[T+483636591us][CH1-Dispenser] E9
[T+483636459us][CH2-Pc    ] E9
[T+483649591us][CH1-Dispenser] FE
[T+483649459us][CH2-Pc    ] FE
[T+483662598us][CH1-Dispenser] E0
[T+483662462us][CH2-Pc    ] E0
[T+483674592us][CH1-Dispenser] E1
[T+483674460us][CH2-Pc    ] E1
[T+483687605us][CH1-Dispenser] E0
[T+483687463us][CH2-Pc    ] E0
[T+483700890us][CH1-Dispenser] FB
[T+483700463us][CH2-Pc    ] FB
[T+483713600us][CH1-Dispenser] EE
[T+483713461us][CH2-Pc    ] EE
[T+483725494us][CH2-Pc    ] F0
[T+483757458us][CH1-Dispenser] F0 BA B0 B3 B2 B0 B1 B0 B0 B0 B0 B1 B1 B1 B1 B1 C1 C1 8D 8A
[T+483827458us][CH2-Pc    ] 03
[T+483832458us][CH1-Dispenser] 03 63
[T+483905458us][CH2-Pc    ] 04
[T+483911483us][CH1-Dispenser] 04 64
[T+483983459us][CH1-Dispenser] 05
[T+483983589us][CH2-Pc    ] 05
[T+484169459us][CH1-Dispenser] 06
[T+484169594us][CH2-Pc    ] 06
[T+484333458us][CH2-Pc    ] 01
[T+484339483us][CH1-Dispenser] 01 61
[T+484411483us][CH2-Pc    ] 02
[T+484420937us][CH1-Dispenser] 02 72
[T+484438483us][CH2-Pc    ] 22
[T+484445112us][CH1-Dispenser] 22 D2
[T+484470591us][CH1-Dispenser] FF
[T+484470459us][CH2-Pc    ] FF
[T+484482590us][CH1-Dispenser] E9
[T+484482459us][CH2-Pc    ] E9
[T+484495590us][CH1-Dispenser] FE
[T+484495459us][CH2-Pc    ] FE
[T+484507592us][CH1-Dispenser] E0
[T+484507459us][CH2-Pc    ] E0
[T+484520599us][CH1-Dispenser] E1
[T+484520462us][CH2-Pc    ] E1
[T+484533597us][CH1-Dispenser] E0
[T+484533463us][CH2-Pc    ] E0
[T+484545598us][CH1-Dispenser] FB
[T+484545463us][CH2-Pc    ] FB
[T+484558600us][CH1-Dispenser] EE
[T+484558461us][CH2-Pc    ] EE
[T+484575458us][CH2-Pc    ] F0
[T+484607459us][CH1-Dispenser] F0 BA B0 B3 B2 B0 B1 B0 B0 B0 B0 B1 B1 B1 B1 B1 C1 C1 8D 8A
[T+484676484us][CH2-Pc    ] 03
[T+484683459us][CH1-Dispenser] 03 63
[T+484755483us][CH2-Pc    ] 04
[T+484762458us][CH1-Dispenser] 04 64
[T+484833459us][CH1-Dispenser] 05
[T+484833590us][CH2-Pc    ] 05
[T+485007459us][CH1-Dispenser] 06
[T+485007592us][CH2-Pc    ] 06
[T+485183458us][CH2-Pc    ] 01
[T+485190849us][CH1-Dispenser] 01 61
[T+485260458us][CH2-Pc    ] 02
[T+485270459us][CH1-Dispenser] 02 72
[T+485288483us][CH2-Pc    ] 22
[T+485296458us][CH1-Dispenser] 22 D2
[T+485309459us][CH1-Dispenser] FF
[T+485309590us][CH2-Pc    ] FF
[T+485322588us][CH1-Dispenser] E9
[T+485322459us][CH2-Pc    ] E9
[T+485334591us][CH1-Dispenser] FE
[T+485334459us][CH2-Pc    ] FE
[T+485347586us][CH1-Dispenser] E0
[T+485347459us][CH2-Pc    ] E0
[T+485360588us][CH1-Dispenser] E1
[T+485360460us][CH2-Pc    ] E1
[T+485373594us][CH1-Dispenser] E0
[T+485373461us][CH2-Pc    ] E0
[T+485385591us][CH1-Dispenser] FB
[T+485385459us][CH2-Pc    ] FB
[T+485398585us][CH1-Dispenser] EE
[T+485398459us][CH2-Pc    ] EE
[T+485411458us][CH2-Pc    ] F0
[T+485442459us][CH1-Dispenser] F0 BA B0 B3 B2 B0 B1 B0 B0 B0 B0 B1 B1 B1 B1 B1 C1 C1 8D 8A
[T+485515458us][CH2-Pc    ] 03
[T+485524499us][CH1-Dispenser] 03 63
[T+485593483us][CH2-Pc    ] 04
[T+485602546us][CH1-Dispenser] 04 64
[T+485671592us][CH1-Dispenser] 05
[T+485671459us][CH2-Pc    ] 05
[T+485857459us][CH1-Dispenser] 06
[T+485857594us][CH2-Pc    ] 06
[T+486021458us][CH2-Pc    ] 01
[T+486029466us][CH1-Dispenser] 01 61
[T+486099459us][CH2-Pc    ] 02
[T+486106144us][CH1-Dispenser] 02 72
[T+486127458us][CH2-Pc    ] 22
[T+486134458us][CH1-Dispenser] 22 D2
[T+486148461us][CH1-Dispenser] FF
[T+486148593us][CH2-Pc    ] FF
[T+486161597us][CH1-Dispenser] E9
[T+486161460us][CH2-Pc    ] E9
[T+486182590us][CH1-Dispenser] FE
[T+486182459us][CH2-Pc    ] FE
[T+486204593us][CH1-Dispenser] E0
[T+486204460us][CH2-Pc    ] E0
[T+486217601us][CH1-Dispenser] E1
[T+486217462us][CH2-Pc    ] E1
[T+486230602us][CH1-Dispenser] E0
[T+486230462us][CH2-Pc    ] E0
[T+486242603us][CH1-Dispenser] FB
[T+486242466us][CH2-Pc    ] FB
[T+486254598us][CH1-Dispenser] EE
[T+486254462us][CH2-Pc    ] EE
[T+486268502us][CH2-Pc    ] F0
[T+486298483us][CH1-Dispenser] F0 BA B0 B3 B2 B0 B1 B0 B0 B0 B0 B1 B1 B1 B1 B1 C1 C1 8D 8A
[T+486370483us][CH2-Pc    ] 03
[T+486379101us][CH1-Dispenser] 03 63
[T+486448458us][CH2-Pc    ] 04
[T+486452458us][CH1-Dispenser] 04 64
[T+486515591us][CH1-Dispenser] 05
[T+486515459us][CH2-Pc    ] 05
[T+486701460us][CH1-Dispenser] 06
[T+486701591us][CH2-Pc    ] 06
[T+486865458us][CH2-Pc    ] 01
[T+486874484us][CH1-Dispenser] 01 61
[T+486943484us][CH2-Pc    ] 02
[T+486950459us][CH1-Dispenser] 02 72
[T+486970589us][CH1-Dispenser] 22
[T+486970459us][CH2-Pc    ] 22
[T+486992590us][CH1-Dispenser] D2 FF
[T+486992459us][CH2-Pc    ] FF
[T+487004595us][CH1-Dispenser] E9
[T+487004460us][CH2-Pc    ] E9
[T+487017591us][CH1-Dispenser] FE
[T+487017459us][CH2-Pc    ] FE
[T+487030598us][CH1-Dispenser] E0
[T+487030461us][CH2-Pc    ] E0
[T+487042639us][CH1-Dispenser] E1
[T+487042501us][CH2-Pc    ] E1
[T+487055594us][CH1-Dispenser] E0
[T+487055460us][CH2-Pc    ] E0
[T+487068594us][CH1-Dispenser] FB
[T+487068462us][CH2-Pc    ] FB
[T+487081460us][CH1-Dispenser] EE
[T+487081591us][CH2-Pc    ] EE
[T+487093506us][CH2-Pc    ] F0
[T+487123483us][CH1-Dispenser] F0 BA B0 B3 B2 B0 B1 B0 B0 B0 B0 B1 B1 B1 B1 B1 C1 C1 8D 8A
[T+487196459us][CH2-Pc    ] 03
[T+487205483us][CH1-Dispenser] 03 63
[T+487274484us][CH2-Pc    ] 04
[T+487283489us][CH1-Dispenser] 04 64
[T+487352459us][CH1-Dispenser] 05
[T+487352590us][CH2-Pc    ] 05
[T+487527596us][CH1-Dispenser] 06
[T+487527736us][CH2-Pc    ] 06
[T+487691458us][CH2-Pc    ] 01
[T+487701797us][CH1-Dispenser] 01 61
[T+487769458us][CH2-Pc    ] 02
[T+487774458us][CH1-Dispenser] 02 72
[T+487786489us][CH2-Pc    ] 22
[T+487794064us][CH1-Dispenser] 22 D2
[T+487807591us][CH1-Dispenser] FF
[T+487807460us][CH2-Pc    ] FF
[T+487820599us][CH1-Dispenser] E9
[T+487820461us][CH2-Pc    ] E9
[T+487832601us][CH1-Dispenser] FE
[T+487832463us][CH2-Pc    ] FE
[T+487845604us][CH1-Dispenser] E0
[T+487845465us][CH2-Pc    ] E0
[T+487858460us][CH1-Dispenser] E1
[T+487858589us][CH2-Pc    ] E1
[T+487879592us][CH1-Dispenser] E0
[T+487879459us][CH2-Pc    ] E0
[T+487894591us][CH1-Dispenser] FB
[T+487894459us][CH2-Pc    ] FB
[T+487907594us][CH1-Dispenser] EE
[T+487907461us][CH2-Pc    ] EE
[T+487919484us][CH2-Pc    ] F0
[T+487946458us][CH1-Dispenser] F0 BA B0 B3 B2 B0 B1 B0 B0 B0 B0 B1 B1 B1 B1 B1 C1 C1 8D 8A
[T+488011459us][CH2-Pc    ] 03
[T+488018458us][CH1-Dispenser] 03 63
[T+488089458us][CH2-Pc    ] 04
[T+488097458us][CH1-Dispenser] 04 64
[T+488170459us][CH1-Dispenser] 05
[T+488170590us][CH2-Pc    ] 05
[T+488334459us][CH1-Dispenser] 06
[T+488334590us][CH2-Pc    ] 06
[T+488508484us][CH2-Pc    ] 01
[T+488514484us][CH1-Dispenser] 01 61
[T+488587458us][CH2-Pc    ] 02
[T+488595458us][CH1-Dispenser] 02 72
[T+488614458us][CH2-Pc    ] 22
[T+488620499us][CH1-Dispenser] 22 D2
[T+488635591us][CH1-Dispenser] FF
[T+488635459us][CH2-Pc    ] FF
[T+488648590us][CH1-Dispenser] E9
[T+488648460us][CH2-Pc    ] E9
[T+488662326us][CH1-Dispenser] FE
[T+488662194us][CH2-Pc    ] FE
[T+488673590us][CH1-Dispenser] E0
[T+488673459us][CH2-Pc    ] E0
[T+488686459us][CH1-Dispenser] E1
[T+488686590us][CH2-Pc    ] E1
[T+488699592us][CH1-Dispenser] E0
[T+488699459us][CH2-Pc    ] E0
[T+488711589us][CH1-Dispenser] FB
[T+488711459us][CH2-Pc    ] FB
[T+488725600us][CH1-Dispenser] EE
[T+488725461us][CH2-Pc    ] EE
[T+488737463us][CH2-Pc    ] F0
[T+488766458us][CH1-Dispenser] F0 BA B0 B3 B2 B0 B1 B0 B0 B0 B0 B1 B1 B1 B1 B1 C1 C1 8D 8A
[T+488839458us][CH2-Pc    ] 03
[T+488849608us][CH1-Dispenser] 03 63
[T+488916458us][CH2-Pc    ] 04
[T+488923459us][CH1-Dispenser] 04 64
[T+488995459us][CH1-Dispenser] 05
[T+488995592us][CH2-Pc    ] 05
[T+489170590us][CH1-Dispenser] 06
[T+489170459us][CH2-Pc    ] 06
[T+489333458us][CH2-Pc    ] 01
[T+489339483us][CH1-Dispenser] 01 61
[T+489412458us][CH2-Pc    ] 02
[T+489420458us][CH1-Dispenser] 02 72
[T+489439458us][CH2-Pc    ] 22
[T+489446557us][CH1-Dispenser] 22 D2
[T+489460459us][CH1-Dispenser] FF
[T+489461458us][CH2-Pc    ] FF
[T+489473590us][CH1-Dispenser] E9
[T+489473459us][CH2-Pc    ] E9
[T+489486598us][CH1-Dispenser] FE
[T+489486459us][CH2-Pc    ] FE
[T+489498592us][CH1-Dispenser] E0
[T+489498459us][CH2-Pc    ] E0
[T+489511459us][CH1-Dispenser] E1
[T+489511590us][CH2-Pc    ] E1
[T+489524590us][CH1-Dispenser] E0
[T+489524459us][CH2-Pc    ] E0
[T+489537588us][CH1-Dispenser] FB
[T+489537459us][CH2-Pc    ] FB
[T+489549459us][CH1-Dispenser] EE
[T+489549586us][CH2-Pc    ] EE
[T+489562458us][CH2-Pc    ] F0
[T+489591459us][CH1-Dispenser] F0 BA B0 B3 B2 B0 B1 B0 B0 B0 B0 B1 B1 B1 B1 B1 C1 C1 8D 8A
[T+489662459us][CH2-Pc    ] 03
[T+489669458us][CH1-Dispenser] 03 63
[T+489740458us][CH2-Pc    ] 04
[T+489750459us][CH1-Dispenser] 04 64
[T+489818459us][CH1-Dispenser] 05
[T+489818594us][CH2-Pc    ] 05
[T+489993592us][CH1-Dispenser] 06
[T+489993459us][CH2-Pc    ] 06
[T+490167459us][CH2-Pc    ] 01
[T+490174145us][CH1-Dispenser] 01 61
[T+490246458us][CH2-Pc    ] 02
[T+490255484us][CH1-Dispenser] 02 72
[T+490291484us][CH2-Pc    ] 22
[T+490300459us][CH1-Dispenser] 22 D2
[T+490312459us][CH1-Dispenser] FF
[T+490313459us][CH2-Pc    ] FF
[T+490325585us][CH1-Dispenser] E9
[T+490325459us][CH2-Pc    ] E9
[T+490338591us][CH1-Dispenser] FE
[T+490338459us][CH2-Pc    ] FE
[T+490351591us][CH1-Dispenser] E0
[T+490351459us][CH2-Pc    ] E0
[T+490364598us][CH1-Dispenser] E1
[T+490364462us][CH2-Pc    ] E1
[T+490376591us][CH1-Dispenser] E0
[T+490376459us][CH2-Pc    ] E0
[T+490389591us][CH1-Dispenser] FB
[T+490389459us][CH2-Pc    ] FB
[T+490402599us][CH1-Dispenser] EE
[T+490402463us][CH2-Pc    ] EE
[T+490414485us][CH2-Pc    ] F0
[T+490444483us][CH1-Dispenser] F0 BA B0 B3 B2 B0 B1 B0 B0 B0 B0 B1 B1 B1 B1 B1 C1 C1 8D 8A
[T+490517458us][CH2-Pc    ] 03
[T+490523622us][CH1-Dispenser] 03 63
[T+490595483us][CH2-Pc    ] 04
[T+490604499us][CH1-Dispenser] 04 64
[T+490674459us][CH1-Dispenser] 05
[T+490674591us][CH2-Pc    ] 05
[T+490848459us][CH1-Dispenser] 06
[T+490848590us][CH2-Pc    ] 06
[T+491023458us][CH2-Pc    ] 01
[T+491029483us][CH1-Dispenser] 01 61
[T+491101483us][CH2-Pc    ] 02
[T+491109459us][CH1-Dispenser] 02 72
[T+491129458us][CH2-Pc    ] 22
[T+491136961us][CH1-Dispenser] 22 D2
[T+491150593us][CH1-Dispenser] FF
[T+491150459us][CH2-Pc    ] FF
[T+491163460us][CH1-Dispenser] E9
[T+491162458us][CH2-Pc    ] E9
[T+491175685us][CH1-Dispenser] FE
[T+491175548us][CH2-Pc    ] FE
[T+491191436us][CH1-Dispenser] E0
[T+491191457us][CH2-Pc    ] E0
[T+491201777us][CH2-Pc    ] E1
[T+491201917us][CH1-Dispenser] E1
[T+491213602us][CH1-Dispenser] E0
[T+491213462us][CH2-Pc    ] E0
[T+491226591us][CH1-Dispenser] FB
[T+491226459us][CH2-Pc    ] FB
[T+491239592us][CH1-Dispenser] EE
[T+491239460us][CH2-Pc    ] EE
[T+491257500us][CH2-Pc    ] F0
[T+491283458us][CH1-Dispenser] F0 BA B0 B3 B2 B0 B1 B0 B0 B0 B0 B1 B1 B1 B1 B1 C1 C1 8D 8A
[T+491354458us][CH2-Pc    ] 03
[T+491362844us][CH1-Dispenser] 03 63
[T+491432678us][CH2-Pc    ] 04
[T+491438499us][CH1-Dispenser] 04 64
[T+491510608us][CH1-Dispenser] 05
[T+491510467us][CH2-Pc    ] 05
[T+491687608us][CH1-Dispenser] 06
[T+491687467us][CH2-Pc    ] 06
[T+491849458us][CH2-Pc    ] 01
[T+491856198us][CH1-Dispenser] 01 61
[T+491936483us][CH2-Pc    ] 02
[T+491945484us][CH1-Dispenser] 02 72
[T+491965458us][CH2-Pc    ] 22
[T+491973078us][CH1-Dispenser] 22 D2
[T+491985593us][CH1-Dispenser] FF
[T+491985459us][CH2-Pc    ] FF
[T+491997532us][CH1-Dispenser] E9
[T+491997669us][CH2-Pc    ] E9
[T+492010591us][CH1-Dispenser] FE
[T+492010459us][CH2-Pc    ] FE
[T+492023602us][CH1-Dispenser] E0
[T+492023466us][CH2-Pc    ] E0
[T+492036601us][CH1-Dispenser] E1
[T+492036463us][CH2-Pc    ] E1
[T+492049603us][CH1-Dispenser] E0
[T+492049464us][CH2-Pc    ] E0
[T+492061596us][CH1-Dispenser] FB
[T+492061462us][CH2-Pc    ] FB
[T+492074598us][CH1-Dispenser] EE
[T+492074461us][CH2-Pc    ] EE
[T+492088458us][CH2-Pc    ] F0
[T+492118483us][CH1-Dispenser] F0 BA B0 B3 B2 B0 B1 B0 B0 B0 B0 B1 B1 B1 B1 B1 C1 C1 8D 8A
[T+492130483us][CH2-Pc    ] 22
[T+492136483us][CH1-Dispenser] 22 D2
[T+492152590us][CH1-Dispenser] FF
[T+492152459us][CH2-Pc    ] FF
[T+492165592us][CH1-Dispenser] E5
[T+492165460us][CH2-Pc    ] E5
[T+492178597us][CH1-Dispenser] F4
[T+492178460us][CH2-Pc    ] F4
[T+492191459us][CH1-Dispenser] F6
[T+492191588us][CH2-Pc    ] F6
[T+492203879us][CH1-Dispenser] E0
[T+492203741us][CH2-Pc    ] E0
[T+492216588us][CH1-Dispenser] F7
[T+492216459us][CH2-Pc    ] F7
[T+492229590us][CH1-Dispenser] E0
[T+492229459us][CH2-Pc    ] E0
[T+492242586us][CH1-Dispenser] E3
[T+492242459us][CH2-Pc    ] E3
[T+492254459us][CH1-Dispenser] E1
[T+492254588us][CH2-Pc    ] E1
[T+492267590us][CH1-Dispenser] E1
[T+492267459us][CH2-Pc    ] E1
[T+492288590us][CH1-Dispenser] FB
[T+492288459us][CH2-Pc    ] FB
[T+492310588us][CH1-Dispenser] EB
[T+492310459us][CH2-Pc    ] EB
[T+492323463us][CH1-Dispenser] F0
[T+492323597us][CH2-Pc    ] F0
[T+492440483us][CH2-Pc    ] 02
[T+492444459us][CH1-Dispenser] 02 72
[T+492456483us][CH2-Pc    ] 22
[T+492466459us][CH1-Dispenser] 22 D2
[T+492478591us][CH1-Dispenser] FF
[T+492478459us][CH2-Pc    ] FF
[T+492491589us][CH1-Dispenser] E5
[T+492491460us][CH2-Pc    ] E5
[T+492504592us][CH1-Dispenser] F2
[T+492504460us][CH2-Pc    ] F2
[T+492516590us][CH1-Dispenser] F8
[T+492516459us][CH2-Pc    ] F8
[T+492529589us][CH1-Dispenser] E0
[T+492529459us][CH2-Pc    ] E0
[T+492541595us][CH1-Dispenser] E0
[T+492541461us][CH2-Pc    ] E0
[T+492554590us][CH1-Dispenser] E0
[T+492554459us][CH2-Pc    ] E0
[T+492567591us][CH1-Dispenser] E0
[T+492567459us][CH2-Pc    ] E0
[T+492579590us][CH1-Dispenser] E0
[T+492579460us][CH2-Pc    ] E0
[T+492592590us][CH1-Dispenser] E0
[T+492592459us][CH2-Pc    ] E0
[T+492605591us][CH1-Dispenser] FB
[T+492605459us][CH2-Pc    ] FB
[T+492618606us][CH1-Dispenser] E7
[T+492618466us][CH2-Pc    ] E7
[T+492630462us][CH1-Dispenser] F0
[T+492631459us][CH2-Pc    ] F0
[T+492719458us][CH2-Pc    ] 02
[T+492725520us][CH1-Dispenser] 02 72
[T+492741594us][CH1-Dispenser] 12
[T+492741459us][CH2-Pc    ] 12
[T+492828483us][CH2-Pc    ] 02
[T+492836075us][CH1-Dispenser] 02 92
[T+492906458us][CH2-Pc    ] 03
[T+492914465us][CH1-Dispenser] 03 63
[T+492984458us][CH2-Pc    ] 04
[T+492993499us][CH1-Dispenser] 04 64
[T+493062460us][CH1-Dispenser] 05
[T+493062590us][CH2-Pc    ] 05
[T+493248459us][CH1-Dispenser] 06
[T+493248595us][CH2-Pc    ] 06
[T+493412458us][CH2-Pc    ] 01
[T+493421101us][CH1-Dispenser] 01 61
[T+493490458us][CH2-Pc    ] 02
[T+493494458us][CH1-Dispenser] 02 92
[T+494068458us][CH2-Pc    ] 03
[T+494074483us][CH1-Dispenser] 03 63
[T+494146483us][CH2-Pc    ] 04
[T+494153458us][CH1-Dispenser] 04 64
[T+494225590us][CH1-Dispenser] 05
[T+494225459us][CH2-Pc    ] 05
[T+494400459us][CH1-Dispenser] 06
[T+494400590us][CH2-Pc    ] 06
[T+494579458us][CH1-Dispenser] 01 61
[T+494575458us][CH2-Pc    ] 01
[T+494653458us][CH2-Pc    ] 02
[T+494661156us][CH1-Dispenser] 02 92
[T+494680458us][CH2-Pc    ] 62
[T+494691458us][CH1-Dispenser] 62 E0 E0 E0 E0 E0 E0
[T+494758459us][CH2-Pc    ] 03
[T+494763459us][CH1-Dispenser] 03 63
[T+494826459us][CH2-Pc    ] 04
[T+494833565us][CH1-Dispenser] 04 64
[T+494904590us][CH1-Dispenser] 05
[T+494904459us][CH2-Pc    ] 05
[T+495070460us][CH1-Dispenser] 06
[T+495070596us][CH2-Pc    ] 06
[T+495244483us][CH2-Pc    ] 01
[T+495250483us][CH1-Dispenser] 01 61
[T+495323459us][CH2-Pc    ] 02
[T+495330141us][CH1-Dispenser] 02 92
[T+495350484us][CH2-Pc    ] 62
[T+495364458us][CH1-Dispenser] 62 E0 E0 E0 E0 E0 E0
[T+495429458us][CH2-Pc    ] 03
[T+495440460us][CH1-Dispenser] 03 63
[T+495507458us][CH2-Pc    ] 04
[T+495514459us][CH1-Dispenser] 04 64
[T+495585590us][CH1-Dispenser] 05
[T+495585460us][CH2-Pc    ] 05
[T+495753459us][CH1-Dispenser] 06
[T+495754458us][CH2-Pc    ] 06
[T+495929458us][CH2-Pc    ] 01
[T+495935483us][CH1-Dispenser] 01 61
[T+496008458us][CH2-Pc    ] 02
[T+496014499us][CH1-Dispenser] 02 92
[T+496034459us][CH2-Pc    ] 62
[T+496047458us][CH1-Dispenser] 62 E0 E0 E0 E0 E0 E0
[T+496113483us][CH2-Pc    ] 03
[T+496119500us][CH1-Dispenser] 03 63
[T+496191483us][CH2-Pc    ] 04
[T+496198459us][CH1-Dispenser] 04 64
[T+496269459us][CH1-Dispenser] 05
[T+496269593us][CH2-Pc    ] 05
[T+496445592us][CH1-Dispenser] 06
[T+496445459us][CH2-Pc    ] 06
[T+496620458us][CH2-Pc    ] 01
[T+496624459us][CH1-Dispenser] 01 61
[T+496698458us][CH2-Pc    ] 02
[T+496705458us][CH1-Dispenser] 02 92
[T+496725458us][CH2-Pc    ] 62
[T+496736458us][CH1-Dispenser] 62 E8 E5 E1 E0 E0 E0
[T+496805484us][CH2-Pc    ] 03
[T+496814082us][CH1-Dispenser] 03 63
[T+496883458us][CH2-Pc    ] 04
[T+496889499us][CH1-Dispenser] 04 64
[T+496962591us][CH1-Dispenser] 05
[T+496962459us][CH2-Pc    ] 05
[T+497137590us][CH1-Dispenser] 06
[T+497137459us][CH2-Pc    ] 06
[T+497302484us][CH2-Pc    ] 01
[T+497313458us][CH1-Dispenser] 01 61
[T+497380459us][CH2-Pc    ] 02
[T+497385459us][CH1-Dispenser] 02 92
[T+497409483us][CH2-Pc    ] 62
[T+497422458us][CH1-Dispenser] 62 E9 E3 E3 E0 E0 E0
[T+497487458us][CH2-Pc    ] 03
[T+497494459us][CH1-Dispenser] 03 63
[T+497565458us][CH2-Pc    ] 04
[T+497575458us][CH1-Dispenser] 04 64
[T+497643590us][CH1-Dispenser] 05
[T+497643459us][CH2-Pc    ] 05
[T+497818460us][CH1-Dispenser] 06
[T+497818592us][CH2-Pc    ] 06
[T+497991458us][CH2-Pc    ] 01
[T+498000499us][CH1-Dispenser] 01 61
[T+498070459us][CH2-Pc    ] 02
[T+498074494us][CH1-Dispenser] 02 92
[T+498097459us][CH2-Pc    ] 62
[T+498112483us][CH1-Dispenser] 62 E0 E2 E5 E0 E0 E0
[T+498176458us][CH2-Pc    ] 03
[T+498184462us][CH1-Dispenser] 03 63
[T+498254458us][CH2-Pc    ] 04
[T+498263515us][CH1-Dispenser] 04 64
[T+498327459us][CH1-Dispenser] 05
[T+498327593us][CH2-Pc    ] 05
[T+498503460us][CH1-Dispenser] 06
[T+498503591us][CH2-Pc    ] 06
[T+498679458us][CH2-Pc    ] 01
[T+498689459us][CH1-Dispenser] 01 61
[T+498757458us][CH2-Pc    ] 02
[T+498766484us][CH1-Dispenser] 02 92
[T+498785458us][CH2-Pc    ] 62
[T+498797496us][CH1-Dispenser] 62 E5 E1 E9 E0 E0 E0
[T+498865458us][CH2-Pc    ] 03
[T+498875085us][CH1-Dispenser] 03 63
[T+498943483us][CH2-Pc    ] 04
[T+498948466us][CH1-Dispenser] 04 64
[T+499022460us][CH1-Dispenser] 05
[T+499022590us][CH2-Pc    ] 05
[T+499197592us][CH1-Dispenser] 06
[T+499197459us][CH2-Pc    ] 06
[T+499363458us][CH2-Pc    ] 01
[T+499371460us][CH1-Dispenser] 01 61
[T+499441458us][CH2-Pc    ] 02
[T+499450484us][CH1-Dispenser] 02 92
[T+499469458us][CH2-Pc    ] 62
[T+499483458us][CH1-Dispenser] 62 E1 E1 E3 E1 E0 E0
[T+499547458us][CH2-Pc    ] 03
[T+499555064us][CH1-Dispenser] 03 63
[T+499625459us][CH2-Pc    ] 04
[T+499633515us][CH1-Dispenser] 04 64
[T+499703460us][CH1-Dispenser] 05
[T+499703593us][CH2-Pc    ] 05
[T+499878590us][CH1-Dispenser] 06
[T+499878459us][CH2-Pc    ] 06
[T+500054458us][CH2-Pc    ] 01
[T+500063114us][CH1-Dispenser] 01 61
[T+500132458us][CH2-Pc    ] 02
[T+500142458us][CH1-Dispenser] 02 92
[T+500160483us][CH2-Pc    ] 62
[T+500172483us][CH1-Dispenser] 62 E9 E2 E7 E1 E0 E0
[T+500238483us][CH2-Pc    ] 03
[T+500247133us][CH1-Dispenser] 03 63
[T+500317458us][CH2-Pc    ] 04
[T+500326499us][CH1-Dispenser] 04 64
[T+500395594us][CH1-Dispenser] 05
[T+500395459us][CH2-Pc    ] 05
[T+500572591us][CH1-Dispenser] 06
[T+500572460us][CH2-Pc    ] 06
[T+500749484us][CH2-Pc    ] 01
[T+500757097us][CH1-Dispenser] 01 61
[T+500826458us][CH2-Pc    ] 02
[T+500835499us][CH1-Dispenser] 02 92
[T+500854459us][CH2-Pc    ] 62
[T+500866484us][CH1-Dispenser] 62 E0 E7 E1 E2 E0 E0
[T+500932484us][CH2-Pc    ] 03
[T+500939458us][CH1-Dispenser] 03 63
[T+501010458us][CH2-Pc    ] 04
[T+501018458us][CH1-Dispenser] 04 64
[T+501088593us][CH1-Dispenser] 05
[T+501088459us][CH2-Pc    ] 05
[T+501253595us][CH1-Dispenser] 06
[T+501253460us][CH2-Pc    ] 06
[T+501428458us][CH2-Pc    ] 01
[T+501436466us][CH1-Dispenser] 01 61
[T+501506459us][CH2-Pc    ] 02
[T+501515495us][CH1-Dispenser] 02 92
[T+501533484us][CH2-Pc    ] 62
[T+501546458us][CH1-Dispenser] 62 E6 E7 E5 E2 E0 E0
[T+501612484us][CH2-Pc    ] 03
[T+501618558us][CH1-Dispenser] 03 63
[T+501692459us][CH2-Pc    ] 04
[T+501701495us][CH1-Dispenser] 04 64
[T+501770460us][CH1-Dispenser] 05
[T+501770590us][CH2-Pc    ] 05
[T+501945590us][CH1-Dispenser] 06
[T+501945460us][CH2-Pc    ] 06
[T+502120458us][CH2-Pc    ] 01
[T+502125466us][CH1-Dispenser] 01 61
[T+502188483us][CH2-Pc    ] 02
[T+502195459us][CH1-Dispenser] 02 92
[T+502216483us][CH2-Pc    ] 62
[T+502226465us][CH1-Dispenser] 62 E7 E1 E0 E3 E0 E0
[T+502293458us][CH2-Pc    ] 03
[T+502300459us][CH1-Dispenser] 03 63
[T+502371458us][CH2-Pc    ] 04
[T+502379467us][CH1-Dispenser] 04 64
[T+502449459us][CH1-Dispenser] 05
[T+502449592us][CH2-Pc    ] 05
[T+502614460us][CH1-Dispenser] 06
[T+502614591us][CH2-Pc    ] 06
[T+502791485us][CH2-Pc    ] 01
[T+502801458us][CH1-Dispenser] 01 61
[T+502869465us][CH2-Pc    ] 02
[T+502875483us][CH1-Dispenser] 02 92
[T+502897593us][CH1-Dispenser] 62
[T+502897459us][CH2-Pc    ] 62
[T+502915483us][CH1-Dispenser] E8 E5 E4 E3 E0 E0
[T+502987483us][CH2-Pc    ] 03
[T+502993500us][CH1-Dispenser] 03 63
[T+503066458us][CH2-Pc    ] 04
[T+503077118us][CH1-Dispenser] 04 64
[T+503144593us][CH1-Dispenser] 05
[T+503144459us][CH2-Pc    ] 05
[T+503321459us][CH1-Dispenser] 06
[T+503321593us][CH2-Pc    ] 06
[T+503496458us][CH2-Pc    ] 01
[T+503501466us][CH1-Dispenser] 01 61
[T+503573483us][CH2-Pc    ] 02
[T+503580458us][CH1-Dispenser] 02 92
[T+503601483us][CH2-Pc    ] 62
[T+503611962us][CH1-Dispenser] 62 E1 E2 E9 E3 E0 E0
[T+503682458us][CH2-Pc    ] 03
[T+503689458us][CH1-Dispenser] 03 63
[T+503760458us][CH2-Pc    ] 04
[T+503770927us][CH1-Dispenser] 04 64
[T+503838459us][CH1-Dispenser] 05
[T+503838594us][CH2-Pc    ] 05
[T+504013460us][CH1-Dispenser] 06
[T+504013590us][CH2-Pc    ] 06
[T+504175577us][CH2-Pc    ] 01
[T+504180466us][CH1-Dispenser] 01 61
[T+504253458us][CH2-Pc    ] 02
[T+504260459us][CH1-Dispenser] 02 92
[T+504280458us][CH2-Pc    ] 62
[T+504293459us][CH1-Dispenser] 62 E7 E0 E4 E4 E0 E0
[T+504359484us][CH2-Pc    ] 03
[T+504364459us][CH1-Dispenser] 03 63
[T+504456459us][CH2-Pc    ] 04
[T+504465498us][CH1-Dispenser] 04 64
[T+504544459us][CH1-Dispenser] 05
[T+504544590us][CH2-Pc    ] 05
[T+504707592us][CH1-Dispenser] 06
[T+504707459us][CH2-Pc    ] 06
[T+504882459us][CH2-Pc    ] 01
[T+504891495us][CH1-Dispenser] 01 61
[T+504965458us][CH2-Pc    ] 02
[T+504971079us][CH1-Dispenser] 02 92
[T+504991483us][CH2-Pc    ] 62
[T+505007459us][CH1-Dispenser] 62 E4 E0 E9 E4 E0 E0
[T+505081458us][CH2-Pc    ] 03
[T+505091459us][CH1-Dispenser] 03 63
[T+505159458us][CH2-Pc    ] 04
[T+505164458us][CH1-Dispenser] 04 64
[T+505228459us][CH1-Dispenser] 05
[T+505228591us][CH2-Pc    ] 05
[T+505402458us][CH1-Dispenser] 06
[T+505403458us][CH2-Pc    ] 06
[T+505568458us][CH2-Pc    ] 01
[T+505576459us][CH1-Dispenser] 01 61
[T+505646458us][CH2-Pc    ] 02
[T+505651107us][CH1-Dispenser] 02 92
[T+505673458us][CH2-Pc    ] 62
[T+505688483us][CH1-Dispenser] 62 E8 E6 E3 E5 E0 E0
[T+505763484us][CH2-Pc    ] 03
[T+505770458us][CH1-Dispenser] 03 63
[T+505845484us][CH2-Pc    ] 04
[T+505855458us][CH1-Dispenser] 04 64
[T+505923596us][CH1-Dispenser] 05
[T+505923462us][CH2-Pc    ] 05
[T+506098459us][CH1-Dispenser] 06
[T+506098593us][CH2-Pc    ] 06
[T+506273458us][CH2-Pc    ] 01
[T+506280458us][CH1-Dispenser] 01 61
[T+506355458us][CH1-Dispenser] 02 92
[T+506351458us][CH2-Pc    ] 02
[T+506379483us][CH2-Pc    ] 62
[T+506394483us][CH1-Dispenser] 62 E5 E6 E8 E5 E0 E0
[T+506459458us][CH2-Pc    ] 03
[T+506464466us][CH1-Dispenser] 03 63
[T+506526458us][CH2-Pc    ] 04
[T+506536458us][CH1-Dispenser] 04 64
[T+506605591us][CH1-Dispenser] 05
[T+506605459us][CH2-Pc    ] 05
[T+506769459us][CH1-Dispenser] 06
[T+506769592us][CH2-Pc    ] 06
[T+506943483us][CH2-Pc    ] 01
[T+506952499us][CH1-Dispenser] 01 61
[T+507022591us][CH1-Dispenser] 02
[T+507022459us][CH2-Pc    ] 02
[T+507034483us][CH1-Dispenser] 92
[T+507049484us][CH2-Pc    ] 62
[T+507063458us][CH1-Dispenser] 62 E8 E2 E3 E6 E0 E0
[T+507127459us][CH2-Pc    ] 03
[T+507136483us][CH1-Dispenser] 03 63
[T+507205483us][CH2-Pc    ] 04
[T+507213463us][CH1-Dispenser] 04 64
[T+507284590us][CH1-Dispenser] 05
[T+507284460us][CH2-Pc    ] 05
[T+507458592us][CH1-Dispenser] 06
[T+507458459us][CH2-Pc    ] 06
[T+507633458us][CH2-Pc    ] 01
[T+507642094us][CH1-Dispenser] 01 61
[T+507711458us][CH2-Pc    ] 02
[T+507715458us][CH1-Dispenser] 02 92
[T+507728458us][CH2-Pc    ] 62
[T+507743464us][CH1-Dispenser] 62 E8 E4 E8 E6 E0 E0
[T+507808458us][CH2-Pc    ] 03
[T+507814094us][CH1-Dispenser] 03 63
[T+507886458us][CH2-Pc    ] 04
[T+507894458us][CH1-Dispenser] 04 64
[T+507964460us][CH1-Dispenser] 05
[T+507964590us][CH2-Pc    ] 05
[T+508128591us][CH1-Dispenser] 06
[T+508128459us][CH2-Pc    ] 06
[T+508304458us][CH2-Pc    ] 01
[T+508310483us][CH1-Dispenser] 01 61
[T+508382591us][CH1-Dispenser] 02
[T+508382459us][CH2-Pc    ] 02
[T+508393458us][CH1-Dispenser] 92
[T+508410459us][CH2-Pc    ] 62
[T+508422483us][CH1-Dispenser] 62 E2 E2 E3 E7 E0 E0
[T+508488483us][CH2-Pc    ] 03
[T+508494499us][CH1-Dispenser] 03 63
[T+508566483us][CH2-Pc    ] 04
[T+508575483us][CH1-Dispenser] 04 64
[T+508645738us][CH1-Dispenser] 05
[T+508645607us][CH2-Pc    ] 05
[T+508838593us][CH1-Dispenser] 06
[T+508838459us][CH2-Pc    ] 06
[T+509015484us][CH2-Pc    ] 01
[T+509022144us][CH1-Dispenser] 01 61
[T+509094483us][CH2-Pc    ] 02
[T+509100499us][CH1-Dispenser] 02 92
[T+509121493us][CH2-Pc    ] 62
[T+509133483us][CH1-Dispenser] 62 E2 E4 E8 E7 E0 E0
[T+509200458us][CH2-Pc    ] 03
[T+509212459us][CH1-Dispenser] 03 63
[T+509279458us][CH2-Pc    ] 04
[T+509283459us][CH1-Dispenser] 04 64
[T+509357459us][CH1-Dispenser] 05
[T+509357590us][CH2-Pc    ] 05
[T+509521459us][CH1-Dispenser] 06
[T+509521590us][CH2-Pc    ] 06
[T+509698483us][CH2-Pc    ] 01
[T+509708458us][CH1-Dispenser] 01 61
[T+509777483us][CH2-Pc    ] 02
[T+509787458us][CH1-Dispenser] 02 92
[T+509804459us][CH2-Pc    ] 62
[T+509818458us][CH1-Dispenser] 62 E2 E6 E3 E8 E0 E0
[T+509883458us][CH2-Pc    ] 03
[T+509889499us][CH1-Dispenser] 03 63
[T+509961483us][CH2-Pc    ] 04
[T+509970499us][CH1-Dispenser] 04 64
[T+510040591us][CH1-Dispenser] 05
[T+510040459us][CH2-Pc    ] 05
[T+510215459us][CH1-Dispenser] 06
[T+510215596us][CH2-Pc    ] 06
[T+510379459us][CH2-Pc    ] 01
[T+510386458us][CH1-Dispenser] 01 61
[T+510457458us][CH2-Pc    ] 02
[T+510465463us][CH1-Dispenser] 02 92
[T+510485592us][CH1-Dispenser] 62
[T+510485459us][CH2-Pc    ] 62
[T+510504458us][CH1-Dispenser] E8 E4 E8 E8 E0 E0
[T+510575458us][CH2-Pc    ] 03
[T+510585458us][CH1-Dispenser] 03 63
[T+510656458us][CH2-Pc    ] 04
[T+510667458us][CH1-Dispenser] 04 64
[T+510735462us][CH1-Dispenser] 05
[T+510735594us][CH2-Pc    ] 05
[T+510909591us][CH1-Dispenser] 06
[T+510909460us][CH2-Pc    ] 06
[T+511081458us][CH2-Pc    ] 01
[T+511088459us][CH1-Dispenser] 01 61
[T+511159458us][CH2-Pc    ] 02
[T+511165483us][CH1-Dispenser] 02 92
[T+511188459us][CH2-Pc    ] 62
[T+511203483us][CH1-Dispenser] 62 E8 E6 E3 E9 E0 E0
[T+511277458us][CH2-Pc    ] 03
[T+511286459us][CH1-Dispenser] 03 63
[T+511355483us][CH2-Pc    ] 04
[T+511366046us][CH1-Dispenser] 04 64
[T+511432459us][CH1-Dispenser] 05
[T+511432591us][CH2-Pc    ] 05
[T+511599459us][CH1-Dispenser] 06
[T+511599590us][CH2-Pc    ] 06
[T+511774458us][CH2-Pc    ] 01
[T+511780499us][CH1-Dispenser] 01 61
[T+511853458us][CH2-Pc    ] 02
[T+511862263us][CH1-Dispenser] 02 92
[T+511880458us][CH2-Pc    ] 62
[T+511892497us][CH1-Dispenser] 62 E8 E8 E8 E9 E0 E0
[T+511959459us][CH2-Pc    ] 03
[T+511967057us][CH1-Dispenser] 03 63
[T+512037459us][CH2-Pc    ] 04
[T+512044458us][CH1-Dispenser] 04 64
[T+512148458us][CH1-Dispenser] 05
[T+512149459us][CH2-Pc    ] 05
[T+512323460us][CH1-Dispenser] 06
[T+512323593us][CH2-Pc    ] 06
[T+512488459us][CH2-Pc    ] 01
[T+512500483us][CH1-Dispenser] 01 61
[T+512568458us][CH2-Pc    ] 02
[T+512577499us][CH1-Dispenser] 02 92
[T+512596458us][CH2-Pc    ] 62
[T+512606458us][CH1-Dispenser] 62 E7 E0 E4 E0 E1 E0
[T+512675546us][CH2-Pc    ] 03
[T+512681266us][CH1-Dispenser] 03 63
[T+512753458us][CH2-Pc    ] 04
[T+512759581us][CH1-Dispenser] 04 64
[T+512831460us][CH1-Dispenser] 05
[T+512831590us][CH2-Pc    ] 05
[T+513007591us][CH1-Dispenser] 06
[T+513007459us][CH2-Pc    ] 06
[T+513205483us][CH2-Pc    ] 01
[T+513210466us][CH1-Dispenser] 01 61
[T+513283458us][CH2-Pc    ] 02
[T+513292067us][CH1-Dispenser] 02 92
[T+513311458us][CH2-Pc    ] 62
[T+513322463us][CH1-Dispenser] 62 E7 E2 E9 E0 E1 E0
[T+513391483us][CH2-Pc    ] 03
[T+513399697us][CH1-Dispenser] 03 63
[T+513469458us][CH2-Pc    ] 04
[T+513475483us][CH1-Dispenser] 04 64
[T+513547460us][CH1-Dispenser] 05
[T+513547591us][CH2-Pc    ] 05
[T+513724460us][CH1-Dispenser] 06
[T+513724592us][CH2-Pc    ] 06
[T+513901483us][CH2-Pc    ] 01
[T+513906458us][CH1-Dispenser] 01 61
[T+513978483us][CH2-Pc    ] 02
[T+513986078us][CH1-Dispenser] 02 92
[T+514006484us][CH2-Pc    ] 62
[T+514017459us][CH1-Dispenser] 62 E7 E4 E4 E1 E1 E0
[T+514084458us][CH2-Pc    ] 03
[T+514090069us][CH1-Dispenser] 03 63
[T+514162458us][CH2-Pc    ] 04
[T+514168966us][CH1-Dispenser] 04 64
[T+514240460us][CH1-Dispenser] 05
[T+514240592us][CH2-Pc    ] 05
[T+514411590us][CH1-Dispenser] 06
[T+514411459us][CH2-Pc    ] 06
[T+514585458us][CH2-Pc    ] 01
[T+514593106us][CH1-Dispenser] 01 61
[T+514663459us][CH2-Pc    ] 02
[T+514671544us][CH1-Dispenser] 02 92
[T+514690459us][CH2-Pc    ] 62
[T+514704458us][CH1-Dispenser] 62 E7 E6 E9 E1 E1 E0
[T+514769458us][CH2-Pc    ] 03
[T+514774466us][CH1-Dispenser] 03 63
[T+514837483us][CH2-Pc    ] 04
[T+514844459us][CH1-Dispenser] 04 64
[T+514915459us][CH1-Dispenser] 05
[T+514915593us][CH2-Pc    ] 05
[T+515083590us][CH1-Dispenser] 06
[T+515083459us][CH2-Pc    ] 06
[T+515257484us][CH2-Pc    ] 01
[T+515268458us][CH1-Dispenser] 01 61
[T+515335458us][CH2-Pc    ] 02
[T+515342459us][CH1-Dispenser] 02 92
[T+515366484us][CH2-Pc    ] 62
[T+515378483us][CH1-Dispenser] 62 E3 E5 E4 E2 E1 E0
[T+515459483us][CH2-Pc    ] 03
[T+515466459us][CH1-Dispenser] 03 63
[T+515537458us][CH2-Pc    ] 04
[T+515545466us][CH1-Dispenser] 04 64
[T+515615593us][CH1-Dispenser] 05
[T+515615459us][CH2-Pc    ] 05
[T+515790594us][CH1-Dispenser] 06
[T+515790460us][CH2-Pc    ] 06
[T+515965458us][CH2-Pc    ] 01
[T+515971499us][CH1-Dispenser] 01 61
[T+516043484us][CH2-Pc    ] 02
[T+516052483us][CH1-Dispenser] 02 92
[T+516083459us][CH2-Pc    ] 62
[T+516098484us][CH1-Dispenser] 62 E8 E1 E0 E3 E1 E0
[T+516161483us][CH2-Pc    ] 03
[T+516170490us][CH1-Dispenser] 03 63
[T+516239483us][CH2-Pc    ] 04
[T+516244466us][CH1-Dispenser] 04 64
[T+516317459us][CH1-Dispenser] 05
[T+516317590us][CH2-Pc    ] 05
[T+516492460us][CH1-Dispenser] 06
[T+516492594us][CH2-Pc    ] 06
[T+516667458us][CH2-Pc    ] 01
[T+516676562us][CH1-Dispenser] 01 61
[T+516746458us][CH2-Pc    ] 02
[T+516750459us][CH1-Dispenser] 02 92
[T+516764458us][CH2-Pc    ] 62
[T+516778459us][CH1-Dispenser] 62 E4 E0 E5 E3 E1 E0
[T+516842458us][CH2-Pc    ] 03
[T+516851064us][CH1-Dispenser] 03 63
[T+516920458us][CH2-Pc    ] 04
[T+516925630us][CH1-Dispenser] 04 64
[T+516998459us][CH1-Dispenser] 05
[T+516998591us][CH2-Pc    ] 05
[T+517185459us][CH1-Dispenser] 06
[T+517185595us][CH2-Pc    ] 06
[T+517349458us][CH2-Pc    ] 01
[T+517358490us][CH1-Dispenser] 01 61
[T+517427490us][CH2-Pc    ] 02
[T+517432466us][CH1-Dispenser] 02 92
[T+517454458us][CH2-Pc    ] 62
[T+517468459us][CH1-Dispenser] 62 E5 E3 E0 E4 E1 E0
[T+517533458us][CH2-Pc    ] 03
[T+517541098us][CH1-Dispenser] 03 63
[T+517611459us][CH2-Pc    ] 04
[T+517619458us][CH1-Dispenser] 04 64
[T+517689459us][CH1-Dispenser] 05
[T+517689590us][CH2-Pc    ] 05
[T+517865591us][CH1-Dispenser] 06
[T+517865459us][CH2-Pc    ] 06
[T+518041458us][CH2-Pc    ] 01
[T+518047483us][CH1-Dispenser] 01 61
[T+518119484us][CH2-Pc    ] 02
[T+518126514us][CH1-Dispenser] 02 92
[T+518146459us][CH2-Pc    ] 62
[T+518157459us][CH1-Dispenser] 62 E1 E2 E5 E4 E1 E0
[T+518226484us][CH2-Pc    ] 03
[T+518235499us][CH1-Dispenser] 03 63
[T+518305459us][CH2-Pc    ] 04
[T+518309458us][CH1-Dispenser] 04 64
[T+518373459us][CH1-Dispenser] 05
[T+518373592us][CH2-Pc    ] 05
[T+518536460us][CH1-Dispenser] 06
[T+518536594us][CH2-Pc    ] 06
[T+518711458us][CH2-Pc    ] 01
[T+518719088us][CH1-Dispenser] 01 61
[T+518789459us][CH2-Pc    ] 02
[T+518798034us][CH1-Dispenser] 02 92
[T+518817458us][CH2-Pc    ] 62
[T+518833458us][CH1-Dispenser] 62 E0 E4 E0 E5 E1 E0
[T+518908483us][CH2-Pc    ] 03
[T+518916459us][CH1-Dispenser] 03 63
[T+518986458us][CH2-Pc    ] 04
[T+518995483us][CH1-Dispenser] 04 64
[T+519065590us][CH1-Dispenser] 05
[T+519065459us][CH2-Pc    ] 05
[T+519240593us][CH1-Dispenser] 06
[T+519240460us][CH2-Pc    ] 06
[T+519415458us][CH2-Pc    ] 01
[T+519423466us][CH1-Dispenser] 01 61
[T+519493459us][CH2-Pc    ] 02
[T+519502495us][CH1-Dispenser] 02 92
[T+519520484us][CH2-Pc    ] 62
[T+519533458us][CH1-Dispenser] 62 E0 E6 E5 E5 E1 E0
[T+519600458us][CH2-Pc    ] 03
[T+519605458us][CH1-Dispenser] 03 63
[T+519678458us][CH2-Pc    ] 04
[T+519686492us][CH1-Dispenser] 04 64
[T+519756459us][CH1-Dispenser] 05
[T+519756590us][CH2-Pc    ] 05
[T+519932465us][CH1-Dispenser] 06
[T+519933460us][CH2-Pc    ] 06
[T+520099458us][CH2-Pc    ] 01
[T+520107111us][CH1-Dispenser] 01 61
[T+520177459us][CH2-Pc    ] 02
[T+520182459us][CH1-Dispenser] 02 92
[T+520205458us][CH2-Pc    ] 62
[T+520219458us][CH1-Dispenser] 62 E6 E4 E0 E6 E1 E0
[T+520284458us][CH2-Pc    ] 03
[T+520291459us][CH1-Dispenser] 03 63
[T+520362459us][CH2-Pc    ] 04
[T+520370466us][CH1-Dispenser] 04 64
[T+520442588us][CH1-Dispenser] 05
[T+520442459us][CH2-Pc    ] 05
[T+520617592us][CH1-Dispenser] 06
[T+520617459us][CH2-Pc    ] 06
[T+520792458us][CH2-Pc    ] 01
[T+520801484us][CH1-Dispenser] 01 61
[T+520871458us][CH2-Pc    ] 02
[T+520879104us][CH1-Dispenser] 02 92
[T+520897458us][CH2-Pc    ] 62
[T+520913458us][CH1-Dispenser] 62 E8 E8 E5 E6 E1 E0
[T+520987458us][CH2-Pc    ] 03
[T+520996483us][CH1-Dispenser] 03 63
[T+521064458us][CH2-Pc    ] 04
[T+521070057us][CH1-Dispenser] 04 64
[T+521142459us][CH1-Dispenser] 05
[T+521142590us][CH2-Pc    ] 05
[T+521317459us][CH1-Dispenser] 06
[T+521317594us][CH2-Pc    ] 06
[T+521495458us][CH2-Pc    ] 01
[T+521503014us][CH1-Dispenser] 01 61
[T+521573458us][CH2-Pc    ] 02
[T+521583458us][CH1-Dispenser] 02 92
[T+521603459us][CH2-Pc    ] 62
[T+521618483us][CH1-Dispenser] 62 E8 E0 E1 E7 E1 E0
[T+521683458us][CH2-Pc    ] 03
[T+521692242us][CH1-Dispenser] 03 63
[T+521761458us][CH2-Pc    ] 04
[T+521765458us][CH1-Dispenser] 04 64
[T+521828590us][CH1-Dispenser] 05
[T+521828459us][CH2-Pc    ] 05
[T+522004595us][CH1-Dispenser] 06
[T+522004460us][CH2-Pc    ] 06
[T+522179459us][CH2-Pc    ] 01
[T+522188483us][CH1-Dispenser] 01 61
[T+522258458us][CH2-Pc    ] 02
[T+522267484us][CH1-Dispenser] 02 92
[T+522285483us][CH2-Pc    ] 62
[T+522300483us][CH1-Dispenser] 62 E5 E0 E6 E7 E1 E0
[T+522363483us][CH2-Pc    ] 03
[T+522374458us][CH1-Dispenser] 03 63
[T+522441889us][CH2-Pc    ] 04
[T+522452499us][CH1-Dispenser] 04 64
[T+522519459us][CH1-Dispenser] 05
[T+522519592us][CH2-Pc    ] 05
[T+522695590us][CH1-Dispenser] 06
[T+522695460us][CH2-Pc    ] 06
[T+522870459us][CH2-Pc    ] 01
[T+522877458us][CH1-Dispenser] 01 61
[T+522952483us][CH2-Pc    ] 02
[T+522957459us][CH1-Dispenser] 02 92
[T+522981121us][CH2-Pc    ] 62
[T+522992484us][CH1-Dispenser] 62 E4 E1 E1 E8 E1 E0
[T+523058483us][CH2-Pc    ] 03
[T+523065106us][CH1-Dispenser] 03 63
[T+523155483us][CH2-Pc    ] 04
[T+523160114us][CH1-Dispenser] 04 64
[T+523224100us][CH1-Dispenser] 05
[T+523223961us][CH2-Pc    ] 05
[T+523397459us][CH1-Dispenser] 06
[T+523397591us][CH2-Pc    ] 06
[T+523573458us][CH2-Pc    ] 01
[T+523582499us][CH1-Dispenser] 01 61
[T+523653458us][CH2-Pc    ] 02
[T+523663458us][CH1-Dispenser] 02 92
[T+523679458us][CH2-Pc    ] 62
[T+523696458us][CH1-Dispenser] 62 E1 E1 E6 E8 E1 E0
[T+523769458us][CH2-Pc    ] 03
[T+523774458us][CH1-Dispenser] 03 63
[T+523847458us][CH2-Pc    ] 04
[T+523855466us][CH1-Dispenser] 04 64
[T+523926461us][CH1-Dispenser] 05
[T+523926591us][CH2-Pc    ] 05
[T+524101459us][CH1-Dispenser] 06
[T+524101590us][CH2-Pc    ] 06
[T+524278483us][CH2-Pc    ] 01
[T+524289459us][CH1-Dispenser] 01 61
[T+524355594us][CH2-Pc    ] 02
[T+524362459us][CH1-Dispenser] 02 92
[T+524385458us][CH2-Pc    ] 62
[T+524399458us][CH1-Dispenser] 62 E0 E2 E1 E9 E1 E0
[T+524465483us][CH2-Pc    ] 03
[T+524471483us][CH1-Dispenser] 03 63
[T+524543483us][CH2-Pc    ] 04
[T+524551458us][CH1-Dispenser] 04 64
[T+524621589us][CH1-Dispenser] 05
[T+524621459us][CH2-Pc    ] 05
[T+524786459us][CH1-Dispenser] 06
[T+524786591us][CH2-Pc    ] 06
[T+524962458us][CH2-Pc    ] 01
[T+524967458us][CH1-Dispenser] 01 61
[T+525040458us][CH2-Pc    ] 02
[T+525049078us][CH1-Dispenser] 02 92
[T+525067458us][CH2-Pc    ] 62
[T+525081201us][CH1-Dispenser] 62 E3 E9 E4 E9 E1 E0
[T+525145465us][CH2-Pc    ] 03
[T+525151483us][CH1-Dispenser] 03 63
[T+525224458us][CH2-Pc    ] 04
[T+525230617us][CH1-Dispenser] 04 64
[T+525304460us][CH1-Dispenser] 05
[T+525304590us][CH2-Pc    ] 05
[T+525478594us][CH1-Dispenser] 06
[T+525478460us][CH2-Pc    ] 06
[T+525653458us][CH2-Pc    ] 01
[T+525663458us][CH1-Dispenser] 01 61
[T+525731458us][CH2-Pc    ] 02
[T+525736458us][CH1-Dispenser] 02 92
[T+525759458us][CH2-Pc    ] 62
[T+525773458us][CH1-Dispenser] 62 E3 E9 E4 E9 E1 E0
[T+525839483us][CH2-Pc    ] 03
[T+525844466us][CH1-Dispenser] 03 63
[T+525917458us][CH2-Pc    ] 04
[T+525926420us][CH1-Dispenser] 04 64
[T+525995594us][CH1-Dispenser] 05
[T+525995459us][CH2-Pc    ] 05
[T+526159460us][CH1-Dispenser] 06
[T+526159593us][CH2-Pc    ] 06
[T+526334458us][CH2-Pc    ] 01
[T+526343499us][CH1-Dispenser] 01 61
[T+526415484us][CH2-Pc    ] 02
[T+526424499us][CH1-Dispenser] 02 92
[T+526442483us][CH2-Pc    ] 62
[T+526453458us][CH1-Dispenser] 62 E3 E9 E4 E9 E1 E0
[T+526521459us][CH2-Pc    ] 03
[T+526531458us][CH1-Dispenser] 03 63
[T+526599458us][CH2-Pc    ] 04
[T+526607459us][CH1-Dispenser] 04 64
[T+526678459us][CH1-Dispenser] 05
[T+526678593us][CH2-Pc    ] 05
[T+526853459us][CH1-Dispenser] 06
[T+526853591us][CH2-Pc    ] 06
[T+527028458us][CH2-Pc    ] 01
[T+527039459us][CH1-Dispenser] 01 61
[T+527106459us][CH2-Pc    ] 02
[T+527113458us][CH1-Dispenser] 02 92
[T+527136458us][CH2-Pc    ] 62
[T+527149459us][CH1-Dispenser] 62 E3 E9 E4 E9 E1 E0
[T+527214458us][CH2-Pc    ] 03
[T+527222183us][CH1-Dispenser] 03 63
[T+527293483us][CH2-Pc    ] 04
[T+527300977us][CH1-Dispenser] 04 64
[T+527371459us][CH1-Dispenser] 05
[T+527371590us][CH2-Pc    ] 05
[T+527536594us][CH1-Dispenser] 06
[T+527536459us][CH2-Pc    ] 06
[T+527713483us][CH2-Pc    ] 01
[T+527722495us][CH1-Dispenser] 01 61
[T+527791483us][CH2-Pc    ] 02
[T+527797087us][CH1-Dispenser] 02 92
[T+527818458us][CH2-Pc    ] 62
[T+527834458us][CH1-Dispenser] 62 E3 E9 E4 E9 E1 E0
[T+527907458us][CH2-Pc    ] 03
[T+527916073us][CH1-Dispenser] 03 63
[T+527986459us][CH2-Pc    ] 04
[T+527990458us][CH1-Dispenser] 04 64
[T+528053459us][CH1-Dispenser] 05
[T+528053591us][CH2-Pc    ] 05
[T+528228460us][CH1-Dispenser] 06
[T+528228591us][CH2-Pc    ] 06
[T+528395458us][CH2-Pc    ] 01
[T+528402459us][CH1-Dispenser] 01 61
[T+528471483us][CH2-Pc    ] 02
[T+528478459us][CH1-Dispenser] 02 92
[T+528499483us][CH2-Pc    ] 62
[T+528514484us][CH1-Dispenser] 62 E3 E9 E4 E9 E1 E0
[T+528588459us][CH2-Pc    ] 03
[T+528596458us][CH1-Dispenser] 03 63
[T+528666458us][CH2-Pc    ] 04
[T+528672103us][CH1-Dispenser] 04 64
[T+528744590us][CH1-Dispenser] 05
[T+528744459us][CH2-Pc    ] 05
[T+528919459us][CH1-Dispenser] 06
[T+528919594us][CH2-Pc    ] 06
[T+529084458us][CH2-Pc    ] 01
[T+529093484us][CH1-Dispenser] 01 61
[T+529162483us][CH2-Pc    ] 02
[T+529167459us][CH1-Dispenser] 02 92
[T+529189458us][CH2-Pc    ] 62
[T+529205458us][CH1-Dispenser] 62 E9 E4 E5 E9 E1 E0
[T+529279458us][CH2-Pc    ] 03
[T+529287148us][CH1-Dispenser] 03 63
[T+529357458us][CH2-Pc    ] 04
[T+529365465us][CH1-Dispenser] 04 64
[T+529435588us][CH1-Dispenser] 05
[T+529435459us][CH2-Pc    ] 05
[T+529621459us][CH1-Dispenser] 06
[T+529621590us][CH2-Pc    ] 06
[T+529785458us][CH2-Pc    ] 01
[T+529794101us][CH1-Dispenser] 01 61
[T+529863458us][CH2-Pc    ] 02
[T+529872500us][CH1-Dispenser] 02 92
[T+529890483us][CH2-Pc    ] 62
[T+529903458us][CH1-Dispenser] 62 E9 E3 E6 E9 E1 E0
[T+529970458us][CH2-Pc    ] 03
[T+529976500us][CH1-Dispenser] 03 63
[T+530047465us][CH2-Pc    ] 04
[T+530055458us][CH1-Dispenser] 04 64
[T+530126459us][CH1-Dispenser] 05
[T+530126591us][CH2-Pc    ] 05
[T+530302459us][CH1-Dispenser] 06
[T+530302591us][CH2-Pc    ] 06
[T+530479458us][CH2-Pc    ] 01
[T+530488104us][CH1-Dispenser] 01 61
[T+530557458us][CH2-Pc    ] 02
[T+530562458us][CH1-Dispenser] 02 92
[T+530575459us][CH2-Pc    ] 62
[T+530588458us][CH1-Dispenser] 62 E0 E3 E7 E9 E1 E0
[T+530653458us][CH2-Pc    ] 03
[T+530661458us][CH1-Dispenser] 03 63
[T+530731458us][CH2-Pc    ] 04
[T+530734487us][CH1-Dispenser] 04 64
[T+530804459us][CH1-Dispenser] 05
[T+530804590us][CH2-Pc    ] 05
[T+530980594us][CH1-Dispenser] 06
[T+530980460us][CH2-Pc    ] 06
[T+531144458us][CH2-Pc    ] 01
[T+531152466us][CH1-Dispenser] 01 61
[T+531222459us][CH2-Pc    ] 02
[T+531229143us][CH1-Dispenser] 02 92
[T+531250458us][CH2-Pc    ] 62
[T+531265483us][CH1-Dispenser] 62 E9 E0 E8 E9 E1 E0
[T+531381459us][CH2-Pc    ] 03
[T+531385458us][CH1-Dispenser] 03 63
[T+531472459us][CH2-Pc    ] 04
[T+531480466us][CH1-Dispenser] 04 64
[T+531549458us][CH1-Dispenser] 05
[T+531550459us][CH2-Pc    ] 05
[T+531725459us][CH1-Dispenser] 06
[T+531725594us][CH2-Pc    ] 06
[T+531912458us][CH1-Dispenser] 01 61
[T+531908483us][CH2-Pc    ] 01
[T+531975483us][CH2-Pc    ] 02
[T+531982459us][CH1-Dispenser] 02 92
[T+532004459us][CH2-Pc    ] 62
[T+532018458us][CH1-Dispenser] 62 E1 E1 E9 E9 E1 E0
[T+532084483us][CH2-Pc    ] 03
[T+532091459us][CH1-Dispenser] 03 63
[T+532170458us][CH2-Pc    ] 04
[T+532177071us][CH1-Dispenser] 04 64
[T+532249460us][CH1-Dispenser] 05
[T+532249591us][CH2-Pc    ] 05
[T+532434594us][CH1-Dispenser] 06
[T+532434459us][CH2-Pc    ] 06
[T+532598458us][CH2-Pc    ] 01
[T+532608465us][CH1-Dispenser] 01 61
[T+532676459us][CH2-Pc    ] 02
[T+532681459us][CH1-Dispenser] 02 92
[T+532704458us][CH2-Pc    ] 62
[T+532718458us][CH1-Dispenser] 62 E5 E4 E9 E9 E1 E0
[T+532783458us][CH2-Pc    ] 03
[T+532792499us][CH1-Dispenser] 03 63
[T+532862591us][CH1-Dispenser] 04
[T+532862460us][CH2-Pc    ] 04
[T+532875458us][CH1-Dispenser] 64
[T+532939590us][CH1-Dispenser] 05
[T+532939459us][CH2-Pc    ] 05
[T+533118594us][CH1-Dispenser] 06
[T+533118460us][CH2-Pc    ] 06
[T+533294458us][CH2-Pc    ] 01
[T+533302459us][CH1-Dispenser] 01 61
[T+533373458us][CH2-Pc    ] 02
[T+533378458us][CH1-Dispenser] 02 92
[T+533400458us][CH2-Pc    ] 62
[T+533414458us][CH1-Dispenser] 62 E7 E6 E9 E9 E1 E0
[T+533478459us][CH2-Pc    ] 03
[T+533486996us][CH1-Dispenser] 03 63
[T+533556458us][CH2-Pc    ] 04
[T+533560459us][CH1-Dispenser] 04 64
[T+533624591us][CH1-Dispenser] 05
[T+533624460us][CH2-Pc    ] 05
[T+533800595us][CH1-Dispenser] 06
[T+533800460us][CH2-Pc    ] 06
[T+533975458us][CH2-Pc    ] 01
[T+533983105us][CH1-Dispenser] 01 61
[T+534053459us][CH2-Pc    ] 02
[T+534063458us][CH1-Dispenser] 02 92
[T+534081493us][CH2-Pc    ] 62
[T+534094458us][CH1-Dispenser] 62 E8 E7 E9 E9 E1 E0
[T+534189458us][CH2-Pc    ] 03
[T+534196458us][CH1-Dispenser] 03 63
[T+534267458us][CH2-Pc    ] 04
[T+534276063us][CH1-Dispenser] 04 64
[T+534346459us][CH1-Dispenser] 05
[T+534346591us][CH2-Pc    ] 05
[T+534521459us][CH1-Dispenser] 06
[T+534521593us][CH2-Pc    ] 06
[T+534696458us][CH2-Pc    ] 01
[T+534704134us][CH1-Dispenser] 01 61
[T+534774458us][CH2-Pc    ] 02
[T+534782459us][CH1-Dispenser] 02 92
[T+534801458us][CH2-Pc    ] 62
[T+534817458us][CH1-Dispenser] 62 E8 E7 E9 E9 E1 E0
[T+534891459us][CH2-Pc    ] 03
[T+534898107us][CH1-Dispenser] 03 63
[T+534972483us][CH2-Pc    ] 04
[T+534980466us][CH1-Dispenser] 04 64
[T+535049460us][CH1-Dispenser] 05
[T+535049590us][CH2-Pc    ] 05
[T+535221592us][CH1-Dispenser] 06
[T+535221459us][CH2-Pc    ] 06
[T+535397458us][CH2-Pc    ] 01
[T+535403483us][CH1-Dispenser] 01 61
[T+535475484us][CH2-Pc    ] 02
[T+535483074us][CH1-Dispenser] 02 92
[T+535502458us][CH2-Pc    ] 62
[T+535515553us][CH1-Dispenser] 62 E0 E9 E9 E9 E1 E0
[T+535581484us][CH2-Pc    ] 03
[T+535585458us][CH1-Dispenser] 03 63
[T+535659458us][CH2-Pc    ] 04
[T+535668493us][CH1-Dispenser] 04 64
[T+535737590us][CH1-Dispenser] 05
[T+535737459us][CH2-Pc    ] 05
[T+535912593us][CH1-Dispenser] 06
[T+535912459us][CH2-Pc    ] 06
[T+536087458us][CH2-Pc    ] 01
[T+536092458us][CH1-Dispenser] 01 61
[T+536155483us][CH2-Pc    ] 02
[T+536163101us][CH1-Dispenser] 02 92
[T+536183459us][CH2-Pc    ] 62
[T+536195483us][CH1-Dispenser] 62 E0 E9 E9 E9 E1 E0
[T+536262458us][CH2-Pc    ] 03
[T+536272458us][CH1-Dispenser] 03 63
[T+536341483us][CH2-Pc    ] 04
[T+536345458us][CH1-Dispenser] 04 64
[T+536423459us][CH1-Dispenser] 05
[T+536423591us][CH2-Pc    ] 05
[T+536613459us][CH1-Dispenser] 06
[T+536613591us][CH2-Pc    ] 06
[T+536788458us][CH2-Pc    ] 01
[T+536792458us][CH1-Dispenser] 01 61
[T+536855483us][CH2-Pc    ] 02
[T+536865149us][CH1-Dispenser] 02 92
[T+536882483us][CH2-Pc    ] 62
[T+536896458us][CH1-Dispenser] 62 E0 E9 E9 E9 E1 E0
[T+536963458us][CH2-Pc    ] 03
[T+536973458us][CH1-Dispenser] 03 63
[T+537041458us][CH2-Pc    ] 04
[T+537046458us][CH1-Dispenser] 04 64
[T+537119591us][CH1-Dispenser] 05
[T+537119459us][CH2-Pc    ] 05
[T+537284459us][CH1-Dispenser] 06
[T+537284591us][CH2-Pc    ] 06
[T+537459500us][CH2-Pc    ] 01
[T+537469953us][CH1-Dispenser] 01 61
[T+537539458us][CH2-Pc    ] 02
[T+537549458us][CH1-Dispenser] 02 92
[T+537566458us][CH2-Pc    ] 62
[T+537578484us][CH1-Dispenser] 62 E0 E9 E9 E9 E1 E0
[T+537644483us][CH2-Pc    ] 03
[T+537653066us][CH1-Dispenser] 03 63
[T+537722458us][CH2-Pc    ] 04
[T+537731499us][CH1-Dispenser] 04 64
[T+537800459us][CH1-Dispenser] 05
[T+537800590us][CH2-Pc    ] 05
[T+537975596us][CH1-Dispenser] 06
[T+537975461us][CH2-Pc    ] 06
[T+538150459us][CH2-Pc    ] 01
[T+538159483us][CH1-Dispenser] 01 61
[T+538229458us][CH2-Pc    ] 02
[T+538238496us][CH1-Dispenser] 02 92
[T+538256483us][CH2-Pc    ] 62
[T+538271483us][CH1-Dispenser] 62 E0 E9 E9 E9 E1 E0
[T+538335458us][CH2-Pc    ] 03
[T+538340458us][CH1-Dispenser] 03 63
[T+538413459us][CH2-Pc    ] 04
[T+538423458us][CH1-Dispenser] 04 64
[T+538491592us][CH1-Dispenser] 05
[T+538491459us][CH2-Pc    ] 05
[T+538666459us][CH1-Dispenser] 06
[T+538666591us][CH2-Pc    ] 06
[T+538841459us][CH2-Pc    ] 01
[T+538848151us][CH1-Dispenser] 01 61
[T+538918459us][CH2-Pc    ] 02
[T+538923459us][CH1-Dispenser] 02 92
[T+538946458us][CH2-Pc    ] 62
[T+538959458us][CH1-Dispenser] 62 E0 E9 E9 E9 E1 E0
[T+539027459us][CH2-Pc    ] 03
[T+539036483us][CH1-Dispenser] 03 63
[T+539105483us][CH2-Pc    ] 04
[T+539111499us][CH1-Dispenser] 04 64
[T+539183459us][CH1-Dispenser] 05
[T+539183593us][CH2-Pc    ] 05
[T+539349590us][CH1-Dispenser] 06
[T+539349459us][CH2-Pc    ] 06
[T+539524458us][CH2-Pc    ] 01
[T+539533499us][CH1-Dispenser] 01 61
[T+539603458us][CH2-Pc    ] 02
[T+539609063us][CH1-Dispenser] 02 92
[T+539630458us][CH2-Pc    ] 62
[T+539643458us][CH1-Dispenser] 62 E0 E9 E9 E9 E1 E0
[T+539708458us][CH2-Pc    ] 03
[T+539715459us][CH1-Dispenser] 03 63
[T+539786458us][CH2-Pc    ] 04
[T+539791458us][CH1-Dispenser] 04 64
[T+539864590us][CH1-Dispenser] 05
[T+539864459us][CH2-Pc    ] 05
[T+540040592us][CH1-Dispenser] 06
[T+540040459us][CH2-Pc    ] 06
[T+540216458us][CH2-Pc    ] 01
[T+540224463us][CH1-Dispenser] 01 61
[T+540294458us][CH2-Pc    ] 02
[T+540303484us][CH1-Dispenser] 02 92
[T+540322458us][CH2-Pc    ] 62
[T+540334495us][CH1-Dispenser] 62 E0 E9 E9 E9 E1 E0
[T+540400483us][CH2-Pc    ] 03
[T+540405458us][CH1-Dispenser] 03 63
[T+540478459us][CH2-Pc    ] 04
[T+540486459us][CH1-Dispenser] 04 64
[T+540556460us][CH1-Dispenser] 05
[T+540556590us][CH2-Pc    ] 05
[T+540721592us][CH1-Dispenser] 06
[T+540721459us][CH2-Pc    ] 06
[T+540896458us][CH2-Pc    ] 01
[T+540905483us][CH1-Dispenser] 01 61
[T+540977483us][CH2-Pc    ] 02
[T+540984458us][CH1-Dispenser] 02 92
[T+541004460us][CH2-Pc    ] 62
[T+541019483us][CH1-Dispenser] 62 E0 E9 E9 E9 E1 E0
[T+541083458us][CH2-Pc    ] 03
[T+541092483us][CH1-Dispenser] 03 63
[T+541161483us][CH2-Pc    ] 04
[T+541166458us][CH1-Dispenser] 04 64
[T+541239459us][CH1-Dispenser] 05
[T+541239590us][CH2-Pc    ] 05
[T+541414459us][CH1-Dispenser] 06
[T+541414592us][CH2-Pc    ] 06
[T+541589459us][CH2-Pc    ] 01
[T+541598466us][CH1-Dispenser] 01 61
[T+541667484us][CH2-Pc    ] 02
[T+541673499us][CH1-Dispenser] 02 B2
[T+542250458us][CH1-Dispenser] 03 63
[T+542246483us][CH2-Pc    ] 03
[T+542314458us][CH2-Pc    ] 04
[T+542322466us][CH1-Dispenser] 04 64
[T+542392590us][CH1-Dispenser] 05
[T+542392459us][CH2-Pc    ] 05
[T+542569593us][CH1-Dispenser] 06
[T+542569459us][CH2-Pc    ] 06
[T+542745458us][CH2-Pc    ] 01
[T+542754499us][CH1-Dispenser] 01 61
[T+542823483us][CH2-Pc    ] 02
[T+542828458us][CH1-Dispenser] 02 62
[T+543406459us][CH2-Pc    ] 03
[T+543411459us][CH1-Dispenser] 03 63
[T+543485458us][CH2-Pc    ] 04
[T+543492458us][CH1-Dispenser] 04 64
[T+543563459us][CH1-Dispenser] 05
[T+543563590us][CH2-Pc    ] 05
[T+543738459us][CH1-Dispenser] 06
[T+543738591us][CH2-Pc    ] 06
[T+543913458us][CH2-Pc    ] 01
[T+543918466us][CH1-Dispenser] 01 61
[T+543991458us][CH2-Pc    ] 02
[T+543998459us][CH1-Dispenser] 02 62
[T+544018458us][CH2-Pc    ] 42
[T+544067459us][CH1-Dispenser] 42 FF F1 F8 EB E1 E0 E0 E0 F6 E0 F4 F7 E0 E3 E1 E1 F9 E0 E9 E6 E7 E1 E0 FA E0 E9 E9 E9 E1 E0 FB E5 F0
[T+544090589us][CH1-Dispenser] 52
[T+544090460us][CH2-Pc    ] 52
[T+544226458us][CH1-Dispenser] FF F6 E0 F9 E4 E3 E9 E2 E7 E1 E7 E2 FA E0 E5 E4 E9 E5 E8 E8 E8 F4 E0 E3 E1 E1 F5 E0 E0 E0 E0 F6 E1 F9 E7 E6 E5 E6 E1 E1 E6 E3 FA E6 E9 E9 E7 E4 E8 E7 E8 F4 E0 E0 E1 E1 F5 E0 E0 E0 E0 F6 E2 F9 E0 E7 E3 E6 E0 E5 E9 E9 FA E1 E5 E0 E8 E3 E5 E2 E8 F4 E0 E3 E4 E1 F5 E0 E0 E0 E0 FB E8 F0
[T+544299458us][CH2-Pc    ] 03
[T+544308483us][CH1-Dispenser] 03 63
[T+544377590us][CH1-Dispenser] 04
[T+544377459us][CH2-Pc    ] 04
[T+544389553us][CH1-Dispenser] 64
[T+544456592us][CH1-Dispenser] 05
[T+544456459us][CH2-Pc    ] 05
[T+544630459us][CH1-Dispenser] 06
[T+544630595us][CH2-Pc    ] 06
[T+544805458us][CH2-Pc    ] 01
[T+544815458us][CH1-Dispenser] 01 61
[T+544883458us][CH2-Pc    ] 02
[T+544889483us][CH1-Dispenser] 02 62
[T+544911459us][CH1-Dispenser] 42
[T+544911590us][CH2-Pc    ] 42
[T+544961458us][CH1-Dispenser] FF F1 F8 EB E1 E0 E0 E0 F6 E0 F4 F7 E0 E3 E1 E1 F9 E0 E9 E6 E7 E1 E0 FA E0 E9 E9 E9 E1 E0 FB E5 F0
[T+544983590us][CH1-Dispenser] 52
[T+544983459us][CH2-Pc    ] 52
[T+545116458us][CH1-Dispenser] FF F6 E0 F9 E4 E3 E9 E2 E7 E1 E7 E2 FA E0 E5 E4 E9 E5 E8 E8 E8 F4 E0 E3 E1 E1 F5 E0 E0 E0 E0 F6 E1 F9 E7 E6 E5 E6 E1 E1 E6 E3 FA E6 E9 E9 E7 E4 E8 E7 E8 F4 E0 E0 E1 E1 F5 E0 E0 E0 E0 F6 E2 F9 E0 E7 E3 E6 E0 E5 E9 E9 FA E1 E5 E0 E8 E3 E5 E2 E8 F4 E0 E3 E4 E1 F5 E0 E0 E0 E0 FB E8 F0
[T+545191484us][CH2-Pc    ] 03
[T+545196466us][CH1-Dispenser] 03 63
[T+545269458us][CH2-Pc    ] 04
[T+545278048us][CH1-Dispenser] 04 64
[T+545347459us][CH1-Dispenser] 05
[T+545347709us][CH2-Pc    ] 05
[T+545522459us][CH1-Dispenser] 06
[T+545522594us][CH2-Pc    ] 06
[T+545697459us][CH2-Pc    ] 01
[T+545704086us][CH1-Dispenser] 01 61
[T+545775484us][CH2-Pc    ] 02
[T+545785459us][CH1-Dispenser] 02 62
[T+545853458us][CH2-Pc    ] 03
[T+545861465us][CH1-Dispenser] 03 63
[T+545931458us][CH2-Pc    ] 04
[T+545940029us][CH1-Dispenser] 04 64
[T+546009459us][CH1-Dispenser] 05
[T+546009590us][CH2-Pc    ] 05
[T+546184460us][CH1-Dispenser] 06
[T+546184593us][CH2-Pc    ] 06
[T+546348458us][CH2-Pc    ] 01
[T+546354483us][CH1-Dispenser] 01 61
[T+546427583us][CH2-Pc    ] 02
[T+546434068us][CH1-Dispenser] 02 62
[T+546506484us][CH2-Pc    ] 03
[T+546514463us][CH1-Dispenser] 03 63
[T+546585458us][CH2-Pc    ] 04
[T+546591483us][CH1-Dispenser] 04 64
[T+546662459us][CH1-Dispenser] 05
[T+546662591us][CH2-Pc    ] 05
[T+546852591us][CH1-Dispenser] 06
[T+546852459us][CH2-Pc    ] 06
[T+547027458us][CH2-Pc    ] 01
[T+547033483us][CH1-Dispenser] 01 61
[T+547107458us][CH2-Pc    ] 02
[T+547113765us][CH1-Dispenser] 02 62
[T+547185483us][CH2-Pc    ] 03
[T+547191491us][CH1-Dispenser] 03 63
[T+547263483us][CH2-Pc    ] 04
[T+547274458us][CH1-Dispenser] 04 64
[T+547341594us][CH1-Dispenser] 05
[T+547341459us][CH2-Pc    ] 05
[T+547519595us][CH1-Dispenser] 06
[T+547519461us][CH2-Pc    ] 06
[T+547698458us][CH2-Pc    ] 01
[T+547704485us][CH1-Dispenser] 01 61
[T+547776483us][CH2-Pc    ] 02
[T+547784014us][CH1-Dispenser] 02 62
[T+547855483us][CH2-Pc    ] 03
[T+547863458us][CH1-Dispenser] 03 63
[T+547939458us][CH2-Pc    ] 04
[T+547946459us][CH1-Dispenser] 04 64
[T+548018459us][CH1-Dispenser] 05
[T+548018591us][CH2-Pc    ] 05
[T+548190458us][CH1-Dispenser] 06
[T+548191459us][CH2-Pc    ] 06
[T+548366458us][CH2-Pc    ] 01
[T+548374464us][CH1-Dispenser] 01 61
[T+548444458us][CH2-Pc    ] 02
[T+548450483us][CH1-Dispenser] 02 62
[T+548522488us][CH2-Pc    ] 03
[T+548526458us][CH1-Dispenser] 03 63
[T+548589483us][CH2-Pc    ] 04
[T+548598499us][CH1-Dispenser] 04 64
[T+548667459us][CH1-Dispenser] 05
[T+548667592us][CH2-Pc    ] 05
[T+548853459us][CH1-Dispenser] 06
[T+548853591us][CH2-Pc    ] 06
[T+549018483us][CH2-Pc    ] 01
[T+549023463us][CH1-Dispenser] 01 61
[T+549096458us][CH2-Pc    ] 02
[T+549104463us][CH1-Dispenser] 02 62
[T+549168458us][CH2-Pc    ] 03
[T+549177570us][CH1-Dispenser] 03 63
[T+549246483us][CH2-Pc    ] 04
[T+549252500us][CH1-Dispenser] 04 64
[T+549325595us][CH1-Dispenser] 05
[T+549325460us][CH2-Pc    ] 05
[T+549530459us][CH1-Dispenser] 06
[T+549530592us][CH2-Pc    ] 06
[T+549715458us][CH2-Pc    ] 01
[T+549723466us][CH1-Dispenser] 01 61
[T+549787458us][CH2-Pc    ] 02
[T+549796499us][CH1-Dispenser] 02 62
[T+549865459us][CH2-Pc    ] 03
[T+549872458us][CH1-Dispenser] 03 63
[T+549943458us][CH2-Pc    ] 04
[T+549953459us][CH1-Dispenser] 04 64
[T+550021592us][CH1-Dispenser] 05
[T+550021459us][CH2-Pc    ] 05
[T+550193591us][CH1-Dispenser] 06
[T+550193459us][CH2-Pc    ] 06
[T+550367483us][CH2-Pc    ] 01
[T+550376499us][CH1-Dispenser] 01 61
[T+550446458us][CH2-Pc    ] 02
[T+550455483us][CH1-Dispenser] 02 62
[T+550524483us][CH2-Pc    ] 03
[T+550532459us][CH1-Dispenser] 03 63
[T+550602458us][CH2-Pc    ] 04
[T+550607458us][CH1-Dispenser] 04 64
[T+550680593us][CH1-Dispenser] 05
[T+550680459us][CH2-Pc    ] 05
[T+550855460us][CH1-Dispenser] 06
[T+550855592us][CH2-Pc    ] 06
[T+551021459us][CH2-Pc    ] 01
[T+551030483us][CH1-Dispenser] 01 61
[T+551099483us][CH2-Pc    ] 02
[T+551105045us][CH1-Dispenser] 02 62
[T+551182483us][CH2-Pc    ] 03
[T+551188874us][CH1-Dispenser] 03 63
[T+551260466us][CH2-Pc    ] 04
[T+551267460us][CH1-Dispenser] 04 64
[T+551338591us][CH1-Dispenser] 05
[T+551338459us][CH2-Pc    ] 05
[T+551503606us][CH1-Dispenser] 06
[T+551503466us][CH2-Pc    ] 06
[T+551680635us][CH2-Pc    ] 01
[T+551684459us][CH1-Dispenser] 01 61
[T+551757459us][CH2-Pc    ] 02
[T+551765458us][CH1-Dispenser] 02 62
[T+551835483us][CH2-Pc    ] 03
[T+551844469us][CH1-Dispenser] 03 63
[T+551913483us][CH2-Pc    ] 04
[T+551923458us][CH1-Dispenser] 04 64
[T+551991593us][CH1-Dispenser] 05
[T+551991459us][CH2-Pc    ] 05
[T+552166460us][CH1-Dispenser] 06
[T+552166591us][CH2-Pc    ] 06
[T+552330458us][CH2-Pc    ] 01
[T+552338465us][CH1-Dispenser] 01 61
[T+552408458us][CH2-Pc    ] 02
[T+552414499us][CH1-Dispenser] 02 62
[T+552487458us][CH2-Pc    ] 03
[T+552492458us][CH1-Dispenser] 03 63
[T+552565459us][CH2-Pc    ] 04
[T+552572123us][CH1-Dispenser] 04 64
[T+552643459us][CH1-Dispenser] 05
[T+552643590us][CH2-Pc    ] 05
[T+552818459us][CH1-Dispenser] 06
[T+552818592us][CH2-Pc    ] 06
[T+552992483us][CH2-Pc    ] 01
[T+552999458us][CH1-Dispenser] 01 61
[T+553072458us][CH2-Pc    ] 02
[T+553080467us][CH1-Dispenser] 02 62
[T+553151458us][CH2-Pc    ] 03
[T+553157499us][CH1-Dispenser] 03 63
[T+553229484us][CH2-Pc    ] 04
[T+553236459us][CH1-Dispenser] 04 64
[T+553307460us][CH1-Dispenser] 05
[T+553307590us][CH2-Pc    ] 05
[T+553471459us][CH1-Dispenser] 06
[T+553471592us][CH2-Pc    ] 06
[T+553646458us][CH2-Pc    ] 01
[T+553653459us][CH1-Dispenser] 01 61
[T+553724458us][CH2-Pc    ] 02
[T+553729458us][CH1-Dispenser] 02 62
[T+553802459us][CH2-Pc    ] 03
[T+553807459us][CH1-Dispenser] 03 63
[T+553880458us][CH2-Pc    ] 04
[T+553888113us][CH1-Dispenser] 04 64
[T+553958460us][CH1-Dispenser] 05
[T+553958592us][CH2-Pc    ] 05
[T+554133591us][CH1-Dispenser] 06
[T+554133459us][CH2-Pc    ] 06
[T+554310484us][CH2-Pc    ] 01
[T+554320458us][CH1-Dispenser] 01 61
[T+554388458us][CH2-Pc    ] 02
[T+554396465us][CH1-Dispenser] 02 62
[T+554466458us][CH2-Pc    ] 03
[T+554473213us][CH1-Dispenser] 03 63
[T+554546459us][CH2-Pc    ] 04
[T+554551466us][CH1-Dispenser] 04 64
[T+554624460us][CH1-Dispenser] 05
[T+554624591us][CH2-Pc    ] 05
[T+554799459us][CH1-Dispenser] 06
[T+554799593us][CH2-Pc    ] 06
[T+554974458us][CH2-Pc    ] 01
[T+554979466us][CH1-Dispenser] 01 61
[T+555052458us][CH2-Pc    ] 02
[T+555059459us][CH1-Dispenser] 02 62
[T+555130458us][CH2-Pc    ] 03
[T+555139500us][CH1-Dispenser] 03 63
[T+555208484us][CH2-Pc    ] 04
[T+555217127us][CH1-Dispenser] 04 64
[T+555286590us][CH1-Dispenser] 05
[T+555286459us][CH2-Pc    ] 05
[T+555461461us][CH1-Dispenser] 06
[T+555461593us][CH2-Pc    ] 06
[T+555634459us][CH2-Pc    ] 01
[T+555639459us][CH1-Dispenser] 01 61
[T+555712458us][CH2-Pc    ] 02
[T+555718499us][CH1-Dispenser] 02 62
[T+555790743us][CH2-Pc    ] 03
[T+555797459us][CH1-Dispenser] 03 63
[T+555868458us][CH2-Pc    ] 04
[T+555878960us][CH1-Dispenser] 04 64
[T+555946592us][CH1-Dispenser] 05
[T+555946459us][CH2-Pc    ] 05
[T+556121590us][CH1-Dispenser] 06
[T+556121459us][CH2-Pc    ] 06
[T+556285458us][CH2-Pc    ] 01
[T+556295458us][CH1-Dispenser] 01 61
[T+556363459us][CH2-Pc    ] 02
[T+556370099us][CH1-Dispenser] 02 62
[T+556442458us][CH2-Pc    ] 03
[T+556447466us][CH1-Dispenser] 03 63
[T+556520458us][CH2-Pc    ] 04
[T+556526483us][CH1-Dispenser] 04 64
[T+556598459us][CH1-Dispenser] 05
[T+556598593us][CH2-Pc    ] 05
[T+556773460us][CH1-Dispenser] 06
[T+556773592us][CH2-Pc    ] 06
[T+556947483us][CH2-Pc    ] 01
[T+556955080us][CH1-Dispenser] 01 61
[T+557026483us][CH2-Pc    ] 02
[T+557036459us][CH1-Dispenser] 02 62
[T+557104458us][CH2-Pc    ] 03
[T+557112459us][CH1-Dispenser] 03 63
[T+557182458us][CH2-Pc    ] 04
[T+557188483us][CH1-Dispenser] 04 64
[T+557260459us][CH1-Dispenser] 05
[T+557260590us][CH2-Pc    ] 05
[T+557424459us][CH1-Dispenser] 06
[T+557424592us][CH2-Pc    ] 06
[T+557599458us][CH2-Pc    ] 01
[T+557605483us][CH1-Dispenser] 01 61
[T+557677547us][CH2-Pc    ] 02
[T+557685086us][CH1-Dispenser] 02 62
[T+557755459us][CH2-Pc    ] 03
[T+557763458us][CH1-Dispenser] 03 63
[T+557833593us][CH1-Dispenser] 04
[T+557833459us][CH2-Pc    ] 04
[T+557846458us][CH1-Dispenser] 64
[T+557911459us][CH1-Dispenser] 05
[T+557911594us][CH2-Pc    ] 05
[T+558087461us][CH1-Dispenser] 06
[T+558087593us][CH2-Pc    ] 06
[T+558254458us][CH2-Pc    ] 01
[T+558259458us][CH1-Dispenser] 01 61
[T+558332459us][CH2-Pc    ] 02
[T+558339095us][CH1-Dispenser] 02 62
[T+558410483us][CH2-Pc    ] 03
[T+558416499us][CH1-Dispenser] 03 63
[T+558488483us][CH2-Pc    ] 04
[T+558499458us][CH1-Dispenser] 04 64
[T+558567459us][CH1-Dispenser] 05
[T+558567590us][CH2-Pc    ] 05
[T+558741459us][CH1-Dispenser] 06
[T+558741593us][CH2-Pc    ] 06
[T+558916458us][CH2-Pc    ] 01
[T+558924466us][CH1-Dispenser] 01 61
[T+558994459us][CH2-Pc    ] 02
[T+558999459us][CH1-Dispenser] 02 62
[T+559072458us][CH2-Pc    ] 03
[T+559078499us][CH1-Dispenser] 03 63
[T+559150484us][CH2-Pc    ] 04
[T+559159484us][CH1-Dispenser] 04 64
[T+559229594us][CH1-Dispenser] 05
[T+559229460us][CH2-Pc    ] 05
[T+559393459us][CH1-Dispenser] 06
[T+559393592us][CH2-Pc    ] 06
[T+559568458us][CH2-Pc    ] 01
[T+559574483us][CH1-Dispenser] 01 61
[T+559646483us][CH2-Pc    ] 02
[T+559653458us][CH1-Dispenser] 02 62
[T+559724458us][CH2-Pc    ] 03
[T+559734459us][CH1-Dispenser] 03 63
[T+559802458us][CH2-Pc    ] 04
[T+559809458us][CH1-Dispenser] 04 64
[T+559880459us][CH1-Dispenser] 05
[T+559880591us][CH2-Pc    ] 05
[T+560055593us][CH1-Dispenser] 06
[T+560055460us][CH2-Pc    ] 06
[T+560230458us][CH2-Pc    ] 01
[T+560234458us][CH1-Dispenser] 01 61
[T+560297487us][CH2-Pc    ] 02
[T+560305086us][CH1-Dispenser] 02 62
[T+560375459us][CH2-Pc    ] 03
[T+560384495us][CH1-Dispenser] 03 63
[T+560453589us][CH1-Dispenser] 04
[T+560453459us][CH2-Pc    ] 04
[T+560465483us][CH1-Dispenser] 64
[T+560538459us][CH1-Dispenser] 05
[T+560538590us][CH2-Pc    ] 05
[T+560713459us][CH1-Dispenser] 06
[T+560713593us][CH2-Pc    ] 06
[T+560877458us][CH2-Pc    ] 01
[T+560884458us][CH1-Dispenser] 01 61
[T+560955458us][CH2-Pc    ] 02
[T+560964056us][CH1-Dispenser] 02 62
[T+561033458us][CH2-Pc    ] 03
[T+561044459us][CH1-Dispenser] 03 63
[T+561111459us][CH2-Pc    ] 04
[T+561118212us][CH1-Dispenser] 04 64
[T+561190459us][CH1-Dispenser] 05
[T+561190591us][CH2-Pc    ] 05
[T+561364459us][CH1-Dispenser] 06
[T+561364590us][CH2-Pc    ] 06
[T+561539458us][CH2-Pc    ] 01
[T+561545051us][CH1-Dispenser] 01 61
[T+561618458us][CH2-Pc    ] 02
[T+561625459us][CH1-Dispenser] 02 62
[T+561695458us][CH2-Pc    ] 03
[T+561704018us][CH1-Dispenser] 03 63
[T+561788458us][CH2-Pc    ] 04
[T+561799458us][CH1-Dispenser] 04 64
[T+561866461us][CH1-Dispenser] 05
[T+561866593us][CH2-Pc    ] 05
[T+562034933us][CH1-Dispenser] 06
[T+562034713us][CH2-Pc    ] 06
[T+562209458us][CH2-Pc    ] 01
[T+562214788us][CH1-Dispenser] 01 61
[T+562287458us][CH2-Pc    ] 02
[T+562296055us][CH1-Dispenser] 02 62
[T+562366459us][CH2-Pc    ] 03
[T+562373100us][CH1-Dispenser] 03 63
[T+562443459us][CH2-Pc    ] 04
[T+562453459us][CH1-Dispenser] 04 64
[T+562522459us][CH1-Dispenser] 05
[T+562522590us][CH2-Pc    ] 05
[T+562696459us][CH1-Dispenser] 06
[T+562696592us][CH2-Pc    ] 06
[T+562872458us][CH2-Pc    ] 01
[T+562879547us][CH1-Dispenser] 01 61
[T+562949458us][CH2-Pc    ] 02
[T+562955499us][CH1-Dispenser] 02 62
[T+563029458us][CH2-Pc    ] 03
[T+563038499us][CH1-Dispenser] 03 63
[T+563106458us][CH2-Pc    ] 04
[T+563114466us][CH1-Dispenser] 04 64
[T+563185595us][CH1-Dispenser] 05
[T+563185459us][CH2-Pc    ] 05
[T+563370595us][CH1-Dispenser] 06
[T+563370459us][CH2-Pc    ] 06
[T+563534484us][CH2-Pc    ] 01
[T+563540483us][CH1-Dispenser] 01 61
[T+563612484us][CH2-Pc    ] 02
[T+563619458us][CH1-Dispenser] 02 62
[T+563690458us][CH2-Pc    ] 03
[T+563698464us][CH1-Dispenser] 03 63
[T+563769458us][CH2-Pc    ] 04
[T+563779458us][CH1-Dispenser] 04 64
[T+563847459us][CH1-Dispenser] 05
[T+563847590us][CH2-Pc    ] 05
[T+564022590us][CH1-Dispenser] 06
[T+564022459us][CH2-Pc    ] 06
[T+564196484us][CH2-Pc    ] 01
[T+564205483us][CH1-Dispenser] 01 61
[T+564275458us][CH2-Pc    ] 02
[T+564279458us][CH1-Dispenser] 02 62
[T+564353458us][CH2-Pc    ] 03
[T+564357458us][CH1-Dispenser] 03 63
[T+564431459us][CH2-Pc    ] 04
[T+564440465us][CH1-Dispenser] 04 64
[T+564509592us][CH1-Dispenser] 05
[T+564509459us][CH2-Pc    ] 05
[T+564684591us][CH1-Dispenser] 06
[T+564684460us][CH2-Pc    ] 06
[T+564848458us][CH2-Pc    ] 01
[T+564856053us][CH1-Dispenser] 01 61
[T+564926459us][CH2-Pc    ] 02
[T+564935493us][CH1-Dispenser] 02 62
[T+565004483us][CH2-Pc    ] 03
[T+565015458us][CH1-Dispenser] 03 63
[T+565082458us][CH2-Pc    ] 04
[T+565091485us][CH1-Dispenser] 04 64
[T+565160459us][CH1-Dispenser] 05
[T+565160593us][CH2-Pc    ] 05
[T+565335461us][CH1-Dispenser] 06
[T+565335595us][CH2-Pc    ] 06
[T+565510458us][CH2-Pc    ] 01
[T+565517459us][CH1-Dispenser] 01 61
[T+565588458us][CH2-Pc    ] 02
[T+565594483us][CH1-Dispenser] 02 62
[T+565666483us][CH2-Pc    ] 03
[T+565674466us][CH1-Dispenser] 03 63
[T+565744459us][CH2-Pc    ] 04
[T+565755459us][CH1-Dispenser] 04 64
[T+565822594us][CH1-Dispenser] 05
[T+565822459us][CH2-Pc    ] 05
[T+565986459us][CH1-Dispenser] 06
[T+565986591us][CH2-Pc    ] 06
[T+566161459us][CH2-Pc    ] 01
[T+566171459us][CH1-Dispenser] 01 61
[T+566239458us][CH2-Pc    ] 02
[T+566245499us][CH1-Dispenser] 02 62
[T+566317483us][CH2-Pc    ] 03
[T+566323500us][CH1-Dispenser] 03 63
[T+566396458us][CH2-Pc    ] 04
[T+566404466us][CH1-Dispenser] 04 64
[T+566474594us][CH1-Dispenser] 05
[T+566474459us][CH2-Pc    ] 05
[T+566649460us][CH1-Dispenser] 06
[T+566649593us][CH2-Pc    ] 06
[T+566823483us][CH2-Pc    ] 01
[T+566832499us][CH1-Dispenser] 01 61
[T+566901483us][CH2-Pc    ] 02
[T+566910627us][CH1-Dispenser] 02 62
[T+566979485us][CH2-Pc    ] 03
[T+566988465us][CH1-Dispenser] 03 63
[T+567058458us][CH2-Pc    ] 04
[T+567065459us][CH1-Dispenser] 04 64
[T+567136459us][CH1-Dispenser] 05
[T+567136592us][CH2-Pc    ] 05
[T+567300591us][CH1-Dispenser] 06
[T+567300459us][CH2-Pc    ] 06
[T+567476458us][CH2-Pc    ] 01
[T+567486458us][CH1-Dispenser] 01 61
[T+567554458us][CH2-Pc    ] 02
[T+567562466us][CH1-Dispenser] 02 62
[T+567632459us][CH2-Pc    ] 03
[T+567639058us][CH1-Dispenser] 03 63
[T+567710484us][CH2-Pc    ] 04
[T+567719483us][CH1-Dispenser] 04 64
[T+567788590us][CH1-Dispenser] 05
[T+567788459us][CH2-Pc    ] 05
[T+567963593us][CH1-Dispenser] 06
[T+567963459us][CH2-Pc    ] 06
[T+568127994us][CH2-Pc    ] 01
[T+568135458us][CH1-Dispenser] 01 61
[T+568205458us][CH2-Pc    ] 02
[T+568210059us][CH1-Dispenser] 02 62
[T+568272484us][CH2-Pc    ] 03
[T+568278500us][CH1-Dispenser] 03 63
[T+568351458us][CH2-Pc    ] 04
[T+568357483us][CH1-Dispenser] 04 64
[T+568429462us][CH1-Dispenser] 05
[T+568429594us][CH2-Pc    ] 05
[T+568603458us][CH1-Dispenser] 06
[T+568604458us][CH2-Pc    ] 06
[T+568846483us][CH2-Pc    ] 01
[T+568856458us][CH1-Dispenser] 01 61
[T+568932458us][CH2-Pc    ] 02
[T+568940466us][CH1-Dispenser] 02 62
[T+569010458us][CH2-Pc    ] 03
[T+569019483us][CH1-Dispenser] 03 63
[T+569102458us][CH2-Pc    ] 04
[T+569109458us][CH1-Dispenser] 04 64
[T+569180594us][CH1-Dispenser] 05
[T+569180459us][CH2-Pc    ] 05
[T+569376461us][CH1-Dispenser] 06
[T+569376594us][CH2-Pc    ] 06
[T+569607484us][CH2-Pc    ] 01
[T+569616500us][CH1-Dispenser] 01 61
[T+569685483us][CH2-Pc    ] 02
[T+569690459us][CH1-Dispenser] 02 62
[T+569753483us][CH2-Pc    ] 03
[T+569757459us][CH1-Dispenser] 03 63
[T+569831458us][CH2-Pc    ] 04
[T+569838458us][CH1-Dispenser] 04 64
[T+569909593us][CH1-Dispenser] 05
[T+569909459us][CH2-Pc    ] 05
[T+570084460us][CH1-Dispenser] 06
[T+570084594us][CH2-Pc    ] 06
[T+570261483us][CH2-Pc    ] 01
[T+570270500us][CH1-Dispenser] 01 61
[T+570357483us][CH2-Pc    ] 02
[T+570364459us][CH1-Dispenser] 02 62
[T+570436461us][CH2-Pc    ] 03
[T+570443102us][CH1-Dispenser] 03 63
[T+570514459us][CH2-Pc    ] 04
[T+570520030us][CH1-Dispenser] 04 64
[T+570592593us][CH1-Dispenser] 05
[T+570592459us][CH2-Pc    ] 05
[T+570774593us][CH1-Dispenser] 06
[T+570774459us][CH2-Pc    ] 06
[T+570964459us][CH2-Pc    ] 01
[T+570969459us][CH1-Dispenser] 01 61
[T+571042458us][CH2-Pc    ] 02
[T+571050580us][CH1-Dispenser] 02 62
[T+571120458us][CH2-Pc    ] 03
[T+571130458us][CH1-Dispenser] 03 63
[T+571202458us][CH1-Dispenser] 04 64
[T+571198458us][CH2-Pc    ] 04
[T+571266592us][CH1-Dispenser] 05
[T+571266460us][CH2-Pc    ] 05
[T+571440460us][CH1-Dispenser] 06
[T+571440594us][CH2-Pc    ] 06
[T+571678458us][CH2-Pc    ] 01
[T+571685459us][CH1-Dispenser] 01 61
[T+571756458us][CH2-Pc    ] 02
[T+571766459us][CH1-Dispenser] 02 62
[T+571834458us][CH2-Pc    ] 03
[T+571844459us][CH1-Dispenser] 03 63
[T+571912459us][CH2-Pc    ] 04
[T+571920458us][CH1-Dispenser] 04 64
[T+571990459us][CH1-Dispenser] 05
[T+571990591us][CH2-Pc    ] 05
[T+572180459us][CH1-Dispenser] 06
[T+572180591us][CH2-Pc    ] 06
[T+572354483us][CH2-Pc    ] 01
[T+572360499us][CH1-Dispenser] 01 61
[T+572432483us][CH2-Pc    ] 02
[T+572439458us][CH1-Dispenser] 02 62
[T+572511484us][CH2-Pc    ] 03
[T+572519090us][CH1-Dispenser] 03 63
[T+572589459us][CH2-Pc    ] 04
[T+572597458us][CH1-Dispenser] 04 64
[T+572667459us][CH1-Dispenser] 05
[T+572667591us][CH2-Pc    ] 05
[T+572831459us][CH1-Dispenser] 06
[T+572831591us][CH2-Pc    ] 06
[T+573006458us][CH2-Pc    ] 01
[T+573016459us][CH1-Dispenser] 01 61
[T+573085483us][CH2-Pc    ] 02
[T+573090458us][CH1-Dispenser] 02 62
[T+573164459us][CH2-Pc    ] 03
[T+573174458us][CH1-Dispenser] 03 63
[T+573242458us][CH2-Pc    ] 04
[T+573248052us][CH1-Dispenser] 04 64
[T+573311591us][CH1-Dispenser] 05
[T+573311459us][CH2-Pc    ] 05
[T+573487460us][CH1-Dispenser] 06
[T+573487592us][CH2-Pc    ] 06
[T+573663458us][CH2-Pc    ] 01
[T+573672642us][CH1-Dispenser] 01 61
[T+573742458us][CH2-Pc    ] 02
[T+573751483us][CH1-Dispenser] 02 62
[T+573820483us][CH2-Pc    ] 03
[T+573830458us][CH1-Dispenser] 03 63
[T+573898458us][CH2-Pc    ] 04
[T+573903458us][CH1-Dispenser] 04 64
[T+573976591us][CH1-Dispenser] 05
[T+573976461us][CH2-Pc    ] 05
[T+574147460us][CH1-Dispenser] 06
[T+574147592us][CH2-Pc    ] 06
[T+574322458us][CH2-Pc    ] 01
[T+574330458us][CH1-Dispenser] 01 61
[T+574405458us][CH1-Dispenser] 02 62
[T+574401458us][CH2-Pc    ] 02
[T+574471483us][CH2-Pc    ] 03
[T+574478519us][CH1-Dispenser] 03 63
[T+574550483us][CH2-Pc    ] 04
[T+574557459us][CH1-Dispenser] 04 64
[T+574629592us][CH1-Dispenser] 05
[T+574629459us][CH2-Pc    ] 05
[T+574806591us][CH1-Dispenser] 06
[T+574806459us][CH2-Pc    ] 06
[T+574975458us][CH2-Pc    ] 01
[T+574980466us][CH1-Dispenser] 01 61
[T+575053458us][CH2-Pc    ] 02
[T+575059483us][CH1-Dispenser] 02 62
[T+575132459us][CH2-Pc    ] 03
[T+575139099us][CH1-Dispenser] 03 63
[T+575210483us][CH2-Pc    ] 04
[T+575219483us][CH1-Dispenser] 04 64
[T+575288459us][CH1-Dispenser] 05
[T+575288590us][CH2-Pc    ] 05
[T+575463459us][CH1-Dispenser] 06
[T+575463592us][CH2-Pc    ] 06
[T+575627458us][CH2-Pc    ] 01
[T+575636483us][CH1-Dispenser] 01 61
[T+575705483us][CH2-Pc    ] 02
[T+575710458us][CH1-Dispenser] 02 62
[T+575783458us][CH2-Pc    ] 03
[T+575788458us][CH1-Dispenser] 03 63
[T+575861488us][CH2-Pc    ] 04
[T+575868134us][CH1-Dispenser] 04 64
[T+575939592us][CH1-Dispenser] 05
[T+575939460us][CH2-Pc    ] 05
[T+576114459us][CH1-Dispenser] 06
[T+576114590us][CH2-Pc    ] 06
[T+576289458us][CH2-Pc    ] 01
[T+576296458us][CH1-Dispenser] 01 61
[T+576367458us][CH2-Pc    ] 02
[T+576376089us][CH1-Dispenser] 02 62
[T+576445458us][CH2-Pc    ] 03
[T+576453466us][CH1-Dispenser] 03 63
[T+576523459us][CH2-Pc    ] 04
[T+576530130us][CH1-Dispenser] 04 64
[T+576601459us][CH1-Dispenser] 05
[T+576601591us][CH2-Pc    ] 05
[T+576776590us][CH1-Dispenser] 06
[T+576776459us][CH2-Pc    ] 06
[T+576941483us][CH2-Pc    ] 01
[T+576951459us][CH1-Dispenser] 01 61
[T+577019458us][CH2-Pc    ] 02
[T+577027458us][CH1-Dispenser] 02 62
[T+577098458us][CH2-Pc    ] 03
[T+577104483us][CH1-Dispenser] 03 63
[T+577176459us][CH2-Pc    ] 04
[T+577185494us][CH1-Dispenser] 04 64
[T+577254459us][CH1-Dispenser] 05
[T+577254590us][CH2-Pc    ] 05
[T+577432460us][CH1-Dispenser] 06
[T+577432592us][CH2-Pc    ] 06
[T+577596458us][CH2-Pc    ] 01
[T+577600458us][CH1-Dispenser] 01 61
[T+577674459us][CH2-Pc    ] 02
[T+577681458us][CH1-Dispenser] 02 62
[T+577752458us][CH2-Pc    ] 03
[T+577760463us][CH1-Dispenser] 03 63
[T+577830458us][CH2-Pc    ] 04
[T+577839491us][CH1-Dispenser] 04 64
[T+577908459us][CH1-Dispenser] 05
[T+577908591us][CH2-Pc    ] 05
[T+578083590us][CH1-Dispenser] 06
[T+578083459us][CH2-Pc    ] 06
[T+578258459us][CH2-Pc    ] 01
[T+578265459us][CH1-Dispenser] 01 61
[T+578336458us][CH2-Pc    ] 02
[T+578340458us][CH1-Dispenser] 02 62
[T+578414459us][CH2-Pc    ] 03
[T+578419459us][CH1-Dispenser] 03 63
[T+578492458us][CH2-Pc    ] 04
[T+578498499us][CH1-Dispenser] 04 64
[T+578570460us][CH1-Dispenser] 05
[T+578570590us][CH2-Pc    ] 05
[T+578746591us][CH1-Dispenser] 06
[T+578746459us][CH2-Pc    ] 06
[T+578910458us][CH2-Pc    ] 01
[T+578915458us][CH1-Dispenser] 01 61
[T+578988458us][CH2-Pc    ] 02
[T+578998459us][CH1-Dispenser] 02 62
[T+579066459us][CH2-Pc    ] 03
[T+579073458us][CH1-Dispenser] 03 63
[T+579144591us][CH1-Dispenser] 04
[T+579144459us][CH2-Pc    ] 04
[T+579156483us][CH1-Dispenser] 64
[T+579222460us][CH1-Dispenser] 05
[T+579222591us][CH2-Pc    ] 05
[T+579397459us][CH1-Dispenser] 06
[T+579397590us][CH2-Pc    ] 06
[T+579572458us][CH2-Pc    ] 01
[T+579580463us][CH1-Dispenser] 01 61
[T+579650459us][CH2-Pc    ] 02
[T+579656483us][CH1-Dispenser] 02 62
[T+579728483us][CH2-Pc    ] 03
[T+579734483us][CH1-Dispenser] 03 63
[T+579807458us][CH2-Pc    ] 04
[T+579815465us][CH1-Dispenser] 04 64
[T+579885591us][CH1-Dispenser] 05
[T+579885459us][CH2-Pc    ] 05
[T+580050459us][CH1-Dispenser] 06
[T+580050594us][CH2-Pc    ] 06
[T+580224483us][CH2-Pc    ] 01
[T+580231458us][CH1-Dispenser] 01 61
[T+580302458us][CH2-Pc    ] 02
[T+580311090us][CH1-Dispenser] 02 62
[T+580381459us][CH2-Pc    ] 03
[T+580390483us][CH1-Dispenser] 03 63
[T+580459484us][CH2-Pc    ] 04
[T+580465072us][CH1-Dispenser] 04 64
[T+580537590us][CH1-Dispenser] 05
[T+580537459us][CH2-Pc    ] 05
[T+580712459us][CH1-Dispenser] 06
[T+580712593us][CH2-Pc    ] 06
[T+580886484us][CH2-Pc    ] 01
[T+580896458us][CH1-Dispenser] 01 61
[T+580965484us][CH2-Pc    ] 02
[T+580971483us][CH1-Dispenser] 02 62
[T+581043483us][CH2-Pc    ] 03
[T+581050459us][CH1-Dispenser] 03 63
[T+581121458us][CH2-Pc    ] 04
[T+581131459us][CH1-Dispenser] 04 64
[T+581199593us][CH1-Dispenser] 05
[T+581199459us][CH2-Pc    ] 05
[T+581363594us][CH1-Dispenser] 06
[T+581363459us][CH2-Pc    ] 06
[T+581538458us][CH2-Pc    ] 01
[T+581546458us][CH1-Dispenser] 01 61
[T+581620458us][CH1-Dispenser] 02 62
[T+581616458us][CH2-Pc    ] 02
[T+581683483us][CH2-Pc    ] 03
[T+581689483us][CH1-Dispenser] 03 63
[T+581761483us][CH2-Pc    ] 04
[T+581770530us][CH1-Dispenser] 04 64
[T+581840459us][CH1-Dispenser] 05
[T+581840590us][CH2-Pc    ] 05
[T+582004592us][CH1-Dispenser] 06
[T+582004459us][CH2-Pc    ] 06
[T+582179459us][CH2-Pc    ] 01
[T+582186459us][CH1-Dispenser] 01 61
[T+582256459us][CH2-Pc    ] 02
[T+582261459us][CH1-Dispenser] 02 62
[T+582335458us][CH2-Pc    ] 03
[T+582344459us][CH1-Dispenser] 03 63
[T+582413483us][CH2-Pc    ] 04
[T+582419483us][CH1-Dispenser] 04 64
[T+582496459us][CH1-Dispenser] 05
[T+582496592us][CH2-Pc    ] 05
[T+582660459us][CH1-Dispenser] 06
[T+582660592us][CH2-Pc    ] 06
[T+582835458us][CH2-Pc    ] 01
[T+582841499us][CH1-Dispenser] 01 61
[T+582913483us][CH2-Pc    ] 02
[T+582921462us][CH1-Dispenser] 02 62
[T+582991458us][CH2-Pc    ] 03
[T+583000016us][CH1-Dispenser] 03 63
[T+583069458us][CH2-Pc    ] 04
[T+583075483us][CH1-Dispenser] 04 64
[T+583147594us][CH1-Dispenser] 05
[T+583147459us][CH2-Pc    ] 05
[T+583322460us][CH1-Dispenser] 06
[T+583322591us][CH2-Pc    ] 06
[T+583486459us][CH2-Pc    ] 01
[T+583493099us][CH1-Dispenser] 01 61
[T+583564483us][CH2-Pc    ] 02
[T+583571458us][CH1-Dispenser] 02 62
[T+583642458us][CH2-Pc    ] 03
[T+583650464us][CH1-Dispenser] 03 63
[T+583720458us][CH2-Pc    ] 04
[T+583729499us][CH1-Dispenser] 04 64
[T+583799593us][CH1-Dispenser] 05
[T+583799459us][CH2-Pc    ] 05
[T+583973591us][CH1-Dispenser] 06
[T+583973460us][CH2-Pc    ] 06
[T+584148459us][CH2-Pc    ] 01
[T+584155458us][CH1-Dispenser] 01 61
[T+584226458us][CH2-Pc    ] 02
[T+584232011us][CH1-Dispenser] 02 62
[T+584304458us][CH2-Pc    ] 03
[T+584309466us][CH1-Dispenser] 03 63
[T+584382458us][CH2-Pc    ] 04
[T+584392459us][CH1-Dispenser] 04 64
[T+584461592us][CH1-Dispenser] 05
[T+584461459us][CH2-Pc    ] 05
[T+584635590us][CH1-Dispenser] 06
[T+584635459us][CH2-Pc    ] 06
[T+584799458us][CH2-Pc    ] 01
[T+584807466us][CH1-Dispenser] 01 61
[T+584874458us][CH2-Pc    ] 02
[T+584881459us][CH1-Dispenser] 02 62
[T+584952458us][CH2-Pc    ] 03
[T+584958483us][CH1-Dispenser] 03 63
[T+585031459us][CH2-Pc    ] 04
[T+585041458us][CH1-Dispenser] 04 64
[T+585109591us][CH1-Dispenser] 05
[T+585109460us][CH2-Pc    ] 05
[T+585285596us][CH1-Dispenser] 06
[T+585285459us][CH2-Pc    ] 06
[T+585461458us][CH2-Pc    ] 01
[T+585467483us][CH1-Dispenser] 01 61
[T+585539484us][CH2-Pc    ] 02
[T+585546458us][CH1-Dispenser] 02 62
[T+585619464us][CH2-Pc    ] 03
[T+585625483us][CH1-Dispenser] 03 63
[T+585697483us][CH2-Pc    ] 04
[T+585705053us][CH1-Dispenser] 04 64
[T+585775459us][CH1-Dispenser] 05
[T+585775594us][CH2-Pc    ] 05
[T+585940591us][CH1-Dispenser] 06
[T+585940459us][CH2-Pc    ] 06
[T+586115483us][CH2-Pc    ] 01
[T+586121483us][CH1-Dispenser] 01 61
[T+586193484us][CH2-Pc    ] 02
[T+586200458us][CH1-Dispenser] 02 62
[T+586271458us][CH2-Pc    ] 03
[T+586280492us][CH1-Dispenser] 03 63
[T+586349484us][CH2-Pc    ] 04
[T+586354466us][CH1-Dispenser] 04 64
[T+586427621us][CH1-Dispenser] 05
[T+586427760us][CH2-Pc    ] 05
[T+586602459us][CH1-Dispenser] 06
[T+586602592us][CH2-Pc    ] 06
[T+586768459us][CH2-Pc    ] 01
[T+586777494us][CH1-Dispenser] 01 61
[T+586845459us][CH2-Pc    ] 02
[T+586852098us][CH1-Dispenser] 02 62
[T+586923487us][CH2-Pc    ] 03
[T+586929499us][CH1-Dispenser] 03 63
[T+587001484us][CH2-Pc    ] 04
[T+587008458us][CH1-Dispenser] 04 64
[T+587080591us][CH1-Dispenser] 05
[T+587080459us][CH2-Pc    ] 05
[T+587254593us][CH1-Dispenser] 06
[T+587254459us][CH2-Pc    ] 06
[T+587429458us][CH2-Pc    ] 01
[T+587436459us][CH1-Dispenser] 01 61
[T+587507458us][CH2-Pc    ] 02
[T+587515466us][CH1-Dispenser] 02 62
[T+587586458us][CH2-Pc    ] 03
[T+587594458us][CH1-Dispenser] 03 63
[T+587664458us][CH2-Pc    ] 04
[T+587669466us][CH1-Dispenser] 04 64
[T+587742600us][CH1-Dispenser] 05
[T+587742463us][CH2-Pc    ] 05
[T+587917459us][CH1-Dispenser] 06
[T+587917591us][CH2-Pc    ] 06
[T+588081458us][CH2-Pc    ] 01
[T+588087483us][CH1-Dispenser] 01 61
[T+588159483us][CH2-Pc    ] 02
[T+588167049us][CH1-Dispenser] 02 62
[T+588237459us][CH2-Pc    ] 03
[T+588244458us][CH1-Dispenser] 03 63
[T+588315458us][CH2-Pc    ] 04
[T+588324489us][CH1-Dispenser] 04 64
[T+588393592us][CH1-Dispenser] 05
[T+588393460us][CH2-Pc    ] 05
[T+588568594us][CH1-Dispenser] 06
[T+588568459us][CH2-Pc    ] 06
[T+588743458us][CH2-Pc    ] 01
[T+588752494us][CH1-Dispenser] 01 61
[T+588821484us][CH2-Pc    ] 02
[T+588826051us][CH1-Dispenser] 02 62
[T+588900483us][CH2-Pc    ] 03
[T+588910458us][CH1-Dispenser] 03 63
[T+588978458us][CH2-Pc    ] 04
[T+588983458us][CH1-Dispenser] 04 64
[T+589056459us][CH1-Dispenser] 05
[T+589056590us][CH2-Pc    ] 05
[T+589220465us][CH1-Dispenser] 06
[T+589220597us][CH2-Pc    ] 06
[T+589395458us][CH2-Pc    ] 01
[T+589400458us][CH1-Dispenser] 01 61
[T+589473458us][CH2-Pc    ] 02
[T+589482053us][CH1-Dispenser] 02 62
[T+589551458us][CH2-Pc    ] 03
[T+589560500us][CH1-Dispenser] 03 63
[T+589630458us][CH2-Pc    ] 04
[T+589634459us][CH1-Dispenser] 04 64
[T+589697460us][CH1-Dispenser] 05
[T+589697591us][CH2-Pc    ] 05
[T+589861593us][CH1-Dispenser] 06
[T+589861460us][CH2-Pc    ] 06
[T+590036459us][CH2-Pc    ] 01
[T+590043087us][CH1-Dispenser] 01 61
[T+590114482us][CH2-Pc    ] 02
[T+590122052us][CH1-Dispenser] 02 62
[T+590192458us][CH2-Pc    ] 03
[T+590201496us][CH1-Dispenser] 03 63
[T+590270484us][CH2-Pc    ] 04
[T+590281458us][CH1-Dispenser] 04 64
[T+590348460us][CH1-Dispenser] 05
[T+590348593us][CH2-Pc    ] 05
[T+590523592us][CH1-Dispenser] 06
[T+590523459us][CH2-Pc    ] 06
[T+590698459us][CH2-Pc    ] 01
[T+590707483us][CH1-Dispenser] 01 61
[T+590776483us][CH2-Pc    ] 02
[T+590780459us][CH1-Dispenser] 02 62
[T+590854458us][CH2-Pc    ] 03
[T+590859466us][CH1-Dispenser] 03 63
[T+590932458us][CH2-Pc    ] 04
[T+590938483us][CH1-Dispenser] 04 64
[T+591025591us][CH1-Dispenser] 05
[T+591025459us][CH2-Pc    ] 05
[T+591194460us][CH1-Dispenser] 06
[T+591194591us][CH2-Pc    ] 06
[T+591369458us][CH2-Pc    ] 01
[T+591378061us][CH1-Dispenser] 01 61
[T+591447458us][CH2-Pc    ] 02
[T+591451458us][CH1-Dispenser] 02 62
[T+591518458us][CH1-Dispenser] 03 63
[T+591514483us][CH2-Pc    ] 03
[T+591581483us][CH2-Pc    ] 04
[T+591589459us][CH1-Dispenser] 04 64
[T+591660595us][CH1-Dispenser] 05
[T+591660460us][CH2-Pc    ] 05
[T+591834594us][CH1-Dispenser] 06
[T+591834459us][CH2-Pc    ] 06
[T+592009458us][CH2-Pc    ] 01
[T+592017057us][CH1-Dispenser] 01 61
[T+592087459us][CH2-Pc    ] 02
[T+592096483us][CH1-Dispenser] 02 62
[T+592166458us][CH2-Pc    ] 03
[T+592175459us][CH1-Dispenser] 03 63
[T+592272458us][CH2-Pc    ] 04
[T+592280592us][CH1-Dispenser] 04 64
[T+592350460us][CH1-Dispenser] 05
[T+592350591us][CH2-Pc    ] 05
[T+592521459us][CH1-Dispenser] 06
[T+592521591us][CH2-Pc    ] 06
[T+592696458us][CH2-Pc    ] 01
[T+592701467us][CH1-Dispenser] 01 61
[T+592774458us][CH2-Pc    ] 02
[T+592784462us][CH1-Dispenser] 02 62
[T+592852458us][CH2-Pc    ] 03
[T+592861585us][CH1-Dispenser] 03 63
[T+592930591us][CH1-Dispenser] 04
[T+592930459us][CH2-Pc    ] 04
[T+592942483us][CH1-Dispenser] 64
[T+593012460us][CH1-Dispenser] 05
[T+593012593us][CH2-Pc    ] 05
[T+593198591us][CH1-Dispenser] 06
[T+593198459us][CH2-Pc    ] 06
[T+593365458us][CH2-Pc    ] 01
[T+593372459us][CH1-Dispenser] 01 61
[T+593443458us][CH2-Pc    ] 02
[T+593452060us][CH1-Dispenser] 02 62
[T+593521458us][CH2-Pc    ] 03
[T+593529466us][CH1-Dispenser] 03 63
[T+593599459us][CH2-Pc    ] 04
[T+593606133us][CH1-Dispenser] 04 64
[T+593677656us][CH1-Dispenser] 05
[T+593677523us][CH2-Pc    ] 05
[T+593852593us][CH1-Dispenser] 06
[T+593852459us][CH2-Pc    ] 06
[T+594027483us][CH2-Pc    ] 01
[T+594032088us][CH1-Dispenser] 01 61
[T+594094483us][CH2-Pc    ] 02
[T+594103485us][CH1-Dispenser] 02 62
[T+594172483us][CH2-Pc    ] 03
[T+594181062us][CH1-Dispenser] 03 63
[T+594251459us][CH2-Pc    ] 04
[T+594259458us][CH1-Dispenser] 04 64
[T+594329590us][CH1-Dispenser] 05
[T+594329459us][CH2-Pc    ] 05
[T+594504459us][CH1-Dispenser] 06
[T+594504592us][CH2-Pc    ] 06
[T+594679463us][CH2-Pc    ] 01
[T+594687458us][CH1-Dispenser] 01 61
[T+594757458us][CH2-Pc    ] 02
[T+594766499us][CH1-Dispenser] 02 62
[T+594835483us][CH2-Pc    ] 03
[T+594845458us][CH1-Dispenser] 03 63
[T+594914483us][CH2-Pc    ] 04
[T+594918459us][CH1-Dispenser] 04 64
[T+594992591us][CH1-Dispenser] 05
[T+594992459us][CH2-Pc    ] 05
[T+595166592us][CH1-Dispenser] 06
[T+595166459us][CH2-Pc    ] 06
[T+595330458us][CH2-Pc    ] 01
[T+595338458us][CH1-Dispenser] 01 61
[T+595409458us][CH2-Pc    ] 02
[T+595418049us][CH1-Dispenser] 02 62
[T+595487458us][CH2-Pc    ] 03
[T+595495466us][CH1-Dispenser] 03 63
[T+595565459us][CH2-Pc    ] 04
[T+595572122us][CH1-Dispenser] 04 64
[T+595643459us][CH1-Dispenser] 05
[T+595643590us][CH2-Pc    ] 05
[T+595819461us][CH1-Dispenser] 06
[T+595819595us][CH2-Pc    ] 06
[T+595994458us][CH2-Pc    ] 01
[T+596003087us][CH1-Dispenser] 01 61
[T+596072458us][CH2-Pc    ] 02
[T+596076458us][CH1-Dispenser] 02 62
[T+596139487us][CH2-Pc    ] 03
[T+596144458us][CH1-Dispenser] 03 63
[T+596217459us][CH2-Pc    ] 04
[T+596225469us][CH1-Dispenser] 04 64
[T+596295459us][CH1-Dispenser] 05
[T+596295590us][CH2-Pc    ] 05
[T+596470592us][CH1-Dispenser] 06
[T+596470459us][CH2-Pc    ] 06
[T+596645606us][CH2-Pc    ] 01
[T+596651499us][CH1-Dispenser] 01 61
[T+596723485us][CH2-Pc    ] 02
[T+596732485us][CH1-Dispenser] 02 62
[T+596801483us][CH2-Pc    ] 03
[T+596810499us][CH1-Dispenser] 03 63
[T+596879483us][CH2-Pc    ] 04
[T+596884458us][CH1-Dispenser] 04 64
[T+596957593us][CH1-Dispenser] 05
[T+596957462us][CH2-Pc    ] 05
[T+597135591us][CH1-Dispenser] 06
[T+597135460us][CH2-Pc    ] 06
[T+597302458us][CH2-Pc    ] 01
[T+597308083us][CH1-Dispenser] 01 61
[T+597380458us][CH2-Pc    ] 02
[T+597387094us][CH1-Dispenser] 02 62
[T+597458483us][CH2-Pc    ] 03
[T+597465459us][CH1-Dispenser] 03 63
[T+597536458us][CH2-Pc    ] 04
[T+597546458us][CH1-Dispenser] 04 64
[T+597615593us][CH1-Dispenser] 05
[T+597615459us][CH2-Pc    ] 05
[T+597790459us][CH1-Dispenser] 06
[T+597790593us][CH2-Pc    ] 06
[T+597965459us][CH2-Pc    ] 01
[T+597972538us][CH1-Dispenser] 01 61
[T+598043458us][CH2-Pc    ] 02
[T+598051458us][CH1-Dispenser] 02 62
[T+598121458us][CH2-Pc    ] 03
[T+598130459us][CH1-Dispenser] 03 63
[T+598200458us][CH2-Pc    ] 04
[T+598205458us][CH1-Dispenser] 04 64
[T+598278594us][CH1-Dispenser] 05
[T+598278459us][CH2-Pc    ] 05
[T+598463460us][CH1-Dispenser] 06
[T+598463591us][CH2-Pc    ] 06
[T+598627458us][CH2-Pc    ] 01
[T+598631458us][CH1-Dispenser] 01 61
[T+598695459us][CH2-Pc    ] 02
[T+598703692us][CH1-Dispenser] 02 62
[T+598773458us][CH2-Pc    ] 03
[T+598780530us][CH1-Dispenser] 03 63
[T+598851458us][CH2-Pc    ] 04
[T+598861458us][CH1-Dispenser] 04 64
[T+598929596us][CH1-Dispenser] 05
[T+598929461us][CH2-Pc    ] 05
[T+599104461us][CH1-Dispenser] 06
[T+599104593us][CH2-Pc    ] 06
[T+599268458us][CH2-Pc    ] 01
[T+599276459us][CH1-Dispenser] 01 61
[T+599346458us][CH2-Pc    ] 02
[T+599352499us][CH1-Dispenser] 02 62
[T+599424483us][CH2-Pc    ] 03
[T+599430486us][CH1-Dispenser] 03 63
[T+599502483us][CH2-Pc    ] 04
[T+599510466us][CH1-Dispenser] 04 64
[T+599581459us][CH1-Dispenser] 05
[T+599581596us][CH2-Pc    ] 05
[T+599755459us][CH1-Dispenser] 06
[T+599755594us][CH2-Pc    ] 06
[T+599930459us][CH2-Pc    ] 01
[T+599938458us][CH1-Dispenser] 01 61
[T+600008458us][CH2-Pc    ] 02
[T+600017483us][CH1-Dispenser] 02 62
[T+600086483us][CH2-Pc    ] 03
[T+600095483us][CH1-Dispenser] 03 63
[T+600164484us][CH2-Pc    ] 04
[T+600169458us][CH1-Dispenser] 04 64
[T+600243459us][CH1-Dispenser] 05
[T+600243591us][CH2-Pc    ] 05
[T+600417459us][CH1-Dispenser] 06
[T+600417590us][CH2-Pc    ] 06
[T+600581458us][CH2-Pc    ] 01
[T+600586458us][CH1-Dispenser] 01 61
[T+600660459us][CH2-Pc    ] 02
[T+600669483us][CH1-Dispenser] 02 62
[T+600738483us][CH2-Pc    ] 03
[T+600746459us][CH1-Dispenser] 03 63
[T+600816458us][CH2-Pc    ] 04
[T+600827458us][CH1-Dispenser] 04 64
[T+600894459us][CH1-Dispenser] 05
[T+600894592us][CH2-Pc    ] 05
[T+601069595us][CH1-Dispenser] 06
[T+601069459us][CH2-Pc    ] 06
[T+601243483us][CH2-Pc    ] 01
[T+601252043us][CH1-Dispenser] 01 61
[T+601322459us][CH2-Pc    ] 02
[T+601327459us][CH1-Dispenser] 02 62
[T+601400458us][CH2-Pc    ] 03
[T+601406057us][CH1-Dispenser] 03 63
[T+601478458us][CH2-Pc    ] 04
[T+601487459us][CH1-Dispenser] 04 64
[T+601556459us][CH1-Dispenser] 05
[T+601556591us][CH2-Pc    ] 05
[T+601720592us][CH1-Dispenser] 06
[T+601720461us][CH2-Pc    ] 06
[T+601897483us][CH2-Pc    ] 01
[T+601901458us][CH1-Dispenser] 01 61
[T+601975458us][CH2-Pc    ] 02
[T+601983459us][CH1-Dispenser] 02 62
[T+602053458us][CH2-Pc    ] 03
[T+602060125us][CH1-Dispenser] 03 63
[T+602131483us][CH2-Pc    ] 04
[T+602140499us][CH1-Dispenser] 04 64
[T+602209458us][CH1-Dispenser] 05
[T+602210460us][CH2-Pc    ] 05
[T+602384460us][CH1-Dispenser] 06
[T+602384595us][CH2-Pc    ] 06
[T+602548458us][CH2-Pc    ] 01
[T+602557499us][CH1-Dispenser] 01 61
[T+602626483us][CH2-Pc    ] 02
[T+602631458us][CH1-Dispenser] 02 62
[T+602704459us][CH2-Pc    ] 03
[T+602711090us][CH1-Dispenser] 03 63
[T+602783458us][CH2-Pc    ] 04
[T+602791458us][CH1-Dispenser] 04 64
[T+602861593us][CH1-Dispenser] 05
[T+602861459us][CH2-Pc    ] 05
[T+603035460us][CH1-Dispenser] 06
[T+603035592us][CH2-Pc    ] 06
[T+603210458us][CH2-Pc    ] 01
[T+603217458us][CH1-Dispenser] 01 61
[T+603288458us][CH2-Pc    ] 02
[T+603298458us][CH1-Dispenser] 02 62
[T+603367484us][CH2-Pc    ] 03
[T+603378459us][CH1-Dispenser] 03 63
[T+603445458us][CH2-Pc    ] 04
[T+603451041us][CH1-Dispenser] 04 64
[T+603523593us][CH1-Dispenser] 05
[T+603523460us][CH2-Pc    ] 05
[T+603698459us][CH1-Dispenser] 06
[T+603697459us][CH2-Pc    ] 06
[T+603862458us][CH2-Pc    ] 01
[T+603868054us][CH1-Dispenser] 01 61
[T+603940458us][CH2-Pc    ] 02
[T+603949459us][CH1-Dispenser] 02 62
[T+604018483us][CH2-Pc    ] 03
[T+604025459us][CH1-Dispenser] 03 63
[T+604096458us][CH2-Pc    ] 04
[T+604104466us][CH1-Dispenser] 04 64
[T+604174591us][CH1-Dispenser] 05
[T+604174459us][CH2-Pc    ] 05
[T+604349594us][CH1-Dispenser] 06
[T+604349461us][CH2-Pc    ] 06
[T+604524458us][CH2-Pc    ] 01
[T+604532466us][CH1-Dispenser] 01 61
[T+604602459us][CH2-Pc    ] 02
[T+604609045us][CH1-Dispenser] 02 62
[T+604680484us][CH2-Pc    ] 03
[T+604686026us][CH1-Dispenser] 03 63
[T+604747458us][CH2-Pc    ] 04
[T+604755458us][CH1-Dispenser] 04 64
[T+604825590us][CH1-Dispenser] 05
[T+604825459us][CH2-Pc    ] 05
[T+605011589us][CH1-Dispenser] 06
[T+605011459us][CH2-Pc    ] 06
[T+605175458us][CH2-Pc    ] 01
[T+605183464us][CH1-Dispenser] 01 61
[T+605253458us][CH2-Pc    ] 02
[T+605264458us][CH1-Dispenser] 02 62
[T+605331458us][CH2-Pc    ] 03
[T+605340499us][CH1-Dispenser] 03 63
[T+605409484us][CH2-Pc    ] 04
[T+605414458us][CH1-Dispenser] 04 64
[T+605488460us][CH1-Dispenser] 05
[T+605488592us][CH2-Pc    ] 05
[T+605662462us][CH1-Dispenser] 06
[T+605662599us][CH2-Pc    ] 06
[T+605837459us][CH2-Pc    ] 01
[T+605842459us][CH1-Dispenser] 01 61
[T+605915458us][CH2-Pc    ] 02
[T+605925459us][CH1-Dispenser] 02 62
[T+605993458us][CH2-Pc    ] 03
[T+606000458us][CH1-Dispenser] 03 63
[T+606071458us][CH2-Pc    ] 04
[T+606081584us][CH1-Dispenser] 04 64
[T+606150459us][CH1-Dispenser] 05
[T+606150590us][CH2-Pc    ] 05
[T+606314459us][CH1-Dispenser] 06
[T+606314593us][CH2-Pc    ] 06
[T+606489594us][CH1-Dispenser] 01
[T+606489460us][CH2-Pc    ] 01
[T+606503458us][CH1-Dispenser] 61
[T+606568459us][CH2-Pc    ] 02
[T+606572458us][CH1-Dispenser] 02 62
[T+606635483us][CH2-Pc    ] 03
[T+606642069us][CH1-Dispenser] 03 63
[T+606713484us][CH2-Pc    ] 04
[T+606721458us][CH1-Dispenser] 04 64
[T+606791459us][CH1-Dispenser] 05
[T+606791590us][CH2-Pc    ] 05
[T+606955459us][CH1-Dispenser] 06
[T+606955592us][CH2-Pc    ] 06
[T+607132483us][CH2-Pc    ] 01
[T+607138499us][CH1-Dispenser] 01 61
[T+607210483us][CH2-Pc    ] 02
[T+607217459us][CH1-Dispenser] 02 62
[T+607288458us][CH2-Pc    ] 03
[T+607296020us][CH1-Dispenser] 03 63
[T+607367483us][CH2-Pc    ] 04
[T+607375458us][CH1-Dispenser] 04 64
[T+607445458us][CH1-Dispenser] 05
[T+607444458us][CH2-Pc    ] 05
[T+607618590us][CH1-Dispenser] 06
[T+607618459us][CH2-Pc    ] 06
[T+607782459us][CH2-Pc    ] 01
[T+607789094us][CH1-Dispenser] 01 61
[T+607861458us][CH2-Pc    ] 02
[T+607868459us][CH1-Dispenser] 02 62
[T+607939458us][CH2-Pc    ] 03
[T+607946459us][CH1-Dispenser] 03 63
[T+608017459us][CH2-Pc    ] 04
[T+608025466us][CH1-Dispenser] 04 64
[T+608095593us][CH1-Dispenser] 05
[T+608095459us][CH2-Pc    ] 05
[T+608270591us][CH1-Dispenser] 06
[T+608270459us][CH2-Pc    ] 06
[T+608445459us][CH2-Pc    ] 01
[T+608453459us][CH1-Dispenser] 01 61
[T+608523458us][CH2-Pc    ] 02
[T+608531458us][CH1-Dispenser] 02 62
[T+608601458us][CH2-Pc    ] 03
[T+608606030us][CH1-Dispenser] 03 63
[T+608679459us][CH2-Pc    ] 04
[T+608685483us][CH1-Dispenser] 04 64
[T+608757459us][CH1-Dispenser] 05
[T+608757590us][CH2-Pc    ] 05
[T+608932460us][CH1-Dispenser] 06
[T+608932591us][CH2-Pc    ] 06
[T+609097483us][CH2-Pc    ] 01
[T+609104096us][CH1-Dispenser] 01 61
[T+609175483us][CH2-Pc    ] 02
[T+609185459us][CH1-Dispenser] 02 62
[T+609253458us][CH2-Pc    ] 03
[T+609261464us][CH1-Dispenser] 03 63
[T+609331458us][CH2-Pc    ] 04
[T+609343021us][CH1-Dispenser] 04 64
[T+609409594us][CH1-Dispenser] 05
[T+609409460us][CH2-Pc    ] 05
[T+609584459us][CH1-Dispenser] 06
[T+609584592us][CH2-Pc    ] 06
[T+609759459us][CH2-Pc    ] 01
[T+609768495us][CH1-Dispenser] 01 61
[T+609837483us][CH2-Pc    ] 02
[T+609843016us][CH1-Dispenser] 02 62
[T+609915458us][CH2-Pc    ] 03
[T+609921847us][CH1-Dispenser] 03 63
[T+609993484us][CH2-Pc    ] 04
[T+610000459us][CH1-Dispenser] 04 64
[T+610071459us][CH1-Dispenser] 05
[T+610071590us][CH2-Pc    ] 05
[T+610235594us][CH1-Dispenser] 06
[T+610235461us][CH2-Pc    ] 06
[T+610410458us][CH2-Pc    ] 01
[T+610417459us][CH1-Dispenser] 01 61
[T+610488592us][CH1-Dispenser] 02
[T+610488460us][CH2-Pc    ] 02
[T+610502459us][CH1-Dispenser] 62
[T+610567458us][CH2-Pc    ] 03
[T+610577459us][CH1-Dispenser] 03 63
[T+610645592us][CH2-Pc    ] 04
[T+610650459us][CH1-Dispenser] 04 64
[T+610723594us][CH1-Dispenser] 05
[T+610723460us][CH2-Pc    ] 05
[T+610898459us][CH1-Dispenser] 06
[T+610898593us][CH2-Pc    ] 06
[T+611069458us][CH2-Pc    ] 01
[T+611078499us][CH1-Dispenser] 01 61
[T+611148459us][CH2-Pc    ] 02
[T+611152458us][CH1-Dispenser] 02 62
[T+611227483us][CH2-Pc    ] 03
[T+611236484us][CH1-Dispenser] 03 63
[T+611306269us][CH2-Pc    ] 04
[T+611311498us][CH1-Dispenser] 04 64
[T+611383592us][CH1-Dispenser] 05
[T+611383459us][CH2-Pc    ] 05
[T+611558832us][CH1-Dispenser] 06
[T+611558506us][CH2-Pc    ] 06
[T+611722608us][CH2-Pc    ] 01
[T+611728489us][CH1-Dispenser] 01 61
[T+611800679us][CH2-Pc    ] 02
[T+611809466us][CH1-Dispenser] 02 62
[T+611880458us][CH2-Pc    ] 03
[T+611885458us][CH1-Dispenser] 03 63
[T+611959578us][CH2-Pc    ] 04
[T+611968586us][CH1-Dispenser] 04 64
[T+612036591us][CH1-Dispenser] 05
[T+612036459us][CH2-Pc    ] 05
[T+612211460us][CH1-Dispenser] 06
[T+612211592us][CH2-Pc    ] 06
[T+612386458us][CH2-Pc    ] 01
[T+612392483us][CH1-Dispenser] 01 61
[T+612475459us][CH2-Pc    ] 02
[T+612482458us][CH1-Dispenser] 02 62
[T+612553458us][CH2-Pc    ] 03
[T+612561465us][CH1-Dispenser] 03 63
[T+612631458us][CH2-Pc    ] 04
[T+612638465us][CH1-Dispenser] 04 64
[T+612709459us][CH1-Dispenser] 05
[T+612709590us][CH2-Pc    ] 05
[T+612884590us][CH1-Dispenser] 06
[T+612884459us][CH2-Pc    ] 06
[T+613048458us][CH2-Pc    ] 01
[T+613053458us][CH1-Dispenser] 01 61
[T+613126458us][CH2-Pc    ] 02
[T+613132483us][CH1-Dispenser] 02 62
[T+613204483us][CH2-Pc    ] 03
[T+613211458us][CH1-Dispenser] 03 63
[T+613282458us][CH2-Pc    ] 04
[T+613290465us][CH1-Dispenser] 04 64
[T+613360590us][CH1-Dispenser] 05
[T+613360459us][CH2-Pc    ] 05
[T+613535595us][CH1-Dispenser] 06
[T+613535460us][CH2-Pc    ] 06
[T+613710458us][CH2-Pc    ] 01
[T+613719099us][CH1-Dispenser] 01 61
[T+613788458us][CH2-Pc    ] 02
[T+613792458us][CH1-Dispenser] 02 62
[T+613856484us][CH2-Pc    ] 03
[T+613864094us][CH1-Dispenser] 03 63
[T+613934459us][CH2-Pc    ] 04
[T+613941458us][CH1-Dispenser] 04 64
[T+614012460us][CH1-Dispenser] 05
[T+614012593us][CH2-Pc    ] 05
[T+614197591us][CH1-Dispenser] 06
[T+614197459us][CH2-Pc    ] 06
[T+614361458us][CH2-Pc    ] 01
[T+614369463us][CH1-Dispenser] 01 61
[T+614439458us][CH2-Pc    ] 02
[T+614450458us][CH1-Dispenser] 02 62
[T+614518458us][CH2-Pc    ] 03
[T+614526467us][CH1-Dispenser] 03 63
[T+614596459us][CH2-Pc    ] 04
[T+614600458us][CH1-Dispenser] 04 64
[T+614663459us][CH1-Dispenser] 05
[T+614663590us][CH2-Pc    ] 05
[T+614838460us][CH1-Dispenser] 06
[T+614838591us][CH2-Pc    ] 06
[T+615004278us][CH2-Pc    ] 01
[T+615010665us][CH1-Dispenser] 01 61
[T+615080484us][CH2-Pc    ] 02
[T+615088098us][CH1-Dispenser] 02 62
[T+615158459us][CH2-Pc    ] 03
[T+615166936us][CH1-Dispenser] 03 63
[T+615236458us][CH2-Pc    ] 04
[T+615242466us][CH1-Dispenser] 04 64
[T+615314590us][CH1-Dispenser] 05
[T+615314459us][CH2-Pc    ] 05
[T+615489591us][CH1-Dispenser] 06
[T+615489461us][CH2-Pc    ] 06
[T+615664458us][CH2-Pc    ] 01
[T+615673499us][CH1-Dispenser] 01 61
[T+615742483us][CH2-Pc    ] 02
[T+615747458us][CH1-Dispenser] 02 62
[T+615820458us][CH2-Pc    ] 03
[T+615828090us][CH1-Dispenser] 03 63
[T+615898459us][CH2-Pc    ] 04
[T+615907459us][CH1-Dispenser] 04 64
[T+615980460us][CH1-Dispenser] 05
[T+615980591us][CH2-Pc    ] 05
[T+616144459us][CH1-Dispenser] 06
[T+616144590us][CH2-Pc    ] 06
[T+616318483us][CH2-Pc    ] 01
[T+616323458us][CH1-Dispenser] 01 61
[T+616397459us][CH2-Pc    ] 02
[T+616404134us][CH1-Dispenser] 02 62
[T+616475483us][CH2-Pc    ] 03
[T+616481500us][CH1-Dispenser] 03 63
[T+616553483us][CH2-Pc    ] 04
[T+616560458us][CH1-Dispenser] 04 64
[T+616631459us][CH1-Dispenser] 05
[T+616631590us][CH2-Pc    ] 05
[T+616806460us][CH1-Dispenser] 06
[T+616806593us][CH2-Pc    ] 06
[T+616970458us][CH2-Pc    ] 01
[T+616979492us][CH1-Dispenser] 01 61
[T+617056458us][CH2-Pc    ] 02
[T+617064465us][CH1-Dispenser] 02 62
[T+617134458us][CH2-Pc    ] 03
[T+617141458us][CH1-Dispenser] 03 63
[T+617212458us][CH2-Pc    ] 04
[T+617222459us][CH1-Dispenser] 04 64
[T+617291593us][CH1-Dispenser] 05
[T+617291461us][CH2-Pc    ] 05
[T+617455460us][CH1-Dispenser] 06
[T+617455590us][CH2-Pc    ] 06
[T+617630459us][CH2-Pc    ] 01
[T+617640497us][CH1-Dispenser] 01 61
[T+617708459us][CH2-Pc    ] 02
[T+617716464us][CH1-Dispenser] 02 62
[T+617786458us][CH2-Pc    ] 03
[T+617792084us][CH1-Dispenser] 03 63
[T+617864458us][CH2-Pc    ] 04
[T+617871458us][CH1-Dispenser] 04 64
[T+617943588us][CH1-Dispenser] 05
[T+617943459us][CH2-Pc    ] 05
[T+618117460us][CH1-Dispenser] 06
[T+618117593us][CH2-Pc    ] 06
[T+618292458us][CH2-Pc    ] 01
[T+618298483us][CH1-Dispenser] 01 61
[T+618370483us][CH2-Pc    ] 02
[T+618379566us][CH1-Dispenser] 02 62
[T+618448483us][CH2-Pc    ] 03
[T+618456752us][CH1-Dispenser] 03 63
[T+618526458us][CH2-Pc    ] 04
[T+618531056us][CH1-Dispenser] 04 64
[T+618594590us][CH1-Dispenser] 05
[T+618594459us][CH2-Pc    ] 05
[T+618768593us][CH1-Dispenser] 06
[T+618768459us][CH2-Pc    ] 06
[T+618943458us][CH2-Pc    ] 01
[T+618949483us][CH1-Dispenser] 01 61
[T+619021483us][CH2-Pc    ] 02
[T+619029080us][CH1-Dispenser] 02 62
[T+619100483us][CH2-Pc    ] 03
[T+619108012us][CH1-Dispenser] 03 63
[T+619178549us][CH2-Pc    ] 04
[T+619188458us][CH1-Dispenser] 04 64
[T+619256459us][CH1-Dispenser] 05
[T+619256593us][CH2-Pc    ] 05
[T+619431597us][CH1-Dispenser] 06
[T+619431459us][CH2-Pc    ] 06
[T+619595458us][CH2-Pc    ] 01
[T+619606218us][CH1-Dispenser] 01 61
[T+619673458us][CH2-Pc    ] 02
[T+619678535us][CH1-Dispenser] 02 62
[T+619741483us][CH2-Pc    ] 03
[T+619746459us][CH1-Dispenser] 03 63
[T+619819458us][CH2-Pc    ] 04
[T+619825499us][CH1-Dispenser] 04 64
[T+619897460us][CH1-Dispenser] 05
[T+619897592us][CH2-Pc    ] 05
[T+620072461us][CH1-Dispenser] 06
[T+620072592us][CH2-Pc    ] 06
[T+620236458us][CH2-Pc    ] 01
[T+620243459us][CH1-Dispenser] 01 61
[T+620314458us][CH2-Pc    ] 02
[T+620324964us][CH1-Dispenser] 02 62
[T+620392458us][CH2-Pc    ] 03
[T+620400466us][CH1-Dispenser] 03 63
[T+620471458us][CH2-Pc    ] 04
[T+620477079us][CH1-Dispenser] 04 64
[T+620549459us][CH1-Dispenser] 05
[T+620549590us][CH2-Pc    ] 05
[T+620724461us][CH1-Dispenser] 06
[T+620724593us][CH2-Pc    ] 06
[T+620898483us][CH2-Pc    ] 01
[T+620904499us][CH1-Dispenser] 01 61
[T+620976483us][CH2-Pc    ] 02
[T+620983458us][CH1-Dispenser] 02 62
[T+621055483us][CH2-Pc    ] 03
[T+621063055us][CH1-Dispenser] 03 63
[T+621133459us][CH2-Pc    ] 04
[T+621141969us][CH1-Dispenser] 04 64
[T+621211459us][CH1-Dispenser] 05
[T+621211592us][CH2-Pc    ] 05
[T+621386460us][CH1-Dispenser] 06
[T+621386591us][CH2-Pc    ] 06
[T+621550459us][CH2-Pc    ] 01
[T+621560459us][CH1-Dispenser] 01 61
[T+621628458us][CH2-Pc    ] 02
[T+621634499us][CH1-Dispenser] 02 62
[T+621706484us][CH2-Pc    ] 03
[T+621711030us][CH1-Dispenser] 03 63
[T+621773483us][CH2-Pc    ] 04
[T+621780459us][CH1-Dispenser] 04 64
[T+621852459us][CH1-Dispenser] 05
[T+621852593us][CH2-Pc    ] 05
[T+622019460us][CH1-Dispenser] 06
[T+622019594us][CH2-Pc    ] 06
[T+622194458us][CH2-Pc    ] 01
[T+622203483us][CH1-Dispenser] 01 61
[T+622272483us][CH2-Pc    ] 02
[T+622279459us][CH1-Dispenser] 02 62
[T+622351485us][CH2-Pc    ] 03
[T+622355458us][CH1-Dispenser] 03 63
[T+622429458us][CH2-Pc    ] 04
[T+622437022us][CH1-Dispenser] 04 64
[T+622507593us][CH1-Dispenser] 05
[T+622507461us][CH2-Pc    ] 05
[T+622682459us][CH1-Dispenser] 06
[T+622682591us][CH2-Pc    ] 06
[T+622852458us][CH2-Pc    ] 01
[T+622860055us][CH1-Dispenser] 01 61
[T+622931483us][CH2-Pc    ] 02
[T+622940483us][CH1-Dispenser] 02 62
[T+623012484us][CH2-Pc    ] 03
[T+623022459us][CH1-Dispenser] 03 63
[T+623090458us][CH2-Pc    ] 04
[T+623096499us][CH1-Dispenser] 04 64
[T+623168606us][CH1-Dispenser] 05
[T+623168467us][CH2-Pc    ] 05
[T+623353591us][CH1-Dispenser] 06
[T+623353459us][CH2-Pc    ] 06
[T+623517458us][CH2-Pc    ] 01
[T+623526927us][CH1-Dispenser] 01 61
[T+623596458us][CH2-Pc    ] 02
[T+623605499us][CH1-Dispenser] 02 62
[T+623674483us][CH2-Pc    ] 03
[T+623682458us][CH1-Dispenser] 03 63
[T+623752458us][CH2-Pc    ] 04
[T+623758052us][CH1-Dispenser] 04 64
[T+623830593us][CH1-Dispenser] 05
[T+623830459us][CH2-Pc    ] 05
[T+624005459us][CH1-Dispenser] 06
[T+624005592us][CH2-Pc    ] 06
[T+624180458us][CH2-Pc    ] 01
[T+624189499us][CH1-Dispenser] 01 61
[T+624258483us][CH2-Pc    ] 02
[T+624262458us][CH1-Dispenser] 02 62
[T+624336459us][CH2-Pc    ] 03
[T+624343458us][CH1-Dispenser] 03 63
[T+624414458us][CH2-Pc    ] 04
[T+624424459us][CH1-Dispenser] 04 64
[T+624492592us][CH1-Dispenser] 05
[T+624492460us][CH2-Pc    ] 05
[T+624667459us][CH1-Dispenser] 06
[T+624667593us][CH2-Pc    ] 06